INFO - 2022-01-07 00:00:50 --> Session: Class initialized using 'CodeIgniter\Session\Handlers\FileHandler' driver.
WARNING - 2022-01-07 00:00:50 --> Session: Sessions is enabled, and one exists.Please don't $session->start();
INFO - 2022-01-07 00:01:35 --> Session: Class initialized using 'CodeIgniter\Session\Handlers\FileHandler' driver.
INFO - 2022-01-07 07:46:59 --> Session: Class initialized using 'CodeIgniter\Session\Handlers\FileHandler' driver.
WARNING - 2022-01-07 07:46:59 --> Session: Sessions is enabled, and one exists.Please don't $session->start();
INFO - 2022-01-07 07:53:03 --> Session: Class initialized using 'CodeIgniter\Session\Handlers\FileHandler' driver.
WARNING - 2022-01-07 07:53:03 --> Session: Sessions is enabled, and one exists.Please don't $session->start();
INFO - 2022-01-07 07:53:11 --> Session: Class initialized using 'CodeIgniter\Session\Handlers\FileHandler' driver.
WARNING - 2022-01-07 07:53:11 --> Session: Sessions is enabled, and one exists.Please don't $session->start();
INFO - 2022-01-07 07:53:31 --> Session: Class initialized using 'CodeIgniter\Session\Handlers\FileHandler' driver.
WARNING - 2022-01-07 07:53:31 --> Session: Sessions is enabled, and one exists.Please don't $session->start();
INFO - 2022-01-07 07:53:35 --> Session: Class initialized using 'CodeIgniter\Session\Handlers\FileHandler' driver.
WARNING - 2022-01-07 07:53:35 --> Session: Sessions is enabled, and one exists.Please don't $session->start();
INFO - 2022-01-07 07:53:45 --> Session: Class initialized using 'CodeIgniter\Session\Handlers\FileHandler' driver.
WARNING - 2022-01-07 07:53:45 --> Session: Sessions is enabled, and one exists.Please don't $session->start();
INFO - 2022-01-07 08:06:53 --> Session: Class initialized using 'CodeIgniter\Session\Handlers\FileHandler' driver.
WARNING - 2022-01-07 08:06:53 --> Session: Sessions is enabled, and one exists.Please don't $session->start();
INFO - 2022-01-07 08:08:19 --> Session: Class initialized using 'CodeIgniter\Session\Handlers\FileHandler' driver.
WARNING - 2022-01-07 08:08:19 --> Session: Sessions is enabled, and one exists.Please don't $session->start();
CRITICAL - 2022-01-07 08:08:19 --> Call to undefined method CodeIgniter\Database\MySQLi\Builder::paginate()
#0 /var/www/html/mymisdiagnosis/app/Controllers/Record.php(58): App\Models\RecordModel->getAllPosts('default', 'asc')
#1 /var/www/html/mymisdiagnosis/system/CodeIgniter.php(936): App\Controllers\Record->index('$1')
#2 /var/www/html/mymisdiagnosis/system/CodeIgniter.php(432): CodeIgniter\CodeIgniter->runController(Object(App\Controllers\Record))
#3 /var/www/html/mymisdiagnosis/system/CodeIgniter.php(333): CodeIgniter\CodeIgniter->handleRequest(NULL, Object(Config\Cache), false)
#4 /var/www/html/mymisdiagnosis/index.php(44): CodeIgniter\CodeIgniter->run()
#5 {main}
INFO - 2022-01-07 08:11:23 --> Session: Class initialized using 'CodeIgniter\Session\Handlers\FileHandler' driver.
WARNING - 2022-01-07 08:11:23 --> Session: Sessions is enabled, and one exists.Please don't $session->start();
CRITICAL - 2022-01-07 08:11:23 --> syntax error, unexpected '$post_ids' (T_VARIABLE)
#0 /var/www/html/mymisdiagnosis/system/Autoloader/Autoloader.php(265): CodeIgniter\Autoloader\Autoloader->includeFile('/var/www/html/m...')
#1 /var/www/html/mymisdiagnosis/system/Autoloader/Autoloader.php(228): CodeIgniter\Autoloader\Autoloader->loadInNamespace('App\\Models\\Reco...')
#2 [internal function]: CodeIgniter\Autoloader\Autoloader->loadClass('App\\Models\\Reco...')
#3 /var/www/html/mymisdiagnosis/app/Controllers/Record.php(57): spl_autoload_call('App\\Models\\Reco...')
#4 /var/www/html/mymisdiagnosis/system/CodeIgniter.php(936): App\Controllers\Record->index('$1')
#5 /var/www/html/mymisdiagnosis/system/CodeIgniter.php(432): CodeIgniter\CodeIgniter->runController(Object(App\Controllers\Record))
#6 /var/www/html/mymisdiagnosis/system/CodeIgniter.php(333): CodeIgniter\CodeIgniter->handleRequest(NULL, Object(Config\Cache), false)
#7 /var/www/html/mymisdiagnosis/index.php(44): CodeIgniter\CodeIgniter->run()
#8 {main}
INFO - 2022-01-07 08:11:44 --> Session: Class initialized using 'CodeIgniter\Session\Handlers\FileHandler' driver.
WARNING - 2022-01-07 08:11:44 --> Session: Sessions is enabled, and one exists.Please don't $session->start();
CRITICAL - 2022-01-07 08:11:44 --> Call to undefined method CodeIgniter\Database\MySQLi\Builder::paginate()
#0 /var/www/html/mymisdiagnosis/app/Controllers/Record.php(58): App\Models\RecordModel->getAllPosts('default', 'asc')
#1 /var/www/html/mymisdiagnosis/system/CodeIgniter.php(936): App\Controllers\Record->index('$1')
#2 /var/www/html/mymisdiagnosis/system/CodeIgniter.php(432): CodeIgniter\CodeIgniter->runController(Object(App\Controllers\Record))
#3 /var/www/html/mymisdiagnosis/system/CodeIgniter.php(333): CodeIgniter\CodeIgniter->handleRequest(NULL, Object(Config\Cache), false)
#4 /var/www/html/mymisdiagnosis/index.php(44): CodeIgniter\CodeIgniter->run()
#5 {main}
INFO - 2022-01-07 08:14:24 --> Session: Class initialized using 'CodeIgniter\Session\Handlers\FileHandler' driver.
WARNING - 2022-01-07 08:14:24 --> Session: Sessions is enabled, and one exists.Please don't $session->start();
INFO - 2022-01-07 08:15:27 --> Session: Class initialized using 'CodeIgniter\Session\Handlers\FileHandler' driver.
WARNING - 2022-01-07 08:15:27 --> Session: Sessions is enabled, and one exists.Please don't $session->start();
CRITICAL - 2022-01-07 08:15:27 --> Undefined variable: page
#0 /var/www/html/mymisdiagnosis/app/Controllers/Record.php(58): CodeIgniter\Debug\Exceptions->errorHandler(8, 'Undefined varia...', '/var/www/html/m...', 58, Array)
#1 /var/www/html/mymisdiagnosis/system/CodeIgniter.php(936): App\Controllers\Record->index('$1')
#2 /var/www/html/mymisdiagnosis/system/CodeIgniter.php(432): CodeIgniter\CodeIgniter->runController(Object(App\Controllers\Record))
#3 /var/www/html/mymisdiagnosis/system/CodeIgniter.php(333): CodeIgniter\CodeIgniter->handleRequest(NULL, Object(Config\Cache), false)
#4 /var/www/html/mymisdiagnosis/index.php(44): CodeIgniter\CodeIgniter->run()
#5 {main}
INFO - 2022-01-07 08:15:56 --> Session: Class initialized using 'CodeIgniter\Session\Handlers\FileHandler' driver.
WARNING - 2022-01-07 08:15:56 --> Session: Sessions is enabled, and one exists.Please don't $session->start();
CRITICAL - 2022-01-07 08:15:56 --> You must set the database table to be used with your query.
#0 /var/www/html/mymisdiagnosis/system/Model.php(615): CodeIgniter\Database\BaseConnection->table(NULL)
#1 /var/www/html/mymisdiagnosis/system/Model.php(570): CodeIgniter\Model->builder()
#2 /var/www/html/mymisdiagnosis/system/BaseModel.php(1140): CodeIgniter\Model->countAllResults(false)
#3 /var/www/html/mymisdiagnosis/app/Controllers/Record.php(58): CodeIgniter\BaseModel->paginate(5)
#4 /var/www/html/mymisdiagnosis/system/CodeIgniter.php(936): App\Controllers\Record->index('$1')
#5 /var/www/html/mymisdiagnosis/system/CodeIgniter.php(432): CodeIgniter\CodeIgniter->runController(Object(App\Controllers\Record))
#6 /var/www/html/mymisdiagnosis/system/CodeIgniter.php(333): CodeIgniter\CodeIgniter->handleRequest(NULL, Object(Config\Cache), false)
#7 /var/www/html/mymisdiagnosis/index.php(44): CodeIgniter\CodeIgniter->run()
#8 {main}
INFO - 2022-01-07 08:16:18 --> Session: Class initialized using 'CodeIgniter\Session\Handlers\FileHandler' driver.
WARNING - 2022-01-07 08:16:18 --> Session: Sessions is enabled, and one exists.Please don't $session->start();
CRITICAL - 2022-01-07 08:16:18 --> Call to a member function paginate() on array
#0 /var/www/html/mymisdiagnosis/system/CodeIgniter.php(936): App\Controllers\Record->index('$1')
#1 /var/www/html/mymisdiagnosis/system/CodeIgniter.php(432): CodeIgniter\CodeIgniter->runController(Object(App\Controllers\Record))
#2 /var/www/html/mymisdiagnosis/system/CodeIgniter.php(333): CodeIgniter\CodeIgniter->handleRequest(NULL, Object(Config\Cache), false)
#3 /var/www/html/mymisdiagnosis/index.php(44): CodeIgniter\CodeIgniter->run()
#4 {main}
INFO - 2022-01-07 08:18:48 --> Session: Class initialized using 'CodeIgniter\Session\Handlers\FileHandler' driver.
WARNING - 2022-01-07 08:18:48 --> Session: Sessions is enabled, and one exists.Please don't $session->start();
INFO - 2022-01-07 08:23:47 --> Session: Class initialized using 'CodeIgniter\Session\Handlers\FileHandler' driver.
WARNING - 2022-01-07 08:23:47 --> Session: Sessions is enabled, and one exists.Please don't $session->start();
CRITICAL - 2022-01-07 08:23:47 --> Call to a member function paginate() on array
#0 /var/www/html/mymisdiagnosis/system/CodeIgniter.php(936): App\Controllers\Record->index('$1')
#1 /var/www/html/mymisdiagnosis/system/CodeIgniter.php(432): CodeIgniter\CodeIgniter->runController(Object(App\Controllers\Record))
#2 /var/www/html/mymisdiagnosis/system/CodeIgniter.php(333): CodeIgniter\CodeIgniter->handleRequest(NULL, Object(Config\Cache), false)
#3 /var/www/html/mymisdiagnosis/index.php(44): CodeIgniter\CodeIgniter->run()
#4 {main}
INFO - 2022-01-07 08:24:29 --> Session: Class initialized using 'CodeIgniter\Session\Handlers\FileHandler' driver.
WARNING - 2022-01-07 08:24:29 --> Session: Sessions is enabled, and one exists.Please don't $session->start();
CRITICAL - 2022-01-07 08:24:29 --> Undefined variable: posts
#0 /var/www/html/mymisdiagnosis/app/Views/record_list.php(10): CodeIgniter\Debug\Exceptions->errorHandler(8, 'Undefined varia...', '/var/www/html/m...', 10, Array)
#1 /var/www/html/mymisdiagnosis/system/View/View.php(220): include('/var/www/html/m...')
#2 /var/www/html/mymisdiagnosis/system/View/View.php(222): CodeIgniter\View\View->CodeIgniter\View\{closure}()
#3 /var/www/html/mymisdiagnosis/system/Common.php(1217): CodeIgniter\View\View->render('record_list', Array, true)
#4 /var/www/html/mymisdiagnosis/app/Controllers/Record.php(72): view('record_list', Array)
#5 /var/www/html/mymisdiagnosis/system/CodeIgniter.php(936): App\Controllers\Record->index('$1')
#6 /var/www/html/mymisdiagnosis/system/CodeIgniter.php(432): CodeIgniter\CodeIgniter->runController(Object(App\Controllers\Record))
#7 /var/www/html/mymisdiagnosis/system/CodeIgniter.php(333): CodeIgniter\CodeIgniter->handleRequest(NULL, Object(Config\Cache), false)
#8 /var/www/html/mymisdiagnosis/index.php(44): CodeIgniter\CodeIgniter->run()
#9 {main}
INFO - 2022-01-07 08:24:43 --> Session: Class initialized using 'CodeIgniter\Session\Handlers\FileHandler' driver.
WARNING - 2022-01-07 08:24:43 --> Session: Sessions is enabled, and one exists.Please don't $session->start();
INFO - 2022-01-07 13:16:45 --> Session: Class initialized using 'CodeIgniter\Session\Handlers\FileHandler' driver.
WARNING - 2022-01-07 13:16:45 --> Session: Sessions is enabled, and one exists.Please don't $session->start();
CRITICAL - 2022-01-07 13:16:45 --> Undefined variable: model
#0 /var/www/html/mymisdiagnosis/app/Controllers/Record.php(58): CodeIgniter\Debug\Exceptions->errorHandler(8, 'Undefined varia...', '/var/www/html/m...', 58, Array)
#1 /var/www/html/mymisdiagnosis/system/CodeIgniter.php(936): App\Controllers\Record->index('$1')
#2 /var/www/html/mymisdiagnosis/system/CodeIgniter.php(432): CodeIgniter\CodeIgniter->runController(Object(App\Controllers\Record))
#3 /var/www/html/mymisdiagnosis/system/CodeIgniter.php(333): CodeIgniter\CodeIgniter->handleRequest(NULL, Object(Config\Cache), false)
#4 /var/www/html/mymisdiagnosis/index.php(44): CodeIgniter\CodeIgniter->run()
#5 {main}
INFO - 2022-01-07 13:17:04 --> Session: Class initialized using 'CodeIgniter\Session\Handlers\FileHandler' driver.
WARNING - 2022-01-07 13:17:04 --> Session: Sessions is enabled, and one exists.Please don't $session->start();
CRITICAL - 2022-01-07 13:17:04 --> Too few arguments to function App\Models\RecordModel::getAllPosts(), 0 passed in /var/www/html/mymisdiagnosis/app/Controllers/Record.php on line 58 and exactly 2 expected
#0 /var/www/html/mymisdiagnosis/app/Controllers/Record.php(58): App\Models\RecordModel->getAllPosts()
#1 /var/www/html/mymisdiagnosis/system/CodeIgniter.php(936): App\Controllers\Record->index('$1')
#2 /var/www/html/mymisdiagnosis/system/CodeIgniter.php(432): CodeIgniter\CodeIgniter->runController(Object(App\Controllers\Record))
#3 /var/www/html/mymisdiagnosis/system/CodeIgniter.php(333): CodeIgniter\CodeIgniter->handleRequest(NULL, Object(Config\Cache), false)
#4 /var/www/html/mymisdiagnosis/index.php(44): CodeIgniter\CodeIgniter->run()
#5 {main}
INFO - 2022-01-07 13:18:01 --> Session: Class initialized using 'CodeIgniter\Session\Handlers\FileHandler' driver.
WARNING - 2022-01-07 13:18:01 --> Session: Sessions is enabled, and one exists.Please don't $session->start();
CRITICAL - 2022-01-07 13:18:01 --> Call to a member function paginate() on array
#0 /var/www/html/mymisdiagnosis/system/CodeIgniter.php(936): App\Controllers\Record->index('$1')
#1 /var/www/html/mymisdiagnosis/system/CodeIgniter.php(432): CodeIgniter\CodeIgniter->runController(Object(App\Controllers\Record))
#2 /var/www/html/mymisdiagnosis/system/CodeIgniter.php(333): CodeIgniter\CodeIgniter->handleRequest(NULL, Object(Config\Cache), false)
#3 /var/www/html/mymisdiagnosis/index.php(44): CodeIgniter\CodeIgniter->run()
#4 {main}
INFO - 2022-01-07 13:18:52 --> Session: Class initialized using 'CodeIgniter\Session\Handlers\FileHandler' driver.
WARNING - 2022-01-07 13:18:52 --> Session: Sessions is enabled, and one exists.Please don't $session->start();
INFO - 2022-01-07 13:39:16 --> Session: Class initialized using 'CodeIgniter\Session\Handlers\FileHandler' driver.
WARNING - 2022-01-07 13:39:16 --> Session: Sessions is enabled, and one exists.Please don't $session->start();
CRITICAL - 2022-01-07 13:39:18 --> syntax error, unexpected '$userTable' (T_VARIABLE), expecting function (T_FUNCTION) or const (T_CONST)
#0 /var/www/html/mymisdiagnosis/system/Router/Router.php(170): CodeIgniter\Router\Router->autoRoute('pagtest')
#1 /var/www/html/mymisdiagnosis/system/CodeIgniter.php(816): CodeIgniter\Router\Router->handle('pagtest')
#2 /var/www/html/mymisdiagnosis/system/CodeIgniter.php(385): CodeIgniter\CodeIgniter->tryToRouteIt(Object(CodeIgniter\Router\RouteCollection))
#3 /var/www/html/mymisdiagnosis/system/CodeIgniter.php(333): CodeIgniter\CodeIgniter->handleRequest(NULL, Object(Config\Cache), false)
#4 /var/www/html/mymisdiagnosis/index.php(44): CodeIgniter\CodeIgniter->run()
#5 {main}
CRITICAL - 2022-01-07 13:39:33 --> syntax error, unexpected '$userTable' (T_VARIABLE), expecting function (T_FUNCTION) or const (T_CONST)
#0 /var/www/html/mymisdiagnosis/system/Router/Router.php(170): CodeIgniter\Router\Router->autoRoute('pagtest')
#1 /var/www/html/mymisdiagnosis/system/CodeIgniter.php(816): CodeIgniter\Router\Router->handle('pagtest')
#2 /var/www/html/mymisdiagnosis/system/CodeIgniter.php(385): CodeIgniter\CodeIgniter->tryToRouteIt(Object(CodeIgniter\Router\RouteCollection))
#3 /var/www/html/mymisdiagnosis/system/CodeIgniter.php(333): CodeIgniter\CodeIgniter->handleRequest(NULL, Object(Config\Cache), false)
#4 /var/www/html/mymisdiagnosis/index.php(44): CodeIgniter\CodeIgniter->run()
#5 {main}
INFO - 2022-01-07 14:03:45 --> Session: Class initialized using 'CodeIgniter\Session\Handlers\FileHandler' driver.
WARNING - 2022-01-07 14:03:45 --> Session: Sessions is enabled, and one exists.Please don't $session->start();
CRITICAL - 2022-01-07 14:03:45 --> Call to undefined method CodeIgniter\Database\MySQLi\Builder::paginate()
#0 /var/www/html/mymisdiagnosis/app/Controllers/Record.php(59): App\Models\RecordModel->getAllPosts('default', 'asc')
#1 /var/www/html/mymisdiagnosis/system/CodeIgniter.php(936): App\Controllers\Record->index('$1')
#2 /var/www/html/mymisdiagnosis/system/CodeIgniter.php(432): CodeIgniter\CodeIgniter->runController(Object(App\Controllers\Record))
#3 /var/www/html/mymisdiagnosis/system/CodeIgniter.php(333): CodeIgniter\CodeIgniter->handleRequest(NULL, Object(Config\Cache), false)
#4 /var/www/html/mymisdiagnosis/index.php(44): CodeIgniter\CodeIgniter->run()
#5 {main}
INFO - 2022-01-07 14:03:52 --> Session: Class initialized using 'CodeIgniter\Session\Handlers\FileHandler' driver.
WARNING - 2022-01-07 14:03:52 --> Session: Sessions is enabled, and one exists.Please don't $session->start();
CRITICAL - 2022-01-07 14:03:52 --> Call to undefined method CodeIgniter\Database\MySQLi\Builder::paginate()
#0 /var/www/html/mymisdiagnosis/app/Controllers/Record.php(59): App\Models\RecordModel->getAllPosts('default', 'asc')
#1 /var/www/html/mymisdiagnosis/system/CodeIgniter.php(936): App\Controllers\Record->index('$1')
#2 /var/www/html/mymisdiagnosis/system/CodeIgniter.php(432): CodeIgniter\CodeIgniter->runController(Object(App\Controllers\Record))
#3 /var/www/html/mymisdiagnosis/system/CodeIgniter.php(333): CodeIgniter\CodeIgniter->handleRequest(NULL, Object(Config\Cache), false)
#4 /var/www/html/mymisdiagnosis/index.php(44): CodeIgniter\CodeIgniter->run()
#5 {main}
INFO - 2022-01-07 14:06:09 --> Session: Class initialized using 'CodeIgniter\Session\Handlers\FileHandler' driver.
WARNING - 2022-01-07 14:06:09 --> Session: Sessions is enabled, and one exists.Please don't $session->start();
CRITICAL - 2022-01-07 14:06:09 --> syntax error, unexpected '$builder' (T_VARIABLE)
#0 /var/www/html/mymisdiagnosis/system/Autoloader/Autoloader.php(265): CodeIgniter\Autoloader\Autoloader->includeFile('/var/www/html/m...')
#1 /var/www/html/mymisdiagnosis/system/Autoloader/Autoloader.php(228): CodeIgniter\Autoloader\Autoloader->loadInNamespace('App\\Models\\Reco...')
#2 [internal function]: CodeIgniter\Autoloader\Autoloader->loadClass('App\\Models\\Reco...')
#3 /var/www/html/mymisdiagnosis/app/Controllers/Record.php(57): spl_autoload_call('App\\Models\\Reco...')
#4 /var/www/html/mymisdiagnosis/system/CodeIgniter.php(936): App\Controllers\Record->index('$1')
#5 /var/www/html/mymisdiagnosis/system/CodeIgniter.php(432): CodeIgniter\CodeIgniter->runController(Object(App\Controllers\Record))
#6 /var/www/html/mymisdiagnosis/system/CodeIgniter.php(333): CodeIgniter\CodeIgniter->handleRequest(NULL, Object(Config\Cache), false)
#7 /var/www/html/mymisdiagnosis/index.php(44): CodeIgniter\CodeIgniter->run()
#8 {main}
INFO - 2022-01-07 14:06:41 --> Session: Class initialized using 'CodeIgniter\Session\Handlers\FileHandler' driver.
WARNING - 2022-01-07 14:06:41 --> Session: Sessions is enabled, and one exists.Please don't $session->start();
CRITICAL - 2022-01-07 14:06:41 --> syntax error, unexpected '$posts' (T_VARIABLE)
#0 /var/www/html/mymisdiagnosis/system/Autoloader/Autoloader.php(265): CodeIgniter\Autoloader\Autoloader->includeFile('/var/www/html/m...')
#1 /var/www/html/mymisdiagnosis/system/Autoloader/Autoloader.php(228): CodeIgniter\Autoloader\Autoloader->loadInNamespace('App\\Models\\Reco...')
#2 [internal function]: CodeIgniter\Autoloader\Autoloader->loadClass('App\\Models\\Reco...')
#3 /var/www/html/mymisdiagnosis/app/Controllers/Record.php(57): spl_autoload_call('App\\Models\\Reco...')
#4 /var/www/html/mymisdiagnosis/system/CodeIgniter.php(936): App\Controllers\Record->index('$1')
#5 /var/www/html/mymisdiagnosis/system/CodeIgniter.php(432): CodeIgniter\CodeIgniter->runController(Object(App\Controllers\Record))
#6 /var/www/html/mymisdiagnosis/system/CodeIgniter.php(333): CodeIgniter\CodeIgniter->handleRequest(NULL, Object(Config\Cache), false)
#7 /var/www/html/mymisdiagnosis/index.php(44): CodeIgniter\CodeIgniter->run()
#8 {main}
INFO - 2022-01-07 14:07:20 --> Session: Class initialized using 'CodeIgniter\Session\Handlers\FileHandler' driver.
WARNING - 2022-01-07 14:07:20 --> Session: Sessions is enabled, and one exists.Please don't $session->start();
CRITICAL - 2022-01-07 14:07:20 --> Call to undefined method CodeIgniter\Database\MySQLi\Builder::paginate()
#0 /var/www/html/mymisdiagnosis/app/Controllers/Record.php(59): App\Models\RecordModel->getAllPosts('default', 'asc')
#1 /var/www/html/mymisdiagnosis/system/CodeIgniter.php(936): App\Controllers\Record->index('$1')
#2 /var/www/html/mymisdiagnosis/system/CodeIgniter.php(432): CodeIgniter\CodeIgniter->runController(Object(App\Controllers\Record))
#3 /var/www/html/mymisdiagnosis/system/CodeIgniter.php(333): CodeIgniter\CodeIgniter->handleRequest(NULL, Object(Config\Cache), false)
#4 /var/www/html/mymisdiagnosis/index.php(44): CodeIgniter\CodeIgniter->run()
#5 {main}
INFO - 2022-01-07 14:13:37 --> Session: Class initialized using 'CodeIgniter\Session\Handlers\FileHandler' driver.
CRITICAL - 2022-01-07 14:13:43 --> Undefined index: name
#0 /var/www/html/mymisdiagnosis/app/Views/users.php(53): CodeIgniter\Debug\Exceptions->errorHandler(8, 'Undefined index...', '/var/www/html/m...', 53, Array)
#1 /var/www/html/mymisdiagnosis/system/View/View.php(220): include('/var/www/html/m...')
#2 /var/www/html/mymisdiagnosis/system/View/View.php(222): CodeIgniter\View\View->CodeIgniter\View\{closure}()
#3 /var/www/html/mymisdiagnosis/system/Common.php(1217): CodeIgniter\View\View->render('users', Array, true)
#4 /var/www/html/mymisdiagnosis/app/Controllers/Site.php(38): view('users', Array)
#5 /var/www/html/mymisdiagnosis/system/CodeIgniter.php(936): App\Controllers\Site->loadRecord()
#6 /var/www/html/mymisdiagnosis/system/CodeIgniter.php(432): CodeIgniter\CodeIgniter->runController(Object(App\Controllers\Site))
#7 /var/www/html/mymisdiagnosis/system/CodeIgniter.php(333): CodeIgniter\CodeIgniter->handleRequest(NULL, Object(Config\Cache), false)
#8 /var/www/html/mymisdiagnosis/index.php(44): CodeIgniter\CodeIgniter->run()
#9 {main}
CRITICAL - 2022-01-07 14:17:28 --> Class 'App\Controllers\User' not found
#0 /var/www/html/mymisdiagnosis/system/CodeIgniter.php(936): App\Controllers\Site->loadRecord()
#1 /var/www/html/mymisdiagnosis/system/CodeIgniter.php(432): CodeIgniter\CodeIgniter->runController(Object(App\Controllers\Site))
#2 /var/www/html/mymisdiagnosis/system/CodeIgniter.php(333): CodeIgniter\CodeIgniter->handleRequest(NULL, Object(Config\Cache), false)
#3 /var/www/html/mymisdiagnosis/index.php(44): CodeIgniter\CodeIgniter->run()
#4 {main}
CRITICAL - 2022-01-07 14:18:15 --> Class 'App\Controllers\getAllPosts' not found
#0 /var/www/html/mymisdiagnosis/system/CodeIgniter.php(936): App\Controllers\Site->loadRecord()
#1 /var/www/html/mymisdiagnosis/system/CodeIgniter.php(432): CodeIgniter\CodeIgniter->runController(Object(App\Controllers\Site))
#2 /var/www/html/mymisdiagnosis/system/CodeIgniter.php(333): CodeIgniter\CodeIgniter->handleRequest(NULL, Object(Config\Cache), false)
#3 /var/www/html/mymisdiagnosis/index.php(44): CodeIgniter\CodeIgniter->run()
#4 {main}
CRITICAL - 2022-01-07 14:19:53 --> Class 'App\Controllers\getAllPosts' not found
#0 /var/www/html/mymisdiagnosis/system/CodeIgniter.php(936): App\Controllers\Site->loadRecord()
#1 /var/www/html/mymisdiagnosis/system/CodeIgniter.php(432): CodeIgniter\CodeIgniter->runController(Object(App\Controllers\Site))
#2 /var/www/html/mymisdiagnosis/system/CodeIgniter.php(333): CodeIgniter\CodeIgniter->handleRequest(NULL, Object(Config\Cache), false)
#3 /var/www/html/mymisdiagnosis/index.php(44): CodeIgniter\CodeIgniter->run()
#4 {main}
CRITICAL - 2022-01-07 14:20:04 --> Class 'App\Controllers\User' not found
#0 /var/www/html/mymisdiagnosis/system/CodeIgniter.php(936): App\Controllers\Site->loadRecord()
#1 /var/www/html/mymisdiagnosis/system/CodeIgniter.php(432): CodeIgniter\CodeIgniter->runController(Object(App\Controllers\Site))
#2 /var/www/html/mymisdiagnosis/system/CodeIgniter.php(333): CodeIgniter\CodeIgniter->handleRequest(NULL, Object(Config\Cache), false)
#3 /var/www/html/mymisdiagnosis/index.php(44): CodeIgniter\CodeIgniter->run()
#4 {main}
CRITICAL - 2022-01-07 18:30:30 --> Undefined index: id
#0 /var/www/html/mymisdiagnosis/app/Views/users.php(52): CodeIgniter\Debug\Exceptions->errorHandler(8, 'Undefined index...', '/var/www/html/m...', 52, Array)
#1 /var/www/html/mymisdiagnosis/system/View/View.php(220): include('/var/www/html/m...')
#2 /var/www/html/mymisdiagnosis/system/View/View.php(222): CodeIgniter\View\View->CodeIgniter\View\{closure}()
#3 /var/www/html/mymisdiagnosis/system/Common.php(1217): CodeIgniter\View\View->render('users', Array, true)
#4 /var/www/html/mymisdiagnosis/app/Controllers/Site.php(38): view('users', Array)
#5 /var/www/html/mymisdiagnosis/system/CodeIgniter.php(936): App\Controllers\Site->loadRecord()
#6 /var/www/html/mymisdiagnosis/system/CodeIgniter.php(432): CodeIgniter\CodeIgniter->runController(Object(App\Controllers\Site))
#7 /var/www/html/mymisdiagnosis/system/CodeIgniter.php(333): CodeIgniter\CodeIgniter->handleRequest(NULL, Object(Config\Cache), false)
#8 /var/www/html/mymisdiagnosis/index.php(44): CodeIgniter\CodeIgniter->run()
#9 {main}
CRITICAL - 2022-01-07 18:30:52 --> Undefined index: id
#0 /var/www/html/mymisdiagnosis/app/Views/users.php(52): CodeIgniter\Debug\Exceptions->errorHandler(8, 'Undefined index...', '/var/www/html/m...', 52, Array)
#1 /var/www/html/mymisdiagnosis/system/View/View.php(220): include('/var/www/html/m...')
#2 /var/www/html/mymisdiagnosis/system/View/View.php(222): CodeIgniter\View\View->CodeIgniter\View\{closure}()
#3 /var/www/html/mymisdiagnosis/system/Common.php(1217): CodeIgniter\View\View->render('users', Array, true)
#4 /var/www/html/mymisdiagnosis/app/Controllers/Site.php(38): view('users', Array)
#5 /var/www/html/mymisdiagnosis/system/CodeIgniter.php(936): App\Controllers\Site->loadRecord()
#6 /var/www/html/mymisdiagnosis/system/CodeIgniter.php(432): CodeIgniter\CodeIgniter->runController(Object(App\Controllers\Site))
#7 /var/www/html/mymisdiagnosis/system/CodeIgniter.php(333): CodeIgniter\CodeIgniter->handleRequest(NULL, Object(Config\Cache), false)
#8 /var/www/html/mymisdiagnosis/index.php(44): CodeIgniter\CodeIgniter->run()
#9 {main}
ERROR - 2022-01-07 18:37:43 --> mysqli_sql_exception: Unknown column 'username' in 'where clause' in /var/www/html/mymisdiagnosis/system/Database/MySQLi/Connection.php:314
Stack trace:
#0 /var/www/html/mymisdiagnosis/system/Database/MySQLi/Connection.php(314): mysqli->query('SELECT COUNT(*)...')
#1 /var/www/html/mymisdiagnosis/system/Database/BaseConnection.php(713): CodeIgniter\Database\MySQLi\Connection->execute('SELECT COUNT(*)...')
#2 /var/www/html/mymisdiagnosis/system/Database/BaseConnection.php(641): CodeIgniter\Database\BaseConnection->simpleQuery('SELECT COUNT(*)...')
#3 /var/www/html/mymisdiagnosis/system/Database/BaseBuilder.php(1966): CodeIgniter\Database\BaseConnection->query('SELECT COUNT(*)...', Array, false)
#4 /var/www/html/mymisdiagnosis/system/Model.php(570): CodeIgniter\Database\BaseBuilder->countAllResults(false)
#5 /var/www/html/mymisdiagnosis/system/BaseModel.php(1140): CodeIgniter\Model->countAllResults(false)
#6 /var/www/html/mymisdiagnosis/app/Controllers/Site.php(29): CodeIgniter\BaseModel->paginate(3)
#7 /var/www/html/mymisdiagnosis/system/CodeIgniter.php(936): App\Controllers\Site->loadRecord()
#8 /var/www/html/mymisdiagnosis/system/CodeIgniter.php(432): CodeIgniter\CodeIgniter->runController(Object(App\Controllers\Site))
#9 /var/www/html/mymisdiagnosis/system/CodeIgniter.php(333): CodeIgniter\CodeIgniter->handleRequest(NULL, Object(Config\Cache), false)
#10 /var/www/html/mymisdiagnosis/index.php(44): CodeIgniter\CodeIgniter->run()
#11 {main}
CRITICAL - 2022-01-07 18:37:43 --> Unknown column 'username' in 'where clause'
#0 /var/www/html/mymisdiagnosis/system/Database/MySQLi/Connection.php(314): mysqli->query('SELECT COUNT(*)...')
#1 /var/www/html/mymisdiagnosis/system/Database/BaseConnection.php(713): CodeIgniter\Database\MySQLi\Connection->execute('SELECT COUNT(*)...')
#2 /var/www/html/mymisdiagnosis/system/Database/BaseConnection.php(641): CodeIgniter\Database\BaseConnection->simpleQuery('SELECT COUNT(*)...')
#3 /var/www/html/mymisdiagnosis/system/Database/BaseBuilder.php(1966): CodeIgniter\Database\BaseConnection->query('SELECT COUNT(*)...', Array, false)
#4 /var/www/html/mymisdiagnosis/system/Model.php(570): CodeIgniter\Database\BaseBuilder->countAllResults(false)
#5 /var/www/html/mymisdiagnosis/system/BaseModel.php(1140): CodeIgniter\Model->countAllResults(false)
#6 /var/www/html/mymisdiagnosis/app/Controllers/Site.php(29): CodeIgniter\BaseModel->paginate(3)
#7 /var/www/html/mymisdiagnosis/system/CodeIgniter.php(936): App\Controllers\Site->loadRecord()
#8 /var/www/html/mymisdiagnosis/system/CodeIgniter.php(432): CodeIgniter\CodeIgniter->runController(Object(App\Controllers\Site))
#9 /var/www/html/mymisdiagnosis/system/CodeIgniter.php(333): CodeIgniter\CodeIgniter->handleRequest(NULL, Object(Config\Cache), false)
#10 /var/www/html/mymisdiagnosis/index.php(44): CodeIgniter\CodeIgniter->run()
#11 {main}
INFO - 2022-01-07 18:43:50 --> Session: Class initialized using 'CodeIgniter\Session\Handlers\FileHandler' driver.
INFO - 2022-01-07 18:43:51 --> Session: Class initialized using 'CodeIgniter\Session\Handlers\FileHandler' driver.
INFO - 2022-01-07 18:43:54 --> Session: Class initialized using 'CodeIgniter\Session\Handlers\FileHandler' driver.
WARNING - 2022-01-07 18:43:54 --> Session: Sessions is enabled, and one exists.Please don't $session->start();
INFO - 2022-01-07 18:43:57 --> Session: Class initialized using 'CodeIgniter\Session\Handlers\FileHandler' driver.
WARNING - 2022-01-07 18:43:57 --> Session: Sessions is enabled, and one exists.Please don't $session->start();
CRITICAL - 2022-01-07 18:44:00 --> Class 'App\Controllers\User' not found
#0 /var/www/html/mymisdiagnosis/system/CodeIgniter.php(936): App\Controllers\Record->index('$1')
#1 /var/www/html/mymisdiagnosis/system/CodeIgniter.php(432): CodeIgniter\CodeIgniter->runController(Object(App\Controllers\Record))
#2 /var/www/html/mymisdiagnosis/system/CodeIgniter.php(333): CodeIgniter\CodeIgniter->handleRequest(NULL, Object(Config\Cache), false)
#3 /var/www/html/mymisdiagnosis/index.php(44): CodeIgniter\CodeIgniter->run()
#4 {main}
CRITICAL - 2022-01-07 18:47:09 --> syntax error, unexpected 'public' (T_PUBLIC), expecting end of file
#0 /var/www/html/mymisdiagnosis/system/Autoloader/Autoloader.php(265): CodeIgniter\Autoloader\Autoloader->includeFile('/var/www/html/m...')
#1 /var/www/html/mymisdiagnosis/system/Autoloader/Autoloader.php(228): CodeIgniter\Autoloader\Autoloader->loadInNamespace('App\\Controllers...')
#2 [internal function]: CodeIgniter\Autoloader\Autoloader->loadClass('App\\Controllers...')
#3 [internal function]: spl_autoload_call('App\\Controllers...')
#4 /var/www/html/mymisdiagnosis/system/CodeIgniter.php(893): class_exists('\\App\\Controller...', true)
#5 /var/www/html/mymisdiagnosis/system/CodeIgniter.php(417): CodeIgniter\CodeIgniter->startController()
#6 /var/www/html/mymisdiagnosis/system/CodeIgniter.php(333): CodeIgniter\CodeIgniter->handleRequest(NULL, Object(Config\Cache), false)
#7 /var/www/html/mymisdiagnosis/index.php(44): CodeIgniter\CodeIgniter->run()
#8 {main}
CRITICAL - 2022-01-07 18:47:47 --> You must set the database table to be used with your query.
#0 /var/www/html/mymisdiagnosis/system/Model.php(615): CodeIgniter\Database\BaseConnection->table(NULL)
#1 /var/www/html/mymisdiagnosis/system/Model.php(834): CodeIgniter\Model->builder()
#2 /var/www/html/mymisdiagnosis/app/Controllers/Record.php(70): CodeIgniter\Model->__call('select', Array)
#3 /var/www/html/mymisdiagnosis/system/CodeIgniter.php(936): App\Controllers\Record->index('$1')
#4 /var/www/html/mymisdiagnosis/system/CodeIgniter.php(432): CodeIgniter\CodeIgniter->runController(Object(App\Controllers\Record))
#5 /var/www/html/mymisdiagnosis/system/CodeIgniter.php(333): CodeIgniter\CodeIgniter->handleRequest(NULL, Object(Config\Cache), false)
#6 /var/www/html/mymisdiagnosis/index.php(44): CodeIgniter\CodeIgniter->run()
#7 {main}
CRITICAL - 2022-01-07 18:48:24 --> syntax error, unexpected 'protected' (T_PROTECTED)
#0 /var/www/html/mymisdiagnosis/system/Autoloader/Autoloader.php(265): CodeIgniter\Autoloader\Autoloader->includeFile('/var/www/html/m...')
#1 /var/www/html/mymisdiagnosis/system/Autoloader/Autoloader.php(228): CodeIgniter\Autoloader\Autoloader->loadInNamespace('App\\Models\\Reco...')
#2 [internal function]: CodeIgniter\Autoloader\Autoloader->loadClass('App\\Models\\Reco...')
#3 /var/www/html/mymisdiagnosis/app/Controllers/Record.php(65): spl_autoload_call('App\\Models\\Reco...')
#4 /var/www/html/mymisdiagnosis/system/CodeIgniter.php(936): App\Controllers\Record->index('$1')
#5 /var/www/html/mymisdiagnosis/system/CodeIgniter.php(432): CodeIgniter\CodeIgniter->runController(Object(App\Controllers\Record))
#6 /var/www/html/mymisdiagnosis/system/CodeIgniter.php(333): CodeIgniter\CodeIgniter->handleRequest(NULL, Object(Config\Cache), false)
#7 /var/www/html/mymisdiagnosis/index.php(44): CodeIgniter\CodeIgniter->run()
#8 {main}
CRITICAL - 2022-01-07 18:49:19 --> syntax error, unexpected 'protected' (T_PROTECTED)
#0 /var/www/html/mymisdiagnosis/system/Autoloader/Autoloader.php(265): CodeIgniter\Autoloader\Autoloader->includeFile('/var/www/html/m...')
#1 /var/www/html/mymisdiagnosis/system/Autoloader/Autoloader.php(228): CodeIgniter\Autoloader\Autoloader->loadInNamespace('App\\Models\\Reco...')
#2 [internal function]: CodeIgniter\Autoloader\Autoloader->loadClass('App\\Models\\Reco...')
#3 /var/www/html/mymisdiagnosis/app/Controllers/Record.php(65): spl_autoload_call('App\\Models\\Reco...')
#4 /var/www/html/mymisdiagnosis/system/CodeIgniter.php(936): App\Controllers\Record->index('$1')
#5 /var/www/html/mymisdiagnosis/system/CodeIgniter.php(432): CodeIgniter\CodeIgniter->runController(Object(App\Controllers\Record))
#6 /var/www/html/mymisdiagnosis/system/CodeIgniter.php(333): CodeIgniter\CodeIgniter->handleRequest(NULL, Object(Config\Cache), false)
#7 /var/www/html/mymisdiagnosis/index.php(44): CodeIgniter\CodeIgniter->run()
#8 {main}
CRITICAL - 2022-01-07 18:50:27 --> syntax error, unexpected 'public' (T_PUBLIC), expecting end of file
#0 /var/www/html/mymisdiagnosis/system/Autoloader/Autoloader.php(265): CodeIgniter\Autoloader\Autoloader->includeFile('/var/www/html/m...')
#1 /var/www/html/mymisdiagnosis/system/Autoloader/Autoloader.php(228): CodeIgniter\Autoloader\Autoloader->loadInNamespace('App\\Controllers...')
#2 [internal function]: CodeIgniter\Autoloader\Autoloader->loadClass('App\\Controllers...')
#3 [internal function]: spl_autoload_call('App\\Controllers...')
#4 /var/www/html/mymisdiagnosis/system/CodeIgniter.php(893): class_exists('\\App\\Controller...', true)
#5 /var/www/html/mymisdiagnosis/system/CodeIgniter.php(417): CodeIgniter\CodeIgniter->startController()
#6 /var/www/html/mymisdiagnosis/system/CodeIgniter.php(333): CodeIgniter\CodeIgniter->handleRequest(NULL, Object(Config\Cache), false)
#7 /var/www/html/mymisdiagnosis/index.php(44): CodeIgniter\CodeIgniter->run()
#8 {main}
CRITICAL - 2022-01-07 18:51:30 --> syntax error, unexpected 'public' (T_PUBLIC), expecting end of file
#0 /var/www/html/mymisdiagnosis/system/Autoloader/Autoloader.php(265): CodeIgniter\Autoloader\Autoloader->includeFile('/var/www/html/m...')
#1 /var/www/html/mymisdiagnosis/system/Autoloader/Autoloader.php(228): CodeIgniter\Autoloader\Autoloader->loadInNamespace('App\\Controllers...')
#2 [internal function]: CodeIgniter\Autoloader\Autoloader->loadClass('App\\Controllers...')
#3 [internal function]: spl_autoload_call('App\\Controllers...')
#4 /var/www/html/mymisdiagnosis/system/CodeIgniter.php(893): class_exists('\\App\\Controller...', true)
#5 /var/www/html/mymisdiagnosis/system/CodeIgniter.php(417): CodeIgniter\CodeIgniter->startController()
#6 /var/www/html/mymisdiagnosis/system/CodeIgniter.php(333): CodeIgniter\CodeIgniter->handleRequest(NULL, Object(Config\Cache), false)
#7 /var/www/html/mymisdiagnosis/index.php(44): CodeIgniter\CodeIgniter->run()
#8 {main}
CRITICAL - 2022-01-07 18:51:33 --> syntax error, unexpected 'public' (T_PUBLIC), expecting end of file
#0 /var/www/html/mymisdiagnosis/system/Autoloader/Autoloader.php(265): CodeIgniter\Autoloader\Autoloader->includeFile('/var/www/html/m...')
#1 /var/www/html/mymisdiagnosis/system/Autoloader/Autoloader.php(228): CodeIgniter\Autoloader\Autoloader->loadInNamespace('App\\Controllers...')
#2 [internal function]: CodeIgniter\Autoloader\Autoloader->loadClass('App\\Controllers...')
#3 [internal function]: spl_autoload_call('App\\Controllers...')
#4 /var/www/html/mymisdiagnosis/system/CodeIgniter.php(893): class_exists('\\App\\Controller...', true)
#5 /var/www/html/mymisdiagnosis/system/CodeIgniter.php(417): CodeIgniter\CodeIgniter->startController()
#6 /var/www/html/mymisdiagnosis/system/CodeIgniter.php(333): CodeIgniter\CodeIgniter->handleRequest(NULL, Object(Config\Cache), false)
#7 /var/www/html/mymisdiagnosis/index.php(44): CodeIgniter\CodeIgniter->run()
#8 {main}
CRITICAL - 2022-01-07 18:52:06 --> syntax error, unexpected 'public' (T_PUBLIC), expecting end of file
#0 /var/www/html/mymisdiagnosis/system/Autoloader/Autoloader.php(265): CodeIgniter\Autoloader\Autoloader->includeFile('/var/www/html/m...')
#1 /var/www/html/mymisdiagnosis/system/Autoloader/Autoloader.php(228): CodeIgniter\Autoloader\Autoloader->loadInNamespace('App\\Controllers...')
#2 [internal function]: CodeIgniter\Autoloader\Autoloader->loadClass('App\\Controllers...')
#3 [internal function]: spl_autoload_call('App\\Controllers...')
#4 /var/www/html/mymisdiagnosis/system/CodeIgniter.php(893): class_exists('\\App\\Controller...', true)
#5 /var/www/html/mymisdiagnosis/system/CodeIgniter.php(417): CodeIgniter\CodeIgniter->startController()
#6 /var/www/html/mymisdiagnosis/system/CodeIgniter.php(333): CodeIgniter\CodeIgniter->handleRequest(NULL, Object(Config\Cache), false)
#7 /var/www/html/mymisdiagnosis/index.php(44): CodeIgniter\CodeIgniter->run()
#8 {main}
INFO - 2022-01-07 18:52:26 --> Session: Class initialized using 'CodeIgniter\Session\Handlers\FileHandler' driver.
WARNING - 2022-01-07 18:52:26 --> Session: Sessions is enabled, and one exists.Please don't $session->start();
INFO - 2022-01-07 18:53:17 --> Session: Class initialized using 'CodeIgniter\Session\Handlers\FileHandler' driver.
WARNING - 2022-01-07 18:53:17 --> Session: Sessions is enabled, and one exists.Please don't $session->start();
INFO - 2022-01-07 18:53:55 --> Session: Class initialized using 'CodeIgniter\Session\Handlers\FileHandler' driver.
WARNING - 2022-01-07 18:53:55 --> Session: Sessions is enabled, and one exists.Please don't $session->start();
CRITICAL - 2022-01-07 18:53:55 --> Undefined variable: meta_title
#0 /var/www/html/mymisdiagnosis/app/Views/auth_internetics/header_open_with_scripts.php(7): CodeIgniter\Debug\Exceptions->errorHandler(8, 'Undefined varia...', '/var/www/html/m...', 7, Array)
#1 /var/www/html/mymisdiagnosis/system/View/View.php(220): include('/var/www/html/m...')
#2 /var/www/html/mymisdiagnosis/system/View/View.php(222): CodeIgniter\View\View->CodeIgniter\View\{closure}()
#3 /var/www/html/mymisdiagnosis/system/Common.php(1217): CodeIgniter\View\View->render('auth_internetic...', Array, true)
#4 /var/www/html/mymisdiagnosis/app/Controllers/Record.php(163): view('auth_internetic...', Array)
#5 /var/www/html/mymisdiagnosis/system/CodeIgniter.php(936): App\Controllers\Record->display('loadRecord')
#6 /var/www/html/mymisdiagnosis/system/CodeIgniter.php(432): CodeIgniter\CodeIgniter->runController(Object(App\Controllers\Record))
#7 /var/www/html/mymisdiagnosis/system/CodeIgniter.php(333): CodeIgniter\CodeIgniter->handleRequest(NULL, Object(Config\Cache), false)
#8 /var/www/html/mymisdiagnosis/index.php(44): CodeIgniter\CodeIgniter->run()
#9 {main}
CRITICAL - 2022-01-07 18:55:34 --> syntax error, unexpected ';', expecting ']'
#0 /var/www/html/mymisdiagnosis/system/Autoloader/Autoloader.php(265): CodeIgniter\Autoloader\Autoloader->includeFile('/var/www/html/m...')
#1 /var/www/html/mymisdiagnosis/system/Autoloader/Autoloader.php(228): CodeIgniter\Autoloader\Autoloader->loadInNamespace('App\\Controllers...')
#2 [internal function]: CodeIgniter\Autoloader\Autoloader->loadClass('App\\Controllers...')
#3 [internal function]: spl_autoload_call('App\\Controllers...')
#4 /var/www/html/mymisdiagnosis/system/CodeIgniter.php(893): class_exists('\\App\\Controller...', true)
#5 /var/www/html/mymisdiagnosis/system/CodeIgniter.php(417): CodeIgniter\CodeIgniter->startController()
#6 /var/www/html/mymisdiagnosis/system/CodeIgniter.php(333): CodeIgniter\CodeIgniter->handleRequest(NULL, Object(Config\Cache), false)
#7 /var/www/html/mymisdiagnosis/index.php(44): CodeIgniter\CodeIgniter->run()
#8 {main}
CRITICAL - 2022-01-07 18:55:51 --> syntax error, unexpected ';', expecting ']'
#0 /var/www/html/mymisdiagnosis/system/Autoloader/Autoloader.php(265): CodeIgniter\Autoloader\Autoloader->includeFile('/var/www/html/m...')
#1 /var/www/html/mymisdiagnosis/system/Autoloader/Autoloader.php(228): CodeIgniter\Autoloader\Autoloader->loadInNamespace('App\\Controllers...')
#2 [internal function]: CodeIgniter\Autoloader\Autoloader->loadClass('App\\Controllers...')
#3 [internal function]: spl_autoload_call('App\\Controllers...')
#4 /var/www/html/mymisdiagnosis/system/CodeIgniter.php(893): class_exists('\\App\\Controller...', true)
#5 /var/www/html/mymisdiagnosis/system/CodeIgniter.php(417): CodeIgniter\CodeIgniter->startController()
#6 /var/www/html/mymisdiagnosis/system/CodeIgniter.php(333): CodeIgniter\CodeIgniter->handleRequest(NULL, Object(Config\Cache), false)
#7 /var/www/html/mymisdiagnosis/index.php(44): CodeIgniter\CodeIgniter->run()
#8 {main}
CRITICAL - 2022-01-07 18:56:10 --> syntax error, unexpected ';', expecting ']'
#0 /var/www/html/mymisdiagnosis/system/Autoloader/Autoloader.php(265): CodeIgniter\Autoloader\Autoloader->includeFile('/var/www/html/m...')
#1 /var/www/html/mymisdiagnosis/system/Autoloader/Autoloader.php(228): CodeIgniter\Autoloader\Autoloader->loadInNamespace('App\\Controllers...')
#2 [internal function]: CodeIgniter\Autoloader\Autoloader->loadClass('App\\Controllers...')
#3 [internal function]: spl_autoload_call('App\\Controllers...')
#4 /var/www/html/mymisdiagnosis/system/CodeIgniter.php(893): class_exists('\\App\\Controller...', true)
#5 /var/www/html/mymisdiagnosis/system/CodeIgniter.php(417): CodeIgniter\CodeIgniter->startController()
#6 /var/www/html/mymisdiagnosis/system/CodeIgniter.php(333): CodeIgniter\CodeIgniter->handleRequest(NULL, Object(Config\Cache), false)
#7 /var/www/html/mymisdiagnosis/index.php(44): CodeIgniter\CodeIgniter->run()
#8 {main}
INFO - 2022-01-07 18:56:57 --> Session: Class initialized using 'CodeIgniter\Session\Handlers\FileHandler' driver.
WARNING - 2022-01-07 18:56:57 --> Session: Sessions is enabled, and one exists.Please don't $session->start();
CRITICAL - 2022-01-07 18:56:57 --> Undefined variable: meta_title
#0 /var/www/html/mymisdiagnosis/app/Views/auth_internetics/header_open_with_scripts.php(7): CodeIgniter\Debug\Exceptions->errorHandler(8, 'Undefined varia...', '/var/www/html/m...', 7, Array)
#1 /var/www/html/mymisdiagnosis/system/View/View.php(220): include('/var/www/html/m...')
#2 /var/www/html/mymisdiagnosis/system/View/View.php(222): CodeIgniter\View\View->CodeIgniter\View\{closure}()
#3 /var/www/html/mymisdiagnosis/system/Common.php(1217): CodeIgniter\View\View->render('auth_internetic...', Array, true)
#4 /var/www/html/mymisdiagnosis/app/Controllers/Record.php(167): view('auth_internetic...', Array)
#5 /var/www/html/mymisdiagnosis/system/CodeIgniter.php(936): App\Controllers\Record->display('loadRecord')
#6 /var/www/html/mymisdiagnosis/system/CodeIgniter.php(432): CodeIgniter\CodeIgniter->runController(Object(App\Controllers\Record))
#7 /var/www/html/mymisdiagnosis/system/CodeIgniter.php(333): CodeIgniter\CodeIgniter->handleRequest(NULL, Object(Config\Cache), false)
#8 /var/www/html/mymisdiagnosis/index.php(44): CodeIgniter\CodeIgniter->run()
#9 {main}
INFO - 2022-01-07 18:57:45 --> Session: Class initialized using 'CodeIgniter\Session\Handlers\FileHandler' driver.
WARNING - 2022-01-07 18:57:45 --> Session: Sessions is enabled, and one exists.Please don't $session->start();
CRITICAL - 2022-01-07 18:57:45 --> Undefined variable: meta_title
#0 /var/www/html/mymisdiagnosis/app/Views/auth_internetics/header_open_with_scripts.php(7): CodeIgniter\Debug\Exceptions->errorHandler(8, 'Undefined varia...', '/var/www/html/m...', 7, Array)
#1 /var/www/html/mymisdiagnosis/system/View/View.php(220): include('/var/www/html/m...')
#2 /var/www/html/mymisdiagnosis/system/View/View.php(222): CodeIgniter\View\View->CodeIgniter\View\{closure}()
#3 /var/www/html/mymisdiagnosis/system/Common.php(1217): CodeIgniter\View\View->render('auth_internetic...', Array, true)
#4 /var/www/html/mymisdiagnosis/app/Controllers/Record.php(171): view('auth_internetic...', Array)
#5 /var/www/html/mymisdiagnosis/system/CodeIgniter.php(936): App\Controllers\Record->display('loadRecord')
#6 /var/www/html/mymisdiagnosis/system/CodeIgniter.php(432): CodeIgniter\CodeIgniter->runController(Object(App\Controllers\Record))
#7 /var/www/html/mymisdiagnosis/system/CodeIgniter.php(333): CodeIgniter\CodeIgniter->handleRequest(NULL, Object(Config\Cache), false)
#8 /var/www/html/mymisdiagnosis/index.php(44): CodeIgniter\CodeIgniter->run()
#9 {main}
CRITICAL - 2022-01-07 18:58:55 --> syntax error, unexpected ';', expecting ']'
#0 /var/www/html/mymisdiagnosis/system/Autoloader/Autoloader.php(265): CodeIgniter\Autoloader\Autoloader->includeFile('/var/www/html/m...')
#1 /var/www/html/mymisdiagnosis/system/Autoloader/Autoloader.php(228): CodeIgniter\Autoloader\Autoloader->loadInNamespace('App\\Controllers...')
#2 [internal function]: CodeIgniter\Autoloader\Autoloader->loadClass('App\\Controllers...')
#3 [internal function]: spl_autoload_call('App\\Controllers...')
#4 /var/www/html/mymisdiagnosis/system/CodeIgniter.php(893): class_exists('\\App\\Controller...', true)
#5 /var/www/html/mymisdiagnosis/system/CodeIgniter.php(417): CodeIgniter\CodeIgniter->startController()
#6 /var/www/html/mymisdiagnosis/system/CodeIgniter.php(333): CodeIgniter\CodeIgniter->handleRequest(NULL, Object(Config\Cache), false)
#7 /var/www/html/mymisdiagnosis/index.php(44): CodeIgniter\CodeIgniter->run()
#8 {main}
INFO - 2022-01-07 18:59:09 --> Session: Class initialized using 'CodeIgniter\Session\Handlers\FileHandler' driver.
WARNING - 2022-01-07 18:59:09 --> Session: Sessions is enabled, and one exists.Please don't $session->start();
CRITICAL - 2022-01-07 18:59:09 --> Undefined variable: meta_title
#0 /var/www/html/mymisdiagnosis/app/Views/auth_internetics/header_open_with_scripts.php(7): CodeIgniter\Debug\Exceptions->errorHandler(8, 'Undefined varia...', '/var/www/html/m...', 7, Array)
#1 /var/www/html/mymisdiagnosis/system/View/View.php(220): include('/var/www/html/m...')
#2 /var/www/html/mymisdiagnosis/system/View/View.php(222): CodeIgniter\View\View->CodeIgniter\View\{closure}()
#3 /var/www/html/mymisdiagnosis/system/Common.php(1217): CodeIgniter\View\View->render('auth_internetic...', Array, true)
#4 /var/www/html/mymisdiagnosis/app/Controllers/Record.php(171): view('auth_internetic...', Array)
#5 /var/www/html/mymisdiagnosis/system/CodeIgniter.php(936): App\Controllers\Record->display('loadRecord')
#6 /var/www/html/mymisdiagnosis/system/CodeIgniter.php(432): CodeIgniter\CodeIgniter->runController(Object(App\Controllers\Record))
#7 /var/www/html/mymisdiagnosis/system/CodeIgniter.php(333): CodeIgniter\CodeIgniter->handleRequest(NULL, Object(Config\Cache), false)
#8 /var/www/html/mymisdiagnosis/index.php(44): CodeIgniter\CodeIgniter->run()
#9 {main}
INFO - 2022-01-07 19:01:15 --> Session: Class initialized using 'CodeIgniter\Session\Handlers\FileHandler' driver.
WARNING - 2022-01-07 19:01:15 --> Session: Sessions is enabled, and one exists.Please don't $session->start();
CRITICAL - 2022-01-07 19:01:16 --> Undefined variable: meta_title
#0 /var/www/html/mymisdiagnosis/app/Views/auth_internetics/header_open_with_scripts.php(7): CodeIgniter\Debug\Exceptions->errorHandler(8, 'Undefined varia...', '/var/www/html/m...', 7, Array)
#1 /var/www/html/mymisdiagnosis/system/View/View.php(220): include('/var/www/html/m...')
#2 /var/www/html/mymisdiagnosis/system/View/View.php(222): CodeIgniter\View\View->CodeIgniter\View\{closure}()
#3 /var/www/html/mymisdiagnosis/system/Common.php(1217): CodeIgniter\View\View->render('auth_internetic...', Array, true)
#4 /var/www/html/mymisdiagnosis/app/Controllers/Record.php(171): view('auth_internetic...', Array)
#5 /var/www/html/mymisdiagnosis/system/CodeIgniter.php(936): App\Controllers\Record->display('loadRecord')
#6 /var/www/html/mymisdiagnosis/system/CodeIgniter.php(432): CodeIgniter\CodeIgniter->runController(Object(App\Controllers\Record))
#7 /var/www/html/mymisdiagnosis/system/CodeIgniter.php(333): CodeIgniter\CodeIgniter->handleRequest(NULL, Object(Config\Cache), false)
#8 /var/www/html/mymisdiagnosis/index.php(44): CodeIgniter\CodeIgniter->run()
#9 {main}
INFO - 2022-01-07 19:01:17 --> Session: Class initialized using 'CodeIgniter\Session\Handlers\FileHandler' driver.
WARNING - 2022-01-07 19:01:17 --> Session: Sessions is enabled, and one exists.Please don't $session->start();
CRITICAL - 2022-01-07 19:01:17 --> Undefined variable: meta_title
#0 /var/www/html/mymisdiagnosis/app/Views/auth_internetics/header_open_with_scripts.php(7): CodeIgniter\Debug\Exceptions->errorHandler(8, 'Undefined varia...', '/var/www/html/m...', 7, Array)
#1 /var/www/html/mymisdiagnosis/system/View/View.php(220): include('/var/www/html/m...')
#2 /var/www/html/mymisdiagnosis/system/View/View.php(222): CodeIgniter\View\View->CodeIgniter\View\{closure}()
#3 /var/www/html/mymisdiagnosis/system/Common.php(1217): CodeIgniter\View\View->render('auth_internetic...', Array, true)
#4 /var/www/html/mymisdiagnosis/app/Controllers/Record.php(171): view('auth_internetic...', Array)
#5 /var/www/html/mymisdiagnosis/system/CodeIgniter.php(936): App\Controllers\Record->display('loadRecord')
#6 /var/www/html/mymisdiagnosis/system/CodeIgniter.php(432): CodeIgniter\CodeIgniter->runController(Object(App\Controllers\Record))
#7 /var/www/html/mymisdiagnosis/system/CodeIgniter.php(333): CodeIgniter\CodeIgniter->handleRequest(NULL, Object(Config\Cache), false)
#8 /var/www/html/mymisdiagnosis/index.php(44): CodeIgniter\CodeIgniter->run()
#9 {main}
INFO - 2022-01-07 19:02:10 --> Session: Class initialized using 'CodeIgniter\Session\Handlers\FileHandler' driver.
WARNING - 2022-01-07 19:02:10 --> Session: Sessions is enabled, and one exists.Please don't $session->start();
CRITICAL - 2022-01-07 19:02:10 --> Undefined variable: meta_title
#0 /var/www/html/mymisdiagnosis/app/Views/auth_internetics/header_open_with_scripts.php(7): CodeIgniter\Debug\Exceptions->errorHandler(8, 'Undefined varia...', '/var/www/html/m...', 7, Array)
#1 /var/www/html/mymisdiagnosis/system/View/View.php(220): include('/var/www/html/m...')
#2 /var/www/html/mymisdiagnosis/system/View/View.php(222): CodeIgniter\View\View->CodeIgniter\View\{closure}()
#3 /var/www/html/mymisdiagnosis/system/Common.php(1217): CodeIgniter\View\View->render('auth_internetic...', Array, true)
#4 /var/www/html/mymisdiagnosis/app/Controllers/Record.php(171): view('auth_internetic...', Array)
#5 /var/www/html/mymisdiagnosis/system/CodeIgniter.php(936): App\Controllers\Record->display('loadRecord')
#6 /var/www/html/mymisdiagnosis/system/CodeIgniter.php(432): CodeIgniter\CodeIgniter->runController(Object(App\Controllers\Record))
#7 /var/www/html/mymisdiagnosis/system/CodeIgniter.php(333): CodeIgniter\CodeIgniter->handleRequest(NULL, Object(Config\Cache), false)
#8 /var/www/html/mymisdiagnosis/index.php(44): CodeIgniter\CodeIgniter->run()
#9 {main}
INFO - 2022-01-07 19:03:03 --> Session: Class initialized using 'CodeIgniter\Session\Handlers\FileHandler' driver.
WARNING - 2022-01-07 19:03:03 --> Session: Sessions is enabled, and one exists.Please don't $session->start();
CRITICAL - 2022-01-07 19:03:03 --> Undefined variable: meta_title
#0 /var/www/html/mymisdiagnosis/app/Views/auth_internetics/header_open_with_scripts.php(7): CodeIgniter\Debug\Exceptions->errorHandler(8, 'Undefined varia...', '/var/www/html/m...', 7, Array)
#1 /var/www/html/mymisdiagnosis/system/View/View.php(220): include('/var/www/html/m...')
#2 /var/www/html/mymisdiagnosis/system/View/View.php(222): CodeIgniter\View\View->CodeIgniter\View\{closure}()
#3 /var/www/html/mymisdiagnosis/system/Common.php(1217): CodeIgniter\View\View->render('auth_internetic...', Array, true)
#4 /var/www/html/mymisdiagnosis/app/Controllers/Record.php(171): view('auth_internetic...', Array)
#5 /var/www/html/mymisdiagnosis/system/CodeIgniter.php(936): App\Controllers\Record->display('loadRecord')
#6 /var/www/html/mymisdiagnosis/system/CodeIgniter.php(432): CodeIgniter\CodeIgniter->runController(Object(App\Controllers\Record))
#7 /var/www/html/mymisdiagnosis/system/CodeIgniter.php(333): CodeIgniter\CodeIgniter->handleRequest(NULL, Object(Config\Cache), false)
#8 /var/www/html/mymisdiagnosis/index.php(44): CodeIgniter\CodeIgniter->run()
#9 {main}
INFO - 2022-01-07 19:03:29 --> Session: Class initialized using 'CodeIgniter\Session\Handlers\FileHandler' driver.
WARNING - 2022-01-07 19:03:29 --> Session: Sessions is enabled, and one exists.Please don't $session->start();
CRITICAL - 2022-01-07 19:03:29 --> Undefined variable: meta_title
#0 /var/www/html/mymisdiagnosis/app/Views/auth_internetics/header_open_with_scripts.php(7): CodeIgniter\Debug\Exceptions->errorHandler(8, 'Undefined varia...', '/var/www/html/m...', 7, Array)
#1 /var/www/html/mymisdiagnosis/system/View/View.php(220): include('/var/www/html/m...')
#2 /var/www/html/mymisdiagnosis/system/View/View.php(222): CodeIgniter\View\View->CodeIgniter\View\{closure}()
#3 /var/www/html/mymisdiagnosis/system/Common.php(1217): CodeIgniter\View\View->render('auth_internetic...', Array, true)
#4 /var/www/html/mymisdiagnosis/app/Controllers/Record.php(171): view('auth_internetic...', Array)
#5 /var/www/html/mymisdiagnosis/system/CodeIgniter.php(936): App\Controllers\Record->display('loadRecord')
#6 /var/www/html/mymisdiagnosis/system/CodeIgniter.php(432): CodeIgniter\CodeIgniter->runController(Object(App\Controllers\Record))
#7 /var/www/html/mymisdiagnosis/system/CodeIgniter.php(333): CodeIgniter\CodeIgniter->handleRequest(NULL, Object(Config\Cache), false)
#8 /var/www/html/mymisdiagnosis/index.php(44): CodeIgniter\CodeIgniter->run()
#9 {main}
INFO - 2022-01-07 19:03:32 --> Session: Class initialized using 'CodeIgniter\Session\Handlers\FileHandler' driver.
WARNING - 2022-01-07 19:03:32 --> Session: Sessions is enabled, and one exists.Please don't $session->start();
CRITICAL - 2022-01-07 19:03:32 --> Undefined variable: meta_title
#0 /var/www/html/mymisdiagnosis/app/Views/auth_internetics/header_open_with_scripts.php(7): CodeIgniter\Debug\Exceptions->errorHandler(8, 'Undefined varia...', '/var/www/html/m...', 7, Array)
#1 /var/www/html/mymisdiagnosis/system/View/View.php(220): include('/var/www/html/m...')
#2 /var/www/html/mymisdiagnosis/system/View/View.php(222): CodeIgniter\View\View->CodeIgniter\View\{closure}()
#3 /var/www/html/mymisdiagnosis/system/Common.php(1217): CodeIgniter\View\View->render('auth_internetic...', Array, true)
#4 /var/www/html/mymisdiagnosis/app/Controllers/Record.php(171): view('auth_internetic...', Array)
#5 /var/www/html/mymisdiagnosis/system/CodeIgniter.php(936): App\Controllers\Record->display('loadRecord')
#6 /var/www/html/mymisdiagnosis/system/CodeIgniter.php(432): CodeIgniter\CodeIgniter->runController(Object(App\Controllers\Record))
#7 /var/www/html/mymisdiagnosis/system/CodeIgniter.php(333): CodeIgniter\CodeIgniter->handleRequest(NULL, Object(Config\Cache), false)
#8 /var/www/html/mymisdiagnosis/index.php(44): CodeIgniter\CodeIgniter->run()
#9 {main}
INFO - 2022-01-07 19:03:37 --> Session: Class initialized using 'CodeIgniter\Session\Handlers\FileHandler' driver.
WARNING - 2022-01-07 19:03:37 --> Session: Sessions is enabled, and one exists.Please don't $session->start();
CRITICAL - 2022-01-07 19:03:37 --> Undefined variable: meta_title
#0 /var/www/html/mymisdiagnosis/app/Views/auth_internetics/header_open_with_scripts.php(7): CodeIgniter\Debug\Exceptions->errorHandler(8, 'Undefined varia...', '/var/www/html/m...', 7, Array)
#1 /var/www/html/mymisdiagnosis/system/View/View.php(220): include('/var/www/html/m...')
#2 /var/www/html/mymisdiagnosis/system/View/View.php(222): CodeIgniter\View\View->CodeIgniter\View\{closure}()
#3 /var/www/html/mymisdiagnosis/system/Common.php(1217): CodeIgniter\View\View->render('auth_internetic...', Array, true)
#4 /var/www/html/mymisdiagnosis/app/Controllers/Record.php(171): view('auth_internetic...', Array)
#5 /var/www/html/mymisdiagnosis/system/CodeIgniter.php(936): App\Controllers\Record->display('loadRecordx')
#6 /var/www/html/mymisdiagnosis/system/CodeIgniter.php(432): CodeIgniter\CodeIgniter->runController(Object(App\Controllers\Record))
#7 /var/www/html/mymisdiagnosis/system/CodeIgniter.php(333): CodeIgniter\CodeIgniter->handleRequest(NULL, Object(Config\Cache), false)
#8 /var/www/html/mymisdiagnosis/index.php(44): CodeIgniter\CodeIgniter->run()
#9 {main}
INFO - 2022-01-07 19:03:54 --> Session: Class initialized using 'CodeIgniter\Session\Handlers\FileHandler' driver.
WARNING - 2022-01-07 19:03:54 --> Session: Sessions is enabled, and one exists.Please don't $session->start();
CRITICAL - 2022-01-07 19:03:54 --> Undefined variable: meta_title
#0 /var/www/html/mymisdiagnosis/app/Views/auth_internetics/header_open_with_scripts.php(7): CodeIgniter\Debug\Exceptions->errorHandler(8, 'Undefined varia...', '/var/www/html/m...', 7, Array)
#1 /var/www/html/mymisdiagnosis/system/View/View.php(220): include('/var/www/html/m...')
#2 /var/www/html/mymisdiagnosis/system/View/View.php(222): CodeIgniter\View\View->CodeIgniter\View\{closure}()
#3 /var/www/html/mymisdiagnosis/system/Common.php(1217): CodeIgniter\View\View->render('auth_internetic...', Array, true)
#4 /var/www/html/mymisdiagnosis/app/Controllers/Record.php(171): view('auth_internetic...', Array)
#5 /var/www/html/mymisdiagnosis/system/CodeIgniter.php(936): App\Controllers\Record->display('loadRecord')
#6 /var/www/html/mymisdiagnosis/system/CodeIgniter.php(432): CodeIgniter\CodeIgniter->runController(Object(App\Controllers\Record))
#7 /var/www/html/mymisdiagnosis/system/CodeIgniter.php(333): CodeIgniter\CodeIgniter->handleRequest(NULL, Object(Config\Cache), false)
#8 /var/www/html/mymisdiagnosis/index.php(44): CodeIgniter\CodeIgniter->run()
#9 {main}
INFO - 2022-01-07 19:03:58 --> Session: Class initialized using 'CodeIgniter\Session\Handlers\FileHandler' driver.
WARNING - 2022-01-07 19:03:58 --> Session: Sessions is enabled, and one exists.Please don't $session->start();
CRITICAL - 2022-01-07 19:03:58 --> Undefined variable: meta_title
#0 /var/www/html/mymisdiagnosis/app/Views/auth_internetics/header_open_with_scripts.php(7): CodeIgniter\Debug\Exceptions->errorHandler(8, 'Undefined varia...', '/var/www/html/m...', 7, Array)
#1 /var/www/html/mymisdiagnosis/system/View/View.php(220): include('/var/www/html/m...')
#2 /var/www/html/mymisdiagnosis/system/View/View.php(222): CodeIgniter\View\View->CodeIgniter\View\{closure}()
#3 /var/www/html/mymisdiagnosis/system/Common.php(1217): CodeIgniter\View\View->render('auth_internetic...', Array, true)
#4 /var/www/html/mymisdiagnosis/app/Controllers/Record.php(171): view('auth_internetic...', Array)
#5 /var/www/html/mymisdiagnosis/system/CodeIgniter.php(936): App\Controllers\Record->display('loadRecord')
#6 /var/www/html/mymisdiagnosis/system/CodeIgniter.php(432): CodeIgniter\CodeIgniter->runController(Object(App\Controllers\Record))
#7 /var/www/html/mymisdiagnosis/system/CodeIgniter.php(333): CodeIgniter\CodeIgniter->handleRequest(NULL, Object(Config\Cache), false)
#8 /var/www/html/mymisdiagnosis/index.php(44): CodeIgniter\CodeIgniter->run()
#9 {main}
INFO - 2022-01-07 19:03:59 --> Session: Class initialized using 'CodeIgniter\Session\Handlers\FileHandler' driver.
WARNING - 2022-01-07 19:03:59 --> Session: Sessions is enabled, and one exists.Please don't $session->start();
CRITICAL - 2022-01-07 19:03:59 --> Undefined variable: meta_title
#0 /var/www/html/mymisdiagnosis/app/Views/auth_internetics/header_open_with_scripts.php(7): CodeIgniter\Debug\Exceptions->errorHandler(8, 'Undefined varia...', '/var/www/html/m...', 7, Array)
#1 /var/www/html/mymisdiagnosis/system/View/View.php(220): include('/var/www/html/m...')
#2 /var/www/html/mymisdiagnosis/system/View/View.php(222): CodeIgniter\View\View->CodeIgniter\View\{closure}()
#3 /var/www/html/mymisdiagnosis/system/Common.php(1217): CodeIgniter\View\View->render('auth_internetic...', Array, true)
#4 /var/www/html/mymisdiagnosis/app/Controllers/Record.php(171): view('auth_internetic...', Array)
#5 /var/www/html/mymisdiagnosis/system/CodeIgniter.php(936): App\Controllers\Record->display('loadRecord')
#6 /var/www/html/mymisdiagnosis/system/CodeIgniter.php(432): CodeIgniter\CodeIgniter->runController(Object(App\Controllers\Record))
#7 /var/www/html/mymisdiagnosis/system/CodeIgniter.php(333): CodeIgniter\CodeIgniter->handleRequest(NULL, Object(Config\Cache), false)
#8 /var/www/html/mymisdiagnosis/index.php(44): CodeIgniter\CodeIgniter->run()
#9 {main}
CRITICAL - 2022-01-07 19:05:11 --> Class 'App\Controllers\User' not found
#0 /var/www/html/mymisdiagnosis/system/CodeIgniter.php(936): App\Controllers\Record->loadRecord()
#1 /var/www/html/mymisdiagnosis/system/CodeIgniter.php(432): CodeIgniter\CodeIgniter->runController(Object(App\Controllers\Record))
#2 /var/www/html/mymisdiagnosis/system/CodeIgniter.php(333): CodeIgniter\CodeIgniter->handleRequest(NULL, Object(Config\Cache), false)
#3 /var/www/html/mymisdiagnosis/index.php(44): CodeIgniter\CodeIgniter->run()
#4 {main}
CRITICAL - 2022-01-07 19:06:23 --> Argument 1 passed to CodeIgniter\Database\BaseResult::getResult() must be of the type string, null given, called in /var/www/html/mymisdiagnosis/system/Model.php on line 214
#0 /var/www/html/mymisdiagnosis/system/Model.php(214): CodeIgniter\Database\BaseResult->getResult(NULL)
#1 /var/www/html/mymisdiagnosis/system/BaseModel.php(583): CodeIgniter\Model->doFindAll(3, 0)
#2 /var/www/html/mymisdiagnosis/system/BaseModel.php(1144): CodeIgniter\BaseModel->findAll(3, 0)
#3 /var/www/html/mymisdiagnosis/app/Controllers/Record.php(94): CodeIgniter\BaseModel->paginate(3)
#4 /var/www/html/mymisdiagnosis/system/CodeIgniter.php(936): App\Controllers\Record->loadRecord()
#5 /var/www/html/mymisdiagnosis/system/CodeIgniter.php(432): CodeIgniter\CodeIgniter->runController(Object(App\Controllers\Record))
#6 /var/www/html/mymisdiagnosis/system/CodeIgniter.php(333): CodeIgniter\CodeIgniter->handleRequest(NULL, Object(Config\Cache), false)
#7 /var/www/html/mymisdiagnosis/index.php(44): CodeIgniter\CodeIgniter->run()
#8 {main}
INFO - 2022-01-07 19:06:45 --> Session: Class initialized using 'CodeIgniter\Session\Handlers\FileHandler' driver.
WARNING - 2022-01-07 19:06:45 --> Session: Sessions is enabled, and one exists.Please don't $session->start();
CRITICAL - 2022-01-07 19:06:45 --> Undefined index: search
#0 /var/www/html/mymisdiagnosis/app/Models/RecordModel.php(30): CodeIgniter\Debug\Exceptions->errorHandler(8, 'Undefined index...', '/var/www/html/m...', 30, Array)
#1 /var/www/html/mymisdiagnosis/app/Controllers/Record.php(59): App\Models\RecordModel->getAllPosts('default', 'asc')
#2 /var/www/html/mymisdiagnosis/system/CodeIgniter.php(936): App\Controllers\Record->index('$1')
#3 /var/www/html/mymisdiagnosis/system/CodeIgniter.php(432): CodeIgniter\CodeIgniter->runController(Object(App\Controllers\Record))
#4 /var/www/html/mymisdiagnosis/system/CodeIgniter.php(333): CodeIgniter\CodeIgniter->handleRequest(NULL, Object(Config\Cache), false)
#5 /var/www/html/mymisdiagnosis/index.php(44): CodeIgniter\CodeIgniter->run()
#6 {main}
INFO - 2022-01-07 19:06:47 --> Session: Class initialized using 'CodeIgniter\Session\Handlers\FileHandler' driver.
WARNING - 2022-01-07 19:06:47 --> Session: Sessions is enabled, and one exists.Please don't $session->start();
INFO - 2022-01-07 19:06:49 --> Session: Class initialized using 'CodeIgniter\Session\Handlers\FileHandler' driver.
WARNING - 2022-01-07 19:06:49 --> Session: Sessions is enabled, and one exists.Please don't $session->start();
INFO - 2022-01-07 19:06:52 --> Session: Class initialized using 'CodeIgniter\Session\Handlers\FileHandler' driver.
WARNING - 2022-01-07 19:06:52 --> Session: Sessions is enabled, and one exists.Please don't $session->start();
CRITICAL - 2022-01-07 19:06:52 --> Undefined index: search
#0 /var/www/html/mymisdiagnosis/app/Models/RecordModel.php(30): CodeIgniter\Debug\Exceptions->errorHandler(8, 'Undefined index...', '/var/www/html/m...', 30, Array)
#1 /var/www/html/mymisdiagnosis/app/Controllers/Record.php(59): App\Models\RecordModel->getAllPosts('default', 'asc')
#2 /var/www/html/mymisdiagnosis/system/CodeIgniter.php(936): App\Controllers\Record->index('$1')
#3 /var/www/html/mymisdiagnosis/system/CodeIgniter.php(432): CodeIgniter\CodeIgniter->runController(Object(App\Controllers\Record))
#4 /var/www/html/mymisdiagnosis/system/CodeIgniter.php(333): CodeIgniter\CodeIgniter->handleRequest(NULL, Object(Config\Cache), false)
#5 /var/www/html/mymisdiagnosis/index.php(44): CodeIgniter\CodeIgniter->run()
#6 {main}
CRITICAL - 2022-01-07 19:06:55 --> Argument 1 passed to CodeIgniter\Database\BaseResult::getResult() must be of the type string, null given, called in /var/www/html/mymisdiagnosis/system/Model.php on line 214
#0 /var/www/html/mymisdiagnosis/system/Model.php(214): CodeIgniter\Database\BaseResult->getResult(NULL)
#1 /var/www/html/mymisdiagnosis/system/BaseModel.php(583): CodeIgniter\Model->doFindAll(3, 0)
#2 /var/www/html/mymisdiagnosis/system/BaseModel.php(1144): CodeIgniter\BaseModel->findAll(3, 0)
#3 /var/www/html/mymisdiagnosis/app/Controllers/Record.php(94): CodeIgniter\BaseModel->paginate(3)
#4 /var/www/html/mymisdiagnosis/system/CodeIgniter.php(936): App\Controllers\Record->loadRecord()
#5 /var/www/html/mymisdiagnosis/system/CodeIgniter.php(432): CodeIgniter\CodeIgniter->runController(Object(App\Controllers\Record))
#6 /var/www/html/mymisdiagnosis/system/CodeIgniter.php(333): CodeIgniter\CodeIgniter->handleRequest(NULL, Object(Config\Cache), false)
#7 /var/www/html/mymisdiagnosis/index.php(44): CodeIgniter\CodeIgniter->run()
#8 {main}
CRITICAL - 2022-01-07 19:06:55 --> Argument 1 passed to CodeIgniter\Database\BaseResult::getResult() must be of the type string, null given, called in /var/www/html/mymisdiagnosis/system/Model.php on line 214
#0 /var/www/html/mymisdiagnosis/system/Model.php(214): CodeIgniter\Database\BaseResult->getResult(NULL)
#1 /var/www/html/mymisdiagnosis/system/BaseModel.php(583): CodeIgniter\Model->doFindAll(3, 0)
#2 /var/www/html/mymisdiagnosis/system/BaseModel.php(1144): CodeIgniter\BaseModel->findAll(3, 0)
#3 /var/www/html/mymisdiagnosis/app/Controllers/Record.php(94): CodeIgniter\BaseModel->paginate(3)
#4 /var/www/html/mymisdiagnosis/system/CodeIgniter.php(936): App\Controllers\Record->loadRecord()
#5 /var/www/html/mymisdiagnosis/system/CodeIgniter.php(432): CodeIgniter\CodeIgniter->runController(Object(App\Controllers\Record))
#6 /var/www/html/mymisdiagnosis/system/CodeIgniter.php(333): CodeIgniter\CodeIgniter->handleRequest(NULL, Object(Config\Cache), false)
#7 /var/www/html/mymisdiagnosis/index.php(44): CodeIgniter\CodeIgniter->run()
#8 {main}
INFO - 2022-01-07 19:07:01 --> Session: Class initialized using 'CodeIgniter\Session\Handlers\FileHandler' driver.
WARNING - 2022-01-07 19:07:01 --> Session: Sessions is enabled, and one exists.Please don't $session->start();
CRITICAL - 2022-01-07 19:07:01 --> Undefined variable: meta_title
#0 /var/www/html/mymisdiagnosis/app/Views/auth_internetics/header_open_with_scripts.php(7): CodeIgniter\Debug\Exceptions->errorHandler(8, 'Undefined varia...', '/var/www/html/m...', 7, Array)
#1 /var/www/html/mymisdiagnosis/system/View/View.php(220): include('/var/www/html/m...')
#2 /var/www/html/mymisdiagnosis/system/View/View.php(222): CodeIgniter\View\View->CodeIgniter\View\{closure}()
#3 /var/www/html/mymisdiagnosis/system/Common.php(1217): CodeIgniter\View\View->render('auth_internetic...', Array, true)
#4 /var/www/html/mymisdiagnosis/app/Controllers/Record.php(171): view('auth_internetic...', Array)
#5 /var/www/html/mymisdiagnosis/system/CodeIgniter.php(936): App\Controllers\Record->display('loadRecord')
#6 /var/www/html/mymisdiagnosis/system/CodeIgniter.php(432): CodeIgniter\CodeIgniter->runController(Object(App\Controllers\Record))
#7 /var/www/html/mymisdiagnosis/system/CodeIgniter.php(333): CodeIgniter\CodeIgniter->handleRequest(NULL, Object(Config\Cache), false)
#8 /var/www/html/mymisdiagnosis/index.php(44): CodeIgniter\CodeIgniter->run()
#9 {main}
INFO - 2022-01-07 19:09:26 --> Session: Class initialized using 'CodeIgniter\Session\Handlers\FileHandler' driver.
WARNING - 2022-01-07 19:09:26 --> Session: Sessions is enabled, and one exists.Please don't $session->start();
CRITICAL - 2022-01-07 19:09:26 --> Undefined index: search
#0 /var/www/html/mymisdiagnosis/app/Models/RecordModel.php(30): CodeIgniter\Debug\Exceptions->errorHandler(8, 'Undefined index...', '/var/www/html/m...', 30, Array)
#1 /var/www/html/mymisdiagnosis/app/Controllers/Record.php(59): App\Models\RecordModel->getAllPosts('default', 'asc')
#2 /var/www/html/mymisdiagnosis/system/CodeIgniter.php(936): App\Controllers\Record->index('$1')
#3 /var/www/html/mymisdiagnosis/system/CodeIgniter.php(432): CodeIgniter\CodeIgniter->runController(Object(App\Controllers\Record))
#4 /var/www/html/mymisdiagnosis/system/CodeIgniter.php(333): CodeIgniter\CodeIgniter->handleRequest(NULL, Object(Config\Cache), false)
#5 /var/www/html/mymisdiagnosis/index.php(44): CodeIgniter\CodeIgniter->run()
#6 {main}
INFO - 2022-01-07 19:09:43 --> Session: Class initialized using 'CodeIgniter\Session\Handlers\FileHandler' driver.
WARNING - 2022-01-07 19:09:43 --> Session: Sessions is enabled, and one exists.Please don't $session->start();
CRITICAL - 2022-01-07 19:09:43 --> Undefined index: search
#0 /var/www/html/mymisdiagnosis/app/Models/RecordModel.php(29): CodeIgniter\Debug\Exceptions->errorHandler(8, 'Undefined index...', '/var/www/html/m...', 29, Array)
#1 /var/www/html/mymisdiagnosis/app/Controllers/Record.php(59): App\Models\RecordModel->getAllPosts('default', 'asc')
#2 /var/www/html/mymisdiagnosis/system/CodeIgniter.php(936): App\Controllers\Record->index('$1')
#3 /var/www/html/mymisdiagnosis/system/CodeIgniter.php(432): CodeIgniter\CodeIgniter->runController(Object(App\Controllers\Record))
#4 /var/www/html/mymisdiagnosis/system/CodeIgniter.php(333): CodeIgniter\CodeIgniter->handleRequest(NULL, Object(Config\Cache), false)
#5 /var/www/html/mymisdiagnosis/index.php(44): CodeIgniter\CodeIgniter->run()
#6 {main}
INFO - 2022-01-07 19:09:58 --> Session: Class initialized using 'CodeIgniter\Session\Handlers\FileHandler' driver.
WARNING - 2022-01-07 19:09:58 --> Session: Sessions is enabled, and one exists.Please don't $session->start();
CRITICAL - 2022-01-07 19:09:58 --> syntax error, unexpected 'protected' (T_PROTECTED)
#0 /var/www/html/mymisdiagnosis/system/Autoloader/Autoloader.php(265): CodeIgniter\Autoloader\Autoloader->includeFile('/var/www/html/m...')
#1 /var/www/html/mymisdiagnosis/system/Autoloader/Autoloader.php(228): CodeIgniter\Autoloader\Autoloader->loadInNamespace('App\\Models\\Reco...')
#2 [internal function]: CodeIgniter\Autoloader\Autoloader->loadClass('App\\Models\\Reco...')
#3 /var/www/html/mymisdiagnosis/app/Controllers/Record.php(57): spl_autoload_call('App\\Models\\Reco...')
#4 /var/www/html/mymisdiagnosis/system/CodeIgniter.php(936): App\Controllers\Record->index('$1')
#5 /var/www/html/mymisdiagnosis/system/CodeIgniter.php(432): CodeIgniter\CodeIgniter->runController(Object(App\Controllers\Record))
#6 /var/www/html/mymisdiagnosis/system/CodeIgniter.php(333): CodeIgniter\CodeIgniter->handleRequest(NULL, Object(Config\Cache), false)
#7 /var/www/html/mymisdiagnosis/index.php(44): CodeIgniter\CodeIgniter->run()
#8 {main}
INFO - 2022-01-07 19:10:10 --> Session: Class initialized using 'CodeIgniter\Session\Handlers\FileHandler' driver.
WARNING - 2022-01-07 19:10:10 --> Session: Sessions is enabled, and one exists.Please don't $session->start();
CRITICAL - 2022-01-07 19:10:10 --> Undefined index: search
#0 /var/www/html/mymisdiagnosis/app/Models/RecordModel.php(25): CodeIgniter\Debug\Exceptions->errorHandler(8, 'Undefined index...', '/var/www/html/m...', 25, Array)
#1 /var/www/html/mymisdiagnosis/app/Controllers/Record.php(59): App\Models\RecordModel->getAllPosts('default', 'asc')
#2 /var/www/html/mymisdiagnosis/system/CodeIgniter.php(936): App\Controllers\Record->index('$1')
#3 /var/www/html/mymisdiagnosis/system/CodeIgniter.php(432): CodeIgniter\CodeIgniter->runController(Object(App\Controllers\Record))
#4 /var/www/html/mymisdiagnosis/system/CodeIgniter.php(333): CodeIgniter\CodeIgniter->handleRequest(NULL, Object(Config\Cache), false)
#5 /var/www/html/mymisdiagnosis/index.php(44): CodeIgniter\CodeIgniter->run()
#6 {main}
INFO - 2022-01-07 19:10:21 --> Session: Class initialized using 'CodeIgniter\Session\Handlers\FileHandler' driver.
WARNING - 2022-01-07 19:10:21 --> Session: Sessions is enabled, and one exists.Please don't $session->start();
CRITICAL - 2022-01-07 19:10:21 --> Undefined index: search
#0 /var/www/html/mymisdiagnosis/app/Models/RecordModel.php(25): CodeIgniter\Debug\Exceptions->errorHandler(8, 'Undefined index...', '/var/www/html/m...', 25, Array)
#1 /var/www/html/mymisdiagnosis/app/Controllers/Record.php(59): App\Models\RecordModel->getAllPosts('default', 'asc')
#2 /var/www/html/mymisdiagnosis/system/CodeIgniter.php(936): App\Controllers\Record->index('$1')
#3 /var/www/html/mymisdiagnosis/system/CodeIgniter.php(432): CodeIgniter\CodeIgniter->runController(Object(App\Controllers\Record))
#4 /var/www/html/mymisdiagnosis/system/CodeIgniter.php(333): CodeIgniter\CodeIgniter->handleRequest(NULL, Object(Config\Cache), false)
#5 /var/www/html/mymisdiagnosis/index.php(44): CodeIgniter\CodeIgniter->run()
#6 {main}
INFO - 2022-01-07 19:10:42 --> Session: Class initialized using 'CodeIgniter\Session\Handlers\FileHandler' driver.
WARNING - 2022-01-07 19:10:42 --> Session: Sessions is enabled, and one exists.Please don't $session->start();
INFO - 2022-01-07 19:11:08 --> Session: Class initialized using 'CodeIgniter\Session\Handlers\FileHandler' driver.
WARNING - 2022-01-07 19:11:08 --> Session: Sessions is enabled, and one exists.Please don't $session->start();
INFO - 2022-01-07 19:11:11 --> Session: Class initialized using 'CodeIgniter\Session\Handlers\FileHandler' driver.
WARNING - 2022-01-07 19:11:11 --> Session: Sessions is enabled, and one exists.Please don't $session->start();
CRITICAL - 2022-01-07 19:13:02 --> Undefined variable: title
#0 /var/www/html/mymisdiagnosis/app/Views/record_list.php(4): CodeIgniter\Debug\Exceptions->errorHandler(8, 'Undefined varia...', '/var/www/html/m...', 4, Array)
#1 /var/www/html/mymisdiagnosis/system/View/View.php(220): include('/var/www/html/m...')
#2 /var/www/html/mymisdiagnosis/system/View/View.php(222): CodeIgniter\View\View->CodeIgniter\View\{closure}()
#3 /var/www/html/mymisdiagnosis/system/Common.php(1217): CodeIgniter\View\View->render('record_list', Array, true)
#4 /var/www/html/mymisdiagnosis/app/Controllers/Site.php(38): view('record_list', Array)
#5 /var/www/html/mymisdiagnosis/system/CodeIgniter.php(936): App\Controllers\Site->loadRecord()
#6 /var/www/html/mymisdiagnosis/system/CodeIgniter.php(432): CodeIgniter\CodeIgniter->runController(Object(App\Controllers\Site))
#7 /var/www/html/mymisdiagnosis/system/CodeIgniter.php(333): CodeIgniter\CodeIgniter->handleRequest(NULL, Object(Config\Cache), false)
#8 /var/www/html/mymisdiagnosis/index.php(44): CodeIgniter\CodeIgniter->run()
#9 {main}
CRITICAL - 2022-01-07 19:13:48 --> Undefined variable: posts
#0 /var/www/html/mymisdiagnosis/app/Views/record_list.php(10): CodeIgniter\Debug\Exceptions->errorHandler(8, 'Undefined varia...', '/var/www/html/m...', 10, Array)
#1 /var/www/html/mymisdiagnosis/system/View/View.php(220): include('/var/www/html/m...')
#2 /var/www/html/mymisdiagnosis/system/View/View.php(222): CodeIgniter\View\View->CodeIgniter\View\{closure}()
#3 /var/www/html/mymisdiagnosis/system/Common.php(1217): CodeIgniter\View\View->render('record_list', Array, true)
#4 /var/www/html/mymisdiagnosis/app/Controllers/Site.php(43): view('record_list', Array)
#5 /var/www/html/mymisdiagnosis/system/CodeIgniter.php(936): App\Controllers\Site->loadRecord()
#6 /var/www/html/mymisdiagnosis/system/CodeIgniter.php(432): CodeIgniter\CodeIgniter->runController(Object(App\Controllers\Site))
#7 /var/www/html/mymisdiagnosis/system/CodeIgniter.php(333): CodeIgniter\CodeIgniter->handleRequest(NULL, Object(Config\Cache), false)
#8 /var/www/html/mymisdiagnosis/index.php(44): CodeIgniter\CodeIgniter->run()
#9 {main}
CRITICAL - 2022-01-07 19:14:14 --> Call to undefined function word_limiter()
#0 /var/www/html/mymisdiagnosis/system/View/View.php(220): include()
#1 /var/www/html/mymisdiagnosis/system/View/View.php(222): CodeIgniter\View\View->CodeIgniter\View\{closure}()
#2 /var/www/html/mymisdiagnosis/system/Common.php(1217): CodeIgniter\View\View->render('record_list', Array, true)
#3 /var/www/html/mymisdiagnosis/app/Controllers/Site.php(43): view('record_list', Array)
#4 /var/www/html/mymisdiagnosis/system/CodeIgniter.php(936): App\Controllers\Site->loadRecord()
#5 /var/www/html/mymisdiagnosis/system/CodeIgniter.php(432): CodeIgniter\CodeIgniter->runController(Object(App\Controllers\Site))
#6 /var/www/html/mymisdiagnosis/system/CodeIgniter.php(333): CodeIgniter\CodeIgniter->handleRequest(NULL, Object(Config\Cache), false)
#7 /var/www/html/mymisdiagnosis/index.php(44): CodeIgniter\CodeIgniter->run()
#8 {main}
CRITICAL - 2022-01-07 19:15:49 --> syntax error, unexpected '<'
#0 /var/www/html/mymisdiagnosis/system/View/View.php(222): CodeIgniter\View\View->CodeIgniter\View\{closure}()
#1 /var/www/html/mymisdiagnosis/system/Common.php(1217): CodeIgniter\View\View->render('record_list', Array, true)
#2 /var/www/html/mymisdiagnosis/app/Controllers/Site.php(43): view('record_list', Array)
#3 /var/www/html/mymisdiagnosis/system/CodeIgniter.php(936): App\Controllers\Site->loadRecord()
#4 /var/www/html/mymisdiagnosis/system/CodeIgniter.php(432): CodeIgniter\CodeIgniter->runController(Object(App\Controllers\Site))
#5 /var/www/html/mymisdiagnosis/system/CodeIgniter.php(333): CodeIgniter\CodeIgniter->handleRequest(NULL, Object(Config\Cache), false)
#6 /var/www/html/mymisdiagnosis/index.php(44): CodeIgniter\CodeIgniter->run()
#7 {main}
CRITICAL - 2022-01-07 19:16:07 --> Undefined variable: posts
#0 /var/www/html/mymisdiagnosis/app/Views/record_list.php(10): CodeIgniter\Debug\Exceptions->errorHandler(8, 'Undefined varia...', '/var/www/html/m...', 10, Array)
#1 /var/www/html/mymisdiagnosis/system/View/View.php(220): include('/var/www/html/m...')
#2 /var/www/html/mymisdiagnosis/system/View/View.php(222): CodeIgniter\View\View->CodeIgniter\View\{closure}()
#3 /var/www/html/mymisdiagnosis/system/Common.php(1217): CodeIgniter\View\View->render('record_list', Array, true)
#4 /var/www/html/mymisdiagnosis/app/Controllers/Site.php(43): view('record_list', Array)
#5 /var/www/html/mymisdiagnosis/system/CodeIgniter.php(936): App\Controllers\Site->loadRecord()
#6 /var/www/html/mymisdiagnosis/system/CodeIgniter.php(432): CodeIgniter\CodeIgniter->runController(Object(App\Controllers\Site))
#7 /var/www/html/mymisdiagnosis/system/CodeIgniter.php(333): CodeIgniter\CodeIgniter->handleRequest(NULL, Object(Config\Cache), false)
#8 /var/www/html/mymisdiagnosis/index.php(44): CodeIgniter\CodeIgniter->run()
#9 {main}
CRITICAL - 2022-01-07 19:17:15 --> syntax error, unexpected 'endif' (T_ENDIF), expecting end of file
#0 /var/www/html/mymisdiagnosis/system/View/View.php(222): CodeIgniter\View\View->CodeIgniter\View\{closure}()
#1 /var/www/html/mymisdiagnosis/system/Common.php(1217): CodeIgniter\View\View->render('record_list', Array, true)
#2 /var/www/html/mymisdiagnosis/app/Controllers/Site.php(43): view('record_list', Array)
#3 /var/www/html/mymisdiagnosis/system/CodeIgniter.php(936): App\Controllers\Site->loadRecord()
#4 /var/www/html/mymisdiagnosis/system/CodeIgniter.php(432): CodeIgniter\CodeIgniter->runController(Object(App\Controllers\Site))
#5 /var/www/html/mymisdiagnosis/system/CodeIgniter.php(333): CodeIgniter\CodeIgniter->handleRequest(NULL, Object(Config\Cache), false)
#6 /var/www/html/mymisdiagnosis/index.php(44): CodeIgniter\CodeIgniter->run()
#7 {main}
INFO - 2022-01-07 19:20:13 --> Session: Class initialized using 'CodeIgniter\Session\Handlers\FileHandler' driver.
INFO - 2022-01-07 19:21:06 --> Session: Class initialized using 'CodeIgniter\Session\Handlers\FileHandler' driver.
WARNING - 2022-01-07 19:21:06 --> Session: Sessions is enabled, and one exists.Please don't $session->start();
CRITICAL - 2022-01-07 19:21:06 --> Undefined index: search
#0 /var/www/html/mymisdiagnosis/app/Models/RecordModel.php(76): CodeIgniter\Debug\Exceptions->errorHandler(8, 'Undefined index...', '/var/www/html/m...', 76, Array)
#1 /var/www/html/mymisdiagnosis/app/Controllers/Record.php(59): App\Models\RecordModel->getAllPosts('default', 'asc')
#2 /var/www/html/mymisdiagnosis/system/CodeIgniter.php(936): App\Controllers\Record->index('$1')
#3 /var/www/html/mymisdiagnosis/system/CodeIgniter.php(432): CodeIgniter\CodeIgniter->runController(Object(App\Controllers\Record))
#4 /var/www/html/mymisdiagnosis/system/CodeIgniter.php(333): CodeIgniter\CodeIgniter->handleRequest(NULL, Object(Config\Cache), false)
#5 /var/www/html/mymisdiagnosis/index.php(44): CodeIgniter\CodeIgniter->run()
#6 {main}
INFO - 2022-01-07 19:21:08 --> Session: Class initialized using 'CodeIgniter\Session\Handlers\FileHandler' driver.
WARNING - 2022-01-07 19:21:08 --> Session: Sessions is enabled, and one exists.Please don't $session->start();
CRITICAL - 2022-01-07 19:21:08 --> Undefined index: search
#0 /var/www/html/mymisdiagnosis/app/Models/RecordModel.php(76): CodeIgniter\Debug\Exceptions->errorHandler(8, 'Undefined index...', '/var/www/html/m...', 76, Array)
#1 /var/www/html/mymisdiagnosis/app/Controllers/Record.php(59): App\Models\RecordModel->getAllPosts('default', 'asc')
#2 /var/www/html/mymisdiagnosis/system/CodeIgniter.php(936): App\Controllers\Record->index('$1')
#3 /var/www/html/mymisdiagnosis/system/CodeIgniter.php(432): CodeIgniter\CodeIgniter->runController(Object(App\Controllers\Record))
#4 /var/www/html/mymisdiagnosis/system/CodeIgniter.php(333): CodeIgniter\CodeIgniter->handleRequest(NULL, Object(Config\Cache), false)
#5 /var/www/html/mymisdiagnosis/index.php(44): CodeIgniter\CodeIgniter->run()
#6 {main}
INFO - 2022-01-07 19:21:09 --> Session: Class initialized using 'CodeIgniter\Session\Handlers\FileHandler' driver.
WARNING - 2022-01-07 19:21:09 --> Session: Sessions is enabled, and one exists.Please don't $session->start();
CRITICAL - 2022-01-07 19:21:09 --> Undefined index: search
#0 /var/www/html/mymisdiagnosis/app/Models/RecordModel.php(76): CodeIgniter\Debug\Exceptions->errorHandler(8, 'Undefined index...', '/var/www/html/m...', 76, Array)
#1 /var/www/html/mymisdiagnosis/app/Controllers/Record.php(59): App\Models\RecordModel->getAllPosts('default', 'asc')
#2 /var/www/html/mymisdiagnosis/system/CodeIgniter.php(936): App\Controllers\Record->index('$1')
#3 /var/www/html/mymisdiagnosis/system/CodeIgniter.php(432): CodeIgniter\CodeIgniter->runController(Object(App\Controllers\Record))
#4 /var/www/html/mymisdiagnosis/system/CodeIgniter.php(333): CodeIgniter\CodeIgniter->handleRequest(NULL, Object(Config\Cache), false)
#5 /var/www/html/mymisdiagnosis/index.php(44): CodeIgniter\CodeIgniter->run()
#6 {main}
INFO - 2022-01-07 19:21:13 --> Session: Class initialized using 'CodeIgniter\Session\Handlers\FileHandler' driver.
WARNING - 2022-01-07 19:21:13 --> Session: Sessions is enabled, and one exists.Please don't $session->start();
CRITICAL - 2022-01-07 19:21:13 --> Undefined variable: users
#0 /var/www/html/mymisdiagnosis/app/Views/record_list.php(18): CodeIgniter\Debug\Exceptions->errorHandler(8, 'Undefined varia...', '/var/www/html/m...', 18, Array)
#1 /var/www/html/mymisdiagnosis/system/View/View.php(220): include('/var/www/html/m...')
#2 /var/www/html/mymisdiagnosis/system/View/View.php(222): CodeIgniter\View\View->CodeIgniter\View\{closure}()
#3 /var/www/html/mymisdiagnosis/system/Common.php(1217): CodeIgniter\View\View->render('record_list', Array, true)
#4 /var/www/html/mymisdiagnosis/app/Controllers/Record.php(71): view('record_list', Array)
#5 /var/www/html/mymisdiagnosis/system/CodeIgniter.php(936): App\Controllers\Record->index('$1')
#6 /var/www/html/mymisdiagnosis/system/CodeIgniter.php(432): CodeIgniter\CodeIgniter->runController(Object(App\Controllers\Record))
#7 /var/www/html/mymisdiagnosis/system/CodeIgniter.php(333): CodeIgniter\CodeIgniter->handleRequest(NULL, Object(Config\Cache), false)
#8 /var/www/html/mymisdiagnosis/index.php(44): CodeIgniter\CodeIgniter->run()
#9 {main}
INFO - 2022-01-07 19:21:18 --> Session: Class initialized using 'CodeIgniter\Session\Handlers\FileHandler' driver.
WARNING - 2022-01-07 19:21:18 --> Session: Sessions is enabled, and one exists.Please don't $session->start();
CRITICAL - 2022-01-07 19:21:18 --> Undefined variable: users
#0 /var/www/html/mymisdiagnosis/app/Views/record_list.php(18): CodeIgniter\Debug\Exceptions->errorHandler(8, 'Undefined varia...', '/var/www/html/m...', 18, Array)
#1 /var/www/html/mymisdiagnosis/system/View/View.php(220): include('/var/www/html/m...')
#2 /var/www/html/mymisdiagnosis/system/View/View.php(222): CodeIgniter\View\View->CodeIgniter\View\{closure}()
#3 /var/www/html/mymisdiagnosis/system/Common.php(1217): CodeIgniter\View\View->render('record_list', Array, true)
#4 /var/www/html/mymisdiagnosis/app/Controllers/Record.php(71): view('record_list', Array)
#5 /var/www/html/mymisdiagnosis/system/CodeIgniter.php(936): App\Controllers\Record->index('$1')
#6 /var/www/html/mymisdiagnosis/system/CodeIgniter.php(432): CodeIgniter\CodeIgniter->runController(Object(App\Controllers\Record))
#7 /var/www/html/mymisdiagnosis/system/CodeIgniter.php(333): CodeIgniter\CodeIgniter->handleRequest(NULL, Object(Config\Cache), false)
#8 /var/www/html/mymisdiagnosis/index.php(44): CodeIgniter\CodeIgniter->run()
#9 {main}
INFO - 2022-01-07 19:22:17 --> Session: Class initialized using 'CodeIgniter\Session\Handlers\FileHandler' driver.
WARNING - 2022-01-07 19:22:17 --> Session: Sessions is enabled, and one exists.Please don't $session->start();
CRITICAL - 2022-01-07 19:22:17 --> Undefined variable: users
#0 /var/www/html/mymisdiagnosis/app/Views/record_list.php(18): CodeIgniter\Debug\Exceptions->errorHandler(8, 'Undefined varia...', '/var/www/html/m...', 18, Array)
#1 /var/www/html/mymisdiagnosis/system/View/View.php(220): include('/var/www/html/m...')
#2 /var/www/html/mymisdiagnosis/system/View/View.php(222): CodeIgniter\View\View->CodeIgniter\View\{closure}()
#3 /var/www/html/mymisdiagnosis/system/Common.php(1217): CodeIgniter\View\View->render('record_list', Array, true)
#4 /var/www/html/mymisdiagnosis/app/Controllers/Record.php(71): view('record_list', Array)
#5 /var/www/html/mymisdiagnosis/system/CodeIgniter.php(936): App\Controllers\Record->index('$1')
#6 /var/www/html/mymisdiagnosis/system/CodeIgniter.php(432): CodeIgniter\CodeIgniter->runController(Object(App\Controllers\Record))
#7 /var/www/html/mymisdiagnosis/system/CodeIgniter.php(333): CodeIgniter\CodeIgniter->handleRequest(NULL, Object(Config\Cache), false)
#8 /var/www/html/mymisdiagnosis/index.php(44): CodeIgniter\CodeIgniter->run()
#9 {main}
INFO - 2022-01-07 19:22:37 --> Session: Class initialized using 'CodeIgniter\Session\Handlers\FileHandler' driver.
WARNING - 2022-01-07 19:22:37 --> Session: Sessions is enabled, and one exists.Please don't $session->start();
CRITICAL - 2022-01-07 19:22:37 --> Undefined index: search
#0 /var/www/html/mymisdiagnosis/app/Models/RecordModel.php(76): CodeIgniter\Debug\Exceptions->errorHandler(8, 'Undefined index...', '/var/www/html/m...', 76, Array)
#1 /var/www/html/mymisdiagnosis/app/Controllers/Record.php(59): App\Models\RecordModel->getAllPosts('default', 'asc')
#2 /var/www/html/mymisdiagnosis/system/CodeIgniter.php(936): App\Controllers\Record->index('$1')
#3 /var/www/html/mymisdiagnosis/system/CodeIgniter.php(432): CodeIgniter\CodeIgniter->runController(Object(App\Controllers\Record))
#4 /var/www/html/mymisdiagnosis/system/CodeIgniter.php(333): CodeIgniter\CodeIgniter->handleRequest(NULL, Object(Config\Cache), false)
#5 /var/www/html/mymisdiagnosis/index.php(44): CodeIgniter\CodeIgniter->run()
#6 {main}
INFO - 2022-01-07 19:23:51 --> Session: Class initialized using 'CodeIgniter\Session\Handlers\FileHandler' driver.
WARNING - 2022-01-07 19:23:51 --> Session: Sessions is enabled, and one exists.Please don't $session->start();
CRITICAL - 2022-01-07 19:23:51 --> Undefined index: search
#0 /var/www/html/mymisdiagnosis/app/Models/RecordModel.php(25): CodeIgniter\Debug\Exceptions->errorHandler(8, 'Undefined index...', '/var/www/html/m...', 25, Array)
#1 /var/www/html/mymisdiagnosis/app/Controllers/Record.php(59): App\Models\RecordModel->getAllPosts('default', 'asc')
#2 /var/www/html/mymisdiagnosis/system/CodeIgniter.php(936): App\Controllers\Record->index('$1')
#3 /var/www/html/mymisdiagnosis/system/CodeIgniter.php(432): CodeIgniter\CodeIgniter->runController(Object(App\Controllers\Record))
#4 /var/www/html/mymisdiagnosis/system/CodeIgniter.php(333): CodeIgniter\CodeIgniter->handleRequest(NULL, Object(Config\Cache), false)
#5 /var/www/html/mymisdiagnosis/index.php(44): CodeIgniter\CodeIgniter->run()
#6 {main}
INFO - 2022-01-07 19:24:06 --> Session: Class initialized using 'CodeIgniter\Session\Handlers\FileHandler' driver.
WARNING - 2022-01-07 19:24:06 --> Session: Sessions is enabled, and one exists.Please don't $session->start();
CRITICAL - 2022-01-07 19:24:06 --> Undefined variable: users
#0 /var/www/html/mymisdiagnosis/app/Views/record_list.php(18): CodeIgniter\Debug\Exceptions->errorHandler(8, 'Undefined varia...', '/var/www/html/m...', 18, Array)
#1 /var/www/html/mymisdiagnosis/system/View/View.php(220): include('/var/www/html/m...')
#2 /var/www/html/mymisdiagnosis/system/View/View.php(222): CodeIgniter\View\View->CodeIgniter\View\{closure}()
#3 /var/www/html/mymisdiagnosis/system/Common.php(1217): CodeIgniter\View\View->render('record_list', Array, true)
#4 /var/www/html/mymisdiagnosis/app/Controllers/Record.php(71): view('record_list', Array)
#5 /var/www/html/mymisdiagnosis/system/CodeIgniter.php(936): App\Controllers\Record->index('$1')
#6 /var/www/html/mymisdiagnosis/system/CodeIgniter.php(432): CodeIgniter\CodeIgniter->runController(Object(App\Controllers\Record))
#7 /var/www/html/mymisdiagnosis/system/CodeIgniter.php(333): CodeIgniter\CodeIgniter->handleRequest(NULL, Object(Config\Cache), false)
#8 /var/www/html/mymisdiagnosis/index.php(44): CodeIgniter\CodeIgniter->run()
#9 {main}
INFO - 2022-01-07 19:24:37 --> Session: Class initialized using 'CodeIgniter\Session\Handlers\FileHandler' driver.
WARNING - 2022-01-07 19:24:37 --> Session: Sessions is enabled, and one exists.Please don't $session->start();
INFO - 2022-01-07 19:24:42 --> Session: Class initialized using 'CodeIgniter\Session\Handlers\FileHandler' driver.
WARNING - 2022-01-07 19:24:42 --> Session: Sessions is enabled, and one exists.Please don't $session->start();
INFO - 2022-01-07 19:24:42 --> Session: Class initialized using 'CodeIgniter\Session\Handlers\FileHandler' driver.
WARNING - 2022-01-07 19:24:42 --> Session: Sessions is enabled, and one exists.Please don't $session->start();
INFO - 2022-01-07 19:25:03 --> Session: Class initialized using 'CodeIgniter\Session\Handlers\FileHandler' driver.
CRITICAL - 2022-01-07 19:25:03 --> Undefined variable: posts
#0 /var/www/html/mymisdiagnosis/app/Views/record_list.php(10): CodeIgniter\Debug\Exceptions->errorHandler(8, 'Undefined varia...', '/var/www/html/m...', 10, Array)
#1 /var/www/html/mymisdiagnosis/system/View/View.php(220): include('/var/www/html/m...')
#2 /var/www/html/mymisdiagnosis/system/View/View.php(222): CodeIgniter\View\View->CodeIgniter\View\{closure}()
#3 /var/www/html/mymisdiagnosis/system/Common.php(1217): CodeIgniter\View\View->render('record_list', Array, true)
#4 /var/www/html/mymisdiagnosis/app/Controllers/Site.php(47): view('record_list', Array)
#5 /var/www/html/mymisdiagnosis/system/CodeIgniter.php(936): App\Controllers\Site->loadRecord()
#6 /var/www/html/mymisdiagnosis/system/CodeIgniter.php(432): CodeIgniter\CodeIgniter->runController(Object(App\Controllers\Site))
#7 /var/www/html/mymisdiagnosis/system/CodeIgniter.php(333): CodeIgniter\CodeIgniter->handleRequest(NULL, Object(Config\Cache), false)
#8 /var/www/html/mymisdiagnosis/index.php(44): CodeIgniter\CodeIgniter->run()
#9 {main}
INFO - 2022-01-07 19:25:06 --> Session: Class initialized using 'CodeIgniter\Session\Handlers\FileHandler' driver.
CRITICAL - 2022-01-07 19:25:06 --> Undefined variable: posts
#0 /var/www/html/mymisdiagnosis/app/Views/record_list.php(10): CodeIgniter\Debug\Exceptions->errorHandler(8, 'Undefined varia...', '/var/www/html/m...', 10, Array)
#1 /var/www/html/mymisdiagnosis/system/View/View.php(220): include('/var/www/html/m...')
#2 /var/www/html/mymisdiagnosis/system/View/View.php(222): CodeIgniter\View\View->CodeIgniter\View\{closure}()
#3 /var/www/html/mymisdiagnosis/system/Common.php(1217): CodeIgniter\View\View->render('record_list', Array, true)
#4 /var/www/html/mymisdiagnosis/app/Controllers/Site.php(47): view('record_list', Array)
#5 /var/www/html/mymisdiagnosis/system/CodeIgniter.php(936): App\Controllers\Site->loadRecord()
#6 /var/www/html/mymisdiagnosis/system/CodeIgniter.php(432): CodeIgniter\CodeIgniter->runController(Object(App\Controllers\Site))
#7 /var/www/html/mymisdiagnosis/system/CodeIgniter.php(333): CodeIgniter\CodeIgniter->handleRequest(NULL, Object(Config\Cache), false)
#8 /var/www/html/mymisdiagnosis/index.php(44): CodeIgniter\CodeIgniter->run()
#9 {main}
INFO - 2022-01-07 19:28:41 --> Session: Class initialized using 'CodeIgniter\Session\Handlers\FileHandler' driver.
WARNING - 2022-01-07 19:28:41 --> Session: Sessions is enabled, and one exists.Please don't $session->start();
CRITICAL - 2022-01-07 19:28:41 --> Undefined index: search
#0 /var/www/html/mymisdiagnosis/app/Models/RecordModel.php(25): CodeIgniter\Debug\Exceptions->errorHandler(8, 'Undefined index...', '/var/www/html/m...', 25, Array)
#1 /var/www/html/mymisdiagnosis/app/Controllers/Record.php(59): App\Models\RecordModel->getAllPosts('default', 'asc')
#2 /var/www/html/mymisdiagnosis/system/CodeIgniter.php(936): App\Controllers\Record->index('$1')
#3 /var/www/html/mymisdiagnosis/system/CodeIgniter.php(432): CodeIgniter\CodeIgniter->runController(Object(App\Controllers\Record))
#4 /var/www/html/mymisdiagnosis/system/CodeIgniter.php(333): CodeIgniter\CodeIgniter->handleRequest(NULL, Object(Config\Cache), false)
#5 /var/www/html/mymisdiagnosis/index.php(44): CodeIgniter\CodeIgniter->run()
#6 {main}
INFO - 2022-01-07 19:29:22 --> Session: Class initialized using 'CodeIgniter\Session\Handlers\FileHandler' driver.
WARNING - 2022-01-07 19:29:22 --> Session: Sessions is enabled, and one exists.Please don't $session->start();
CRITICAL - 2022-01-07 19:29:22 --> Undefined index: search
#0 /var/www/html/mymisdiagnosis/app/Models/RecordModel.php(27): CodeIgniter\Debug\Exceptions->errorHandler(8, 'Undefined index...', '/var/www/html/m...', 27, Array)
#1 /var/www/html/mymisdiagnosis/app/Controllers/Record.php(59): App\Models\RecordModel->getAllPosts('default', 'asc')
#2 /var/www/html/mymisdiagnosis/system/CodeIgniter.php(936): App\Controllers\Record->index('$1')
#3 /var/www/html/mymisdiagnosis/system/CodeIgniter.php(432): CodeIgniter\CodeIgniter->runController(Object(App\Controllers\Record))
#4 /var/www/html/mymisdiagnosis/system/CodeIgniter.php(333): CodeIgniter\CodeIgniter->handleRequest(NULL, Object(Config\Cache), false)
#5 /var/www/html/mymisdiagnosis/index.php(44): CodeIgniter\CodeIgniter->run()
#6 {main}
INFO - 2022-01-07 19:30:58 --> Session: Class initialized using 'CodeIgniter\Session\Handlers\FileHandler' driver.
WARNING - 2022-01-07 19:30:58 --> Session: Sessions is enabled, and one exists.Please don't $session->start();
CRITICAL - 2022-01-07 19:30:58 --> Call to undefined method App\Models\RecordModel::getAllPosts
#0 /var/www/html/mymisdiagnosis/app/Controllers/Record.php(59): CodeIgniter\Model->__call('getAllPosts', Array)
#1 /var/www/html/mymisdiagnosis/system/CodeIgniter.php(936): App\Controllers\Record->index('$1')
#2 /var/www/html/mymisdiagnosis/system/CodeIgniter.php(432): CodeIgniter\CodeIgniter->runController(Object(App\Controllers\Record))
#3 /var/www/html/mymisdiagnosis/system/CodeIgniter.php(333): CodeIgniter\CodeIgniter->handleRequest(NULL, Object(Config\Cache), false)
#4 /var/www/html/mymisdiagnosis/index.php(44): CodeIgniter\CodeIgniter->run()
#5 {main}
INFO - 2022-01-07 19:31:34 --> Session: Class initialized using 'CodeIgniter\Session\Handlers\FileHandler' driver.
WARNING - 2022-01-07 19:31:34 --> Session: Sessions is enabled, and one exists.Please don't $session->start();
CRITICAL - 2022-01-07 19:31:34 --> Undefined index: search
#0 /var/www/html/mymisdiagnosis/app/Models/RecordModel.php(27): CodeIgniter\Debug\Exceptions->errorHandler(8, 'Undefined index...', '/var/www/html/m...', 27, Array)
#1 /var/www/html/mymisdiagnosis/app/Controllers/Record.php(59): App\Models\RecordModel->getAllPosts('default', 'asc')
#2 /var/www/html/mymisdiagnosis/system/CodeIgniter.php(936): App\Controllers\Record->index('$1')
#3 /var/www/html/mymisdiagnosis/system/CodeIgniter.php(432): CodeIgniter\CodeIgniter->runController(Object(App\Controllers\Record))
#4 /var/www/html/mymisdiagnosis/system/CodeIgniter.php(333): CodeIgniter\CodeIgniter->handleRequest(NULL, Object(Config\Cache), false)
#5 /var/www/html/mymisdiagnosis/index.php(44): CodeIgniter\CodeIgniter->run()
#6 {main}
INFO - 2022-01-07 19:31:34 --> Session: Class initialized using 'CodeIgniter\Session\Handlers\FileHandler' driver.
WARNING - 2022-01-07 19:31:34 --> Session: Sessions is enabled, and one exists.Please don't $session->start();
CRITICAL - 2022-01-07 19:31:34 --> Undefined index: search
#0 /var/www/html/mymisdiagnosis/app/Models/RecordModel.php(27): CodeIgniter\Debug\Exceptions->errorHandler(8, 'Undefined index...', '/var/www/html/m...', 27, Array)
#1 /var/www/html/mymisdiagnosis/app/Controllers/Record.php(59): App\Models\RecordModel->getAllPosts('default', 'asc')
#2 /var/www/html/mymisdiagnosis/system/CodeIgniter.php(936): App\Controllers\Record->index('$1')
#3 /var/www/html/mymisdiagnosis/system/CodeIgniter.php(432): CodeIgniter\CodeIgniter->runController(Object(App\Controllers\Record))
#4 /var/www/html/mymisdiagnosis/system/CodeIgniter.php(333): CodeIgniter\CodeIgniter->handleRequest(NULL, Object(Config\Cache), false)
#5 /var/www/html/mymisdiagnosis/index.php(44): CodeIgniter\CodeIgniter->run()
#6 {main}
INFO - 2022-01-07 19:31:49 --> Session: Class initialized using 'CodeIgniter\Session\Handlers\FileHandler' driver.
WARNING - 2022-01-07 19:31:49 --> Session: Sessions is enabled, and one exists.Please don't $session->start();
CRITICAL - 2022-01-07 19:31:49 --> Undefined variable: meta_title
#0 /var/www/html/mymisdiagnosis/app/Views/auth_internetics/header_open_with_scripts.php(7): CodeIgniter\Debug\Exceptions->errorHandler(8, 'Undefined varia...', '/var/www/html/m...', 7, Array)
#1 /var/www/html/mymisdiagnosis/system/View/View.php(220): include('/var/www/html/m...')
#2 /var/www/html/mymisdiagnosis/system/View/View.php(222): CodeIgniter\View\View->CodeIgniter\View\{closure}()
#3 /var/www/html/mymisdiagnosis/system/Common.php(1217): CodeIgniter\View\View->render('auth_internetic...', Array, true)
#4 /var/www/html/mymisdiagnosis/app/Controllers/Record.php(156): view('auth_internetic...', Array)
#5 /var/www/html/mymisdiagnosis/system/CodeIgniter.php(936): App\Controllers\Record->display('loadRecord')
#6 /var/www/html/mymisdiagnosis/system/CodeIgniter.php(432): CodeIgniter\CodeIgniter->runController(Object(App\Controllers\Record))
#7 /var/www/html/mymisdiagnosis/system/CodeIgniter.php(333): CodeIgniter\CodeIgniter->handleRequest(NULL, Object(Config\Cache), false)
#8 /var/www/html/mymisdiagnosis/index.php(44): CodeIgniter\CodeIgniter->run()
#9 {main}
INFO - 2022-01-07 19:32:04 --> Session: Class initialized using 'CodeIgniter\Session\Handlers\FileHandler' driver.
WARNING - 2022-01-07 19:32:04 --> Session: Sessions is enabled, and one exists.Please don't $session->start();
CRITICAL - 2022-01-07 19:32:04 --> Undefined variable: meta_title
#0 /var/www/html/mymisdiagnosis/app/Views/auth_internetics/header_open_with_scripts.php(7): CodeIgniter\Debug\Exceptions->errorHandler(8, 'Undefined varia...', '/var/www/html/m...', 7, Array)
#1 /var/www/html/mymisdiagnosis/system/View/View.php(220): include('/var/www/html/m...')
#2 /var/www/html/mymisdiagnosis/system/View/View.php(222): CodeIgniter\View\View->CodeIgniter\View\{closure}()
#3 /var/www/html/mymisdiagnosis/system/Common.php(1217): CodeIgniter\View\View->render('auth_internetic...', Array, true)
#4 /var/www/html/mymisdiagnosis/app/Controllers/Record.php(156): view('auth_internetic...', Array)
#5 /var/www/html/mymisdiagnosis/system/CodeIgniter.php(936): App\Controllers\Record->display('loadRecord')
#6 /var/www/html/mymisdiagnosis/system/CodeIgniter.php(432): CodeIgniter\CodeIgniter->runController(Object(App\Controllers\Record))
#7 /var/www/html/mymisdiagnosis/system/CodeIgniter.php(333): CodeIgniter\CodeIgniter->handleRequest(NULL, Object(Config\Cache), false)
#8 /var/www/html/mymisdiagnosis/index.php(44): CodeIgniter\CodeIgniter->run()
#9 {main}
INFO - 2022-01-07 19:32:54 --> Session: Class initialized using 'CodeIgniter\Session\Handlers\FileHandler' driver.
WARNING - 2022-01-07 19:32:54 --> Session: Sessions is enabled, and one exists.Please don't $session->start();
CRITICAL - 2022-01-07 19:32:54 --> Undefined variable: meta_title
#0 /var/www/html/mymisdiagnosis/app/Views/auth_internetics/header_open_with_scripts.php(7): CodeIgniter\Debug\Exceptions->errorHandler(8, 'Undefined varia...', '/var/www/html/m...', 7, Array)
#1 /var/www/html/mymisdiagnosis/system/View/View.php(220): include('/var/www/html/m...')
#2 /var/www/html/mymisdiagnosis/system/View/View.php(222): CodeIgniter\View\View->CodeIgniter\View\{closure}()
#3 /var/www/html/mymisdiagnosis/system/Common.php(1217): CodeIgniter\View\View->render('auth_internetic...', Array, true)
#4 /var/www/html/mymisdiagnosis/app/Controllers/Record.php(161): view('auth_internetic...', Array)
#5 /var/www/html/mymisdiagnosis/system/CodeIgniter.php(936): App\Controllers\Record->display('loadRecord')
#6 /var/www/html/mymisdiagnosis/system/CodeIgniter.php(432): CodeIgniter\CodeIgniter->runController(Object(App\Controllers\Record))
#7 /var/www/html/mymisdiagnosis/system/CodeIgniter.php(333): CodeIgniter\CodeIgniter->handleRequest(NULL, Object(Config\Cache), false)
#8 /var/www/html/mymisdiagnosis/index.php(44): CodeIgniter\CodeIgniter->run()
#9 {main}
INFO - 2022-01-07 19:33:47 --> Session: Class initialized using 'CodeIgniter\Session\Handlers\FileHandler' driver.
WARNING - 2022-01-07 19:33:47 --> Session: Sessions is enabled, and one exists.Please don't $session->start();
CRITICAL - 2022-01-07 19:33:47 --> Undefined variable: meta_title
#0 /var/www/html/mymisdiagnosis/app/Views/auth_internetics/header_open_with_scripts.php(7): CodeIgniter\Debug\Exceptions->errorHandler(8, 'Undefined varia...', '/var/www/html/m...', 7, Array)
#1 /var/www/html/mymisdiagnosis/system/View/View.php(220): include('/var/www/html/m...')
#2 /var/www/html/mymisdiagnosis/system/View/View.php(222): CodeIgniter\View\View->CodeIgniter\View\{closure}()
#3 /var/www/html/mymisdiagnosis/system/Common.php(1217): CodeIgniter\View\View->render('auth_internetic...', Array, true)
#4 /var/www/html/mymisdiagnosis/app/Controllers/Record.php(161): view('auth_internetic...', Array)
#5 /var/www/html/mymisdiagnosis/system/CodeIgniter.php(936): App\Controllers\Record->display('loadRecord')
#6 /var/www/html/mymisdiagnosis/system/CodeIgniter.php(432): CodeIgniter\CodeIgniter->runController(Object(App\Controllers\Record))
#7 /var/www/html/mymisdiagnosis/system/CodeIgniter.php(333): CodeIgniter\CodeIgniter->handleRequest(NULL, Object(Config\Cache), false)
#8 /var/www/html/mymisdiagnosis/index.php(44): CodeIgniter\CodeIgniter->run()
#9 {main}
INFO - 2022-01-07 19:34:42 --> Session: Class initialized using 'CodeIgniter\Session\Handlers\FileHandler' driver.
WARNING - 2022-01-07 19:34:42 --> Session: Sessions is enabled, and one exists.Please don't $session->start();
CRITICAL - 2022-01-07 19:34:42 --> Undefined variable: meta_title
#0 /var/www/html/mymisdiagnosis/app/Views/auth_internetics/header_open_with_scripts.php(7): CodeIgniter\Debug\Exceptions->errorHandler(8, 'Undefined varia...', '/var/www/html/m...', 7, Array)
#1 /var/www/html/mymisdiagnosis/system/View/View.php(220): include('/var/www/html/m...')
#2 /var/www/html/mymisdiagnosis/system/View/View.php(222): CodeIgniter\View\View->CodeIgniter\View\{closure}()
#3 /var/www/html/mymisdiagnosis/system/Common.php(1217): CodeIgniter\View\View->render('auth_internetic...', Array, true)
#4 /var/www/html/mymisdiagnosis/app/Controllers/Record.php(161): view('auth_internetic...', Array)
#5 /var/www/html/mymisdiagnosis/system/CodeIgniter.php(936): App\Controllers\Record->display('loadRecord')
#6 /var/www/html/mymisdiagnosis/system/CodeIgniter.php(432): CodeIgniter\CodeIgniter->runController(Object(App\Controllers\Record))
#7 /var/www/html/mymisdiagnosis/system/CodeIgniter.php(333): CodeIgniter\CodeIgniter->handleRequest(NULL, Object(Config\Cache), false)
#8 /var/www/html/mymisdiagnosis/index.php(44): CodeIgniter\CodeIgniter->run()
#9 {main}
CRITICAL - 2022-01-07 19:35:02 --> Class 'App\Controllers\User' not found
#0 /var/www/html/mymisdiagnosis/system/CodeIgniter.php(936): App\Controllers\Record->loadRecord()
#1 /var/www/html/mymisdiagnosis/system/CodeIgniter.php(432): CodeIgniter\CodeIgniter->runController(Object(App\Controllers\Record))
#2 /var/www/html/mymisdiagnosis/system/CodeIgniter.php(333): CodeIgniter\CodeIgniter->handleRequest(NULL, Object(Config\Cache), false)
#3 /var/www/html/mymisdiagnosis/index.php(44): CodeIgniter\CodeIgniter->run()
#4 {main}
CRITICAL - 2022-01-07 19:35:51 --> Argument 1 passed to CodeIgniter\Database\BaseResult::getResult() must be of the type string, null given, called in /var/www/html/mymisdiagnosis/system/Model.php on line 214
#0 /var/www/html/mymisdiagnosis/system/Model.php(214): CodeIgniter\Database\BaseResult->getResult(NULL)
#1 /var/www/html/mymisdiagnosis/system/BaseModel.php(583): CodeIgniter\Model->doFindAll(3, 3)
#2 /var/www/html/mymisdiagnosis/system/BaseModel.php(1144): CodeIgniter\BaseModel->findAll(3, 3)
#3 /var/www/html/mymisdiagnosis/app/Controllers/Record.php(97): CodeIgniter\BaseModel->paginate(3)
#4 /var/www/html/mymisdiagnosis/system/CodeIgniter.php(936): App\Controllers\Record->loadRecord()
#5 /var/www/html/mymisdiagnosis/system/CodeIgniter.php(432): CodeIgniter\CodeIgniter->runController(Object(App\Controllers\Record))
#6 /var/www/html/mymisdiagnosis/system/CodeIgniter.php(333): CodeIgniter\CodeIgniter->handleRequest(NULL, Object(Config\Cache), false)
#7 /var/www/html/mymisdiagnosis/index.php(44): CodeIgniter\CodeIgniter->run()
#8 {main}
CRITICAL - 2022-01-07 19:36:44 --> Argument 1 passed to CodeIgniter\Database\BaseResult::getResult() must be of the type string, null given, called in /var/www/html/mymisdiagnosis/system/Model.php on line 214
#0 /var/www/html/mymisdiagnosis/system/Model.php(214): CodeIgniter\Database\BaseResult->getResult(NULL)
#1 /var/www/html/mymisdiagnosis/system/BaseModel.php(583): CodeIgniter\Model->doFindAll(3, 0)
#2 /var/www/html/mymisdiagnosis/system/BaseModel.php(1144): CodeIgniter\BaseModel->findAll(3, 0)
#3 /var/www/html/mymisdiagnosis/app/Controllers/Record.php(97): CodeIgniter\BaseModel->paginate(3)
#4 /var/www/html/mymisdiagnosis/system/CodeIgniter.php(936): App\Controllers\Record->loadRecord()
#5 /var/www/html/mymisdiagnosis/system/CodeIgniter.php(432): CodeIgniter\CodeIgniter->runController(Object(App\Controllers\Record))
#6 /var/www/html/mymisdiagnosis/system/CodeIgniter.php(333): CodeIgniter\CodeIgniter->handleRequest(NULL, Object(Config\Cache), false)
#7 /var/www/html/mymisdiagnosis/index.php(44): CodeIgniter\CodeIgniter->run()
#8 {main}
CRITICAL - 2022-01-07 19:36:44 --> Argument 1 passed to CodeIgniter\Database\BaseResult::getResult() must be of the type string, null given, called in /var/www/html/mymisdiagnosis/system/Model.php on line 214
#0 /var/www/html/mymisdiagnosis/system/Model.php(214): CodeIgniter\Database\BaseResult->getResult(NULL)
#1 /var/www/html/mymisdiagnosis/system/BaseModel.php(583): CodeIgniter\Model->doFindAll(3, 0)
#2 /var/www/html/mymisdiagnosis/system/BaseModel.php(1144): CodeIgniter\BaseModel->findAll(3, 0)
#3 /var/www/html/mymisdiagnosis/app/Controllers/Record.php(97): CodeIgniter\BaseModel->paginate(3)
#4 /var/www/html/mymisdiagnosis/system/CodeIgniter.php(936): App\Controllers\Record->loadRecord()
#5 /var/www/html/mymisdiagnosis/system/CodeIgniter.php(432): CodeIgniter\CodeIgniter->runController(Object(App\Controllers\Record))
#6 /var/www/html/mymisdiagnosis/system/CodeIgniter.php(333): CodeIgniter\CodeIgniter->handleRequest(NULL, Object(Config\Cache), false)
#7 /var/www/html/mymisdiagnosis/index.php(44): CodeIgniter\CodeIgniter->run()
#8 {main}
CRITICAL - 2022-01-07 19:38:00 --> Argument 1 passed to CodeIgniter\Database\BaseResult::getResult() must be of the type string, null given, called in /var/www/html/mymisdiagnosis/system/Model.php on line 214
#0 /var/www/html/mymisdiagnosis/system/Model.php(214): CodeIgniter\Database\BaseResult->getResult(NULL)
#1 /var/www/html/mymisdiagnosis/system/BaseModel.php(583): CodeIgniter\Model->doFindAll(3, 0)
#2 /var/www/html/mymisdiagnosis/system/BaseModel.php(1144): CodeIgniter\BaseModel->findAll(3, 0)
#3 /var/www/html/mymisdiagnosis/app/Controllers/Record.php(92): CodeIgniter\BaseModel->paginate(3)
#4 /var/www/html/mymisdiagnosis/system/CodeIgniter.php(936): App\Controllers\Record->loadRecord()
#5 /var/www/html/mymisdiagnosis/system/CodeIgniter.php(432): CodeIgniter\CodeIgniter->runController(Object(App\Controllers\Record))
#6 /var/www/html/mymisdiagnosis/system/CodeIgniter.php(333): CodeIgniter\CodeIgniter->handleRequest(NULL, Object(Config\Cache), false)
#7 /var/www/html/mymisdiagnosis/index.php(44): CodeIgniter\CodeIgniter->run()
#8 {main}
CRITICAL - 2022-01-07 19:38:30 --> Argument 1 passed to CodeIgniter\Database\BaseResult::getResult() must be of the type string, null given, called in /var/www/html/mymisdiagnosis/system/Model.php on line 214
#0 /var/www/html/mymisdiagnosis/system/Model.php(214): CodeIgniter\Database\BaseResult->getResult(NULL)
#1 /var/www/html/mymisdiagnosis/system/BaseModel.php(583): CodeIgniter\Model->doFindAll(3, 0)
#2 /var/www/html/mymisdiagnosis/system/BaseModel.php(1144): CodeIgniter\BaseModel->findAll(3, 0)
#3 /var/www/html/mymisdiagnosis/app/Controllers/Record.php(92): CodeIgniter\BaseModel->paginate(3)
#4 /var/www/html/mymisdiagnosis/system/CodeIgniter.php(936): App\Controllers\Record->loadRecord()
#5 /var/www/html/mymisdiagnosis/system/CodeIgniter.php(432): CodeIgniter\CodeIgniter->runController(Object(App\Controllers\Record))
#6 /var/www/html/mymisdiagnosis/system/CodeIgniter.php(333): CodeIgniter\CodeIgniter->handleRequest(NULL, Object(Config\Cache), false)
#7 /var/www/html/mymisdiagnosis/index.php(44): CodeIgniter\CodeIgniter->run()
#8 {main}
CRITICAL - 2022-01-07 19:38:31 --> Argument 1 passed to CodeIgniter\Database\BaseResult::getResult() must be of the type string, null given, called in /var/www/html/mymisdiagnosis/system/Model.php on line 214
#0 /var/www/html/mymisdiagnosis/system/Model.php(214): CodeIgniter\Database\BaseResult->getResult(NULL)
#1 /var/www/html/mymisdiagnosis/system/BaseModel.php(583): CodeIgniter\Model->doFindAll(3, 0)
#2 /var/www/html/mymisdiagnosis/system/BaseModel.php(1144): CodeIgniter\BaseModel->findAll(3, 0)
#3 /var/www/html/mymisdiagnosis/app/Controllers/Record.php(92): CodeIgniter\BaseModel->paginate(3)
#4 /var/www/html/mymisdiagnosis/system/CodeIgniter.php(936): App\Controllers\Record->loadRecord()
#5 /var/www/html/mymisdiagnosis/system/CodeIgniter.php(432): CodeIgniter\CodeIgniter->runController(Object(App\Controllers\Record))
#6 /var/www/html/mymisdiagnosis/system/CodeIgniter.php(333): CodeIgniter\CodeIgniter->handleRequest(NULL, Object(Config\Cache), false)
#7 /var/www/html/mymisdiagnosis/index.php(44): CodeIgniter\CodeIgniter->run()
#8 {main}
INFO - 2022-01-07 19:40:37 --> Session: Class initialized using 'CodeIgniter\Session\Handlers\FileHandler' driver.
INFO - 2022-01-07 19:40:40 --> Session: Class initialized using 'CodeIgniter\Session\Handlers\FileHandler' driver.
WARNING - 2022-01-07 19:40:40 --> Session: Sessions is enabled, and one exists.Please don't $session->start();
INFO - 2022-01-07 19:40:44 --> Session: Class initialized using 'CodeIgniter\Session\Handlers\FileHandler' driver.
WARNING - 2022-01-07 19:40:44 --> Session: Sessions is enabled, and one exists.Please don't $session->start();
INFO - 2022-01-07 19:43:40 --> Session: Class initialized using 'CodeIgniter\Session\Handlers\FileHandler' driver.
WARNING - 2022-01-07 19:43:40 --> Session: Sessions is enabled, and one exists.Please don't $session->start();
INFO - 2022-01-07 19:44:15 --> Session: Class initialized using 'CodeIgniter\Session\Handlers\FileHandler' driver.
CRITICAL - 2022-01-07 19:44:15 --> Undefined variable: posts
#0 /var/www/html/mymisdiagnosis/app/Views/record_list.php(10): CodeIgniter\Debug\Exceptions->errorHandler(8, 'Undefined varia...', '/var/www/html/m...', 10, Array)
#1 /var/www/html/mymisdiagnosis/system/View/View.php(220): include('/var/www/html/m...')
#2 /var/www/html/mymisdiagnosis/system/View/View.php(222): CodeIgniter\View\View->CodeIgniter\View\{closure}()
#3 /var/www/html/mymisdiagnosis/system/Common.php(1217): CodeIgniter\View\View->render('record_list', Array, true)
#4 /var/www/html/mymisdiagnosis/app/Controllers/Record.php(114): view('record_list', Array)
#5 /var/www/html/mymisdiagnosis/system/CodeIgniter.php(936): App\Controllers\Record->loadRecord()
#6 /var/www/html/mymisdiagnosis/system/CodeIgniter.php(432): CodeIgniter\CodeIgniter->runController(Object(App\Controllers\Record))
#7 /var/www/html/mymisdiagnosis/system/CodeIgniter.php(333): CodeIgniter\CodeIgniter->handleRequest(NULL, Object(Config\Cache), false)
#8 /var/www/html/mymisdiagnosis/index.php(44): CodeIgniter\CodeIgniter->run()
#9 {main}
INFO - 2022-01-07 19:45:17 --> Session: Class initialized using 'CodeIgniter\Session\Handlers\FileHandler' driver.
INFO - 2022-01-07 19:45:22 --> Session: Class initialized using 'CodeIgniter\Session\Handlers\FileHandler' driver.
INFO - 2022-01-07 19:45:24 --> Session: Class initialized using 'CodeIgniter\Session\Handlers\FileHandler' driver.
INFO - 2022-01-07 19:45:28 --> Session: Class initialized using 'CodeIgniter\Session\Handlers\FileHandler' driver.
INFO - 2022-01-07 19:46:08 --> Session: Class initialized using 'CodeIgniter\Session\Handlers\FileHandler' driver.
INFO - 2022-01-07 19:47:18 --> Session: Class initialized using 'CodeIgniter\Session\Handlers\FileHandler' driver.
INFO - 2022-01-07 19:47:21 --> Session: Class initialized using 'CodeIgniter\Session\Handlers\FileHandler' driver.
INFO - 2022-01-07 19:48:18 --> Session: Class initialized using 'CodeIgniter\Session\Handlers\FileHandler' driver.
INFO - 2022-01-07 19:48:23 --> Session: Class initialized using 'CodeIgniter\Session\Handlers\FileHandler' driver.
INFO - 2022-01-07 19:48:24 --> Session: Class initialized using 'CodeIgniter\Session\Handlers\FileHandler' driver.
INFO - 2022-01-07 19:48:26 --> Session: Class initialized using 'CodeIgniter\Session\Handlers\FileHandler' driver.
INFO - 2022-01-07 19:48:47 --> Session: Class initialized using 'CodeIgniter\Session\Handlers\FileHandler' driver.
INFO - 2022-01-07 19:49:23 --> Session: Class initialized using 'CodeIgniter\Session\Handlers\FileHandler' driver.
INFO - 2022-01-07 19:49:25 --> Session: Class initialized using 'CodeIgniter\Session\Handlers\FileHandler' driver.
INFO - 2022-01-07 19:49:29 --> Session: Class initialized using 'CodeIgniter\Session\Handlers\FileHandler' driver.
INFO - 2022-01-07 19:49:31 --> Session: Class initialized using 'CodeIgniter\Session\Handlers\FileHandler' driver.
INFO - 2022-01-07 19:49:34 --> Session: Class initialized using 'CodeIgniter\Session\Handlers\FileHandler' driver.
INFO - 2022-01-07 19:49:36 --> Session: Class initialized using 'CodeIgniter\Session\Handlers\FileHandler' driver.
INFO - 2022-01-07 19:49:41 --> Session: Class initialized using 'CodeIgniter\Session\Handlers\FileHandler' driver.
INFO - 2022-01-07 19:54:01 --> Session: Class initialized using 'CodeIgniter\Session\Handlers\FileHandler' driver.
CRITICAL - 2022-01-07 19:54:01 --> syntax error, unexpected 'endforeach' (T_ENDFOREACH)
#0 /var/www/html/mymisdiagnosis/system/View/View.php(222): CodeIgniter\View\View->CodeIgniter\View\{closure}()
#1 /var/www/html/mymisdiagnosis/system/Common.php(1217): CodeIgniter\View\View->render('record_list', Array, true)
#2 /var/www/html/mymisdiagnosis/app/Controllers/Record.php(114): view('record_list', Array)
#3 /var/www/html/mymisdiagnosis/system/CodeIgniter.php(936): App\Controllers\Record->loadRecord()
#4 /var/www/html/mymisdiagnosis/system/CodeIgniter.php(432): CodeIgniter\CodeIgniter->runController(Object(App\Controllers\Record))
#5 /var/www/html/mymisdiagnosis/system/CodeIgniter.php(333): CodeIgniter\CodeIgniter->handleRequest(NULL, Object(Config\Cache), false)
#6 /var/www/html/mymisdiagnosis/index.php(44): CodeIgniter\CodeIgniter->run()
#7 {main}
INFO - 2022-01-07 19:54:22 --> Session: Class initialized using 'CodeIgniter\Session\Handlers\FileHandler' driver.
CRITICAL - 2022-01-07 19:54:22 --> Undefined variable: posts
#0 /var/www/html/mymisdiagnosis/app/Views/record_list.php(10): CodeIgniter\Debug\Exceptions->errorHandler(8, 'Undefined varia...', '/var/www/html/m...', 10, Array)
#1 /var/www/html/mymisdiagnosis/system/View/View.php(220): include('/var/www/html/m...')
#2 /var/www/html/mymisdiagnosis/system/View/View.php(222): CodeIgniter\View\View->CodeIgniter\View\{closure}()
#3 /var/www/html/mymisdiagnosis/system/Common.php(1217): CodeIgniter\View\View->render('record_list', Array, true)
#4 /var/www/html/mymisdiagnosis/app/Controllers/Record.php(114): view('record_list', Array)
#5 /var/www/html/mymisdiagnosis/system/CodeIgniter.php(936): App\Controllers\Record->loadRecord()
#6 /var/www/html/mymisdiagnosis/system/CodeIgniter.php(432): CodeIgniter\CodeIgniter->runController(Object(App\Controllers\Record))
#7 /var/www/html/mymisdiagnosis/system/CodeIgniter.php(333): CodeIgniter\CodeIgniter->handleRequest(NULL, Object(Config\Cache), false)
#8 /var/www/html/mymisdiagnosis/index.php(44): CodeIgniter\CodeIgniter->run()
#9 {main}
INFO - 2022-01-07 19:54:46 --> Session: Class initialized using 'CodeIgniter\Session\Handlers\FileHandler' driver.
CRITICAL - 2022-01-07 19:54:46 --> syntax error, unexpected 'endforeach' (T_ENDFOREACH)
#0 /var/www/html/mymisdiagnosis/system/View/View.php(222): CodeIgniter\View\View->CodeIgniter\View\{closure}()
#1 /var/www/html/mymisdiagnosis/system/Common.php(1217): CodeIgniter\View\View->render('record_list', Array, true)
#2 /var/www/html/mymisdiagnosis/app/Controllers/Record.php(114): view('record_list', Array)
#3 /var/www/html/mymisdiagnosis/system/CodeIgniter.php(936): App\Controllers\Record->loadRecord()
#4 /var/www/html/mymisdiagnosis/system/CodeIgniter.php(432): CodeIgniter\CodeIgniter->runController(Object(App\Controllers\Record))
#5 /var/www/html/mymisdiagnosis/system/CodeIgniter.php(333): CodeIgniter\CodeIgniter->handleRequest(NULL, Object(Config\Cache), false)
#6 /var/www/html/mymisdiagnosis/index.php(44): CodeIgniter\CodeIgniter->run()
#7 {main}
INFO - 2022-01-07 19:54:57 --> Session: Class initialized using 'CodeIgniter\Session\Handlers\FileHandler' driver.
CRITICAL - 2022-01-07 19:54:57 --> Undefined variable: posts
#0 /var/www/html/mymisdiagnosis/app/Views/record_list.php(10): CodeIgniter\Debug\Exceptions->errorHandler(8, 'Undefined varia...', '/var/www/html/m...', 10, Array)
#1 /var/www/html/mymisdiagnosis/system/View/View.php(220): include('/var/www/html/m...')
#2 /var/www/html/mymisdiagnosis/system/View/View.php(222): CodeIgniter\View\View->CodeIgniter\View\{closure}()
#3 /var/www/html/mymisdiagnosis/system/Common.php(1217): CodeIgniter\View\View->render('record_list', Array, true)
#4 /var/www/html/mymisdiagnosis/app/Controllers/Record.php(114): view('record_list', Array)
#5 /var/www/html/mymisdiagnosis/system/CodeIgniter.php(936): App\Controllers\Record->loadRecord()
#6 /var/www/html/mymisdiagnosis/system/CodeIgniter.php(432): CodeIgniter\CodeIgniter->runController(Object(App\Controllers\Record))
#7 /var/www/html/mymisdiagnosis/system/CodeIgniter.php(333): CodeIgniter\CodeIgniter->handleRequest(NULL, Object(Config\Cache), false)
#8 /var/www/html/mymisdiagnosis/index.php(44): CodeIgniter\CodeIgniter->run()
#9 {main}
INFO - 2022-01-07 19:56:04 --> Session: Class initialized using 'CodeIgniter\Session\Handlers\FileHandler' driver.
CRITICAL - 2022-01-07 19:56:04 --> Call to undefined function word_limiter()
#0 /var/www/html/mymisdiagnosis/system/View/View.php(220): include()
#1 /var/www/html/mymisdiagnosis/system/View/View.php(222): CodeIgniter\View\View->CodeIgniter\View\{closure}()
#2 /var/www/html/mymisdiagnosis/system/Common.php(1217): CodeIgniter\View\View->render('record_list', Array, true)
#3 /var/www/html/mymisdiagnosis/app/Controllers/Record.php(114): view('record_list', Array)
#4 /var/www/html/mymisdiagnosis/system/CodeIgniter.php(936): App\Controllers\Record->loadRecord()
#5 /var/www/html/mymisdiagnosis/system/CodeIgniter.php(432): CodeIgniter\CodeIgniter->runController(Object(App\Controllers\Record))
#6 /var/www/html/mymisdiagnosis/system/CodeIgniter.php(333): CodeIgniter\CodeIgniter->handleRequest(NULL, Object(Config\Cache), false)
#7 /var/www/html/mymisdiagnosis/index.php(44): CodeIgniter\CodeIgniter->run()
#8 {main}
INFO - 2022-01-07 19:56:56 --> Session: Class initialized using 'CodeIgniter\Session\Handlers\FileHandler' driver.
CRITICAL - 2022-01-07 19:56:56 --> syntax error, unexpected '?>'
#0 /var/www/html/mymisdiagnosis/system/View/View.php(222): CodeIgniter\View\View->CodeIgniter\View\{closure}()
#1 /var/www/html/mymisdiagnosis/system/Common.php(1217): CodeIgniter\View\View->render('record_list', Array, true)
#2 /var/www/html/mymisdiagnosis/app/Controllers/Record.php(114): view('record_list', Array)
#3 /var/www/html/mymisdiagnosis/system/CodeIgniter.php(936): App\Controllers\Record->loadRecord()
#4 /var/www/html/mymisdiagnosis/system/CodeIgniter.php(432): CodeIgniter\CodeIgniter->runController(Object(App\Controllers\Record))
#5 /var/www/html/mymisdiagnosis/system/CodeIgniter.php(333): CodeIgniter\CodeIgniter->handleRequest(NULL, Object(Config\Cache), false)
#6 /var/www/html/mymisdiagnosis/index.php(44): CodeIgniter\CodeIgniter->run()
#7 {main}
INFO - 2022-01-07 19:57:12 --> Session: Class initialized using 'CodeIgniter\Session\Handlers\FileHandler' driver.
INFO - 2022-01-07 19:57:37 --> Session: Class initialized using 'CodeIgniter\Session\Handlers\FileHandler' driver.
INFO - 2022-01-07 19:57:39 --> Session: Class initialized using 'CodeIgniter\Session\Handlers\FileHandler' driver.
INFO - 2022-01-07 19:57:41 --> Session: Class initialized using 'CodeIgniter\Session\Handlers\FileHandler' driver.
INFO - 2022-01-07 19:57:46 --> Session: Class initialized using 'CodeIgniter\Session\Handlers\FileHandler' driver.
WARNING - 2022-01-07 19:57:46 --> Session: Sessions is enabled, and one exists.Please don't $session->start();
INFO - 2022-01-07 19:58:03 --> Session: Class initialized using 'CodeIgniter\Session\Handlers\FileHandler' driver.
INFO - 2022-01-07 19:58:05 --> Session: Class initialized using 'CodeIgniter\Session\Handlers\FileHandler' driver.
INFO - 2022-01-07 19:58:11 --> Session: Class initialized using 'CodeIgniter\Session\Handlers\FileHandler' driver.
INFO - 2022-01-07 19:58:11 --> Session: Class initialized using 'CodeIgniter\Session\Handlers\FileHandler' driver.
INFO - 2022-01-07 19:58:45 --> Session: Class initialized using 'CodeIgniter\Session\Handlers\FileHandler' driver.
CRITICAL - 2022-01-07 19:58:45 --> Undefined variable: user
#0 /var/www/html/mymisdiagnosis/app/Views/record_list.php(34): CodeIgniter\Debug\Exceptions->errorHandler(8, 'Undefined varia...', '/var/www/html/m...', 34, Array)
#1 /var/www/html/mymisdiagnosis/system/View/View.php(220): include('/var/www/html/m...')
#2 /var/www/html/mymisdiagnosis/system/View/View.php(222): CodeIgniter\View\View->CodeIgniter\View\{closure}()
#3 /var/www/html/mymisdiagnosis/system/Common.php(1217): CodeIgniter\View\View->render('record_list', Array, true)
#4 /var/www/html/mymisdiagnosis/app/Controllers/Record.php(114): view('record_list', Array)
#5 /var/www/html/mymisdiagnosis/system/CodeIgniter.php(936): App\Controllers\Record->loadRecord()
#6 /var/www/html/mymisdiagnosis/system/CodeIgniter.php(432): CodeIgniter\CodeIgniter->runController(Object(App\Controllers\Record))
#7 /var/www/html/mymisdiagnosis/system/CodeIgniter.php(333): CodeIgniter\CodeIgniter->handleRequest(NULL, Object(Config\Cache), false)
#8 /var/www/html/mymisdiagnosis/index.php(44): CodeIgniter\CodeIgniter->run()
#9 {main}
INFO - 2022-01-07 19:58:49 --> Session: Class initialized using 'CodeIgniter\Session\Handlers\FileHandler' driver.
INFO - 2022-01-07 20:01:45 --> Session: Class initialized using 'CodeIgniter\Session\Handlers\FileHandler' driver.
INFO - 2022-01-07 20:01:45 --> Session: Class initialized using 'CodeIgniter\Session\Handlers\FileHandler' driver.
INFO - 2022-01-07 20:01:47 --> Session: Class initialized using 'CodeIgniter\Session\Handlers\FileHandler' driver.
INFO - 2022-01-07 20:01:52 --> Session: Class initialized using 'CodeIgniter\Session\Handlers\FileHandler' driver.
INFO - 2022-01-07 20:02:27 --> Session: Class initialized using 'CodeIgniter\Session\Handlers\FileHandler' driver.
INFO - 2022-01-07 20:04:15 --> Session: Class initialized using 'CodeIgniter\Session\Handlers\FileHandler' driver.
CRITICAL - 2022-01-07 20:04:15 --> syntax error, unexpected 'endif' (T_ENDIF), expecting end of file
#0 /var/www/html/mymisdiagnosis/system/View/View.php(222): CodeIgniter\View\View->CodeIgniter\View\{closure}()
#1 /var/www/html/mymisdiagnosis/system/Common.php(1217): CodeIgniter\View\View->render('record_list', Array, true)
#2 /var/www/html/mymisdiagnosis/app/Controllers/Record.php(114): view('record_list', Array)
#3 /var/www/html/mymisdiagnosis/system/CodeIgniter.php(936): App\Controllers\Record->loadRecord()
#4 /var/www/html/mymisdiagnosis/system/CodeIgniter.php(432): CodeIgniter\CodeIgniter->runController(Object(App\Controllers\Record))
#5 /var/www/html/mymisdiagnosis/system/CodeIgniter.php(333): CodeIgniter\CodeIgniter->handleRequest(NULL, Object(Config\Cache), false)
#6 /var/www/html/mymisdiagnosis/index.php(44): CodeIgniter\CodeIgniter->run()
#7 {main}
INFO - 2022-01-07 20:04:48 --> Session: Class initialized using 'CodeIgniter\Session\Handlers\FileHandler' driver.
INFO - 2022-01-07 20:04:59 --> Session: Class initialized using 'CodeIgniter\Session\Handlers\FileHandler' driver.
INFO - 2022-01-07 20:05:05 --> Session: Class initialized using 'CodeIgniter\Session\Handlers\FileHandler' driver.
INFO - 2022-01-07 20:05:58 --> Session: Class initialized using 'CodeIgniter\Session\Handlers\FileHandler' driver.
INFO - 2022-01-07 20:06:03 --> Session: Class initialized using 'CodeIgniter\Session\Handlers\FileHandler' driver.
INFO - 2022-01-07 20:07:53 --> Session: Class initialized using 'CodeIgniter\Session\Handlers\FileHandler' driver.
CRITICAL - 2022-01-07 20:07:53 --> syntax error, unexpected ']', expecting end of file
#0 /var/www/html/mymisdiagnosis/system/View/View.php(222): CodeIgniter\View\View->CodeIgniter\View\{closure}()
#1 /var/www/html/mymisdiagnosis/system/Common.php(1217): CodeIgniter\View\View->render('record_list', Array, true)
#2 /var/www/html/mymisdiagnosis/app/Controllers/Record.php(114): view('record_list', Array)
#3 /var/www/html/mymisdiagnosis/system/CodeIgniter.php(936): App\Controllers\Record->loadRecord()
#4 /var/www/html/mymisdiagnosis/system/CodeIgniter.php(432): CodeIgniter\CodeIgniter->runController(Object(App\Controllers\Record))
#5 /var/www/html/mymisdiagnosis/system/CodeIgniter.php(333): CodeIgniter\CodeIgniter->handleRequest(NULL, Object(Config\Cache), false)
#6 /var/www/html/mymisdiagnosis/index.php(44): CodeIgniter\CodeIgniter->run()
#7 {main}
INFO - 2022-01-07 20:08:11 --> Session: Class initialized using 'CodeIgniter\Session\Handlers\FileHandler' driver.
CRITICAL - 2022-01-07 20:08:11 --> syntax error, unexpected '}', expecting end of file
#0 /var/www/html/mymisdiagnosis/system/View/View.php(222): CodeIgniter\View\View->CodeIgniter\View\{closure}()
#1 /var/www/html/mymisdiagnosis/system/Common.php(1217): CodeIgniter\View\View->render('record_list', Array, true)
#2 /var/www/html/mymisdiagnosis/app/Controllers/Record.php(114): view('record_list', Array)
#3 /var/www/html/mymisdiagnosis/system/CodeIgniter.php(936): App\Controllers\Record->loadRecord()
#4 /var/www/html/mymisdiagnosis/system/CodeIgniter.php(432): CodeIgniter\CodeIgniter->runController(Object(App\Controllers\Record))
#5 /var/www/html/mymisdiagnosis/system/CodeIgniter.php(333): CodeIgniter\CodeIgniter->handleRequest(NULL, Object(Config\Cache), false)
#6 /var/www/html/mymisdiagnosis/index.php(44): CodeIgniter\CodeIgniter->run()
#7 {main}
INFO - 2022-01-07 20:09:16 --> Session: Class initialized using 'CodeIgniter\Session\Handlers\FileHandler' driver.
INFO - 2022-01-07 20:09:48 --> Session: Class initialized using 'CodeIgniter\Session\Handlers\FileHandler' driver.
INFO - 2022-01-07 20:37:46 --> Session: Class initialized using 'CodeIgniter\Session\Handlers\FileHandler' driver.
INFO - 2022-01-07 20:37:49 --> Session: Class initialized using 'CodeIgniter\Session\Handlers\FileHandler' driver.
INFO - 2022-01-07 20:37:52 --> Session: Class initialized using 'CodeIgniter\Session\Handlers\FileHandler' driver.
INFO - 2022-01-07 20:38:20 --> Session: Class initialized using 'CodeIgniter\Session\Handlers\FileHandler' driver.
INFO - 2022-01-07 20:39:05 --> Session: Class initialized using 'CodeIgniter\Session\Handlers\FileHandler' driver.
INFO - 2022-01-07 20:39:08 --> Session: Class initialized using 'CodeIgniter\Session\Handlers\FileHandler' driver.
INFO - 2022-01-07 20:39:57 --> Session: Class initialized using 'CodeIgniter\Session\Handlers\FileHandler' driver.
INFO - 2022-01-07 20:41:38 --> Session: Class initialized using 'CodeIgniter\Session\Handlers\FileHandler' driver.
INFO - 2022-01-07 20:41:44 --> Session: Class initialized using 'CodeIgniter\Session\Handlers\FileHandler' driver.
INFO - 2022-01-07 20:41:49 --> Session: Class initialized using 'CodeIgniter\Session\Handlers\FileHandler' driver.
INFO - 2022-01-07 20:42:37 --> Session: Class initialized using 'CodeIgniter\Session\Handlers\FileHandler' driver.
INFO - 2022-01-07 20:42:39 --> Session: Class initialized using 'CodeIgniter\Session\Handlers\FileHandler' driver.
INFO - 2022-01-07 20:42:41 --> Session: Class initialized using 'CodeIgniter\Session\Handlers\FileHandler' driver.
INFO - 2022-01-07 20:42:43 --> Session: Class initialized using 'CodeIgniter\Session\Handlers\FileHandler' driver.
INFO - 2022-01-07 20:42:45 --> Session: Class initialized using 'CodeIgniter\Session\Handlers\FileHandler' driver.
INFO - 2022-01-07 20:42:48 --> Session: Class initialized using 'CodeIgniter\Session\Handlers\FileHandler' driver.
INFO - 2022-01-07 20:43:33 --> Session: Class initialized using 'CodeIgniter\Session\Handlers\FileHandler' driver.
INFO - 2022-01-07 20:43:37 --> Session: Class initialized using 'CodeIgniter\Session\Handlers\FileHandler' driver.
CRITICAL - 2022-01-07 20:46:46 --> Undefined variable: users
#0 /var/www/html/mymisdiagnosis/app/Controllers/Record.php(102): CodeIgniter\Debug\Exceptions->errorHandler(8, 'Undefined varia...', '/var/www/html/m...', 102, Array)
#1 /var/www/html/mymisdiagnosis/system/CodeIgniter.php(936): App\Controllers\Record->loadRecord()
#2 /var/www/html/mymisdiagnosis/system/CodeIgniter.php(432): CodeIgniter\CodeIgniter->runController(Object(App\Controllers\Record))
#3 /var/www/html/mymisdiagnosis/system/CodeIgniter.php(333): CodeIgniter\CodeIgniter->handleRequest(NULL, Object(Config\Cache), false)
#4 /var/www/html/mymisdiagnosis/index.php(44): CodeIgniter\CodeIgniter->run()
#5 {main}
INFO - 2022-01-07 20:47:09 --> Session: Class initialized using 'CodeIgniter\Session\Handlers\FileHandler' driver.
INFO - 2022-01-07 20:47:12 --> Session: Class initialized using 'CodeIgniter\Session\Handlers\FileHandler' driver.
INFO - 2022-01-07 20:47:18 --> Session: Class initialized using 'CodeIgniter\Session\Handlers\FileHandler' driver.
WARNING - 2022-01-07 20:47:18 --> Session: Sessions is enabled, and one exists.Please don't $session->start();
INFO - 2022-01-07 20:47:21 --> Session: Class initialized using 'CodeIgniter\Session\Handlers\FileHandler' driver.
WARNING - 2022-01-07 20:47:21 --> Session: Sessions is enabled, and one exists.Please don't $session->start();
CRITICAL - 2022-01-07 20:47:21 --> Undefined variable: meta_title
#0 /var/www/html/mymisdiagnosis/app/Views/auth_internetics/header_open_with_scripts.php(7): CodeIgniter\Debug\Exceptions->errorHandler(8, 'Undefined varia...', '/var/www/html/m...', 7, Array)
#1 /var/www/html/mymisdiagnosis/system/View/View.php(220): include('/var/www/html/m...')
#2 /var/www/html/mymisdiagnosis/system/View/View.php(222): CodeIgniter\View\View->CodeIgniter\View\{closure}()
#3 /var/www/html/mymisdiagnosis/system/Common.php(1217): CodeIgniter\View\View->render('auth_internetic...', Array, true)
#4 /var/www/html/mymisdiagnosis/app/Controllers/Record.php(165): view('auth_internetic...', Array)
#5 /var/www/html/mymisdiagnosis/system/CodeIgniter.php(936): App\Controllers\Record->display('And another')
#6 /var/www/html/mymisdiagnosis/system/CodeIgniter.php(432): CodeIgniter\CodeIgniter->runController(Object(App\Controllers\Record))
#7 /var/www/html/mymisdiagnosis/system/CodeIgniter.php(333): CodeIgniter\CodeIgniter->handleRequest(NULL, Object(Config\Cache), false)
#8 /var/www/html/mymisdiagnosis/index.php(44): CodeIgniter\CodeIgniter->run()
#9 {main}
INFO - 2022-01-07 20:47:57 --> Session: Class initialized using 'CodeIgniter\Session\Handlers\FileHandler' driver.
INFO - 2022-01-07 20:47:58 --> Session: Class initialized using 'CodeIgniter\Session\Handlers\FileHandler' driver.
WARNING - 2022-01-07 20:47:58 --> Session: Sessions is enabled, and one exists.Please don't $session->start();
CRITICAL - 2022-01-07 20:49:51 --> You must set the database table to be used with your query.
#0 /var/www/html/mymisdiagnosis/system/Model.php(615): CodeIgniter\Database\BaseConnection->table(NULL)
#1 /var/www/html/mymisdiagnosis/system/Model.php(570): CodeIgniter\Model->builder()
#2 /var/www/html/mymisdiagnosis/system/BaseModel.php(1140): CodeIgniter\Model->countAllResults(false)
#3 /var/www/html/mymisdiagnosis/app/Controllers/Record.php(92): CodeIgniter\BaseModel->paginate(3)
#4 /var/www/html/mymisdiagnosis/system/CodeIgniter.php(936): App\Controllers\Record->loadRecord()
#5 /var/www/html/mymisdiagnosis/system/CodeIgniter.php(432): CodeIgniter\CodeIgniter->runController(Object(App\Controllers\Record))
#6 /var/www/html/mymisdiagnosis/system/CodeIgniter.php(333): CodeIgniter\CodeIgniter->handleRequest(NULL, Object(Config\Cache), false)
#7 /var/www/html/mymisdiagnosis/index.php(44): CodeIgniter\CodeIgniter->run()
#8 {main}
CRITICAL - 2022-01-07 20:52:09 --> Too few arguments to function App\Controllers\Record::loadRecord(), 0 passed in /var/www/html/mymisdiagnosis/system/CodeIgniter.php on line 936 and exactly 1 expected
#0 /var/www/html/mymisdiagnosis/system/CodeIgniter.php(936): App\Controllers\Record->loadRecord()
#1 /var/www/html/mymisdiagnosis/system/CodeIgniter.php(432): CodeIgniter\CodeIgniter->runController(Object(App\Controllers\Record))
#2 /var/www/html/mymisdiagnosis/system/CodeIgniter.php(333): CodeIgniter\CodeIgniter->handleRequest(NULL, Object(Config\Cache), false)
#3 /var/www/html/mymisdiagnosis/index.php(44): CodeIgniter\CodeIgniter->run()
#4 {main}
CRITICAL - 2022-01-07 20:53:16 --> syntax error, unexpected '>'
#0 /var/www/html/mymisdiagnosis/system/Autoloader/Autoloader.php(265): CodeIgniter\Autoloader\Autoloader->includeFile('/var/www/html/m...')
#1 /var/www/html/mymisdiagnosis/system/Autoloader/Autoloader.php(228): CodeIgniter\Autoloader\Autoloader->loadInNamespace('App\\Controllers...')
#2 [internal function]: CodeIgniter\Autoloader\Autoloader->loadClass('App\\Controllers...')
#3 [internal function]: spl_autoload_call('App\\Controllers...')
#4 /var/www/html/mymisdiagnosis/system/CodeIgniter.php(893): class_exists('\\App\\Controller...', true)
#5 /var/www/html/mymisdiagnosis/system/CodeIgniter.php(417): CodeIgniter\CodeIgniter->startController()
#6 /var/www/html/mymisdiagnosis/system/CodeIgniter.php(333): CodeIgniter\CodeIgniter->handleRequest(NULL, Object(Config\Cache), false)
#7 /var/www/html/mymisdiagnosis/index.php(44): CodeIgniter\CodeIgniter->run()
#8 {main}
CRITICAL - 2022-01-07 20:53:41 --> syntax error, unexpected '->' (T_OBJECT_OPERATOR)
#0 /var/www/html/mymisdiagnosis/system/Autoloader/Autoloader.php(265): CodeIgniter\Autoloader\Autoloader->includeFile('/var/www/html/m...')
#1 /var/www/html/mymisdiagnosis/system/Autoloader/Autoloader.php(228): CodeIgniter\Autoloader\Autoloader->loadInNamespace('App\\Controllers...')
#2 [internal function]: CodeIgniter\Autoloader\Autoloader->loadClass('App\\Controllers...')
#3 [internal function]: spl_autoload_call('App\\Controllers...')
#4 /var/www/html/mymisdiagnosis/system/CodeIgniter.php(893): class_exists('\\App\\Controller...', true)
#5 /var/www/html/mymisdiagnosis/system/CodeIgniter.php(417): CodeIgniter\CodeIgniter->startController()
#6 /var/www/html/mymisdiagnosis/system/CodeIgniter.php(333): CodeIgniter\CodeIgniter->handleRequest(NULL, Object(Config\Cache), false)
#7 /var/www/html/mymisdiagnosis/index.php(44): CodeIgniter\CodeIgniter->run()
#8 {main}
CRITICAL - 2022-01-07 20:55:12 --> syntax error, unexpected '->' (T_OBJECT_OPERATOR)
#0 /var/www/html/mymisdiagnosis/system/Autoloader/Autoloader.php(265): CodeIgniter\Autoloader\Autoloader->includeFile('/var/www/html/m...')
#1 /var/www/html/mymisdiagnosis/system/Autoloader/Autoloader.php(228): CodeIgniter\Autoloader\Autoloader->loadInNamespace('App\\Controllers...')
#2 [internal function]: CodeIgniter\Autoloader\Autoloader->loadClass('App\\Controllers...')
#3 [internal function]: spl_autoload_call('App\\Controllers...')
#4 /var/www/html/mymisdiagnosis/system/CodeIgniter.php(893): class_exists('\\App\\Controller...', true)
#5 /var/www/html/mymisdiagnosis/system/CodeIgniter.php(417): CodeIgniter\CodeIgniter->startController()
#6 /var/www/html/mymisdiagnosis/system/CodeIgniter.php(333): CodeIgniter\CodeIgniter->handleRequest(NULL, Object(Config\Cache), false)
#7 /var/www/html/mymisdiagnosis/index.php(44): CodeIgniter\CodeIgniter->run()
#8 {main}
CRITICAL - 2022-01-07 20:55:23 --> syntax error, unexpected '->' (T_OBJECT_OPERATOR)
#0 /var/www/html/mymisdiagnosis/system/Autoloader/Autoloader.php(265): CodeIgniter\Autoloader\Autoloader->includeFile('/var/www/html/m...')
#1 /var/www/html/mymisdiagnosis/system/Autoloader/Autoloader.php(228): CodeIgniter\Autoloader\Autoloader->loadInNamespace('App\\Controllers...')
#2 [internal function]: CodeIgniter\Autoloader\Autoloader->loadClass('App\\Controllers...')
#3 [internal function]: spl_autoload_call('App\\Controllers...')
#4 /var/www/html/mymisdiagnosis/system/CodeIgniter.php(893): class_exists('\\App\\Controller...', true)
#5 /var/www/html/mymisdiagnosis/system/CodeIgniter.php(417): CodeIgniter\CodeIgniter->startController()
#6 /var/www/html/mymisdiagnosis/system/CodeIgniter.php(333): CodeIgniter\CodeIgniter->handleRequest(NULL, Object(Config\Cache), false)
#7 /var/www/html/mymisdiagnosis/index.php(44): CodeIgniter\CodeIgniter->run()
#8 {main}
INFO - 2022-01-07 20:55:46 --> Session: Class initialized using 'CodeIgniter\Session\Handlers\FileHandler' driver.
INFO - 2022-01-07 20:55:50 --> Session: Class initialized using 'CodeIgniter\Session\Handlers\FileHandler' driver.
INFO - 2022-01-07 20:56:05 --> Session: Class initialized using 'CodeIgniter\Session\Handlers\FileHandler' driver.
INFO - 2022-01-07 20:56:08 --> Session: Class initialized using 'CodeIgniter\Session\Handlers\FileHandler' driver.
INFO - 2022-01-07 20:56:10 --> Session: Class initialized using 'CodeIgniter\Session\Handlers\FileHandler' driver.
INFO - 2022-01-07 20:56:12 --> Session: Class initialized using 'CodeIgniter\Session\Handlers\FileHandler' driver.
CRITICAL - 2022-01-07 20:56:48 --> Call to a member function orderBy() on array
#0 /var/www/html/mymisdiagnosis/system/CodeIgniter.php(936): App\Controllers\Record->loadRecord()
#1 /var/www/html/mymisdiagnosis/system/CodeIgniter.php(432): CodeIgniter\CodeIgniter->runController(Object(App\Controllers\Record))
#2 /var/www/html/mymisdiagnosis/system/CodeIgniter.php(333): CodeIgniter\CodeIgniter->handleRequest(NULL, Object(Config\Cache), false)
#3 /var/www/html/mymisdiagnosis/index.php(44): CodeIgniter\CodeIgniter->run()
#4 {main}
INFO - 2022-01-07 20:58:07 --> Session: Class initialized using 'CodeIgniter\Session\Handlers\FileHandler' driver.
INFO - 2022-01-07 20:58:12 --> Session: Class initialized using 'CodeIgniter\Session\Handlers\FileHandler' driver.
INFO - 2022-01-07 20:58:20 --> Session: Class initialized using 'CodeIgniter\Session\Handlers\FileHandler' driver.
WARNING - 2022-01-07 20:58:20 --> Session: Sessions is enabled, and one exists.Please don't $session->start();
INFO - 2022-01-07 20:58:26 --> Session: Class initialized using 'CodeIgniter\Session\Handlers\FileHandler' driver.
INFO - 2022-01-07 20:58:30 --> Session: Class initialized using 'CodeIgniter\Session\Handlers\FileHandler' driver.
INFO - 2022-01-07 20:59:45 --> Session: Class initialized using 'CodeIgniter\Session\Handlers\FileHandler' driver.
INFO - 2022-01-07 20:59:47 --> Session: Class initialized using 'CodeIgniter\Session\Handlers\FileHandler' driver.
INFO - 2022-01-07 20:59:49 --> Session: Class initialized using 'CodeIgniter\Session\Handlers\FileHandler' driver.
INFO - 2022-01-07 21:00:13 --> Session: Class initialized using 'CodeIgniter\Session\Handlers\FileHandler' driver.
INFO - 2022-01-07 21:00:17 --> Session: Class initialized using 'CodeIgniter\Session\Handlers\FileHandler' driver.
WARNING - 2022-01-07 21:00:17 --> Session: Sessions is enabled, and one exists.Please don't $session->start();
INFO - 2022-01-07 21:00:19 --> Session: Class initialized using 'CodeIgniter\Session\Handlers\FileHandler' driver.
INFO - 2022-01-07 21:00:22 --> Session: Class initialized using 'CodeIgniter\Session\Handlers\FileHandler' driver.
WARNING - 2022-01-07 21:00:22 --> Session: Sessions is enabled, and one exists.Please don't $session->start();
INFO - 2022-01-07 21:00:26 --> Session: Class initialized using 'CodeIgniter\Session\Handlers\FileHandler' driver.
WARNING - 2022-01-07 21:00:26 --> Session: Sessions is enabled, and one exists.Please don't $session->start();
INFO - 2022-01-07 21:00:30 --> Session: Class initialized using 'CodeIgniter\Session\Handlers\FileHandler' driver.
INFO - 2022-01-07 21:03:03 --> Session: Class initialized using 'CodeIgniter\Session\Handlers\FileHandler' driver.
INFO - 2022-01-07 21:11:44 --> Session: Class initialized using 'CodeIgniter\Session\Handlers\FileHandler' driver.
INFO - 2022-01-07 21:11:58 --> Session: Class initialized using 'CodeIgniter\Session\Handlers\FileHandler' driver.
INFO - 2022-01-07 21:12:38 --> Session: Class initialized using 'CodeIgniter\Session\Handlers\FileHandler' driver.
INFO - 2022-01-07 21:12:40 --> Session: Class initialized using 'CodeIgniter\Session\Handlers\FileHandler' driver.
INFO - 2022-01-07 21:22:30 --> Session: Class initialized using 'CodeIgniter\Session\Handlers\FileHandler' driver.
CRITICAL - 2022-01-07 21:22:30 --> Call to undefined method CodeIgniter\Pager\Pager::hasPreviousPage()
#0 /var/www/html/mymisdiagnosis/system/View/View.php(220): include()
#1 /var/www/html/mymisdiagnosis/system/View/View.php(222): CodeIgniter\View\View->CodeIgniter\View\{closure}()
#2 /var/www/html/mymisdiagnosis/system/Common.php(1217): CodeIgniter\View\View->render('record_list', Array, true)
#3 /var/www/html/mymisdiagnosis/app/Controllers/Record.php(122): view('record_list', Array)
#4 /var/www/html/mymisdiagnosis/system/CodeIgniter.php(936): App\Controllers\Record->loadRecord()
#5 /var/www/html/mymisdiagnosis/system/CodeIgniter.php(432): CodeIgniter\CodeIgniter->runController(Object(App\Controllers\Record))
#6 /var/www/html/mymisdiagnosis/system/CodeIgniter.php(333): CodeIgniter\CodeIgniter->handleRequest(NULL, Object(Config\Cache), false)
#7 /var/www/html/mymisdiagnosis/index.php(44): CodeIgniter\CodeIgniter->run()
#8 {main}
INFO - 2022-01-07 21:27:06 --> Session: Class initialized using 'CodeIgniter\Session\Handlers\FileHandler' driver.
INFO - 2022-01-07 21:27:10 --> Session: Class initialized using 'CodeIgniter\Session\Handlers\FileHandler' driver.
INFO - 2022-01-07 21:30:41 --> Session: Class initialized using 'CodeIgniter\Session\Handlers\FileHandler' driver.
INFO - 2022-01-07 21:30:43 --> Session: Class initialized using 'CodeIgniter\Session\Handlers\FileHandler' driver.
INFO - 2022-01-07 21:30:46 --> Session: Class initialized using 'CodeIgniter\Session\Handlers\FileHandler' driver.
INFO - 2022-01-07 21:30:48 --> Session: Class initialized using 'CodeIgniter\Session\Handlers\FileHandler' driver.
INFO - 2022-01-07 21:30:52 --> Session: Class initialized using 'CodeIgniter\Session\Handlers\FileHandler' driver.
INFO - 2022-01-07 21:34:12 --> Session: Class initialized using 'CodeIgniter\Session\Handlers\FileHandler' driver.
INFO - 2022-01-07 21:34:16 --> Session: Class initialized using 'CodeIgniter\Session\Handlers\FileHandler' driver.
CRITICAL - 2022-01-07 21:35:07 --> Use of undefined constant none - assumed 'none' (this will throw an Error in a future version of PHP)
#0 /var/www/html/mymisdiagnosis/system/Config/Factories.php(114): CodeIgniter\Debug\Exceptions->errorHandler(2, 'Use of undefine...', '/var/www/html/m...', 114, Array)
#1 /var/www/html/mymisdiagnosis/system/Common.php(225): CodeIgniter\Config\Factories::__callStatic('config', Array)
#2 /var/www/html/mymisdiagnosis/system/Config/Services.php(488): config('Pager')
#3 /var/www/html/mymisdiagnosis/system/Config/BaseService.php(171): CodeIgniter\Config\Services::pager(NULL, NULL, false)
#4 /var/www/html/mymisdiagnosis/system/BaseModel.php(1131): CodeIgniter\Config\BaseService::__callStatic('pager', Array)
#5 /var/www/html/mymisdiagnosis/app/Controllers/Record.php(105): CodeIgniter\BaseModel->paginate(3)
#6 /var/www/html/mymisdiagnosis/system/CodeIgniter.php(936): App\Controllers\Record->loadRecord()
#7 /var/www/html/mymisdiagnosis/system/CodeIgniter.php(432): CodeIgniter\CodeIgniter->runController(Object(App\Controllers\Record))
#8 /var/www/html/mymisdiagnosis/system/CodeIgniter.php(333): CodeIgniter\CodeIgniter->handleRequest(NULL, Object(Config\Cache), false)
#9 /var/www/html/mymisdiagnosis/index.php(44): CodeIgniter\CodeIgniter->run()
#10 {main}
INFO - 2022-01-07 21:35:23 --> Session: Class initialized using 'CodeIgniter\Session\Handlers\FileHandler' driver.
INFO - 2022-01-07 21:37:03 --> Session: Class initialized using 'CodeIgniter\Session\Handlers\FileHandler' driver.
INFO - 2022-01-07 21:37:05 --> Session: Class initialized using 'CodeIgniter\Session\Handlers\FileHandler' driver.
INFO - 2022-01-07 21:37:07 --> Session: Class initialized using 'CodeIgniter\Session\Handlers\FileHandler' driver.
INFO - 2022-01-07 21:37:09 --> Session: Class initialized using 'CodeIgniter\Session\Handlers\FileHandler' driver.
INFO - 2022-01-07 21:37:10 --> Session: Class initialized using 'CodeIgniter\Session\Handlers\FileHandler' driver.
INFO - 2022-01-07 21:37:13 --> Session: Class initialized using 'CodeIgniter\Session\Handlers\FileHandler' driver.
INFO - 2022-01-07 21:46:11 --> Session: Class initialized using 'CodeIgniter\Session\Handlers\FileHandler' driver.
CRITICAL - 2022-01-07 21:46:11 --> Call to undefined method CodeIgniter\Pager\Pager::hasPreviousPage()
#0 /var/www/html/mymisdiagnosis/system/View/View.php(220): include()
#1 /var/www/html/mymisdiagnosis/system/View/View.php(222): CodeIgniter\View\View->CodeIgniter\View\{closure}()
#2 /var/www/html/mymisdiagnosis/system/Common.php(1217): CodeIgniter\View\View->render('record_list', Array, true)
#3 /var/www/html/mymisdiagnosis/app/Controllers/Record.php(123): view('record_list', Array)
#4 /var/www/html/mymisdiagnosis/system/CodeIgniter.php(936): App\Controllers\Record->loadRecord()
#5 /var/www/html/mymisdiagnosis/system/CodeIgniter.php(432): CodeIgniter\CodeIgniter->runController(Object(App\Controllers\Record))
#6 /var/www/html/mymisdiagnosis/system/CodeIgniter.php(333): CodeIgniter\CodeIgniter->handleRequest(NULL, Object(Config\Cache), false)
#7 /var/www/html/mymisdiagnosis/index.php(44): CodeIgniter\CodeIgniter->run()
#8 {main}
INFO - 2022-01-07 21:48:46 --> Session: Class initialized using 'CodeIgniter\Session\Handlers\FileHandler' driver.
CRITICAL - 2022-01-07 21:48:46 --> Call to undefined method CodeIgniter\Pager\Pager::hasPreviousPage()
#0 /var/www/html/mymisdiagnosis/system/View/View.php(220): include()
#1 /var/www/html/mymisdiagnosis/system/View/View.php(222): CodeIgniter\View\View->CodeIgniter\View\{closure}()
#2 /var/www/html/mymisdiagnosis/system/Common.php(1217): CodeIgniter\View\View->render('record_list', Array, true)
#3 /var/www/html/mymisdiagnosis/app/Controllers/Record.php(123): view('record_list', Array)
#4 /var/www/html/mymisdiagnosis/system/CodeIgniter.php(936): App\Controllers\Record->loadRecord()
#5 /var/www/html/mymisdiagnosis/system/CodeIgniter.php(432): CodeIgniter\CodeIgniter->runController(Object(App\Controllers\Record))
#6 /var/www/html/mymisdiagnosis/system/CodeIgniter.php(333): CodeIgniter\CodeIgniter->handleRequest(NULL, Object(Config\Cache), false)
#7 /var/www/html/mymisdiagnosis/index.php(44): CodeIgniter\CodeIgniter->run()
#8 {main}
INFO - 2022-01-07 21:49:04 --> Session: Class initialized using 'CodeIgniter\Session\Handlers\FileHandler' driver.
CRITICAL - 2022-01-07 21:49:04 --> Call to undefined method CodeIgniter\Pager\Pager::hasPreviousPage()
#0 /var/www/html/mymisdiagnosis/system/View/View.php(220): include()
#1 /var/www/html/mymisdiagnosis/system/View/View.php(222): CodeIgniter\View\View->CodeIgniter\View\{closure}()
#2 /var/www/html/mymisdiagnosis/system/Common.php(1217): CodeIgniter\View\View->render('record_list', Array, true)
#3 /var/www/html/mymisdiagnosis/app/Controllers/Record.php(123): view('record_list', Array)
#4 /var/www/html/mymisdiagnosis/system/CodeIgniter.php(936): App\Controllers\Record->loadRecord()
#5 /var/www/html/mymisdiagnosis/system/CodeIgniter.php(432): CodeIgniter\CodeIgniter->runController(Object(App\Controllers\Record))
#6 /var/www/html/mymisdiagnosis/system/CodeIgniter.php(333): CodeIgniter\CodeIgniter->handleRequest(NULL, Object(Config\Cache), false)
#7 /var/www/html/mymisdiagnosis/index.php(44): CodeIgniter\CodeIgniter->run()
#8 {main}
INFO - 2022-01-07 21:49:29 --> Session: Class initialized using 'CodeIgniter\Session\Handlers\FileHandler' driver.
INFO - 2022-01-07 21:49:50 --> Session: Class initialized using 'CodeIgniter\Session\Handlers\FileHandler' driver.
INFO - 2022-01-07 21:49:52 --> Session: Class initialized using 'CodeIgniter\Session\Handlers\FileHandler' driver.
INFO - 2022-01-07 21:49:54 --> Session: Class initialized using 'CodeIgniter\Session\Handlers\FileHandler' driver.
INFO - 2022-01-07 21:49:57 --> Session: Class initialized using 'CodeIgniter\Session\Handlers\FileHandler' driver.
INFO - 2022-01-07 21:50:00 --> Session: Class initialized using 'CodeIgniter\Session\Handlers\FileHandler' driver.
INFO - 2022-01-07 21:50:03 --> Session: Class initialized using 'CodeIgniter\Session\Handlers\FileHandler' driver.
INFO - 2022-01-07 21:52:17 --> Session: Class initialized using 'CodeIgniter\Session\Handlers\FileHandler' driver.
INFO - 2022-01-07 21:52:48 --> Session: Class initialized using 'CodeIgniter\Session\Handlers\FileHandler' driver.
INFO - 2022-01-07 21:52:51 --> Session: Class initialized using 'CodeIgniter\Session\Handlers\FileHandler' driver.
INFO - 2022-01-07 21:59:57 --> Session: Class initialized using 'CodeIgniter\Session\Handlers\FileHandler' driver.
INFO - 2022-01-07 22:00:01 --> Session: Class initialized using 'CodeIgniter\Session\Handlers\FileHandler' driver.
INFO - 2022-01-07 22:00:08 --> Session: Class initialized using 'CodeIgniter\Session\Handlers\FileHandler' driver.
INFO - 2022-01-07 22:00:11 --> Session: Class initialized using 'CodeIgniter\Session\Handlers\FileHandler' driver.
INFO - 2022-01-07 22:00:13 --> Session: Class initialized using 'CodeIgniter\Session\Handlers\FileHandler' driver.
INFO - 2022-01-07 22:00:16 --> Session: Class initialized using 'CodeIgniter\Session\Handlers\FileHandler' driver.
INFO - 2022-01-07 22:00:18 --> Session: Class initialized using 'CodeIgniter\Session\Handlers\FileHandler' driver.
INFO - 2022-01-07 22:00:20 --> Session: Class initialized using 'CodeIgniter\Session\Handlers\FileHandler' driver.
INFO - 2022-01-07 22:00:22 --> Session: Class initialized using 'CodeIgniter\Session\Handlers\FileHandler' driver.
INFO - 2022-01-07 22:00:24 --> Session: Class initialized using 'CodeIgniter\Session\Handlers\FileHandler' driver.
INFO - 2022-01-07 22:00:50 --> Session: Class initialized using 'CodeIgniter\Session\Handlers\FileHandler' driver.
INFO - 2022-01-07 22:00:53 --> Session: Class initialized using 'CodeIgniter\Session\Handlers\FileHandler' driver.
INFO - 2022-01-07 22:00:56 --> Session: Class initialized using 'CodeIgniter\Session\Handlers\FileHandler' driver.
INFO - 2022-01-07 22:00:59 --> Session: Class initialized using 'CodeIgniter\Session\Handlers\FileHandler' driver.
INFO - 2022-01-07 22:01:02 --> Session: Class initialized using 'CodeIgniter\Session\Handlers\FileHandler' driver.
INFO - 2022-01-07 22:01:03 --> Session: Class initialized using 'CodeIgniter\Session\Handlers\FileHandler' driver.
INFO - 2022-01-07 22:01:05 --> Session: Class initialized using 'CodeIgniter\Session\Handlers\FileHandler' driver.
INFO - 2022-01-07 22:01:07 --> Session: Class initialized using 'CodeIgniter\Session\Handlers\FileHandler' driver.
INFO - 2022-01-07 22:01:28 --> Session: Class initialized using 'CodeIgniter\Session\Handlers\FileHandler' driver.
INFO - 2022-01-07 22:01:29 --> Session: Class initialized using 'CodeIgniter\Session\Handlers\FileHandler' driver.
INFO - 2022-01-07 22:01:30 --> Session: Class initialized using 'CodeIgniter\Session\Handlers\FileHandler' driver.
INFO - 2022-01-07 22:01:31 --> Session: Class initialized using 'CodeIgniter\Session\Handlers\FileHandler' driver.
INFO - 2022-01-07 22:01:35 --> Session: Class initialized using 'CodeIgniter\Session\Handlers\FileHandler' driver.
INFO - 2022-01-07 22:01:38 --> Session: Class initialized using 'CodeIgniter\Session\Handlers\FileHandler' driver.
INFO - 2022-01-07 22:01:41 --> Session: Class initialized using 'CodeIgniter\Session\Handlers\FileHandler' driver.
INFO - 2022-01-07 22:01:45 --> Session: Class initialized using 'CodeIgniter\Session\Handlers\FileHandler' driver.
INFO - 2022-01-07 22:01:47 --> Session: Class initialized using 'CodeIgniter\Session\Handlers\FileHandler' driver.
INFO - 2022-01-07 22:01:51 --> Session: Class initialized using 'CodeIgniter\Session\Handlers\FileHandler' driver.
INFO - 2022-01-07 22:01:55 --> Session: Class initialized using 'CodeIgniter\Session\Handlers\FileHandler' driver.
INFO - 2022-01-07 22:02:15 --> Session: Class initialized using 'CodeIgniter\Session\Handlers\FileHandler' driver.
INFO - 2022-01-07 22:02:19 --> Session: Class initialized using 'CodeIgniter\Session\Handlers\FileHandler' driver.
INFO - 2022-01-07 22:02:21 --> Session: Class initialized using 'CodeIgniter\Session\Handlers\FileHandler' driver.
INFO - 2022-01-07 22:02:55 --> Session: Class initialized using 'CodeIgniter\Session\Handlers\FileHandler' driver.
INFO - 2022-01-07 22:03:04 --> Session: Class initialized using 'CodeIgniter\Session\Handlers\FileHandler' driver.
INFO - 2022-01-07 22:03:07 --> Session: Class initialized using 'CodeIgniter\Session\Handlers\FileHandler' driver.
INFO - 2022-01-07 22:03:10 --> Session: Class initialized using 'CodeIgniter\Session\Handlers\FileHandler' driver.
INFO - 2022-01-07 22:03:13 --> Session: Class initialized using 'CodeIgniter\Session\Handlers\FileHandler' driver.
INFO - 2022-01-07 22:03:38 --> Session: Class initialized using 'CodeIgniter\Session\Handlers\FileHandler' driver.
INFO - 2022-01-07 22:03:40 --> Session: Class initialized using 'CodeIgniter\Session\Handlers\FileHandler' driver.
INFO - 2022-01-07 22:04:05 --> Session: Class initialized using 'CodeIgniter\Session\Handlers\FileHandler' driver.
INFO - 2022-01-07 22:04:08 --> Session: Class initialized using 'CodeIgniter\Session\Handlers\FileHandler' driver.
INFO - 2022-01-07 22:04:10 --> Session: Class initialized using 'CodeIgniter\Session\Handlers\FileHandler' driver.
INFO - 2022-01-07 22:04:15 --> Session: Class initialized using 'CodeIgniter\Session\Handlers\FileHandler' driver.
INFO - 2022-01-07 22:04:20 --> Session: Class initialized using 'CodeIgniter\Session\Handlers\FileHandler' driver.
INFO - 2022-01-07 22:04:26 --> Session: Class initialized using 'CodeIgniter\Session\Handlers\FileHandler' driver.
INFO - 2022-01-07 22:04:29 --> Session: Class initialized using 'CodeIgniter\Session\Handlers\FileHandler' driver.
INFO - 2022-01-07 22:04:32 --> Session: Class initialized using 'CodeIgniter\Session\Handlers\FileHandler' driver.
INFO - 2022-01-07 22:04:34 --> Session: Class initialized using 'CodeIgniter\Session\Handlers\FileHandler' driver.
INFO - 2022-01-07 22:04:36 --> Session: Class initialized using 'CodeIgniter\Session\Handlers\FileHandler' driver.
INFO - 2022-01-07 22:04:37 --> Session: Class initialized using 'CodeIgniter\Session\Handlers\FileHandler' driver.
INFO - 2022-01-07 22:05:25 --> Session: Class initialized using 'CodeIgniter\Session\Handlers\FileHandler' driver.
INFO - 2022-01-07 22:05:28 --> Session: Class initialized using 'CodeIgniter\Session\Handlers\FileHandler' driver.
INFO - 2022-01-07 22:05:30 --> Session: Class initialized using 'CodeIgniter\Session\Handlers\FileHandler' driver.
INFO - 2022-01-07 22:05:31 --> Session: Class initialized using 'CodeIgniter\Session\Handlers\FileHandler' driver.
INFO - 2022-01-07 22:06:02 --> Session: Class initialized using 'CodeIgniter\Session\Handlers\FileHandler' driver.
INFO - 2022-01-07 22:06:02 --> Session: Class initialized using 'CodeIgniter\Session\Handlers\FileHandler' driver.
INFO - 2022-01-07 22:06:04 --> Session: Class initialized using 'CodeIgniter\Session\Handlers\FileHandler' driver.
INFO - 2022-01-07 22:06:07 --> Session: Class initialized using 'CodeIgniter\Session\Handlers\FileHandler' driver.
INFO - 2022-01-07 22:06:09 --> Session: Class initialized using 'CodeIgniter\Session\Handlers\FileHandler' driver.
INFO - 2022-01-07 22:06:29 --> Session: Class initialized using 'CodeIgniter\Session\Handlers\FileHandler' driver.
INFO - 2022-01-07 22:06:33 --> Session: Class initialized using 'CodeIgniter\Session\Handlers\FileHandler' driver.
INFO - 2022-01-07 22:06:43 --> Session: Class initialized using 'CodeIgniter\Session\Handlers\FileHandler' driver.
INFO - 2022-01-07 22:06:47 --> Session: Class initialized using 'CodeIgniter\Session\Handlers\FileHandler' driver.
INFO - 2022-01-07 22:07:26 --> Session: Class initialized using 'CodeIgniter\Session\Handlers\FileHandler' driver.
INFO - 2022-01-07 22:07:27 --> Session: Class initialized using 'CodeIgniter\Session\Handlers\FileHandler' driver.
INFO - 2022-01-07 22:07:28 --> Session: Class initialized using 'CodeIgniter\Session\Handlers\FileHandler' driver.
INFO - 2022-01-07 22:07:30 --> Session: Class initialized using 'CodeIgniter\Session\Handlers\FileHandler' driver.
WARNING - 2022-01-07 22:07:30 --> Session: Sessions is enabled, and one exists.Please don't $session->start();
INFO - 2022-01-07 22:07:35 --> Session: Class initialized using 'CodeIgniter\Session\Handlers\FileHandler' driver.
WARNING - 2022-01-07 22:07:35 --> Session: Sessions is enabled, and one exists.Please don't $session->start();
INFO - 2022-01-07 22:07:39 --> Session: Class initialized using 'CodeIgniter\Session\Handlers\FileHandler' driver.
INFO - 2022-01-07 22:07:51 --> Session: Class initialized using 'CodeIgniter\Session\Handlers\FileHandler' driver.
INFO - 2022-01-07 22:07:56 --> Session: Class initialized using 'CodeIgniter\Session\Handlers\FileHandler' driver.
INFO - 2022-01-07 22:07:58 --> Session: Class initialized using 'CodeIgniter\Session\Handlers\FileHandler' driver.
CRITICAL - 2022-01-07 22:25:08 --> Class 'App\Controllers\RecordModel' not found
#0 /var/www/html/mymisdiagnosis/system/CodeIgniter.php(936): App\Controllers\Post->loadRecord()
#1 /var/www/html/mymisdiagnosis/system/CodeIgniter.php(432): CodeIgniter\CodeIgniter->runController(Object(App\Controllers\Post))
#2 /var/www/html/mymisdiagnosis/system/CodeIgniter.php(333): CodeIgniter\CodeIgniter->handleRequest(NULL, Object(Config\Cache), false)
#3 /var/www/html/mymisdiagnosis/index.php(44): CodeIgniter\CodeIgniter->run()
#4 {main}
CRITICAL - 2022-01-07 22:25:16 --> Class 'App\Controllers\RecordModel' not found
#0 /var/www/html/mymisdiagnosis/system/CodeIgniter.php(936): App\Controllers\Post->loadRecord()
#1 /var/www/html/mymisdiagnosis/system/CodeIgniter.php(432): CodeIgniter\CodeIgniter->runController(Object(App\Controllers\Post))
#2 /var/www/html/mymisdiagnosis/system/CodeIgniter.php(333): CodeIgniter\CodeIgniter->handleRequest(NULL, Object(Config\Cache), false)
#3 /var/www/html/mymisdiagnosis/index.php(44): CodeIgniter\CodeIgniter->run()
#4 {main}
CRITICAL - 2022-01-07 22:25:20 --> Class 'App\Controllers\RecordModel' not found
#0 /var/www/html/mymisdiagnosis/system/CodeIgniter.php(936): App\Controllers\Post->loadRecord()
#1 /var/www/html/mymisdiagnosis/system/CodeIgniter.php(432): CodeIgniter\CodeIgniter->runController(Object(App\Controllers\Post))
#2 /var/www/html/mymisdiagnosis/system/CodeIgniter.php(333): CodeIgniter\CodeIgniter->handleRequest(NULL, Object(Config\Cache), false)
#3 /var/www/html/mymisdiagnosis/index.php(44): CodeIgniter\CodeIgniter->run()
#4 {main}
INFO - 2022-01-07 22:25:29 --> Session: Class initialized using 'CodeIgniter\Session\Handlers\FileHandler' driver.
WARNING - 2022-01-07 22:25:29 --> Session: Sessions is enabled, and one exists.Please don't $session->start();
CRITICAL - 2022-01-07 22:25:29 --> Undefined variable: meta_title
#0 /var/www/html/mymisdiagnosis/app/Views/auth_internetics/header_open_with_scripts.php(7): CodeIgniter\Debug\Exceptions->errorHandler(8, 'Undefined varia...', '/var/www/html/m...', 7, Array)
#1 /var/www/html/mymisdiagnosis/system/View/View.php(220): include('/var/www/html/m...')
#2 /var/www/html/mymisdiagnosis/system/View/View.php(222): CodeIgniter\View\View->CodeIgniter\View\{closure}()
#3 /var/www/html/mymisdiagnosis/system/Common.php(1217): CodeIgniter\View\View->render('auth_internetic...', Array, true)
#4 /var/www/html/mymisdiagnosis/app/Controllers/Record.php(176): view('auth_internetic...', Array)
#5 /var/www/html/mymisdiagnosis/system/CodeIgniter.php(936): App\Controllers\Record->display('loadRecord')
#6 /var/www/html/mymisdiagnosis/system/CodeIgniter.php(432): CodeIgniter\CodeIgniter->runController(Object(App\Controllers\Record))
#7 /var/www/html/mymisdiagnosis/system/CodeIgniter.php(333): CodeIgniter\CodeIgniter->handleRequest(NULL, Object(Config\Cache), false)
#8 /var/www/html/mymisdiagnosis/index.php(44): CodeIgniter\CodeIgniter->run()
#9 {main}
INFO - 2022-01-07 22:25:39 --> Session: Class initialized using 'CodeIgniter\Session\Handlers\FileHandler' driver.
WARNING - 2022-01-07 22:25:39 --> Session: Sessions is enabled, and one exists.Please don't $session->start();
CRITICAL - 2022-01-07 22:25:39 --> Undefined variable: meta_title
#0 /var/www/html/mymisdiagnosis/app/Views/auth_internetics/header_open_with_scripts.php(7): CodeIgniter\Debug\Exceptions->errorHandler(8, 'Undefined varia...', '/var/www/html/m...', 7, Array)
#1 /var/www/html/mymisdiagnosis/system/View/View.php(220): include('/var/www/html/m...')
#2 /var/www/html/mymisdiagnosis/system/View/View.php(222): CodeIgniter\View\View->CodeIgniter\View\{closure}()
#3 /var/www/html/mymisdiagnosis/system/Common.php(1217): CodeIgniter\View\View->render('auth_internetic...', Array, true)
#4 /var/www/html/mymisdiagnosis/app/Controllers/Record.php(176): view('auth_internetic...', Array)
#5 /var/www/html/mymisdiagnosis/system/CodeIgniter.php(936): App\Controllers\Record->display('loadRecord')
#6 /var/www/html/mymisdiagnosis/system/CodeIgniter.php(432): CodeIgniter\CodeIgniter->runController(Object(App\Controllers\Record))
#7 /var/www/html/mymisdiagnosis/system/CodeIgniter.php(333): CodeIgniter\CodeIgniter->handleRequest(NULL, Object(Config\Cache), false)
#8 /var/www/html/mymisdiagnosis/index.php(44): CodeIgniter\CodeIgniter->run()
#9 {main}
INFO - 2022-01-07 22:25:51 --> Session: Class initialized using 'CodeIgniter\Session\Handlers\FileHandler' driver.
WARNING - 2022-01-07 22:25:51 --> Session: Sessions is enabled, and one exists.Please don't $session->start();
CRITICAL - 2022-01-07 22:25:51 --> Undefined variable: meta_title
#0 /var/www/html/mymisdiagnosis/app/Views/auth_internetics/header_open_with_scripts.php(7): CodeIgniter\Debug\Exceptions->errorHandler(8, 'Undefined varia...', '/var/www/html/m...', 7, Array)
#1 /var/www/html/mymisdiagnosis/system/View/View.php(220): include('/var/www/html/m...')
#2 /var/www/html/mymisdiagnosis/system/View/View.php(222): CodeIgniter\View\View->CodeIgniter\View\{closure}()
#3 /var/www/html/mymisdiagnosis/system/Common.php(1217): CodeIgniter\View\View->render('auth_internetic...', Array, true)
#4 /var/www/html/mymisdiagnosis/app/Controllers/Record.php(176): view('auth_internetic...', Array)
#5 /var/www/html/mymisdiagnosis/system/CodeIgniter.php(936): App\Controllers\Record->display('loadRecord')
#6 /var/www/html/mymisdiagnosis/system/CodeIgniter.php(432): CodeIgniter\CodeIgniter->runController(Object(App\Controllers\Record))
#7 /var/www/html/mymisdiagnosis/system/CodeIgniter.php(333): CodeIgniter\CodeIgniter->handleRequest(NULL, Object(Config\Cache), false)
#8 /var/www/html/mymisdiagnosis/index.php(44): CodeIgniter\CodeIgniter->run()
#9 {main}
CRITICAL - 2022-01-07 22:25:52 --> Class 'App\Controllers\RecordModel' not found
#0 /var/www/html/mymisdiagnosis/system/CodeIgniter.php(936): App\Controllers\Post->loadRecord()
#1 /var/www/html/mymisdiagnosis/system/CodeIgniter.php(432): CodeIgniter\CodeIgniter->runController(Object(App\Controllers\Post))
#2 /var/www/html/mymisdiagnosis/system/CodeIgniter.php(333): CodeIgniter\CodeIgniter->handleRequest(NULL, Object(Config\Cache), false)
#3 /var/www/html/mymisdiagnosis/index.php(44): CodeIgniter\CodeIgniter->run()
#4 {main}
INFO - 2022-01-07 22:26:01 --> Session: Class initialized using 'CodeIgniter\Session\Handlers\FileHandler' driver.
INFO - 2022-01-07 22:26:13 --> Session: Class initialized using 'CodeIgniter\Session\Handlers\FileHandler' driver.
WARNING - 2022-01-07 22:26:13 --> Session: Sessions is enabled, and one exists.Please don't $session->start();
INFO - 2022-01-07 22:26:16 --> Session: Class initialized using 'CodeIgniter\Session\Handlers\FileHandler' driver.
INFO - 2022-01-07 22:26:33 --> Session: Class initialized using 'CodeIgniter\Session\Handlers\FileHandler' driver.
CRITICAL - 2022-01-07 22:27:24 --> Class 'App\Controllers\RecordModel' not found
#0 /var/www/html/mymisdiagnosis/system/CodeIgniter.php(936): App\Controllers\Post->loadRecord()
#1 /var/www/html/mymisdiagnosis/system/CodeIgniter.php(432): CodeIgniter\CodeIgniter->runController(Object(App\Controllers\Post))
#2 /var/www/html/mymisdiagnosis/system/CodeIgniter.php(333): CodeIgniter\CodeIgniter->handleRequest(NULL, Object(Config\Cache), false)
#3 /var/www/html/mymisdiagnosis/index.php(44): CodeIgniter\CodeIgniter->run()
#4 {main}
CRITICAL - 2022-01-07 22:28:14 --> Class 'App\Controllers\RecordModel' not found
#0 /var/www/html/mymisdiagnosis/system/CodeIgniter.php(936): App\Controllers\Post->loadRecord()
#1 /var/www/html/mymisdiagnosis/system/CodeIgniter.php(432): CodeIgniter\CodeIgniter->runController(Object(App\Controllers\Post))
#2 /var/www/html/mymisdiagnosis/system/CodeIgniter.php(333): CodeIgniter\CodeIgniter->handleRequest(NULL, Object(Config\Cache), false)
#3 /var/www/html/mymisdiagnosis/index.php(44): CodeIgniter\CodeIgniter->run()
#4 {main}
CRITICAL - 2022-01-07 22:28:48 --> Argument 1 passed to CodeIgniter\Database\BaseResult::getResult() must be of the type string, null given, called in /var/www/html/mymisdiagnosis/system/Model.php on line 214
#0 /var/www/html/mymisdiagnosis/system/Model.php(214): CodeIgniter\Database\BaseResult->getResult(NULL)
#1 /var/www/html/mymisdiagnosis/system/BaseModel.php(583): CodeIgniter\Model->doFindAll(3, 0)
#2 /var/www/html/mymisdiagnosis/system/BaseModel.php(1144): CodeIgniter\BaseModel->findAll(3, 0)
#3 /var/www/html/mymisdiagnosis/app/Controllers/Post.php(100): CodeIgniter\BaseModel->paginate(3)
#4 /var/www/html/mymisdiagnosis/system/CodeIgniter.php(936): App\Controllers\Post->loadRecord()
#5 /var/www/html/mymisdiagnosis/system/CodeIgniter.php(432): CodeIgniter\CodeIgniter->runController(Object(App\Controllers\Post))
#6 /var/www/html/mymisdiagnosis/system/CodeIgniter.php(333): CodeIgniter\CodeIgniter->handleRequest(NULL, Object(Config\Cache), false)
#7 /var/www/html/mymisdiagnosis/index.php(44): CodeIgniter\CodeIgniter->run()
#8 {main}
INFO - 2022-01-07 22:29:38 --> Session: Class initialized using 'CodeIgniter\Session\Handlers\FileHandler' driver.
CRITICAL - 2022-01-07 22:30:02 --> Argument 1 passed to CodeIgniter\Database\BaseResult::getResult() must be of the type string, null given, called in /var/www/html/mymisdiagnosis/system/Model.php on line 214
#0 /var/www/html/mymisdiagnosis/system/Model.php(214): CodeIgniter\Database\BaseResult->getResult(NULL)
#1 /var/www/html/mymisdiagnosis/system/BaseModel.php(583): CodeIgniter\Model->doFindAll(3, 0)
#2 /var/www/html/mymisdiagnosis/system/BaseModel.php(1144): CodeIgniter\BaseModel->findAll(3, 0)
#3 /var/www/html/mymisdiagnosis/app/Controllers/Post.php(100): CodeIgniter\BaseModel->paginate(3)
#4 /var/www/html/mymisdiagnosis/system/CodeIgniter.php(936): App\Controllers\Post->loadRecord()
#5 /var/www/html/mymisdiagnosis/system/CodeIgniter.php(432): CodeIgniter\CodeIgniter->runController(Object(App\Controllers\Post))
#6 /var/www/html/mymisdiagnosis/system/CodeIgniter.php(333): CodeIgniter\CodeIgniter->handleRequest(NULL, Object(Config\Cache), false)
#7 /var/www/html/mymisdiagnosis/index.php(44): CodeIgniter\CodeIgniter->run()
#8 {main}
INFO - 2022-01-07 22:33:17 --> Session: Class initialized using 'CodeIgniter\Session\Handlers\FileHandler' driver.
WARNING - 2022-01-07 22:33:17 --> Session: Sessions is enabled, and one exists.Please don't $session->start();
INFO - 2022-01-07 22:33:18 --> Session: Class initialized using 'CodeIgniter\Session\Handlers\FileHandler' driver.
WARNING - 2022-01-07 22:33:18 --> Session: Sessions is enabled, and one exists.Please don't $session->start();
INFO - 2022-01-07 22:33:21 --> Session: Class initialized using 'CodeIgniter\Session\Handlers\FileHandler' driver.
WARNING - 2022-01-07 22:33:21 --> Session: Sessions is enabled, and one exists.Please don't $session->start();
INFO - 2022-01-07 22:33:23 --> Session: Class initialized using 'CodeIgniter\Session\Handlers\FileHandler' driver.
WARNING - 2022-01-07 22:33:23 --> Session: Sessions is enabled, and one exists.Please don't $session->start();
INFO - 2022-01-07 22:33:27 --> Session: Class initialized using 'CodeIgniter\Session\Handlers\FileHandler' driver.
WARNING - 2022-01-07 22:33:27 --> Session: Sessions is enabled, and one exists.Please don't $session->start();
ERROR - 2022-01-07 22:33:32 --> mysqli_sql_exception: Unknown column 'record_misdiagnosis' in 'where clause' in /var/www/html/mymisdiagnosis/system/Database/MySQLi/Connection.php:314
Stack trace:
#0 /var/www/html/mymisdiagnosis/system/Database/MySQLi/Connection.php(314): mysqli->query('SELECT COUNT(*)...')
#1 /var/www/html/mymisdiagnosis/system/Database/BaseConnection.php(713): CodeIgniter\Database\MySQLi\Connection->execute('SELECT COUNT(*)...')
#2 /var/www/html/mymisdiagnosis/system/Database/BaseConnection.php(641): CodeIgniter\Database\BaseConnection->simpleQuery('SELECT COUNT(*)...')
#3 /var/www/html/mymisdiagnosis/system/Database/BaseBuilder.php(1966): CodeIgniter\Database\BaseConnection->query('SELECT COUNT(*)...', Array, false)
#4 /var/www/html/mymisdiagnosis/system/Model.php(570): CodeIgniter\Database\BaseBuilder->countAllResults(false)
#5 /var/www/html/mymisdiagnosis/system/BaseModel.php(1140): CodeIgniter\Model->countAllResults(false)
#6 /var/www/html/mymisdiagnosis/app/Controllers/Record.php(108): CodeIgniter\BaseModel->paginate(3)
#7 /var/www/html/mymisdiagnosis/system/CodeIgniter.php(936): App\Controllers\Record->loadRecord()
#8 /var/www/html/mymisdiagnosis/system/CodeIgniter.php(432): CodeIgniter\CodeIgniter->runController(Object(App\Controllers\Record))
#9 /var/www/html/mymisdiagnosis/system/CodeIgniter.php(333): CodeIgniter\CodeIgniter->handleRequest(NULL, Object(Config\Cache), false)
#10 /var/www/html/mymisdiagnosis/index.php(44): CodeIgniter\CodeIgniter->run()
#11 {main}
CRITICAL - 2022-01-07 22:33:32 --> Unknown column 'record_misdiagnosis' in 'where clause'
#0 /var/www/html/mymisdiagnosis/system/Database/MySQLi/Connection.php(314): mysqli->query('SELECT COUNT(*)...')
#1 /var/www/html/mymisdiagnosis/system/Database/BaseConnection.php(713): CodeIgniter\Database\MySQLi\Connection->execute('SELECT COUNT(*)...')
#2 /var/www/html/mymisdiagnosis/system/Database/BaseConnection.php(641): CodeIgniter\Database\BaseConnection->simpleQuery('SELECT COUNT(*)...')
#3 /var/www/html/mymisdiagnosis/system/Database/BaseBuilder.php(1966): CodeIgniter\Database\BaseConnection->query('SELECT COUNT(*)...', Array, false)
#4 /var/www/html/mymisdiagnosis/system/Model.php(570): CodeIgniter\Database\BaseBuilder->countAllResults(false)
#5 /var/www/html/mymisdiagnosis/system/BaseModel.php(1140): CodeIgniter\Model->countAllResults(false)
#6 /var/www/html/mymisdiagnosis/app/Controllers/Record.php(108): CodeIgniter\BaseModel->paginate(3)
#7 /var/www/html/mymisdiagnosis/system/CodeIgniter.php(936): App\Controllers\Record->loadRecord()
#8 /var/www/html/mymisdiagnosis/system/CodeIgniter.php(432): CodeIgniter\CodeIgniter->runController(Object(App\Controllers\Record))
#9 /var/www/html/mymisdiagnosis/system/CodeIgniter.php(333): CodeIgniter\CodeIgniter->handleRequest(NULL, Object(Config\Cache), false)
#10 /var/www/html/mymisdiagnosis/index.php(44): CodeIgniter\CodeIgniter->run()
#11 {main}
ERROR - 2022-01-07 22:34:10 --> mysqli_sql_exception: Unknown column 'record_misdiagnosis' in 'where clause' in /var/www/html/mymisdiagnosis/system/Database/MySQLi/Connection.php:314
Stack trace:
#0 /var/www/html/mymisdiagnosis/system/Database/MySQLi/Connection.php(314): mysqli->query('SELECT COUNT(*)...')
#1 /var/www/html/mymisdiagnosis/system/Database/BaseConnection.php(713): CodeIgniter\Database\MySQLi\Connection->execute('SELECT COUNT(*)...')
#2 /var/www/html/mymisdiagnosis/system/Database/BaseConnection.php(641): CodeIgniter\Database\BaseConnection->simpleQuery('SELECT COUNT(*)...')
#3 /var/www/html/mymisdiagnosis/system/Database/BaseBuilder.php(1966): CodeIgniter\Database\BaseConnection->query('SELECT COUNT(*)...', Array, false)
#4 /var/www/html/mymisdiagnosis/system/Model.php(570): CodeIgniter\Database\BaseBuilder->countAllResults(false)
#5 /var/www/html/mymisdiagnosis/system/BaseModel.php(1140): CodeIgniter\Model->countAllResults(false)
#6 /var/www/html/mymisdiagnosis/app/Controllers/Record.php(108): CodeIgniter\BaseModel->paginate(3)
#7 /var/www/html/mymisdiagnosis/system/CodeIgniter.php(936): App\Controllers\Record->loadRecord()
#8 /var/www/html/mymisdiagnosis/system/CodeIgniter.php(432): CodeIgniter\CodeIgniter->runController(Object(App\Controllers\Record))
#9 /var/www/html/mymisdiagnosis/system/CodeIgniter.php(333): CodeIgniter\CodeIgniter->handleRequest(NULL, Object(Config\Cache), false)
#10 /var/www/html/mymisdiagnosis/index.php(44): CodeIgniter\CodeIgniter->run()
#11 {main}
CRITICAL - 2022-01-07 22:34:10 --> Unknown column 'record_misdiagnosis' in 'where clause'
#0 /var/www/html/mymisdiagnosis/system/Database/MySQLi/Connection.php(314): mysqli->query('SELECT COUNT(*)...')
#1 /var/www/html/mymisdiagnosis/system/Database/BaseConnection.php(713): CodeIgniter\Database\MySQLi\Connection->execute('SELECT COUNT(*)...')
#2 /var/www/html/mymisdiagnosis/system/Database/BaseConnection.php(641): CodeIgniter\Database\BaseConnection->simpleQuery('SELECT COUNT(*)...')
#3 /var/www/html/mymisdiagnosis/system/Database/BaseBuilder.php(1966): CodeIgniter\Database\BaseConnection->query('SELECT COUNT(*)...', Array, false)
#4 /var/www/html/mymisdiagnosis/system/Model.php(570): CodeIgniter\Database\BaseBuilder->countAllResults(false)
#5 /var/www/html/mymisdiagnosis/system/BaseModel.php(1140): CodeIgniter\Model->countAllResults(false)
#6 /var/www/html/mymisdiagnosis/app/Controllers/Record.php(108): CodeIgniter\BaseModel->paginate(3)
#7 /var/www/html/mymisdiagnosis/system/CodeIgniter.php(936): App\Controllers\Record->loadRecord()
#8 /var/www/html/mymisdiagnosis/system/CodeIgniter.php(432): CodeIgniter\CodeIgniter->runController(Object(App\Controllers\Record))
#9 /var/www/html/mymisdiagnosis/system/CodeIgniter.php(333): CodeIgniter\CodeIgniter->handleRequest(NULL, Object(Config\Cache), false)
#10 /var/www/html/mymisdiagnosis/index.php(44): CodeIgniter\CodeIgniter->run()
#11 {main}
INFO - 2022-01-07 22:34:18 --> Session: Class initialized using 'CodeIgniter\Session\Handlers\FileHandler' driver.
WARNING - 2022-01-07 22:34:18 --> Session: Sessions is enabled, and one exists.Please don't $session->start();
INFO - 2022-01-07 22:34:22 --> Session: Class initialized using 'CodeIgniter\Session\Handlers\FileHandler' driver.
WARNING - 2022-01-07 22:34:22 --> Session: Sessions is enabled, and one exists.Please don't $session->start();
ERROR - 2022-01-07 22:34:25 --> mysqli_sql_exception: Unknown column 'record_misdiagnosis' in 'where clause' in /var/www/html/mymisdiagnosis/system/Database/MySQLi/Connection.php:314
Stack trace:
#0 /var/www/html/mymisdiagnosis/system/Database/MySQLi/Connection.php(314): mysqli->query('SELECT COUNT(*)...')
#1 /var/www/html/mymisdiagnosis/system/Database/BaseConnection.php(713): CodeIgniter\Database\MySQLi\Connection->execute('SELECT COUNT(*)...')
#2 /var/www/html/mymisdiagnosis/system/Database/BaseConnection.php(641): CodeIgniter\Database\BaseConnection->simpleQuery('SELECT COUNT(*)...')
#3 /var/www/html/mymisdiagnosis/system/Database/BaseBuilder.php(1966): CodeIgniter\Database\BaseConnection->query('SELECT COUNT(*)...', Array, false)
#4 /var/www/html/mymisdiagnosis/system/Model.php(570): CodeIgniter\Database\BaseBuilder->countAllResults(false)
#5 /var/www/html/mymisdiagnosis/system/BaseModel.php(1140): CodeIgniter\Model->countAllResults(false)
#6 /var/www/html/mymisdiagnosis/app/Controllers/Record.php(108): CodeIgniter\BaseModel->paginate(3)
#7 /var/www/html/mymisdiagnosis/system/CodeIgniter.php(936): App\Controllers\Record->loadRecord()
#8 /var/www/html/mymisdiagnosis/system/CodeIgniter.php(432): CodeIgniter\CodeIgniter->runController(Object(App\Controllers\Record))
#9 /var/www/html/mymisdiagnosis/system/CodeIgniter.php(333): CodeIgniter\CodeIgniter->handleRequest(NULL, Object(Config\Cache), false)
#10 /var/www/html/mymisdiagnosis/index.php(44): CodeIgniter\CodeIgniter->run()
#11 {main}
CRITICAL - 2022-01-07 22:34:25 --> Unknown column 'record_misdiagnosis' in 'where clause'
#0 /var/www/html/mymisdiagnosis/system/Database/MySQLi/Connection.php(314): mysqli->query('SELECT COUNT(*)...')
#1 /var/www/html/mymisdiagnosis/system/Database/BaseConnection.php(713): CodeIgniter\Database\MySQLi\Connection->execute('SELECT COUNT(*)...')
#2 /var/www/html/mymisdiagnosis/system/Database/BaseConnection.php(641): CodeIgniter\Database\BaseConnection->simpleQuery('SELECT COUNT(*)...')
#3 /var/www/html/mymisdiagnosis/system/Database/BaseBuilder.php(1966): CodeIgniter\Database\BaseConnection->query('SELECT COUNT(*)...', Array, false)
#4 /var/www/html/mymisdiagnosis/system/Model.php(570): CodeIgniter\Database\BaseBuilder->countAllResults(false)
#5 /var/www/html/mymisdiagnosis/system/BaseModel.php(1140): CodeIgniter\Model->countAllResults(false)
#6 /var/www/html/mymisdiagnosis/app/Controllers/Record.php(108): CodeIgniter\BaseModel->paginate(3)
#7 /var/www/html/mymisdiagnosis/system/CodeIgniter.php(936): App\Controllers\Record->loadRecord()
#8 /var/www/html/mymisdiagnosis/system/CodeIgniter.php(432): CodeIgniter\CodeIgniter->runController(Object(App\Controllers\Record))
#9 /var/www/html/mymisdiagnosis/system/CodeIgniter.php(333): CodeIgniter\CodeIgniter->handleRequest(NULL, Object(Config\Cache), false)
#10 /var/www/html/mymisdiagnosis/index.php(44): CodeIgniter\CodeIgniter->run()
#11 {main}
INFO - 2022-01-07 22:34:46 --> Session: Class initialized using 'CodeIgniter\Session\Handlers\FileHandler' driver.
INFO - 2022-01-07 22:34:53 --> Session: Class initialized using 'CodeIgniter\Session\Handlers\FileHandler' driver.
INFO - 2022-01-07 22:34:56 --> Session: Class initialized using 'CodeIgniter\Session\Handlers\FileHandler' driver.
INFO - 2022-01-07 22:34:57 --> Session: Class initialized using 'CodeIgniter\Session\Handlers\FileHandler' driver.
INFO - 2022-01-07 22:34:58 --> Session: Class initialized using 'CodeIgniter\Session\Handlers\FileHandler' driver.
INFO - 2022-01-07 22:35:00 --> Session: Class initialized using 'CodeIgniter\Session\Handlers\FileHandler' driver.
INFO - 2022-01-07 22:35:01 --> Session: Class initialized using 'CodeIgniter\Session\Handlers\FileHandler' driver.
INFO - 2022-01-07 22:35:37 --> Session: Class initialized using 'CodeIgniter\Session\Handlers\FileHandler' driver.
INFO - 2022-01-07 22:35:39 --> Session: Class initialized using 'CodeIgniter\Session\Handlers\FileHandler' driver.
INFO - 2022-01-07 22:35:40 --> Session: Class initialized using 'CodeIgniter\Session\Handlers\FileHandler' driver.
INFO - 2022-01-07 22:39:56 --> Session: Class initialized using 'CodeIgniter\Session\Handlers\FileHandler' driver.
WARNING - 2022-01-07 22:39:56 --> Session: Sessions is enabled, and one exists.Please don't $session->start();
INFO - 2022-01-07 22:40:16 --> Session: Class initialized using 'CodeIgniter\Session\Handlers\FileHandler' driver.
WARNING - 2022-01-07 22:40:16 --> Session: Sessions is enabled, and one exists.Please don't $session->start();
INFO - 2022-01-07 22:40:16 --> Session: Class initialized using 'CodeIgniter\Session\Handlers\FileHandler' driver.
INFO - 2022-01-07 22:40:17 --> Session: Class initialized using 'CodeIgniter\Session\Handlers\FileHandler' driver.
INFO - 2022-01-07 22:40:17 --> Session: Class initialized using 'CodeIgniter\Session\Handlers\FileHandler' driver.
ERROR - 2022-01-07 22:40:18 --> mysqli_sql_exception: Unknown column 'record_misdiagnosis' in 'order clause' in /var/www/html/mymisdiagnosis/system/Database/MySQLi/Connection.php:314
Stack trace:
#0 /var/www/html/mymisdiagnosis/system/Database/MySQLi/Connection.php(314): mysqli->query('SELECT *\nFROM `...')
#1 /var/www/html/mymisdiagnosis/system/Database/BaseConnection.php(713): CodeIgniter\Database\MySQLi\Connection->execute('SELECT *\nFROM `...')
#2 /var/www/html/mymisdiagnosis/system/Database/BaseConnection.php(641): CodeIgniter\Database\BaseConnection->simpleQuery('SELECT *\nFROM `...')
#3 /var/www/html/mymisdiagnosis/system/Database/BaseBuilder.php(1866): CodeIgniter\Database\BaseConnection->query('SELECT *\nFROM `...', Array, false)
#4 /var/www/html/mymisdiagnosis/system/Model.php(213): CodeIgniter\Database\BaseBuilder->get()
#5 /var/www/html/mymisdiagnosis/system/BaseModel.php(583): CodeIgniter\Model->doFindAll(3, 0)
#6 /var/www/html/mymisdiagnosis/system/BaseModel.php(1144): CodeIgniter\BaseModel->findAll(3, 0)
#7 /var/www/html/mymisdiagnosis/app/Controllers/Post.php(92): CodeIgniter\BaseModel->paginate(3)
#8 /var/www/html/mymisdiagnosis/system/CodeIgniter.php(936): App\Controllers\Post->loadRecord()
#9 /var/www/html/mymisdiagnosis/system/CodeIgniter.php(432): CodeIgniter\CodeIgniter->runController(Object(App\Controllers\Post))
#10 /var/www/html/mymisdiagnosis/system/CodeIgniter.php(333): CodeIgniter\CodeIgniter->handleRequest(NULL, Object(Config\Cache), false)
#11 /var/www/html/mymisdiagnosis/index.php(44): CodeIgniter\CodeIgniter->run()
#12 {main}
CRITICAL - 2022-01-07 22:40:18 --> Unknown column 'record_misdiagnosis' in 'order clause'
#0 /var/www/html/mymisdiagnosis/system/Database/MySQLi/Connection.php(314): mysqli->query('SELECT *\nFROM `...')
#1 /var/www/html/mymisdiagnosis/system/Database/BaseConnection.php(713): CodeIgniter\Database\MySQLi\Connection->execute('SELECT *\nFROM `...')
#2 /var/www/html/mymisdiagnosis/system/Database/BaseConnection.php(641): CodeIgniter\Database\BaseConnection->simpleQuery('SELECT *\nFROM `...')
#3 /var/www/html/mymisdiagnosis/system/Database/BaseBuilder.php(1866): CodeIgniter\Database\BaseConnection->query('SELECT *\nFROM `...', Array, false)
#4 /var/www/html/mymisdiagnosis/system/Model.php(213): CodeIgniter\Database\BaseBuilder->get()
#5 /var/www/html/mymisdiagnosis/system/BaseModel.php(583): CodeIgniter\Model->doFindAll(3, 0)
#6 /var/www/html/mymisdiagnosis/system/BaseModel.php(1144): CodeIgniter\BaseModel->findAll(3, 0)
#7 /var/www/html/mymisdiagnosis/app/Controllers/Post.php(92): CodeIgniter\BaseModel->paginate(3)
#8 /var/www/html/mymisdiagnosis/system/CodeIgniter.php(936): App\Controllers\Post->loadRecord()
#9 /var/www/html/mymisdiagnosis/system/CodeIgniter.php(432): CodeIgniter\CodeIgniter->runController(Object(App\Controllers\Post))
#10 /var/www/html/mymisdiagnosis/system/CodeIgniter.php(333): CodeIgniter\CodeIgniter->handleRequest(NULL, Object(Config\Cache), false)
#11 /var/www/html/mymisdiagnosis/index.php(44): CodeIgniter\CodeIgniter->run()
#12 {main}
CRITICAL - 2022-01-07 22:41:39 --> Argument 1 passed to CodeIgniter\Database\BaseResult::getResult() must be of the type string, null given, called in /var/www/html/mymisdiagnosis/system/Model.php on line 214
#0 /var/www/html/mymisdiagnosis/system/Model.php(214): CodeIgniter\Database\BaseResult->getResult(NULL)
#1 /var/www/html/mymisdiagnosis/system/BaseModel.php(583): CodeIgniter\Model->doFindAll(3, 0)
#2 /var/www/html/mymisdiagnosis/system/BaseModel.php(1144): CodeIgniter\BaseModel->findAll(3, 0)
#3 /var/www/html/mymisdiagnosis/app/Controllers/Post.php(92): CodeIgniter\BaseModel->paginate(3)
#4 /var/www/html/mymisdiagnosis/system/CodeIgniter.php(936): App\Controllers\Post->loadRecord()
#5 /var/www/html/mymisdiagnosis/system/CodeIgniter.php(432): CodeIgniter\CodeIgniter->runController(Object(App\Controllers\Post))
#6 /var/www/html/mymisdiagnosis/system/CodeIgniter.php(333): CodeIgniter\CodeIgniter->handleRequest(NULL, Object(Config\Cache), false)
#7 /var/www/html/mymisdiagnosis/index.php(44): CodeIgniter\CodeIgniter->run()
#8 {main}
CRITICAL - 2022-01-07 22:42:26 --> Argument 1 passed to CodeIgniter\Database\BaseResult::getResult() must be of the type string, null given, called in /var/www/html/mymisdiagnosis/system/Model.php on line 214
#0 /var/www/html/mymisdiagnosis/system/Model.php(214): CodeIgniter\Database\BaseResult->getResult(NULL)
#1 /var/www/html/mymisdiagnosis/system/BaseModel.php(583): CodeIgniter\Model->doFindAll(3, 0)
#2 /var/www/html/mymisdiagnosis/system/BaseModel.php(1144): CodeIgniter\BaseModel->findAll(3, 0)
#3 /var/www/html/mymisdiagnosis/app/Controllers/Post.php(100): CodeIgniter\BaseModel->paginate(3)
#4 /var/www/html/mymisdiagnosis/system/CodeIgniter.php(936): App\Controllers\Post->loadRecord()
#5 /var/www/html/mymisdiagnosis/system/CodeIgniter.php(432): CodeIgniter\CodeIgniter->runController(Object(App\Controllers\Post))
#6 /var/www/html/mymisdiagnosis/system/CodeIgniter.php(333): CodeIgniter\CodeIgniter->handleRequest(NULL, Object(Config\Cache), false)
#7 /var/www/html/mymisdiagnosis/index.php(44): CodeIgniter\CodeIgniter->run()
#8 {main}
INFO - 2022-01-07 22:44:38 --> Session: Class initialized using 'CodeIgniter\Session\Handlers\FileHandler' driver.
CRITICAL - 2022-01-07 22:44:38 --> Call to undefined function word_limiter()
#0 /var/www/html/mymisdiagnosis/system/View/View.php(220): include()
#1 /var/www/html/mymisdiagnosis/system/View/View.php(222): CodeIgniter\View\View->CodeIgniter\View\{closure}()
#2 /var/www/html/mymisdiagnosis/system/Common.php(1217): CodeIgniter\View\View->render('post_list', Array, true)
#3 /var/www/html/mymisdiagnosis/app/Controllers/Post.php(117): view('post_list', Array)
#4 /var/www/html/mymisdiagnosis/system/CodeIgniter.php(936): App\Controllers\Post->loadRecord()
#5 /var/www/html/mymisdiagnosis/system/CodeIgniter.php(432): CodeIgniter\CodeIgniter->runController(Object(App\Controllers\Post))
#6 /var/www/html/mymisdiagnosis/system/CodeIgniter.php(333): CodeIgniter\CodeIgniter->handleRequest(NULL, Object(Config\Cache), false)
#7 /var/www/html/mymisdiagnosis/index.php(44): CodeIgniter\CodeIgniter->run()
#8 {main}
INFO - 2022-01-07 22:49:45 --> Session: Class initialized using 'CodeIgniter\Session\Handlers\FileHandler' driver.
CRITICAL - 2022-01-07 22:49:45 --> syntax error, unexpected '}'
#0 /var/www/html/mymisdiagnosis/system/View/View.php(222): CodeIgniter\View\View->CodeIgniter\View\{closure}()
#1 /var/www/html/mymisdiagnosis/system/Common.php(1217): CodeIgniter\View\View->render('post_list', Array, true)
#2 /var/www/html/mymisdiagnosis/app/Controllers/Post.php(117): view('post_list', Array)
#3 /var/www/html/mymisdiagnosis/system/CodeIgniter.php(936): App\Controllers\Post->loadRecord()
#4 /var/www/html/mymisdiagnosis/system/CodeIgniter.php(432): CodeIgniter\CodeIgniter->runController(Object(App\Controllers\Post))
#5 /var/www/html/mymisdiagnosis/system/CodeIgniter.php(333): CodeIgniter\CodeIgniter->handleRequest(NULL, Object(Config\Cache), false)
#6 /var/www/html/mymisdiagnosis/index.php(44): CodeIgniter\CodeIgniter->run()
#7 {main}
INFO - 2022-01-07 22:50:21 --> Session: Class initialized using 'CodeIgniter\Session\Handlers\FileHandler' driver.
CRITICAL - 2022-01-07 22:50:21 --> Call to undefined function word_limiter()
#0 /var/www/html/mymisdiagnosis/system/View/View.php(220): include()
#1 /var/www/html/mymisdiagnosis/system/View/View.php(222): CodeIgniter\View\View->CodeIgniter\View\{closure}()
#2 /var/www/html/mymisdiagnosis/system/Common.php(1217): CodeIgniter\View\View->render('post_list', Array, true)
#3 /var/www/html/mymisdiagnosis/app/Controllers/Post.php(117): view('post_list', Array)
#4 /var/www/html/mymisdiagnosis/system/CodeIgniter.php(936): App\Controllers\Post->loadRecord()
#5 /var/www/html/mymisdiagnosis/system/CodeIgniter.php(432): CodeIgniter\CodeIgniter->runController(Object(App\Controllers\Post))
#6 /var/www/html/mymisdiagnosis/system/CodeIgniter.php(333): CodeIgniter\CodeIgniter->handleRequest(NULL, Object(Config\Cache), false)
#7 /var/www/html/mymisdiagnosis/index.php(44): CodeIgniter\CodeIgniter->run()
#8 {main}
INFO - 2022-01-07 22:51:04 --> Session: Class initialized using 'CodeIgniter\Session\Handlers\FileHandler' driver.
CRITICAL - 2022-01-07 22:51:04 --> syntax error, unexpected ','
#0 /var/www/html/mymisdiagnosis/system/View/View.php(222): CodeIgniter\View\View->CodeIgniter\View\{closure}()
#1 /var/www/html/mymisdiagnosis/system/Common.php(1217): CodeIgniter\View\View->render('post_list', Array, true)
#2 /var/www/html/mymisdiagnosis/app/Controllers/Post.php(117): view('post_list', Array)
#3 /var/www/html/mymisdiagnosis/system/CodeIgniter.php(936): App\Controllers\Post->loadRecord()
#4 /var/www/html/mymisdiagnosis/system/CodeIgniter.php(432): CodeIgniter\CodeIgniter->runController(Object(App\Controllers\Post))
#5 /var/www/html/mymisdiagnosis/system/CodeIgniter.php(333): CodeIgniter\CodeIgniter->handleRequest(NULL, Object(Config\Cache), false)
#6 /var/www/html/mymisdiagnosis/index.php(44): CodeIgniter\CodeIgniter->run()
#7 {main}
INFO - 2022-01-07 22:51:25 --> Session: Class initialized using 'CodeIgniter\Session\Handlers\FileHandler' driver.
INFO - 2022-01-07 22:51:28 --> Session: Class initialized using 'CodeIgniter\Session\Handlers\FileHandler' driver.
INFO - 2022-01-07 22:51:31 --> Session: Class initialized using 'CodeIgniter\Session\Handlers\FileHandler' driver.
INFO - 2022-01-07 22:52:17 --> Session: Class initialized using 'CodeIgniter\Session\Handlers\FileHandler' driver.
CRITICAL - 2022-01-07 22:52:17 --> Call to undefined function word_limiter()
#0 /var/www/html/mymisdiagnosis/system/View/View.php(220): include()
#1 /var/www/html/mymisdiagnosis/system/View/View.php(222): CodeIgniter\View\View->CodeIgniter\View\{closure}()
#2 /var/www/html/mymisdiagnosis/system/Common.php(1217): CodeIgniter\View\View->render('post_list', Array, true)
#3 /var/www/html/mymisdiagnosis/app/Controllers/Post.php(117): view('post_list', Array)
#4 /var/www/html/mymisdiagnosis/system/CodeIgniter.php(936): App\Controllers\Post->loadRecord()
#5 /var/www/html/mymisdiagnosis/system/CodeIgniter.php(432): CodeIgniter\CodeIgniter->runController(Object(App\Controllers\Post))
#6 /var/www/html/mymisdiagnosis/system/CodeIgniter.php(333): CodeIgniter\CodeIgniter->handleRequest(NULL, Object(Config\Cache), false)
#7 /var/www/html/mymisdiagnosis/index.php(44): CodeIgniter\CodeIgniter->run()
#8 {main}
CRITICAL - 2022-01-07 22:53:23 --> Argument 1 passed to CodeIgniter\Database\BaseResult::getResult() must be of the type string, null given, called in /var/www/html/mymisdiagnosis/system/Model.php on line 214
#0 /var/www/html/mymisdiagnosis/system/Model.php(214): CodeIgniter\Database\BaseResult->getResult(NULL)
#1 /var/www/html/mymisdiagnosis/system/BaseModel.php(583): CodeIgniter\Model->doFindAll(3, 0)
#2 /var/www/html/mymisdiagnosis/system/BaseModel.php(1144): CodeIgniter\BaseModel->findAll(3, 0)
#3 /var/www/html/mymisdiagnosis/app/Controllers/Post.php(100): CodeIgniter\BaseModel->paginate(3)
#4 /var/www/html/mymisdiagnosis/system/CodeIgniter.php(936): App\Controllers\Post->loadRecord()
#5 /var/www/html/mymisdiagnosis/system/CodeIgniter.php(432): CodeIgniter\CodeIgniter->runController(Object(App\Controllers\Post))
#6 /var/www/html/mymisdiagnosis/system/CodeIgniter.php(333): CodeIgniter\CodeIgniter->handleRequest(NULL, Object(Config\Cache), false)
#7 /var/www/html/mymisdiagnosis/index.php(44): CodeIgniter\CodeIgniter->run()
#8 {main}
CRITICAL - 2022-01-07 22:53:40 --> Call to a member function helper() on null
#0 /var/www/html/mymisdiagnosis/app/Controllers/Post.php(87): App\Models\PostModel->__construct()
#1 /var/www/html/mymisdiagnosis/system/CodeIgniter.php(936): App\Controllers\Post->loadRecord()
#2 /var/www/html/mymisdiagnosis/system/CodeIgniter.php(432): CodeIgniter\CodeIgniter->runController(Object(App\Controllers\Post))
#3 /var/www/html/mymisdiagnosis/system/CodeIgniter.php(333): CodeIgniter\CodeIgniter->handleRequest(NULL, Object(Config\Cache), false)
#4 /var/www/html/mymisdiagnosis/index.php(44): CodeIgniter\CodeIgniter->run()
#5 {main}
INFO - 2022-01-07 22:54:08 --> Session: Class initialized using 'CodeIgniter\Session\Handlers\FileHandler' driver.
CRITICAL - 2022-01-07 22:54:09 --> Call to undefined function word_limiter()
#0 /var/www/html/mymisdiagnosis/system/View/View.php(220): include()
#1 /var/www/html/mymisdiagnosis/system/View/View.php(222): CodeIgniter\View\View->CodeIgniter\View\{closure}()
#2 /var/www/html/mymisdiagnosis/system/Common.php(1217): CodeIgniter\View\View->render('post_list', Array, true)
#3 /var/www/html/mymisdiagnosis/app/Controllers/Post.php(117): view('post_list', Array)
#4 /var/www/html/mymisdiagnosis/system/CodeIgniter.php(936): App\Controllers\Post->loadRecord()
#5 /var/www/html/mymisdiagnosis/system/CodeIgniter.php(432): CodeIgniter\CodeIgniter->runController(Object(App\Controllers\Post))
#6 /var/www/html/mymisdiagnosis/system/CodeIgniter.php(333): CodeIgniter\CodeIgniter->handleRequest(NULL, Object(Config\Cache), false)
#7 /var/www/html/mymisdiagnosis/index.php(44): CodeIgniter\CodeIgniter->run()
#8 {main}
CRITICAL - 2022-01-07 22:54:38 --> Undefined property: App\Controllers\Post::$load
#0 /var/www/html/mymisdiagnosis/app/Controllers/Post.php(48): CodeIgniter\Debug\Exceptions->errorHandler(8, 'Undefined prope...', '/var/www/html/m...', 48, Array)
#1 /var/www/html/mymisdiagnosis/system/CodeIgniter.php(908): App\Controllers\Post->__construct()
#2 /var/www/html/mymisdiagnosis/system/CodeIgniter.php(422): CodeIgniter\CodeIgniter->createController()
#3 /var/www/html/mymisdiagnosis/system/CodeIgniter.php(333): CodeIgniter\CodeIgniter->handleRequest(NULL, Object(Config\Cache), false)
#4 /var/www/html/mymisdiagnosis/index.php(44): CodeIgniter\CodeIgniter->run()
#5 {main}
INFO - 2022-01-07 22:54:56 --> Session: Class initialized using 'CodeIgniter\Session\Handlers\FileHandler' driver.
INFO - 2022-01-07 22:54:59 --> Session: Class initialized using 'CodeIgniter\Session\Handlers\FileHandler' driver.
WARNING - 2022-01-07 22:54:59 --> Session: Sessions is enabled, and one exists.Please don't $session->start();
INFO - 2022-01-07 22:55:05 --> Session: Class initialized using 'CodeIgniter\Session\Handlers\FileHandler' driver.
INFO - 2022-01-07 22:55:06 --> Session: Class initialized using 'CodeIgniter\Session\Handlers\FileHandler' driver.
INFO - 2022-01-07 22:55:39 --> Session: Class initialized using 'CodeIgniter\Session\Handlers\FileHandler' driver.
INFO - 2022-01-07 22:56:15 --> Session: Class initialized using 'CodeIgniter\Session\Handlers\FileHandler' driver.
INFO - 2022-01-07 22:56:17 --> Session: Class initialized using 'CodeIgniter\Session\Handlers\FileHandler' driver.
INFO - 2022-01-07 22:56:19 --> Session: Class initialized using 'CodeIgniter\Session\Handlers\FileHandler' driver.
INFO - 2022-01-07 22:56:21 --> Session: Class initialized using 'CodeIgniter\Session\Handlers\FileHandler' driver.
WARNING - 2022-01-07 22:56:21 --> Session: Sessions is enabled, and one exists.Please don't $session->start();
INFO - 2022-01-07 22:56:35 --> Session: Class initialized using 'CodeIgniter\Session\Handlers\FileHandler' driver.
INFO - 2022-01-07 22:57:10 --> Session: Class initialized using 'CodeIgniter\Session\Handlers\FileHandler' driver.
INFO - 2022-01-07 22:57:12 --> Session: Class initialized using 'CodeIgniter\Session\Handlers\FileHandler' driver.
INFO - 2022-01-07 22:57:16 --> Session: Class initialized using 'CodeIgniter\Session\Handlers\FileHandler' driver.
INFO - 2022-01-07 22:57:17 --> Session: Class initialized using 'CodeIgniter\Session\Handlers\FileHandler' driver.
INFO - 2022-01-07 22:57:18 --> Session: Class initialized using 'CodeIgniter\Session\Handlers\FileHandler' driver.
INFO - 2022-01-07 22:57:23 --> Session: Class initialized using 'CodeIgniter\Session\Handlers\FileHandler' driver.
INFO - 2022-01-07 22:57:25 --> Session: Class initialized using 'CodeIgniter\Session\Handlers\FileHandler' driver.
WARNING - 2022-01-07 22:57:25 --> Session: Sessions is enabled, and one exists.Please don't $session->start();
INFO - 2022-01-07 22:57:29 --> Session: Class initialized using 'CodeIgniter\Session\Handlers\FileHandler' driver.
WARNING - 2022-01-07 22:57:29 --> Session: Sessions is enabled, and one exists.Please don't $session->start();
INFO - 2022-01-07 22:57:32 --> Session: Class initialized using 'CodeIgniter\Session\Handlers\FileHandler' driver.
INFO - 2022-01-07 22:57:34 --> Session: Class initialized using 'CodeIgniter\Session\Handlers\FileHandler' driver.
INFO - 2022-01-07 22:57:37 --> Session: Class initialized using 'CodeIgniter\Session\Handlers\FileHandler' driver.
INFO - 2022-01-07 22:57:54 --> Session: Class initialized using 'CodeIgniter\Session\Handlers\FileHandler' driver.
WARNING - 2022-01-07 22:57:54 --> Session: Sessions is enabled, and one exists.Please don't $session->start();
INFO - 2022-01-07 22:57:57 --> Session: Class initialized using 'CodeIgniter\Session\Handlers\FileHandler' driver.
INFO - 2022-01-07 22:58:03 --> Session: Class initialized using 'CodeIgniter\Session\Handlers\FileHandler' driver.
INFO - 2022-01-07 22:58:07 --> Session: Class initialized using 'CodeIgniter\Session\Handlers\FileHandler' driver.
INFO - 2022-01-07 22:58:08 --> Session: Class initialized using 'CodeIgniter\Session\Handlers\FileHandler' driver.
INFO - 2022-01-07 22:59:57 --> Session: Class initialized using 'CodeIgniter\Session\Handlers\FileHandler' driver.
INFO - 2022-01-07 23:00:06 --> Session: Class initialized using 'CodeIgniter\Session\Handlers\FileHandler' driver.
WARNING - 2022-01-07 23:00:06 --> Session: Sessions is enabled, and one exists.Please don't $session->start();
INFO - 2022-01-07 23:00:09 --> Session: Class initialized using 'CodeIgniter\Session\Handlers\FileHandler' driver.
WARNING - 2022-01-07 23:00:09 --> Session: Sessions is enabled, and one exists.Please don't $session->start();
INFO - 2022-01-07 23:00:15 --> Session: Class initialized using 'CodeIgniter\Session\Handlers\FileHandler' driver.
