CRITICAL - 2021-04-16 00:00:32 --> Undefined property: App\Libraries\InterneticsLibrary::$ion_auth
#0 /home/interne1/public_html/mymisdiagnosis/public/assets/grocery_crud/themes/internetics/views/list_template.php(117): CodeIgniter\Debug\Exceptions->errorHandler(8, 'Undefined prope...', '/home/interne1/...', 117, Array)
#1 /home/interne1/public_html/mymisdiagnosis/app/Libraries/GroceryCrud.php(2801): include('/home/interne1/...')
#2 /home/interne1/public_html/mymisdiagnosis/app/Libraries/GroceryCrud.php(1563): App\Libraries\grocery_CRUD_Layout->_theme_view('list_template.p...', Array)
#3 /home/interne1/public_html/mymisdiagnosis/app/Libraries/GroceryCrud.php(4496): App\Libraries\grocery_CRUD_Layout->showList(false, Object(stdClass))
#4 /home/interne1/public_html/mymisdiagnosis/app/Controllers/Product.php(276): App\Libraries\GroceryCrud->render()
#5 /home/interne1/public_html/mymisdiagnosis/system/CodeIgniter.php(936): App\Controllers\Product->user_settings()
#6 /home/interne1/public_html/mymisdiagnosis/system/CodeIgniter.php(432): CodeIgniter\CodeIgniter->runController(Object(App\Controllers\Product))
#7 /home/interne1/public_html/mymisdiagnosis/system/CodeIgniter.php(333): CodeIgniter\CodeIgniter->handleRequest(NULL, Object(Config\Cache), false)
#8 /home/interne1/public_html/mymisdiagnosis/public/index.php(44): CodeIgniter\CodeIgniter->run()
#9 {main}
CRITICAL - 2021-04-16 00:01:01 --> syntax error, unexpected '->' (T_OBJECT_OPERATOR)
#0 /home/interne1/public_html/mymisdiagnosis/app/Libraries/GroceryCrud.php(1563): App\Libraries\grocery_CRUD_Layout->_theme_view('list_template.p...', Array)
#1 /home/interne1/public_html/mymisdiagnosis/app/Libraries/GroceryCrud.php(4496): App\Libraries\grocery_CRUD_Layout->showList(false, Object(stdClass))
#2 /home/interne1/public_html/mymisdiagnosis/app/Controllers/Product.php(276): App\Libraries\GroceryCrud->render()
#3 /home/interne1/public_html/mymisdiagnosis/system/CodeIgniter.php(936): App\Controllers\Product->user_settings()
#4 /home/interne1/public_html/mymisdiagnosis/system/CodeIgniter.php(432): CodeIgniter\CodeIgniter->runController(Object(App\Controllers\Product))
#5 /home/interne1/public_html/mymisdiagnosis/system/CodeIgniter.php(333): CodeIgniter\CodeIgniter->handleRequest(NULL, Object(Config\Cache), false)
#6 /home/interne1/public_html/mymisdiagnosis/public/index.php(44): CodeIgniter\CodeIgniter->run()
#7 {main}
CRITICAL - 2021-04-16 00:01:36 --> Undefined method Ion_auth::logged_in() called
#0 /home/interne1/public_html/mymisdiagnosis/public/assets/grocery_crud/themes/internetics/views/list_template.php(117): IonAuth\Libraries\IonAuth->__call('logged_in', Array)
#1 /home/interne1/public_html/mymisdiagnosis/app/Libraries/GroceryCrud.php(2801): include('/home/interne1/...')
#2 /home/interne1/public_html/mymisdiagnosis/app/Libraries/GroceryCrud.php(1563): App\Libraries\grocery_CRUD_Layout->_theme_view('list_template.p...', Array)
#3 /home/interne1/public_html/mymisdiagnosis/app/Libraries/GroceryCrud.php(4496): App\Libraries\grocery_CRUD_Layout->showList(false, Object(stdClass))
#4 /home/interne1/public_html/mymisdiagnosis/app/Controllers/Product.php(276): App\Libraries\GroceryCrud->render()
#5 /home/interne1/public_html/mymisdiagnosis/system/CodeIgniter.php(936): App\Controllers\Product->user_settings()
#6 /home/interne1/public_html/mymisdiagnosis/system/CodeIgniter.php(432): CodeIgniter\CodeIgniter->runController(Object(App\Controllers\Product))
#7 /home/interne1/public_html/mymisdiagnosis/system/CodeIgniter.php(333): CodeIgniter\CodeIgniter->handleRequest(NULL, Object(Config\Cache), false)
#8 /home/interne1/public_html/mymisdiagnosis/public/index.php(44): CodeIgniter\CodeIgniter->run()
#9 {main}
CRITICAL - 2021-04-16 00:02:46 --> Undefined property: App\Libraries\InterneticsLibrary::$ionAuth
#0 /home/interne1/public_html/mymisdiagnosis/public/assets/grocery_crud/themes/internetics/views/list_template.php(107): CodeIgniter\Debug\Exceptions->errorHandler(8, 'Undefined prope...', '/home/interne1/...', 107, Array)
#1 /home/interne1/public_html/mymisdiagnosis/app/Libraries/GroceryCrud.php(2801): include('/home/interne1/...')
#2 /home/interne1/public_html/mymisdiagnosis/app/Libraries/GroceryCrud.php(1563): App\Libraries\grocery_CRUD_Layout->_theme_view('list_template.p...', Array)
#3 /home/interne1/public_html/mymisdiagnosis/app/Libraries/GroceryCrud.php(4496): App\Libraries\grocery_CRUD_Layout->showList(false, Object(stdClass))
#4 /home/interne1/public_html/mymisdiagnosis/app/Controllers/Product.php(276): App\Libraries\GroceryCrud->render()
#5 /home/interne1/public_html/mymisdiagnosis/system/CodeIgniter.php(936): App\Controllers\Product->user_settings()
#6 /home/interne1/public_html/mymisdiagnosis/system/CodeIgniter.php(432): CodeIgniter\CodeIgniter->runController(Object(App\Controllers\Product))
#7 /home/interne1/public_html/mymisdiagnosis/system/CodeIgniter.php(333): CodeIgniter\CodeIgniter->handleRequest(NULL, Object(Config\Cache), false)
#8 /home/interne1/public_html/mymisdiagnosis/public/index.php(44): CodeIgniter\CodeIgniter->run()
#9 {main}
CRITICAL - 2021-04-16 00:06:48 --> syntax error, unexpected 'if' (T_IF)
#0 /home/interne1/public_html/mymisdiagnosis/app/Libraries/GroceryCrud.php(1563): App\Libraries\grocery_CRUD_Layout->_theme_view('list_template.p...', Array)
#1 /home/interne1/public_html/mymisdiagnosis/app/Libraries/GroceryCrud.php(4496): App\Libraries\grocery_CRUD_Layout->showList(false, Object(stdClass))
#2 /home/interne1/public_html/mymisdiagnosis/app/Controllers/Product.php(276): App\Libraries\GroceryCrud->render()
#3 /home/interne1/public_html/mymisdiagnosis/system/CodeIgniter.php(936): App\Controllers\Product->user_settings()
#4 /home/interne1/public_html/mymisdiagnosis/system/CodeIgniter.php(432): CodeIgniter\CodeIgniter->runController(Object(App\Controllers\Product))
#5 /home/interne1/public_html/mymisdiagnosis/system/CodeIgniter.php(333): CodeIgniter\CodeIgniter->handleRequest(NULL, Object(Config\Cache), false)
#6 /home/interne1/public_html/mymisdiagnosis/public/index.php(44): CodeIgniter\CodeIgniter->run()
#7 {main}
CRITICAL - 2021-04-16 00:08:48 --> Undefined variable: user
#0 /home/interne1/public_html/mymisdiagnosis/public/assets/grocery_crud/themes/internetics/views/list_template.php(118): CodeIgniter\Debug\Exceptions->errorHandler(8, 'Undefined varia...', '/home/interne1/...', 118, Array)
#1 /home/interne1/public_html/mymisdiagnosis/app/Libraries/GroceryCrud.php(2801): include('/home/interne1/...')
#2 /home/interne1/public_html/mymisdiagnosis/app/Libraries/GroceryCrud.php(1563): App\Libraries\grocery_CRUD_Layout->_theme_view('list_template.p...', Array)
#3 /home/interne1/public_html/mymisdiagnosis/app/Libraries/GroceryCrud.php(4496): App\Libraries\grocery_CRUD_Layout->showList(false, Object(stdClass))
#4 /home/interne1/public_html/mymisdiagnosis/app/Controllers/Product.php(116): App\Libraries\GroceryCrud->render()
#5 /home/interne1/public_html/mymisdiagnosis/system/CodeIgniter.php(936): App\Controllers\Product->packs()
#6 /home/interne1/public_html/mymisdiagnosis/system/CodeIgniter.php(432): CodeIgniter\CodeIgniter->runController(Object(App\Controllers\Product))
#7 /home/interne1/public_html/mymisdiagnosis/system/CodeIgniter.php(333): CodeIgniter\CodeIgniter->handleRequest(NULL, Object(Config\Cache), false)
#8 /home/interne1/public_html/mymisdiagnosis/public/index.php(44): CodeIgniter\CodeIgniter->run()
#9 {main}
CRITICAL - 2021-04-16 00:10:03 --> Object of class stdClass could not be converted to string
#0 /home/interne1/public_html/mymisdiagnosis/public/assets/grocery_crud/themes/internetics/views/list_template.php(120): CodeIgniter\Debug\Exceptions->errorHandler(4096, 'Object of class...', '/home/interne1/...', 120, Array)
#1 /home/interne1/public_html/mymisdiagnosis/app/Libraries/GroceryCrud.php(2801): include('/home/interne1/...')
#2 /home/interne1/public_html/mymisdiagnosis/app/Libraries/GroceryCrud.php(1563): App\Libraries\grocery_CRUD_Layout->_theme_view('list_template.p...', Array)
#3 /home/interne1/public_html/mymisdiagnosis/app/Libraries/GroceryCrud.php(4496): App\Libraries\grocery_CRUD_Layout->showList(false, Object(stdClass))
#4 /home/interne1/public_html/mymisdiagnosis/app/Controllers/Product.php(116): App\Libraries\GroceryCrud->render()
#5 /home/interne1/public_html/mymisdiagnosis/system/CodeIgniter.php(936): App\Controllers\Product->packs()
#6 /home/interne1/public_html/mymisdiagnosis/system/CodeIgniter.php(432): CodeIgniter\CodeIgniter->runController(Object(App\Controllers\Product))
#7 /home/interne1/public_html/mymisdiagnosis/system/CodeIgniter.php(333): CodeIgniter\CodeIgniter->handleRequest(NULL, Object(Config\Cache), false)
#8 /home/interne1/public_html/mymisdiagnosis/public/index.php(44): CodeIgniter\CodeIgniter->run()
#9 {main}
CRITICAL - 2021-04-16 00:11:14 --> Undefined variable: user
#0 /home/interne1/public_html/mymisdiagnosis/public/assets/grocery_crud/themes/internetics/views/list_template.php(119): CodeIgniter\Debug\Exceptions->errorHandler(8, 'Undefined varia...', '/home/interne1/...', 119, Array)
#1 /home/interne1/public_html/mymisdiagnosis/app/Libraries/GroceryCrud.php(2801): include('/home/interne1/...')
#2 /home/interne1/public_html/mymisdiagnosis/app/Libraries/GroceryCrud.php(1563): App\Libraries\grocery_CRUD_Layout->_theme_view('list_template.p...', Array)
#3 /home/interne1/public_html/mymisdiagnosis/app/Libraries/GroceryCrud.php(4496): App\Libraries\grocery_CRUD_Layout->showList(false, Object(stdClass))
#4 /home/interne1/public_html/mymisdiagnosis/app/Controllers/Product.php(116): App\Libraries\GroceryCrud->render()
#5 /home/interne1/public_html/mymisdiagnosis/system/CodeIgniter.php(936): App\Controllers\Product->packs()
#6 /home/interne1/public_html/mymisdiagnosis/system/CodeIgniter.php(432): CodeIgniter\CodeIgniter->runController(Object(App\Controllers\Product))
#7 /home/interne1/public_html/mymisdiagnosis/system/CodeIgniter.php(333): CodeIgniter\CodeIgniter->handleRequest(NULL, Object(Config\Cache), false)
#8 /home/interne1/public_html/mymisdiagnosis/public/index.php(44): CodeIgniter\CodeIgniter->run()
#9 {main}
CRITICAL - 2021-04-16 00:35:43 --> syntax error, unexpected '->' (T_OBJECT_OPERATOR), expecting ',' or ';'
#0 /home/interne1/public_html/mymisdiagnosis/app/Libraries/GroceryCrud.php(1563): App\Libraries\grocery_CRUD_Layout->_theme_view('list_template.p...', Array)
#1 /home/interne1/public_html/mymisdiagnosis/app/Libraries/GroceryCrud.php(4496): App\Libraries\grocery_CRUD_Layout->showList(false, Object(stdClass))
#2 /home/interne1/public_html/mymisdiagnosis/app/Controllers/Product.php(276): App\Libraries\GroceryCrud->render()
#3 /home/interne1/public_html/mymisdiagnosis/system/CodeIgniter.php(936): App\Controllers\Product->user_settings()
#4 /home/interne1/public_html/mymisdiagnosis/system/CodeIgniter.php(432): CodeIgniter\CodeIgniter->runController(Object(App\Controllers\Product))
#5 /home/interne1/public_html/mymisdiagnosis/system/CodeIgniter.php(333): CodeIgniter\CodeIgniter->handleRequest(NULL, Object(Config\Cache), false)
#6 /home/interne1/public_html/mymisdiagnosis/public/index.php(44): CodeIgniter\CodeIgniter->run()
#7 {main}
CRITICAL - 2021-04-16 00:37:33 --> syntax error, unexpected '.'
#0 /home/interne1/public_html/mymisdiagnosis/app/Libraries/GroceryCrud.php(1563): App\Libraries\grocery_CRUD_Layout->_theme_view('list_template.p...', Array)
#1 /home/interne1/public_html/mymisdiagnosis/app/Libraries/GroceryCrud.php(4496): App\Libraries\grocery_CRUD_Layout->showList(false, Object(stdClass))
#2 /home/interne1/public_html/mymisdiagnosis/app/Controllers/Product.php(276): App\Libraries\GroceryCrud->render()
#3 /home/interne1/public_html/mymisdiagnosis/system/CodeIgniter.php(936): App\Controllers\Product->user_settings()
#4 /home/interne1/public_html/mymisdiagnosis/system/CodeIgniter.php(432): CodeIgniter\CodeIgniter->runController(Object(App\Controllers\Product))
#5 /home/interne1/public_html/mymisdiagnosis/system/CodeIgniter.php(333): CodeIgniter\CodeIgniter->handleRequest(NULL, Object(Config\Cache), false)
#6 /home/interne1/public_html/mymisdiagnosis/public/index.php(44): CodeIgniter\CodeIgniter->run()
#7 {main}
ERROR - 2021-04-16 01:18:16 --> mysqli_sql_exception: Duplicate entry '2' for key 'PRIMARY' in /home/interne1/public_html/mymisdiagnosis/system/Database/MySQLi/Connection.php:314
Stack trace:
#0 /home/interne1/public_html/mymisdiagnosis/system/Database/MySQLi/Connection.php(314): mysqli->query('INSERT INTO `us...')
#1 /home/interne1/public_html/mymisdiagnosis/system/Database/BaseConnection.php(713): CodeIgniter\Database\MySQLi\Connection->execute('INSERT INTO `us...')
#2 /home/interne1/public_html/mymisdiagnosis/system/Database/BaseConnection.php(641): CodeIgniter\Database\BaseConnection->simpleQuery('INSERT INTO `us...')
#3 /home/interne1/public_html/mymisdiagnosis/system/Database/BaseBuilder.php(2263): CodeIgniter\Database\BaseConnection->query('INSERT INTO `us...', Array, false)
#4 /home/interne1/public_html/mymisdiagnosis/app/Models/GroceryCrudModel.php(491): CodeIgniter\Database\BaseBuilder->insert(Array)
#5 /home/interne1/public_html/mymisdiagnosis/app/Libraries/GroceryCrud.php(963): App\Models\GroceryCrudModel->db_insert(Array)
#6 /home/interne1/public_html/mymisdiagnosis/app/Libraries/GroceryCrud.php(4557): App\Libraries\grocery_CRUD_Model_Driver->db_insert(Object(stdClass))
#7 /home/interne1/public_html/mymisdiagnosis/app/Controllers/Product.php(268): App\Libraries\GroceryCrud->render()
#8 /home/interne1/public_html/mymisdiagnosis/system/CodeIgniter.php(936): App\Controllers\Product->user_settings('insert')
#9 /home/interne1/public_html/mymisdiagnosis/system/CodeIgniter.php(432): CodeIgniter\CodeIgniter->runController(Object(App\Controllers\Product))
#10 /home/interne1/public_html/mymisdiagnosis/system/CodeIgniter.php(333): CodeIgniter\CodeIgniter->handleRequest(NULL, Object(Config\Cache), false)
#11 /home/interne1/public_html/mymisdiagnosis/public/index.php(44): CodeIgniter\CodeIgniter->run()
#12 {main}
CRITICAL - 2021-04-16 01:18:16 --> Duplicate entry '2' for key 'PRIMARY'
#0 /home/interne1/public_html/mymisdiagnosis/system/Database/MySQLi/Connection.php(314): mysqli->query('INSERT INTO `us...')
#1 /home/interne1/public_html/mymisdiagnosis/system/Database/BaseConnection.php(713): CodeIgniter\Database\MySQLi\Connection->execute('INSERT INTO `us...')
#2 /home/interne1/public_html/mymisdiagnosis/system/Database/BaseConnection.php(641): CodeIgniter\Database\BaseConnection->simpleQuery('INSERT INTO `us...')
#3 /home/interne1/public_html/mymisdiagnosis/system/Database/BaseBuilder.php(2263): CodeIgniter\Database\BaseConnection->query('INSERT INTO `us...', Array, false)
#4 /home/interne1/public_html/mymisdiagnosis/app/Models/GroceryCrudModel.php(491): CodeIgniter\Database\BaseBuilder->insert(Array)
#5 /home/interne1/public_html/mymisdiagnosis/app/Libraries/GroceryCrud.php(963): App\Models\GroceryCrudModel->db_insert(Array)
#6 /home/interne1/public_html/mymisdiagnosis/app/Libraries/GroceryCrud.php(4557): App\Libraries\grocery_CRUD_Model_Driver->db_insert(Object(stdClass))
#7 /home/interne1/public_html/mymisdiagnosis/app/Controllers/Product.php(268): App\Libraries\GroceryCrud->render()
#8 /home/interne1/public_html/mymisdiagnosis/system/CodeIgniter.php(936): App\Controllers\Product->user_settings('insert')
#9 /home/interne1/public_html/mymisdiagnosis/system/CodeIgniter.php(432): CodeIgniter\CodeIgniter->runController(Object(App\Controllers\Product))
#10 /home/interne1/public_html/mymisdiagnosis/system/CodeIgniter.php(333): CodeIgniter\CodeIgniter->handleRequest(NULL, Object(Config\Cache), false)
#11 /home/interne1/public_html/mymisdiagnosis/public/index.php(44): CodeIgniter\CodeIgniter->run()
#12 {main}
ERROR - 2021-04-16 01:18:20 --> mysqli_sql_exception: Duplicate entry '2' for key 'PRIMARY' in /home/interne1/public_html/mymisdiagnosis/system/Database/MySQLi/Connection.php:314
Stack trace:
#0 /home/interne1/public_html/mymisdiagnosis/system/Database/MySQLi/Connection.php(314): mysqli->query('INSERT INTO `us...')
#1 /home/interne1/public_html/mymisdiagnosis/system/Database/BaseConnection.php(713): CodeIgniter\Database\MySQLi\Connection->execute('INSERT INTO `us...')
#2 /home/interne1/public_html/mymisdiagnosis/system/Database/BaseConnection.php(641): CodeIgniter\Database\BaseConnection->simpleQuery('INSERT INTO `us...')
#3 /home/interne1/public_html/mymisdiagnosis/system/Database/BaseBuilder.php(2263): CodeIgniter\Database\BaseConnection->query('INSERT INTO `us...', Array, false)
#4 /home/interne1/public_html/mymisdiagnosis/app/Models/GroceryCrudModel.php(491): CodeIgniter\Database\BaseBuilder->insert(Array)
#5 /home/interne1/public_html/mymisdiagnosis/app/Libraries/GroceryCrud.php(963): App\Models\GroceryCrudModel->db_insert(Array)
#6 /home/interne1/public_html/mymisdiagnosis/app/Libraries/GroceryCrud.php(4557): App\Libraries\grocery_CRUD_Model_Driver->db_insert(Object(stdClass))
#7 /home/interne1/public_html/mymisdiagnosis/app/Controllers/Product.php(268): App\Libraries\GroceryCrud->render()
#8 /home/interne1/public_html/mymisdiagnosis/system/CodeIgniter.php(936): App\Controllers\Product->user_settings('insert')
#9 /home/interne1/public_html/mymisdiagnosis/system/CodeIgniter.php(432): CodeIgniter\CodeIgniter->runController(Object(App\Controllers\Product))
#10 /home/interne1/public_html/mymisdiagnosis/system/CodeIgniter.php(333): CodeIgniter\CodeIgniter->handleRequest(NULL, Object(Config\Cache), false)
#11 /home/interne1/public_html/mymisdiagnosis/public/index.php(44): CodeIgniter\CodeIgniter->run()
#12 {main}
CRITICAL - 2021-04-16 01:18:20 --> Duplicate entry '2' for key 'PRIMARY'
#0 /home/interne1/public_html/mymisdiagnosis/system/Database/MySQLi/Connection.php(314): mysqli->query('INSERT INTO `us...')
#1 /home/interne1/public_html/mymisdiagnosis/system/Database/BaseConnection.php(713): CodeIgniter\Database\MySQLi\Connection->execute('INSERT INTO `us...')
#2 /home/interne1/public_html/mymisdiagnosis/system/Database/BaseConnection.php(641): CodeIgniter\Database\BaseConnection->simpleQuery('INSERT INTO `us...')
#3 /home/interne1/public_html/mymisdiagnosis/system/Database/BaseBuilder.php(2263): CodeIgniter\Database\BaseConnection->query('INSERT INTO `us...', Array, false)
#4 /home/interne1/public_html/mymisdiagnosis/app/Models/GroceryCrudModel.php(491): CodeIgniter\Database\BaseBuilder->insert(Array)
#5 /home/interne1/public_html/mymisdiagnosis/app/Libraries/GroceryCrud.php(963): App\Models\GroceryCrudModel->db_insert(Array)
#6 /home/interne1/public_html/mymisdiagnosis/app/Libraries/GroceryCrud.php(4557): App\Libraries\grocery_CRUD_Model_Driver->db_insert(Object(stdClass))
#7 /home/interne1/public_html/mymisdiagnosis/app/Controllers/Product.php(268): App\Libraries\GroceryCrud->render()
#8 /home/interne1/public_html/mymisdiagnosis/system/CodeIgniter.php(936): App\Controllers\Product->user_settings('insert')
#9 /home/interne1/public_html/mymisdiagnosis/system/CodeIgniter.php(432): CodeIgniter\CodeIgniter->runController(Object(App\Controllers\Product))
#10 /home/interne1/public_html/mymisdiagnosis/system/CodeIgniter.php(333): CodeIgniter\CodeIgniter->handleRequest(NULL, Object(Config\Cache), false)
#11 /home/interne1/public_html/mymisdiagnosis/public/index.php(44): CodeIgniter\CodeIgniter->run()
#12 {main}
ERROR - 2021-04-16 01:28:36 --> mysqli_sql_exception: Duplicate entry '2' for key 'PRIMARY' in /home/interne1/public_html/mymisdiagnosis/system/Database/MySQLi/Connection.php:314
Stack trace:
#0 /home/interne1/public_html/mymisdiagnosis/system/Database/MySQLi/Connection.php(314): mysqli->query('INSERT INTO `us...')
#1 /home/interne1/public_html/mymisdiagnosis/system/Database/BaseConnection.php(713): CodeIgniter\Database\MySQLi\Connection->execute('INSERT INTO `us...')
#2 /home/interne1/public_html/mymisdiagnosis/system/Database/BaseConnection.php(641): CodeIgniter\Database\BaseConnection->simpleQuery('INSERT INTO `us...')
#3 /home/interne1/public_html/mymisdiagnosis/system/Database/BaseBuilder.php(2263): CodeIgniter\Database\BaseConnection->query('INSERT INTO `us...', Array, false)
#4 /home/interne1/public_html/mymisdiagnosis/app/Models/GroceryCrudModel.php(491): CodeIgniter\Database\BaseBuilder->insert(Array)
#5 /home/interne1/public_html/mymisdiagnosis/app/Libraries/GroceryCrud.php(963): App\Models\GroceryCrudModel->db_insert(Array)
#6 /home/interne1/public_html/mymisdiagnosis/app/Libraries/GroceryCrud.php(4557): App\Libraries\grocery_CRUD_Model_Driver->db_insert(Object(stdClass))
#7 /home/interne1/public_html/mymisdiagnosis/app/Controllers/Product.php(269): App\Libraries\GroceryCrud->render()
#8 /home/interne1/public_html/mymisdiagnosis/system/CodeIgniter.php(936): App\Controllers\Product->user_settings('insert')
#9 /home/interne1/public_html/mymisdiagnosis/system/CodeIgniter.php(432): CodeIgniter\CodeIgniter->runController(Object(App\Controllers\Product))
#10 /home/interne1/public_html/mymisdiagnosis/system/CodeIgniter.php(333): CodeIgniter\CodeIgniter->handleRequest(NULL, Object(Config\Cache), false)
#11 /home/interne1/public_html/mymisdiagnosis/public/index.php(44): CodeIgniter\CodeIgniter->run()
#12 {main}
CRITICAL - 2021-04-16 01:28:36 --> Duplicate entry '2' for key 'PRIMARY'
#0 /home/interne1/public_html/mymisdiagnosis/system/Database/MySQLi/Connection.php(314): mysqli->query('INSERT INTO `us...')
#1 /home/interne1/public_html/mymisdiagnosis/system/Database/BaseConnection.php(713): CodeIgniter\Database\MySQLi\Connection->execute('INSERT INTO `us...')
#2 /home/interne1/public_html/mymisdiagnosis/system/Database/BaseConnection.php(641): CodeIgniter\Database\BaseConnection->simpleQuery('INSERT INTO `us...')
#3 /home/interne1/public_html/mymisdiagnosis/system/Database/BaseBuilder.php(2263): CodeIgniter\Database\BaseConnection->query('INSERT INTO `us...', Array, false)
#4 /home/interne1/public_html/mymisdiagnosis/app/Models/GroceryCrudModel.php(491): CodeIgniter\Database\BaseBuilder->insert(Array)
#5 /home/interne1/public_html/mymisdiagnosis/app/Libraries/GroceryCrud.php(963): App\Models\GroceryCrudModel->db_insert(Array)
#6 /home/interne1/public_html/mymisdiagnosis/app/Libraries/GroceryCrud.php(4557): App\Libraries\grocery_CRUD_Model_Driver->db_insert(Object(stdClass))
#7 /home/interne1/public_html/mymisdiagnosis/app/Controllers/Product.php(269): App\Libraries\GroceryCrud->render()
#8 /home/interne1/public_html/mymisdiagnosis/system/CodeIgniter.php(936): App\Controllers\Product->user_settings('insert')
#9 /home/interne1/public_html/mymisdiagnosis/system/CodeIgniter.php(432): CodeIgniter\CodeIgniter->runController(Object(App\Controllers\Product))
#10 /home/interne1/public_html/mymisdiagnosis/system/CodeIgniter.php(333): CodeIgniter\CodeIgniter->handleRequest(NULL, Object(Config\Cache), false)
#11 /home/interne1/public_html/mymisdiagnosis/public/index.php(44): CodeIgniter\CodeIgniter->run()
#12 {main}
CRITICAL - 2021-04-16 02:31:16 --> syntax error, unexpected '<'
#0 /home/interne1/public_html/mymisdiagnosis/app/Libraries/GroceryCrud.php(1563): App\Libraries\grocery_CRUD_Layout->_theme_view('list_template.p...', Array)
#1 /home/interne1/public_html/mymisdiagnosis/app/Libraries/GroceryCrud.php(4496): App\Libraries\grocery_CRUD_Layout->showList(false, Object(stdClass))
#2 /home/interne1/public_html/mymisdiagnosis/app/Controllers/Product.php(116): App\Libraries\GroceryCrud->render()
#3 /home/interne1/public_html/mymisdiagnosis/system/CodeIgniter.php(936): App\Controllers\Product->packs()
#4 /home/interne1/public_html/mymisdiagnosis/system/CodeIgniter.php(432): CodeIgniter\CodeIgniter->runController(Object(App\Controllers\Product))
#5 /home/interne1/public_html/mymisdiagnosis/system/CodeIgniter.php(333): CodeIgniter\CodeIgniter->handleRequest(NULL, Object(Config\Cache), false)
#6 /home/interne1/public_html/mymisdiagnosis/public/index.php(44): CodeIgniter\CodeIgniter->run()
#7 {main}
CRITICAL - 2021-04-16 02:31:57 --> syntax error, unexpected '<'
#0 /home/interne1/public_html/mymisdiagnosis/app/Libraries/GroceryCrud.php(1563): App\Libraries\grocery_CRUD_Layout->_theme_view('list_template.p...', Array)
#1 /home/interne1/public_html/mymisdiagnosis/app/Libraries/GroceryCrud.php(4496): App\Libraries\grocery_CRUD_Layout->showList(false, Object(stdClass))
#2 /home/interne1/public_html/mymisdiagnosis/app/Controllers/Product.php(116): App\Libraries\GroceryCrud->render()
#3 /home/interne1/public_html/mymisdiagnosis/system/CodeIgniter.php(936): App\Controllers\Product->packs()
#4 /home/interne1/public_html/mymisdiagnosis/system/CodeIgniter.php(432): CodeIgniter\CodeIgniter->runController(Object(App\Controllers\Product))
#5 /home/interne1/public_html/mymisdiagnosis/system/CodeIgniter.php(333): CodeIgniter\CodeIgniter->handleRequest(NULL, Object(Config\Cache), false)
#6 /home/interne1/public_html/mymisdiagnosis/public/index.php(44): CodeIgniter\CodeIgniter->run()
#7 {main}
CRITICAL - 2021-04-16 02:39:42 --> Undefined variable: user
#0 /home/interne1/public_html/mymisdiagnosis/app/Views/product_view.php(38): CodeIgniter\Debug\Exceptions->errorHandler(8, 'Undefined varia...', '/home/interne1/...', 38, Array)
#1 /home/interne1/public_html/mymisdiagnosis/system/View/View.php(220): include('/home/interne1/...')
#2 /home/interne1/public_html/mymisdiagnosis/system/View/View.php(222): CodeIgniter\View\View->CodeIgniter\View\{closure}()
#3 /home/interne1/public_html/mymisdiagnosis/system/Common.php(1217): CodeIgniter\View\View->render('product_view', Array, true)
#4 /home/interne1/public_html/mymisdiagnosis/app/Controllers/Product.php(325): view('product_view', Array)
#5 /home/interne1/public_html/mymisdiagnosis/app/Controllers/Product.php(271): App\Controllers\Product->_productOutput(Object(stdClass))
#6 /home/interne1/public_html/mymisdiagnosis/system/CodeIgniter.php(936): App\Controllers\Product->user_settings('edit', '2')
#7 /home/interne1/public_html/mymisdiagnosis/system/CodeIgniter.php(432): CodeIgniter\CodeIgniter->runController(Object(App\Controllers\Product))
#8 /home/interne1/public_html/mymisdiagnosis/system/CodeIgniter.php(333): CodeIgniter\CodeIgniter->handleRequest(NULL, Object(Config\Cache), false)
#9 /home/interne1/public_html/mymisdiagnosis/public/index.php(44): CodeIgniter\CodeIgniter->run()
#10 {main}
CRITICAL - 2021-04-16 02:40:23 --> syntax error, unexpected '->' (T_OBJECT_OPERATOR)
#0 /home/interne1/public_html/mymisdiagnosis/system/View/View.php(222): CodeIgniter\View\View->CodeIgniter\View\{closure}()
#1 /home/interne1/public_html/mymisdiagnosis/system/Common.php(1217): CodeIgniter\View\View->render('product_view', Array, true)
#2 /home/interne1/public_html/mymisdiagnosis/app/Controllers/Product.php(325): view('product_view', Array)
#3 /home/interne1/public_html/mymisdiagnosis/app/Controllers/Product.php(271): App\Controllers\Product->_productOutput(Object(stdClass))
#4 /home/interne1/public_html/mymisdiagnosis/system/CodeIgniter.php(936): App\Controllers\Product->user_settings('edit', '2')
#5 /home/interne1/public_html/mymisdiagnosis/system/CodeIgniter.php(432): CodeIgniter\CodeIgniter->runController(Object(App\Controllers\Product))
#6 /home/interne1/public_html/mymisdiagnosis/system/CodeIgniter.php(333): CodeIgniter\CodeIgniter->handleRequest(NULL, Object(Config\Cache), false)
#7 /home/interne1/public_html/mymisdiagnosis/public/index.php(44): CodeIgniter\CodeIgniter->run()
#8 {main}
CRITICAL - 2021-04-16 04:19:08 --> Class 'IonAuth\Libraries\InterneticsLibrary' not found
#0 /home/interne1/public_html/mymisdiagnosis/system/View/View.php(220): include()
#1 /home/interne1/public_html/mymisdiagnosis/system/View/View.php(222): CodeIgniter\View\View->CodeIgniter\View\{closure}()
#2 /home/interne1/public_html/mymisdiagnosis/system/Common.php(1217): CodeIgniter\View\View->render('product_view', Array, true)
#3 /home/interne1/public_html/mymisdiagnosis/app/Controllers/Product.php(325): view('product_view', Array)
#4 /home/interne1/public_html/mymisdiagnosis/app/Controllers/Product.php(271): App\Controllers\Product->_productOutput(Object(stdClass))
#5 /home/interne1/public_html/mymisdiagnosis/system/CodeIgniter.php(936): App\Controllers\Product->user_settings('add')
#6 /home/interne1/public_html/mymisdiagnosis/system/CodeIgniter.php(432): CodeIgniter\CodeIgniter->runController(Object(App\Controllers\Product))
#7 /home/interne1/public_html/mymisdiagnosis/system/CodeIgniter.php(333): CodeIgniter\CodeIgniter->handleRequest(NULL, Object(Config\Cache), false)
#8 /home/interne1/public_html/mymisdiagnosis/public/index.php(44): CodeIgniter\CodeIgniter->run()
#9 {main}
CRITICAL - 2021-04-16 04:23:44 --> Call to undefined method App\Libraries\InterneticsLibrary::select()
#0 /home/interne1/public_html/mymisdiagnosis/system/View/View.php(220): include()
#1 /home/interne1/public_html/mymisdiagnosis/system/View/View.php(222): CodeIgniter\View\View->CodeIgniter\View\{closure}()
#2 /home/interne1/public_html/mymisdiagnosis/system/Common.php(1217): CodeIgniter\View\View->render('product_view', Array, true)
#3 /home/interne1/public_html/mymisdiagnosis/app/Controllers/Product.php(326): view('product_view', Array)
#4 /home/interne1/public_html/mymisdiagnosis/app/Controllers/Product.php(272): App\Controllers\Product->_productOutput(Object(stdClass))
#5 /home/interne1/public_html/mymisdiagnosis/system/CodeIgniter.php(936): App\Controllers\Product->user_settings('add')
#6 /home/interne1/public_html/mymisdiagnosis/system/CodeIgniter.php(432): CodeIgniter\CodeIgniter->runController(Object(App\Controllers\Product))
#7 /home/interne1/public_html/mymisdiagnosis/system/CodeIgniter.php(333): CodeIgniter\CodeIgniter->handleRequest(NULL, Object(Config\Cache), false)
#8 /home/interne1/public_html/mymisdiagnosis/public/index.php(44): CodeIgniter\CodeIgniter->run()
#9 {main}
CRITICAL - 2021-04-16 04:24:15 --> Call to undefined method App\Libraries\InterneticsLibrary::from()
#0 /home/interne1/public_html/mymisdiagnosis/system/View/View.php(220): include()
#1 /home/interne1/public_html/mymisdiagnosis/system/View/View.php(222): CodeIgniter\View\View->CodeIgniter\View\{closure}()
#2 /home/interne1/public_html/mymisdiagnosis/system/Common.php(1217): CodeIgniter\View\View->render('product_view', Array, true)
#3 /home/interne1/public_html/mymisdiagnosis/app/Controllers/Product.php(326): view('product_view', Array)
#4 /home/interne1/public_html/mymisdiagnosis/app/Controllers/Product.php(272): App\Controllers\Product->_productOutput(Object(stdClass))
#5 /home/interne1/public_html/mymisdiagnosis/system/CodeIgniter.php(936): App\Controllers\Product->user_settings('add')
#6 /home/interne1/public_html/mymisdiagnosis/system/CodeIgniter.php(432): CodeIgniter\CodeIgniter->runController(Object(App\Controllers\Product))
#7 /home/interne1/public_html/mymisdiagnosis/system/CodeIgniter.php(333): CodeIgniter\CodeIgniter->handleRequest(NULL, Object(Config\Cache), false)
#8 /home/interne1/public_html/mymisdiagnosis/public/index.php(44): CodeIgniter\CodeIgniter->run()
#9 {main}
CRITICAL - 2021-04-16 04:28:19 --> Call to undefined method App\Libraries\InterneticsLibrary::set_table()
#0 /home/interne1/public_html/mymisdiagnosis/system/View/View.php(220): include()
#1 /home/interne1/public_html/mymisdiagnosis/system/View/View.php(222): CodeIgniter\View\View->CodeIgniter\View\{closure}()
#2 /home/interne1/public_html/mymisdiagnosis/system/Common.php(1217): CodeIgniter\View\View->render('product_view', Array, true)
#3 /home/interne1/public_html/mymisdiagnosis/app/Controllers/Product.php(326): view('product_view', Array)
#4 /home/interne1/public_html/mymisdiagnosis/app/Controllers/Product.php(272): App\Controllers\Product->_productOutput(Object(stdClass))
#5 /home/interne1/public_html/mymisdiagnosis/system/CodeIgniter.php(936): App\Controllers\Product->user_settings('add')
#6 /home/interne1/public_html/mymisdiagnosis/system/CodeIgniter.php(432): CodeIgniter\CodeIgniter->runController(Object(App\Controllers\Product))
#7 /home/interne1/public_html/mymisdiagnosis/system/CodeIgniter.php(333): CodeIgniter\CodeIgniter->handleRequest(NULL, Object(Config\Cache), false)
#8 /home/interne1/public_html/mymisdiagnosis/public/index.php(44): CodeIgniter\CodeIgniter->run()
#9 {main}
CRITICAL - 2021-04-16 04:29:15 --> Call to undefined method App\Libraries\InterneticsLibrary::get()
#0 /home/interne1/public_html/mymisdiagnosis/system/View/View.php(220): include()
#1 /home/interne1/public_html/mymisdiagnosis/system/View/View.php(222): CodeIgniter\View\View->CodeIgniter\View\{closure}()
#2 /home/interne1/public_html/mymisdiagnosis/system/Common.php(1217): CodeIgniter\View\View->render('product_view', Array, true)
#3 /home/interne1/public_html/mymisdiagnosis/app/Controllers/Product.php(326): view('product_view', Array)
#4 /home/interne1/public_html/mymisdiagnosis/app/Controllers/Product.php(272): App\Controllers\Product->_productOutput(Object(stdClass))
#5 /home/interne1/public_html/mymisdiagnosis/system/CodeIgniter.php(936): App\Controllers\Product->user_settings('add')
#6 /home/interne1/public_html/mymisdiagnosis/system/CodeIgniter.php(432): CodeIgniter\CodeIgniter->runController(Object(App\Controllers\Product))
#7 /home/interne1/public_html/mymisdiagnosis/system/CodeIgniter.php(333): CodeIgniter\CodeIgniter->handleRequest(NULL, Object(Config\Cache), false)
#8 /home/interne1/public_html/mymisdiagnosis/public/index.php(44): CodeIgniter\CodeIgniter->run()
#9 {main}
CRITICAL - 2021-04-16 04:31:03 --> Call to undefined method CodeIgniter\View\View::num_rows()
#0 /home/interne1/public_html/mymisdiagnosis/system/View/View.php(220): include()
#1 /home/interne1/public_html/mymisdiagnosis/system/View/View.php(222): CodeIgniter\View\View->CodeIgniter\View\{closure}()
#2 /home/interne1/public_html/mymisdiagnosis/system/Common.php(1217): CodeIgniter\View\View->render('product_view', Array, true)
#3 /home/interne1/public_html/mymisdiagnosis/app/Controllers/Product.php(326): view('product_view', Array)
#4 /home/interne1/public_html/mymisdiagnosis/app/Controllers/Product.php(272): App\Controllers\Product->_productOutput(Object(stdClass))
#5 /home/interne1/public_html/mymisdiagnosis/system/CodeIgniter.php(936): App\Controllers\Product->user_settings('add')
#6 /home/interne1/public_html/mymisdiagnosis/system/CodeIgniter.php(432): CodeIgniter\CodeIgniter->runController(Object(App\Controllers\Product))
#7 /home/interne1/public_html/mymisdiagnosis/system/CodeIgniter.php(333): CodeIgniter\CodeIgniter->handleRequest(NULL, Object(Config\Cache), false)
#8 /home/interne1/public_html/mymisdiagnosis/public/index.php(44): CodeIgniter\CodeIgniter->run()
#9 {main}
CRITICAL - 2021-04-16 04:31:27 --> Call to undefined method CodeIgniter\View\View::numRows()
#0 /home/interne1/public_html/mymisdiagnosis/system/View/View.php(220): include()
#1 /home/interne1/public_html/mymisdiagnosis/system/View/View.php(222): CodeIgniter\View\View->CodeIgniter\View\{closure}()
#2 /home/interne1/public_html/mymisdiagnosis/system/Common.php(1217): CodeIgniter\View\View->render('product_view', Array, true)
#3 /home/interne1/public_html/mymisdiagnosis/app/Controllers/Product.php(326): view('product_view', Array)
#4 /home/interne1/public_html/mymisdiagnosis/app/Controllers/Product.php(272): App\Controllers\Product->_productOutput(Object(stdClass))
#5 /home/interne1/public_html/mymisdiagnosis/system/CodeIgniter.php(936): App\Controllers\Product->user_settings('add')
#6 /home/interne1/public_html/mymisdiagnosis/system/CodeIgniter.php(432): CodeIgniter\CodeIgniter->runController(Object(App\Controllers\Product))
#7 /home/interne1/public_html/mymisdiagnosis/system/CodeIgniter.php(333): CodeIgniter\CodeIgniter->handleRequest(NULL, Object(Config\Cache), false)
#8 /home/interne1/public_html/mymisdiagnosis/public/index.php(44): CodeIgniter\CodeIgniter->run()
#9 {main}
CRITICAL - 2021-04-16 04:33:11 --> Call to undefined method App\Libraries\InterneticsLibrary::num_rows()
#0 /home/interne1/public_html/mymisdiagnosis/system/View/View.php(220): include()
#1 /home/interne1/public_html/mymisdiagnosis/system/View/View.php(222): CodeIgniter\View\View->CodeIgniter\View\{closure}()
#2 /home/interne1/public_html/mymisdiagnosis/system/Common.php(1217): CodeIgniter\View\View->render('product_view', Array, true)
#3 /home/interne1/public_html/mymisdiagnosis/app/Controllers/Product.php(326): view('product_view', Array)
#4 /home/interne1/public_html/mymisdiagnosis/app/Controllers/Product.php(272): App\Controllers\Product->_productOutput(Object(stdClass))
#5 /home/interne1/public_html/mymisdiagnosis/system/CodeIgniter.php(936): App\Controllers\Product->user_settings('add')
#6 /home/interne1/public_html/mymisdiagnosis/system/CodeIgniter.php(432): CodeIgniter\CodeIgniter->runController(Object(App\Controllers\Product))
#7 /home/interne1/public_html/mymisdiagnosis/system/CodeIgniter.php(333): CodeIgniter\CodeIgniter->handleRequest(NULL, Object(Config\Cache), false)
#8 /home/interne1/public_html/mymisdiagnosis/public/index.php(44): CodeIgniter\CodeIgniter->run()
#9 {main}
CRITICAL - 2021-04-16 04:34:52 --> Call to undefined method App\Libraries\InterneticsLibrary::get()
#0 /home/interne1/public_html/mymisdiagnosis/system/View/View.php(220): include()
#1 /home/interne1/public_html/mymisdiagnosis/system/View/View.php(222): CodeIgniter\View\View->CodeIgniter\View\{closure}()
#2 /home/interne1/public_html/mymisdiagnosis/system/Common.php(1217): CodeIgniter\View\View->render('product_view', Array, true)
#3 /home/interne1/public_html/mymisdiagnosis/app/Controllers/Product.php(326): view('product_view', Array)
#4 /home/interne1/public_html/mymisdiagnosis/app/Controllers/Product.php(272): App\Controllers\Product->_productOutput(Object(stdClass))
#5 /home/interne1/public_html/mymisdiagnosis/system/CodeIgniter.php(936): App\Controllers\Product->user_settings('edit', '1')
#6 /home/interne1/public_html/mymisdiagnosis/system/CodeIgniter.php(432): CodeIgniter\CodeIgniter->runController(Object(App\Controllers\Product))
#7 /home/interne1/public_html/mymisdiagnosis/system/CodeIgniter.php(333): CodeIgniter\CodeIgniter->handleRequest(NULL, Object(Config\Cache), false)
#8 /home/interne1/public_html/mymisdiagnosis/public/index.php(44): CodeIgniter\CodeIgniter->run()
#9 {main}
CRITICAL - 2021-04-16 04:36:48 --> Undefined variable: db
#0 /home/interne1/public_html/mymisdiagnosis/app/Views/product_view.php(27): CodeIgniter\Debug\Exceptions->errorHandler(8, 'Undefined varia...', '/home/interne1/...', 27, Array)
#1 /home/interne1/public_html/mymisdiagnosis/system/View/View.php(220): include('/home/interne1/...')
#2 /home/interne1/public_html/mymisdiagnosis/system/View/View.php(222): CodeIgniter\View\View->CodeIgniter\View\{closure}()
#3 /home/interne1/public_html/mymisdiagnosis/system/Common.php(1217): CodeIgniter\View\View->render('product_view', Array, true)
#4 /home/interne1/public_html/mymisdiagnosis/app/Controllers/Product.php(326): view('product_view', Array)
#5 /home/interne1/public_html/mymisdiagnosis/app/Controllers/Product.php(272): App\Controllers\Product->_productOutput(Object(stdClass))
#6 /home/interne1/public_html/mymisdiagnosis/system/CodeIgniter.php(936): App\Controllers\Product->user_settings('edit', '1')
#7 /home/interne1/public_html/mymisdiagnosis/system/CodeIgniter.php(432): CodeIgniter\CodeIgniter->runController(Object(App\Controllers\Product))
#8 /home/interne1/public_html/mymisdiagnosis/system/CodeIgniter.php(333): CodeIgniter\CodeIgniter->handleRequest(NULL, Object(Config\Cache), false)
#9 /home/interne1/public_html/mymisdiagnosis/public/index.php(44): CodeIgniter\CodeIgniter->run()
#10 {main}
CRITICAL - 2021-04-16 04:37:26 --> Undefined variable: db
#0 /home/interne1/public_html/mymisdiagnosis/app/Views/product_view.php(29): CodeIgniter\Debug\Exceptions->errorHandler(8, 'Undefined varia...', '/home/interne1/...', 29, Array)
#1 /home/interne1/public_html/mymisdiagnosis/system/View/View.php(220): include('/home/interne1/...')
#2 /home/interne1/public_html/mymisdiagnosis/system/View/View.php(222): CodeIgniter\View\View->CodeIgniter\View\{closure}()
#3 /home/interne1/public_html/mymisdiagnosis/system/Common.php(1217): CodeIgniter\View\View->render('product_view', Array, true)
#4 /home/interne1/public_html/mymisdiagnosis/app/Controllers/Product.php(326): view('product_view', Array)
#5 /home/interne1/public_html/mymisdiagnosis/app/Controllers/Product.php(272): App\Controllers\Product->_productOutput(Object(stdClass))
#6 /home/interne1/public_html/mymisdiagnosis/system/CodeIgniter.php(936): App\Controllers\Product->user_settings('edit', '1')
#7 /home/interne1/public_html/mymisdiagnosis/system/CodeIgniter.php(432): CodeIgniter\CodeIgniter->runController(Object(App\Controllers\Product))
#8 /home/interne1/public_html/mymisdiagnosis/system/CodeIgniter.php(333): CodeIgniter\CodeIgniter->handleRequest(NULL, Object(Config\Cache), false)
#9 /home/interne1/public_html/mymisdiagnosis/public/index.php(44): CodeIgniter\CodeIgniter->run()
#10 {main}
CRITICAL - 2021-04-16 04:38:02 --> Call to undefined method App\Libraries\InterneticsLibrary::table()
#0 /home/interne1/public_html/mymisdiagnosis/system/View/View.php(220): include()
#1 /home/interne1/public_html/mymisdiagnosis/system/View/View.php(222): CodeIgniter\View\View->CodeIgniter\View\{closure}()
#2 /home/interne1/public_html/mymisdiagnosis/system/Common.php(1217): CodeIgniter\View\View->render('product_view', Array, true)
#3 /home/interne1/public_html/mymisdiagnosis/app/Controllers/Product.php(326): view('product_view', Array)
#4 /home/interne1/public_html/mymisdiagnosis/app/Controllers/Product.php(272): App\Controllers\Product->_productOutput(Object(stdClass))
#5 /home/interne1/public_html/mymisdiagnosis/system/CodeIgniter.php(936): App\Controllers\Product->user_settings('edit', '1')
#6 /home/interne1/public_html/mymisdiagnosis/system/CodeIgniter.php(432): CodeIgniter\CodeIgniter->runController(Object(App\Controllers\Product))
#7 /home/interne1/public_html/mymisdiagnosis/system/CodeIgniter.php(333): CodeIgniter\CodeIgniter->handleRequest(NULL, Object(Config\Cache), false)
#8 /home/interne1/public_html/mymisdiagnosis/public/index.php(44): CodeIgniter\CodeIgniter->run()
#9 {main}
CRITICAL - 2021-04-16 04:39:21 --> syntax error, unexpected '->' (T_OBJECT_OPERATOR)
#0 /home/interne1/public_html/mymisdiagnosis/system/View/View.php(222): CodeIgniter\View\View->CodeIgniter\View\{closure}()
#1 /home/interne1/public_html/mymisdiagnosis/system/Common.php(1217): CodeIgniter\View\View->render('product_view', Array, true)
#2 /home/interne1/public_html/mymisdiagnosis/app/Controllers/Product.php(326): view('product_view', Array)
#3 /home/interne1/public_html/mymisdiagnosis/app/Controllers/Product.php(272): App\Controllers\Product->_productOutput(Object(stdClass))
#4 /home/interne1/public_html/mymisdiagnosis/system/CodeIgniter.php(936): App\Controllers\Product->user_settings('edit', '1')
#5 /home/interne1/public_html/mymisdiagnosis/system/CodeIgniter.php(432): CodeIgniter\CodeIgniter->runController(Object(App\Controllers\Product))
#6 /home/interne1/public_html/mymisdiagnosis/system/CodeIgniter.php(333): CodeIgniter\CodeIgniter->handleRequest(NULL, Object(Config\Cache), false)
#7 /home/interne1/public_html/mymisdiagnosis/public/index.php(44): CodeIgniter\CodeIgniter->run()
#8 {main}
CRITICAL - 2021-04-16 05:07:40 --> syntax error, unexpected '->' (T_OBJECT_OPERATOR)
#0 /home/interne1/public_html/mymisdiagnosis/system/View/View.php(222): CodeIgniter\View\View->CodeIgniter\View\{closure}()
#1 /home/interne1/public_html/mymisdiagnosis/system/Common.php(1217): CodeIgniter\View\View->render('product_view', Array, true)
#2 /home/interne1/public_html/mymisdiagnosis/app/Controllers/Product.php(326): view('product_view', Array)
#3 /home/interne1/public_html/mymisdiagnosis/app/Controllers/Product.php(272): App\Controllers\Product->_productOutput(Object(stdClass))
#4 /home/interne1/public_html/mymisdiagnosis/system/CodeIgniter.php(936): App\Controllers\Product->user_settings('edit', '1')
#5 /home/interne1/public_html/mymisdiagnosis/system/CodeIgniter.php(432): CodeIgniter\CodeIgniter->runController(Object(App\Controllers\Product))
#6 /home/interne1/public_html/mymisdiagnosis/system/CodeIgniter.php(333): CodeIgniter\CodeIgniter->handleRequest(NULL, Object(Config\Cache), false)
#7 /home/interne1/public_html/mymisdiagnosis/public/index.php(44): CodeIgniter\CodeIgniter->run()
#8 {main}
ERROR - 2021-04-16 05:08:48 --> mysqli_sql_exception: Table 'interne1_ffcweb.my_settings' doesn't exist in /home/interne1/public_html/mymisdiagnosis/system/Database/MySQLi/Connection.php:314
Stack trace:
#0 /home/interne1/public_html/mymisdiagnosis/system/Database/MySQLi/Connection.php(314): mysqli->query('SELECT *\nFROM `...')
#1 /home/interne1/public_html/mymisdiagnosis/system/Database/BaseConnection.php(713): CodeIgniter\Database\MySQLi\Connection->execute('SELECT *\nFROM `...')
#2 /home/interne1/public_html/mymisdiagnosis/system/Database/BaseConnection.php(641): CodeIgniter\Database\BaseConnection->simpleQuery('SELECT *\nFROM `...')
#3 /home/interne1/public_html/mymisdiagnosis/system/Database/BaseBuilder.php(1866): CodeIgniter\Database\BaseConnection->query('SELECT *\nFROM `...', Array, false)
#4 /home/interne1/public_html/mymisdiagnosis/app/Views/product_view.php(31): CodeIgniter\Database\BaseBuilder->get()
#5 /home/interne1/public_html/mymisdiagnosis/system/View/View.php(220): include('/home/interne1/...')
#6 /home/interne1/public_html/mymisdiagnosis/system/View/View.php(222): CodeIgniter\View\View->CodeIgniter\View\{closure}()
#7 /home/interne1/public_html/mymisdiagnosis/system/Common.php(1217): CodeIgniter\View\View->render('product_view', Array, true)
#8 /home/interne1/public_html/mymisdiagnosis/app/Controllers/Product.php(326): view('product_view', Array)
#9 /home/interne1/public_html/mymisdiagnosis/app/Controllers/Product.php(272): App\Controllers\Product->_productOutput(Object(stdClass))
#10 /home/interne1/public_html/mymisdiagnosis/system/CodeIgniter.php(936): App\Controllers\Product->user_settings('edit', '1')
#11 /home/interne1/public_html/mymisdiagnosis/system/CodeIgniter.php(432): CodeIgniter\CodeIgniter->runController(Object(App\Controllers\Product))
#12 /home/interne1/public_html/mymisdiagnosis/system/CodeIgniter.php(333): CodeIgniter\CodeIgniter->handleRequest(NULL, Object(Config\Cache), false)
#13 /home/interne1/public_html/mymisdiagnosis/public/index.php(44): CodeIgniter\CodeIgniter->run()
#14 {main}
CRITICAL - 2021-04-16 05:08:48 --> Table 'interne1_ffcweb.my_settings' doesn't exist
#0 /home/interne1/public_html/mymisdiagnosis/system/Database/MySQLi/Connection.php(314): mysqli->query('SELECT *\nFROM `...')
#1 /home/interne1/public_html/mymisdiagnosis/system/Database/BaseConnection.php(713): CodeIgniter\Database\MySQLi\Connection->execute('SELECT *\nFROM `...')
#2 /home/interne1/public_html/mymisdiagnosis/system/Database/BaseConnection.php(641): CodeIgniter\Database\BaseConnection->simpleQuery('SELECT *\nFROM `...')
#3 /home/interne1/public_html/mymisdiagnosis/system/Database/BaseBuilder.php(1866): CodeIgniter\Database\BaseConnection->query('SELECT *\nFROM `...', Array, false)
#4 /home/interne1/public_html/mymisdiagnosis/app/Views/product_view.php(31): CodeIgniter\Database\BaseBuilder->get()
#5 /home/interne1/public_html/mymisdiagnosis/system/View/View.php(220): include('/home/interne1/...')
#6 /home/interne1/public_html/mymisdiagnosis/system/View/View.php(222): CodeIgniter\View\View->CodeIgniter\View\{closure}()
#7 /home/interne1/public_html/mymisdiagnosis/system/Common.php(1217): CodeIgniter\View\View->render('product_view', Array, true)
#8 /home/interne1/public_html/mymisdiagnosis/app/Controllers/Product.php(326): view('product_view', Array)
#9 /home/interne1/public_html/mymisdiagnosis/app/Controllers/Product.php(272): App\Controllers\Product->_productOutput(Object(stdClass))
#10 /home/interne1/public_html/mymisdiagnosis/system/CodeIgniter.php(936): App\Controllers\Product->user_settings('edit', '1')
#11 /home/interne1/public_html/mymisdiagnosis/system/CodeIgniter.php(432): CodeIgniter\CodeIgniter->runController(Object(App\Controllers\Product))
#12 /home/interne1/public_html/mymisdiagnosis/system/CodeIgniter.php(333): CodeIgniter\CodeIgniter->handleRequest(NULL, Object(Config\Cache), false)
#13 /home/interne1/public_html/mymisdiagnosis/public/index.php(44): CodeIgniter\CodeIgniter->run()
#14 {main}
CRITICAL - 2021-04-16 05:10:10 --> Undefined property: stdClass::$title
#0 /home/interne1/public_html/mymisdiagnosis/app/Views/product_view.php(34): CodeIgniter\Debug\Exceptions->errorHandler(8, 'Undefined prope...', '/home/interne1/...', 34, Array)
#1 /home/interne1/public_html/mymisdiagnosis/system/View/View.php(220): include('/home/interne1/...')
#2 /home/interne1/public_html/mymisdiagnosis/system/View/View.php(222): CodeIgniter\View\View->CodeIgniter\View\{closure}()
#3 /home/interne1/public_html/mymisdiagnosis/system/Common.php(1217): CodeIgniter\View\View->render('product_view', Array, true)
#4 /home/interne1/public_html/mymisdiagnosis/app/Controllers/Product.php(326): view('product_view', Array)
#5 /home/interne1/public_html/mymisdiagnosis/app/Controllers/Product.php(272): App\Controllers\Product->_productOutput(Object(stdClass))
#6 /home/interne1/public_html/mymisdiagnosis/system/CodeIgniter.php(936): App\Controllers\Product->user_settings('success', '12')
#7 /home/interne1/public_html/mymisdiagnosis/system/CodeIgniter.php(432): CodeIgniter\CodeIgniter->runController(Object(App\Controllers\Product))
#8 /home/interne1/public_html/mymisdiagnosis/system/CodeIgniter.php(333): CodeIgniter\CodeIgniter->handleRequest(NULL, Object(Config\Cache), false)
#9 /home/interne1/public_html/mymisdiagnosis/public/index.php(44): CodeIgniter\CodeIgniter->run()
#10 {main}
CRITICAL - 2021-04-16 05:22:22 --> Undefined variable: result
#0 /home/interne1/public_html/mymisdiagnosis/app/Views/product_view.php(37): CodeIgniter\Debug\Exceptions->errorHandler(8, 'Undefined varia...', '/home/interne1/...', 37, Array)
#1 /home/interne1/public_html/mymisdiagnosis/system/View/View.php(220): include('/home/interne1/...')
#2 /home/interne1/public_html/mymisdiagnosis/system/View/View.php(222): CodeIgniter\View\View->CodeIgniter\View\{closure}()
#3 /home/interne1/public_html/mymisdiagnosis/system/Common.php(1217): CodeIgniter\View\View->render('product_view', Array, true)
#4 /home/interne1/public_html/mymisdiagnosis/app/Controllers/Product.php(326): view('product_view', Array)
#5 /home/interne1/public_html/mymisdiagnosis/app/Controllers/Product.php(272): App\Controllers\Product->_productOutput(Object(stdClass))
#6 /home/interne1/public_html/mymisdiagnosis/system/CodeIgniter.php(936): App\Controllers\Product->user_settings('edit', '1')
#7 /home/interne1/public_html/mymisdiagnosis/system/CodeIgniter.php(432): CodeIgniter\CodeIgniter->runController(Object(App\Controllers\Product))
#8 /home/interne1/public_html/mymisdiagnosis/system/CodeIgniter.php(333): CodeIgniter\CodeIgniter->handleRequest(NULL, Object(Config\Cache), false)
#9 /home/interne1/public_html/mymisdiagnosis/public/index.php(44): CodeIgniter\CodeIgniter->run()
#10 {main}
CRITICAL - 2021-04-16 05:22:42 --> Call to undefined method CodeIgniter\Database\MySQLi\Result::num_rows()
#0 /home/interne1/public_html/mymisdiagnosis/system/View/View.php(220): include()
#1 /home/interne1/public_html/mymisdiagnosis/system/View/View.php(222): CodeIgniter\View\View->CodeIgniter\View\{closure}()
#2 /home/interne1/public_html/mymisdiagnosis/system/Common.php(1217): CodeIgniter\View\View->render('product_view', Array, true)
#3 /home/interne1/public_html/mymisdiagnosis/app/Controllers/Product.php(326): view('product_view', Array)
#4 /home/interne1/public_html/mymisdiagnosis/app/Controllers/Product.php(272): App\Controllers\Product->_productOutput(Object(stdClass))
#5 /home/interne1/public_html/mymisdiagnosis/system/CodeIgniter.php(936): App\Controllers\Product->user_settings('edit', '1')
#6 /home/interne1/public_html/mymisdiagnosis/system/CodeIgniter.php(432): CodeIgniter\CodeIgniter->runController(Object(App\Controllers\Product))
#7 /home/interne1/public_html/mymisdiagnosis/system/CodeIgniter.php(333): CodeIgniter\CodeIgniter->handleRequest(NULL, Object(Config\Cache), false)
#8 /home/interne1/public_html/mymisdiagnosis/public/index.php(44): CodeIgniter\CodeIgniter->run()
#9 {main}
CRITICAL - 2021-04-16 05:23:00 --> Call to undefined method CodeIgniter\Database\MySQLi\Result::numRows()
#0 /home/interne1/public_html/mymisdiagnosis/system/View/View.php(220): include()
#1 /home/interne1/public_html/mymisdiagnosis/system/View/View.php(222): CodeIgniter\View\View->CodeIgniter\View\{closure}()
#2 /home/interne1/public_html/mymisdiagnosis/system/Common.php(1217): CodeIgniter\View\View->render('product_view', Array, true)
#3 /home/interne1/public_html/mymisdiagnosis/app/Controllers/Product.php(326): view('product_view', Array)
#4 /home/interne1/public_html/mymisdiagnosis/app/Controllers/Product.php(272): App\Controllers\Product->_productOutput(Object(stdClass))
#5 /home/interne1/public_html/mymisdiagnosis/system/CodeIgniter.php(936): App\Controllers\Product->user_settings('edit', '1')
#6 /home/interne1/public_html/mymisdiagnosis/system/CodeIgniter.php(432): CodeIgniter\CodeIgniter->runController(Object(App\Controllers\Product))
#7 /home/interne1/public_html/mymisdiagnosis/system/CodeIgniter.php(333): CodeIgniter\CodeIgniter->handleRequest(NULL, Object(Config\Cache), false)
#8 /home/interne1/public_html/mymisdiagnosis/public/index.php(44): CodeIgniter\CodeIgniter->run()
#9 {main}
CRITICAL - 2021-04-16 05:27:53 --> Undefined variable: user_id
#0 /home/interne1/public_html/mymisdiagnosis/app/Views/product_view.php(31): CodeIgniter\Debug\Exceptions->errorHandler(8, 'Undefined varia...', '/home/interne1/...', 31, Array)
#1 /home/interne1/public_html/mymisdiagnosis/system/View/View.php(220): include('/home/interne1/...')
#2 /home/interne1/public_html/mymisdiagnosis/system/View/View.php(222): CodeIgniter\View\View->CodeIgniter\View\{closure}()
#3 /home/interne1/public_html/mymisdiagnosis/system/Common.php(1217): CodeIgniter\View\View->render('product_view', Array, true)
#4 /home/interne1/public_html/mymisdiagnosis/app/Controllers/Product.php(326): view('product_view', Array)
#5 /home/interne1/public_html/mymisdiagnosis/app/Controllers/Product.php(121): App\Controllers\Product->_productOutput(Object(stdClass))
#6 /home/interne1/public_html/mymisdiagnosis/system/CodeIgniter.php(936): App\Controllers\Product->packs()
#7 /home/interne1/public_html/mymisdiagnosis/system/CodeIgniter.php(432): CodeIgniter\CodeIgniter->runController(Object(App\Controllers\Product))
#8 /home/interne1/public_html/mymisdiagnosis/system/CodeIgniter.php(333): CodeIgniter\CodeIgniter->handleRequest(NULL, Object(Config\Cache), false)
#9 /home/interne1/public_html/mymisdiagnosis/public/index.php(44): CodeIgniter\CodeIgniter->run()
#10 {main}
CRITICAL - 2021-04-16 05:30:10 --> Undefined variable: limit
#0 /home/interne1/public_html/mymisdiagnosis/app/Views/product_view.php(31): CodeIgniter\Debug\Exceptions->errorHandler(8, 'Undefined varia...', '/home/interne1/...', 31, Array)
#1 /home/interne1/public_html/mymisdiagnosis/system/View/View.php(220): include('/home/interne1/...')
#2 /home/interne1/public_html/mymisdiagnosis/system/View/View.php(222): CodeIgniter\View\View->CodeIgniter\View\{closure}()
#3 /home/interne1/public_html/mymisdiagnosis/system/Common.php(1217): CodeIgniter\View\View->render('product_view', Array, true)
#4 /home/interne1/public_html/mymisdiagnosis/app/Controllers/Product.php(326): view('product_view', Array)
#5 /home/interne1/public_html/mymisdiagnosis/app/Controllers/Product.php(121): App\Controllers\Product->_productOutput(Object(stdClass))
#6 /home/interne1/public_html/mymisdiagnosis/system/CodeIgniter.php(936): App\Controllers\Product->packs()
#7 /home/interne1/public_html/mymisdiagnosis/system/CodeIgniter.php(432): CodeIgniter\CodeIgniter->runController(Object(App\Controllers\Product))
#8 /home/interne1/public_html/mymisdiagnosis/system/CodeIgniter.php(333): CodeIgniter\CodeIgniter->handleRequest(NULL, Object(Config\Cache), false)
#9 /home/interne1/public_html/mymisdiagnosis/public/index.php(44): CodeIgniter\CodeIgniter->run()
#10 {main}
CRITICAL - 2021-04-16 05:36:40 --> syntax error, unexpected '->' (T_OBJECT_OPERATOR)
#0 /home/interne1/public_html/mymisdiagnosis/system/Router/Router.php(170): CodeIgniter\Router\Router->autoRoute('product/user_se...')
#1 /home/interne1/public_html/mymisdiagnosis/system/CodeIgniter.php(816): CodeIgniter\Router\Router->handle('product/user_se...')
#2 /home/interne1/public_html/mymisdiagnosis/system/CodeIgniter.php(385): CodeIgniter\CodeIgniter->tryToRouteIt(Object(CodeIgniter\Router\RouteCollection))
#3 /home/interne1/public_html/mymisdiagnosis/system/CodeIgniter.php(333): CodeIgniter\CodeIgniter->handleRequest(NULL, Object(Config\Cache), false)
#4 /home/interne1/public_html/mymisdiagnosis/public/index.php(44): CodeIgniter\CodeIgniter->run()
#5 {main}
CRITICAL - 2021-04-16 05:42:09 --> syntax error, unexpected '$crud' (T_VARIABLE)
#0 /home/interne1/public_html/mymisdiagnosis/system/Router/Router.php(170): CodeIgniter\Router\Router->autoRoute('product/user_se...')
#1 /home/interne1/public_html/mymisdiagnosis/system/CodeIgniter.php(816): CodeIgniter\Router\Router->handle('product/user_se...')
#2 /home/interne1/public_html/mymisdiagnosis/system/CodeIgniter.php(385): CodeIgniter\CodeIgniter->tryToRouteIt(Object(CodeIgniter\Router\RouteCollection))
#3 /home/interne1/public_html/mymisdiagnosis/system/CodeIgniter.php(333): CodeIgniter\CodeIgniter->handleRequest(NULL, Object(Config\Cache), false)
#4 /home/interne1/public_html/mymisdiagnosis/public/index.php(44): CodeIgniter\CodeIgniter->run()
#5 {main}
CRITICAL - 2021-04-16 05:44:08 --> Undefined variable: user
#0 /home/interne1/public_html/mymisdiagnosis/app/Controllers/Product.php(267): CodeIgniter\Debug\Exceptions->errorHandler(8, 'Undefined varia...', '/home/interne1/...', 267, Array)
#1 /home/interne1/public_html/mymisdiagnosis/system/CodeIgniter.php(936): App\Controllers\Product->user_settings('edit', '1')
#2 /home/interne1/public_html/mymisdiagnosis/system/CodeIgniter.php(432): CodeIgniter\CodeIgniter->runController(Object(App\Controllers\Product))
#3 /home/interne1/public_html/mymisdiagnosis/system/CodeIgniter.php(333): CodeIgniter\CodeIgniter->handleRequest(NULL, Object(Config\Cache), false)
#4 /home/interne1/public_html/mymisdiagnosis/public/index.php(44): CodeIgniter\CodeIgniter->run()
#5 {main}
ERROR - 2021-04-16 05:49:01 --> mysqli_sql_exception: Duplicate entry '2' for key 'PRIMARY' in /home/interne1/public_html/mymisdiagnosis/system/Database/MySQLi/Connection.php:314
Stack trace:
#0 /home/interne1/public_html/mymisdiagnosis/system/Database/MySQLi/Connection.php(314): mysqli->query('INSERT INTO `us...')
#1 /home/interne1/public_html/mymisdiagnosis/system/Database/BaseConnection.php(713): CodeIgniter\Database\MySQLi\Connection->execute('INSERT INTO `us...')
#2 /home/interne1/public_html/mymisdiagnosis/system/Database/BaseConnection.php(641): CodeIgniter\Database\BaseConnection->simpleQuery('INSERT INTO `us...')
#3 /home/interne1/public_html/mymisdiagnosis/system/Database/BaseBuilder.php(2263): CodeIgniter\Database\BaseConnection->query('INSERT INTO `us...', Array, false)
#4 /home/interne1/public_html/mymisdiagnosis/app/Models/GroceryCrudModel.php(491): CodeIgniter\Database\BaseBuilder->insert(Array)
#5 /home/interne1/public_html/mymisdiagnosis/app/Libraries/GroceryCrud.php(963): App\Models\GroceryCrudModel->db_insert(Array)
#6 /home/interne1/public_html/mymisdiagnosis/app/Libraries/GroceryCrud.php(4557): App\Libraries\grocery_CRUD_Model_Driver->db_insert(Object(stdClass))
#7 /home/interne1/public_html/mymisdiagnosis/app/Controllers/Product.php(278): App\Libraries\GroceryCrud->render()
#8 /home/interne1/public_html/mymisdiagnosis/system/CodeIgniter.php(936): App\Controllers\Product->user_settings('insert')
#9 /home/interne1/public_html/mymisdiagnosis/system/CodeIgniter.php(432): CodeIgniter\CodeIgniter->runController(Object(App\Controllers\Product))
#10 /home/interne1/public_html/mymisdiagnosis/system/CodeIgniter.php(333): CodeIgniter\CodeIgniter->handleRequest(NULL, Object(Config\Cache), false)
#11 /home/interne1/public_html/mymisdiagnosis/public/index.php(44): CodeIgniter\CodeIgniter->run()
#12 {main}
CRITICAL - 2021-04-16 05:49:01 --> Duplicate entry '2' for key 'PRIMARY'
#0 /home/interne1/public_html/mymisdiagnosis/system/Database/MySQLi/Connection.php(314): mysqli->query('INSERT INTO `us...')
#1 /home/interne1/public_html/mymisdiagnosis/system/Database/BaseConnection.php(713): CodeIgniter\Database\MySQLi\Connection->execute('INSERT INTO `us...')
#2 /home/interne1/public_html/mymisdiagnosis/system/Database/BaseConnection.php(641): CodeIgniter\Database\BaseConnection->simpleQuery('INSERT INTO `us...')
#3 /home/interne1/public_html/mymisdiagnosis/system/Database/BaseBuilder.php(2263): CodeIgniter\Database\BaseConnection->query('INSERT INTO `us...', Array, false)
#4 /home/interne1/public_html/mymisdiagnosis/app/Models/GroceryCrudModel.php(491): CodeIgniter\Database\BaseBuilder->insert(Array)
#5 /home/interne1/public_html/mymisdiagnosis/app/Libraries/GroceryCrud.php(963): App\Models\GroceryCrudModel->db_insert(Array)
#6 /home/interne1/public_html/mymisdiagnosis/app/Libraries/GroceryCrud.php(4557): App\Libraries\grocery_CRUD_Model_Driver->db_insert(Object(stdClass))
#7 /home/interne1/public_html/mymisdiagnosis/app/Controllers/Product.php(278): App\Libraries\GroceryCrud->render()
#8 /home/interne1/public_html/mymisdiagnosis/system/CodeIgniter.php(936): App\Controllers\Product->user_settings('insert')
#9 /home/interne1/public_html/mymisdiagnosis/system/CodeIgniter.php(432): CodeIgniter\CodeIgniter->runController(Object(App\Controllers\Product))
#10 /home/interne1/public_html/mymisdiagnosis/system/CodeIgniter.php(333): CodeIgniter\CodeIgniter->handleRequest(NULL, Object(Config\Cache), false)
#11 /home/interne1/public_html/mymisdiagnosis/public/index.php(44): CodeIgniter\CodeIgniter->run()
#12 {main}
ERROR - 2021-04-16 05:49:06 --> mysqli_sql_exception: Duplicate entry '2' for key 'PRIMARY' in /home/interne1/public_html/mymisdiagnosis/system/Database/MySQLi/Connection.php:314
Stack trace:
#0 /home/interne1/public_html/mymisdiagnosis/system/Database/MySQLi/Connection.php(314): mysqli->query('INSERT INTO `us...')
#1 /home/interne1/public_html/mymisdiagnosis/system/Database/BaseConnection.php(713): CodeIgniter\Database\MySQLi\Connection->execute('INSERT INTO `us...')
#2 /home/interne1/public_html/mymisdiagnosis/system/Database/BaseConnection.php(641): CodeIgniter\Database\BaseConnection->simpleQuery('INSERT INTO `us...')
#3 /home/interne1/public_html/mymisdiagnosis/system/Database/BaseBuilder.php(2263): CodeIgniter\Database\BaseConnection->query('INSERT INTO `us...', Array, false)
#4 /home/interne1/public_html/mymisdiagnosis/app/Models/GroceryCrudModel.php(491): CodeIgniter\Database\BaseBuilder->insert(Array)
#5 /home/interne1/public_html/mymisdiagnosis/app/Libraries/GroceryCrud.php(963): App\Models\GroceryCrudModel->db_insert(Array)
#6 /home/interne1/public_html/mymisdiagnosis/app/Libraries/GroceryCrud.php(4557): App\Libraries\grocery_CRUD_Model_Driver->db_insert(Object(stdClass))
#7 /home/interne1/public_html/mymisdiagnosis/app/Controllers/Product.php(278): App\Libraries\GroceryCrud->render()
#8 /home/interne1/public_html/mymisdiagnosis/system/CodeIgniter.php(936): App\Controllers\Product->user_settings('insert')
#9 /home/interne1/public_html/mymisdiagnosis/system/CodeIgniter.php(432): CodeIgniter\CodeIgniter->runController(Object(App\Controllers\Product))
#10 /home/interne1/public_html/mymisdiagnosis/system/CodeIgniter.php(333): CodeIgniter\CodeIgniter->handleRequest(NULL, Object(Config\Cache), false)
#11 /home/interne1/public_html/mymisdiagnosis/public/index.php(44): CodeIgniter\CodeIgniter->run()
#12 {main}
CRITICAL - 2021-04-16 05:49:06 --> Duplicate entry '2' for key 'PRIMARY'
#0 /home/interne1/public_html/mymisdiagnosis/system/Database/MySQLi/Connection.php(314): mysqli->query('INSERT INTO `us...')
#1 /home/interne1/public_html/mymisdiagnosis/system/Database/BaseConnection.php(713): CodeIgniter\Database\MySQLi\Connection->execute('INSERT INTO `us...')
#2 /home/interne1/public_html/mymisdiagnosis/system/Database/BaseConnection.php(641): CodeIgniter\Database\BaseConnection->simpleQuery('INSERT INTO `us...')
#3 /home/interne1/public_html/mymisdiagnosis/system/Database/BaseBuilder.php(2263): CodeIgniter\Database\BaseConnection->query('INSERT INTO `us...', Array, false)
#4 /home/interne1/public_html/mymisdiagnosis/app/Models/GroceryCrudModel.php(491): CodeIgniter\Database\BaseBuilder->insert(Array)
#5 /home/interne1/public_html/mymisdiagnosis/app/Libraries/GroceryCrud.php(963): App\Models\GroceryCrudModel->db_insert(Array)
#6 /home/interne1/public_html/mymisdiagnosis/app/Libraries/GroceryCrud.php(4557): App\Libraries\grocery_CRUD_Model_Driver->db_insert(Object(stdClass))
#7 /home/interne1/public_html/mymisdiagnosis/app/Controllers/Product.php(278): App\Libraries\GroceryCrud->render()
#8 /home/interne1/public_html/mymisdiagnosis/system/CodeIgniter.php(936): App\Controllers\Product->user_settings('insert')
#9 /home/interne1/public_html/mymisdiagnosis/system/CodeIgniter.php(432): CodeIgniter\CodeIgniter->runController(Object(App\Controllers\Product))
#10 /home/interne1/public_html/mymisdiagnosis/system/CodeIgniter.php(333): CodeIgniter\CodeIgniter->handleRequest(NULL, Object(Config\Cache), false)
#11 /home/interne1/public_html/mymisdiagnosis/public/index.php(44): CodeIgniter\CodeIgniter->run()
#12 {main}
ERROR - 2021-04-16 05:49:30 --> mysqli_sql_exception: Duplicate entry '2' for key 'PRIMARY' in /home/interne1/public_html/mymisdiagnosis/system/Database/MySQLi/Connection.php:314
Stack trace:
#0 /home/interne1/public_html/mymisdiagnosis/system/Database/MySQLi/Connection.php(314): mysqli->query('INSERT INTO `us...')
#1 /home/interne1/public_html/mymisdiagnosis/system/Database/BaseConnection.php(713): CodeIgniter\Database\MySQLi\Connection->execute('INSERT INTO `us...')
#2 /home/interne1/public_html/mymisdiagnosis/system/Database/BaseConnection.php(641): CodeIgniter\Database\BaseConnection->simpleQuery('INSERT INTO `us...')
#3 /home/interne1/public_html/mymisdiagnosis/system/Database/BaseBuilder.php(2263): CodeIgniter\Database\BaseConnection->query('INSERT INTO `us...', Array, false)
#4 /home/interne1/public_html/mymisdiagnosis/app/Models/GroceryCrudModel.php(491): CodeIgniter\Database\BaseBuilder->insert(Array)
#5 /home/interne1/public_html/mymisdiagnosis/app/Libraries/GroceryCrud.php(963): App\Models\GroceryCrudModel->db_insert(Array)
#6 /home/interne1/public_html/mymisdiagnosis/app/Libraries/GroceryCrud.php(4557): App\Libraries\grocery_CRUD_Model_Driver->db_insert(Object(stdClass))
#7 /home/interne1/public_html/mymisdiagnosis/app/Controllers/Product.php(278): App\Libraries\GroceryCrud->render()
#8 /home/interne1/public_html/mymisdiagnosis/system/CodeIgniter.php(936): App\Controllers\Product->user_settings('insert')
#9 /home/interne1/public_html/mymisdiagnosis/system/CodeIgniter.php(432): CodeIgniter\CodeIgniter->runController(Object(App\Controllers\Product))
#10 /home/interne1/public_html/mymisdiagnosis/system/CodeIgniter.php(333): CodeIgniter\CodeIgniter->handleRequest(NULL, Object(Config\Cache), false)
#11 /home/interne1/public_html/mymisdiagnosis/public/index.php(44): CodeIgniter\CodeIgniter->run()
#12 {main}
CRITICAL - 2021-04-16 05:49:30 --> Duplicate entry '2' for key 'PRIMARY'
#0 /home/interne1/public_html/mymisdiagnosis/system/Database/MySQLi/Connection.php(314): mysqli->query('INSERT INTO `us...')
#1 /home/interne1/public_html/mymisdiagnosis/system/Database/BaseConnection.php(713): CodeIgniter\Database\MySQLi\Connection->execute('INSERT INTO `us...')
#2 /home/interne1/public_html/mymisdiagnosis/system/Database/BaseConnection.php(641): CodeIgniter\Database\BaseConnection->simpleQuery('INSERT INTO `us...')
#3 /home/interne1/public_html/mymisdiagnosis/system/Database/BaseBuilder.php(2263): CodeIgniter\Database\BaseConnection->query('INSERT INTO `us...', Array, false)
#4 /home/interne1/public_html/mymisdiagnosis/app/Models/GroceryCrudModel.php(491): CodeIgniter\Database\BaseBuilder->insert(Array)
#5 /home/interne1/public_html/mymisdiagnosis/app/Libraries/GroceryCrud.php(963): App\Models\GroceryCrudModel->db_insert(Array)
#6 /home/interne1/public_html/mymisdiagnosis/app/Libraries/GroceryCrud.php(4557): App\Libraries\grocery_CRUD_Model_Driver->db_insert(Object(stdClass))
#7 /home/interne1/public_html/mymisdiagnosis/app/Controllers/Product.php(278): App\Libraries\GroceryCrud->render()
#8 /home/interne1/public_html/mymisdiagnosis/system/CodeIgniter.php(936): App\Controllers\Product->user_settings('insert')
#9 /home/interne1/public_html/mymisdiagnosis/system/CodeIgniter.php(432): CodeIgniter\CodeIgniter->runController(Object(App\Controllers\Product))
#10 /home/interne1/public_html/mymisdiagnosis/system/CodeIgniter.php(333): CodeIgniter\CodeIgniter->handleRequest(NULL, Object(Config\Cache), false)
#11 /home/interne1/public_html/mymisdiagnosis/public/index.php(44): CodeIgniter\CodeIgniter->run()
#12 {main}
ERROR - 2021-04-16 05:49:32 --> mysqli_sql_exception: Duplicate entry '2' for key 'PRIMARY' in /home/interne1/public_html/mymisdiagnosis/system/Database/MySQLi/Connection.php:314
Stack trace:
#0 /home/interne1/public_html/mymisdiagnosis/system/Database/MySQLi/Connection.php(314): mysqli->query('INSERT INTO `us...')
#1 /home/interne1/public_html/mymisdiagnosis/system/Database/BaseConnection.php(713): CodeIgniter\Database\MySQLi\Connection->execute('INSERT INTO `us...')
#2 /home/interne1/public_html/mymisdiagnosis/system/Database/BaseConnection.php(641): CodeIgniter\Database\BaseConnection->simpleQuery('INSERT INTO `us...')
#3 /home/interne1/public_html/mymisdiagnosis/system/Database/BaseBuilder.php(2263): CodeIgniter\Database\BaseConnection->query('INSERT INTO `us...', Array, false)
#4 /home/interne1/public_html/mymisdiagnosis/app/Models/GroceryCrudModel.php(491): CodeIgniter\Database\BaseBuilder->insert(Array)
#5 /home/interne1/public_html/mymisdiagnosis/app/Libraries/GroceryCrud.php(963): App\Models\GroceryCrudModel->db_insert(Array)
#6 /home/interne1/public_html/mymisdiagnosis/app/Libraries/GroceryCrud.php(4557): App\Libraries\grocery_CRUD_Model_Driver->db_insert(Object(stdClass))
#7 /home/interne1/public_html/mymisdiagnosis/app/Controllers/Product.php(278): App\Libraries\GroceryCrud->render()
#8 /home/interne1/public_html/mymisdiagnosis/system/CodeIgniter.php(936): App\Controllers\Product->user_settings('insert')
#9 /home/interne1/public_html/mymisdiagnosis/system/CodeIgniter.php(432): CodeIgniter\CodeIgniter->runController(Object(App\Controllers\Product))
#10 /home/interne1/public_html/mymisdiagnosis/system/CodeIgniter.php(333): CodeIgniter\CodeIgniter->handleRequest(NULL, Object(Config\Cache), false)
#11 /home/interne1/public_html/mymisdiagnosis/public/index.php(44): CodeIgniter\CodeIgniter->run()
#12 {main}
CRITICAL - 2021-04-16 05:49:32 --> Duplicate entry '2' for key 'PRIMARY'
#0 /home/interne1/public_html/mymisdiagnosis/system/Database/MySQLi/Connection.php(314): mysqli->query('INSERT INTO `us...')
#1 /home/interne1/public_html/mymisdiagnosis/system/Database/BaseConnection.php(713): CodeIgniter\Database\MySQLi\Connection->execute('INSERT INTO `us...')
#2 /home/interne1/public_html/mymisdiagnosis/system/Database/BaseConnection.php(641): CodeIgniter\Database\BaseConnection->simpleQuery('INSERT INTO `us...')
#3 /home/interne1/public_html/mymisdiagnosis/system/Database/BaseBuilder.php(2263): CodeIgniter\Database\BaseConnection->query('INSERT INTO `us...', Array, false)
#4 /home/interne1/public_html/mymisdiagnosis/app/Models/GroceryCrudModel.php(491): CodeIgniter\Database\BaseBuilder->insert(Array)
#5 /home/interne1/public_html/mymisdiagnosis/app/Libraries/GroceryCrud.php(963): App\Models\GroceryCrudModel->db_insert(Array)
#6 /home/interne1/public_html/mymisdiagnosis/app/Libraries/GroceryCrud.php(4557): App\Libraries\grocery_CRUD_Model_Driver->db_insert(Object(stdClass))
#7 /home/interne1/public_html/mymisdiagnosis/app/Controllers/Product.php(278): App\Libraries\GroceryCrud->render()
#8 /home/interne1/public_html/mymisdiagnosis/system/CodeIgniter.php(936): App\Controllers\Product->user_settings('insert')
#9 /home/interne1/public_html/mymisdiagnosis/system/CodeIgniter.php(432): CodeIgniter\CodeIgniter->runController(Object(App\Controllers\Product))
#10 /home/interne1/public_html/mymisdiagnosis/system/CodeIgniter.php(333): CodeIgniter\CodeIgniter->handleRequest(NULL, Object(Config\Cache), false)
#11 /home/interne1/public_html/mymisdiagnosis/public/index.php(44): CodeIgniter\CodeIgniter->run()
#12 {main}
ERROR - 2021-04-16 05:49:32 --> mysqli_sql_exception: Duplicate entry '2' for key 'PRIMARY' in /home/interne1/public_html/mymisdiagnosis/system/Database/MySQLi/Connection.php:314
Stack trace:
#0 /home/interne1/public_html/mymisdiagnosis/system/Database/MySQLi/Connection.php(314): mysqli->query('INSERT INTO `us...')
#1 /home/interne1/public_html/mymisdiagnosis/system/Database/BaseConnection.php(713): CodeIgniter\Database\MySQLi\Connection->execute('INSERT INTO `us...')
#2 /home/interne1/public_html/mymisdiagnosis/system/Database/BaseConnection.php(641): CodeIgniter\Database\BaseConnection->simpleQuery('INSERT INTO `us...')
#3 /home/interne1/public_html/mymisdiagnosis/system/Database/BaseBuilder.php(2263): CodeIgniter\Database\BaseConnection->query('INSERT INTO `us...', Array, false)
#4 /home/interne1/public_html/mymisdiagnosis/app/Models/GroceryCrudModel.php(491): CodeIgniter\Database\BaseBuilder->insert(Array)
#5 /home/interne1/public_html/mymisdiagnosis/app/Libraries/GroceryCrud.php(963): App\Models\GroceryCrudModel->db_insert(Array)
#6 /home/interne1/public_html/mymisdiagnosis/app/Libraries/GroceryCrud.php(4557): App\Libraries\grocery_CRUD_Model_Driver->db_insert(Object(stdClass))
#7 /home/interne1/public_html/mymisdiagnosis/app/Controllers/Product.php(278): App\Libraries\GroceryCrud->render()
#8 /home/interne1/public_html/mymisdiagnosis/system/CodeIgniter.php(936): App\Controllers\Product->user_settings('insert')
#9 /home/interne1/public_html/mymisdiagnosis/system/CodeIgniter.php(432): CodeIgniter\CodeIgniter->runController(Object(App\Controllers\Product))
#10 /home/interne1/public_html/mymisdiagnosis/system/CodeIgniter.php(333): CodeIgniter\CodeIgniter->handleRequest(NULL, Object(Config\Cache), false)
#11 /home/interne1/public_html/mymisdiagnosis/public/index.php(44): CodeIgniter\CodeIgniter->run()
#12 {main}
CRITICAL - 2021-04-16 05:49:32 --> Duplicate entry '2' for key 'PRIMARY'
#0 /home/interne1/public_html/mymisdiagnosis/system/Database/MySQLi/Connection.php(314): mysqli->query('INSERT INTO `us...')
#1 /home/interne1/public_html/mymisdiagnosis/system/Database/BaseConnection.php(713): CodeIgniter\Database\MySQLi\Connection->execute('INSERT INTO `us...')
#2 /home/interne1/public_html/mymisdiagnosis/system/Database/BaseConnection.php(641): CodeIgniter\Database\BaseConnection->simpleQuery('INSERT INTO `us...')
#3 /home/interne1/public_html/mymisdiagnosis/system/Database/BaseBuilder.php(2263): CodeIgniter\Database\BaseConnection->query('INSERT INTO `us...', Array, false)
#4 /home/interne1/public_html/mymisdiagnosis/app/Models/GroceryCrudModel.php(491): CodeIgniter\Database\BaseBuilder->insert(Array)
#5 /home/interne1/public_html/mymisdiagnosis/app/Libraries/GroceryCrud.php(963): App\Models\GroceryCrudModel->db_insert(Array)
#6 /home/interne1/public_html/mymisdiagnosis/app/Libraries/GroceryCrud.php(4557): App\Libraries\grocery_CRUD_Model_Driver->db_insert(Object(stdClass))
#7 /home/interne1/public_html/mymisdiagnosis/app/Controllers/Product.php(278): App\Libraries\GroceryCrud->render()
#8 /home/interne1/public_html/mymisdiagnosis/system/CodeIgniter.php(936): App\Controllers\Product->user_settings('insert')
#9 /home/interne1/public_html/mymisdiagnosis/system/CodeIgniter.php(432): CodeIgniter\CodeIgniter->runController(Object(App\Controllers\Product))
#10 /home/interne1/public_html/mymisdiagnosis/system/CodeIgniter.php(333): CodeIgniter\CodeIgniter->handleRequest(NULL, Object(Config\Cache), false)
#11 /home/interne1/public_html/mymisdiagnosis/public/index.php(44): CodeIgniter\CodeIgniter->run()
#12 {main}
ERROR - 2021-04-16 05:49:34 --> mysqli_sql_exception: Duplicate entry '2' for key 'PRIMARY' in /home/interne1/public_html/mymisdiagnosis/system/Database/MySQLi/Connection.php:314
Stack trace:
#0 /home/interne1/public_html/mymisdiagnosis/system/Database/MySQLi/Connection.php(314): mysqli->query('INSERT INTO `us...')
#1 /home/interne1/public_html/mymisdiagnosis/system/Database/BaseConnection.php(713): CodeIgniter\Database\MySQLi\Connection->execute('INSERT INTO `us...')
#2 /home/interne1/public_html/mymisdiagnosis/system/Database/BaseConnection.php(641): CodeIgniter\Database\BaseConnection->simpleQuery('INSERT INTO `us...')
#3 /home/interne1/public_html/mymisdiagnosis/system/Database/BaseBuilder.php(2263): CodeIgniter\Database\BaseConnection->query('INSERT INTO `us...', Array, false)
#4 /home/interne1/public_html/mymisdiagnosis/app/Models/GroceryCrudModel.php(491): CodeIgniter\Database\BaseBuilder->insert(Array)
#5 /home/interne1/public_html/mymisdiagnosis/app/Libraries/GroceryCrud.php(963): App\Models\GroceryCrudModel->db_insert(Array)
#6 /home/interne1/public_html/mymisdiagnosis/app/Libraries/GroceryCrud.php(4557): App\Libraries\grocery_CRUD_Model_Driver->db_insert(Object(stdClass))
#7 /home/interne1/public_html/mymisdiagnosis/app/Controllers/Product.php(278): App\Libraries\GroceryCrud->render()
#8 /home/interne1/public_html/mymisdiagnosis/system/CodeIgniter.php(936): App\Controllers\Product->user_settings('insert')
#9 /home/interne1/public_html/mymisdiagnosis/system/CodeIgniter.php(432): CodeIgniter\CodeIgniter->runController(Object(App\Controllers\Product))
#10 /home/interne1/public_html/mymisdiagnosis/system/CodeIgniter.php(333): CodeIgniter\CodeIgniter->handleRequest(NULL, Object(Config\Cache), false)
#11 /home/interne1/public_html/mymisdiagnosis/public/index.php(44): CodeIgniter\CodeIgniter->run()
#12 {main}
CRITICAL - 2021-04-16 05:49:34 --> Duplicate entry '2' for key 'PRIMARY'
#0 /home/interne1/public_html/mymisdiagnosis/system/Database/MySQLi/Connection.php(314): mysqli->query('INSERT INTO `us...')
#1 /home/interne1/public_html/mymisdiagnosis/system/Database/BaseConnection.php(713): CodeIgniter\Database\MySQLi\Connection->execute('INSERT INTO `us...')
#2 /home/interne1/public_html/mymisdiagnosis/system/Database/BaseConnection.php(641): CodeIgniter\Database\BaseConnection->simpleQuery('INSERT INTO `us...')
#3 /home/interne1/public_html/mymisdiagnosis/system/Database/BaseBuilder.php(2263): CodeIgniter\Database\BaseConnection->query('INSERT INTO `us...', Array, false)
#4 /home/interne1/public_html/mymisdiagnosis/app/Models/GroceryCrudModel.php(491): CodeIgniter\Database\BaseBuilder->insert(Array)
#5 /home/interne1/public_html/mymisdiagnosis/app/Libraries/GroceryCrud.php(963): App\Models\GroceryCrudModel->db_insert(Array)
#6 /home/interne1/public_html/mymisdiagnosis/app/Libraries/GroceryCrud.php(4557): App\Libraries\grocery_CRUD_Model_Driver->db_insert(Object(stdClass))
#7 /home/interne1/public_html/mymisdiagnosis/app/Controllers/Product.php(278): App\Libraries\GroceryCrud->render()
#8 /home/interne1/public_html/mymisdiagnosis/system/CodeIgniter.php(936): App\Controllers\Product->user_settings('insert')
#9 /home/interne1/public_html/mymisdiagnosis/system/CodeIgniter.php(432): CodeIgniter\CodeIgniter->runController(Object(App\Controllers\Product))
#10 /home/interne1/public_html/mymisdiagnosis/system/CodeIgniter.php(333): CodeIgniter\CodeIgniter->handleRequest(NULL, Object(Config\Cache), false)
#11 /home/interne1/public_html/mymisdiagnosis/public/index.php(44): CodeIgniter\CodeIgniter->run()
#12 {main}
CRITICAL - 2021-04-16 05:55:41 --> Undefined variable: row
#0 /home/interne1/public_html/mymisdiagnosis/app/Views/product_view.php(70): CodeIgniter\Debug\Exceptions->errorHandler(8, 'Undefined varia...', '/home/interne1/...', 70, Array)
#1 /home/interne1/public_html/mymisdiagnosis/system/View/View.php(220): include('/home/interne1/...')
#2 /home/interne1/public_html/mymisdiagnosis/system/View/View.php(222): CodeIgniter\View\View->CodeIgniter\View\{closure}()
#3 /home/interne1/public_html/mymisdiagnosis/system/Common.php(1217): CodeIgniter\View\View->render('product_view', Array, true)
#4 /home/interne1/public_html/mymisdiagnosis/app/Controllers/Product.php(334): view('product_view', Array)
#5 /home/interne1/public_html/mymisdiagnosis/app/Controllers/Product.php(280): App\Controllers\Product->_productOutput(Object(stdClass))
#6 /home/interne1/public_html/mymisdiagnosis/system/CodeIgniter.php(936): App\Controllers\Product->user_settings('edit', '14')
#7 /home/interne1/public_html/mymisdiagnosis/system/CodeIgniter.php(432): CodeIgniter\CodeIgniter->runController(Object(App\Controllers\Product))
#8 /home/interne1/public_html/mymisdiagnosis/system/CodeIgniter.php(333): CodeIgniter\CodeIgniter->handleRequest(NULL, Object(Config\Cache), false)
#9 /home/interne1/public_html/mymisdiagnosis/public/index.php(44): CodeIgniter\CodeIgniter->run()
#10 {main}
CRITICAL - 2021-04-16 06:04:41 --> You don't have permissions for this operation
#0 /home/interne1/public_html/mymisdiagnosis/app/Controllers/Product.php(278): App\Libraries\GroceryCrud->render()
#1 /home/interne1/public_html/mymisdiagnosis/system/CodeIgniter.php(936): App\Controllers\Product->user_settings('add')
#2 /home/interne1/public_html/mymisdiagnosis/system/CodeIgniter.php(432): CodeIgniter\CodeIgniter->runController(Object(App\Controllers\Product))
#3 /home/interne1/public_html/mymisdiagnosis/system/CodeIgniter.php(333): CodeIgniter\CodeIgniter->handleRequest(NULL, Object(Config\Cache), false)
#4 /home/interne1/public_html/mymisdiagnosis/public/index.php(44): CodeIgniter\CodeIgniter->run()
#5 {main}
CRITICAL - 2021-04-16 06:19:21 --> You don't have permissions for this operation
#0 /home/interne1/public_html/mymisdiagnosis/app/Controllers/Product.php(284): App\Libraries\GroceryCrud->render()
#1 /home/interne1/public_html/mymisdiagnosis/system/CodeIgniter.php(936): App\Controllers\Product->user_settings('add')
#2 /home/interne1/public_html/mymisdiagnosis/system/CodeIgniter.php(432): CodeIgniter\CodeIgniter->runController(Object(App\Controllers\Product))
#3 /home/interne1/public_html/mymisdiagnosis/system/CodeIgniter.php(333): CodeIgniter\CodeIgniter->handleRequest(NULL, Object(Config\Cache), false)
#4 /home/interne1/public_html/mymisdiagnosis/public/index.php(44): CodeIgniter\CodeIgniter->run()
#5 {main}
CRITICAL - 2021-04-16 06:20:12 --> This user is not allowed to do this operation
#0 /home/interne1/public_html/mymisdiagnosis/app/Controllers/Product.php(284): App\Libraries\GroceryCrud->render()
#1 /home/interne1/public_html/mymisdiagnosis/system/CodeIgniter.php(936): App\Controllers\Product->user_settings('insert')
#2 /home/interne1/public_html/mymisdiagnosis/system/CodeIgniter.php(432): CodeIgniter\CodeIgniter->runController(Object(App\Controllers\Product))
#3 /home/interne1/public_html/mymisdiagnosis/system/CodeIgniter.php(333): CodeIgniter\CodeIgniter->handleRequest(NULL, Object(Config\Cache), false)
#4 /home/interne1/public_html/mymisdiagnosis/public/index.php(44): CodeIgniter\CodeIgniter->run()
#5 {main}
CRITICAL - 2021-04-16 06:20:18 --> This user is not allowed to do this operation
#0 /home/interne1/public_html/mymisdiagnosis/app/Controllers/Product.php(284): App\Libraries\GroceryCrud->render()
#1 /home/interne1/public_html/mymisdiagnosis/system/CodeIgniter.php(936): App\Controllers\Product->user_settings('insert')
#2 /home/interne1/public_html/mymisdiagnosis/system/CodeIgniter.php(432): CodeIgniter\CodeIgniter->runController(Object(App\Controllers\Product))
#3 /home/interne1/public_html/mymisdiagnosis/system/CodeIgniter.php(333): CodeIgniter\CodeIgniter->handleRequest(NULL, Object(Config\Cache), false)
#4 /home/interne1/public_html/mymisdiagnosis/public/index.php(44): CodeIgniter\CodeIgniter->run()
#5 {main}
CRITICAL - 2021-04-16 06:20:19 --> This user is not allowed to do this operation
#0 /home/interne1/public_html/mymisdiagnosis/app/Controllers/Product.php(284): App\Libraries\GroceryCrud->render()
#1 /home/interne1/public_html/mymisdiagnosis/system/CodeIgniter.php(936): App\Controllers\Product->user_settings('insert')
#2 /home/interne1/public_html/mymisdiagnosis/system/CodeIgniter.php(432): CodeIgniter\CodeIgniter->runController(Object(App\Controllers\Product))
#3 /home/interne1/public_html/mymisdiagnosis/system/CodeIgniter.php(333): CodeIgniter\CodeIgniter->handleRequest(NULL, Object(Config\Cache), false)
#4 /home/interne1/public_html/mymisdiagnosis/public/index.php(44): CodeIgniter\CodeIgniter->run()
#5 {main}
CRITICAL - 2021-04-16 06:20:26 --> You don't have permissions for this operation
#0 /home/interne1/public_html/mymisdiagnosis/app/Controllers/Product.php(284): App\Libraries\GroceryCrud->render()
#1 /home/interne1/public_html/mymisdiagnosis/system/CodeIgniter.php(936): App\Controllers\Product->user_settings('add')
#2 /home/interne1/public_html/mymisdiagnosis/system/CodeIgniter.php(432): CodeIgniter\CodeIgniter->runController(Object(App\Controllers\Product))
#3 /home/interne1/public_html/mymisdiagnosis/system/CodeIgniter.php(333): CodeIgniter\CodeIgniter->handleRequest(NULL, Object(Config\Cache), false)
#4 /home/interne1/public_html/mymisdiagnosis/public/index.php(44): CodeIgniter\CodeIgniter->run()
#5 {main}
CRITICAL - 2021-04-16 06:42:46 --> You don't have permissions for this operation
#0 /home/interne1/public_html/mymisdiagnosis/app/Controllers/Product.php(284): App\Libraries\GroceryCrud->render()
#1 /home/interne1/public_html/mymisdiagnosis/system/CodeIgniter.php(936): App\Controllers\Product->user_settings('add')
#2 /home/interne1/public_html/mymisdiagnosis/system/CodeIgniter.php(432): CodeIgniter\CodeIgniter->runController(Object(App\Controllers\Product))
#3 /home/interne1/public_html/mymisdiagnosis/system/CodeIgniter.php(333): CodeIgniter\CodeIgniter->handleRequest(NULL, Object(Config\Cache), false)
#4 /home/interne1/public_html/mymisdiagnosis/public/index.php(44): CodeIgniter\CodeIgniter->run()
#5 {main}
CRITICAL - 2021-04-16 06:53:42 --> Too few arguments to function App\Controllers\Product::App\Controllers\{closure}(), 1 passed and exactly 2 expected
#0 [internal function]: App\Controllers\Product->App\Controllers\{closure}(Object(stdClass))
#1 /home/interne1/public_html/mymisdiagnosis/app/Libraries/GroceryCrud.php(990): call_user_func(Object(Closure), Object(stdClass))
#2 /home/interne1/public_html/mymisdiagnosis/app/Libraries/GroceryCrud.php(4557): App\Libraries\grocery_CRUD_Model_Driver->db_insert(Object(stdClass))
#3 /home/interne1/public_html/mymisdiagnosis/app/Controllers/Product.php(295): App\Libraries\GroceryCrud->render()
#4 /home/interne1/public_html/mymisdiagnosis/system/CodeIgniter.php(936): App\Controllers\Product->user_settings('insert')
#5 /home/interne1/public_html/mymisdiagnosis/system/CodeIgniter.php(432): CodeIgniter\CodeIgniter->runController(Object(App\Controllers\Product))
#6 /home/interne1/public_html/mymisdiagnosis/system/CodeIgniter.php(333): CodeIgniter\CodeIgniter->handleRequest(NULL, Object(Config\Cache), false)
#7 /home/interne1/public_html/mymisdiagnosis/public/index.php(44): CodeIgniter\CodeIgniter->run()
#8 {main}
CRITICAL - 2021-04-16 06:54:51 --> syntax error, unexpected 'return' (T_RETURN)
#0 /home/interne1/public_html/mymisdiagnosis/system/Router/Router.php(170): CodeIgniter\Router\Router->autoRoute('product/user_se...')
#1 /home/interne1/public_html/mymisdiagnosis/system/CodeIgniter.php(816): CodeIgniter\Router\Router->handle('product/user_se...')
#2 /home/interne1/public_html/mymisdiagnosis/system/CodeIgniter.php(385): CodeIgniter\CodeIgniter->tryToRouteIt(Object(CodeIgniter\Router\RouteCollection))
#3 /home/interne1/public_html/mymisdiagnosis/system/CodeIgniter.php(333): CodeIgniter\CodeIgniter->handleRequest(NULL, Object(Config\Cache), false)
#4 /home/interne1/public_html/mymisdiagnosis/public/index.php(44): CodeIgniter\CodeIgniter->run()
#5 {main}
CRITICAL - 2021-04-16 07:07:23 --> You don't have permissions for this operation
#0 /home/interne1/public_html/mymisdiagnosis/app/Controllers/Product.php(295): App\Libraries\GroceryCrud->render()
#1 /home/interne1/public_html/mymisdiagnosis/system/CodeIgniter.php(936): App\Controllers\Product->user_settings('add')
#2 /home/interne1/public_html/mymisdiagnosis/system/CodeIgniter.php(432): CodeIgniter\CodeIgniter->runController(Object(App\Controllers\Product))
#3 /home/interne1/public_html/mymisdiagnosis/system/CodeIgniter.php(333): CodeIgniter\CodeIgniter->handleRequest(NULL, Object(Config\Cache), false)
#4 /home/interne1/public_html/mymisdiagnosis/public/index.php(44): CodeIgniter\CodeIgniter->run()
#5 {main}
CRITICAL - 2021-04-16 07:16:01 --> syntax error, unexpected '->' (T_OBJECT_OPERATOR)
#0 /home/interne1/public_html/mymisdiagnosis/system/Router/Router.php(170): CodeIgniter\Router\Router->autoRoute('product/user_se...')
#1 /home/interne1/public_html/mymisdiagnosis/system/CodeIgniter.php(816): CodeIgniter\Router\Router->handle('product/user_se...')
#2 /home/interne1/public_html/mymisdiagnosis/system/CodeIgniter.php(385): CodeIgniter\CodeIgniter->tryToRouteIt(Object(CodeIgniter\Router\RouteCollection))
#3 /home/interne1/public_html/mymisdiagnosis/system/CodeIgniter.php(333): CodeIgniter\CodeIgniter->handleRequest(NULL, Object(Config\Cache), false)
#4 /home/interne1/public_html/mymisdiagnosis/public/index.php(44): CodeIgniter\CodeIgniter->run()
#5 {main}
CRITICAL - 2021-04-16 07:16:27 --> syntax error, unexpected 'return' (T_RETURN)
#0 /home/interne1/public_html/mymisdiagnosis/system/Router/Router.php(170): CodeIgniter\Router\Router->autoRoute('product/user_se...')
#1 /home/interne1/public_html/mymisdiagnosis/system/CodeIgniter.php(816): CodeIgniter\Router\Router->handle('product/user_se...')
#2 /home/interne1/public_html/mymisdiagnosis/system/CodeIgniter.php(385): CodeIgniter\CodeIgniter->tryToRouteIt(Object(CodeIgniter\Router\RouteCollection))
#3 /home/interne1/public_html/mymisdiagnosis/system/CodeIgniter.php(333): CodeIgniter\CodeIgniter->handleRequest(NULL, Object(Config\Cache), false)
#4 /home/interne1/public_html/mymisdiagnosis/public/index.php(44): CodeIgniter\CodeIgniter->run()
#5 {main}
CRITICAL - 2021-04-16 07:16:39 --> syntax error, unexpected '}'
#0 /home/interne1/public_html/mymisdiagnosis/system/Router/Router.php(170): CodeIgniter\Router\Router->autoRoute('product/user_se...')
#1 /home/interne1/public_html/mymisdiagnosis/system/CodeIgniter.php(816): CodeIgniter\Router\Router->handle('product/user_se...')
#2 /home/interne1/public_html/mymisdiagnosis/system/CodeIgniter.php(385): CodeIgniter\CodeIgniter->tryToRouteIt(Object(CodeIgniter\Router\RouteCollection))
#3 /home/interne1/public_html/mymisdiagnosis/system/CodeIgniter.php(333): CodeIgniter\CodeIgniter->handleRequest(NULL, Object(Config\Cache), false)
#4 /home/interne1/public_html/mymisdiagnosis/public/index.php(44): CodeIgniter\CodeIgniter->run()
#5 {main}
CRITICAL - 2021-04-16 07:17:54 --> syntax error, unexpected '}'
#0 /home/interne1/public_html/mymisdiagnosis/system/Router/Router.php(170): CodeIgniter\Router\Router->autoRoute('product/user_se...')
#1 /home/interne1/public_html/mymisdiagnosis/system/CodeIgniter.php(816): CodeIgniter\Router\Router->handle('product/user_se...')
#2 /home/interne1/public_html/mymisdiagnosis/system/CodeIgniter.php(385): CodeIgniter\CodeIgniter->tryToRouteIt(Object(CodeIgniter\Router\RouteCollection))
#3 /home/interne1/public_html/mymisdiagnosis/system/CodeIgniter.php(333): CodeIgniter\CodeIgniter->handleRequest(NULL, Object(Config\Cache), false)
#4 /home/interne1/public_html/mymisdiagnosis/public/index.php(44): CodeIgniter\CodeIgniter->run()
#5 {main}
CRITICAL - 2021-04-16 07:18:24 --> syntax error, unexpected '}'
#0 /home/interne1/public_html/mymisdiagnosis/system/Router/Router.php(170): CodeIgniter\Router\Router->autoRoute('product/user_se...')
#1 /home/interne1/public_html/mymisdiagnosis/system/CodeIgniter.php(816): CodeIgniter\Router\Router->handle('product/user_se...')
#2 /home/interne1/public_html/mymisdiagnosis/system/CodeIgniter.php(385): CodeIgniter\CodeIgniter->tryToRouteIt(Object(CodeIgniter\Router\RouteCollection))
#3 /home/interne1/public_html/mymisdiagnosis/system/CodeIgniter.php(333): CodeIgniter\CodeIgniter->handleRequest(NULL, Object(Config\Cache), false)
#4 /home/interne1/public_html/mymisdiagnosis/public/index.php(44): CodeIgniter\CodeIgniter->run()
#5 {main}
CRITICAL - 2021-04-16 07:19:18 --> Undefined variable: callbackAfterInsertModel
#0 /home/interne1/public_html/mymisdiagnosis/app/Controllers/Product.php(265): CodeIgniter\Debug\Exceptions->errorHandler(8, 'Undefined varia...', '/home/interne1/...', 265, Array)
#1 /home/interne1/public_html/mymisdiagnosis/system/CodeIgniter.php(936): App\Controllers\Product->user_settings('add')
#2 /home/interne1/public_html/mymisdiagnosis/system/CodeIgniter.php(432): CodeIgniter\CodeIgniter->runController(Object(App\Controllers\Product))
#3 /home/interne1/public_html/mymisdiagnosis/system/CodeIgniter.php(333): CodeIgniter\CodeIgniter->handleRequest(NULL, Object(Config\Cache), false)
#4 /home/interne1/public_html/mymisdiagnosis/public/index.php(44): CodeIgniter\CodeIgniter->run()
#5 {main}
CRITICAL - 2021-04-16 07:21:40 --> Undefined variable: id
#0 /home/interne1/public_html/mymisdiagnosis/app/Controllers/Product.php(267): CodeIgniter\Debug\Exceptions->errorHandler(8, 'Undefined varia...', '/home/interne1/...', 267, Array)
#1 [internal function]: App\Controllers\Product->App\Controllers\{closure}(Object(stdClass))
#2 /home/interne1/public_html/mymisdiagnosis/app/Libraries/GroceryCrud.php(990): call_user_func(Object(Closure), Object(stdClass))
#3 /home/interne1/public_html/mymisdiagnosis/app/Libraries/GroceryCrud.php(4557): App\Libraries\grocery_CRUD_Model_Driver->db_insert(Object(stdClass))
#4 /home/interne1/public_html/mymisdiagnosis/app/Controllers/Product.php(298): App\Libraries\GroceryCrud->render()
#5 /home/interne1/public_html/mymisdiagnosis/system/CodeIgniter.php(936): App\Controllers\Product->user_settings('insert')
#6 /home/interne1/public_html/mymisdiagnosis/system/CodeIgniter.php(432): CodeIgniter\CodeIgniter->runController(Object(App\Controllers\Product))
#7 /home/interne1/public_html/mymisdiagnosis/system/CodeIgniter.php(333): CodeIgniter\CodeIgniter->handleRequest(NULL, Object(Config\Cache), false)
#8 /home/interne1/public_html/mymisdiagnosis/public/index.php(44): CodeIgniter\CodeIgniter->run()
#9 {main}
CRITICAL - 2021-04-16 07:22:55 --> Undefined variable: user
#0 /home/interne1/public_html/mymisdiagnosis/app/Controllers/Product.php(267): CodeIgniter\Debug\Exceptions->errorHandler(8, 'Undefined varia...', '/home/interne1/...', 267, Array)
#1 [internal function]: App\Controllers\Product->App\Controllers\{closure}(Object(stdClass))
#2 /home/interne1/public_html/mymisdiagnosis/app/Libraries/GroceryCrud.php(990): call_user_func(Object(Closure), Object(stdClass))
#3 /home/interne1/public_html/mymisdiagnosis/app/Libraries/GroceryCrud.php(4557): App\Libraries\grocery_CRUD_Model_Driver->db_insert(Object(stdClass))
#4 /home/interne1/public_html/mymisdiagnosis/app/Controllers/Product.php(298): App\Libraries\GroceryCrud->render()
#5 /home/interne1/public_html/mymisdiagnosis/system/CodeIgniter.php(936): App\Controllers\Product->user_settings('insert')
#6 /home/interne1/public_html/mymisdiagnosis/system/CodeIgniter.php(432): CodeIgniter\CodeIgniter->runController(Object(App\Controllers\Product))
#7 /home/interne1/public_html/mymisdiagnosis/system/CodeIgniter.php(333): CodeIgniter\CodeIgniter->handleRequest(NULL, Object(Config\Cache), false)
#8 /home/interne1/public_html/mymisdiagnosis/public/index.php(44): CodeIgniter\CodeIgniter->run()
#9 {main}
CRITICAL - 2021-04-16 07:23:49 --> Undefined variable: user
#0 /home/interne1/public_html/mymisdiagnosis/app/Controllers/Product.php(267): CodeIgniter\Debug\Exceptions->errorHandler(8, 'Undefined varia...', '/home/interne1/...', 267, Array)
#1 [internal function]: App\Controllers\Product->App\Controllers\{closure}(Object(stdClass))
#2 /home/interne1/public_html/mymisdiagnosis/app/Libraries/GroceryCrud.php(990): call_user_func(Object(Closure), Object(stdClass))
#3 /home/interne1/public_html/mymisdiagnosis/app/Libraries/GroceryCrud.php(4557): App\Libraries\grocery_CRUD_Model_Driver->db_insert(Object(stdClass))
#4 /home/interne1/public_html/mymisdiagnosis/app/Controllers/Product.php(298): App\Libraries\GroceryCrud->render()
#5 /home/interne1/public_html/mymisdiagnosis/system/CodeIgniter.php(936): App\Controllers\Product->user_settings('insert')
#6 /home/interne1/public_html/mymisdiagnosis/system/CodeIgniter.php(432): CodeIgniter\CodeIgniter->runController(Object(App\Controllers\Product))
#7 /home/interne1/public_html/mymisdiagnosis/system/CodeIgniter.php(333): CodeIgniter\CodeIgniter->handleRequest(NULL, Object(Config\Cache), false)
#8 /home/interne1/public_html/mymisdiagnosis/public/index.php(44): CodeIgniter\CodeIgniter->run()
#9 {main}
CRITICAL - 2021-04-16 07:24:26 --> syntax error, unexpected ';'
#0 /home/interne1/public_html/mymisdiagnosis/system/Router/Router.php(170): CodeIgniter\Router\Router->autoRoute('product/user_se...')
#1 /home/interne1/public_html/mymisdiagnosis/system/CodeIgniter.php(816): CodeIgniter\Router\Router->handle('product/user_se...')
#2 /home/interne1/public_html/mymisdiagnosis/system/CodeIgniter.php(385): CodeIgniter\CodeIgniter->tryToRouteIt(Object(CodeIgniter\Router\RouteCollection))
#3 /home/interne1/public_html/mymisdiagnosis/system/CodeIgniter.php(333): CodeIgniter\CodeIgniter->handleRequest(NULL, Object(Config\Cache), false)
#4 /home/interne1/public_html/mymisdiagnosis/public/index.php(44): CodeIgniter\CodeIgniter->run()
#5 {main}
CRITICAL - 2021-04-16 07:25:10 --> syntax error, unexpected ';'
#0 /home/interne1/public_html/mymisdiagnosis/system/Router/Router.php(170): CodeIgniter\Router\Router->autoRoute('product/user_se...')
#1 /home/interne1/public_html/mymisdiagnosis/system/CodeIgniter.php(816): CodeIgniter\Router\Router->handle('product/user_se...')
#2 /home/interne1/public_html/mymisdiagnosis/system/CodeIgniter.php(385): CodeIgniter\CodeIgniter->tryToRouteIt(Object(CodeIgniter\Router\RouteCollection))
#3 /home/interne1/public_html/mymisdiagnosis/system/CodeIgniter.php(333): CodeIgniter\CodeIgniter->handleRequest(NULL, Object(Config\Cache), false)
#4 /home/interne1/public_html/mymisdiagnosis/public/index.php(44): CodeIgniter\CodeIgniter->run()
#5 {main}
CRITICAL - 2021-04-16 07:27:44 --> Argument 1 passed to App\Libraries\GroceryCrud::callbackAfterInsert() must be callable, array given, called in /home/interne1/public_html/mymisdiagnosis/app/Controllers/Product.php on line 265
#0 /home/interne1/public_html/mymisdiagnosis/app/Controllers/Product.php(265): App\Libraries\GroceryCrud->callbackAfterInsert(Array)
#1 /home/interne1/public_html/mymisdiagnosis/system/CodeIgniter.php(936): App\Controllers\Product->user_settings('add')
#2 /home/interne1/public_html/mymisdiagnosis/system/CodeIgniter.php(432): CodeIgniter\CodeIgniter->runController(Object(App\Controllers\Product))
#3 /home/interne1/public_html/mymisdiagnosis/system/CodeIgniter.php(333): CodeIgniter\CodeIgniter->handleRequest(NULL, Object(Config\Cache), false)
#4 /home/interne1/public_html/mymisdiagnosis/public/index.php(44): CodeIgniter\CodeIgniter->run()
#5 {main}
CRITICAL - 2021-04-16 07:31:17 --> Undefined variable: callbackAfterInsertModel
#0 /home/interne1/public_html/mymisdiagnosis/app/Controllers/Product.php(265): CodeIgniter\Debug\Exceptions->errorHandler(8, 'Undefined varia...', '/home/interne1/...', 265, Array)
#1 /home/interne1/public_html/mymisdiagnosis/system/CodeIgniter.php(936): App\Controllers\Product->user_settings('add')
#2 /home/interne1/public_html/mymisdiagnosis/system/CodeIgniter.php(432): CodeIgniter\CodeIgniter->runController(Object(App\Controllers\Product))
#3 /home/interne1/public_html/mymisdiagnosis/system/CodeIgniter.php(333): CodeIgniter\CodeIgniter->handleRequest(NULL, Object(Config\Cache), false)
#4 /home/interne1/public_html/mymisdiagnosis/public/index.php(44): CodeIgniter\CodeIgniter->run()
#5 {main}
CRITICAL - 2021-04-16 07:31:51 --> Undefined variable: callbackAfterInsertModel
#0 /home/interne1/public_html/mymisdiagnosis/app/Controllers/Product.php(265): CodeIgniter\Debug\Exceptions->errorHandler(8, 'Undefined varia...', '/home/interne1/...', 265, Array)
#1 /home/interne1/public_html/mymisdiagnosis/system/CodeIgniter.php(936): App\Controllers\Product->user_settings('add')
#2 /home/interne1/public_html/mymisdiagnosis/system/CodeIgniter.php(432): CodeIgniter\CodeIgniter->runController(Object(App\Controllers\Product))
#3 /home/interne1/public_html/mymisdiagnosis/system/CodeIgniter.php(333): CodeIgniter\CodeIgniter->handleRequest(NULL, Object(Config\Cache), false)
#4 /home/interne1/public_html/mymisdiagnosis/public/index.php(44): CodeIgniter\CodeIgniter->run()
#5 {main}
CRITICAL - 2021-04-16 07:32:33 --> Undefined variable: callbackAfterInsertModel
#0 /home/interne1/public_html/mymisdiagnosis/app/Controllers/Product.php(265): CodeIgniter\Debug\Exceptions->errorHandler(8, 'Undefined varia...', '/home/interne1/...', 265, Array)
#1 /home/interne1/public_html/mymisdiagnosis/system/CodeIgniter.php(936): App\Controllers\Product->user_settings('add')
#2 /home/interne1/public_html/mymisdiagnosis/system/CodeIgniter.php(432): CodeIgniter\CodeIgniter->runController(Object(App\Controllers\Product))
#3 /home/interne1/public_html/mymisdiagnosis/system/CodeIgniter.php(333): CodeIgniter\CodeIgniter->handleRequest(NULL, Object(Config\Cache), false)
#4 /home/interne1/public_html/mymisdiagnosis/public/index.php(44): CodeIgniter\CodeIgniter->run()
#5 {main}
CRITICAL - 2021-04-16 07:34:18 --> You don't have permissions for this operation
#0 /home/interne1/public_html/mymisdiagnosis/app/Controllers/Product.php(296): App\Libraries\GroceryCrud->render()
#1 /home/interne1/public_html/mymisdiagnosis/system/CodeIgniter.php(936): App\Controllers\Product->user_settings('add')
#2 /home/interne1/public_html/mymisdiagnosis/system/CodeIgniter.php(432): CodeIgniter\CodeIgniter->runController(Object(App\Controllers\Product))
#3 /home/interne1/public_html/mymisdiagnosis/system/CodeIgniter.php(333): CodeIgniter\CodeIgniter->handleRequest(NULL, Object(Config\Cache), false)
#4 /home/interne1/public_html/mymisdiagnosis/public/index.php(44): CodeIgniter\CodeIgniter->run()
#5 {main}
CRITICAL - 2021-04-16 07:40:26 --> Call to undefined method App\Libraries\InterneticsLibrary::set_lang_string()
#0 /home/interne1/public_html/mymisdiagnosis/system/CodeIgniter.php(936): App\Controllers\Product->user_settings('add')
#1 /home/interne1/public_html/mymisdiagnosis/system/CodeIgniter.php(432): CodeIgniter\CodeIgniter->runController(Object(App\Controllers\Product))
#2 /home/interne1/public_html/mymisdiagnosis/system/CodeIgniter.php(333): CodeIgniter\CodeIgniter->handleRequest(NULL, Object(Config\Cache), false)
#3 /home/interne1/public_html/mymisdiagnosis/public/index.php(44): CodeIgniter\CodeIgniter->run()
#4 {main}
CRITICAL - 2021-04-16 07:44:43 --> syntax error, unexpected '$row' (T_VARIABLE), expecting ')'
#0 /home/interne1/public_html/mymisdiagnosis/system/Router/Router.php(170): CodeIgniter\Router\Router->autoRoute('product/user_se...')
#1 /home/interne1/public_html/mymisdiagnosis/system/CodeIgniter.php(816): CodeIgniter\Router\Router->handle('product/user_se...')
#2 /home/interne1/public_html/mymisdiagnosis/system/CodeIgniter.php(385): CodeIgniter\CodeIgniter->tryToRouteIt(Object(CodeIgniter\Router\RouteCollection))
#3 /home/interne1/public_html/mymisdiagnosis/system/CodeIgniter.php(333): CodeIgniter\CodeIgniter->handleRequest(NULL, Object(Config\Cache), false)
#4 /home/interne1/public_html/mymisdiagnosis/public/index.php(44): CodeIgniter\CodeIgniter->run()
#5 {main}
CRITICAL - 2021-04-16 07:45:08 --> You don't have permissions for this operation
#0 /home/interne1/public_html/mymisdiagnosis/app/Controllers/Product.php(303): App\Libraries\GroceryCrud->render()
#1 /home/interne1/public_html/mymisdiagnosis/system/CodeIgniter.php(936): App\Controllers\Product->user_settings('add')
#2 /home/interne1/public_html/mymisdiagnosis/system/CodeIgniter.php(432): CodeIgniter\CodeIgniter->runController(Object(App\Controllers\Product))
#3 /home/interne1/public_html/mymisdiagnosis/system/CodeIgniter.php(333): CodeIgniter\CodeIgniter->handleRequest(NULL, Object(Config\Cache), false)
#4 /home/interne1/public_html/mymisdiagnosis/public/index.php(44): CodeIgniter\CodeIgniter->run()
#5 {main}
CRITICAL - 2021-04-16 07:45:30 --> On the state "edit" the Primary key cannot be null
#0 /home/interne1/public_html/mymisdiagnosis/app/Libraries/GroceryCrud.php(4471): App\Libraries\grocery_CRUD_States->getStateInfo()
#1 /home/interne1/public_html/mymisdiagnosis/app/Controllers/Product.php(303): App\Libraries\GroceryCrud->render()
#2 /home/interne1/public_html/mymisdiagnosis/system/CodeIgniter.php(936): App\Controllers\Product->user_settings('edit')
#3 /home/interne1/public_html/mymisdiagnosis/system/CodeIgniter.php(432): CodeIgniter\CodeIgniter->runController(Object(App\Controllers\Product))
#4 /home/interne1/public_html/mymisdiagnosis/system/CodeIgniter.php(333): CodeIgniter\CodeIgniter->handleRequest(NULL, Object(Config\Cache), false)
#5 /home/interne1/public_html/mymisdiagnosis/public/index.php(44): CodeIgniter\CodeIgniter->run()
#6 {main}
CRITICAL - 2021-04-16 07:46:14 --> Undefined variable: row
#0 /home/interne1/public_html/mymisdiagnosis/app/Controllers/Product.php(269): CodeIgniter\Debug\Exceptions->errorHandler(8, 'Undefined varia...', '/home/interne1/...', 269, Array)
#1 /home/interne1/public_html/mymisdiagnosis/system/CodeIgniter.php(936): App\Controllers\Product->user_settings('add')
#2 /home/interne1/public_html/mymisdiagnosis/system/CodeIgniter.php(432): CodeIgniter\CodeIgniter->runController(Object(App\Controllers\Product))
#3 /home/interne1/public_html/mymisdiagnosis/system/CodeIgniter.php(333): CodeIgniter\CodeIgniter->handleRequest(NULL, Object(Config\Cache), false)
#4 /home/interne1/public_html/mymisdiagnosis/public/index.php(44): CodeIgniter\CodeIgniter->run()
#5 {main}
CRITICAL - 2021-04-16 07:46:15 --> Undefined variable: row
#0 /home/interne1/public_html/mymisdiagnosis/app/Controllers/Product.php(269): CodeIgniter\Debug\Exceptions->errorHandler(8, 'Undefined varia...', '/home/interne1/...', 269, Array)
#1 /home/interne1/public_html/mymisdiagnosis/system/CodeIgniter.php(936): App\Controllers\Product->user_settings('add')
#2 /home/interne1/public_html/mymisdiagnosis/system/CodeIgniter.php(432): CodeIgniter\CodeIgniter->runController(Object(App\Controllers\Product))
#3 /home/interne1/public_html/mymisdiagnosis/system/CodeIgniter.php(333): CodeIgniter\CodeIgniter->handleRequest(NULL, Object(Config\Cache), false)
#4 /home/interne1/public_html/mymisdiagnosis/public/index.php(44): CodeIgniter\CodeIgniter->run()
#5 {main}
CRITICAL - 2021-04-16 07:46:18 --> Undefined variable: row
#0 /home/interne1/public_html/mymisdiagnosis/app/Controllers/Product.php(269): CodeIgniter\Debug\Exceptions->errorHandler(8, 'Undefined varia...', '/home/interne1/...', 269, Array)
#1 /home/interne1/public_html/mymisdiagnosis/system/CodeIgniter.php(936): App\Controllers\Product->user_settings('add')
#2 /home/interne1/public_html/mymisdiagnosis/system/CodeIgniter.php(432): CodeIgniter\CodeIgniter->runController(Object(App\Controllers\Product))
#3 /home/interne1/public_html/mymisdiagnosis/system/CodeIgniter.php(333): CodeIgniter\CodeIgniter->handleRequest(NULL, Object(Config\Cache), false)
#4 /home/interne1/public_html/mymisdiagnosis/public/index.php(44): CodeIgniter\CodeIgniter->run()
#5 {main}
CRITICAL - 2021-04-16 07:47:40 --> Undefined variable: row
#0 /home/interne1/public_html/mymisdiagnosis/app/Controllers/Product.php(269): CodeIgniter\Debug\Exceptions->errorHandler(8, 'Undefined varia...', '/home/interne1/...', 269, Array)
#1 /home/interne1/public_html/mymisdiagnosis/system/CodeIgniter.php(936): App\Controllers\Product->user_settings('add')
#2 /home/interne1/public_html/mymisdiagnosis/system/CodeIgniter.php(432): CodeIgniter\CodeIgniter->runController(Object(App\Controllers\Product))
#3 /home/interne1/public_html/mymisdiagnosis/system/CodeIgniter.php(333): CodeIgniter\CodeIgniter->handleRequest(NULL, Object(Config\Cache), false)
#4 /home/interne1/public_html/mymisdiagnosis/public/index.php(44): CodeIgniter\CodeIgniter->run()
#5 {main}
CRITICAL - 2021-04-16 07:51:20 --> Undefined variable: field
#0 /home/interne1/public_html/mymisdiagnosis/app/Controllers/Product.php(269): CodeIgniter\Debug\Exceptions->errorHandler(8, 'Undefined varia...', '/home/interne1/...', 269, Array)
#1 /home/interne1/public_html/mymisdiagnosis/system/CodeIgniter.php(936): App\Controllers\Product->user_settings('add')
#2 /home/interne1/public_html/mymisdiagnosis/system/CodeIgniter.php(432): CodeIgniter\CodeIgniter->runController(Object(App\Controllers\Product))
#3 /home/interne1/public_html/mymisdiagnosis/system/CodeIgniter.php(333): CodeIgniter\CodeIgniter->handleRequest(NULL, Object(Config\Cache), false)
#4 /home/interne1/public_html/mymisdiagnosis/public/index.php(44): CodeIgniter\CodeIgniter->run()
#5 {main}
CRITICAL - 2021-04-16 07:51:33 --> Undefined variable: fields
#0 /home/interne1/public_html/mymisdiagnosis/app/Controllers/Product.php(269): CodeIgniter\Debug\Exceptions->errorHandler(8, 'Undefined varia...', '/home/interne1/...', 269, Array)
#1 /home/interne1/public_html/mymisdiagnosis/system/CodeIgniter.php(936): App\Controllers\Product->user_settings('add')
#2 /home/interne1/public_html/mymisdiagnosis/system/CodeIgniter.php(432): CodeIgniter\CodeIgniter->runController(Object(App\Controllers\Product))
#3 /home/interne1/public_html/mymisdiagnosis/system/CodeIgniter.php(333): CodeIgniter\CodeIgniter->handleRequest(NULL, Object(Config\Cache), false)
#4 /home/interne1/public_html/mymisdiagnosis/public/index.php(44): CodeIgniter\CodeIgniter->run()
#5 {main}
CRITICAL - 2021-04-16 19:43:23 --> syntax error, unexpected ']', expecting ')'
#0 /home/interne1/public_html/mymisdiagnosis/system/Router/Router.php(170): CodeIgniter\Router\Router->autoRoute('product/cards')
#1 /home/interne1/public_html/mymisdiagnosis/system/CodeIgniter.php(816): CodeIgniter\Router\Router->handle('product/cards')
#2 /home/interne1/public_html/mymisdiagnosis/system/CodeIgniter.php(385): CodeIgniter\CodeIgniter->tryToRouteIt(Object(CodeIgniter\Router\RouteCollection))
#3 /home/interne1/public_html/mymisdiagnosis/system/CodeIgniter.php(333): CodeIgniter\CodeIgniter->handleRequest(NULL, Object(Config\Cache), false)
#4 /home/interne1/public_html/mymisdiagnosis/public/index.php(44): CodeIgniter\CodeIgniter->run()
#5 {main}
CRITICAL - 2021-04-16 19:50:00 --> syntax error, unexpected ']', expecting ')'
#0 /home/interne1/public_html/mymisdiagnosis/system/Router/Router.php(170): CodeIgniter\Router\Router->autoRoute('product/cards/e...')
#1 /home/interne1/public_html/mymisdiagnosis/system/CodeIgniter.php(816): CodeIgniter\Router\Router->handle('product/cards/e...')
#2 /home/interne1/public_html/mymisdiagnosis/system/CodeIgniter.php(385): CodeIgniter\CodeIgniter->tryToRouteIt(Object(CodeIgniter\Router\RouteCollection))
#3 /home/interne1/public_html/mymisdiagnosis/system/CodeIgniter.php(333): CodeIgniter\CodeIgniter->handleRequest(NULL, Object(Config\Cache), false)
#4 /home/interne1/public_html/mymisdiagnosis/public/index.php(44): CodeIgniter\CodeIgniter->run()
#5 {main}
CRITICAL - 2021-04-16 19:51:47 --> Table 'interne1_ffcweb.items_question_template' doesn't exist
#0 /home/interne1/public_html/mymisdiagnosis/app/Libraries/InterneticsLibrary.php(52): mysqli->query('SELECT image FR...')
#1 /home/interne1/public_html/mymisdiagnosis/app/Libraries/GroceryCrud.php(231): App\Libraries\InterneticsLibrary->get_multiselect_input(Object(stdClass), 'card')
#2 /home/interne1/public_html/mymisdiagnosis/app/Libraries/InterneticsLibrary.php(287): App\Libraries\grocery_CRUD_Field_Types->get_field_input(Object(stdClass), 'card')
#3 /home/interne1/public_html/mymisdiagnosis/app/Libraries/GroceryCrud.php(1832): App\Libraries\InterneticsLibrary->get_edit_input_fields(Object(stdClass))
#4 /home/interne1/public_html/mymisdiagnosis/app/Libraries/GroceryCrud.php(4532): App\Libraries\grocery_CRUD_Layout->showEditForm(Object(stdClass))
#5 /home/interne1/public_html/mymisdiagnosis/app/Controllers/Product.php(203): App\Libraries\GroceryCrud->render()
#6 /home/interne1/public_html/mymisdiagnosis/system/CodeIgniter.php(936): App\Controllers\Product->cards('edit', '5')
#7 /home/interne1/public_html/mymisdiagnosis/system/CodeIgniter.php(432): CodeIgniter\CodeIgniter->runController(Object(App\Controllers\Product))
#8 /home/interne1/public_html/mymisdiagnosis/system/CodeIgniter.php(333): CodeIgniter\CodeIgniter->handleRequest(NULL, Object(Config\Cache), false)
#9 /home/interne1/public_html/mymisdiagnosis/public/index.php(44): CodeIgniter\CodeIgniter->run()
#10 {main}
CRITICAL - 2021-04-16 20:07:26 --> Table 'interne1_ffcweb.items_question_template' doesn't exist
#0 /home/interne1/public_html/mymisdiagnosis/app/Libraries/InterneticsLibrary.php(52): mysqli->query('SELECT image FR...')
#1 /home/interne1/public_html/mymisdiagnosis/app/Libraries/GroceryCrud.php(231): App\Libraries\InterneticsLibrary->get_multiselect_input(Object(stdClass), 'card')
#2 /home/interne1/public_html/mymisdiagnosis/app/Libraries/InterneticsLibrary.php(287): App\Libraries\grocery_CRUD_Field_Types->get_field_input(Object(stdClass), 'card')
#3 /home/interne1/public_html/mymisdiagnosis/app/Libraries/GroceryCrud.php(1832): App\Libraries\InterneticsLibrary->get_edit_input_fields(Object(stdClass))
#4 /home/interne1/public_html/mymisdiagnosis/app/Libraries/GroceryCrud.php(4532): App\Libraries\grocery_CRUD_Layout->showEditForm(Object(stdClass))
#5 /home/interne1/public_html/mymisdiagnosis/app/Controllers/Product.php(203): App\Libraries\GroceryCrud->render()
#6 /home/interne1/public_html/mymisdiagnosis/system/CodeIgniter.php(936): App\Controllers\Product->cards('edit', '5')
#7 /home/interne1/public_html/mymisdiagnosis/system/CodeIgniter.php(432): CodeIgniter\CodeIgniter->runController(Object(App\Controllers\Product))
#8 /home/interne1/public_html/mymisdiagnosis/system/CodeIgniter.php(333): CodeIgniter\CodeIgniter->handleRequest(NULL, Object(Config\Cache), false)
#9 /home/interne1/public_html/mymisdiagnosis/public/index.php(44): CodeIgniter\CodeIgniter->run()
#10 {main}
CRITICAL - 2021-04-16 20:08:23 --> Table 'interne1_ffcweb.items_answer_template' doesn't exist
#0 /home/interne1/public_html/mymisdiagnosis/app/Libraries/InterneticsLibrary.php(52): mysqli->query('SELECT image FR...')
#1 /home/interne1/public_html/mymisdiagnosis/app/Libraries/GroceryCrud.php(231): App\Libraries\InterneticsLibrary->get_multiselect_input(Object(stdClass), '')
#2 /home/interne1/public_html/mymisdiagnosis/app/Libraries/InterneticsLibrary.php(287): App\Libraries\grocery_CRUD_Field_Types->get_field_input(Object(stdClass), '')
#3 /home/interne1/public_html/mymisdiagnosis/app/Libraries/GroceryCrud.php(1832): App\Libraries\InterneticsLibrary->get_edit_input_fields(Object(stdClass))
#4 /home/interne1/public_html/mymisdiagnosis/app/Libraries/GroceryCrud.php(4532): App\Libraries\grocery_CRUD_Layout->showEditForm(Object(stdClass))
#5 /home/interne1/public_html/mymisdiagnosis/app/Controllers/Product.php(197): App\Libraries\GroceryCrud->render()
#6 /home/interne1/public_html/mymisdiagnosis/system/CodeIgniter.php(936): App\Controllers\Product->cards('edit', '5')
#7 /home/interne1/public_html/mymisdiagnosis/system/CodeIgniter.php(432): CodeIgniter\CodeIgniter->runController(Object(App\Controllers\Product))
#8 /home/interne1/public_html/mymisdiagnosis/system/CodeIgniter.php(333): CodeIgniter\CodeIgniter->handleRequest(NULL, Object(Config\Cache), false)
#9 /home/interne1/public_html/mymisdiagnosis/public/index.php(44): CodeIgniter\CodeIgniter->run()
#10 {main}
CRITICAL - 2021-04-16 20:08:26 --> Table 'interne1_ffcweb.items_answer_template' doesn't exist
#0 /home/interne1/public_html/mymisdiagnosis/app/Libraries/InterneticsLibrary.php(52): mysqli->query('SELECT image FR...')
#1 /home/interne1/public_html/mymisdiagnosis/app/Libraries/GroceryCrud.php(231): App\Libraries\InterneticsLibrary->get_multiselect_input(Object(stdClass), '')
#2 /home/interne1/public_html/mymisdiagnosis/app/Libraries/InterneticsLibrary.php(287): App\Libraries\grocery_CRUD_Field_Types->get_field_input(Object(stdClass), '')
#3 /home/interne1/public_html/mymisdiagnosis/app/Libraries/GroceryCrud.php(1832): App\Libraries\InterneticsLibrary->get_edit_input_fields(Object(stdClass))
#4 /home/interne1/public_html/mymisdiagnosis/app/Libraries/GroceryCrud.php(4532): App\Libraries\grocery_CRUD_Layout->showEditForm(Object(stdClass))
#5 /home/interne1/public_html/mymisdiagnosis/app/Controllers/Product.php(197): App\Libraries\GroceryCrud->render()
#6 /home/interne1/public_html/mymisdiagnosis/system/CodeIgniter.php(936): App\Controllers\Product->cards('edit', '5')
#7 /home/interne1/public_html/mymisdiagnosis/system/CodeIgniter.php(432): CodeIgniter\CodeIgniter->runController(Object(App\Controllers\Product))
#8 /home/interne1/public_html/mymisdiagnosis/system/CodeIgniter.php(333): CodeIgniter\CodeIgniter->handleRequest(NULL, Object(Config\Cache), false)
#9 /home/interne1/public_html/mymisdiagnosis/public/index.php(44): CodeIgniter\CodeIgniter->run()
#10 {main}
CRITICAL - 2021-04-16 20:08:41 --> Table 'interne1_ffcweb.items_question_template' doesn't exist
#0 /home/interne1/public_html/mymisdiagnosis/app/Libraries/InterneticsLibrary.php(52): mysqli->query('SELECT image FR...')
#1 /home/interne1/public_html/mymisdiagnosis/app/Libraries/GroceryCrud.php(231): App\Libraries\InterneticsLibrary->get_multiselect_input(Object(stdClass), '')
#2 /home/interne1/public_html/mymisdiagnosis/app/Libraries/InterneticsLibrary.php(287): App\Libraries\grocery_CRUD_Field_Types->get_field_input(Object(stdClass), '')
#3 /home/interne1/public_html/mymisdiagnosis/app/Libraries/GroceryCrud.php(1832): App\Libraries\InterneticsLibrary->get_edit_input_fields(Object(stdClass))
#4 /home/interne1/public_html/mymisdiagnosis/app/Libraries/GroceryCrud.php(4532): App\Libraries\grocery_CRUD_Layout->showEditForm(Object(stdClass))
#5 /home/interne1/public_html/mymisdiagnosis/app/Controllers/Product.php(203): App\Libraries\GroceryCrud->render()
#6 /home/interne1/public_html/mymisdiagnosis/system/CodeIgniter.php(936): App\Controllers\Product->cards('edit', '5')
#7 /home/interne1/public_html/mymisdiagnosis/system/CodeIgniter.php(432): CodeIgniter\CodeIgniter->runController(Object(App\Controllers\Product))
#8 /home/interne1/public_html/mymisdiagnosis/system/CodeIgniter.php(333): CodeIgniter\CodeIgniter->handleRequest(NULL, Object(Config\Cache), false)
#9 /home/interne1/public_html/mymisdiagnosis/public/index.php(44): CodeIgniter\CodeIgniter->run()
#10 {main}
CRITICAL - 2021-04-16 20:09:30 --> Table 'interne1_ffcweb.items_question_template' doesn't exist
#0 /home/interne1/public_html/mymisdiagnosis/app/Libraries/InterneticsLibrary.php(52): mysqli->query('SELECT image FR...')
#1 /home/interne1/public_html/mymisdiagnosis/app/Libraries/GroceryCrud.php(231): App\Libraries\InterneticsLibrary->get_multiselect_input(Object(stdClass), '')
#2 /home/interne1/public_html/mymisdiagnosis/app/Libraries/InterneticsLibrary.php(287): App\Libraries\grocery_CRUD_Field_Types->get_field_input(Object(stdClass), '')
#3 /home/interne1/public_html/mymisdiagnosis/app/Libraries/GroceryCrud.php(1832): App\Libraries\InterneticsLibrary->get_edit_input_fields(Object(stdClass))
#4 /home/interne1/public_html/mymisdiagnosis/app/Libraries/GroceryCrud.php(4532): App\Libraries\grocery_CRUD_Layout->showEditForm(Object(stdClass))
#5 /home/interne1/public_html/mymisdiagnosis/app/Controllers/Product.php(195): App\Libraries\GroceryCrud->render()
#6 /home/interne1/public_html/mymisdiagnosis/system/CodeIgniter.php(936): App\Controllers\Product->cards('edit', '5')
#7 /home/interne1/public_html/mymisdiagnosis/system/CodeIgniter.php(432): CodeIgniter\CodeIgniter->runController(Object(App\Controllers\Product))
#8 /home/interne1/public_html/mymisdiagnosis/system/CodeIgniter.php(333): CodeIgniter\CodeIgniter->handleRequest(NULL, Object(Config\Cache), false)
#9 /home/interne1/public_html/mymisdiagnosis/public/index.php(44): CodeIgniter\CodeIgniter->run()
#10 {main}
CRITICAL - 2021-04-16 20:09:33 --> Table 'interne1_ffcweb.items_question_template' doesn't exist
#0 /home/interne1/public_html/mymisdiagnosis/app/Libraries/InterneticsLibrary.php(52): mysqli->query('SELECT image FR...')
#1 /home/interne1/public_html/mymisdiagnosis/app/Libraries/GroceryCrud.php(231): App\Libraries\InterneticsLibrary->get_multiselect_input(Object(stdClass), '')
#2 /home/interne1/public_html/mymisdiagnosis/app/Libraries/InterneticsLibrary.php(287): App\Libraries\grocery_CRUD_Field_Types->get_field_input(Object(stdClass), '')
#3 /home/interne1/public_html/mymisdiagnosis/app/Libraries/GroceryCrud.php(1832): App\Libraries\InterneticsLibrary->get_edit_input_fields(Object(stdClass))
#4 /home/interne1/public_html/mymisdiagnosis/app/Libraries/GroceryCrud.php(4532): App\Libraries\grocery_CRUD_Layout->showEditForm(Object(stdClass))
#5 /home/interne1/public_html/mymisdiagnosis/app/Controllers/Product.php(195): App\Libraries\GroceryCrud->render()
#6 /home/interne1/public_html/mymisdiagnosis/system/CodeIgniter.php(936): App\Controllers\Product->cards('edit', '5')
#7 /home/interne1/public_html/mymisdiagnosis/system/CodeIgniter.php(432): CodeIgniter\CodeIgniter->runController(Object(App\Controllers\Product))
#8 /home/interne1/public_html/mymisdiagnosis/system/CodeIgniter.php(333): CodeIgniter\CodeIgniter->handleRequest(NULL, Object(Config\Cache), false)
#9 /home/interne1/public_html/mymisdiagnosis/public/index.php(44): CodeIgniter\CodeIgniter->run()
#10 {main}
CRITICAL - 2021-04-16 20:10:08 --> Table 'interne1_ffcweb.items_question_template' doesn't exist
#0 /home/interne1/public_html/mymisdiagnosis/app/Libraries/InterneticsLibrary.php(52): mysqli->query('SELECT image FR...')
#1 /home/interne1/public_html/mymisdiagnosis/app/Libraries/GroceryCrud.php(231): App\Libraries\InterneticsLibrary->get_multiselect_input(Object(stdClass), '')
#2 /home/interne1/public_html/mymisdiagnosis/app/Libraries/InterneticsLibrary.php(287): App\Libraries\grocery_CRUD_Field_Types->get_field_input(Object(stdClass), '')
#3 /home/interne1/public_html/mymisdiagnosis/app/Libraries/GroceryCrud.php(1832): App\Libraries\InterneticsLibrary->get_edit_input_fields(Object(stdClass))
#4 /home/interne1/public_html/mymisdiagnosis/app/Libraries/GroceryCrud.php(4532): App\Libraries\grocery_CRUD_Layout->showEditForm(Object(stdClass))
#5 /home/interne1/public_html/mymisdiagnosis/app/Controllers/Product.php(195): App\Libraries\GroceryCrud->render()
#6 /home/interne1/public_html/mymisdiagnosis/system/CodeIgniter.php(936): App\Controllers\Product->cards('edit', '5')
#7 /home/interne1/public_html/mymisdiagnosis/system/CodeIgniter.php(432): CodeIgniter\CodeIgniter->runController(Object(App\Controllers\Product))
#8 /home/interne1/public_html/mymisdiagnosis/system/CodeIgniter.php(333): CodeIgniter\CodeIgniter->handleRequest(NULL, Object(Config\Cache), false)
#9 /home/interne1/public_html/mymisdiagnosis/public/index.php(44): CodeIgniter\CodeIgniter->run()
#10 {main}
CRITICAL - 2021-04-16 20:13:02 --> Table 'interne1_ffcweb.items_question_template' doesn't exist
#0 /home/interne1/public_html/mymisdiagnosis/app/Libraries/InterneticsLibrary.php(49): mysqli->query('SELECT image FR...')
#1 /home/interne1/public_html/mymisdiagnosis/app/Libraries/GroceryCrud.php(231): App\Libraries\InterneticsLibrary->get_multiselect_input(Object(stdClass), '')
#2 /home/interne1/public_html/mymisdiagnosis/app/Libraries/InterneticsLibrary.php(280): App\Libraries\grocery_CRUD_Field_Types->get_field_input(Object(stdClass), '')
#3 /home/interne1/public_html/mymisdiagnosis/app/Libraries/GroceryCrud.php(1832): App\Libraries\InterneticsLibrary->get_edit_input_fields(Object(stdClass))
#4 /home/interne1/public_html/mymisdiagnosis/app/Libraries/GroceryCrud.php(4532): App\Libraries\grocery_CRUD_Layout->showEditForm(Object(stdClass))
#5 /home/interne1/public_html/mymisdiagnosis/app/Controllers/Product.php(195): App\Libraries\GroceryCrud->render()
#6 /home/interne1/public_html/mymisdiagnosis/system/CodeIgniter.php(936): App\Controllers\Product->cards('edit', '5')
#7 /home/interne1/public_html/mymisdiagnosis/system/CodeIgniter.php(432): CodeIgniter\CodeIgniter->runController(Object(App\Controllers\Product))
#8 /home/interne1/public_html/mymisdiagnosis/system/CodeIgniter.php(333): CodeIgniter\CodeIgniter->handleRequest(NULL, Object(Config\Cache), false)
#9 /home/interne1/public_html/mymisdiagnosis/public/index.php(44): CodeIgniter\CodeIgniter->run()
#10 {main}
CRITICAL - 2021-04-16 20:13:05 --> Table 'interne1_ffcweb.items_question_template' doesn't exist
#0 /home/interne1/public_html/mymisdiagnosis/app/Libraries/InterneticsLibrary.php(49): mysqli->query('SELECT image FR...')
#1 /home/interne1/public_html/mymisdiagnosis/app/Libraries/GroceryCrud.php(231): App\Libraries\InterneticsLibrary->get_multiselect_input(Object(stdClass), '')
#2 /home/interne1/public_html/mymisdiagnosis/app/Libraries/InterneticsLibrary.php(280): App\Libraries\grocery_CRUD_Field_Types->get_field_input(Object(stdClass), '')
#3 /home/interne1/public_html/mymisdiagnosis/app/Libraries/GroceryCrud.php(1832): App\Libraries\InterneticsLibrary->get_edit_input_fields(Object(stdClass))
#4 /home/interne1/public_html/mymisdiagnosis/app/Libraries/GroceryCrud.php(4532): App\Libraries\grocery_CRUD_Layout->showEditForm(Object(stdClass))
#5 /home/interne1/public_html/mymisdiagnosis/app/Controllers/Product.php(195): App\Libraries\GroceryCrud->render()
#6 /home/interne1/public_html/mymisdiagnosis/system/CodeIgniter.php(936): App\Controllers\Product->cards('edit', '5')
#7 /home/interne1/public_html/mymisdiagnosis/system/CodeIgniter.php(432): CodeIgniter\CodeIgniter->runController(Object(App\Controllers\Product))
#8 /home/interne1/public_html/mymisdiagnosis/system/CodeIgniter.php(333): CodeIgniter\CodeIgniter->handleRequest(NULL, Object(Config\Cache), false)
#9 /home/interne1/public_html/mymisdiagnosis/public/index.php(44): CodeIgniter\CodeIgniter->run()
#10 {main}
CRITICAL - 2021-04-16 20:39:47 --> syntax error, unexpected '}', expecting end of file
#0 /home/interne1/public_html/mymisdiagnosis/app/Libraries/GroceryCrud.php(1850): App\Libraries\grocery_CRUD_Layout->_theme_view('edit.php', Array)
#1 /home/interne1/public_html/mymisdiagnosis/app/Libraries/GroceryCrud.php(4532): App\Libraries\grocery_CRUD_Layout->showEditForm(Object(stdClass))
#2 /home/interne1/public_html/mymisdiagnosis/app/Controllers/Product.php(203): App\Libraries\GroceryCrud->render()
#3 /home/interne1/public_html/mymisdiagnosis/system/CodeIgniter.php(936): App\Controllers\Product->cards('edit', '5')
#4 /home/interne1/public_html/mymisdiagnosis/system/CodeIgniter.php(432): CodeIgniter\CodeIgniter->runController(Object(App\Controllers\Product))
#5 /home/interne1/public_html/mymisdiagnosis/system/CodeIgniter.php(333): CodeIgniter\CodeIgniter->handleRequest(NULL, Object(Config\Cache), false)
#6 /home/interne1/public_html/mymisdiagnosis/public/index.php(44): CodeIgniter\CodeIgniter->run()
#7 {main}
CRITICAL - 2021-04-16 20:58:11 --> syntax error, unexpected '<', expecting end of file
#0 /home/interne1/public_html/mymisdiagnosis/app/Libraries/GroceryCrud.php(1850): App\Libraries\grocery_CRUD_Layout->_theme_view('edit.php', Array)
#1 /home/interne1/public_html/mymisdiagnosis/app/Libraries/GroceryCrud.php(4532): App\Libraries\grocery_CRUD_Layout->showEditForm(Object(stdClass))
#2 /home/interne1/public_html/mymisdiagnosis/app/Controllers/Product.php(203): App\Libraries\GroceryCrud->render()
#3 /home/interne1/public_html/mymisdiagnosis/system/CodeIgniter.php(936): App\Controllers\Product->cards('edit', '5')
#4 /home/interne1/public_html/mymisdiagnosis/system/CodeIgniter.php(432): CodeIgniter\CodeIgniter->runController(Object(App\Controllers\Product))
#5 /home/interne1/public_html/mymisdiagnosis/system/CodeIgniter.php(333): CodeIgniter\CodeIgniter->handleRequest(NULL, Object(Config\Cache), false)
#6 /home/interne1/public_html/mymisdiagnosis/public/index.php(44): CodeIgniter\CodeIgniter->run()
#7 {main}
CRITICAL - 2021-04-16 20:59:26 --> Undefined variable: table
#0 /home/interne1/public_html/mymisdiagnosis/public/assets/grocery_crud/themes/internetics/views/edit.php(62): CodeIgniter\Debug\Exceptions->errorHandler(8, 'Undefined varia...', '/home/interne1/...', 62, Array)
#1 /home/interne1/public_html/mymisdiagnosis/app/Libraries/GroceryCrud.php(2801): include('/home/interne1/...')
#2 /home/interne1/public_html/mymisdiagnosis/app/Libraries/GroceryCrud.php(1850): App\Libraries\grocery_CRUD_Layout->_theme_view('edit.php', Array)
#3 /home/interne1/public_html/mymisdiagnosis/app/Libraries/GroceryCrud.php(4532): App\Libraries\grocery_CRUD_Layout->showEditForm(Object(stdClass))
#4 /home/interne1/public_html/mymisdiagnosis/app/Controllers/Product.php(203): App\Libraries\GroceryCrud->render()
#5 /home/interne1/public_html/mymisdiagnosis/system/CodeIgniter.php(936): App\Controllers\Product->cards('edit', '5')
#6 /home/interne1/public_html/mymisdiagnosis/system/CodeIgniter.php(432): CodeIgniter\CodeIgniter->runController(Object(App\Controllers\Product))
#7 /home/interne1/public_html/mymisdiagnosis/system/CodeIgniter.php(333): CodeIgniter\CodeIgniter->handleRequest(NULL, Object(Config\Cache), false)
#8 /home/interne1/public_html/mymisdiagnosis/public/index.php(44): CodeIgniter\CodeIgniter->run()
#9 {main}
CRITICAL - 2021-04-16 21:00:38 --> Undefined variable: tableName
#0 /home/interne1/public_html/mymisdiagnosis/public/assets/grocery_crud/themes/internetics/views/edit.php(62): CodeIgniter\Debug\Exceptions->errorHandler(8, 'Undefined varia...', '/home/interne1/...', 62, Array)
#1 /home/interne1/public_html/mymisdiagnosis/app/Libraries/GroceryCrud.php(2801): include('/home/interne1/...')
#2 /home/interne1/public_html/mymisdiagnosis/app/Libraries/GroceryCrud.php(1850): App\Libraries\grocery_CRUD_Layout->_theme_view('edit.php', Array)
#3 /home/interne1/public_html/mymisdiagnosis/app/Libraries/GroceryCrud.php(4532): App\Libraries\grocery_CRUD_Layout->showEditForm(Object(stdClass))
#4 /home/interne1/public_html/mymisdiagnosis/app/Controllers/Product.php(203): App\Libraries\GroceryCrud->render()
#5 /home/interne1/public_html/mymisdiagnosis/system/CodeIgniter.php(936): App\Controllers\Product->cards('edit', '5')
#6 /home/interne1/public_html/mymisdiagnosis/system/CodeIgniter.php(432): CodeIgniter\CodeIgniter->runController(Object(App\Controllers\Product))
#7 /home/interne1/public_html/mymisdiagnosis/system/CodeIgniter.php(333): CodeIgniter\CodeIgniter->handleRequest(NULL, Object(Config\Cache), false)
#8 /home/interne1/public_html/mymisdiagnosis/public/index.php(44): CodeIgniter\CodeIgniter->run()
#9 {main}
CRITICAL - 2021-04-16 21:07:10 --> syntax error, unexpected '<'
#0 /home/interne1/public_html/mymisdiagnosis/app/Libraries/GroceryCrud.php(1850): App\Libraries\grocery_CRUD_Layout->_theme_view('edit.php', Array)
#1 /home/interne1/public_html/mymisdiagnosis/app/Libraries/GroceryCrud.php(4532): App\Libraries\grocery_CRUD_Layout->showEditForm(Object(stdClass))
#2 /home/interne1/public_html/mymisdiagnosis/app/Controllers/Product.php(203): App\Libraries\GroceryCrud->render()
#3 /home/interne1/public_html/mymisdiagnosis/system/CodeIgniter.php(936): App\Controllers\Product->cards('edit', '5')
#4 /home/interne1/public_html/mymisdiagnosis/system/CodeIgniter.php(432): CodeIgniter\CodeIgniter->runController(Object(App\Controllers\Product))
#5 /home/interne1/public_html/mymisdiagnosis/system/CodeIgniter.php(333): CodeIgniter\CodeIgniter->handleRequest(NULL, Object(Config\Cache), false)
#6 /home/interne1/public_html/mymisdiagnosis/public/index.php(44): CodeIgniter\CodeIgniter->run()
#7 {main}
CRITICAL - 2021-04-16 23:19:10 --> Use of undefined constant x - assumed 'x' (this will throw an Error in a future version of PHP)
#0 /home/interne1/public_html/mymisdiagnosis/public/assets/grocery_crud/themes/internetics/views/edit.php(62): CodeIgniter\Debug\Exceptions->errorHandler(2, 'Use of undefine...', '/home/interne1/...', 62, Array)
#1 /home/interne1/public_html/mymisdiagnosis/app/Libraries/GroceryCrud.php(2801): include('/home/interne1/...')
#2 /home/interne1/public_html/mymisdiagnosis/app/Libraries/GroceryCrud.php(1850): App\Libraries\grocery_CRUD_Layout->_theme_view('edit.php', Array)
#3 /home/interne1/public_html/mymisdiagnosis/app/Libraries/GroceryCrud.php(4532): App\Libraries\grocery_CRUD_Layout->showEditForm(Object(stdClass))
#4 /home/interne1/public_html/mymisdiagnosis/app/Controllers/Product.php(203): App\Libraries\GroceryCrud->render()
#5 /home/interne1/public_html/mymisdiagnosis/system/CodeIgniter.php(936): App\Controllers\Product->cards('edit', '5')
#6 /home/interne1/public_html/mymisdiagnosis/system/CodeIgniter.php(432): CodeIgniter\CodeIgniter->runController(Object(App\Controllers\Product))
#7 /home/interne1/public_html/mymisdiagnosis/system/CodeIgniter.php(333): CodeIgniter\CodeIgniter->handleRequest(NULL, Object(Config\Cache), false)
#8 /home/interne1/public_html/mymisdiagnosis/public/index.php(44): CodeIgniter\CodeIgniter->run()
#9 {main}
CRITICAL - 2021-04-16 23:20:22 --> Call to undefined function printr()
#0 /home/interne1/public_html/mymisdiagnosis/app/Libraries/GroceryCrud.php(2801): include()
#1 /home/interne1/public_html/mymisdiagnosis/app/Libraries/GroceryCrud.php(1850): App\Libraries\grocery_CRUD_Layout->_theme_view('edit.php', Array)
#2 /home/interne1/public_html/mymisdiagnosis/app/Libraries/GroceryCrud.php(4532): App\Libraries\grocery_CRUD_Layout->showEditForm(Object(stdClass))
#3 /home/interne1/public_html/mymisdiagnosis/app/Controllers/Product.php(203): App\Libraries\GroceryCrud->render()
#4 /home/interne1/public_html/mymisdiagnosis/system/CodeIgniter.php(936): App\Controllers\Product->cards('edit', '5')
#5 /home/interne1/public_html/mymisdiagnosis/system/CodeIgniter.php(432): CodeIgniter\CodeIgniter->runController(Object(App\Controllers\Product))
#6 /home/interne1/public_html/mymisdiagnosis/system/CodeIgniter.php(333): CodeIgniter\CodeIgniter->handleRequest(NULL, Object(Config\Cache), false)
#7 /home/interne1/public_html/mymisdiagnosis/public/index.php(44): CodeIgniter\CodeIgniter->run()
#8 {main}
CRITICAL - 2021-04-16 23:33:07 --> Undefined variable: results
#0 /home/interne1/public_html/mymisdiagnosis/public/assets/grocery_crud/themes/internetics/views/edit.php(72): CodeIgniter\Debug\Exceptions->errorHandler(8, 'Undefined varia...', '/home/interne1/...', 72, Array)
#1 /home/interne1/public_html/mymisdiagnosis/app/Libraries/GroceryCrud.php(2801): include('/home/interne1/...')
#2 /home/interne1/public_html/mymisdiagnosis/app/Libraries/GroceryCrud.php(1850): App\Libraries\grocery_CRUD_Layout->_theme_view('edit.php', Array)
#3 /home/interne1/public_html/mymisdiagnosis/app/Libraries/GroceryCrud.php(4532): App\Libraries\grocery_CRUD_Layout->showEditForm(Object(stdClass))
#4 /home/interne1/public_html/mymisdiagnosis/app/Controllers/Product.php(203): App\Libraries\GroceryCrud->render()
#5 /home/interne1/public_html/mymisdiagnosis/system/CodeIgniter.php(936): App\Controllers\Product->cards('edit', '5')
#6 /home/interne1/public_html/mymisdiagnosis/system/CodeIgniter.php(432): CodeIgniter\CodeIgniter->runController(Object(App\Controllers\Product))
#7 /home/interne1/public_html/mymisdiagnosis/system/CodeIgniter.php(333): CodeIgniter\CodeIgniter->handleRequest(NULL, Object(Config\Cache), false)
#8 /home/interne1/public_html/mymisdiagnosis/public/index.php(44): CodeIgniter\CodeIgniter->run()
#9 {main}
CRITICAL - 2021-04-16 23:45:00 --> syntax error, unexpected ',', expecting ']'
#0 /home/interne1/public_html/mymisdiagnosis/app/Libraries/GroceryCrud.php(1850): App\Libraries\grocery_CRUD_Layout->_theme_view('edit.php', Array)
#1 /home/interne1/public_html/mymisdiagnosis/app/Libraries/GroceryCrud.php(4532): App\Libraries\grocery_CRUD_Layout->showEditForm(Object(stdClass))
#2 /home/interne1/public_html/mymisdiagnosis/app/Controllers/Product.php(203): App\Libraries\GroceryCrud->render()
#3 /home/interne1/public_html/mymisdiagnosis/system/CodeIgniter.php(936): App\Controllers\Product->cards('edit', '5')
#4 /home/interne1/public_html/mymisdiagnosis/system/CodeIgniter.php(432): CodeIgniter\CodeIgniter->runController(Object(App\Controllers\Product))
#5 /home/interne1/public_html/mymisdiagnosis/system/CodeIgniter.php(333): CodeIgniter\CodeIgniter->handleRequest(NULL, Object(Config\Cache), false)
#6 /home/interne1/public_html/mymisdiagnosis/public/index.php(44): CodeIgniter\CodeIgniter->run()
#7 {main}
CRITICAL - 2021-04-16 23:45:22 --> Array to string conversion
#0 /home/interne1/public_html/mymisdiagnosis/public/assets/grocery_crud/themes/internetics/views/edit.php(72): CodeIgniter\Debug\Exceptions->errorHandler(8, 'Array to string...', '/home/interne1/...', 72, Array)
#1 /home/interne1/public_html/mymisdiagnosis/app/Libraries/GroceryCrud.php(2801): include('/home/interne1/...')
#2 /home/interne1/public_html/mymisdiagnosis/app/Libraries/GroceryCrud.php(1850): App\Libraries\grocery_CRUD_Layout->_theme_view('edit.php', Array)
#3 /home/interne1/public_html/mymisdiagnosis/app/Libraries/GroceryCrud.php(4532): App\Libraries\grocery_CRUD_Layout->showEditForm(Object(stdClass))
#4 /home/interne1/public_html/mymisdiagnosis/app/Controllers/Product.php(203): App\Libraries\GroceryCrud->render()
#5 /home/interne1/public_html/mymisdiagnosis/system/CodeIgniter.php(936): App\Controllers\Product->cards('edit', '5')
#6 /home/interne1/public_html/mymisdiagnosis/system/CodeIgniter.php(432): CodeIgniter\CodeIgniter->runController(Object(App\Controllers\Product))
#7 /home/interne1/public_html/mymisdiagnosis/system/CodeIgniter.php(333): CodeIgniter\CodeIgniter->handleRequest(NULL, Object(Config\Cache), false)
#8 /home/interne1/public_html/mymisdiagnosis/public/index.php(44): CodeIgniter\CodeIgniter->run()
#9 {main}
CRITICAL - 2021-04-16 23:46:00 --> Array to string conversion
#0 /home/interne1/public_html/mymisdiagnosis/public/assets/grocery_crud/themes/internetics/views/edit.php(72): CodeIgniter\Debug\Exceptions->errorHandler(8, 'Array to string...', '/home/interne1/...', 72, Array)
#1 /home/interne1/public_html/mymisdiagnosis/app/Libraries/GroceryCrud.php(2801): include('/home/interne1/...')
#2 /home/interne1/public_html/mymisdiagnosis/app/Libraries/GroceryCrud.php(1850): App\Libraries\grocery_CRUD_Layout->_theme_view('edit.php', Array)
#3 /home/interne1/public_html/mymisdiagnosis/app/Libraries/GroceryCrud.php(4532): App\Libraries\grocery_CRUD_Layout->showEditForm(Object(stdClass))
#4 /home/interne1/public_html/mymisdiagnosis/app/Controllers/Product.php(203): App\Libraries\GroceryCrud->render()
#5 /home/interne1/public_html/mymisdiagnosis/system/CodeIgniter.php(936): App\Controllers\Product->cards('edit', '5')
#6 /home/interne1/public_html/mymisdiagnosis/system/CodeIgniter.php(432): CodeIgniter\CodeIgniter->runController(Object(App\Controllers\Product))
#7 /home/interne1/public_html/mymisdiagnosis/system/CodeIgniter.php(333): CodeIgniter\CodeIgniter->handleRequest(NULL, Object(Config\Cache), false)
#8 /home/interne1/public_html/mymisdiagnosis/public/index.php(44): CodeIgniter\CodeIgniter->run()
#9 {main}
CRITICAL - 2021-04-16 23:47:06 --> Function name must be a string
#0 /home/interne1/public_html/mymisdiagnosis/app/Libraries/GroceryCrud.php(2801): include()
#1 /home/interne1/public_html/mymisdiagnosis/app/Libraries/GroceryCrud.php(1850): App\Libraries\grocery_CRUD_Layout->_theme_view('edit.php', Array)
#2 /home/interne1/public_html/mymisdiagnosis/app/Libraries/GroceryCrud.php(4532): App\Libraries\grocery_CRUD_Layout->showEditForm(Object(stdClass))
#3 /home/interne1/public_html/mymisdiagnosis/app/Controllers/Product.php(203): App\Libraries\GroceryCrud->render()
#4 /home/interne1/public_html/mymisdiagnosis/system/CodeIgniter.php(936): App\Controllers\Product->cards('edit', '5')
#5 /home/interne1/public_html/mymisdiagnosis/system/CodeIgniter.php(432): CodeIgniter\CodeIgniter->runController(Object(App\Controllers\Product))
#6 /home/interne1/public_html/mymisdiagnosis/system/CodeIgniter.php(333): CodeIgniter\CodeIgniter->handleRequest(NULL, Object(Config\Cache), false)
#7 /home/interne1/public_html/mymisdiagnosis/public/index.php(44): CodeIgniter\CodeIgniter->run()
#8 {main}
CRITICAL - 2021-04-16 23:49:22 --> Array to string conversion
#0 /home/interne1/public_html/mymisdiagnosis/public/assets/grocery_crud/themes/internetics/views/edit.php(73): CodeIgniter\Debug\Exceptions->errorHandler(8, 'Array to string...', '/home/interne1/...', 73, Array)
#1 /home/interne1/public_html/mymisdiagnosis/app/Libraries/GroceryCrud.php(2801): include('/home/interne1/...')
#2 /home/interne1/public_html/mymisdiagnosis/app/Libraries/GroceryCrud.php(1850): App\Libraries\grocery_CRUD_Layout->_theme_view('edit.php', Array)
#3 /home/interne1/public_html/mymisdiagnosis/app/Libraries/GroceryCrud.php(4532): App\Libraries\grocery_CRUD_Layout->showEditForm(Object(stdClass))
#4 /home/interne1/public_html/mymisdiagnosis/app/Controllers/Product.php(203): App\Libraries\GroceryCrud->render()
#5 /home/interne1/public_html/mymisdiagnosis/system/CodeIgniter.php(936): App\Controllers\Product->cards('edit', '5')
#6 /home/interne1/public_html/mymisdiagnosis/system/CodeIgniter.php(432): CodeIgniter\CodeIgniter->runController(Object(App\Controllers\Product))
#7 /home/interne1/public_html/mymisdiagnosis/system/CodeIgniter.php(333): CodeIgniter\CodeIgniter->handleRequest(NULL, Object(Config\Cache), false)
#8 /home/interne1/public_html/mymisdiagnosis/public/index.php(44): CodeIgniter\CodeIgniter->run()
#9 {main}
CRITICAL - 2021-04-16 23:49:32 --> Array to string conversion
#0 /home/interne1/public_html/mymisdiagnosis/public/assets/grocery_crud/themes/internetics/views/edit.php(73): CodeIgniter\Debug\Exceptions->errorHandler(8, 'Array to string...', '/home/interne1/...', 73, Array)
#1 /home/interne1/public_html/mymisdiagnosis/app/Libraries/GroceryCrud.php(2801): include('/home/interne1/...')
#2 /home/interne1/public_html/mymisdiagnosis/app/Libraries/GroceryCrud.php(1850): App\Libraries\grocery_CRUD_Layout->_theme_view('edit.php', Array)
#3 /home/interne1/public_html/mymisdiagnosis/app/Libraries/GroceryCrud.php(4532): App\Libraries\grocery_CRUD_Layout->showEditForm(Object(stdClass))
#4 /home/interne1/public_html/mymisdiagnosis/app/Controllers/Product.php(203): App\Libraries\GroceryCrud->render()
#5 /home/interne1/public_html/mymisdiagnosis/system/CodeIgniter.php(936): App\Controllers\Product->cards('edit', '5')
#6 /home/interne1/public_html/mymisdiagnosis/system/CodeIgniter.php(432): CodeIgniter\CodeIgniter->runController(Object(App\Controllers\Product))
#7 /home/interne1/public_html/mymisdiagnosis/system/CodeIgniter.php(333): CodeIgniter\CodeIgniter->handleRequest(NULL, Object(Config\Cache), false)
#8 /home/interne1/public_html/mymisdiagnosis/public/index.php(44): CodeIgniter\CodeIgniter->run()
#9 {main}
CRITICAL - 2021-04-16 23:50:41 --> Array to string conversion
#0 /home/interne1/public_html/mymisdiagnosis/public/assets/grocery_crud/themes/internetics/views/edit.php(74): CodeIgniter\Debug\Exceptions->errorHandler(8, 'Array to string...', '/home/interne1/...', 74, Array)
#1 /home/interne1/public_html/mymisdiagnosis/app/Libraries/GroceryCrud.php(2801): include('/home/interne1/...')
#2 /home/interne1/public_html/mymisdiagnosis/app/Libraries/GroceryCrud.php(1850): App\Libraries\grocery_CRUD_Layout->_theme_view('edit.php', Array)
#3 /home/interne1/public_html/mymisdiagnosis/app/Libraries/GroceryCrud.php(4532): App\Libraries\grocery_CRUD_Layout->showEditForm(Object(stdClass))
#4 /home/interne1/public_html/mymisdiagnosis/app/Controllers/Product.php(203): App\Libraries\GroceryCrud->render()
#5 /home/interne1/public_html/ffcweb/system/CodeIgniter.php(936): App\Controllers\Product->cards('edit', '5')
#6 /home/interne1/public_html/ffcweb/system/CodeIgniter.php(432): CodeIgniter\CodeIgniter->runController(Object(App\Controllers\Product))
#7 /home/interne1/public_html/ffcweb/system/CodeIgniter.php(333): CodeIgniter\CodeIgniter->handleRequest(NULL, Object(Config\Cache), false)
#8 /home/interne1/public_html/ffcweb/public/index.php(44): CodeIgniter\CodeIgniter->run()
#9 {main}
CRITICAL - 2021-04-16 23:51:16 --> Array to string conversion
#0 /home/interne1/public_html/ffcweb/public/assets/grocery_crud/themes/internetics/views/edit.php(74): CodeIgniter\Debug\Exceptions->errorHandler(8, 'Array to string...', '/home/interne1/...', 74, Array)
#1 /home/interne1/public_html/ffcweb/app/Libraries/GroceryCrud.php(2801): include('/home/interne1/...')
#2 /home/interne1/public_html/ffcweb/app/Libraries/GroceryCrud.php(1850): App\Libraries\grocery_CRUD_Layout->_theme_view('edit.php', Array)
#3 /home/interne1/public_html/ffcweb/app/Libraries/GroceryCrud.php(4532): App\Libraries\grocery_CRUD_Layout->showEditForm(Object(stdClass))
#4 /home/interne1/public_html/ffcweb/app/Controllers/Product.php(203): App\Libraries\GroceryCrud->render()
#5 /home/interne1/public_html/ffcweb/system/CodeIgniter.php(936): App\Controllers\Product->cards('edit', '5')
#6 /home/interne1/public_html/ffcweb/system/CodeIgniter.php(432): CodeIgniter\CodeIgniter->runController(Object(App\Controllers\Product))
#7 /home/interne1/public_html/ffcweb/system/CodeIgniter.php(333): CodeIgniter\CodeIgniter->handleRequest(NULL, Object(Config\Cache), false)
#8 /home/interne1/public_html/ffcweb/public/index.php(44): CodeIgniter\CodeIgniter->run()
#9 {main}
CRITICAL - 2021-04-16 23:51:57 --> syntax error, unexpected ',', expecting ']'
#0 /home/interne1/public_html/ffcweb/app/Libraries/GroceryCrud.php(1850): App\Libraries\grocery_CRUD_Layout->_theme_view('edit.php', Array)
#1 /home/interne1/public_html/ffcweb/app/Libraries/GroceryCrud.php(4532): App\Libraries\grocery_CRUD_Layout->showEditForm(Object(stdClass))
#2 /home/interne1/public_html/ffcweb/app/Controllers/Product.php(203): App\Libraries\GroceryCrud->render()
#3 /home/interne1/public_html/ffcweb/system/CodeIgniter.php(936): App\Controllers\Product->cards('edit', '5')
#4 /home/interne1/public_html/ffcweb/system/CodeIgniter.php(432): CodeIgniter\CodeIgniter->runController(Object(App\Controllers\Product))
#5 /home/interne1/public_html/ffcweb/system/CodeIgniter.php(333): CodeIgniter\CodeIgniter->handleRequest(NULL, Object(Config\Cache), false)
#6 /home/interne1/public_html/ffcweb/public/index.php(44): CodeIgniter\CodeIgniter->run()
#7 {main}
CRITICAL - 2021-04-16 23:55:11 --> syntax error, unexpected ']', expecting ',' or ';'
#0 /home/interne1/public_html/ffcweb/app/Libraries/GroceryCrud.php(1850): App\Libraries\grocery_CRUD_Layout->_theme_view('edit.php', Array)
#1 /home/interne1/public_html/ffcweb/app/Libraries/GroceryCrud.php(4532): App\Libraries\grocery_CRUD_Layout->showEditForm(Object(stdClass))
#2 /home/interne1/public_html/ffcweb/app/Controllers/Product.php(203): App\Libraries\GroceryCrud->render()
#3 /home/interne1/public_html/ffcweb/system/CodeIgniter.php(936): App\Controllers\Product->cards('edit', '5')
#4 /home/interne1/public_html/ffcweb/system/CodeIgniter.php(432): CodeIgniter\CodeIgniter->runController(Object(App\Controllers\Product))
#5 /home/interne1/public_html/ffcweb/system/CodeIgniter.php(333): CodeIgniter\CodeIgniter->handleRequest(NULL, Object(Config\Cache), false)
#6 /home/interne1/public_html/ffcweb/public/index.php(44): CodeIgniter\CodeIgniter->run()
#7 {main}
