INFO - 2022-01-06 08:33:23 --> Session: Class initialized using 'CodeIgniter\Session\Handlers\FileHandler' driver.
INFO - 2022-01-06 08:33:25 --> Session: Class initialized using 'CodeIgniter\Session\Handlers\FileHandler' driver.
INFO - 2022-01-06 08:34:49 --> Session: Class initialized using 'CodeIgniter\Session\Handlers\FileHandler' driver.
WARNING - 2022-01-06 08:34:49 --> Session: Sessions is enabled, and one exists.Please don't $session->start();
INFO - 2022-01-06 08:36:29 --> Session: Class initialized using 'CodeIgniter\Session\Handlers\FileHandler' driver.
INFO - 2022-01-06 08:36:32 --> Session: Class initialized using 'CodeIgniter\Session\Handlers\FileHandler' driver.
WARNING - 2022-01-06 08:36:32 --> Session: Sessions is enabled, and one exists.Please don't $session->start();
INFO - 2022-01-06 08:36:43 --> Session: Class initialized using 'CodeIgniter\Session\Handlers\FileHandler' driver.
WARNING - 2022-01-06 08:36:43 --> Session: Sessions is enabled, and one exists.Please don't $session->start();
INFO - 2022-01-06 08:39:41 --> Session: Class initialized using 'CodeIgniter\Session\Handlers\FileHandler' driver.
WARNING - 2022-01-06 08:39:41 --> Session: Sessions is enabled, and one exists.Please don't $session->start();
INFO - 2022-01-06 08:41:28 --> Session: Class initialized using 'CodeIgniter\Session\Handlers\FileHandler' driver.
WARNING - 2022-01-06 08:41:28 --> Session: Sessions is enabled, and one exists.Please don't $session->start();
CRITICAL - 2022-01-06 08:47:16 --> Undefined variable: search
#0 /var/www/html/mymisdiagnosis/app/Views/autocomplete.php(50): CodeIgniter\Debug\Exceptions->errorHandler(8, 'Undefined varia...', '/var/www/html/m...', 50, Array)
#1 /var/www/html/mymisdiagnosis/system/View/View.php(220): include('/var/www/html/m...')
#2 /var/www/html/mymisdiagnosis/system/View/View.php(222): CodeIgniter\View\View->CodeIgniter\View\{closure}()
#3 /var/www/html/mymisdiagnosis/system/Common.php(1217): CodeIgniter\View\View->render('autocomplete', Array, true)
#4 /var/www/html/mymisdiagnosis/app/Controllers/Autocompletesearch.php(27): view('autocomplete')
#5 /var/www/html/mymisdiagnosis/system/CodeIgniter.php(936): App\Controllers\AutocompleteSearch->index()
#6 /var/www/html/mymisdiagnosis/system/CodeIgniter.php(432): CodeIgniter\CodeIgniter->runController(Object(App\Controllers\AutocompleteSearch))
#7 /var/www/html/mymisdiagnosis/system/CodeIgniter.php(333): CodeIgniter\CodeIgniter->handleRequest(NULL, Object(Config\Cache), false)
#8 /var/www/html/mymisdiagnosis/index.php(44): CodeIgniter\CodeIgniter->run()
#9 {main}
CRITICAL - 2022-01-06 08:51:02 -->  route cannot be found while reverse-routing.
#0 /var/www/html/mymisdiagnosis/system/HTTP/RedirectResponse.php(63): CodeIgniter\HTTP\Exceptions\HTTPException::forInvalidRedirectRoute('')
#1 /var/www/html/mymisdiagnosis/app/Controllers/Autocompletesearch.php(27): CodeIgniter\HTTP\RedirectResponse->route(false)
#2 /var/www/html/mymisdiagnosis/system/CodeIgniter.php(936): App\Controllers\AutocompleteSearch->index()
#3 /var/www/html/mymisdiagnosis/system/CodeIgniter.php(432): CodeIgniter\CodeIgniter->runController(Object(App\Controllers\AutocompleteSearch))
#4 /var/www/html/mymisdiagnosis/system/CodeIgniter.php(333): CodeIgniter\CodeIgniter->handleRequest(NULL, Object(Config\Cache), false)
#5 /var/www/html/mymisdiagnosis/index.php(44): CodeIgniter\CodeIgniter->run()
#6 {main}
CRITICAL - 2022-01-06 08:53:03 --> Class 'App\Controllers\Users' not found
#0 /var/www/html/mymisdiagnosis/system/CodeIgniter.php(936): App\Controllers\AutocompleteSearch->loadRecord()
#1 /var/www/html/mymisdiagnosis/system/CodeIgniter.php(432): CodeIgniter\CodeIgniter->runController(Object(App\Controllers\AutocompleteSearch))
#2 /var/www/html/mymisdiagnosis/system/CodeIgniter.php(333): CodeIgniter\CodeIgniter->handleRequest(NULL, Object(Config\Cache), false)
#3 /var/www/html/mymisdiagnosis/index.php(44): CodeIgniter\CodeIgniter->run()
#4 {main}
INFO - 2022-01-06 08:57:38 --> Session: Class initialized using 'CodeIgniter\Session\Handlers\FileHandler' driver.
INFO - 2022-01-06 08:57:38 --> Session: Class initialized using 'CodeIgniter\Session\Handlers\FileHandler' driver.
INFO - 2022-01-06 09:00:04 --> Session: Class initialized using 'CodeIgniter\Session\Handlers\FileHandler' driver.
WARNING - 2022-01-06 09:00:04 --> Session: Sessions is enabled, and one exists.Please don't $session->start();
INFO - 2022-01-06 09:01:52 --> Session: Class initialized using 'CodeIgniter\Session\Handlers\FileHandler' driver.
WARNING - 2022-01-06 09:01:52 --> Session: Sessions is enabled, and one exists.Please don't $session->start();
INFO - 2022-01-06 09:02:03 --> Session: Class initialized using 'CodeIgniter\Session\Handlers\FileHandler' driver.
WARNING - 2022-01-06 09:02:03 --> Session: Sessions is enabled, and one exists.Please don't $session->start();
INFO - 2022-01-06 09:30:48 --> Session: Class initialized using 'CodeIgniter\Session\Handlers\FileHandler' driver.
WARNING - 2022-01-06 09:30:48 --> Session: Sessions is enabled, and one exists.Please don't $session->start();
CRITICAL - 2022-01-06 09:36:29 --> Class 'App\Controllers\CI_Controller' not found
#0 /var/www/html/mymisdiagnosis/system/Router/Router.php(562): include_once()
#1 /var/www/html/mymisdiagnosis/system/Router/Router.php(170): CodeIgniter\Router\Router->autoRoute('search/searchfu...')
#2 /var/www/html/mymisdiagnosis/system/CodeIgniter.php(816): CodeIgniter\Router\Router->handle('search/searchfu...')
#3 /var/www/html/mymisdiagnosis/system/CodeIgniter.php(385): CodeIgniter\CodeIgniter->tryToRouteIt(Object(CodeIgniter\Router\RouteCollection))
#4 /var/www/html/mymisdiagnosis/system/CodeIgniter.php(333): CodeIgniter\CodeIgniter->handleRequest(NULL, Object(Config\Cache), false)
#5 /var/www/html/mymisdiagnosis/index.php(44): CodeIgniter\CodeIgniter->run()
#6 {main}
CRITICAL - 2022-01-06 09:36:59 --> Undefined property: App\Controllers\Search::$Search_Model
#0 /var/www/html/mymisdiagnosis/app/Controllers/Search.php(15): CodeIgniter\Debug\Exceptions->errorHandler(8, 'Undefined prope...', '/var/www/html/m...', 15, Array)
#1 /var/www/html/mymisdiagnosis/system/CodeIgniter.php(936): App\Controllers\Search->searchfunction()
#2 /var/www/html/mymisdiagnosis/system/CodeIgniter.php(432): CodeIgniter\CodeIgniter->runController(Object(App\Controllers\Search))
#3 /var/www/html/mymisdiagnosis/system/CodeIgniter.php(333): CodeIgniter\CodeIgniter->handleRequest(NULL, Object(Config\Cache), false)
#4 /var/www/html/mymisdiagnosis/index.php(44): CodeIgniter\CodeIgniter->run()
#5 {main}
CRITICAL - 2022-01-06 09:37:23 --> Cannot declare class App\Controllers\Search because the name is already in use
#0 [internal function]: CodeIgniter\Debug\Exceptions->shutdownHandler()
#1 {main}
CRITICAL - 2022-01-06 09:38:41 --> Undefined property: App\Controllers\Search::$Search_Model
#0 /var/www/html/mymisdiagnosis/app/Controllers/Search.php(15): CodeIgniter\Debug\Exceptions->errorHandler(8, 'Undefined prope...', '/var/www/html/m...', 15, Array)
#1 /var/www/html/mymisdiagnosis/system/CodeIgniter.php(936): App\Controllers\Search->searchfunction()
#2 /var/www/html/mymisdiagnosis/system/CodeIgniter.php(432): CodeIgniter\CodeIgniter->runController(Object(App\Controllers\Search))
#3 /var/www/html/mymisdiagnosis/system/CodeIgniter.php(333): CodeIgniter\CodeIgniter->handleRequest(NULL, Object(Config\Cache), false)
#4 /var/www/html/mymisdiagnosis/index.php(44): CodeIgniter\CodeIgniter->run()
#5 {main}
CRITICAL - 2022-01-06 09:40:06 --> Undefined property: App\Controllers\Search::$Search_Model
#0 /var/www/html/mymisdiagnosis/app/Controllers/Search.php(15): CodeIgniter\Debug\Exceptions->errorHandler(8, 'Undefined prope...', '/var/www/html/m...', 15, Array)
#1 /var/www/html/mymisdiagnosis/system/CodeIgniter.php(936): App\Controllers\Search->searchfunction()
#2 /var/www/html/mymisdiagnosis/system/CodeIgniter.php(432): CodeIgniter\CodeIgniter->runController(Object(App\Controllers\Search))
#3 /var/www/html/mymisdiagnosis/system/CodeIgniter.php(333): CodeIgniter\CodeIgniter->handleRequest(NULL, Object(Config\Cache), false)
#4 /var/www/html/mymisdiagnosis/index.php(44): CodeIgniter\CodeIgniter->run()
#5 {main}
CRITICAL - 2022-01-06 09:40:41 --> Undefined property: App\Controllers\Search::$Search_Model
#0 /var/www/html/mymisdiagnosis/app/Controllers/Search.php(15): CodeIgniter\Debug\Exceptions->errorHandler(8, 'Undefined prope...', '/var/www/html/m...', 15, Array)
#1 /var/www/html/mymisdiagnosis/system/CodeIgniter.php(936): App\Controllers\Search->searchfunction()
#2 /var/www/html/mymisdiagnosis/system/CodeIgniter.php(432): CodeIgniter\CodeIgniter->runController(Object(App\Controllers\Search))
#3 /var/www/html/mymisdiagnosis/system/CodeIgniter.php(333): CodeIgniter\CodeIgniter->handleRequest(NULL, Object(Config\Cache), false)
#4 /var/www/html/mymisdiagnosis/index.php(44): CodeIgniter\CodeIgniter->run()
#5 {main}
CRITICAL - 2022-01-06 09:40:43 --> Undefined property: App\Controllers\Search::$Search_Model
#0 /var/www/html/mymisdiagnosis/app/Controllers/Search.php(15): CodeIgniter\Debug\Exceptions->errorHandler(8, 'Undefined prope...', '/var/www/html/m...', 15, Array)
#1 /var/www/html/mymisdiagnosis/system/CodeIgniter.php(936): App\Controllers\Search->searchfunction()
#2 /var/www/html/mymisdiagnosis/system/CodeIgniter.php(432): CodeIgniter\CodeIgniter->runController(Object(App\Controllers\Search))
#3 /var/www/html/mymisdiagnosis/system/CodeIgniter.php(333): CodeIgniter\CodeIgniter->handleRequest(NULL, Object(Config\Cache), false)
#4 /var/www/html/mymisdiagnosis/index.php(44): CodeIgniter\CodeIgniter->run()
#5 {main}
CRITICAL - 2022-01-06 09:41:12 --> Undefined property: App\Controllers\Search::$Search_Model
#0 /var/www/html/mymisdiagnosis/app/Controllers/Search.php(15): CodeIgniter\Debug\Exceptions->errorHandler(8, 'Undefined prope...', '/var/www/html/m...', 15, Array)
#1 /var/www/html/mymisdiagnosis/system/CodeIgniter.php(936): App\Controllers\Search->searchfunction()
#2 /var/www/html/mymisdiagnosis/system/CodeIgniter.php(432): CodeIgniter\CodeIgniter->runController(Object(App\Controllers\Search))
#3 /var/www/html/mymisdiagnosis/system/CodeIgniter.php(333): CodeIgniter\CodeIgniter->handleRequest(NULL, Object(Config\Cache), false)
#4 /var/www/html/mymisdiagnosis/index.php(44): CodeIgniter\CodeIgniter->run()
#5 {main}
CRITICAL - 2022-01-06 09:43:04 --> Undefined property: App\Controllers\Search::$Search_Model
#0 /var/www/html/mymisdiagnosis/app/Controllers/Search.php(15): CodeIgniter\Debug\Exceptions->errorHandler(8, 'Undefined prope...', '/var/www/html/m...', 15, Array)
#1 /var/www/html/mymisdiagnosis/system/CodeIgniter.php(936): App\Controllers\Search->searchfunction()
#2 /var/www/html/mymisdiagnosis/system/CodeIgniter.php(432): CodeIgniter\CodeIgniter->runController(Object(App\Controllers\Search))
#3 /var/www/html/mymisdiagnosis/system/CodeIgniter.php(333): CodeIgniter\CodeIgniter->handleRequest(NULL, Object(Config\Cache), false)
#4 /var/www/html/mymisdiagnosis/index.php(44): CodeIgniter\CodeIgniter->run()
#5 {main}
CRITICAL - 2022-01-06 09:44:07 --> Undefined property: App\Controllers\Search::$Search_Model
#0 /var/www/html/mymisdiagnosis/app/Controllers/Search.php(15): CodeIgniter\Debug\Exceptions->errorHandler(8, 'Undefined prope...', '/var/www/html/m...', 15, Array)
#1 /var/www/html/mymisdiagnosis/system/CodeIgniter.php(936): App\Controllers\Search->searchfunction()
#2 /var/www/html/mymisdiagnosis/system/CodeIgniter.php(432): CodeIgniter\CodeIgniter->runController(Object(App\Controllers\Search))
#3 /var/www/html/mymisdiagnosis/system/CodeIgniter.php(333): CodeIgniter\CodeIgniter->handleRequest(NULL, Object(Config\Cache), false)
#4 /var/www/html/mymisdiagnosis/index.php(44): CodeIgniter\CodeIgniter->run()
#5 {main}
INFO - 2022-01-06 09:49:12 --> Session: Class initialized using 'CodeIgniter\Session\Handlers\FileHandler' driver.
WARNING - 2022-01-06 09:49:12 --> Session: Sessions is enabled, and one exists.Please don't $session->start();
INFO - 2022-01-06 09:49:19 --> Session: Class initialized using 'CodeIgniter\Session\Handlers\FileHandler' driver.
WARNING - 2022-01-06 09:49:19 --> Session: Sessions is enabled, and one exists.Please don't $session->start();
INFO - 2022-01-06 09:50:26 --> Session: Class initialized using 'CodeIgniter\Session\Handlers\FileHandler' driver.
WARNING - 2022-01-06 09:50:26 --> Session: Sessions is enabled, and one exists.Please don't $session->start();
INFO - 2022-01-06 09:50:34 --> Session: Class initialized using 'CodeIgniter\Session\Handlers\FileHandler' driver.
WARNING - 2022-01-06 09:50:34 --> Session: Sessions is enabled, and one exists.Please don't $session->start();
INFO - 2022-01-06 09:51:25 --> Session: Class initialized using 'CodeIgniter\Session\Handlers\FileHandler' driver.
WARNING - 2022-01-06 09:51:25 --> Session: Sessions is enabled, and one exists.Please don't $session->start();
CRITICAL - 2022-01-06 09:51:25 --> Undefined variable: meta_title
#0 /var/www/html/mymisdiagnosis/app/Views/auth_internetics/header_open_with_scripts.php(7): CodeIgniter\Debug\Exceptions->errorHandler(8, 'Undefined varia...', '/var/www/html/m...', 7, Array)
#1 /var/www/html/mymisdiagnosis/system/View/View.php(220): include('/var/www/html/m...')
#2 /var/www/html/mymisdiagnosis/system/View/View.php(222): CodeIgniter\View\View->CodeIgniter\View\{closure}()
#3 /var/www/html/mymisdiagnosis/system/Common.php(1217): CodeIgniter\View\View->render('auth_internetic...', Array, true)
#4 /var/www/html/mymisdiagnosis/app/Controllers/Record.php(119): view('auth_internetic...', Array)
#5 /var/www/html/mymisdiagnosis/system/CodeIgniter.php(936): App\Controllers\Record->display('index')
#6 /var/www/html/mymisdiagnosis/system/CodeIgniter.php(432): CodeIgniter\CodeIgniter->runController(Object(App\Controllers\Record))
#7 /var/www/html/mymisdiagnosis/system/CodeIgniter.php(333): CodeIgniter\CodeIgniter->handleRequest(NULL, Object(Config\Cache), false)
#8 /var/www/html/mymisdiagnosis/index.php(44): CodeIgniter\CodeIgniter->run()
#9 {main}
INFO - 2022-01-06 09:53:17 --> Session: Class initialized using 'CodeIgniter\Session\Handlers\FileHandler' driver.
WARNING - 2022-01-06 09:53:17 --> Session: Sessions is enabled, and one exists.Please don't $session->start();
INFO - 2022-01-06 12:45:07 --> Session: Class initialized using 'CodeIgniter\Session\Handlers\FileHandler' driver.
WARNING - 2022-01-06 12:45:07 --> Session: Sessions is enabled, and one exists.Please don't $session->start();
CRITICAL - 2022-01-06 12:45:07 --> Undefined variable: meta_title
#0 /var/www/html/mymisdiagnosis/app/Views/auth_internetics/header_open_with_scripts.php(7): CodeIgniter\Debug\Exceptions->errorHandler(8, 'Undefined varia...', '/var/www/html/m...', 7, Array)
#1 /var/www/html/mymisdiagnosis/system/View/View.php(220): include('/var/www/html/m...')
#2 /var/www/html/mymisdiagnosis/system/View/View.php(222): CodeIgniter\View\View->CodeIgniter\View\{closure}()
#3 /var/www/html/mymisdiagnosis/system/Common.php(1217): CodeIgniter\View\View->render('auth_internetic...', Array, true)
#4 /var/www/html/mymisdiagnosis/app/Controllers/Record.php(138): view('auth_internetic...', Array)
#5 /var/www/html/mymisdiagnosis/system/CodeIgniter.php(936): App\Controllers\Record->display('search')
#6 /var/www/html/mymisdiagnosis/system/CodeIgniter.php(432): CodeIgniter\CodeIgniter->runController(Object(App\Controllers\Record))
#7 /var/www/html/mymisdiagnosis/system/CodeIgniter.php(333): CodeIgniter\CodeIgniter->handleRequest(NULL, Object(Config\Cache), false)
#8 /var/www/html/mymisdiagnosis/index.php(44): CodeIgniter\CodeIgniter->run()
#9 {main}
INFO - 2022-01-06 12:46:24 --> Session: Class initialized using 'CodeIgniter\Session\Handlers\FileHandler' driver.
WARNING - 2022-01-06 12:46:24 --> Session: Sessions is enabled, and one exists.Please don't $session->start();
CRITICAL - 2022-01-06 12:46:24 --> Undefined variable: meta_title
#0 /var/www/html/mymisdiagnosis/app/Views/auth_internetics/header_open_with_scripts.php(7): CodeIgniter\Debug\Exceptions->errorHandler(8, 'Undefined varia...', '/var/www/html/m...', 7, Array)
#1 /var/www/html/mymisdiagnosis/system/View/View.php(220): include('/var/www/html/m...')
#2 /var/www/html/mymisdiagnosis/system/View/View.php(222): CodeIgniter\View\View->CodeIgniter\View\{closure}()
#3 /var/www/html/mymisdiagnosis/system/Common.php(1217): CodeIgniter\View\View->render('auth_internetic...', Array, true)
#4 /var/www/html/mymisdiagnosis/app/Controllers/Record.php(138): view('auth_internetic...', Array)
#5 /var/www/html/mymisdiagnosis/system/CodeIgniter.php(936): App\Controllers\Record->display('search')
#6 /var/www/html/mymisdiagnosis/system/CodeIgniter.php(432): CodeIgniter\CodeIgniter->runController(Object(App\Controllers\Record))
#7 /var/www/html/mymisdiagnosis/system/CodeIgniter.php(333): CodeIgniter\CodeIgniter->handleRequest(NULL, Object(Config\Cache), false)
#8 /var/www/html/mymisdiagnosis/index.php(44): CodeIgniter\CodeIgniter->run()
#9 {main}
CRITICAL - 2022-01-06 12:46:33 --> preg_match(): Compilation failed: unmatched closing parenthesis at offset 15
#0 [internal function]: CodeIgniter\Debug\Exceptions->errorHandler(2, 'preg_match(): C...', '/var/www/html/m...', 409, Array)
#1 /var/www/html/mymisdiagnosis/system/Router/Router.php(409): preg_match('#^records/searc...', 'records/search', Array)
#2 /var/www/html/mymisdiagnosis/system/Router/Router.php(152): CodeIgniter\Router\Router->checkRoutes('records/search')
#3 /var/www/html/mymisdiagnosis/system/CodeIgniter.php(816): CodeIgniter\Router\Router->handle('records/search')
#4 /var/www/html/mymisdiagnosis/system/CodeIgniter.php(385): CodeIgniter\CodeIgniter->tryToRouteIt(Object(CodeIgniter\Router\RouteCollection))
#5 /var/www/html/mymisdiagnosis/system/CodeIgniter.php(333): CodeIgniter\CodeIgniter->handleRequest(NULL, Object(Config\Cache), false)
#6 /var/www/html/mymisdiagnosis/index.php(44): CodeIgniter\CodeIgniter->run()
#7 {main}
INFO - 2022-01-06 12:47:47 --> Session: Class initialized using 'CodeIgniter\Session\Handlers\FileHandler' driver.
WARNING - 2022-01-06 12:47:47 --> Session: Sessions is enabled, and one exists.Please don't $session->start();
CRITICAL - 2022-01-06 12:47:47 --> Undefined variable: meta_title
#0 /var/www/html/mymisdiagnosis/app/Views/auth_internetics/header_open_with_scripts.php(7): CodeIgniter\Debug\Exceptions->errorHandler(8, 'Undefined varia...', '/var/www/html/m...', 7, Array)
#1 /var/www/html/mymisdiagnosis/system/View/View.php(220): include('/var/www/html/m...')
#2 /var/www/html/mymisdiagnosis/system/View/View.php(222): CodeIgniter\View\View->CodeIgniter\View\{closure}()
#3 /var/www/html/mymisdiagnosis/system/Common.php(1217): CodeIgniter\View\View->render('auth_internetic...', Array, true)
#4 /var/www/html/mymisdiagnosis/app/Controllers/Record.php(138): view('auth_internetic...', Array)
#5 /var/www/html/mymisdiagnosis/system/CodeIgniter.php(936): App\Controllers\Record->display('search')
#6 /var/www/html/mymisdiagnosis/system/CodeIgniter.php(432): CodeIgniter\CodeIgniter->runController(Object(App\Controllers\Record))
#7 /var/www/html/mymisdiagnosis/system/CodeIgniter.php(333): CodeIgniter\CodeIgniter->handleRequest(NULL, Object(Config\Cache), false)
#8 /var/www/html/mymisdiagnosis/index.php(44): CodeIgniter\CodeIgniter->run()
#9 {main}
INFO - 2022-01-06 12:50:07 --> Session: Class initialized using 'CodeIgniter\Session\Handlers\FileHandler' driver.
WARNING - 2022-01-06 12:50:07 --> Session: Sessions is enabled, and one exists.Please don't $session->start();
INFO - 2022-01-06 12:51:40 --> Session: Class initialized using 'CodeIgniter\Session\Handlers\FileHandler' driver.
WARNING - 2022-01-06 12:51:40 --> Session: Sessions is enabled, and one exists.Please don't $session->start();
INFO - 2022-01-06 12:53:58 --> Session: Class initialized using 'CodeIgniter\Session\Handlers\FileHandler' driver.
WARNING - 2022-01-06 12:53:58 --> Session: Sessions is enabled, and one exists.Please don't $session->start();
ERROR - 2022-01-06 12:53:59 --> mysqli_sql_exception: Unknown column 'post_orderby' in 'order clause' in /var/www/html/mymisdiagnosis/system/Database/MySQLi/Connection.php:314
Stack trace:
#0 /var/www/html/mymisdiagnosis/system/Database/MySQLi/Connection.php(314): mysqli->query('SELECT `record_...')
#1 /var/www/html/mymisdiagnosis/system/Database/BaseConnection.php(713): CodeIgniter\Database\MySQLi\Connection->execute('SELECT `record_...')
#2 /var/www/html/mymisdiagnosis/system/Database/BaseConnection.php(641): CodeIgniter\Database\BaseConnection->simpleQuery('SELECT `record_...')
#3 /var/www/html/mymisdiagnosis/system/Database/BaseBuilder.php(1866): CodeIgniter\Database\BaseConnection->query('SELECT `record_...', Array, false)
#4 /var/www/html/mymisdiagnosis/app/Models/RecordModel.php(32): CodeIgniter\Database\BaseBuilder->get()
#5 /var/www/html/mymisdiagnosis/app/Controllers/Record.php(58): App\Models\RecordModel->getAllPosts('default', 'search_page')
#6 /var/www/html/mymisdiagnosis/system/CodeIgniter.php(936): App\Controllers\Record->index('$1')
#7 /var/www/html/mymisdiagnosis/system/CodeIgniter.php(432): CodeIgniter\CodeIgniter->runController(Object(App\Controllers\Record))
#8 /var/www/html/mymisdiagnosis/system/CodeIgniter.php(333): CodeIgniter\CodeIgniter->handleRequest(NULL, Object(Config\Cache), false)
#9 /var/www/html/mymisdiagnosis/index.php(44): CodeIgniter\CodeIgniter->run()
#10 {main}
CRITICAL - 2022-01-06 12:53:59 --> Unknown column 'post_orderby' in 'order clause'
#0 /var/www/html/mymisdiagnosis/system/Database/MySQLi/Connection.php(314): mysqli->query('SELECT `record_...')
#1 /var/www/html/mymisdiagnosis/system/Database/BaseConnection.php(713): CodeIgniter\Database\MySQLi\Connection->execute('SELECT `record_...')
#2 /var/www/html/mymisdiagnosis/system/Database/BaseConnection.php(641): CodeIgniter\Database\BaseConnection->simpleQuery('SELECT `record_...')
#3 /var/www/html/mymisdiagnosis/system/Database/BaseBuilder.php(1866): CodeIgniter\Database\BaseConnection->query('SELECT `record_...', Array, false)
#4 /var/www/html/mymisdiagnosis/app/Models/RecordModel.php(32): CodeIgniter\Database\BaseBuilder->get()
#5 /var/www/html/mymisdiagnosis/app/Controllers/Record.php(58): App\Models\RecordModel->getAllPosts('default', 'search_page')
#6 /var/www/html/mymisdiagnosis/system/CodeIgniter.php(936): App\Controllers\Record->index('$1')
#7 /var/www/html/mymisdiagnosis/system/CodeIgniter.php(432): CodeIgniter\CodeIgniter->runController(Object(App\Controllers\Record))
#8 /var/www/html/mymisdiagnosis/system/CodeIgniter.php(333): CodeIgniter\CodeIgniter->handleRequest(NULL, Object(Config\Cache), false)
#9 /var/www/html/mymisdiagnosis/index.php(44): CodeIgniter\CodeIgniter->run()
#10 {main}
INFO - 2022-01-06 12:54:29 --> Session: Class initialized using 'CodeIgniter\Session\Handlers\FileHandler' driver.
WARNING - 2022-01-06 12:54:29 --> Session: Sessions is enabled, and one exists.Please don't $session->start();
INFO - 2022-01-06 12:55:16 --> Session: Class initialized using 'CodeIgniter\Session\Handlers\FileHandler' driver.
WARNING - 2022-01-06 12:55:16 --> Session: Sessions is enabled, and one exists.Please don't $session->start();
INFO - 2022-01-06 13:18:44 --> Session: Class initialized using 'CodeIgniter\Session\Handlers\FileHandler' driver.
WARNING - 2022-01-06 13:18:44 --> Session: Sessions is enabled, and one exists.Please don't $session->start();
INFO - 2022-01-06 13:18:54 --> Session: Class initialized using 'CodeIgniter\Session\Handlers\FileHandler' driver.
WARNING - 2022-01-06 13:18:54 --> Session: Sessions is enabled, and one exists.Please don't $session->start();
INFO - 2022-01-06 13:26:20 --> Session: Class initialized using 'CodeIgniter\Session\Handlers\FileHandler' driver.
WARNING - 2022-01-06 13:26:20 --> Session: Sessions is enabled, and one exists.Please don't $session->start();
INFO - 2022-01-06 13:27:07 --> Session: Class initialized using 'CodeIgniter\Session\Handlers\FileHandler' driver.
WARNING - 2022-01-06 13:27:07 --> Session: Sessions is enabled, and one exists.Please don't $session->start();
INFO - 2022-01-06 13:29:07 --> Session: Class initialized using 'CodeIgniter\Session\Handlers\FileHandler' driver.
WARNING - 2022-01-06 13:29:07 --> Session: Sessions is enabled, and one exists.Please don't $session->start();
INFO - 2022-01-06 13:29:31 --> Session: Class initialized using 'CodeIgniter\Session\Handlers\FileHandler' driver.
WARNING - 2022-01-06 13:29:31 --> Session: Sessions is enabled, and one exists.Please don't $session->start();
INFO - 2022-01-06 13:32:01 --> Session: Class initialized using 'CodeIgniter\Session\Handlers\FileHandler' driver.
WARNING - 2022-01-06 13:32:01 --> Session: Sessions is enabled, and one exists.Please don't $session->start();
INFO - 2022-01-06 13:32:21 --> Session: Class initialized using 'CodeIgniter\Session\Handlers\FileHandler' driver.
WARNING - 2022-01-06 13:32:21 --> Session: Sessions is enabled, and one exists.Please don't $session->start();
INFO - 2022-01-06 13:38:06 --> Session: Class initialized using 'CodeIgniter\Session\Handlers\FileHandler' driver.
WARNING - 2022-01-06 13:38:06 --> Session: Sessions is enabled, and one exists.Please don't $session->start();
CRITICAL - 2022-01-06 13:38:06 --> syntax error, unexpected '$query' (T_VARIABLE)
#0 /var/www/html/mymisdiagnosis/system/Autoloader/Autoloader.php(265): CodeIgniter\Autoloader\Autoloader->includeFile('/var/www/html/m...')
#1 /var/www/html/mymisdiagnosis/system/Autoloader/Autoloader.php(228): CodeIgniter\Autoloader\Autoloader->loadInNamespace('App\\Models\\Reco...')
#2 [internal function]: CodeIgniter\Autoloader\Autoloader->loadClass('App\\Models\\Reco...')
#3 /var/www/html/mymisdiagnosis/app/Controllers/Record.php(57): spl_autoload_call('App\\Models\\Reco...')
#4 /var/www/html/mymisdiagnosis/system/CodeIgniter.php(936): App\Controllers\Record->index('$1')
#5 /var/www/html/mymisdiagnosis/system/CodeIgniter.php(432): CodeIgniter\CodeIgniter->runController(Object(App\Controllers\Record))
#6 /var/www/html/mymisdiagnosis/system/CodeIgniter.php(333): CodeIgniter\CodeIgniter->handleRequest(NULL, Object(Config\Cache), false)
#7 /var/www/html/mymisdiagnosis/index.php(44): CodeIgniter\CodeIgniter->run()
#8 {main}
INFO - 2022-01-06 13:38:51 --> Session: Class initialized using 'CodeIgniter\Session\Handlers\FileHandler' driver.
WARNING - 2022-01-06 13:38:51 --> Session: Sessions is enabled, and one exists.Please don't $session->start();
CRITICAL - 2022-01-06 13:38:51 --> syntax error, unexpected '$query' (T_VARIABLE)
#0 /var/www/html/mymisdiagnosis/system/Autoloader/Autoloader.php(265): CodeIgniter\Autoloader\Autoloader->includeFile('/var/www/html/m...')
#1 /var/www/html/mymisdiagnosis/system/Autoloader/Autoloader.php(228): CodeIgniter\Autoloader\Autoloader->loadInNamespace('App\\Models\\Reco...')
#2 [internal function]: CodeIgniter\Autoloader\Autoloader->loadClass('App\\Models\\Reco...')
#3 /var/www/html/mymisdiagnosis/app/Controllers/Record.php(57): spl_autoload_call('App\\Models\\Reco...')
#4 /var/www/html/mymisdiagnosis/system/CodeIgniter.php(936): App\Controllers\Record->index('$1')
#5 /var/www/html/mymisdiagnosis/system/CodeIgniter.php(432): CodeIgniter\CodeIgniter->runController(Object(App\Controllers\Record))
#6 /var/www/html/mymisdiagnosis/system/CodeIgniter.php(333): CodeIgniter\CodeIgniter->handleRequest(NULL, Object(Config\Cache), false)
#7 /var/www/html/mymisdiagnosis/index.php(44): CodeIgniter\CodeIgniter->run()
#8 {main}
INFO - 2022-01-06 13:41:43 --> Session: Class initialized using 'CodeIgniter\Session\Handlers\FileHandler' driver.
WARNING - 2022-01-06 13:41:43 --> Session: Sessions is enabled, and one exists.Please don't $session->start();
CRITICAL - 2022-01-06 13:41:43 --> syntax error, unexpected '(', expecting identifier (T_STRING) or variable (T_VARIABLE) or '{' or '$'
#0 /var/www/html/mymisdiagnosis/system/Autoloader/Autoloader.php(265): CodeIgniter\Autoloader\Autoloader->includeFile('/var/www/html/m...')
#1 /var/www/html/mymisdiagnosis/system/Autoloader/Autoloader.php(228): CodeIgniter\Autoloader\Autoloader->loadInNamespace('App\\Models\\Reco...')
#2 [internal function]: CodeIgniter\Autoloader\Autoloader->loadClass('App\\Models\\Reco...')
#3 /var/www/html/mymisdiagnosis/app/Controllers/Record.php(57): spl_autoload_call('App\\Models\\Reco...')
#4 /var/www/html/mymisdiagnosis/system/CodeIgniter.php(936): App\Controllers\Record->index('$1')
#5 /var/www/html/mymisdiagnosis/system/CodeIgniter.php(432): CodeIgniter\CodeIgniter->runController(Object(App\Controllers\Record))
#6 /var/www/html/mymisdiagnosis/system/CodeIgniter.php(333): CodeIgniter\CodeIgniter->handleRequest(NULL, Object(Config\Cache), false)
#7 /var/www/html/mymisdiagnosis/index.php(44): CodeIgniter\CodeIgniter->run()
#8 {main}
INFO - 2022-01-06 13:42:25 --> Session: Class initialized using 'CodeIgniter\Session\Handlers\FileHandler' driver.
WARNING - 2022-01-06 13:42:25 --> Session: Sessions is enabled, and one exists.Please don't $session->start();
CRITICAL - 2022-01-06 13:42:25 --> syntax error, unexpected '(', expecting identifier (T_STRING) or variable (T_VARIABLE) or '{' or '$'
#0 /var/www/html/mymisdiagnosis/system/Autoloader/Autoloader.php(265): CodeIgniter\Autoloader\Autoloader->includeFile('/var/www/html/m...')
#1 /var/www/html/mymisdiagnosis/system/Autoloader/Autoloader.php(228): CodeIgniter\Autoloader\Autoloader->loadInNamespace('App\\Models\\Reco...')
#2 [internal function]: CodeIgniter\Autoloader\Autoloader->loadClass('App\\Models\\Reco...')
#3 /var/www/html/mymisdiagnosis/app/Controllers/Record.php(57): spl_autoload_call('App\\Models\\Reco...')
#4 /var/www/html/mymisdiagnosis/system/CodeIgniter.php(936): App\Controllers\Record->index('$1')
#5 /var/www/html/mymisdiagnosis/system/CodeIgniter.php(432): CodeIgniter\CodeIgniter->runController(Object(App\Controllers\Record))
#6 /var/www/html/mymisdiagnosis/system/CodeIgniter.php(333): CodeIgniter\CodeIgniter->handleRequest(NULL, Object(Config\Cache), false)
#7 /var/www/html/mymisdiagnosis/index.php(44): CodeIgniter\CodeIgniter->run()
#8 {main}
INFO - 2022-01-06 13:43:36 --> Session: Class initialized using 'CodeIgniter\Session\Handlers\FileHandler' driver.
WARNING - 2022-01-06 13:43:36 --> Session: Sessions is enabled, and one exists.Please don't $session->start();
CRITICAL - 2022-01-06 13:43:36 --> You must set the database table to be used with your query.
#0 /var/www/html/mymisdiagnosis/system/Model.php(615): CodeIgniter\Database\BaseConnection->table(NULL)
#1 /var/www/html/mymisdiagnosis/system/Model.php(791): CodeIgniter\Model->builder()
#2 /var/www/html/mymisdiagnosis/app/Models/RecordModel.php(44): CodeIgniter\Model->__get('request')
#3 /var/www/html/mymisdiagnosis/app/Controllers/Record.php(58): App\Models\RecordModel->getAllPosts('default', 'asc')
#4 /var/www/html/mymisdiagnosis/system/CodeIgniter.php(936): App\Controllers\Record->index('$1')
#5 /var/www/html/mymisdiagnosis/system/CodeIgniter.php(432): CodeIgniter\CodeIgniter->runController(Object(App\Controllers\Record))
#6 /var/www/html/mymisdiagnosis/system/CodeIgniter.php(333): CodeIgniter\CodeIgniter->handleRequest(NULL, Object(Config\Cache), false)
#7 /var/www/html/mymisdiagnosis/index.php(44): CodeIgniter\CodeIgniter->run()
#8 {main}
INFO - 2022-01-06 13:44:33 --> Session: Class initialized using 'CodeIgniter\Session\Handlers\FileHandler' driver.
WARNING - 2022-01-06 13:44:33 --> Session: Sessions is enabled, and one exists.Please don't $session->start();
CRITICAL - 2022-01-06 13:44:33 --> You must set the database table to be used with your query.
#0 /var/www/html/mymisdiagnosis/system/Model.php(615): CodeIgniter\Database\BaseConnection->table(NULL)
#1 /var/www/html/mymisdiagnosis/system/Model.php(791): CodeIgniter\Model->builder()
#2 /var/www/html/mymisdiagnosis/app/Models/RecordModel.php(45): CodeIgniter\Model->__get('request')
#3 /var/www/html/mymisdiagnosis/app/Controllers/Record.php(58): App\Models\RecordModel->getAllPosts('default', 'asc')
#4 /var/www/html/mymisdiagnosis/system/CodeIgniter.php(936): App\Controllers\Record->index('$1')
#5 /var/www/html/mymisdiagnosis/system/CodeIgniter.php(432): CodeIgniter\CodeIgniter->runController(Object(App\Controllers\Record))
#6 /var/www/html/mymisdiagnosis/system/CodeIgniter.php(333): CodeIgniter\CodeIgniter->handleRequest(NULL, Object(Config\Cache), false)
#7 /var/www/html/mymisdiagnosis/index.php(44): CodeIgniter\CodeIgniter->run()
#8 {main}
INFO - 2022-01-06 13:45:38 --> Session: Class initialized using 'CodeIgniter\Session\Handlers\FileHandler' driver.
WARNING - 2022-01-06 13:45:38 --> Session: Sessions is enabled, and one exists.Please don't $session->start();
CRITICAL - 2022-01-06 13:45:38 --> You must set the database table to be used with your query.
#0 /var/www/html/mymisdiagnosis/system/Model.php(615): CodeIgniter\Database\BaseConnection->table(NULL)
#1 /var/www/html/mymisdiagnosis/system/Model.php(791): CodeIgniter\Model->builder()
#2 /var/www/html/mymisdiagnosis/app/Models/RecordModel.php(45): CodeIgniter\Model->__get('request')
#3 /var/www/html/mymisdiagnosis/app/Controllers/Record.php(58): App\Models\RecordModel->getAllPosts('default', 'asc')
#4 /var/www/html/mymisdiagnosis/system/CodeIgniter.php(936): App\Controllers\Record->index('$1')
#5 /var/www/html/mymisdiagnosis/system/CodeIgniter.php(432): CodeIgniter\CodeIgniter->runController(Object(App\Controllers\Record))
#6 /var/www/html/mymisdiagnosis/system/CodeIgniter.php(333): CodeIgniter\CodeIgniter->handleRequest(NULL, Object(Config\Cache), false)
#7 /var/www/html/mymisdiagnosis/index.php(44): CodeIgniter\CodeIgniter->run()
#8 {main}
INFO - 2022-01-06 13:46:45 --> Session: Class initialized using 'CodeIgniter\Session\Handlers\FileHandler' driver.
WARNING - 2022-01-06 13:46:45 --> Session: Sessions is enabled, and one exists.Please don't $session->start();
CRITICAL - 2022-01-06 13:46:45 --> syntax error, unexpected '$query' (T_VARIABLE)
#0 /var/www/html/mymisdiagnosis/system/Autoloader/Autoloader.php(265): CodeIgniter\Autoloader\Autoloader->includeFile('/var/www/html/m...')
#1 /var/www/html/mymisdiagnosis/system/Autoloader/Autoloader.php(228): CodeIgniter\Autoloader\Autoloader->loadInNamespace('App\\Models\\Reco...')
#2 [internal function]: CodeIgniter\Autoloader\Autoloader->loadClass('App\\Models\\Reco...')
#3 /var/www/html/mymisdiagnosis/app/Controllers/Record.php(57): spl_autoload_call('App\\Models\\Reco...')
#4 /var/www/html/mymisdiagnosis/system/CodeIgniter.php(936): App\Controllers\Record->index('$1')
#5 /var/www/html/mymisdiagnosis/system/CodeIgniter.php(432): CodeIgniter\CodeIgniter->runController(Object(App\Controllers\Record))
#6 /var/www/html/mymisdiagnosis/system/CodeIgniter.php(333): CodeIgniter\CodeIgniter->handleRequest(NULL, Object(Config\Cache), false)
#7 /var/www/html/mymisdiagnosis/index.php(44): CodeIgniter\CodeIgniter->run()
#8 {main}
INFO - 2022-01-06 13:46:50 --> Session: Class initialized using 'CodeIgniter\Session\Handlers\FileHandler' driver.
WARNING - 2022-01-06 13:46:50 --> Session: Sessions is enabled, and one exists.Please don't $session->start();
CRITICAL - 2022-01-06 13:46:50 --> syntax error, unexpected '$query' (T_VARIABLE)
#0 /var/www/html/mymisdiagnosis/system/Autoloader/Autoloader.php(265): CodeIgniter\Autoloader\Autoloader->includeFile('/var/www/html/m...')
#1 /var/www/html/mymisdiagnosis/system/Autoloader/Autoloader.php(228): CodeIgniter\Autoloader\Autoloader->loadInNamespace('App\\Models\\Reco...')
#2 [internal function]: CodeIgniter\Autoloader\Autoloader->loadClass('App\\Models\\Reco...')
#3 /var/www/html/mymisdiagnosis/app/Controllers/Record.php(57): spl_autoload_call('App\\Models\\Reco...')
#4 /var/www/html/mymisdiagnosis/system/CodeIgniter.php(936): App\Controllers\Record->index('$1')
#5 /var/www/html/mymisdiagnosis/system/CodeIgniter.php(432): CodeIgniter\CodeIgniter->runController(Object(App\Controllers\Record))
#6 /var/www/html/mymisdiagnosis/system/CodeIgniter.php(333): CodeIgniter\CodeIgniter->handleRequest(NULL, Object(Config\Cache), false)
#7 /var/www/html/mymisdiagnosis/index.php(44): CodeIgniter\CodeIgniter->run()
#8 {main}
INFO - 2022-01-06 13:47:13 --> Session: Class initialized using 'CodeIgniter\Session\Handlers\FileHandler' driver.
WARNING - 2022-01-06 13:47:13 --> Session: Sessions is enabled, and one exists.Please don't $session->start();
INFO - 2022-01-06 13:48:18 --> Session: Class initialized using 'CodeIgniter\Session\Handlers\FileHandler' driver.
WARNING - 2022-01-06 13:48:18 --> Session: Sessions is enabled, and one exists.Please don't $session->start();
CRITICAL - 2022-01-06 13:48:18 --> syntax error, unexpected '$post_ids' (T_VARIABLE)
#0 /var/www/html/mymisdiagnosis/system/Autoloader/Autoloader.php(265): CodeIgniter\Autoloader\Autoloader->includeFile('/var/www/html/m...')
#1 /var/www/html/mymisdiagnosis/system/Autoloader/Autoloader.php(228): CodeIgniter\Autoloader\Autoloader->loadInNamespace('App\\Models\\Reco...')
#2 [internal function]: CodeIgniter\Autoloader\Autoloader->loadClass('App\\Models\\Reco...')
#3 /var/www/html/mymisdiagnosis/app/Controllers/Record.php(57): spl_autoload_call('App\\Models\\Reco...')
#4 /var/www/html/mymisdiagnosis/system/CodeIgniter.php(936): App\Controllers\Record->index('$1')
#5 /var/www/html/mymisdiagnosis/system/CodeIgniter.php(432): CodeIgniter\CodeIgniter->runController(Object(App\Controllers\Record))
#6 /var/www/html/mymisdiagnosis/system/CodeIgniter.php(333): CodeIgniter\CodeIgniter->handleRequest(NULL, Object(Config\Cache), false)
#7 /var/www/html/mymisdiagnosis/index.php(44): CodeIgniter\CodeIgniter->run()
#8 {main}
INFO - 2022-01-06 13:48:34 --> Session: Class initialized using 'CodeIgniter\Session\Handlers\FileHandler' driver.
WARNING - 2022-01-06 13:48:34 --> Session: Sessions is enabled, and one exists.Please don't $session->start();
CRITICAL - 2022-01-06 13:48:34 --> syntax error, unexpected '$post_ids' (T_VARIABLE)
#0 /var/www/html/mymisdiagnosis/system/Autoloader/Autoloader.php(265): CodeIgniter\Autoloader\Autoloader->includeFile('/var/www/html/m...')
#1 /var/www/html/mymisdiagnosis/system/Autoloader/Autoloader.php(228): CodeIgniter\Autoloader\Autoloader->loadInNamespace('App\\Models\\Reco...')
#2 [internal function]: CodeIgniter\Autoloader\Autoloader->loadClass('App\\Models\\Reco...')
#3 /var/www/html/mymisdiagnosis/app/Controllers/Record.php(57): spl_autoload_call('App\\Models\\Reco...')
#4 /var/www/html/mymisdiagnosis/system/CodeIgniter.php(936): App\Controllers\Record->index('$1')
#5 /var/www/html/mymisdiagnosis/system/CodeIgniter.php(432): CodeIgniter\CodeIgniter->runController(Object(App\Controllers\Record))
#6 /var/www/html/mymisdiagnosis/system/CodeIgniter.php(333): CodeIgniter\CodeIgniter->handleRequest(NULL, Object(Config\Cache), false)
#7 /var/www/html/mymisdiagnosis/index.php(44): CodeIgniter\CodeIgniter->run()
#8 {main}
INFO - 2022-01-06 13:49:22 --> Session: Class initialized using 'CodeIgniter\Session\Handlers\FileHandler' driver.
WARNING - 2022-01-06 13:49:22 --> Session: Sessions is enabled, and one exists.Please don't $session->start();
CRITICAL - 2022-01-06 13:49:22 --> syntax error, unexpected '$posts' (T_VARIABLE)
#0 /var/www/html/mymisdiagnosis/system/Autoloader/Autoloader.php(265): CodeIgniter\Autoloader\Autoloader->includeFile('/var/www/html/m...')
#1 /var/www/html/mymisdiagnosis/system/Autoloader/Autoloader.php(228): CodeIgniter\Autoloader\Autoloader->loadInNamespace('App\\Models\\Reco...')
#2 [internal function]: CodeIgniter\Autoloader\Autoloader->loadClass('App\\Models\\Reco...')
#3 /var/www/html/mymisdiagnosis/app/Controllers/Record.php(57): spl_autoload_call('App\\Models\\Reco...')
#4 /var/www/html/mymisdiagnosis/system/CodeIgniter.php(936): App\Controllers\Record->index('$1')
#5 /var/www/html/mymisdiagnosis/system/CodeIgniter.php(432): CodeIgniter\CodeIgniter->runController(Object(App\Controllers\Record))
#6 /var/www/html/mymisdiagnosis/system/CodeIgniter.php(333): CodeIgniter\CodeIgniter->handleRequest(NULL, Object(Config\Cache), false)
#7 /var/www/html/mymisdiagnosis/index.php(44): CodeIgniter\CodeIgniter->run()
#8 {main}
INFO - 2022-01-06 13:49:37 --> Session: Class initialized using 'CodeIgniter\Session\Handlers\FileHandler' driver.
WARNING - 2022-01-06 13:49:37 --> Session: Sessions is enabled, and one exists.Please don't $session->start();
CRITICAL - 2022-01-06 13:49:37 --> syntax error, unexpected '$posts' (T_VARIABLE)
#0 /var/www/html/mymisdiagnosis/system/Autoloader/Autoloader.php(265): CodeIgniter\Autoloader\Autoloader->includeFile('/var/www/html/m...')
#1 /var/www/html/mymisdiagnosis/system/Autoloader/Autoloader.php(228): CodeIgniter\Autoloader\Autoloader->loadInNamespace('App\\Models\\Reco...')
#2 [internal function]: CodeIgniter\Autoloader\Autoloader->loadClass('App\\Models\\Reco...')
#3 /var/www/html/mymisdiagnosis/app/Controllers/Record.php(57): spl_autoload_call('App\\Models\\Reco...')
#4 /var/www/html/mymisdiagnosis/system/CodeIgniter.php(936): App\Controllers\Record->index('$1')
#5 /var/www/html/mymisdiagnosis/system/CodeIgniter.php(432): CodeIgniter\CodeIgniter->runController(Object(App\Controllers\Record))
#6 /var/www/html/mymisdiagnosis/system/CodeIgniter.php(333): CodeIgniter\CodeIgniter->handleRequest(NULL, Object(Config\Cache), false)
#7 /var/www/html/mymisdiagnosis/index.php(44): CodeIgniter\CodeIgniter->run()
#8 {main}
INFO - 2022-01-06 13:50:12 --> Session: Class initialized using 'CodeIgniter\Session\Handlers\FileHandler' driver.
WARNING - 2022-01-06 13:50:12 --> Session: Sessions is enabled, and one exists.Please don't $session->start();
CRITICAL - 2022-01-06 13:50:12 --> You must set the database table to be used with your query.
#0 /var/www/html/mymisdiagnosis/system/Model.php(615): CodeIgniter\Database\BaseConnection->table(NULL)
#1 /var/www/html/mymisdiagnosis/system/Model.php(791): CodeIgniter\Model->builder()
#2 /var/www/html/mymisdiagnosis/app/Models/RecordModel.php(41): CodeIgniter\Model->__get('request')
#3 /var/www/html/mymisdiagnosis/app/Controllers/Record.php(58): App\Models\RecordModel->getAllPosts('default', 'asc')
#4 /var/www/html/mymisdiagnosis/system/CodeIgniter.php(936): App\Controllers\Record->index('$1')
#5 /var/www/html/mymisdiagnosis/system/CodeIgniter.php(432): CodeIgniter\CodeIgniter->runController(Object(App\Controllers\Record))
#6 /var/www/html/mymisdiagnosis/system/CodeIgniter.php(333): CodeIgniter\CodeIgniter->handleRequest(NULL, Object(Config\Cache), false)
#7 /var/www/html/mymisdiagnosis/index.php(44): CodeIgniter\CodeIgniter->run()
#8 {main}
INFO - 2022-01-06 13:51:29 --> Session: Class initialized using 'CodeIgniter\Session\Handlers\FileHandler' driver.
WARNING - 2022-01-06 13:51:29 --> Session: Sessions is enabled, and one exists.Please don't $session->start();
INFO - 2022-01-06 13:51:40 --> Session: Class initialized using 'CodeIgniter\Session\Handlers\FileHandler' driver.
WARNING - 2022-01-06 13:51:40 --> Session: Sessions is enabled, and one exists.Please don't $session->start();
INFO - 2022-01-06 13:52:58 --> Session: Class initialized using 'CodeIgniter\Session\Handlers\FileHandler' driver.
WARNING - 2022-01-06 13:52:58 --> Session: Sessions is enabled, and one exists.Please don't $session->start();
INFO - 2022-01-06 13:53:50 --> Session: Class initialized using 'CodeIgniter\Session\Handlers\FileHandler' driver.
WARNING - 2022-01-06 13:53:50 --> Session: Sessions is enabled, and one exists.Please don't $session->start();
CRITICAL - 2022-01-06 13:53:50 --> syntax error, unexpected '->' (T_OBJECT_OPERATOR), expecting identifier (T_STRING) or variable (T_VARIABLE) or '{' or '$'
#0 /var/www/html/mymisdiagnosis/system/Autoloader/Autoloader.php(265): CodeIgniter\Autoloader\Autoloader->includeFile('/var/www/html/m...')
#1 /var/www/html/mymisdiagnosis/system/Autoloader/Autoloader.php(228): CodeIgniter\Autoloader\Autoloader->loadInNamespace('App\\Models\\Reco...')
#2 [internal function]: CodeIgniter\Autoloader\Autoloader->loadClass('App\\Models\\Reco...')
#3 /var/www/html/mymisdiagnosis/app/Controllers/Record.php(57): spl_autoload_call('App\\Models\\Reco...')
#4 /var/www/html/mymisdiagnosis/system/CodeIgniter.php(936): App\Controllers\Record->index('$1')
#5 /var/www/html/mymisdiagnosis/system/CodeIgniter.php(432): CodeIgniter\CodeIgniter->runController(Object(App\Controllers\Record))
#6 /var/www/html/mymisdiagnosis/system/CodeIgniter.php(333): CodeIgniter\CodeIgniter->handleRequest(NULL, Object(Config\Cache), false)
#7 /var/www/html/mymisdiagnosis/index.php(44): CodeIgniter\CodeIgniter->run()
#8 {main}
INFO - 2022-01-06 13:54:07 --> Session: Class initialized using 'CodeIgniter\Session\Handlers\FileHandler' driver.
WARNING - 2022-01-06 13:54:07 --> Session: Sessions is enabled, and one exists.Please don't $session->start();
CRITICAL - 2022-01-06 13:54:07 --> syntax error, unexpected 'select' (T_STRING)
#0 /var/www/html/mymisdiagnosis/system/Autoloader/Autoloader.php(265): CodeIgniter\Autoloader\Autoloader->includeFile('/var/www/html/m...')
#1 /var/www/html/mymisdiagnosis/system/Autoloader/Autoloader.php(228): CodeIgniter\Autoloader\Autoloader->loadInNamespace('App\\Models\\Reco...')
#2 [internal function]: CodeIgniter\Autoloader\Autoloader->loadClass('App\\Models\\Reco...')
#3 /var/www/html/mymisdiagnosis/app/Controllers/Record.php(57): spl_autoload_call('App\\Models\\Reco...')
#4 /var/www/html/mymisdiagnosis/system/CodeIgniter.php(936): App\Controllers\Record->index('$1')
#5 /var/www/html/mymisdiagnosis/system/CodeIgniter.php(432): CodeIgniter\CodeIgniter->runController(Object(App\Controllers\Record))
#6 /var/www/html/mymisdiagnosis/system/CodeIgniter.php(333): CodeIgniter\CodeIgniter->handleRequest(NULL, Object(Config\Cache), false)
#7 /var/www/html/mymisdiagnosis/index.php(44): CodeIgniter\CodeIgniter->run()
#8 {main}
INFO - 2022-01-06 13:54:13 --> Session: Class initialized using 'CodeIgniter\Session\Handlers\FileHandler' driver.
WARNING - 2022-01-06 13:54:13 --> Session: Sessions is enabled, and one exists.Please don't $session->start();
CRITICAL - 2022-01-06 13:54:13 --> syntax error, unexpected 'select' (T_STRING)
#0 /var/www/html/mymisdiagnosis/system/Autoloader/Autoloader.php(265): CodeIgniter\Autoloader\Autoloader->includeFile('/var/www/html/m...')
#1 /var/www/html/mymisdiagnosis/system/Autoloader/Autoloader.php(228): CodeIgniter\Autoloader\Autoloader->loadInNamespace('App\\Models\\Reco...')
#2 [internal function]: CodeIgniter\Autoloader\Autoloader->loadClass('App\\Models\\Reco...')
#3 /var/www/html/mymisdiagnosis/app/Controllers/Record.php(57): spl_autoload_call('App\\Models\\Reco...')
#4 /var/www/html/mymisdiagnosis/system/CodeIgniter.php(936): App\Controllers\Record->index('$1')
#5 /var/www/html/mymisdiagnosis/system/CodeIgniter.php(432): CodeIgniter\CodeIgniter->runController(Object(App\Controllers\Record))
#6 /var/www/html/mymisdiagnosis/system/CodeIgniter.php(333): CodeIgniter\CodeIgniter->handleRequest(NULL, Object(Config\Cache), false)
#7 /var/www/html/mymisdiagnosis/index.php(44): CodeIgniter\CodeIgniter->run()
#8 {main}
INFO - 2022-01-06 13:54:54 --> Session: Class initialized using 'CodeIgniter\Session\Handlers\FileHandler' driver.
WARNING - 2022-01-06 13:54:54 --> Session: Sessions is enabled, and one exists.Please don't $session->start();
CRITICAL - 2022-01-06 13:54:54 --> syntax error, unexpected 'select' (T_STRING)
#0 /var/www/html/mymisdiagnosis/system/Autoloader/Autoloader.php(265): CodeIgniter\Autoloader\Autoloader->includeFile('/var/www/html/m...')
#1 /var/www/html/mymisdiagnosis/system/Autoloader/Autoloader.php(228): CodeIgniter\Autoloader\Autoloader->loadInNamespace('App\\Models\\Reco...')
#2 [internal function]: CodeIgniter\Autoloader\Autoloader->loadClass('App\\Models\\Reco...')
#3 /var/www/html/mymisdiagnosis/app/Controllers/Record.php(57): spl_autoload_call('App\\Models\\Reco...')
#4 /var/www/html/mymisdiagnosis/system/CodeIgniter.php(936): App\Controllers\Record->index('$1')
#5 /var/www/html/mymisdiagnosis/system/CodeIgniter.php(432): CodeIgniter\CodeIgniter->runController(Object(App\Controllers\Record))
#6 /var/www/html/mymisdiagnosis/system/CodeIgniter.php(333): CodeIgniter\CodeIgniter->handleRequest(NULL, Object(Config\Cache), false)
#7 /var/www/html/mymisdiagnosis/index.php(44): CodeIgniter\CodeIgniter->run()
#8 {main}
INFO - 2022-01-06 13:55:01 --> Session: Class initialized using 'CodeIgniter\Session\Handlers\FileHandler' driver.
WARNING - 2022-01-06 13:55:01 --> Session: Sessions is enabled, and one exists.Please don't $session->start();
CRITICAL - 2022-01-06 13:55:01 --> syntax error, unexpected 'select' (T_STRING)
#0 /var/www/html/mymisdiagnosis/system/Autoloader/Autoloader.php(265): CodeIgniter\Autoloader\Autoloader->includeFile('/var/www/html/m...')
#1 /var/www/html/mymisdiagnosis/system/Autoloader/Autoloader.php(228): CodeIgniter\Autoloader\Autoloader->loadInNamespace('App\\Models\\Reco...')
#2 [internal function]: CodeIgniter\Autoloader\Autoloader->loadClass('App\\Models\\Reco...')
#3 /var/www/html/mymisdiagnosis/app/Controllers/Record.php(57): spl_autoload_call('App\\Models\\Reco...')
#4 /var/www/html/mymisdiagnosis/system/CodeIgniter.php(936): App\Controllers\Record->index('$1')
#5 /var/www/html/mymisdiagnosis/system/CodeIgniter.php(432): CodeIgniter\CodeIgniter->runController(Object(App\Controllers\Record))
#6 /var/www/html/mymisdiagnosis/system/CodeIgniter.php(333): CodeIgniter\CodeIgniter->handleRequest(NULL, Object(Config\Cache), false)
#7 /var/www/html/mymisdiagnosis/index.php(44): CodeIgniter\CodeIgniter->run()
#8 {main}
INFO - 2022-01-06 13:55:37 --> Session: Class initialized using 'CodeIgniter\Session\Handlers\FileHandler' driver.
WARNING - 2022-01-06 13:55:37 --> Session: Sessions is enabled, and one exists.Please don't $session->start();
CRITICAL - 2022-01-06 13:55:37 --> syntax error, unexpected 'select' (T_STRING)
#0 /var/www/html/mymisdiagnosis/system/Autoloader/Autoloader.php(265): CodeIgniter\Autoloader\Autoloader->includeFile('/var/www/html/m...')
#1 /var/www/html/mymisdiagnosis/system/Autoloader/Autoloader.php(228): CodeIgniter\Autoloader\Autoloader->loadInNamespace('App\\Models\\Reco...')
#2 [internal function]: CodeIgniter\Autoloader\Autoloader->loadClass('App\\Models\\Reco...')
#3 /var/www/html/mymisdiagnosis/app/Controllers/Record.php(57): spl_autoload_call('App\\Models\\Reco...')
#4 /var/www/html/mymisdiagnosis/system/CodeIgniter.php(936): App\Controllers\Record->index('$1')
#5 /var/www/html/mymisdiagnosis/system/CodeIgniter.php(432): CodeIgniter\CodeIgniter->runController(Object(App\Controllers\Record))
#6 /var/www/html/mymisdiagnosis/system/CodeIgniter.php(333): CodeIgniter\CodeIgniter->handleRequest(NULL, Object(Config\Cache), false)
#7 /var/www/html/mymisdiagnosis/index.php(44): CodeIgniter\CodeIgniter->run()
#8 {main}
INFO - 2022-01-06 13:56:07 --> Session: Class initialized using 'CodeIgniter\Session\Handlers\FileHandler' driver.
WARNING - 2022-01-06 13:56:07 --> Session: Sessions is enabled, and one exists.Please don't $session->start();
CRITICAL - 2022-01-06 13:56:07 --> You must set the database table to be used with your query.
#0 /var/www/html/mymisdiagnosis/system/Model.php(615): CodeIgniter\Database\BaseConnection->table(NULL)
#1 /var/www/html/mymisdiagnosis/system/Model.php(791): CodeIgniter\Model->builder()
#2 /var/www/html/mymisdiagnosis/app/Models/RecordModel.php(43): CodeIgniter\Model->__get('request')
#3 /var/www/html/mymisdiagnosis/app/Controllers/Record.php(58): App\Models\RecordModel->getAllPosts('default', 'asc')
#4 /var/www/html/mymisdiagnosis/system/CodeIgniter.php(936): App\Controllers\Record->index('$1')
#5 /var/www/html/mymisdiagnosis/system/CodeIgniter.php(432): CodeIgniter\CodeIgniter->runController(Object(App\Controllers\Record))
#6 /var/www/html/mymisdiagnosis/system/CodeIgniter.php(333): CodeIgniter\CodeIgniter->handleRequest(NULL, Object(Config\Cache), false)
#7 /var/www/html/mymisdiagnosis/index.php(44): CodeIgniter\CodeIgniter->run()
#8 {main}
INFO - 2022-01-06 13:58:13 --> Session: Class initialized using 'CodeIgniter\Session\Handlers\FileHandler' driver.
WARNING - 2022-01-06 13:58:13 --> Session: Sessions is enabled, and one exists.Please don't $session->start();
CRITICAL - 2022-01-06 13:58:13 --> syntax error, unexpected '->' (T_OBJECT_OPERATOR)
#0 /var/www/html/mymisdiagnosis/system/Autoloader/Autoloader.php(265): CodeIgniter\Autoloader\Autoloader->includeFile('/var/www/html/m...')
#1 /var/www/html/mymisdiagnosis/system/Autoloader/Autoloader.php(228): CodeIgniter\Autoloader\Autoloader->loadInNamespace('App\\Models\\Reco...')
#2 [internal function]: CodeIgniter\Autoloader\Autoloader->loadClass('App\\Models\\Reco...')
#3 /var/www/html/mymisdiagnosis/app/Controllers/Record.php(57): spl_autoload_call('App\\Models\\Reco...')
#4 /var/www/html/mymisdiagnosis/system/CodeIgniter.php(936): App\Controllers\Record->index('$1')
#5 /var/www/html/mymisdiagnosis/system/CodeIgniter.php(432): CodeIgniter\CodeIgniter->runController(Object(App\Controllers\Record))
#6 /var/www/html/mymisdiagnosis/system/CodeIgniter.php(333): CodeIgniter\CodeIgniter->handleRequest(NULL, Object(Config\Cache), false)
#7 /var/www/html/mymisdiagnosis/index.php(44): CodeIgniter\CodeIgniter->run()
#8 {main}
INFO - 2022-01-06 13:58:47 --> Session: Class initialized using 'CodeIgniter\Session\Handlers\FileHandler' driver.
WARNING - 2022-01-06 13:58:47 --> Session: Sessions is enabled, and one exists.Please don't $session->start();
CRITICAL - 2022-01-06 13:58:47 --> syntax error, unexpected '->' (T_OBJECT_OPERATOR)
#0 /var/www/html/mymisdiagnosis/system/Autoloader/Autoloader.php(265): CodeIgniter\Autoloader\Autoloader->includeFile('/var/www/html/m...')
#1 /var/www/html/mymisdiagnosis/system/Autoloader/Autoloader.php(228): CodeIgniter\Autoloader\Autoloader->loadInNamespace('App\\Models\\Reco...')
#2 [internal function]: CodeIgniter\Autoloader\Autoloader->loadClass('App\\Models\\Reco...')
#3 /var/www/html/mymisdiagnosis/app/Controllers/Record.php(57): spl_autoload_call('App\\Models\\Reco...')
#4 /var/www/html/mymisdiagnosis/system/CodeIgniter.php(936): App\Controllers\Record->index('$1')
#5 /var/www/html/mymisdiagnosis/system/CodeIgniter.php(432): CodeIgniter\CodeIgniter->runController(Object(App\Controllers\Record))
#6 /var/www/html/mymisdiagnosis/system/CodeIgniter.php(333): CodeIgniter\CodeIgniter->handleRequest(NULL, Object(Config\Cache), false)
#7 /var/www/html/mymisdiagnosis/index.php(44): CodeIgniter\CodeIgniter->run()
#8 {main}
INFO - 2022-01-06 13:59:13 --> Session: Class initialized using 'CodeIgniter\Session\Handlers\FileHandler' driver.
WARNING - 2022-01-06 13:59:13 --> Session: Sessions is enabled, and one exists.Please don't $session->start();
CRITICAL - 2022-01-06 13:59:13 --> syntax error, unexpected '->' (T_OBJECT_OPERATOR)
#0 /var/www/html/mymisdiagnosis/system/Autoloader/Autoloader.php(265): CodeIgniter\Autoloader\Autoloader->includeFile('/var/www/html/m...')
#1 /var/www/html/mymisdiagnosis/system/Autoloader/Autoloader.php(228): CodeIgniter\Autoloader\Autoloader->loadInNamespace('App\\Models\\Reco...')
#2 [internal function]: CodeIgniter\Autoloader\Autoloader->loadClass('App\\Models\\Reco...')
#3 /var/www/html/mymisdiagnosis/app/Controllers/Record.php(57): spl_autoload_call('App\\Models\\Reco...')
#4 /var/www/html/mymisdiagnosis/system/CodeIgniter.php(936): App\Controllers\Record->index('$1')
#5 /var/www/html/mymisdiagnosis/system/CodeIgniter.php(432): CodeIgniter\CodeIgniter->runController(Object(App\Controllers\Record))
#6 /var/www/html/mymisdiagnosis/system/CodeIgniter.php(333): CodeIgniter\CodeIgniter->handleRequest(NULL, Object(Config\Cache), false)
#7 /var/www/html/mymisdiagnosis/index.php(44): CodeIgniter\CodeIgniter->run()
#8 {main}
INFO - 2022-01-06 13:59:25 --> Session: Class initialized using 'CodeIgniter\Session\Handlers\FileHandler' driver.
WARNING - 2022-01-06 13:59:25 --> Session: Sessions is enabled, and one exists.Please don't $session->start();
CRITICAL - 2022-01-06 13:59:25 --> You must set the database table to be used with your query.
#0 /var/www/html/mymisdiagnosis/system/Model.php(615): CodeIgniter\Database\BaseConnection->table(NULL)
#1 /var/www/html/mymisdiagnosis/system/Model.php(791): CodeIgniter\Model->builder()
#2 /var/www/html/mymisdiagnosis/app/Models/RecordModel.php(36): CodeIgniter\Model->__get('request')
#3 /var/www/html/mymisdiagnosis/app/Controllers/Record.php(58): App\Models\RecordModel->getAllPosts('default', 'asc')
#4 /var/www/html/mymisdiagnosis/system/CodeIgniter.php(936): App\Controllers\Record->index('$1')
#5 /var/www/html/mymisdiagnosis/system/CodeIgniter.php(432): CodeIgniter\CodeIgniter->runController(Object(App\Controllers\Record))
#6 /var/www/html/mymisdiagnosis/system/CodeIgniter.php(333): CodeIgniter\CodeIgniter->handleRequest(NULL, Object(Config\Cache), false)
#7 /var/www/html/mymisdiagnosis/index.php(44): CodeIgniter\CodeIgniter->run()
#8 {main}
INFO - 2022-01-06 13:59:39 --> Session: Class initialized using 'CodeIgniter\Session\Handlers\FileHandler' driver.
WARNING - 2022-01-06 13:59:39 --> Session: Sessions is enabled, and one exists.Please don't $session->start();
CRITICAL - 2022-01-06 13:59:39 --> You must set the database table to be used with your query.
#0 /var/www/html/mymisdiagnosis/system/Model.php(615): CodeIgniter\Database\BaseConnection->table(NULL)
#1 /var/www/html/mymisdiagnosis/system/Model.php(791): CodeIgniter\Model->builder()
#2 /var/www/html/mymisdiagnosis/app/Models/RecordModel.php(36): CodeIgniter\Model->__get('request')
#3 /var/www/html/mymisdiagnosis/app/Controllers/Record.php(58): App\Models\RecordModel->getAllPosts('default', 'asc')
#4 /var/www/html/mymisdiagnosis/system/CodeIgniter.php(936): App\Controllers\Record->index('$1')
#5 /var/www/html/mymisdiagnosis/system/CodeIgniter.php(432): CodeIgniter\CodeIgniter->runController(Object(App\Controllers\Record))
#6 /var/www/html/mymisdiagnosis/system/CodeIgniter.php(333): CodeIgniter\CodeIgniter->handleRequest(NULL, Object(Config\Cache), false)
#7 /var/www/html/mymisdiagnosis/index.php(44): CodeIgniter\CodeIgniter->run()
#8 {main}
INFO - 2022-01-06 14:00:17 --> Session: Class initialized using 'CodeIgniter\Session\Handlers\FileHandler' driver.
WARNING - 2022-01-06 14:00:17 --> Session: Sessions is enabled, and one exists.Please don't $session->start();
CRITICAL - 2022-01-06 14:00:17 --> You must set the database table to be used with your query.
#0 /var/www/html/mymisdiagnosis/system/Model.php(615): CodeIgniter\Database\BaseConnection->table(NULL)
#1 /var/www/html/mymisdiagnosis/system/Model.php(791): CodeIgniter\Model->builder()
#2 /var/www/html/mymisdiagnosis/app/Models/RecordModel.php(36): CodeIgniter\Model->__get('request')
#3 /var/www/html/mymisdiagnosis/app/Controllers/Record.php(58): App\Models\RecordModel->getAllPosts('default', 'asc')
#4 /var/www/html/mymisdiagnosis/system/CodeIgniter.php(936): App\Controllers\Record->index('$1')
#5 /var/www/html/mymisdiagnosis/system/CodeIgniter.php(432): CodeIgniter\CodeIgniter->runController(Object(App\Controllers\Record))
#6 /var/www/html/mymisdiagnosis/system/CodeIgniter.php(333): CodeIgniter\CodeIgniter->handleRequest(NULL, Object(Config\Cache), false)
#7 /var/www/html/mymisdiagnosis/index.php(44): CodeIgniter\CodeIgniter->run()
#8 {main}
INFO - 2022-01-06 14:02:28 --> Session: Class initialized using 'CodeIgniter\Session\Handlers\FileHandler' driver.
WARNING - 2022-01-06 14:02:28 --> Session: Sessions is enabled, and one exists.Please don't $session->start();
CRITICAL - 2022-01-06 14:02:28 --> You must set the database table to be used with your query.
#0 /var/www/html/mymisdiagnosis/system/Model.php(615): CodeIgniter\Database\BaseConnection->table(NULL)
#1 /var/www/html/mymisdiagnosis/system/Model.php(791): CodeIgniter\Model->builder()
#2 /var/www/html/mymisdiagnosis/app/Models/RecordModel.php(33): CodeIgniter\Model->__get('request')
#3 /var/www/html/mymisdiagnosis/app/Controllers/Record.php(58): App\Models\RecordModel->getAllPosts('default', 'asc')
#4 /var/www/html/mymisdiagnosis/system/CodeIgniter.php(936): App\Controllers\Record->index('$1')
#5 /var/www/html/mymisdiagnosis/system/CodeIgniter.php(432): CodeIgniter\CodeIgniter->runController(Object(App\Controllers\Record))
#6 /var/www/html/mymisdiagnosis/system/CodeIgniter.php(333): CodeIgniter\CodeIgniter->handleRequest(NULL, Object(Config\Cache), false)
#7 /var/www/html/mymisdiagnosis/index.php(44): CodeIgniter\CodeIgniter->run()
#8 {main}
INFO - 2022-01-06 14:03:34 --> Session: Class initialized using 'CodeIgniter\Session\Handlers\FileHandler' driver.
WARNING - 2022-01-06 14:03:34 --> Session: Sessions is enabled, and one exists.Please don't $session->start();
CRITICAL - 2022-01-06 14:03:34 --> You must set the database table to be used with your query.
#0 /var/www/html/mymisdiagnosis/system/Model.php(615): CodeIgniter\Database\BaseConnection->table(NULL)
#1 /var/www/html/mymisdiagnosis/system/Model.php(791): CodeIgniter\Model->builder()
#2 /var/www/html/mymisdiagnosis/app/Models/RecordModel.php(33): CodeIgniter\Model->__get('request')
#3 /var/www/html/mymisdiagnosis/app/Controllers/Record.php(58): App\Models\RecordModel->getAllPosts('default', 'asc')
#4 /var/www/html/mymisdiagnosis/system/CodeIgniter.php(936): App\Controllers\Record->index('$1')
#5 /var/www/html/mymisdiagnosis/system/CodeIgniter.php(432): CodeIgniter\CodeIgniter->runController(Object(App\Controllers\Record))
#6 /var/www/html/mymisdiagnosis/system/CodeIgniter.php(333): CodeIgniter\CodeIgniter->handleRequest(NULL, Object(Config\Cache), false)
#7 /var/www/html/mymisdiagnosis/index.php(44): CodeIgniter\CodeIgniter->run()
#8 {main}
INFO - 2022-01-06 14:04:07 --> Session: Class initialized using 'CodeIgniter\Session\Handlers\FileHandler' driver.
WARNING - 2022-01-06 14:04:07 --> Session: Sessions is enabled, and one exists.Please don't $session->start();
CRITICAL - 2022-01-06 14:04:07 --> You must set the database table to be used with your query.
#0 /var/www/html/mymisdiagnosis/system/Model.php(615): CodeIgniter\Database\BaseConnection->table(NULL)
#1 /var/www/html/mymisdiagnosis/system/Model.php(791): CodeIgniter\Model->builder()
#2 /var/www/html/mymisdiagnosis/app/Models/RecordModel.php(33): CodeIgniter\Model->__get('request')
#3 /var/www/html/mymisdiagnosis/app/Controllers/Record.php(58): App\Models\RecordModel->getAllPosts('default', 'asc')
#4 /var/www/html/mymisdiagnosis/system/CodeIgniter.php(936): App\Controllers\Record->index('$1')
#5 /var/www/html/mymisdiagnosis/system/CodeIgniter.php(432): CodeIgniter\CodeIgniter->runController(Object(App\Controllers\Record))
#6 /var/www/html/mymisdiagnosis/system/CodeIgniter.php(333): CodeIgniter\CodeIgniter->handleRequest(NULL, Object(Config\Cache), false)
#7 /var/www/html/mymisdiagnosis/index.php(44): CodeIgniter\CodeIgniter->run()
#8 {main}
INFO - 2022-01-06 14:05:36 --> Session: Class initialized using 'CodeIgniter\Session\Handlers\FileHandler' driver.
WARNING - 2022-01-06 14:05:36 --> Session: Sessions is enabled, and one exists.Please don't $session->start();
CRITICAL - 2022-01-06 14:05:36 --> syntax error, unexpected '$builder' (T_VARIABLE)
#0 /var/www/html/mymisdiagnosis/system/Autoloader/Autoloader.php(265): CodeIgniter\Autoloader\Autoloader->includeFile('/var/www/html/m...')
#1 /var/www/html/mymisdiagnosis/system/Autoloader/Autoloader.php(228): CodeIgniter\Autoloader\Autoloader->loadInNamespace('App\\Models\\Reco...')
#2 [internal function]: CodeIgniter\Autoloader\Autoloader->loadClass('App\\Models\\Reco...')
#3 /var/www/html/mymisdiagnosis/app/Controllers/Record.php(57): spl_autoload_call('App\\Models\\Reco...')
#4 /var/www/html/mymisdiagnosis/system/CodeIgniter.php(936): App\Controllers\Record->index('$1')
#5 /var/www/html/mymisdiagnosis/system/CodeIgniter.php(432): CodeIgniter\CodeIgniter->runController(Object(App\Controllers\Record))
#6 /var/www/html/mymisdiagnosis/system/CodeIgniter.php(333): CodeIgniter\CodeIgniter->handleRequest(NULL, Object(Config\Cache), false)
#7 /var/www/html/mymisdiagnosis/index.php(44): CodeIgniter\CodeIgniter->run()
#8 {main}
INFO - 2022-01-06 14:06:05 --> Session: Class initialized using 'CodeIgniter\Session\Handlers\FileHandler' driver.
WARNING - 2022-01-06 14:06:05 --> Session: Sessions is enabled, and one exists.Please don't $session->start();
CRITICAL - 2022-01-06 14:06:05 --> syntax error, unexpected '$builder' (T_VARIABLE)
#0 /var/www/html/mymisdiagnosis/system/Autoloader/Autoloader.php(265): CodeIgniter\Autoloader\Autoloader->includeFile('/var/www/html/m...')
#1 /var/www/html/mymisdiagnosis/system/Autoloader/Autoloader.php(228): CodeIgniter\Autoloader\Autoloader->loadInNamespace('App\\Models\\Reco...')
#2 [internal function]: CodeIgniter\Autoloader\Autoloader->loadClass('App\\Models\\Reco...')
#3 /var/www/html/mymisdiagnosis/app/Controllers/Record.php(57): spl_autoload_call('App\\Models\\Reco...')
#4 /var/www/html/mymisdiagnosis/system/CodeIgniter.php(936): App\Controllers\Record->index('$1')
#5 /var/www/html/mymisdiagnosis/system/CodeIgniter.php(432): CodeIgniter\CodeIgniter->runController(Object(App\Controllers\Record))
#6 /var/www/html/mymisdiagnosis/system/CodeIgniter.php(333): CodeIgniter\CodeIgniter->handleRequest(NULL, Object(Config\Cache), false)
#7 /var/www/html/mymisdiagnosis/index.php(44): CodeIgniter\CodeIgniter->run()
#8 {main}
INFO - 2022-01-06 14:07:00 --> Session: Class initialized using 'CodeIgniter\Session\Handlers\FileHandler' driver.
WARNING - 2022-01-06 14:07:00 --> Session: Sessions is enabled, and one exists.Please don't $session->start();
CRITICAL - 2022-01-06 14:07:00 --> syntax error, unexpected '$query' (T_VARIABLE)
#0 /var/www/html/mymisdiagnosis/system/Autoloader/Autoloader.php(265): CodeIgniter\Autoloader\Autoloader->includeFile('/var/www/html/m...')
#1 /var/www/html/mymisdiagnosis/system/Autoloader/Autoloader.php(228): CodeIgniter\Autoloader\Autoloader->loadInNamespace('App\\Models\\Reco...')
#2 [internal function]: CodeIgniter\Autoloader\Autoloader->loadClass('App\\Models\\Reco...')
#3 /var/www/html/mymisdiagnosis/app/Controllers/Record.php(57): spl_autoload_call('App\\Models\\Reco...')
#4 /var/www/html/mymisdiagnosis/system/CodeIgniter.php(936): App\Controllers\Record->index('$1')
#5 /var/www/html/mymisdiagnosis/system/CodeIgniter.php(432): CodeIgniter\CodeIgniter->runController(Object(App\Controllers\Record))
#6 /var/www/html/mymisdiagnosis/system/CodeIgniter.php(333): CodeIgniter\CodeIgniter->handleRequest(NULL, Object(Config\Cache), false)
#7 /var/www/html/mymisdiagnosis/index.php(44): CodeIgniter\CodeIgniter->run()
#8 {main}
INFO - 2022-01-06 14:07:40 --> Session: Class initialized using 'CodeIgniter\Session\Handlers\FileHandler' driver.
WARNING - 2022-01-06 14:07:40 --> Session: Sessions is enabled, and one exists.Please don't $session->start();
CRITICAL - 2022-01-06 14:07:40 --> You must set the database table to be used with your query.
#0 /var/www/html/mymisdiagnosis/system/Model.php(615): CodeIgniter\Database\BaseConnection->table(NULL)
#1 /var/www/html/mymisdiagnosis/system/Model.php(791): CodeIgniter\Model->builder()
#2 /var/www/html/mymisdiagnosis/app/Models/RecordModel.php(34): CodeIgniter\Model->__get('request')
#3 /var/www/html/mymisdiagnosis/app/Controllers/Record.php(58): App\Models\RecordModel->getAllPosts('default', 'asc')
#4 /var/www/html/mymisdiagnosis/system/CodeIgniter.php(936): App\Controllers\Record->index('$1')
#5 /var/www/html/mymisdiagnosis/system/CodeIgniter.php(432): CodeIgniter\CodeIgniter->runController(Object(App\Controllers\Record))
#6 /var/www/html/mymisdiagnosis/system/CodeIgniter.php(333): CodeIgniter\CodeIgniter->handleRequest(NULL, Object(Config\Cache), false)
#7 /var/www/html/mymisdiagnosis/index.php(44): CodeIgniter\CodeIgniter->run()
#8 {main}
INFO - 2022-01-06 14:10:15 --> Session: Class initialized using 'CodeIgniter\Session\Handlers\FileHandler' driver.
WARNING - 2022-01-06 14:10:15 --> Session: Sessions is enabled, and one exists.Please don't $session->start();
CRITICAL - 2022-01-06 14:10:15 --> You must set the database table to be used with your query.
#0 /var/www/html/mymisdiagnosis/system/Model.php(615): CodeIgniter\Database\BaseConnection->table(NULL)
#1 /var/www/html/mymisdiagnosis/system/Model.php(791): CodeIgniter\Model->builder()
#2 /var/www/html/mymisdiagnosis/app/Models/RecordModel.php(35): CodeIgniter\Model->__get('request')
#3 /var/www/html/mymisdiagnosis/app/Controllers/Record.php(58): App\Models\RecordModel->getAllPosts('default', 'asc')
#4 /var/www/html/mymisdiagnosis/system/CodeIgniter.php(936): App\Controllers\Record->index('$1')
#5 /var/www/html/mymisdiagnosis/system/CodeIgniter.php(432): CodeIgniter\CodeIgniter->runController(Object(App\Controllers\Record))
#6 /var/www/html/mymisdiagnosis/system/CodeIgniter.php(333): CodeIgniter\CodeIgniter->handleRequest(NULL, Object(Config\Cache), false)
#7 /var/www/html/mymisdiagnosis/index.php(44): CodeIgniter\CodeIgniter->run()
#8 {main}
INFO - 2022-01-06 14:11:42 --> Session: Class initialized using 'CodeIgniter\Session\Handlers\FileHandler' driver.
WARNING - 2022-01-06 14:11:42 --> Session: Sessions is enabled, and one exists.Please don't $session->start();
INFO - 2022-01-06 14:13:22 --> Session: Class initialized using 'CodeIgniter\Session\Handlers\FileHandler' driver.
WARNING - 2022-01-06 14:13:22 --> Session: Sessions is enabled, and one exists.Please don't $session->start();
CRITICAL - 2022-01-06 14:13:22 --> You must set the database table to be used with your query.
#0 /var/www/html/mymisdiagnosis/system/Model.php(615): CodeIgniter\Database\BaseConnection->table(NULL)
#1 /var/www/html/mymisdiagnosis/system/Model.php(791): CodeIgniter\Model->builder()
#2 /var/www/html/mymisdiagnosis/app/Models/RecordModel.php(34): CodeIgniter\Model->__get('request')
#3 /var/www/html/mymisdiagnosis/app/Controllers/Record.php(58): App\Models\RecordModel->getAllPosts('default', 'asc')
#4 /var/www/html/mymisdiagnosis/system/CodeIgniter.php(936): App\Controllers\Record->index('$1')
#5 /var/www/html/mymisdiagnosis/system/CodeIgniter.php(432): CodeIgniter\CodeIgniter->runController(Object(App\Controllers\Record))
#6 /var/www/html/mymisdiagnosis/system/CodeIgniter.php(333): CodeIgniter\CodeIgniter->handleRequest(NULL, Object(Config\Cache), false)
#7 /var/www/html/mymisdiagnosis/index.php(44): CodeIgniter\CodeIgniter->run()
#8 {main}
INFO - 2022-01-06 14:14:02 --> Session: Class initialized using 'CodeIgniter\Session\Handlers\FileHandler' driver.
WARNING - 2022-01-06 14:14:02 --> Session: Sessions is enabled, and one exists.Please don't $session->start();
INFO - 2022-01-06 14:14:13 --> Session: Class initialized using 'CodeIgniter\Session\Handlers\FileHandler' driver.
WARNING - 2022-01-06 14:14:13 --> Session: Sessions is enabled, and one exists.Please don't $session->start();
INFO - 2022-01-06 14:14:21 --> Session: Class initialized using 'CodeIgniter\Session\Handlers\FileHandler' driver.
WARNING - 2022-01-06 14:14:21 --> Session: Sessions is enabled, and one exists.Please don't $session->start();
INFO - 2022-01-06 14:18:23 --> Session: Class initialized using 'CodeIgniter\Session\Handlers\FileHandler' driver.
WARNING - 2022-01-06 14:18:23 --> Session: Sessions is enabled, and one exists.Please don't $session->start();
CRITICAL - 2022-01-06 14:18:23 --> Undefined index: term
#0 /var/www/html/mymisdiagnosis/app/Models/RecordModel.php(34): CodeIgniter\Debug\Exceptions->errorHandler(8, 'Undefined index...', '/var/www/html/m...', 34, Array)
#1 /var/www/html/mymisdiagnosis/app/Controllers/Record.php(58): App\Models\RecordModel->getAllPosts('default', 'asc')
#2 /var/www/html/mymisdiagnosis/system/CodeIgniter.php(936): App\Controllers\Record->index('$1')
#3 /var/www/html/mymisdiagnosis/system/CodeIgniter.php(432): CodeIgniter\CodeIgniter->runController(Object(App\Controllers\Record))
#4 /var/www/html/mymisdiagnosis/system/CodeIgniter.php(333): CodeIgniter\CodeIgniter->handleRequest(NULL, Object(Config\Cache), false)
#5 /var/www/html/mymisdiagnosis/index.php(44): CodeIgniter\CodeIgniter->run()
#6 {main}
INFO - 2022-01-06 14:18:37 --> Session: Class initialized using 'CodeIgniter\Session\Handlers\FileHandler' driver.
WARNING - 2022-01-06 14:18:37 --> Session: Sessions is enabled, and one exists.Please don't $session->start();
INFO - 2022-01-06 14:18:45 --> Session: Class initialized using 'CodeIgniter\Session\Handlers\FileHandler' driver.
WARNING - 2022-01-06 14:18:45 --> Session: Sessions is enabled, and one exists.Please don't $session->start();
INFO - 2022-01-06 14:18:49 --> Session: Class initialized using 'CodeIgniter\Session\Handlers\FileHandler' driver.
WARNING - 2022-01-06 14:18:49 --> Session: Sessions is enabled, and one exists.Please don't $session->start();
INFO - 2022-01-06 14:18:57 --> Session: Class initialized using 'CodeIgniter\Session\Handlers\FileHandler' driver.
WARNING - 2022-01-06 14:18:57 --> Session: Sessions is enabled, and one exists.Please don't $session->start();
INFO - 2022-01-06 14:19:09 --> Session: Class initialized using 'CodeIgniter\Session\Handlers\FileHandler' driver.
WARNING - 2022-01-06 14:19:09 --> Session: Sessions is enabled, and one exists.Please don't $session->start();
CRITICAL - 2022-01-06 14:19:09 --> Undefined index: term
#0 /var/www/html/mymisdiagnosis/app/Models/RecordModel.php(34): CodeIgniter\Debug\Exceptions->errorHandler(8, 'Undefined index...', '/var/www/html/m...', 34, Array)
#1 /var/www/html/mymisdiagnosis/app/Controllers/Record.php(58): App\Models\RecordModel->getAllPosts('default', 'asc')
#2 /var/www/html/mymisdiagnosis/system/CodeIgniter.php(936): App\Controllers\Record->index('$1')
#3 /var/www/html/mymisdiagnosis/system/CodeIgniter.php(432): CodeIgniter\CodeIgniter->runController(Object(App\Controllers\Record))
#4 /var/www/html/mymisdiagnosis/system/CodeIgniter.php(333): CodeIgniter\CodeIgniter->handleRequest(NULL, Object(Config\Cache), false)
#5 /var/www/html/mymisdiagnosis/index.php(44): CodeIgniter\CodeIgniter->run()
#6 {main}
INFO - 2022-01-06 14:19:15 --> Session: Class initialized using 'CodeIgniter\Session\Handlers\FileHandler' driver.
WARNING - 2022-01-06 14:19:15 --> Session: Sessions is enabled, and one exists.Please don't $session->start();
INFO - 2022-01-06 14:20:50 --> Session: Class initialized using 'CodeIgniter\Session\Handlers\FileHandler' driver.
WARNING - 2022-01-06 14:20:50 --> Session: Sessions is enabled, and one exists.Please don't $session->start();
INFO - 2022-01-06 14:20:53 --> Session: Class initialized using 'CodeIgniter\Session\Handlers\FileHandler' driver.
WARNING - 2022-01-06 14:20:53 --> Session: Sessions is enabled, and one exists.Please don't $session->start();
CRITICAL - 2022-01-06 14:20:53 --> Undefined index: term
#0 /var/www/html/mymisdiagnosis/app/Models/RecordModel.php(35): CodeIgniter\Debug\Exceptions->errorHandler(8, 'Undefined index...', '/var/www/html/m...', 35, Array)
#1 /var/www/html/mymisdiagnosis/app/Controllers/Record.php(58): App\Models\RecordModel->getAllPosts('default', 'asc')
#2 /var/www/html/mymisdiagnosis/system/CodeIgniter.php(936): App\Controllers\Record->index('$1')
#3 /var/www/html/mymisdiagnosis/system/CodeIgniter.php(432): CodeIgniter\CodeIgniter->runController(Object(App\Controllers\Record))
#4 /var/www/html/mymisdiagnosis/system/CodeIgniter.php(333): CodeIgniter\CodeIgniter->handleRequest(NULL, Object(Config\Cache), false)
#5 /var/www/html/mymisdiagnosis/index.php(44): CodeIgniter\CodeIgniter->run()
#6 {main}
INFO - 2022-01-06 14:26:19 --> Session: Class initialized using 'CodeIgniter\Session\Handlers\FileHandler' driver.
WARNING - 2022-01-06 14:26:19 --> Session: Sessions is enabled, and one exists.Please don't $session->start();
INFO - 2022-01-06 14:26:26 --> Session: Class initialized using 'CodeIgniter\Session\Handlers\FileHandler' driver.
WARNING - 2022-01-06 14:26:26 --> Session: Sessions is enabled, and one exists.Please don't $session->start();
INFO - 2022-01-06 14:26:31 --> Session: Class initialized using 'CodeIgniter\Session\Handlers\FileHandler' driver.
WARNING - 2022-01-06 14:26:31 --> Session: Sessions is enabled, and one exists.Please don't $session->start();
CRITICAL - 2022-01-06 14:26:31 --> Undefined index: term
#0 /var/www/html/mymisdiagnosis/app/Models/RecordModel.php(35): CodeIgniter\Debug\Exceptions->errorHandler(8, 'Undefined index...', '/var/www/html/m...', 35, Array)
#1 /var/www/html/mymisdiagnosis/app/Controllers/Record.php(58): App\Models\RecordModel->getAllPosts('default', 'asc')
#2 /var/www/html/mymisdiagnosis/system/CodeIgniter.php(936): App\Controllers\Record->index('$1')
#3 /var/www/html/mymisdiagnosis/system/CodeIgniter.php(432): CodeIgniter\CodeIgniter->runController(Object(App\Controllers\Record))
#4 /var/www/html/mymisdiagnosis/system/CodeIgniter.php(333): CodeIgniter\CodeIgniter->handleRequest(NULL, Object(Config\Cache), false)
#5 /var/www/html/mymisdiagnosis/index.php(44): CodeIgniter\CodeIgniter->run()
#6 {main}
INFO - 2022-01-06 14:27:05 --> Session: Class initialized using 'CodeIgniter\Session\Handlers\FileHandler' driver.
WARNING - 2022-01-06 14:27:05 --> Session: Sessions is enabled, and one exists.Please don't $session->start();
CRITICAL - 2022-01-06 14:27:06 --> Undefined index: term
#0 /var/www/html/mymisdiagnosis/app/Models/RecordModel.php(32): CodeIgniter\Debug\Exceptions->errorHandler(8, 'Undefined index...', '/var/www/html/m...', 32, Array)
#1 /var/www/html/mymisdiagnosis/app/Controllers/Record.php(58): App\Models\RecordModel->getAllPosts('default', 'asc')
#2 /var/www/html/mymisdiagnosis/system/CodeIgniter.php(936): App\Controllers\Record->index('$1')
#3 /var/www/html/mymisdiagnosis/system/CodeIgniter.php(432): CodeIgniter\CodeIgniter->runController(Object(App\Controllers\Record))
#4 /var/www/html/mymisdiagnosis/system/CodeIgniter.php(333): CodeIgniter\CodeIgniter->handleRequest(NULL, Object(Config\Cache), false)
#5 /var/www/html/mymisdiagnosis/index.php(44): CodeIgniter\CodeIgniter->run()
#6 {main}
INFO - 2022-01-06 14:27:23 --> Session: Class initialized using 'CodeIgniter\Session\Handlers\FileHandler' driver.
WARNING - 2022-01-06 14:27:23 --> Session: Sessions is enabled, and one exists.Please don't $session->start();
INFO - 2022-01-06 14:27:32 --> Session: Class initialized using 'CodeIgniter\Session\Handlers\FileHandler' driver.
WARNING - 2022-01-06 14:27:32 --> Session: Sessions is enabled, and one exists.Please don't $session->start();
INFO - 2022-01-06 14:28:00 --> Session: Class initialized using 'CodeIgniter\Session\Handlers\FileHandler' driver.
WARNING - 2022-01-06 14:28:00 --> Session: Sessions is enabled, and one exists.Please don't $session->start();
INFO - 2022-01-06 14:28:04 --> Session: Class initialized using 'CodeIgniter\Session\Handlers\FileHandler' driver.
WARNING - 2022-01-06 14:28:04 --> Session: Sessions is enabled, and one exists.Please don't $session->start();
INFO - 2022-01-06 14:34:08 --> Session: Class initialized using 'CodeIgniter\Session\Handlers\FileHandler' driver.
WARNING - 2022-01-06 14:34:08 --> Session: Sessions is enabled, and one exists.Please don't $session->start();
INFO - 2022-01-06 14:34:12 --> Session: Class initialized using 'CodeIgniter\Session\Handlers\FileHandler' driver.
WARNING - 2022-01-06 14:34:12 --> Session: Sessions is enabled, and one exists.Please don't $session->start();
INFO - 2022-01-06 14:35:22 --> Session: Class initialized using 'CodeIgniter\Session\Handlers\FileHandler' driver.
WARNING - 2022-01-06 14:35:22 --> Session: Sessions is enabled, and one exists.Please don't $session->start();
INFO - 2022-01-06 14:37:09 --> Session: Class initialized using 'CodeIgniter\Session\Handlers\FileHandler' driver.
WARNING - 2022-01-06 14:37:09 --> Session: Sessions is enabled, and one exists.Please don't $session->start();
INFO - 2022-01-06 14:37:12 --> Session: Class initialized using 'CodeIgniter\Session\Handlers\FileHandler' driver.
WARNING - 2022-01-06 14:37:12 --> Session: Sessions is enabled, and one exists.Please don't $session->start();
INFO - 2022-01-06 14:37:21 --> Session: Class initialized using 'CodeIgniter\Session\Handlers\FileHandler' driver.
WARNING - 2022-01-06 14:37:21 --> Session: Sessions is enabled, and one exists.Please don't $session->start();
INFO - 2022-01-06 14:39:05 --> Session: Class initialized using 'CodeIgniter\Session\Handlers\FileHandler' driver.
WARNING - 2022-01-06 14:39:05 --> Session: Sessions is enabled, and one exists.Please don't $session->start();
INFO - 2022-01-06 14:39:39 --> Session: Class initialized using 'CodeIgniter\Session\Handlers\FileHandler' driver.
WARNING - 2022-01-06 14:39:39 --> Session: Sessions is enabled, and one exists.Please don't $session->start();
INFO - 2022-01-06 14:40:24 --> Session: Class initialized using 'CodeIgniter\Session\Handlers\FileHandler' driver.
WARNING - 2022-01-06 14:40:24 --> Session: Sessions is enabled, and one exists.Please don't $session->start();
INFO - 2022-01-06 14:42:19 --> Session: Class initialized using 'CodeIgniter\Session\Handlers\FileHandler' driver.
WARNING - 2022-01-06 14:42:19 --> Session: Sessions is enabled, and one exists.Please don't $session->start();
INFO - 2022-01-06 14:42:42 --> Session: Class initialized using 'CodeIgniter\Session\Handlers\FileHandler' driver.
WARNING - 2022-01-06 14:42:42 --> Session: Sessions is enabled, and one exists.Please don't $session->start();
INFO - 2022-01-06 14:43:14 --> Session: Class initialized using 'CodeIgniter\Session\Handlers\FileHandler' driver.
WARNING - 2022-01-06 14:43:14 --> Session: Sessions is enabled, and one exists.Please don't $session->start();
INFO - 2022-01-06 14:43:38 --> Session: Class initialized using 'CodeIgniter\Session\Handlers\FileHandler' driver.
WARNING - 2022-01-06 14:43:38 --> Session: Sessions is enabled, and one exists.Please don't $session->start();
INFO - 2022-01-06 14:43:50 --> Session: Class initialized using 'CodeIgniter\Session\Handlers\FileHandler' driver.
WARNING - 2022-01-06 14:43:50 --> Session: Sessions is enabled, and one exists.Please don't $session->start();
INFO - 2022-01-06 14:44:02 --> Session: Class initialized using 'CodeIgniter\Session\Handlers\FileHandler' driver.
WARNING - 2022-01-06 14:44:02 --> Session: Sessions is enabled, and one exists.Please don't $session->start();
INFO - 2022-01-06 14:45:03 --> Session: Class initialized using 'CodeIgniter\Session\Handlers\FileHandler' driver.
WARNING - 2022-01-06 14:45:03 --> Session: Sessions is enabled, and one exists.Please don't $session->start();
INFO - 2022-01-06 14:45:30 --> Session: Class initialized using 'CodeIgniter\Session\Handlers\FileHandler' driver.
WARNING - 2022-01-06 14:45:30 --> Session: Sessions is enabled, and one exists.Please don't $session->start();
INFO - 2022-01-06 14:45:53 --> Session: Class initialized using 'CodeIgniter\Session\Handlers\FileHandler' driver.
WARNING - 2022-01-06 14:45:53 --> Session: Sessions is enabled, and one exists.Please don't $session->start();
INFO - 2022-01-06 14:45:58 --> Session: Class initialized using 'CodeIgniter\Session\Handlers\FileHandler' driver.
WARNING - 2022-01-06 14:45:58 --> Session: Sessions is enabled, and one exists.Please don't $session->start();
INFO - 2022-01-06 14:46:02 --> Session: Class initialized using 'CodeIgniter\Session\Handlers\FileHandler' driver.
WARNING - 2022-01-06 14:46:02 --> Session: Sessions is enabled, and one exists.Please don't $session->start();
INFO - 2022-01-06 15:04:34 --> Session: Class initialized using 'CodeIgniter\Session\Handlers\FileHandler' driver.
WARNING - 2022-01-06 15:04:34 --> Session: Sessions is enabled, and one exists.Please don't $session->start();
INFO - 2022-01-06 15:04:38 --> Session: Class initialized using 'CodeIgniter\Session\Handlers\FileHandler' driver.
WARNING - 2022-01-06 15:04:38 --> Session: Sessions is enabled, and one exists.Please don't $session->start();
INFO - 2022-01-06 15:17:11 --> Session: Class initialized using 'CodeIgniter\Session\Handlers\FileHandler' driver.
WARNING - 2022-01-06 15:17:11 --> Session: Sessions is enabled, and one exists.Please don't $session->start();
INFO - 2022-01-06 15:17:20 --> Session: Class initialized using 'CodeIgniter\Session\Handlers\FileHandler' driver.
WARNING - 2022-01-06 15:17:20 --> Session: Sessions is enabled, and one exists.Please don't $session->start();
INFO - 2022-01-06 15:19:09 --> Session: Class initialized using 'CodeIgniter\Session\Handlers\FileHandler' driver.
WARNING - 2022-01-06 15:19:09 --> Session: Sessions is enabled, and one exists.Please don't $session->start();
CRITICAL - 2022-01-06 15:19:09 --> syntax error, unexpected 'else' (T_ELSE), expecting ';'
#0 /var/www/html/mymisdiagnosis/system/View/View.php(222): CodeIgniter\View\View->CodeIgniter\View\{closure}()
#1 /var/www/html/mymisdiagnosis/system/Common.php(1217): CodeIgniter\View\View->render('record_list', Array, true)
#2 /var/www/html/mymisdiagnosis/app/Controllers/Record.php(67): view('record_list', Array)
#3 /var/www/html/mymisdiagnosis/system/CodeIgniter.php(936): App\Controllers\Record->index('$1')
#4 /var/www/html/mymisdiagnosis/system/CodeIgniter.php(432): CodeIgniter\CodeIgniter->runController(Object(App\Controllers\Record))
#5 /var/www/html/mymisdiagnosis/system/CodeIgniter.php(333): CodeIgniter\CodeIgniter->handleRequest(NULL, Object(Config\Cache), false)
#6 /var/www/html/mymisdiagnosis/index.php(44): CodeIgniter\CodeIgniter->run()
#7 {main}
INFO - 2022-01-06 15:19:24 --> Session: Class initialized using 'CodeIgniter\Session\Handlers\FileHandler' driver.
WARNING - 2022-01-06 15:19:24 --> Session: Sessions is enabled, and one exists.Please don't $session->start();
CRITICAL - 2022-01-06 15:19:24 --> syntax error, unexpected '}', expecting ';'
#0 /var/www/html/mymisdiagnosis/system/View/View.php(222): CodeIgniter\View\View->CodeIgniter\View\{closure}()
#1 /var/www/html/mymisdiagnosis/system/Common.php(1217): CodeIgniter\View\View->render('record_list', Array, true)
#2 /var/www/html/mymisdiagnosis/app/Controllers/Record.php(67): view('record_list', Array)
#3 /var/www/html/mymisdiagnosis/system/CodeIgniter.php(936): App\Controllers\Record->index('$1')
#4 /var/www/html/mymisdiagnosis/system/CodeIgniter.php(432): CodeIgniter\CodeIgniter->runController(Object(App\Controllers\Record))
#5 /var/www/html/mymisdiagnosis/system/CodeIgniter.php(333): CodeIgniter\CodeIgniter->handleRequest(NULL, Object(Config\Cache), false)
#6 /var/www/html/mymisdiagnosis/index.php(44): CodeIgniter\CodeIgniter->run()
#7 {main}
INFO - 2022-01-06 15:20:21 --> Session: Class initialized using 'CodeIgniter\Session\Handlers\FileHandler' driver.
WARNING - 2022-01-06 15:20:21 --> Session: Sessions is enabled, and one exists.Please don't $session->start();
CRITICAL - 2022-01-06 15:20:21 --> syntax error, unexpected '}', expecting ';'
#0 /var/www/html/mymisdiagnosis/system/View/View.php(222): CodeIgniter\View\View->CodeIgniter\View\{closure}()
#1 /var/www/html/mymisdiagnosis/system/Common.php(1217): CodeIgniter\View\View->render('record_list', Array, true)
#2 /var/www/html/mymisdiagnosis/app/Controllers/Record.php(67): view('record_list', Array)
#3 /var/www/html/mymisdiagnosis/system/CodeIgniter.php(936): App\Controllers\Record->index('$1')
#4 /var/www/html/mymisdiagnosis/system/CodeIgniter.php(432): CodeIgniter\CodeIgniter->runController(Object(App\Controllers\Record))
#5 /var/www/html/mymisdiagnosis/system/CodeIgniter.php(333): CodeIgniter\CodeIgniter->handleRequest(NULL, Object(Config\Cache), false)
#6 /var/www/html/mymisdiagnosis/index.php(44): CodeIgniter\CodeIgniter->run()
#7 {main}
INFO - 2022-01-06 15:20:44 --> Session: Class initialized using 'CodeIgniter\Session\Handlers\FileHandler' driver.
WARNING - 2022-01-06 15:20:44 --> Session: Sessions is enabled, and one exists.Please don't $session->start();
CRITICAL - 2022-01-06 15:20:44 --> syntax error, unexpected '}'
#0 /var/www/html/mymisdiagnosis/system/View/View.php(222): CodeIgniter\View\View->CodeIgniter\View\{closure}()
#1 /var/www/html/mymisdiagnosis/system/Common.php(1217): CodeIgniter\View\View->render('record_list', Array, true)
#2 /var/www/html/mymisdiagnosis/app/Controllers/Record.php(67): view('record_list', Array)
#3 /var/www/html/mymisdiagnosis/system/CodeIgniter.php(936): App\Controllers\Record->index('$1')
#4 /var/www/html/mymisdiagnosis/system/CodeIgniter.php(432): CodeIgniter\CodeIgniter->runController(Object(App\Controllers\Record))
#5 /var/www/html/mymisdiagnosis/system/CodeIgniter.php(333): CodeIgniter\CodeIgniter->handleRequest(NULL, Object(Config\Cache), false)
#6 /var/www/html/mymisdiagnosis/index.php(44): CodeIgniter\CodeIgniter->run()
#7 {main}
INFO - 2022-01-06 15:21:39 --> Session: Class initialized using 'CodeIgniter\Session\Handlers\FileHandler' driver.
WARNING - 2022-01-06 15:21:39 --> Session: Sessions is enabled, and one exists.Please don't $session->start();
CRITICAL - 2022-01-06 15:21:39 --> syntax error, unexpected 'else' (T_ELSE), expecting ';'
#0 /var/www/html/mymisdiagnosis/system/View/View.php(222): CodeIgniter\View\View->CodeIgniter\View\{closure}()
#1 /var/www/html/mymisdiagnosis/system/Common.php(1217): CodeIgniter\View\View->render('record_list', Array, true)
#2 /var/www/html/mymisdiagnosis/app/Controllers/Record.php(67): view('record_list', Array)
#3 /var/www/html/mymisdiagnosis/system/CodeIgniter.php(936): App\Controllers\Record->index('$1')
#4 /var/www/html/mymisdiagnosis/system/CodeIgniter.php(432): CodeIgniter\CodeIgniter->runController(Object(App\Controllers\Record))
#5 /var/www/html/mymisdiagnosis/system/CodeIgniter.php(333): CodeIgniter\CodeIgniter->handleRequest(NULL, Object(Config\Cache), false)
#6 /var/www/html/mymisdiagnosis/index.php(44): CodeIgniter\CodeIgniter->run()
#7 {main}
INFO - 2022-01-06 15:22:11 --> Session: Class initialized using 'CodeIgniter\Session\Handlers\FileHandler' driver.
WARNING - 2022-01-06 15:22:11 --> Session: Sessions is enabled, and one exists.Please don't $session->start();
INFO - 2022-01-06 15:23:12 --> Session: Class initialized using 'CodeIgniter\Session\Handlers\FileHandler' driver.
WARNING - 2022-01-06 15:23:12 --> Session: Sessions is enabled, and one exists.Please don't $session->start();
INFO - 2022-01-06 15:23:17 --> Session: Class initialized using 'CodeIgniter\Session\Handlers\FileHandler' driver.
WARNING - 2022-01-06 15:23:17 --> Session: Sessions is enabled, and one exists.Please don't $session->start();
INFO - 2022-01-06 15:23:22 --> Session: Class initialized using 'CodeIgniter\Session\Handlers\FileHandler' driver.
WARNING - 2022-01-06 15:23:22 --> Session: Sessions is enabled, and one exists.Please don't $session->start();
INFO - 2022-01-06 15:23:45 --> Session: Class initialized using 'CodeIgniter\Session\Handlers\FileHandler' driver.
WARNING - 2022-01-06 15:23:45 --> Session: Sessions is enabled, and one exists.Please don't $session->start();
INFO - 2022-01-06 15:23:49 --> Session: Class initialized using 'CodeIgniter\Session\Handlers\FileHandler' driver.
WARNING - 2022-01-06 15:23:49 --> Session: Sessions is enabled, and one exists.Please don't $session->start();
INFO - 2022-01-06 15:24:06 --> Session: Class initialized using 'CodeIgniter\Session\Handlers\FileHandler' driver.
WARNING - 2022-01-06 15:24:06 --> Session: Sessions is enabled, and one exists.Please don't $session->start();
INFO - 2022-01-06 15:24:10 --> Session: Class initialized using 'CodeIgniter\Session\Handlers\FileHandler' driver.
WARNING - 2022-01-06 15:24:10 --> Session: Sessions is enabled, and one exists.Please don't $session->start();
INFO - 2022-01-06 15:25:20 --> Session: Class initialized using 'CodeIgniter\Session\Handlers\FileHandler' driver.
WARNING - 2022-01-06 15:25:20 --> Session: Sessions is enabled, and one exists.Please don't $session->start();
INFO - 2022-01-06 15:41:13 --> Session: Class initialized using 'CodeIgniter\Session\Handlers\FileHandler' driver.
WARNING - 2022-01-06 15:41:13 --> Session: Sessions is enabled, and one exists.Please don't $session->start();
INFO - 2022-01-06 15:54:21 --> Session: Class initialized using 'CodeIgniter\Session\Handlers\FileHandler' driver.
WARNING - 2022-01-06 15:54:21 --> Session: Sessions is enabled, and one exists.Please don't $session->start();
INFO - 2022-01-06 15:54:52 --> Session: Class initialized using 'CodeIgniter\Session\Handlers\FileHandler' driver.
WARNING - 2022-01-06 15:54:52 --> Session: Sessions is enabled, and one exists.Please don't $session->start();
INFO - 2022-01-06 15:59:00 --> Session: Class initialized using 'CodeIgniter\Session\Handlers\FileHandler' driver.
WARNING - 2022-01-06 15:59:00 --> Session: Sessions is enabled, and one exists.Please don't $session->start();
CRITICAL - 2022-01-06 15:59:00 --> Undefined variable: post
#0 /var/www/html/mymisdiagnosis/app/Views/record_list.php(4): CodeIgniter\Debug\Exceptions->errorHandler(8, 'Undefined varia...', '/var/www/html/m...', 4, Array)
#1 /var/www/html/mymisdiagnosis/system/View/View.php(220): include('/var/www/html/m...')
#2 /var/www/html/mymisdiagnosis/system/View/View.php(222): CodeIgniter\View\View->CodeIgniter\View\{closure}()
#3 /var/www/html/mymisdiagnosis/system/Common.php(1217): CodeIgniter\View\View->render('record_list', Array, true)
#4 /var/www/html/mymisdiagnosis/app/Controllers/Record.php(67): view('record_list', Array)
#5 /var/www/html/mymisdiagnosis/system/CodeIgniter.php(936): App\Controllers\Record->index('$1')
#6 /var/www/html/mymisdiagnosis/system/CodeIgniter.php(432): CodeIgniter\CodeIgniter->runController(Object(App\Controllers\Record))
#7 /var/www/html/mymisdiagnosis/system/CodeIgniter.php(333): CodeIgniter\CodeIgniter->handleRequest(NULL, Object(Config\Cache), false)
#8 /var/www/html/mymisdiagnosis/index.php(44): CodeIgniter\CodeIgniter->run()
#9 {main}
INFO - 2022-01-06 15:59:17 --> Session: Class initialized using 'CodeIgniter\Session\Handlers\FileHandler' driver.
WARNING - 2022-01-06 15:59:17 --> Session: Sessions is enabled, and one exists.Please don't $session->start();
CRITICAL - 2022-01-06 15:59:17 --> Undefined variable: data
#0 /var/www/html/mymisdiagnosis/app/Views/record_list.php(4): CodeIgniter\Debug\Exceptions->errorHandler(8, 'Undefined varia...', '/var/www/html/m...', 4, Array)
#1 /var/www/html/mymisdiagnosis/system/View/View.php(220): include('/var/www/html/m...')
#2 /var/www/html/mymisdiagnosis/system/View/View.php(222): CodeIgniter\View\View->CodeIgniter\View\{closure}()
#3 /var/www/html/mymisdiagnosis/system/Common.php(1217): CodeIgniter\View\View->render('record_list', Array, true)
#4 /var/www/html/mymisdiagnosis/app/Controllers/Record.php(67): view('record_list', Array)
#5 /var/www/html/mymisdiagnosis/system/CodeIgniter.php(936): App\Controllers\Record->index('$1')
#6 /var/www/html/mymisdiagnosis/system/CodeIgniter.php(432): CodeIgniter\CodeIgniter->runController(Object(App\Controllers\Record))
#7 /var/www/html/mymisdiagnosis/system/CodeIgniter.php(333): CodeIgniter\CodeIgniter->handleRequest(NULL, Object(Config\Cache), false)
#8 /var/www/html/mymisdiagnosis/index.php(44): CodeIgniter\CodeIgniter->run()
#9 {main}
INFO - 2022-01-06 16:01:09 --> Session: Class initialized using 'CodeIgniter\Session\Handlers\FileHandler' driver.
WARNING - 2022-01-06 16:01:09 --> Session: Sessions is enabled, and one exists.Please don't $session->start();
INFO - 2022-01-06 16:01:15 --> Session: Class initialized using 'CodeIgniter\Session\Handlers\FileHandler' driver.
WARNING - 2022-01-06 16:01:15 --> Session: Sessions is enabled, and one exists.Please don't $session->start();
INFO - 2022-01-06 16:01:19 --> Session: Class initialized using 'CodeIgniter\Session\Handlers\FileHandler' driver.
WARNING - 2022-01-06 16:01:19 --> Session: Sessions is enabled, and one exists.Please don't $session->start();
INFO - 2022-01-06 16:01:46 --> Session: Class initialized using 'CodeIgniter\Session\Handlers\FileHandler' driver.
WARNING - 2022-01-06 16:01:46 --> Session: Sessions is enabled, and one exists.Please don't $session->start();
INFO - 2022-01-06 16:01:50 --> Session: Class initialized using 'CodeIgniter\Session\Handlers\FileHandler' driver.
WARNING - 2022-01-06 16:01:50 --> Session: Sessions is enabled, and one exists.Please don't $session->start();
INFO - 2022-01-06 16:03:12 --> Session: Class initialized using 'CodeIgniter\Session\Handlers\FileHandler' driver.
WARNING - 2022-01-06 16:03:12 --> Session: Sessions is enabled, and one exists.Please don't $session->start();
CRITICAL - 2022-01-06 16:03:12 --> You must set the database table to be used with your query.
#0 /var/www/html/mymisdiagnosis/system/Model.php(615): CodeIgniter\Database\BaseConnection->table(NULL)
#1 /var/www/html/mymisdiagnosis/system/Model.php(834): CodeIgniter\Model->builder()
#2 /var/www/html/mymisdiagnosis/app/Controllers/Record.php(58): CodeIgniter\Model->__call('getAllPosts', Array)
#3 /var/www/html/mymisdiagnosis/system/CodeIgniter.php(936): App\Controllers\Record->index('$1')
#4 /var/www/html/mymisdiagnosis/system/CodeIgniter.php(432): CodeIgniter\CodeIgniter->runController(Object(App\Controllers\Record))
#5 /var/www/html/mymisdiagnosis/system/CodeIgniter.php(333): CodeIgniter\CodeIgniter->handleRequest(NULL, Object(Config\Cache), false)
#6 /var/www/html/mymisdiagnosis/index.php(44): CodeIgniter\CodeIgniter->run()
#7 {main}
INFO - 2022-01-06 16:05:57 --> Session: Class initialized using 'CodeIgniter\Session\Handlers\FileHandler' driver.
WARNING - 2022-01-06 16:05:57 --> Session: Sessions is enabled, and one exists.Please don't $session->start();
CRITICAL - 2022-01-06 16:05:57 --> You must set the database table to be used with your query.
#0 /var/www/html/mymisdiagnosis/system/Model.php(615): CodeIgniter\Database\BaseConnection->table(NULL)
#1 /var/www/html/mymisdiagnosis/system/Model.php(834): CodeIgniter\Model->builder()
#2 /var/www/html/mymisdiagnosis/app/Controllers/Record.php(58): CodeIgniter\Model->__call('getAllPosts', Array)
#3 /var/www/html/mymisdiagnosis/system/CodeIgniter.php(936): App\Controllers\Record->index('$1')
#4 /var/www/html/mymisdiagnosis/system/CodeIgniter.php(432): CodeIgniter\CodeIgniter->runController(Object(App\Controllers\Record))
#5 /var/www/html/mymisdiagnosis/system/CodeIgniter.php(333): CodeIgniter\CodeIgniter->handleRequest(NULL, Object(Config\Cache), false)
#6 /var/www/html/mymisdiagnosis/index.php(44): CodeIgniter\CodeIgniter->run()
#7 {main}
INFO - 2022-01-06 16:06:25 --> Session: Class initialized using 'CodeIgniter\Session\Handlers\FileHandler' driver.
WARNING - 2022-01-06 16:06:25 --> Session: Sessions is enabled, and one exists.Please don't $session->start();
CRITICAL - 2022-01-06 16:06:25 --> You must set the database table to be used with your query.
#0 /var/www/html/mymisdiagnosis/system/Model.php(615): CodeIgniter\Database\BaseConnection->table(NULL)
#1 /var/www/html/mymisdiagnosis/system/Model.php(834): CodeIgniter\Model->builder()
#2 /var/www/html/mymisdiagnosis/app/Controllers/Record.php(58): CodeIgniter\Model->__call('getAllPosts', Array)
#3 /var/www/html/mymisdiagnosis/system/CodeIgniter.php(936): App\Controllers\Record->index('$1')
#4 /var/www/html/mymisdiagnosis/system/CodeIgniter.php(432): CodeIgniter\CodeIgniter->runController(Object(App\Controllers\Record))
#5 /var/www/html/mymisdiagnosis/system/CodeIgniter.php(333): CodeIgniter\CodeIgniter->handleRequest(NULL, Object(Config\Cache), false)
#6 /var/www/html/mymisdiagnosis/index.php(44): CodeIgniter\CodeIgniter->run()
#7 {main}
INFO - 2022-01-06 16:07:36 --> Session: Class initialized using 'CodeIgniter\Session\Handlers\FileHandler' driver.
WARNING - 2022-01-06 16:07:36 --> Session: Sessions is enabled, and one exists.Please don't $session->start();
CRITICAL - 2022-01-06 16:07:36 --> You must set the database table to be used with your query.
#0 /var/www/html/mymisdiagnosis/system/Model.php(615): CodeIgniter\Database\BaseConnection->table(NULL)
#1 /var/www/html/mymisdiagnosis/system/Model.php(834): CodeIgniter\Model->builder()
#2 /var/www/html/mymisdiagnosis/app/Controllers/Record.php(58): CodeIgniter\Model->__call('getAllPosts', Array)
#3 /var/www/html/mymisdiagnosis/system/CodeIgniter.php(936): App\Controllers\Record->index('$1')
#4 /var/www/html/mymisdiagnosis/system/CodeIgniter.php(432): CodeIgniter\CodeIgniter->runController(Object(App\Controllers\Record))
#5 /var/www/html/mymisdiagnosis/system/CodeIgniter.php(333): CodeIgniter\CodeIgniter->handleRequest(NULL, Object(Config\Cache), false)
#6 /var/www/html/mymisdiagnosis/index.php(44): CodeIgniter\CodeIgniter->run()
#7 {main}
INFO - 2022-01-06 16:07:52 --> Session: Class initialized using 'CodeIgniter\Session\Handlers\FileHandler' driver.
WARNING - 2022-01-06 16:07:52 --> Session: Sessions is enabled, and one exists.Please don't $session->start();
INFO - 2022-01-06 16:10:49 --> Session: Class initialized using 'CodeIgniter\Session\Handlers\FileHandler' driver.
WARNING - 2022-01-06 16:10:49 --> Session: Sessions is enabled, and one exists.Please don't $session->start();
INFO - 2022-01-06 16:14:54 --> Session: Class initialized using 'CodeIgniter\Session\Handlers\FileHandler' driver.
WARNING - 2022-01-06 16:14:54 --> Session: Sessions is enabled, and one exists.Please don't $session->start();
CRITICAL - 2022-01-06 16:14:54 --> Undefined variable: pager
#0 /var/www/html/mymisdiagnosis/app/Views/record_list.php(54): CodeIgniter\Debug\Exceptions->errorHandler(8, 'Undefined varia...', '/var/www/html/m...', 54, Array)
#1 /var/www/html/mymisdiagnosis/system/View/View.php(220): include('/var/www/html/m...')
#2 /var/www/html/mymisdiagnosis/system/View/View.php(222): CodeIgniter\View\View->CodeIgniter\View\{closure}()
#3 /var/www/html/mymisdiagnosis/system/Common.php(1217): CodeIgniter\View\View->render('record_list', Array, true)
#4 /var/www/html/mymisdiagnosis/app/Controllers/Record.php(67): view('record_list', Array)
#5 /var/www/html/mymisdiagnosis/system/CodeIgniter.php(936): App\Controllers\Record->index('$1')
#6 /var/www/html/mymisdiagnosis/system/CodeIgniter.php(432): CodeIgniter\CodeIgniter->runController(Object(App\Controllers\Record))
#7 /var/www/html/mymisdiagnosis/system/CodeIgniter.php(333): CodeIgniter\CodeIgniter->handleRequest(NULL, Object(Config\Cache), false)
#8 /var/www/html/mymisdiagnosis/index.php(44): CodeIgniter\CodeIgniter->run()
#9 {main}
INFO - 2022-01-06 16:17:57 --> Session: Class initialized using 'CodeIgniter\Session\Handlers\FileHandler' driver.
WARNING - 2022-01-06 16:17:57 --> Session: Sessions is enabled, and one exists.Please don't $session->start();
CRITICAL - 2022-01-06 16:17:57 --> Undefined variable: pager
#0 /var/www/html/mymisdiagnosis/app/Views/record_list.php(54): CodeIgniter\Debug\Exceptions->errorHandler(8, 'Undefined varia...', '/var/www/html/m...', 54, Array)
#1 /var/www/html/mymisdiagnosis/system/View/View.php(220): include('/var/www/html/m...')
#2 /var/www/html/mymisdiagnosis/system/View/View.php(222): CodeIgniter\View\View->CodeIgniter\View\{closure}()
#3 /var/www/html/mymisdiagnosis/system/Common.php(1217): CodeIgniter\View\View->render('record_list', Array, true)
#4 /var/www/html/mymisdiagnosis/app/Controllers/Record.php(67): view('record_list', Array)
#5 /var/www/html/mymisdiagnosis/system/CodeIgniter.php(936): App\Controllers\Record->index('$1')
#6 /var/www/html/mymisdiagnosis/system/CodeIgniter.php(432): CodeIgniter\CodeIgniter->runController(Object(App\Controllers\Record))
#7 /var/www/html/mymisdiagnosis/system/CodeIgniter.php(333): CodeIgniter\CodeIgniter->handleRequest(NULL, Object(Config\Cache), false)
#8 /var/www/html/mymisdiagnosis/index.php(44): CodeIgniter\CodeIgniter->run()
#9 {main}
INFO - 2022-01-06 16:19:40 --> Session: Class initialized using 'CodeIgniter\Session\Handlers\FileHandler' driver.
WARNING - 2022-01-06 16:19:40 --> Session: Sessions is enabled, and one exists.Please don't $session->start();
CRITICAL - 2022-01-06 16:19:40 --> Undefined variable: pager
#0 /var/www/html/mymisdiagnosis/app/Views/record_list.php(54): CodeIgniter\Debug\Exceptions->errorHandler(8, 'Undefined varia...', '/var/www/html/m...', 54, Array)
#1 /var/www/html/mymisdiagnosis/system/View/View.php(220): include('/var/www/html/m...')
#2 /var/www/html/mymisdiagnosis/system/View/View.php(222): CodeIgniter\View\View->CodeIgniter\View\{closure}()
#3 /var/www/html/mymisdiagnosis/system/Common.php(1217): CodeIgniter\View\View->render('record_list', Array, true)
#4 /var/www/html/mymisdiagnosis/app/Controllers/Record.php(67): view('record_list', Array)
#5 /var/www/html/mymisdiagnosis/system/CodeIgniter.php(936): App\Controllers\Record->index('$1')
#6 /var/www/html/mymisdiagnosis/system/CodeIgniter.php(432): CodeIgniter\CodeIgniter->runController(Object(App\Controllers\Record))
#7 /var/www/html/mymisdiagnosis/system/CodeIgniter.php(333): CodeIgniter\CodeIgniter->handleRequest(NULL, Object(Config\Cache), false)
#8 /var/www/html/mymisdiagnosis/index.php(44): CodeIgniter\CodeIgniter->run()
#9 {main}
INFO - 2022-01-06 16:20:09 --> Session: Class initialized using 'CodeIgniter\Session\Handlers\FileHandler' driver.
WARNING - 2022-01-06 16:20:09 --> Session: Sessions is enabled, and one exists.Please don't $session->start();
CRITICAL - 2022-01-06 16:20:09 --> Undefined variable: recordModel
#0 /var/www/html/mymisdiagnosis/app/Controllers/Record.php(65): CodeIgniter\Debug\Exceptions->errorHandler(8, 'Undefined varia...', '/var/www/html/m...', 65, Array)
#1 /var/www/html/mymisdiagnosis/system/CodeIgniter.php(936): App\Controllers\Record->index('$1')
#2 /var/www/html/mymisdiagnosis/system/CodeIgniter.php(432): CodeIgniter\CodeIgniter->runController(Object(App\Controllers\Record))
#3 /var/www/html/mymisdiagnosis/system/CodeIgniter.php(333): CodeIgniter\CodeIgniter->handleRequest(NULL, Object(Config\Cache), false)
#4 /var/www/html/mymisdiagnosis/index.php(44): CodeIgniter\CodeIgniter->run()
#5 {main}
INFO - 2022-01-06 16:20:53 --> Session: Class initialized using 'CodeIgniter\Session\Handlers\FileHandler' driver.
WARNING - 2022-01-06 16:20:53 --> Session: Sessions is enabled, and one exists.Please don't $session->start();
CRITICAL - 2022-01-06 16:20:53 --> Undefined variable: postModel
#0 /var/www/html/mymisdiagnosis/app/Controllers/Record.php(65): CodeIgniter\Debug\Exceptions->errorHandler(8, 'Undefined varia...', '/var/www/html/m...', 65, Array)
#1 /var/www/html/mymisdiagnosis/system/CodeIgniter.php(936): App\Controllers\Record->index('$1')
#2 /var/www/html/mymisdiagnosis/system/CodeIgniter.php(432): CodeIgniter\CodeIgniter->runController(Object(App\Controllers\Record))
#3 /var/www/html/mymisdiagnosis/system/CodeIgniter.php(333): CodeIgniter\CodeIgniter->handleRequest(NULL, Object(Config\Cache), false)
#4 /var/www/html/mymisdiagnosis/index.php(44): CodeIgniter\CodeIgniter->run()
#5 {main}
INFO - 2022-01-06 16:21:14 --> Session: Class initialized using 'CodeIgniter\Session\Handlers\FileHandler' driver.
WARNING - 2022-01-06 16:21:14 --> Session: Sessions is enabled, and one exists.Please don't $session->start();
CRITICAL - 2022-01-06 16:21:14 --> You must set the database table to be used with your query.
#0 /var/www/html/mymisdiagnosis/system/Model.php(615): CodeIgniter\Database\BaseConnection->table(NULL)
#1 /var/www/html/mymisdiagnosis/system/Model.php(570): CodeIgniter\Model->builder()
#2 /var/www/html/mymisdiagnosis/system/BaseModel.php(1140): CodeIgniter\Model->countAllResults(false)
#3 /var/www/html/mymisdiagnosis/app/Controllers/Record.php(65): CodeIgniter\BaseModel->paginate(6)
#4 /var/www/html/mymisdiagnosis/system/CodeIgniter.php(936): App\Controllers\Record->index('$1')
#5 /var/www/html/mymisdiagnosis/system/CodeIgniter.php(432): CodeIgniter\CodeIgniter->runController(Object(App\Controllers\Record))
#6 /var/www/html/mymisdiagnosis/system/CodeIgniter.php(333): CodeIgniter\CodeIgniter->handleRequest(NULL, Object(Config\Cache), false)
#7 /var/www/html/mymisdiagnosis/index.php(44): CodeIgniter\CodeIgniter->run()
#8 {main}
CRITICAL - 2022-01-06 16:22:26 --> syntax error, unexpected ']'
#0 /var/www/html/mymisdiagnosis/system/Autoloader/Autoloader.php(265): CodeIgniter\Autoloader\Autoloader->includeFile('/var/www/html/m...')
#1 /var/www/html/mymisdiagnosis/system/Autoloader/Autoloader.php(228): CodeIgniter\Autoloader\Autoloader->loadInNamespace('App\\Controllers...')
#2 [internal function]: CodeIgniter\Autoloader\Autoloader->loadClass('App\\Controllers...')
#3 [internal function]: spl_autoload_call('App\\Controllers...')
#4 /var/www/html/mymisdiagnosis/system/CodeIgniter.php(893): class_exists('\\App\\Controller...', true)
#5 /var/www/html/mymisdiagnosis/system/CodeIgniter.php(417): CodeIgniter\CodeIgniter->startController()
#6 /var/www/html/mymisdiagnosis/system/CodeIgniter.php(333): CodeIgniter\CodeIgniter->handleRequest(NULL, Object(Config\Cache), false)
#7 /var/www/html/mymisdiagnosis/index.php(44): CodeIgniter\CodeIgniter->run()
#8 {main}
CRITICAL - 2022-01-06 16:22:48 --> syntax error, unexpected 'echo' (T_ECHO)
#0 /var/www/html/mymisdiagnosis/system/Autoloader/Autoloader.php(265): CodeIgniter\Autoloader\Autoloader->includeFile('/var/www/html/m...')
#1 /var/www/html/mymisdiagnosis/system/Autoloader/Autoloader.php(228): CodeIgniter\Autoloader\Autoloader->loadInNamespace('App\\Controllers...')
#2 [internal function]: CodeIgniter\Autoloader\Autoloader->loadClass('App\\Controllers...')
#3 [internal function]: spl_autoload_call('App\\Controllers...')
#4 /var/www/html/mymisdiagnosis/system/CodeIgniter.php(893): class_exists('\\App\\Controller...', true)
#5 /var/www/html/mymisdiagnosis/system/CodeIgniter.php(417): CodeIgniter\CodeIgniter->startController()
#6 /var/www/html/mymisdiagnosis/system/CodeIgniter.php(333): CodeIgniter\CodeIgniter->handleRequest(NULL, Object(Config\Cache), false)
#7 /var/www/html/mymisdiagnosis/index.php(44): CodeIgniter\CodeIgniter->run()
#8 {main}
INFO - 2022-01-06 16:22:59 --> Session: Class initialized using 'CodeIgniter\Session\Handlers\FileHandler' driver.
WARNING - 2022-01-06 16:22:59 --> Session: Sessions is enabled, and one exists.Please don't $session->start();
CRITICAL - 2022-01-06 16:24:40 --> syntax error, unexpected ','
#0 /var/www/html/mymisdiagnosis/system/Autoloader/Autoloader.php(265): CodeIgniter\Autoloader\Autoloader->includeFile('/var/www/html/m...')
#1 /var/www/html/mymisdiagnosis/system/Autoloader/Autoloader.php(228): CodeIgniter\Autoloader\Autoloader->loadInNamespace('App\\Controllers...')
#2 [internal function]: CodeIgniter\Autoloader\Autoloader->loadClass('App\\Controllers...')
#3 [internal function]: spl_autoload_call('App\\Controllers...')
#4 /var/www/html/mymisdiagnosis/system/CodeIgniter.php(893): class_exists('\\App\\Controller...', true)
#5 /var/www/html/mymisdiagnosis/system/CodeIgniter.php(417): CodeIgniter\CodeIgniter->startController()
#6 /var/www/html/mymisdiagnosis/system/CodeIgniter.php(333): CodeIgniter\CodeIgniter->handleRequest(NULL, Object(Config\Cache), false)
#7 /var/www/html/mymisdiagnosis/index.php(44): CodeIgniter\CodeIgniter->run()
#8 {main}
INFO - 2022-01-06 16:24:51 --> Session: Class initialized using 'CodeIgniter\Session\Handlers\FileHandler' driver.
WARNING - 2022-01-06 16:24:51 --> Session: Sessions is enabled, and one exists.Please don't $session->start();
CRITICAL - 2022-01-06 16:24:51 --> You must set the database table to be used with your query.
#0 /var/www/html/mymisdiagnosis/system/Model.php(615): CodeIgniter\Database\BaseConnection->table(NULL)
#1 /var/www/html/mymisdiagnosis/system/Model.php(570): CodeIgniter\Model->builder()
#2 /var/www/html/mymisdiagnosis/system/BaseModel.php(1140): CodeIgniter\Model->countAllResults(false)
#3 /var/www/html/mymisdiagnosis/app/Controllers/Record.php(65): CodeIgniter\BaseModel->paginate(6)
#4 /var/www/html/mymisdiagnosis/system/CodeIgniter.php(936): App\Controllers\Record->index('$1')
#5 /var/www/html/mymisdiagnosis/system/CodeIgniter.php(432): CodeIgniter\CodeIgniter->runController(Object(App\Controllers\Record))
#6 /var/www/html/mymisdiagnosis/system/CodeIgniter.php(333): CodeIgniter\CodeIgniter->handleRequest(NULL, Object(Config\Cache), false)
#7 /var/www/html/mymisdiagnosis/index.php(44): CodeIgniter\CodeIgniter->run()
#8 {main}
INFO - 2022-01-06 16:25:04 --> Session: Class initialized using 'CodeIgniter\Session\Handlers\FileHandler' driver.
WARNING - 2022-01-06 16:25:04 --> Session: Sessions is enabled, and one exists.Please don't $session->start();
CRITICAL - 2022-01-06 16:25:04 --> You must set the database table to be used with your query.
#0 /var/www/html/mymisdiagnosis/system/Model.php(615): CodeIgniter\Database\BaseConnection->table(NULL)
#1 /var/www/html/mymisdiagnosis/system/Model.php(570): CodeIgniter\Model->builder()
#2 /var/www/html/mymisdiagnosis/system/BaseModel.php(1140): CodeIgniter\Model->countAllResults(false)
#3 /var/www/html/mymisdiagnosis/app/Controllers/Record.php(65): CodeIgniter\BaseModel->paginate(6)
#4 /var/www/html/mymisdiagnosis/system/CodeIgniter.php(936): App\Controllers\Record->index('$1')
#5 /var/www/html/mymisdiagnosis/system/CodeIgniter.php(432): CodeIgniter\CodeIgniter->runController(Object(App\Controllers\Record))
#6 /var/www/html/mymisdiagnosis/system/CodeIgniter.php(333): CodeIgniter\CodeIgniter->handleRequest(NULL, Object(Config\Cache), false)
#7 /var/www/html/mymisdiagnosis/index.php(44): CodeIgniter\CodeIgniter->run()
#8 {main}
INFO - 2022-01-06 16:26:21 --> Session: Class initialized using 'CodeIgniter\Session\Handlers\FileHandler' driver.
WARNING - 2022-01-06 16:26:21 --> Session: Sessions is enabled, and one exists.Please don't $session->start();
CRITICAL - 2022-01-06 16:26:21 --> You must set the database table to be used with your query.
#0 /var/www/html/mymisdiagnosis/system/Model.php(615): CodeIgniter\Database\BaseConnection->table(NULL)
#1 /var/www/html/mymisdiagnosis/system/Model.php(570): CodeIgniter\Model->builder()
#2 /var/www/html/mymisdiagnosis/system/BaseModel.php(1140): CodeIgniter\Model->countAllResults(false)
#3 /var/www/html/mymisdiagnosis/app/Controllers/Record.php(65): CodeIgniter\BaseModel->paginate(6)
#4 /var/www/html/mymisdiagnosis/system/CodeIgniter.php(936): App\Controllers\Record->index('$1')
#5 /var/www/html/mymisdiagnosis/system/CodeIgniter.php(432): CodeIgniter\CodeIgniter->runController(Object(App\Controllers\Record))
#6 /var/www/html/mymisdiagnosis/system/CodeIgniter.php(333): CodeIgniter\CodeIgniter->handleRequest(NULL, Object(Config\Cache), false)
#7 /var/www/html/mymisdiagnosis/index.php(44): CodeIgniter\CodeIgniter->run()
#8 {main}
INFO - 2022-01-06 16:26:33 --> Session: Class initialized using 'CodeIgniter\Session\Handlers\FileHandler' driver.
WARNING - 2022-01-06 16:26:33 --> Session: Sessions is enabled, and one exists.Please don't $session->start();
INFO - 2022-01-06 16:26:47 --> Session: Class initialized using 'CodeIgniter\Session\Handlers\FileHandler' driver.
WARNING - 2022-01-06 16:26:47 --> Session: Sessions is enabled, and one exists.Please don't $session->start();
CRITICAL - 2022-01-06 16:26:47 --> You must set the database table to be used with your query.
#0 /var/www/html/mymisdiagnosis/system/Model.php(615): CodeIgniter\Database\BaseConnection->table(NULL)
#1 /var/www/html/mymisdiagnosis/system/Model.php(570): CodeIgniter\Model->builder()
#2 /var/www/html/mymisdiagnosis/system/BaseModel.php(1140): CodeIgniter\Model->countAllResults(false)
#3 /var/www/html/mymisdiagnosis/app/Controllers/Record.php(65): CodeIgniter\BaseModel->paginate(6)
#4 /var/www/html/mymisdiagnosis/system/CodeIgniter.php(936): App\Controllers\Record->index('$1')
#5 /var/www/html/mymisdiagnosis/system/CodeIgniter.php(432): CodeIgniter\CodeIgniter->runController(Object(App\Controllers\Record))
#6 /var/www/html/mymisdiagnosis/system/CodeIgniter.php(333): CodeIgniter\CodeIgniter->handleRequest(NULL, Object(Config\Cache), false)
#7 /var/www/html/mymisdiagnosis/index.php(44): CodeIgniter\CodeIgniter->run()
#8 {main}
INFO - 2022-01-06 16:30:02 --> Session: Class initialized using 'CodeIgniter\Session\Handlers\FileHandler' driver.
WARNING - 2022-01-06 16:30:02 --> Session: Sessions is enabled, and one exists.Please don't $session->start();
CRITICAL - 2022-01-06 16:30:02 --> You must set the database table to be used with your query.
#0 /var/www/html/mymisdiagnosis/system/Model.php(615): CodeIgniter\Database\BaseConnection->table(NULL)
#1 /var/www/html/mymisdiagnosis/system/Model.php(570): CodeIgniter\Model->builder()
#2 /var/www/html/mymisdiagnosis/system/BaseModel.php(1140): CodeIgniter\Model->countAllResults(false)
#3 /var/www/html/mymisdiagnosis/app/Controllers/Record.php(65): CodeIgniter\BaseModel->paginate(6)
#4 /var/www/html/mymisdiagnosis/system/CodeIgniter.php(936): App\Controllers\Record->index('$1')
#5 /var/www/html/mymisdiagnosis/system/CodeIgniter.php(432): CodeIgniter\CodeIgniter->runController(Object(App\Controllers\Record))
#6 /var/www/html/mymisdiagnosis/system/CodeIgniter.php(333): CodeIgniter\CodeIgniter->handleRequest(NULL, Object(Config\Cache), false)
#7 /var/www/html/mymisdiagnosis/index.php(44): CodeIgniter\CodeIgniter->run()
#8 {main}
INFO - 2022-01-06 16:32:02 --> Session: Class initialized using 'CodeIgniter\Session\Handlers\FileHandler' driver.
WARNING - 2022-01-06 16:32:02 --> Session: Sessions is enabled, and one exists.Please don't $session->start();
CRITICAL - 2022-01-06 16:32:02 --> Undefined variable: pager
#0 /var/www/html/mymisdiagnosis/app/Views/record_list.php(54): CodeIgniter\Debug\Exceptions->errorHandler(8, 'Undefined varia...', '/var/www/html/m...', 54, Array)
#1 /var/www/html/mymisdiagnosis/system/View/View.php(220): include('/var/www/html/m...')
#2 /var/www/html/mymisdiagnosis/system/View/View.php(222): CodeIgniter\View\View->CodeIgniter\View\{closure}()
#3 /var/www/html/mymisdiagnosis/system/Common.php(1217): CodeIgniter\View\View->render('record_list', Array, true)
#4 /var/www/html/mymisdiagnosis/app/Controllers/Record.php(67): view('record_list', Array)
#5 /var/www/html/mymisdiagnosis/system/CodeIgniter.php(936): App\Controllers\Record->index('$1')
#6 /var/www/html/mymisdiagnosis/system/CodeIgniter.php(432): CodeIgniter\CodeIgniter->runController(Object(App\Controllers\Record))
#7 /var/www/html/mymisdiagnosis/system/CodeIgniter.php(333): CodeIgniter\CodeIgniter->handleRequest(NULL, Object(Config\Cache), false)
#8 /var/www/html/mymisdiagnosis/index.php(44): CodeIgniter\CodeIgniter->run()
#9 {main}
INFO - 2022-01-06 16:32:17 --> Session: Class initialized using 'CodeIgniter\Session\Handlers\FileHandler' driver.
WARNING - 2022-01-06 16:32:17 --> Session: Sessions is enabled, and one exists.Please don't $session->start();
INFO - 2022-01-06 16:36:23 --> Session: Class initialized using 'CodeIgniter\Session\Handlers\FileHandler' driver.
WARNING - 2022-01-06 16:36:23 --> Session: Sessions is enabled, and one exists.Please don't $session->start();
CRITICAL - 2022-01-06 16:36:23 --> Call to a member function paginate() on array
#0 /var/www/html/mymisdiagnosis/app/Controllers/Record.php(58): App\Models\RecordModel->getAllPosts('default', 'asc')
#1 /var/www/html/mymisdiagnosis/system/CodeIgniter.php(936): App\Controllers\Record->index('$1')
#2 /var/www/html/mymisdiagnosis/system/CodeIgniter.php(432): CodeIgniter\CodeIgniter->runController(Object(App\Controllers\Record))
#3 /var/www/html/mymisdiagnosis/system/CodeIgniter.php(333): CodeIgniter\CodeIgniter->handleRequest(NULL, Object(Config\Cache), false)
#4 /var/www/html/mymisdiagnosis/index.php(44): CodeIgniter\CodeIgniter->run()
#5 {main}
INFO - 2022-01-06 16:36:37 --> Session: Class initialized using 'CodeIgniter\Session\Handlers\FileHandler' driver.
WARNING - 2022-01-06 16:36:37 --> Session: Sessions is enabled, and one exists.Please don't $session->start();
CRITICAL - 2022-01-06 16:36:37 --> Call to a member function paginate() on array
#0 /var/www/html/mymisdiagnosis/app/Controllers/Record.php(58): App\Models\RecordModel->getAllPosts('default', 'asc')
#1 /var/www/html/mymisdiagnosis/system/CodeIgniter.php(936): App\Controllers\Record->index('$1')
#2 /var/www/html/mymisdiagnosis/system/CodeIgniter.php(432): CodeIgniter\CodeIgniter->runController(Object(App\Controllers\Record))
#3 /var/www/html/mymisdiagnosis/system/CodeIgniter.php(333): CodeIgniter\CodeIgniter->handleRequest(NULL, Object(Config\Cache), false)
#4 /var/www/html/mymisdiagnosis/index.php(44): CodeIgniter\CodeIgniter->run()
#5 {main}
INFO - 2022-01-06 16:36:52 --> Session: Class initialized using 'CodeIgniter\Session\Handlers\FileHandler' driver.
WARNING - 2022-01-06 16:36:52 --> Session: Sessions is enabled, and one exists.Please don't $session->start();
INFO - 2022-01-06 16:37:25 --> Session: Class initialized using 'CodeIgniter\Session\Handlers\FileHandler' driver.
WARNING - 2022-01-06 16:37:25 --> Session: Sessions is enabled, and one exists.Please don't $session->start();
CRITICAL - 2022-01-06 16:37:25 --> Call to undefined method CodeIgniter\Database\MySQLi\Builder::paginate()
#0 /var/www/html/mymisdiagnosis/app/Controllers/Record.php(58): App\Models\RecordModel->getAllPosts('default', 'asc')
#1 /var/www/html/mymisdiagnosis/system/CodeIgniter.php(936): App\Controllers\Record->index('$1')
#2 /var/www/html/mymisdiagnosis/system/CodeIgniter.php(432): CodeIgniter\CodeIgniter->runController(Object(App\Controllers\Record))
#3 /var/www/html/mymisdiagnosis/system/CodeIgniter.php(333): CodeIgniter\CodeIgniter->handleRequest(NULL, Object(Config\Cache), false)
#4 /var/www/html/mymisdiagnosis/index.php(44): CodeIgniter\CodeIgniter->run()
#5 {main}
INFO - 2022-01-06 16:37:49 --> Session: Class initialized using 'CodeIgniter\Session\Handlers\FileHandler' driver.
WARNING - 2022-01-06 16:37:49 --> Session: Sessions is enabled, and one exists.Please don't $session->start();
INFO - 2022-01-06 16:38:19 --> Session: Class initialized using 'CodeIgniter\Session\Handlers\FileHandler' driver.
WARNING - 2022-01-06 16:38:19 --> Session: Sessions is enabled, and one exists.Please don't $session->start();
CRITICAL - 2022-01-06 16:38:19 --> Call to a member function paginate() on array
#0 /var/www/html/mymisdiagnosis/system/CodeIgniter.php(936): App\Controllers\Record->index('$1')
#1 /var/www/html/mymisdiagnosis/system/CodeIgniter.php(432): CodeIgniter\CodeIgniter->runController(Object(App\Controllers\Record))
#2 /var/www/html/mymisdiagnosis/system/CodeIgniter.php(333): CodeIgniter\CodeIgniter->handleRequest(NULL, Object(Config\Cache), false)
#3 /var/www/html/mymisdiagnosis/index.php(44): CodeIgniter\CodeIgniter->run()
#4 {main}
CRITICAL - 2022-01-06 16:39:48 --> syntax error, unexpected '->' (T_OBJECT_OPERATOR)
#0 /var/www/html/mymisdiagnosis/system/Autoloader/Autoloader.php(265): CodeIgniter\Autoloader\Autoloader->includeFile('/var/www/html/m...')
#1 /var/www/html/mymisdiagnosis/system/Autoloader/Autoloader.php(228): CodeIgniter\Autoloader\Autoloader->loadInNamespace('App\\Controllers...')
#2 [internal function]: CodeIgniter\Autoloader\Autoloader->loadClass('App\\Controllers...')
#3 [internal function]: spl_autoload_call('App\\Controllers...')
#4 /var/www/html/mymisdiagnosis/system/CodeIgniter.php(893): class_exists('\\App\\Controller...', true)
#5 /var/www/html/mymisdiagnosis/system/CodeIgniter.php(417): CodeIgniter\CodeIgniter->startController()
#6 /var/www/html/mymisdiagnosis/system/CodeIgniter.php(333): CodeIgniter\CodeIgniter->handleRequest(NULL, Object(Config\Cache), false)
#7 /var/www/html/mymisdiagnosis/index.php(44): CodeIgniter\CodeIgniter->run()
#8 {main}
CRITICAL - 2022-01-06 16:40:03 --> syntax error, unexpected '->' (T_OBJECT_OPERATOR)
#0 /var/www/html/mymisdiagnosis/system/Autoloader/Autoloader.php(265): CodeIgniter\Autoloader\Autoloader->includeFile('/var/www/html/m...')
#1 /var/www/html/mymisdiagnosis/system/Autoloader/Autoloader.php(228): CodeIgniter\Autoloader\Autoloader->loadInNamespace('App\\Controllers...')
#2 [internal function]: CodeIgniter\Autoloader\Autoloader->loadClass('App\\Controllers...')
#3 [internal function]: spl_autoload_call('App\\Controllers...')
#4 /var/www/html/mymisdiagnosis/system/CodeIgniter.php(893): class_exists('\\App\\Controller...', true)
#5 /var/www/html/mymisdiagnosis/system/CodeIgniter.php(417): CodeIgniter\CodeIgniter->startController()
#6 /var/www/html/mymisdiagnosis/system/CodeIgniter.php(333): CodeIgniter\CodeIgniter->handleRequest(NULL, Object(Config\Cache), false)
#7 /var/www/html/mymisdiagnosis/index.php(44): CodeIgniter\CodeIgniter->run()
#8 {main}
INFO - 2022-01-06 16:46:30 --> Session: Class initialized using 'CodeIgniter\Session\Handlers\FileHandler' driver.
WARNING - 2022-01-06 16:46:30 --> Session: Sessions is enabled, and one exists.Please don't $session->start();
CRITICAL - 2022-01-06 16:46:30 --> Undefined variable: model
#0 /var/www/html/mymisdiagnosis/app/Controllers/Record.php(64): CodeIgniter\Debug\Exceptions->errorHandler(8, 'Undefined varia...', '/var/www/html/m...', 64, Array)
#1 /var/www/html/mymisdiagnosis/system/CodeIgniter.php(936): App\Controllers\Record->index('$1')
#2 /var/www/html/mymisdiagnosis/system/CodeIgniter.php(432): CodeIgniter\CodeIgniter->runController(Object(App\Controllers\Record))
#3 /var/www/html/mymisdiagnosis/system/CodeIgniter.php(333): CodeIgniter\CodeIgniter->handleRequest(NULL, Object(Config\Cache), false)
#4 /var/www/html/mymisdiagnosis/index.php(44): CodeIgniter\CodeIgniter->run()
#5 {main}
INFO - 2022-01-06 16:46:55 --> Session: Class initialized using 'CodeIgniter\Session\Handlers\FileHandler' driver.
WARNING - 2022-01-06 16:46:55 --> Session: Sessions is enabled, and one exists.Please don't $session->start();
CRITICAL - 2022-01-06 16:46:55 --> Undefined variable: model
#0 /var/www/html/mymisdiagnosis/app/Controllers/Record.php(64): CodeIgniter\Debug\Exceptions->errorHandler(8, 'Undefined varia...', '/var/www/html/m...', 64, Array)
#1 /var/www/html/mymisdiagnosis/system/CodeIgniter.php(936): App\Controllers\Record->index('$1')
#2 /var/www/html/mymisdiagnosis/system/CodeIgniter.php(432): CodeIgniter\CodeIgniter->runController(Object(App\Controllers\Record))
#3 /var/www/html/mymisdiagnosis/system/CodeIgniter.php(333): CodeIgniter\CodeIgniter->handleRequest(NULL, Object(Config\Cache), false)
#4 /var/www/html/mymisdiagnosis/index.php(44): CodeIgniter\CodeIgniter->run()
#5 {main}
INFO - 2022-01-06 16:47:18 --> Session: Class initialized using 'CodeIgniter\Session\Handlers\FileHandler' driver.
WARNING - 2022-01-06 16:47:18 --> Session: Sessions is enabled, and one exists.Please don't $session->start();
CRITICAL - 2022-01-06 16:47:18 --> You must set the database table to be used with your query.
#0 /var/www/html/mymisdiagnosis/system/Model.php(615): CodeIgniter\Database\BaseConnection->table(NULL)
#1 /var/www/html/mymisdiagnosis/system/Model.php(570): CodeIgniter\Model->builder()
#2 /var/www/html/mymisdiagnosis/system/BaseModel.php(1140): CodeIgniter\Model->countAllResults(false)
#3 /var/www/html/mymisdiagnosis/app/Controllers/Record.php(64): CodeIgniter\BaseModel->paginate(5)
#4 /var/www/html/mymisdiagnosis/system/CodeIgniter.php(936): App\Controllers\Record->index('$1')
#5 /var/www/html/mymisdiagnosis/system/CodeIgniter.php(432): CodeIgniter\CodeIgniter->runController(Object(App\Controllers\Record))
#6 /var/www/html/mymisdiagnosis/system/CodeIgniter.php(333): CodeIgniter\CodeIgniter->handleRequest(NULL, Object(Config\Cache), false)
#7 /var/www/html/mymisdiagnosis/index.php(44): CodeIgniter\CodeIgniter->run()
#8 {main}
INFO - 2022-01-06 16:47:36 --> Session: Class initialized using 'CodeIgniter\Session\Handlers\FileHandler' driver.
WARNING - 2022-01-06 16:47:36 --> Session: Sessions is enabled, and one exists.Please don't $session->start();
CRITICAL - 2022-01-06 16:47:36 --> You must set the database table to be used with your query.
#0 /var/www/html/mymisdiagnosis/system/Model.php(615): CodeIgniter\Database\BaseConnection->table(NULL)
#1 /var/www/html/mymisdiagnosis/system/Model.php(570): CodeIgniter\Model->builder()
#2 /var/www/html/mymisdiagnosis/system/BaseModel.php(1140): CodeIgniter\Model->countAllResults(false)
#3 /var/www/html/mymisdiagnosis/app/Controllers/Record.php(64): CodeIgniter\BaseModel->paginate(5)
#4 /var/www/html/mymisdiagnosis/system/CodeIgniter.php(936): App\Controllers\Record->index('$1')
#5 /var/www/html/mymisdiagnosis/system/CodeIgniter.php(432): CodeIgniter\CodeIgniter->runController(Object(App\Controllers\Record))
#6 /var/www/html/mymisdiagnosis/system/CodeIgniter.php(333): CodeIgniter\CodeIgniter->handleRequest(NULL, Object(Config\Cache), false)
#7 /var/www/html/mymisdiagnosis/index.php(44): CodeIgniter\CodeIgniter->run()
#8 {main}
INFO - 2022-01-06 16:49:42 --> Session: Class initialized using 'CodeIgniter\Session\Handlers\FileHandler' driver.
WARNING - 2022-01-06 16:49:42 --> Session: Sessions is enabled, and one exists.Please don't $session->start();
CRITICAL - 2022-01-06 16:49:42 --> Call to a member function paginate() on array
#0 /var/www/html/mymisdiagnosis/system/CodeIgniter.php(936): App\Controllers\Record->index('$1')
#1 /var/www/html/mymisdiagnosis/system/CodeIgniter.php(432): CodeIgniter\CodeIgniter->runController(Object(App\Controllers\Record))
#2 /var/www/html/mymisdiagnosis/system/CodeIgniter.php(333): CodeIgniter\CodeIgniter->handleRequest(NULL, Object(Config\Cache), false)
#3 /var/www/html/mymisdiagnosis/index.php(44): CodeIgniter\CodeIgniter->run()
#4 {main}
INFO - 2022-01-06 16:50:14 --> Session: Class initialized using 'CodeIgniter\Session\Handlers\FileHandler' driver.
WARNING - 2022-01-06 16:50:14 --> Session: Sessions is enabled, and one exists.Please don't $session->start();
INFO - 2022-01-06 16:59:43 --> Session: Class initialized using 'CodeIgniter\Session\Handlers\FileHandler' driver.
WARNING - 2022-01-06 16:59:43 --> Session: Sessions is enabled, and one exists.Please don't $session->start();
CRITICAL - 2022-01-06 16:59:43 --> Undefined variable: pager
#0 /var/www/html/mymisdiagnosis/app/Views/record_list.php(54): CodeIgniter\Debug\Exceptions->errorHandler(8, 'Undefined varia...', '/var/www/html/m...', 54, Array)
#1 /var/www/html/mymisdiagnosis/system/View/View.php(220): include('/var/www/html/m...')
#2 /var/www/html/mymisdiagnosis/system/View/View.php(222): CodeIgniter\View\View->CodeIgniter\View\{closure}()
#3 /var/www/html/mymisdiagnosis/system/Common.php(1217): CodeIgniter\View\View->render('record_list', Array, true)
#4 /var/www/html/mymisdiagnosis/app/Controllers/Record.php(67): view('record_list', Array)
#5 /var/www/html/mymisdiagnosis/system/CodeIgniter.php(936): App\Controllers\Record->index('$1')
#6 /var/www/html/mymisdiagnosis/system/CodeIgniter.php(432): CodeIgniter\CodeIgniter->runController(Object(App\Controllers\Record))
#7 /var/www/html/mymisdiagnosis/system/CodeIgniter.php(333): CodeIgniter\CodeIgniter->handleRequest(NULL, Object(Config\Cache), false)
#8 /var/www/html/mymisdiagnosis/index.php(44): CodeIgniter\CodeIgniter->run()
#9 {main}
INFO - 2022-01-06 17:00:52 --> Session: Class initialized using 'CodeIgniter\Session\Handlers\FileHandler' driver.
WARNING - 2022-01-06 17:00:52 --> Session: Sessions is enabled, and one exists.Please don't $session->start();
CRITICAL - 2022-01-06 17:00:52 --> You must set the database table to be used with your query.
#0 /var/www/html/mymisdiagnosis/system/Model.php(615): CodeIgniter\Database\BaseConnection->table(NULL)
#1 /var/www/html/mymisdiagnosis/system/Model.php(570): CodeIgniter\Model->builder()
#2 /var/www/html/mymisdiagnosis/system/BaseModel.php(1140): CodeIgniter\Model->countAllResults(false)
#3 /var/www/html/mymisdiagnosis/app/Controllers/Record.php(65): CodeIgniter\BaseModel->paginate(6)
#4 /var/www/html/mymisdiagnosis/system/CodeIgniter.php(936): App\Controllers\Record->index('$1')
#5 /var/www/html/mymisdiagnosis/system/CodeIgniter.php(432): CodeIgniter\CodeIgniter->runController(Object(App\Controllers\Record))
#6 /var/www/html/mymisdiagnosis/system/CodeIgniter.php(333): CodeIgniter\CodeIgniter->handleRequest(NULL, Object(Config\Cache), false)
#7 /var/www/html/mymisdiagnosis/index.php(44): CodeIgniter\CodeIgniter->run()
#8 {main}
INFO - 2022-01-06 17:01:11 --> Session: Class initialized using 'CodeIgniter\Session\Handlers\FileHandler' driver.
WARNING - 2022-01-06 17:01:11 --> Session: Sessions is enabled, and one exists.Please don't $session->start();
CRITICAL - 2022-01-06 17:01:11 --> You must set the database table to be used with your query.
#0 /var/www/html/mymisdiagnosis/system/Model.php(615): CodeIgniter\Database\BaseConnection->table(NULL)
#1 /var/www/html/mymisdiagnosis/system/Model.php(570): CodeIgniter\Model->builder()
#2 /var/www/html/mymisdiagnosis/system/BaseModel.php(1140): CodeIgniter\Model->countAllResults(false)
#3 /var/www/html/mymisdiagnosis/app/Controllers/Record.php(65): CodeIgniter\BaseModel->paginate(6)
#4 /var/www/html/mymisdiagnosis/system/CodeIgniter.php(936): App\Controllers\Record->index('$1')
#5 /var/www/html/mymisdiagnosis/system/CodeIgniter.php(432): CodeIgniter\CodeIgniter->runController(Object(App\Controllers\Record))
#6 /var/www/html/mymisdiagnosis/system/CodeIgniter.php(333): CodeIgniter\CodeIgniter->handleRequest(NULL, Object(Config\Cache), false)
#7 /var/www/html/mymisdiagnosis/index.php(44): CodeIgniter\CodeIgniter->run()
#8 {main}
CRITICAL - 2022-01-06 17:02:12 --> syntax error, unexpected ','
#0 /var/www/html/mymisdiagnosis/system/Autoloader/Autoloader.php(265): CodeIgniter\Autoloader\Autoloader->includeFile('/var/www/html/m...')
#1 /var/www/html/mymisdiagnosis/system/Autoloader/Autoloader.php(228): CodeIgniter\Autoloader\Autoloader->loadInNamespace('App\\Controllers...')
#2 [internal function]: CodeIgniter\Autoloader\Autoloader->loadClass('App\\Controllers...')
#3 [internal function]: spl_autoload_call('App\\Controllers...')
#4 /var/www/html/mymisdiagnosis/system/CodeIgniter.php(893): class_exists('\\App\\Controller...', true)
#5 /var/www/html/mymisdiagnosis/system/CodeIgniter.php(417): CodeIgniter\CodeIgniter->startController()
#6 /var/www/html/mymisdiagnosis/system/CodeIgniter.php(333): CodeIgniter\CodeIgniter->handleRequest(NULL, Object(Config\Cache), false)
#7 /var/www/html/mymisdiagnosis/index.php(44): CodeIgniter\CodeIgniter->run()
#8 {main}
CRITICAL - 2022-01-06 17:02:47 --> syntax error, unexpected ','
#0 /var/www/html/mymisdiagnosis/system/Autoloader/Autoloader.php(265): CodeIgniter\Autoloader\Autoloader->includeFile('/var/www/html/m...')
#1 /var/www/html/mymisdiagnosis/system/Autoloader/Autoloader.php(228): CodeIgniter\Autoloader\Autoloader->loadInNamespace('App\\Controllers...')
#2 [internal function]: CodeIgniter\Autoloader\Autoloader->loadClass('App\\Controllers...')
#3 [internal function]: spl_autoload_call('App\\Controllers...')
#4 /var/www/html/mymisdiagnosis/system/CodeIgniter.php(893): class_exists('\\App\\Controller...', true)
#5 /var/www/html/mymisdiagnosis/system/CodeIgniter.php(417): CodeIgniter\CodeIgniter->startController()
#6 /var/www/html/mymisdiagnosis/system/CodeIgniter.php(333): CodeIgniter\CodeIgniter->handleRequest(NULL, Object(Config\Cache), false)
#7 /var/www/html/mymisdiagnosis/index.php(44): CodeIgniter\CodeIgniter->run()
#8 {main}
CRITICAL - 2022-01-06 17:03:07 --> syntax error, unexpected ','
#0 /var/www/html/mymisdiagnosis/system/Autoloader/Autoloader.php(265): CodeIgniter\Autoloader\Autoloader->includeFile('/var/www/html/m...')
#1 /var/www/html/mymisdiagnosis/system/Autoloader/Autoloader.php(228): CodeIgniter\Autoloader\Autoloader->loadInNamespace('App\\Controllers...')
#2 [internal function]: CodeIgniter\Autoloader\Autoloader->loadClass('App\\Controllers...')
#3 [internal function]: spl_autoload_call('App\\Controllers...')
#4 /var/www/html/mymisdiagnosis/system/CodeIgniter.php(893): class_exists('\\App\\Controller...', true)
#5 /var/www/html/mymisdiagnosis/system/CodeIgniter.php(417): CodeIgniter\CodeIgniter->startController()
#6 /var/www/html/mymisdiagnosis/system/CodeIgniter.php(333): CodeIgniter\CodeIgniter->handleRequest(NULL, Object(Config\Cache), false)
#7 /var/www/html/mymisdiagnosis/index.php(44): CodeIgniter\CodeIgniter->run()
#8 {main}
CRITICAL - 2022-01-06 17:03:37 --> syntax error, unexpected '=>' (T_DOUBLE_ARROW)
#0 /var/www/html/mymisdiagnosis/system/Autoloader/Autoloader.php(265): CodeIgniter\Autoloader\Autoloader->includeFile('/var/www/html/m...')
#1 /var/www/html/mymisdiagnosis/system/Autoloader/Autoloader.php(228): CodeIgniter\Autoloader\Autoloader->loadInNamespace('App\\Controllers...')
#2 [internal function]: CodeIgniter\Autoloader\Autoloader->loadClass('App\\Controllers...')
#3 [internal function]: spl_autoload_call('App\\Controllers...')
#4 /var/www/html/mymisdiagnosis/system/CodeIgniter.php(893): class_exists('\\App\\Controller...', true)
#5 /var/www/html/mymisdiagnosis/system/CodeIgniter.php(417): CodeIgniter\CodeIgniter->startController()
#6 /var/www/html/mymisdiagnosis/system/CodeIgniter.php(333): CodeIgniter\CodeIgniter->handleRequest(NULL, Object(Config\Cache), false)
#7 /var/www/html/mymisdiagnosis/index.php(44): CodeIgniter\CodeIgniter->run()
#8 {main}
INFO - 2022-01-06 17:03:58 --> Session: Class initialized using 'CodeIgniter\Session\Handlers\FileHandler' driver.
WARNING - 2022-01-06 17:03:58 --> Session: Sessions is enabled, and one exists.Please don't $session->start();
CRITICAL - 2022-01-06 17:03:58 --> You must set the database table to be used with your query.
#0 /var/www/html/mymisdiagnosis/system/Model.php(615): CodeIgniter\Database\BaseConnection->table(NULL)
#1 /var/www/html/mymisdiagnosis/system/Model.php(570): CodeIgniter\Model->builder()
#2 /var/www/html/mymisdiagnosis/system/BaseModel.php(1140): CodeIgniter\Model->countAllResults(false)
#3 /var/www/html/mymisdiagnosis/app/Controllers/Record.php(64): CodeIgniter\BaseModel->paginate(6)
#4 /var/www/html/mymisdiagnosis/system/CodeIgniter.php(936): App\Controllers\Record->index('$1')
#5 /var/www/html/mymisdiagnosis/system/CodeIgniter.php(432): CodeIgniter\CodeIgniter->runController(Object(App\Controllers\Record))
#6 /var/www/html/mymisdiagnosis/system/CodeIgniter.php(333): CodeIgniter\CodeIgniter->handleRequest(NULL, Object(Config\Cache), false)
#7 /var/www/html/mymisdiagnosis/index.php(44): CodeIgniter\CodeIgniter->run()
#8 {main}
INFO - 2022-01-06 17:04:19 --> Session: Class initialized using 'CodeIgniter\Session\Handlers\FileHandler' driver.
WARNING - 2022-01-06 17:04:19 --> Session: Sessions is enabled, and one exists.Please don't $session->start();
CRITICAL - 2022-01-06 17:04:19 --> You must set the database table to be used with your query.
#0 /var/www/html/mymisdiagnosis/system/Model.php(615): CodeIgniter\Database\BaseConnection->table(NULL)
#1 /var/www/html/mymisdiagnosis/system/Model.php(570): CodeIgniter\Model->builder()
#2 /var/www/html/mymisdiagnosis/system/BaseModel.php(1140): CodeIgniter\Model->countAllResults(false)
#3 /var/www/html/mymisdiagnosis/app/Controllers/Record.php(64): CodeIgniter\BaseModel->paginate(6)
#4 /var/www/html/mymisdiagnosis/system/CodeIgniter.php(936): App\Controllers\Record->index('$1')
#5 /var/www/html/mymisdiagnosis/system/CodeIgniter.php(432): CodeIgniter\CodeIgniter->runController(Object(App\Controllers\Record))
#6 /var/www/html/mymisdiagnosis/system/CodeIgniter.php(333): CodeIgniter\CodeIgniter->handleRequest(NULL, Object(Config\Cache), false)
#7 /var/www/html/mymisdiagnosis/index.php(44): CodeIgniter\CodeIgniter->run()
#8 {main}
INFO - 2022-01-06 17:05:09 --> Session: Class initialized using 'CodeIgniter\Session\Handlers\FileHandler' driver.
WARNING - 2022-01-06 17:05:09 --> Session: Sessions is enabled, and one exists.Please don't $session->start();
CRITICAL - 2022-01-06 17:05:09 --> Call to a member function paginate() on array
#0 /var/www/html/mymisdiagnosis/system/CodeIgniter.php(936): App\Controllers\Record->index('$1')
#1 /var/www/html/mymisdiagnosis/system/CodeIgniter.php(432): CodeIgniter\CodeIgniter->runController(Object(App\Controllers\Record))
#2 /var/www/html/mymisdiagnosis/system/CodeIgniter.php(333): CodeIgniter\CodeIgniter->handleRequest(NULL, Object(Config\Cache), false)
#3 /var/www/html/mymisdiagnosis/index.php(44): CodeIgniter\CodeIgniter->run()
#4 {main}
INFO - 2022-01-06 17:05:43 --> Session: Class initialized using 'CodeIgniter\Session\Handlers\FileHandler' driver.
WARNING - 2022-01-06 17:05:43 --> Session: Sessions is enabled, and one exists.Please don't $session->start();
CRITICAL - 2022-01-06 17:05:43 --> You must set the database table to be used with your query.
#0 /var/www/html/mymisdiagnosis/system/Model.php(615): CodeIgniter\Database\BaseConnection->table(NULL)
#1 /var/www/html/mymisdiagnosis/system/Model.php(570): CodeIgniter\Model->builder()
#2 /var/www/html/mymisdiagnosis/system/BaseModel.php(1140): CodeIgniter\Model->countAllResults(false)
#3 /var/www/html/mymisdiagnosis/app/Controllers/Record.php(58): CodeIgniter\BaseModel->paginate(6)
#4 /var/www/html/mymisdiagnosis/system/CodeIgniter.php(936): App\Controllers\Record->index('$1')
#5 /var/www/html/mymisdiagnosis/system/CodeIgniter.php(432): CodeIgniter\CodeIgniter->runController(Object(App\Controllers\Record))
#6 /var/www/html/mymisdiagnosis/system/CodeIgniter.php(333): CodeIgniter\CodeIgniter->handleRequest(NULL, Object(Config\Cache), false)
#7 /var/www/html/mymisdiagnosis/index.php(44): CodeIgniter\CodeIgniter->run()
#8 {main}
INFO - 2022-01-06 17:05:55 --> Session: Class initialized using 'CodeIgniter\Session\Handlers\FileHandler' driver.
WARNING - 2022-01-06 17:05:55 --> Session: Sessions is enabled, and one exists.Please don't $session->start();
CRITICAL - 2022-01-06 17:05:55 --> You must set the database table to be used with your query.
#0 /var/www/html/mymisdiagnosis/system/Model.php(615): CodeIgniter\Database\BaseConnection->table(NULL)
#1 /var/www/html/mymisdiagnosis/system/Model.php(570): CodeIgniter\Model->builder()
#2 /var/www/html/mymisdiagnosis/system/BaseModel.php(1140): CodeIgniter\Model->countAllResults(false)
#3 /var/www/html/mymisdiagnosis/app/Controllers/Record.php(58): CodeIgniter\BaseModel->paginate(6)
#4 /var/www/html/mymisdiagnosis/system/CodeIgniter.php(936): App\Controllers\Record->index('$1')
#5 /var/www/html/mymisdiagnosis/system/CodeIgniter.php(432): CodeIgniter\CodeIgniter->runController(Object(App\Controllers\Record))
#6 /var/www/html/mymisdiagnosis/system/CodeIgniter.php(333): CodeIgniter\CodeIgniter->handleRequest(NULL, Object(Config\Cache), false)
#7 /var/www/html/mymisdiagnosis/index.php(44): CodeIgniter\CodeIgniter->run()
#8 {main}
INFO - 2022-01-06 17:06:07 --> Session: Class initialized using 'CodeIgniter\Session\Handlers\FileHandler' driver.
WARNING - 2022-01-06 17:06:07 --> Session: Sessions is enabled, and one exists.Please don't $session->start();
CRITICAL - 2022-01-06 17:06:07 --> Call to a member function paginate() on array
#0 /var/www/html/mymisdiagnosis/system/CodeIgniter.php(936): App\Controllers\Record->index('$1')
#1 /var/www/html/mymisdiagnosis/system/CodeIgniter.php(432): CodeIgniter\CodeIgniter->runController(Object(App\Controllers\Record))
#2 /var/www/html/mymisdiagnosis/system/CodeIgniter.php(333): CodeIgniter\CodeIgniter->handleRequest(NULL, Object(Config\Cache), false)
#3 /var/www/html/mymisdiagnosis/index.php(44): CodeIgniter\CodeIgniter->run()
#4 {main}
INFO - 2022-01-06 17:06:34 --> Session: Class initialized using 'CodeIgniter\Session\Handlers\FileHandler' driver.
WARNING - 2022-01-06 17:06:34 --> Session: Sessions is enabled, and one exists.Please don't $session->start();
CRITICAL - 2022-01-06 17:06:34 --> You must set the database table to be used with your query.
#0 /var/www/html/mymisdiagnosis/system/Model.php(615): CodeIgniter\Database\BaseConnection->table(NULL)
#1 /var/www/html/mymisdiagnosis/system/Model.php(570): CodeIgniter\Model->builder()
#2 /var/www/html/mymisdiagnosis/system/BaseModel.php(1140): CodeIgniter\Model->countAllResults(false)
#3 /var/www/html/mymisdiagnosis/app/Controllers/Record.php(58): CodeIgniter\BaseModel->paginate(6)
#4 /var/www/html/mymisdiagnosis/system/CodeIgniter.php(936): App\Controllers\Record->index('$1')
#5 /var/www/html/mymisdiagnosis/system/CodeIgniter.php(432): CodeIgniter\CodeIgniter->runController(Object(App\Controllers\Record))
#6 /var/www/html/mymisdiagnosis/system/CodeIgniter.php(333): CodeIgniter\CodeIgniter->handleRequest(NULL, Object(Config\Cache), false)
#7 /var/www/html/mymisdiagnosis/index.php(44): CodeIgniter\CodeIgniter->run()
#8 {main}
INFO - 2022-01-06 17:06:46 --> Session: Class initialized using 'CodeIgniter\Session\Handlers\FileHandler' driver.
WARNING - 2022-01-06 17:06:46 --> Session: Sessions is enabled, and one exists.Please don't $session->start();
INFO - 2022-01-06 17:07:05 --> Session: Class initialized using 'CodeIgniter\Session\Handlers\FileHandler' driver.
WARNING - 2022-01-06 17:07:05 --> Session: Sessions is enabled, and one exists.Please don't $session->start();
INFO - 2022-01-06 17:08:18 --> Session: Class initialized using 'CodeIgniter\Session\Handlers\FileHandler' driver.
WARNING - 2022-01-06 17:08:18 --> Session: Sessions is enabled, and one exists.Please don't $session->start();
CRITICAL - 2022-01-06 17:08:18 --> Call to undefined method CodeIgniter\Database\MySQLi\Builder::paginate()
#0 /var/www/html/mymisdiagnosis/app/Controllers/Record.php(58): App\Models\RecordModel->getAllPosts('default', 'asc')
#1 /var/www/html/mymisdiagnosis/system/CodeIgniter.php(936): App\Controllers\Record->index('$1')
#2 /var/www/html/mymisdiagnosis/system/CodeIgniter.php(432): CodeIgniter\CodeIgniter->runController(Object(App\Controllers\Record))
#3 /var/www/html/mymisdiagnosis/system/CodeIgniter.php(333): CodeIgniter\CodeIgniter->handleRequest(NULL, Object(Config\Cache), false)
#4 /var/www/html/mymisdiagnosis/index.php(44): CodeIgniter\CodeIgniter->run()
#5 {main}
INFO - 2022-01-06 17:09:21 --> Session: Class initialized using 'CodeIgniter\Session\Handlers\FileHandler' driver.
WARNING - 2022-01-06 17:09:21 --> Session: Sessions is enabled, and one exists.Please don't $session->start();
CRITICAL - 2022-01-06 17:09:21 --> You must set the database table to be used with your query.
#0 /var/www/html/mymisdiagnosis/system/Model.php(615): CodeIgniter\Database\BaseConnection->table(NULL)
#1 /var/www/html/mymisdiagnosis/system/Model.php(570): CodeIgniter\Model->builder()
#2 /var/www/html/mymisdiagnosis/system/BaseModel.php(1140): CodeIgniter\Model->countAllResults(false)
#3 /var/www/html/mymisdiagnosis/app/Controllers/Record.php(58): CodeIgniter\BaseModel->paginate(6)
#4 /var/www/html/mymisdiagnosis/system/CodeIgniter.php(936): App\Controllers\Record->index('$1')
#5 /var/www/html/mymisdiagnosis/system/CodeIgniter.php(432): CodeIgniter\CodeIgniter->runController(Object(App\Controllers\Record))
#6 /var/www/html/mymisdiagnosis/system/CodeIgniter.php(333): CodeIgniter\CodeIgniter->handleRequest(NULL, Object(Config\Cache), false)
#7 /var/www/html/mymisdiagnosis/index.php(44): CodeIgniter\CodeIgniter->run()
#8 {main}
INFO - 2022-01-06 17:10:48 --> Session: Class initialized using 'CodeIgniter\Session\Handlers\FileHandler' driver.
WARNING - 2022-01-06 17:10:48 --> Session: Sessions is enabled, and one exists.Please don't $session->start();
CRITICAL - 2022-01-06 17:10:48 --> You must set the database table to be used with your query.
#0 /var/www/html/mymisdiagnosis/system/Model.php(615): CodeIgniter\Database\BaseConnection->table(NULL)
#1 /var/www/html/mymisdiagnosis/system/Model.php(570): CodeIgniter\Model->builder()
#2 /var/www/html/mymisdiagnosis/system/BaseModel.php(1140): CodeIgniter\Model->countAllResults(false)
#3 /var/www/html/mymisdiagnosis/app/Controllers/Record.php(58): CodeIgniter\BaseModel->paginate(6)
#4 /var/www/html/mymisdiagnosis/system/CodeIgniter.php(936): App\Controllers\Record->index('$1')
#5 /var/www/html/mymisdiagnosis/system/CodeIgniter.php(432): CodeIgniter\CodeIgniter->runController(Object(App\Controllers\Record))
#6 /var/www/html/mymisdiagnosis/system/CodeIgniter.php(333): CodeIgniter\CodeIgniter->handleRequest(NULL, Object(Config\Cache), false)
#7 /var/www/html/mymisdiagnosis/index.php(44): CodeIgniter\CodeIgniter->run()
#8 {main}
INFO - 2022-01-06 17:11:10 --> Session: Class initialized using 'CodeIgniter\Session\Handlers\FileHandler' driver.
WARNING - 2022-01-06 17:11:10 --> Session: Sessions is enabled, and one exists.Please don't $session->start();
CRITICAL - 2022-01-06 17:11:10 --> You must set the database table to be used with your query.
#0 /var/www/html/mymisdiagnosis/system/Model.php(615): CodeIgniter\Database\BaseConnection->table(NULL)
#1 /var/www/html/mymisdiagnosis/system/Model.php(570): CodeIgniter\Model->builder()
#2 /var/www/html/mymisdiagnosis/system/BaseModel.php(1140): CodeIgniter\Model->countAllResults(false)
#3 /var/www/html/mymisdiagnosis/app/Controllers/Record.php(60): CodeIgniter\BaseModel->paginate(5)
#4 /var/www/html/mymisdiagnosis/system/CodeIgniter.php(936): App\Controllers\Record->index('$1')
#5 /var/www/html/mymisdiagnosis/system/CodeIgniter.php(432): CodeIgniter\CodeIgniter->runController(Object(App\Controllers\Record))
#6 /var/www/html/mymisdiagnosis/system/CodeIgniter.php(333): CodeIgniter\CodeIgniter->handleRequest(NULL, Object(Config\Cache), false)
#7 /var/www/html/mymisdiagnosis/index.php(44): CodeIgniter\CodeIgniter->run()
#8 {main}
INFO - 2022-01-06 17:11:37 --> Session: Class initialized using 'CodeIgniter\Session\Handlers\FileHandler' driver.
WARNING - 2022-01-06 17:11:37 --> Session: Sessions is enabled, and one exists.Please don't $session->start();
CRITICAL - 2022-01-06 17:11:37 --> Undefined variable: post_xmodel
#0 /var/www/html/mymisdiagnosis/app/Controllers/Record.php(60): CodeIgniter\Debug\Exceptions->errorHandler(8, 'Undefined varia...', '/var/www/html/m...', 60, Array)
#1 /var/www/html/mymisdiagnosis/system/CodeIgniter.php(936): App\Controllers\Record->index('$1')
#2 /var/www/html/mymisdiagnosis/system/CodeIgniter.php(432): CodeIgniter\CodeIgniter->runController(Object(App\Controllers\Record))
#3 /var/www/html/mymisdiagnosis/system/CodeIgniter.php(333): CodeIgniter\CodeIgniter->handleRequest(NULL, Object(Config\Cache), false)
#4 /var/www/html/mymisdiagnosis/index.php(44): CodeIgniter\CodeIgniter->run()
#5 {main}
INFO - 2022-01-06 17:11:53 --> Session: Class initialized using 'CodeIgniter\Session\Handlers\FileHandler' driver.
WARNING - 2022-01-06 17:11:53 --> Session: Sessions is enabled, and one exists.Please don't $session->start();
CRITICAL - 2022-01-06 17:11:53 --> You must set the database table to be used with your query.
#0 /var/www/html/mymisdiagnosis/system/Model.php(615): CodeIgniter\Database\BaseConnection->table(NULL)
#1 /var/www/html/mymisdiagnosis/system/Model.php(570): CodeIgniter\Model->builder()
#2 /var/www/html/mymisdiagnosis/system/BaseModel.php(1140): CodeIgniter\Model->countAllResults(false)
#3 /var/www/html/mymisdiagnosis/app/Controllers/Record.php(60): CodeIgniter\BaseModel->paginate(5)
#4 /var/www/html/mymisdiagnosis/system/CodeIgniter.php(936): App\Controllers\Record->index('$1')
#5 /var/www/html/mymisdiagnosis/system/CodeIgniter.php(432): CodeIgniter\CodeIgniter->runController(Object(App\Controllers\Record))
#6 /var/www/html/mymisdiagnosis/system/CodeIgniter.php(333): CodeIgniter\CodeIgniter->handleRequest(NULL, Object(Config\Cache), false)
#7 /var/www/html/mymisdiagnosis/index.php(44): CodeIgniter\CodeIgniter->run()
#8 {main}
INFO - 2022-01-06 17:17:37 --> Session: Class initialized using 'CodeIgniter\Session\Handlers\FileHandler' driver.
WARNING - 2022-01-06 17:17:37 --> Session: Sessions is enabled, and one exists.Please don't $session->start();
INFO - 2022-01-06 17:18:50 --> Session: Class initialized using 'CodeIgniter\Session\Handlers\FileHandler' driver.
WARNING - 2022-01-06 17:18:50 --> Session: Sessions is enabled, and one exists.Please don't $session->start();
CRITICAL - 2022-01-06 17:18:50 --> You must set the database table to be used with your query.
#0 /var/www/html/mymisdiagnosis/system/Model.php(615): CodeIgniter\Database\BaseConnection->table(NULL)
#1 /var/www/html/mymisdiagnosis/system/Model.php(570): CodeIgniter\Model->builder()
#2 /var/www/html/mymisdiagnosis/system/BaseModel.php(1140): CodeIgniter\Model->countAllResults(false)
#3 /var/www/html/mymisdiagnosis/app/Controllers/Record.php(58): CodeIgniter\BaseModel->paginate(10)
#4 /var/www/html/mymisdiagnosis/system/CodeIgniter.php(936): App\Controllers\Record->index('$1')
#5 /var/www/html/mymisdiagnosis/system/CodeIgniter.php(432): CodeIgniter\CodeIgniter->runController(Object(App\Controllers\Record))
#6 /var/www/html/mymisdiagnosis/system/CodeIgniter.php(333): CodeIgniter\CodeIgniter->handleRequest(NULL, Object(Config\Cache), false)
#7 /var/www/html/mymisdiagnosis/index.php(44): CodeIgniter\CodeIgniter->run()
#8 {main}
INFO - 2022-01-06 17:19:59 --> Session: Class initialized using 'CodeIgniter\Session\Handlers\FileHandler' driver.
WARNING - 2022-01-06 17:19:59 --> Session: Sessions is enabled, and one exists.Please don't $session->start();
CRITICAL - 2022-01-06 17:19:59 --> You must set the database table to be used with your query.
#0 /var/www/html/mymisdiagnosis/system/Model.php(615): CodeIgniter\Database\BaseConnection->table(NULL)
#1 /var/www/html/mymisdiagnosis/system/Model.php(570): CodeIgniter\Model->builder()
#2 /var/www/html/mymisdiagnosis/system/BaseModel.php(1140): CodeIgniter\Model->countAllResults(false)
#3 /var/www/html/mymisdiagnosis/app/Controllers/Record.php(58): CodeIgniter\BaseModel->paginate(10)
#4 /var/www/html/mymisdiagnosis/system/CodeIgniter.php(936): App\Controllers\Record->index('$1')
#5 /var/www/html/mymisdiagnosis/system/CodeIgniter.php(432): CodeIgniter\CodeIgniter->runController(Object(App\Controllers\Record))
#6 /var/www/html/mymisdiagnosis/system/CodeIgniter.php(333): CodeIgniter\CodeIgniter->handleRequest(NULL, Object(Config\Cache), false)
#7 /var/www/html/mymisdiagnosis/index.php(44): CodeIgniter\CodeIgniter->run()
#8 {main}
INFO - 2022-01-06 17:20:15 --> Session: Class initialized using 'CodeIgniter\Session\Handlers\FileHandler' driver.
WARNING - 2022-01-06 17:20:15 --> Session: Sessions is enabled, and one exists.Please don't $session->start();
INFO - 2022-01-06 17:20:38 --> Session: Class initialized using 'CodeIgniter\Session\Handlers\FileHandler' driver.
WARNING - 2022-01-06 17:20:39 --> Session: Sessions is enabled, and one exists.Please don't $session->start();
INFO - 2022-01-06 17:20:42 --> Session: Class initialized using 'CodeIgniter\Session\Handlers\FileHandler' driver.
WARNING - 2022-01-06 17:20:42 --> Session: Sessions is enabled, and one exists.Please don't $session->start();
INFO - 2022-01-06 17:20:48 --> Session: Class initialized using 'CodeIgniter\Session\Handlers\FileHandler' driver.
WARNING - 2022-01-06 17:20:48 --> Session: Sessions is enabled, and one exists.Please don't $session->start();
INFO - 2022-01-06 17:20:51 --> Session: Class initialized using 'CodeIgniter\Session\Handlers\FileHandler' driver.
WARNING - 2022-01-06 17:20:51 --> Session: Sessions is enabled, and one exists.Please don't $session->start();
INFO - 2022-01-06 18:08:40 --> Session: Class initialized using 'CodeIgniter\Session\Handlers\FileHandler' driver.
WARNING - 2022-01-06 18:08:40 --> Session: Sessions is enabled, and one exists.Please don't $session->start();
CRITICAL - 2022-01-06 18:08:40 --> Undefined variable: jobs
#0 /var/www/html/mymisdiagnosis/app/Controllers/Record.php(58): CodeIgniter\Debug\Exceptions->errorHandler(8, 'Undefined varia...', '/var/www/html/m...', 58, Array)
#1 /var/www/html/mymisdiagnosis/system/CodeIgniter.php(936): App\Controllers\Record->index('$1')
#2 /var/www/html/mymisdiagnosis/system/CodeIgniter.php(432): CodeIgniter\CodeIgniter->runController(Object(App\Controllers\Record))
#3 /var/www/html/mymisdiagnosis/system/CodeIgniter.php(333): CodeIgniter\CodeIgniter->handleRequest(NULL, Object(Config\Cache), false)
#4 /var/www/html/mymisdiagnosis/index.php(44): CodeIgniter\CodeIgniter->run()
#5 {main}
INFO - 2022-01-06 18:09:08 --> Session: Class initialized using 'CodeIgniter\Session\Handlers\FileHandler' driver.
WARNING - 2022-01-06 18:09:08 --> Session: Sessions is enabled, and one exists.Please don't $session->start();
CRITICAL - 2022-01-06 18:09:08 --> You must set the database table to be used with your query.
#0 /var/www/html/mymisdiagnosis/system/Model.php(615): CodeIgniter\Database\BaseConnection->table(NULL)
#1 /var/www/html/mymisdiagnosis/system/Model.php(570): CodeIgniter\Model->builder()
#2 /var/www/html/mymisdiagnosis/system/BaseModel.php(1140): CodeIgniter\Model->countAllResults(false)
#3 /var/www/html/mymisdiagnosis/app/Controllers/Record.php(58): CodeIgniter\BaseModel->paginate(10)
#4 /var/www/html/mymisdiagnosis/system/CodeIgniter.php(936): App\Controllers\Record->index('$1')
#5 /var/www/html/mymisdiagnosis/system/CodeIgniter.php(432): CodeIgniter\CodeIgniter->runController(Object(App\Controllers\Record))
#6 /var/www/html/mymisdiagnosis/system/CodeIgniter.php(333): CodeIgniter\CodeIgniter->handleRequest(NULL, Object(Config\Cache), false)
#7 /var/www/html/mymisdiagnosis/index.php(44): CodeIgniter\CodeIgniter->run()
#8 {main}
INFO - 2022-01-06 18:09:41 --> Session: Class initialized using 'CodeIgniter\Session\Handlers\FileHandler' driver.
WARNING - 2022-01-06 18:09:41 --> Session: Sessions is enabled, and one exists.Please don't $session->start();
CRITICAL - 2022-01-06 18:09:41 --> Call to a member function paginate() on array
#0 /var/www/html/mymisdiagnosis/system/CodeIgniter.php(936): App\Controllers\Record->index('$1')
#1 /var/www/html/mymisdiagnosis/system/CodeIgniter.php(432): CodeIgniter\CodeIgniter->runController(Object(App\Controllers\Record))
#2 /var/www/html/mymisdiagnosis/system/CodeIgniter.php(333): CodeIgniter\CodeIgniter->handleRequest(NULL, Object(Config\Cache), false)
#3 /var/www/html/mymisdiagnosis/index.php(44): CodeIgniter\CodeIgniter->run()
#4 {main}
INFO - 2022-01-06 18:13:01 --> Session: Class initialized using 'CodeIgniter\Session\Handlers\FileHandler' driver.
WARNING - 2022-01-06 18:13:01 --> Session: Sessions is enabled, and one exists.Please don't $session->start();
CRITICAL - 2022-01-06 18:13:01 --> Call to undefined method CodeIgniter\Database\MySQLi\Builder::paginate()
#0 /var/www/html/mymisdiagnosis/app/Controllers/Record.php(58): App\Models\RecordModel->getAllPosts('default', 'asc')
#1 /var/www/html/mymisdiagnosis/system/CodeIgniter.php(936): App\Controllers\Record->index('$1')
#2 /var/www/html/mymisdiagnosis/system/CodeIgniter.php(432): CodeIgniter\CodeIgniter->runController(Object(App\Controllers\Record))
#3 /var/www/html/mymisdiagnosis/system/CodeIgniter.php(333): CodeIgniter\CodeIgniter->handleRequest(NULL, Object(Config\Cache), false)
#4 /var/www/html/mymisdiagnosis/index.php(44): CodeIgniter\CodeIgniter->run()
#5 {main}
INFO - 2022-01-06 18:14:49 --> Session: Class initialized using 'CodeIgniter\Session\Handlers\FileHandler' driver.
WARNING - 2022-01-06 18:14:49 --> Session: Sessions is enabled, and one exists.Please don't $session->start();
CRITICAL - 2022-01-06 18:14:49 --> Call to a member function paginate() on array
#0 /var/www/html/mymisdiagnosis/system/CodeIgniter.php(936): App\Controllers\Record->index('$1')
#1 /var/www/html/mymisdiagnosis/system/CodeIgniter.php(432): CodeIgniter\CodeIgniter->runController(Object(App\Controllers\Record))
#2 /var/www/html/mymisdiagnosis/system/CodeIgniter.php(333): CodeIgniter\CodeIgniter->handleRequest(NULL, Object(Config\Cache), false)
#3 /var/www/html/mymisdiagnosis/index.php(44): CodeIgniter\CodeIgniter->run()
#4 {main}
INFO - 2022-01-06 18:15:12 --> Session: Class initialized using 'CodeIgniter\Session\Handlers\FileHandler' driver.
WARNING - 2022-01-06 18:15:12 --> Session: Sessions is enabled, and one exists.Please don't $session->start();
INFO - 2022-01-06 18:16:05 --> Session: Class initialized using 'CodeIgniter\Session\Handlers\FileHandler' driver.
WARNING - 2022-01-06 18:16:05 --> Session: Sessions is enabled, and one exists.Please don't $session->start();
CRITICAL - 2022-01-06 18:16:05 --> Call to undefined method CodeIgniter\Database\MySQLi\Builder::paginate()
#0 /var/www/html/mymisdiagnosis/app/Controllers/Record.php(58): App\Models\RecordModel->getAllPosts('default', 'asc')
#1 /var/www/html/mymisdiagnosis/system/CodeIgniter.php(936): App\Controllers\Record->index('$1')
#2 /var/www/html/mymisdiagnosis/system/CodeIgniter.php(432): CodeIgniter\CodeIgniter->runController(Object(App\Controllers\Record))
#3 /var/www/html/mymisdiagnosis/system/CodeIgniter.php(333): CodeIgniter\CodeIgniter->handleRequest(NULL, Object(Config\Cache), false)
#4 /var/www/html/mymisdiagnosis/index.php(44): CodeIgniter\CodeIgniter->run()
#5 {main}
INFO - 2022-01-06 18:18:29 --> Session: Class initialized using 'CodeIgniter\Session\Handlers\FileHandler' driver.
WARNING - 2022-01-06 18:18:29 --> Session: Sessions is enabled, and one exists.Please don't $session->start();
CRITICAL - 2022-01-06 18:18:29 --> Call to undefined method CodeIgniter\Database\MySQLi\Builder::paginate()
#0 /var/www/html/mymisdiagnosis/app/Controllers/Record.php(58): App\Models\RecordModel->getAllPosts('default', 'asc')
#1 /var/www/html/mymisdiagnosis/system/CodeIgniter.php(936): App\Controllers\Record->index('$1')
#2 /var/www/html/mymisdiagnosis/system/CodeIgniter.php(432): CodeIgniter\CodeIgniter->runController(Object(App\Controllers\Record))
#3 /var/www/html/mymisdiagnosis/system/CodeIgniter.php(333): CodeIgniter\CodeIgniter->handleRequest(NULL, Object(Config\Cache), false)
#4 /var/www/html/mymisdiagnosis/index.php(44): CodeIgniter\CodeIgniter->run()
#5 {main}
CRITICAL - 2022-01-06 18:19:36 --> syntax error, unexpected '->' (T_OBJECT_OPERATOR)
#0 /var/www/html/mymisdiagnosis/system/Autoloader/Autoloader.php(265): CodeIgniter\Autoloader\Autoloader->includeFile('/var/www/html/m...')
#1 /var/www/html/mymisdiagnosis/system/Autoloader/Autoloader.php(228): CodeIgniter\Autoloader\Autoloader->loadInNamespace('App\\Controllers...')
#2 [internal function]: CodeIgniter\Autoloader\Autoloader->loadClass('App\\Controllers...')
#3 [internal function]: spl_autoload_call('App\\Controllers...')
#4 /var/www/html/mymisdiagnosis/system/CodeIgniter.php(893): class_exists('\\App\\Controller...', true)
#5 /var/www/html/mymisdiagnosis/system/CodeIgniter.php(417): CodeIgniter\CodeIgniter->startController()
#6 /var/www/html/mymisdiagnosis/system/CodeIgniter.php(333): CodeIgniter\CodeIgniter->handleRequest(NULL, Object(Config\Cache), false)
#7 /var/www/html/mymisdiagnosis/index.php(44): CodeIgniter\CodeIgniter->run()
#8 {main}
INFO - 2022-01-06 18:20:34 --> Session: Class initialized using 'CodeIgniter\Session\Handlers\FileHandler' driver.
WARNING - 2022-01-06 18:20:34 --> Session: Sessions is enabled, and one exists.Please don't $session->start();
CRITICAL - 2022-01-06 18:20:34 --> You must set the database table to be used with your query.
#0 /var/www/html/mymisdiagnosis/system/Model.php(615): CodeIgniter\Database\BaseConnection->table(NULL)
#1 /var/www/html/mymisdiagnosis/system/Model.php(570): CodeIgniter\Model->builder()
#2 /var/www/html/mymisdiagnosis/system/BaseModel.php(1140): CodeIgniter\Model->countAllResults(false)
#3 /var/www/html/mymisdiagnosis/app/Controllers/Record.php(58): CodeIgniter\BaseModel->paginate(6)
#4 /var/www/html/mymisdiagnosis/system/CodeIgniter.php(936): App\Controllers\Record->index('$1')
#5 /var/www/html/mymisdiagnosis/system/CodeIgniter.php(432): CodeIgniter\CodeIgniter->runController(Object(App\Controllers\Record))
#6 /var/www/html/mymisdiagnosis/system/CodeIgniter.php(333): CodeIgniter\CodeIgniter->handleRequest(NULL, Object(Config\Cache), false)
#7 /var/www/html/mymisdiagnosis/index.php(44): CodeIgniter\CodeIgniter->run()
#8 {main}
INFO - 2022-01-06 18:23:10 --> Session: Class initialized using 'CodeIgniter\Session\Handlers\FileHandler' driver.
WARNING - 2022-01-06 18:23:10 --> Session: Sessions is enabled, and one exists.Please don't $session->start();
CRITICAL - 2022-01-06 18:23:10 --> You must set the database table to be used with your query.
#0 /var/www/html/mymisdiagnosis/system/Model.php(615): CodeIgniter\Database\BaseConnection->table(NULL)
#1 /var/www/html/mymisdiagnosis/system/Model.php(570): CodeIgniter\Model->builder()
#2 /var/www/html/mymisdiagnosis/system/BaseModel.php(1140): CodeIgniter\Model->countAllResults(false)
#3 /var/www/html/mymisdiagnosis/app/Controllers/Record.php(58): CodeIgniter\BaseModel->paginate(6)
#4 /var/www/html/mymisdiagnosis/system/CodeIgniter.php(936): App\Controllers\Record->index('$1')
#5 /var/www/html/mymisdiagnosis/system/CodeIgniter.php(432): CodeIgniter\CodeIgniter->runController(Object(App\Controllers\Record))
#6 /var/www/html/mymisdiagnosis/system/CodeIgniter.php(333): CodeIgniter\CodeIgniter->handleRequest(NULL, Object(Config\Cache), false)
#7 /var/www/html/mymisdiagnosis/index.php(44): CodeIgniter\CodeIgniter->run()
#8 {main}
INFO - 2022-01-06 18:25:10 --> Session: Class initialized using 'CodeIgniter\Session\Handlers\FileHandler' driver.
WARNING - 2022-01-06 18:25:10 --> Session: Sessions is enabled, and one exists.Please don't $session->start();
CRITICAL - 2022-01-06 18:25:10 --> You must set the database table to be used with your query.
#0 /var/www/html/mymisdiagnosis/system/Model.php(615): CodeIgniter\Database\BaseConnection->table(NULL)
#1 /var/www/html/mymisdiagnosis/system/Model.php(570): CodeIgniter\Model->builder()
#2 /var/www/html/mymisdiagnosis/system/BaseModel.php(1140): CodeIgniter\Model->countAllResults(false)
#3 /var/www/html/mymisdiagnosis/app/Controllers/Record.php(58): CodeIgniter\BaseModel->paginate(6)
#4 /var/www/html/mymisdiagnosis/system/CodeIgniter.php(936): App\Controllers\Record->index('$1')
#5 /var/www/html/mymisdiagnosis/system/CodeIgniter.php(432): CodeIgniter\CodeIgniter->runController(Object(App\Controllers\Record))
#6 /var/www/html/mymisdiagnosis/system/CodeIgniter.php(333): CodeIgniter\CodeIgniter->handleRequest(NULL, Object(Config\Cache), false)
#7 /var/www/html/mymisdiagnosis/index.php(44): CodeIgniter\CodeIgniter->run()
#8 {main}
INFO - 2022-01-06 18:26:14 --> Session: Class initialized using 'CodeIgniter\Session\Handlers\FileHandler' driver.
WARNING - 2022-01-06 18:26:14 --> Session: Sessions is enabled, and one exists.Please don't $session->start();
CRITICAL - 2022-01-06 18:26:14 --> Undefined variable: pager
#0 /var/www/html/mymisdiagnosis/app/Views/record_list.php(54): CodeIgniter\Debug\Exceptions->errorHandler(8, 'Undefined varia...', '/var/www/html/m...', 54, Array)
#1 /var/www/html/mymisdiagnosis/system/View/View.php(220): include('/var/www/html/m...')
#2 /var/www/html/mymisdiagnosis/system/View/View.php(222): CodeIgniter\View\View->CodeIgniter\View\{closure}()
#3 /var/www/html/mymisdiagnosis/system/Common.php(1217): CodeIgniter\View\View->render('record_list', Array, true)
#4 /var/www/html/mymisdiagnosis/app/Controllers/Record.php(69): view('record_list', Array)
#5 /var/www/html/mymisdiagnosis/system/CodeIgniter.php(936): App\Controllers\Record->index('$1')
#6 /var/www/html/mymisdiagnosis/system/CodeIgniter.php(432): CodeIgniter\CodeIgniter->runController(Object(App\Controllers\Record))
#7 /var/www/html/mymisdiagnosis/system/CodeIgniter.php(333): CodeIgniter\CodeIgniter->handleRequest(NULL, Object(Config\Cache), false)
#8 /var/www/html/mymisdiagnosis/index.php(44): CodeIgniter\CodeIgniter->run()
#9 {main}
INFO - 2022-01-06 18:26:37 --> Session: Class initialized using 'CodeIgniter\Session\Handlers\FileHandler' driver.
WARNING - 2022-01-06 18:26:37 --> Session: Sessions is enabled, and one exists.Please don't $session->start();
INFO - 2022-01-06 18:26:47 --> Session: Class initialized using 'CodeIgniter\Session\Handlers\FileHandler' driver.
WARNING - 2022-01-06 18:26:47 --> Session: Sessions is enabled, and one exists.Please don't $session->start();
INFO - 2022-01-06 18:26:54 --> Session: Class initialized using 'CodeIgniter\Session\Handlers\FileHandler' driver.
WARNING - 2022-01-06 18:26:54 --> Session: Sessions is enabled, and one exists.Please don't $session->start();
INFO - 2022-01-06 18:34:08 --> Session: Class initialized using 'CodeIgniter\Session\Handlers\FileHandler' driver.
WARNING - 2022-01-06 18:34:08 --> Session: Sessions is enabled, and one exists.Please don't $session->start();
CRITICAL - 2022-01-06 18:34:08 --> Call to a member function makeLinks() on null
#0 /var/www/html/mymisdiagnosis/system/View/View.php(220): include()
#1 /var/www/html/mymisdiagnosis/system/View/View.php(222): CodeIgniter\View\View->CodeIgniter\View\{closure}()
#2 /var/www/html/mymisdiagnosis/system/Common.php(1217): CodeIgniter\View\View->render('record_list', Array, true)
#3 /var/www/html/mymisdiagnosis/app/Controllers/Record.php(70): view('record_list', Array)
#4 /var/www/html/mymisdiagnosis/system/CodeIgniter.php(936): App\Controllers\Record->index('$1')
#5 /var/www/html/mymisdiagnosis/system/CodeIgniter.php(432): CodeIgniter\CodeIgniter->runController(Object(App\Controllers\Record))
#6 /var/www/html/mymisdiagnosis/system/CodeIgniter.php(333): CodeIgniter\CodeIgniter->handleRequest(NULL, Object(Config\Cache), false)
#7 /var/www/html/mymisdiagnosis/index.php(44): CodeIgniter\CodeIgniter->run()
#8 {main}
