INFO - 2021-12-13 14:07:24 --> Session: Class initialized using 'CodeIgniter\Session\Handlers\FileHandler' driver.
INFO - 2021-12-13 14:07:28 --> Session: Class initialized using 'CodeIgniter\Session\Handlers\FileHandler' driver.
INFO - 2021-12-13 14:12:28 --> Session: Class initialized using 'CodeIgniter\Session\Handlers\FileHandler' driver.
INFO - 2021-12-13 14:12:30 --> Session: Class initialized using 'CodeIgniter\Session\Handlers\FileHandler' driver.
INFO - 2021-12-13 14:14:03 --> Session: Class initialized using 'CodeIgniter\Session\Handlers\FileHandler' driver.
INFO - 2021-12-13 14:14:05 --> Session: Class initialized using 'CodeIgniter\Session\Handlers\FileHandler' driver.
INFO - 2021-12-13 14:15:39 --> Session: Class initialized using 'CodeIgniter\Session\Handlers\FileHandler' driver.
INFO - 2021-12-13 14:15:41 --> Session: Class initialized using 'CodeIgniter\Session\Handlers\FileHandler' driver.
INFO - 2021-12-13 14:18:34 --> Session: Class initialized using 'CodeIgniter\Session\Handlers\FileHandler' driver.
INFO - 2021-12-13 14:18:37 --> Session: Class initialized using 'CodeIgniter\Session\Handlers\FileHandler' driver.
INFO - 2021-12-13 14:20:39 --> Session: Class initialized using 'CodeIgniter\Session\Handlers\FileHandler' driver.
INFO - 2021-12-13 14:22:01 --> Session: Class initialized using 'CodeIgniter\Session\Handlers\FileHandler' driver.
INFO - 2021-12-13 14:22:03 --> Session: Class initialized using 'CodeIgniter\Session\Handlers\FileHandler' driver.
INFO - 2021-12-13 14:34:24 --> Session: Class initialized using 'CodeIgniter\Session\Handlers\FileHandler' driver.
INFO - 2021-12-13 14:34:25 --> Session: Class initialized using 'CodeIgniter\Session\Handlers\FileHandler' driver.
INFO - 2021-12-13 14:34:28 --> Session: Class initialized using 'CodeIgniter\Session\Handlers\FileHandler' driver.
INFO - 2021-12-13 14:34:39 --> Session: Class initialized using 'CodeIgniter\Session\Handlers\FileHandler' driver.
INFO - 2021-12-13 14:34:42 --> Session: Class initialized using 'CodeIgniter\Session\Handlers\FileHandler' driver.
INFO - 2021-12-13 14:51:47 --> Session: Class initialized using 'CodeIgniter\Session\Handlers\FileHandler' driver.
INFO - 2021-12-13 14:51:50 --> Session: Class initialized using 'CodeIgniter\Session\Handlers\FileHandler' driver.
INFO - 2021-12-13 14:55:57 --> Session: Class initialized using 'CodeIgniter\Session\Handlers\FileHandler' driver.
CRITICAL - 2021-12-13 14:55:59 --> Call to undefined method CodeIgniter\Email\Email::print_debugger()
#0 /var/www/html/mymisdiagnosis/app/ThirdParty/IonAuth/Controllers/Auth.php(328): IonAuth\Libraries\IonAuth->forgottenPassword('clive.france@gm...')
#1 /var/www/html/mymisdiagnosis/system/CodeIgniter.php(936): IonAuth\Controllers\Auth->forgot_password()
#2 /var/www/html/mymisdiagnosis/system/CodeIgniter.php(432): CodeIgniter\CodeIgniter->runController(Object(App\Controllers\Auth))
#3 /var/www/html/mymisdiagnosis/system/CodeIgniter.php(333): CodeIgniter\CodeIgniter->handleRequest(NULL, Object(Config\Cache), false)
#4 /var/www/html/mymisdiagnosis/index.php(44): CodeIgniter\CodeIgniter->run()
#5 {main}
INFO - 2021-12-13 15:07:22 --> Session: Class initialized using 'CodeIgniter\Session\Handlers\FileHandler' driver.
INFO - 2021-12-13 15:07:30 --> Session: Class initialized using 'CodeIgniter\Session\Handlers\FileHandler' driver.
INFO - 2021-12-13 15:07:33 --> Session: Class initialized using 'CodeIgniter\Session\Handlers\FileHandler' driver.
INFO - 2021-12-13 15:11:01 --> Session: Class initialized using 'CodeIgniter\Session\Handlers\FileHandler' driver.
INFO - 2021-12-13 15:11:03 --> Session: Class initialized using 'CodeIgniter\Session\Handlers\FileHandler' driver.
INFO - 2021-12-13 15:15:19 --> Session: Class initialized using 'CodeIgniter\Session\Handlers\FileHandler' driver.
INFO - 2021-12-13 15:15:23 --> Session: Class initialized using 'CodeIgniter\Session\Handlers\FileHandler' driver.
INFO - 2021-12-13 15:47:36 --> Session: Class initialized using 'CodeIgniter\Session\Handlers\FileHandler' driver.
INFO - 2021-12-13 15:47:36 --> Session: Class initialized using 'CodeIgniter\Session\Handlers\FileHandler' driver.
INFO - 2021-12-13 15:47:36 --> Session: Class initialized using 'CodeIgniter\Session\Handlers\FileHandler' driver.
INFO - 2021-12-13 15:56:23 --> Session: Class initialized using 'CodeIgniter\Session\Handlers\FileHandler' driver.
INFO - 2021-12-13 15:56:27 --> Session: Class initialized using 'CodeIgniter\Session\Handlers\FileHandler' driver.
CRITICAL - 2021-12-13 15:58:10 --> syntax error, unexpected ';', expecting ']'
#0 /var/www/html/mymisdiagnosis/system/Autoloader/Autoloader.php(265): CodeIgniter\Autoloader\Autoloader->includeFile('/var/www/html/m...')
#1 /var/www/html/mymisdiagnosis/system/Autoloader/Autoloader.php(228): CodeIgniter\Autoloader\Autoloader->loadInNamespace('Config\\IonAuth')
#2 [internal function]: CodeIgniter\Autoloader\Autoloader->loadClass('Config\\IonAuth')
#3 [internal function]: spl_autoload_call('Config\\IonAuth')
#4 /var/www/html/mymisdiagnosis/system/Config/Factories.php(144): class_exists('Config\\IonAuth')
#5 /var/www/html/mymisdiagnosis/system/Config/Factories.php(109): CodeIgniter\Config\Factories::locateClass(Array, 'IonAuth')
#6 /var/www/html/mymisdiagnosis/system/Common.php(225): CodeIgniter\Config\Factories::__callStatic('config', Array)
#7 /var/www/html/mymisdiagnosis/app/ThirdParty/IonAuth/Libraries/IonAuth.php(60): config('IonAuth')
#8 /var/www/html/mymisdiagnosis/app/ThirdParty/IonAuth/Controllers/Auth.php(73): IonAuth\Libraries\IonAuth->__construct()
#9 /var/www/html/mymisdiagnosis/system/CodeIgniter.php(908): IonAuth\Controllers\Auth->__construct()
#10 /var/www/html/mymisdiagnosis/system/CodeIgniter.php(422): CodeIgniter\CodeIgniter->createController()
#11 /var/www/html/mymisdiagnosis/system/CodeIgniter.php(333): CodeIgniter\CodeIgniter->handleRequest(NULL, Object(Config\Cache), false)
#12 /var/www/html/mymisdiagnosis/index.php(44): CodeIgniter\CodeIgniter->run()
#13 {main}
INFO - 2021-12-13 15:58:53 --> Session: Class initialized using 'CodeIgniter\Session\Handlers\FileHandler' driver.
INFO - 2021-12-13 15:58:56 --> Session: Class initialized using 'CodeIgniter\Session\Handlers\FileHandler' driver.
INFO - 2021-12-13 15:59:17 --> Session: Class initialized using 'CodeIgniter\Session\Handlers\FileHandler' driver.
INFO - 2021-12-13 15:59:20 --> Session: Class initialized using 'CodeIgniter\Session\Handlers\FileHandler' driver.
INFO - 2021-12-13 15:59:45 --> Session: Class initialized using 'CodeIgniter\Session\Handlers\FileHandler' driver.
INFO - 2021-12-13 15:59:46 --> Session: Class initialized using 'CodeIgniter\Session\Handlers\FileHandler' driver.
INFO - 2021-12-13 16:01:16 --> Session: Class initialized using 'CodeIgniter\Session\Handlers\FileHandler' driver.
INFO - 2021-12-13 16:01:20 --> Session: Class initialized using 'CodeIgniter\Session\Handlers\FileHandler' driver.
INFO - 2021-12-13 16:02:13 --> Session: Class initialized using 'CodeIgniter\Session\Handlers\FileHandler' driver.
INFO - 2021-12-13 16:02:17 --> Session: Class initialized using 'CodeIgniter\Session\Handlers\FileHandler' driver.
INFO - 2021-12-13 16:02:30 --> Session: Class initialized using 'CodeIgniter\Session\Handlers\FileHandler' driver.
INFO - 2021-12-13 16:02:30 --> Session: Class initialized using 'CodeIgniter\Session\Handlers\FileHandler' driver.
INFO - 2021-12-13 16:03:45 --> Session: Class initialized using 'CodeIgniter\Session\Handlers\FileHandler' driver.
INFO - 2021-12-13 16:09:03 --> Session: Class initialized using 'CodeIgniter\Session\Handlers\FileHandler' driver.
INFO - 2021-12-13 16:09:12 --> Session: Class initialized using 'CodeIgniter\Session\Handlers\FileHandler' driver.
INFO - 2021-12-13 16:09:12 --> Session: Class initialized using 'CodeIgniter\Session\Handlers\FileHandler' driver.
INFO - 2021-12-13 16:13:54 --> Session: Class initialized using 'CodeIgniter\Session\Handlers\FileHandler' driver.
INFO - 2021-12-13 16:13:57 --> Session: Class initialized using 'CodeIgniter\Session\Handlers\FileHandler' driver.
INFO - 2021-12-13 16:31:16 --> Session: Class initialized using 'CodeIgniter\Session\Handlers\FileHandler' driver.
INFO - 2021-12-13 16:31:19 --> Session: Class initialized using 'CodeIgniter\Session\Handlers\FileHandler' driver.
INFO - 2021-12-13 16:31:40 --> Session: Class initialized using 'CodeIgniter\Session\Handlers\FileHandler' driver.
INFO - 2021-12-13 16:31:50 --> Session: Class initialized using 'CodeIgniter\Session\Handlers\FileHandler' driver.
INFO - 2021-12-13 16:32:00 --> Session: Class initialized using 'CodeIgniter\Session\Handlers\FileHandler' driver.
INFO - 2021-12-13 16:32:00 --> Session: Class initialized using 'CodeIgniter\Session\Handlers\FileHandler' driver.
INFO - 2021-12-13 16:32:00 --> Session: Class initialized using 'CodeIgniter\Session\Handlers\FileHandler' driver.
INFO - 2021-12-13 16:32:09 --> Session: Class initialized using 'CodeIgniter\Session\Handlers\FileHandler' driver.
INFO - 2021-12-13 16:32:15 --> Session: Class initialized using 'CodeIgniter\Session\Handlers\FileHandler' driver.
INFO - 2021-12-13 16:32:19 --> Session: Class initialized using 'CodeIgniter\Session\Handlers\FileHandler' driver.
INFO - 2021-12-13 16:32:20 --> Session: Class initialized using 'CodeIgniter\Session\Handlers\FileHandler' driver.
INFO - 2021-12-13 16:32:20 --> Session: Class initialized using 'CodeIgniter\Session\Handlers\FileHandler' driver.
INFO - 2021-12-13 16:32:21 --> Session: Class initialized using 'CodeIgniter\Session\Handlers\FileHandler' driver.
INFO - 2021-12-13 16:32:21 --> Session: Class initialized using 'CodeIgniter\Session\Handlers\FileHandler' driver.
INFO - 2021-12-13 16:32:25 --> Session: Class initialized using 'CodeIgniter\Session\Handlers\FileHandler' driver.
INFO - 2021-12-13 16:32:26 --> Session: Class initialized using 'CodeIgniter\Session\Handlers\FileHandler' driver.
INFO - 2021-12-13 16:32:26 --> Session: Class initialized using 'CodeIgniter\Session\Handlers\FileHandler' driver.
INFO - 2021-12-13 16:32:36 --> Session: Class initialized using 'CodeIgniter\Session\Handlers\FileHandler' driver.
INFO - 2021-12-13 16:32:39 --> Session: Class initialized using 'CodeIgniter\Session\Handlers\FileHandler' driver.
INFO - 2021-12-13 16:33:12 --> Session: Class initialized using 'CodeIgniter\Session\Handlers\FileHandler' driver.
INFO - 2021-12-13 16:33:14 --> Session: Class initialized using 'CodeIgniter\Session\Handlers\FileHandler' driver.
INFO - 2021-12-13 16:33:14 --> Session: Class initialized using 'CodeIgniter\Session\Handlers\FileHandler' driver.
INFO - 2021-12-13 16:34:37 --> Session: Class initialized using 'CodeIgniter\Session\Handlers\FileHandler' driver.
INFO - 2021-12-13 16:35:06 --> Session: Class initialized using 'CodeIgniter\Session\Handlers\FileHandler' driver.
INFO - 2021-12-13 16:35:12 --> Session: Class initialized using 'CodeIgniter\Session\Handlers\FileHandler' driver.
INFO - 2021-12-13 16:35:17 --> Session: Class initialized using 'CodeIgniter\Session\Handlers\FileHandler' driver.
INFO - 2021-12-13 16:35:17 --> Session: Class initialized using 'CodeIgniter\Session\Handlers\FileHandler' driver.
INFO - 2021-12-13 16:35:59 --> Session: Class initialized using 'CodeIgniter\Session\Handlers\FileHandler' driver.
INFO - 2021-12-13 16:36:00 --> Session: Class initialized using 'CodeIgniter\Session\Handlers\FileHandler' driver.
INFO - 2021-12-13 16:36:10 --> Session: Class initialized using 'CodeIgniter\Session\Handlers\FileHandler' driver.
INFO - 2021-12-13 16:36:10 --> Session: Class initialized using 'CodeIgniter\Session\Handlers\FileHandler' driver.
INFO - 2021-12-13 16:36:11 --> Session: Class initialized using 'CodeIgniter\Session\Handlers\FileHandler' driver.
INFO - 2021-12-13 16:36:37 --> Session: Class initialized using 'CodeIgniter\Session\Handlers\FileHandler' driver.
INFO - 2021-12-13 16:36:37 --> Session: Class initialized using 'CodeIgniter\Session\Handlers\FileHandler' driver.
INFO - 2021-12-13 16:36:37 --> Session: Class initialized using 'CodeIgniter\Session\Handlers\FileHandler' driver.
INFO - 2021-12-13 16:36:45 --> Session: Class initialized using 'CodeIgniter\Session\Handlers\FileHandler' driver.
INFO - 2021-12-13 16:36:48 --> Session: Class initialized using 'CodeIgniter\Session\Handlers\FileHandler' driver.
CRITICAL - 2021-12-13 16:36:48 --> You must be an administrator to view this page.
#0 /var/www/html/mymisdiagnosis/system/CodeIgniter.php(936): IonAuth\Controllers\Auth->index()
#1 /var/www/html/mymisdiagnosis/system/CodeIgniter.php(432): CodeIgniter\CodeIgniter->runController(Object(App\Controllers\Auth))
#2 /var/www/html/mymisdiagnosis/system/CodeIgniter.php(333): CodeIgniter\CodeIgniter->handleRequest(NULL, Object(Config\Cache), false)
#3 /var/www/html/mymisdiagnosis/index.php(44): CodeIgniter\CodeIgniter->run()
#4 {main}
INFO - 2021-12-13 16:36:56 --> Session: Class initialized using 'CodeIgniter\Session\Handlers\FileHandler' driver.
INFO - 2021-12-13 16:38:41 --> Session: Class initialized using 'CodeIgniter\Session\Handlers\FileHandler' driver.
INFO - 2021-12-13 16:38:43 --> Session: Class initialized using 'CodeIgniter\Session\Handlers\FileHandler' driver.
INFO - 2021-12-13 16:38:43 --> Session: Class initialized using 'CodeIgniter\Session\Handlers\FileHandler' driver.
CRITICAL - 2021-12-13 16:38:43 --> You must be an administrator to view this page.
#0 /var/www/html/mymisdiagnosis/system/CodeIgniter.php(936): IonAuth\Controllers\Auth->index()
#1 /var/www/html/mymisdiagnosis/system/CodeIgniter.php(432): CodeIgniter\CodeIgniter->runController(Object(App\Controllers\Auth))
#2 /var/www/html/mymisdiagnosis/system/CodeIgniter.php(333): CodeIgniter\CodeIgniter->handleRequest(NULL, Object(Config\Cache), false)
#3 /var/www/html/mymisdiagnosis/index.php(44): CodeIgniter\CodeIgniter->run()
#4 {main}
INFO - 2021-12-13 16:38:44 --> Session: Class initialized using 'CodeIgniter\Session\Handlers\FileHandler' driver.
INFO - 2021-12-13 16:38:45 --> Session: Class initialized using 'CodeIgniter\Session\Handlers\FileHandler' driver.
CRITICAL - 2021-12-13 16:38:45 --> You must be an administrator to view this page.
#0 /var/www/html/mymisdiagnosis/system/CodeIgniter.php(936): IonAuth\Controllers\Auth->index()
#1 /var/www/html/mymisdiagnosis/system/CodeIgniter.php(432): CodeIgniter\CodeIgniter->runController(Object(App\Controllers\Auth))
#2 /var/www/html/mymisdiagnosis/system/CodeIgniter.php(333): CodeIgniter\CodeIgniter->handleRequest(NULL, Object(Config\Cache), false)
#3 /var/www/html/mymisdiagnosis/index.php(44): CodeIgniter\CodeIgniter->run()
#4 {main}
INFO - 2021-12-13 16:38:47 --> Session: Class initialized using 'CodeIgniter\Session\Handlers\FileHandler' driver.
CRITICAL - 2021-12-13 16:38:47 --> Too few arguments to function IonAuth\Controllers\Auth::edit_user(), 0 passed in /var/www/html/mymisdiagnosis/system/CodeIgniter.php on line 936 and exactly 1 expected
#0 /var/www/html/mymisdiagnosis/system/CodeIgniter.php(936): IonAuth\Controllers\Auth->edit_user()
#1 /var/www/html/mymisdiagnosis/system/CodeIgniter.php(432): CodeIgniter\CodeIgniter->runController(Object(App\Controllers\Auth))
#2 /var/www/html/mymisdiagnosis/system/CodeIgniter.php(333): CodeIgniter\CodeIgniter->handleRequest(NULL, Object(Config\Cache), false)
#3 /var/www/html/mymisdiagnosis/index.php(44): CodeIgniter\CodeIgniter->run()
#4 {main}
INFO - 2021-12-13 16:38:59 --> Session: Class initialized using 'CodeIgniter\Session\Handlers\FileHandler' driver.
INFO - 2021-12-13 16:38:59 --> Session: Class initialized using 'CodeIgniter\Session\Handlers\FileHandler' driver.
CRITICAL - 2021-12-13 16:38:59 --> You must be an administrator to view this page.
#0 /var/www/html/mymisdiagnosis/system/CodeIgniter.php(936): IonAuth\Controllers\Auth->index()
#1 /var/www/html/mymisdiagnosis/system/CodeIgniter.php(432): CodeIgniter\CodeIgniter->runController(Object(App\Controllers\Auth))
#2 /var/www/html/mymisdiagnosis/system/CodeIgniter.php(333): CodeIgniter\CodeIgniter->handleRequest(NULL, Object(Config\Cache), false)
#3 /var/www/html/mymisdiagnosis/index.php(44): CodeIgniter\CodeIgniter->run()
#4 {main}
INFO - 2021-12-13 16:39:22 --> Session: Class initialized using 'CodeIgniter\Session\Handlers\FileHandler' driver.
CRITICAL - 2021-12-13 16:39:22 --> Too few arguments to function IonAuth\Controllers\Auth::edit_user(), 0 passed in /var/www/html/mymisdiagnosis/system/CodeIgniter.php on line 936 and exactly 1 expected
#0 /var/www/html/mymisdiagnosis/system/CodeIgniter.php(936): IonAuth\Controllers\Auth->edit_user()
#1 /var/www/html/mymisdiagnosis/system/CodeIgniter.php(432): CodeIgniter\CodeIgniter->runController(Object(App\Controllers\Auth))
#2 /var/www/html/mymisdiagnosis/system/CodeIgniter.php(333): CodeIgniter\CodeIgniter->handleRequest(NULL, Object(Config\Cache), false)
#3 /var/www/html/mymisdiagnosis/index.php(44): CodeIgniter\CodeIgniter->run()
#4 {main}
INFO - 2021-12-13 16:39:24 --> Session: Class initialized using 'CodeIgniter\Session\Handlers\FileHandler' driver.
INFO - 2021-12-13 16:39:25 --> Session: Class initialized using 'CodeIgniter\Session\Handlers\FileHandler' driver.
INFO - 2021-12-13 16:39:25 --> Session: Class initialized using 'CodeIgniter\Session\Handlers\FileHandler' driver.
INFO - 2021-12-13 16:39:25 --> Session: Class initialized using 'CodeIgniter\Session\Handlers\FileHandler' driver.
CRITICAL - 2021-12-13 16:39:25 --> You must be an administrator to view this page.
#0 /var/www/html/mymisdiagnosis/system/CodeIgniter.php(936): IonAuth\Controllers\Auth->index()
#1 /var/www/html/mymisdiagnosis/system/CodeIgniter.php(432): CodeIgniter\CodeIgniter->runController(Object(App\Controllers\Auth))
#2 /var/www/html/mymisdiagnosis/system/CodeIgniter.php(333): CodeIgniter\CodeIgniter->handleRequest(NULL, Object(Config\Cache), false)
#3 /var/www/html/mymisdiagnosis/index.php(44): CodeIgniter\CodeIgniter->run()
#4 {main}
INFO - 2021-12-13 16:39:32 --> Session: Class initialized using 'CodeIgniter\Session\Handlers\FileHandler' driver.
CRITICAL - 2021-12-13 16:39:32 --> Too few arguments to function IonAuth\Controllers\Auth::edit_user(), 0 passed in /var/www/html/mymisdiagnosis/system/CodeIgniter.php on line 936 and exactly 1 expected
#0 /var/www/html/mymisdiagnosis/system/CodeIgniter.php(936): IonAuth\Controllers\Auth->edit_user()
#1 /var/www/html/mymisdiagnosis/system/CodeIgniter.php(432): CodeIgniter\CodeIgniter->runController(Object(App\Controllers\Auth))
#2 /var/www/html/mymisdiagnosis/system/CodeIgniter.php(333): CodeIgniter\CodeIgniter->handleRequest(NULL, Object(Config\Cache), false)
#3 /var/www/html/mymisdiagnosis/index.php(44): CodeIgniter\CodeIgniter->run()
#4 {main}
INFO - 2021-12-13 16:39:35 --> Session: Class initialized using 'CodeIgniter\Session\Handlers\FileHandler' driver.
INFO - 2021-12-13 16:39:35 --> Session: Class initialized using 'CodeIgniter\Session\Handlers\FileHandler' driver.
INFO - 2021-12-13 16:39:35 --> Session: Class initialized using 'CodeIgniter\Session\Handlers\FileHandler' driver.
INFO - 2021-12-13 16:39:56 --> Session: Class initialized using 'CodeIgniter\Session\Handlers\FileHandler' driver.
INFO - 2021-12-13 16:39:57 --> Session: Class initialized using 'CodeIgniter\Session\Handlers\FileHandler' driver.
CRITICAL - 2021-12-13 16:39:57 --> You must be an administrator to view this page.
#0 /var/www/html/mymisdiagnosis/system/CodeIgniter.php(936): IonAuth\Controllers\Auth->index()
#1 /var/www/html/mymisdiagnosis/system/CodeIgniter.php(432): CodeIgniter\CodeIgniter->runController(Object(App\Controllers\Auth))
#2 /var/www/html/mymisdiagnosis/system/CodeIgniter.php(333): CodeIgniter\CodeIgniter->handleRequest(NULL, Object(Config\Cache), false)
#3 /var/www/html/mymisdiagnosis/index.php(44): CodeIgniter\CodeIgniter->run()
#4 {main}
INFO - 2021-12-13 16:39:57 --> Session: Class initialized using 'CodeIgniter\Session\Handlers\FileHandler' driver.
INFO - 2021-12-13 16:39:57 --> Session: Class initialized using 'CodeIgniter\Session\Handlers\FileHandler' driver.
INFO - 2021-12-13 16:39:57 --> Session: Class initialized using 'CodeIgniter\Session\Handlers\FileHandler' driver.
INFO - 2021-12-13 16:39:57 --> Session: Class initialized using 'CodeIgniter\Session\Handlers\FileHandler' driver.
INFO - 2021-12-13 16:39:57 --> Session: Class initialized using 'CodeIgniter\Session\Handlers\FileHandler' driver.
INFO - 2021-12-13 16:39:57 --> Session: Class initialized using 'CodeIgniter\Session\Handlers\FileHandler' driver.
INFO - 2021-12-13 16:39:57 --> Session: Class initialized using 'CodeIgniter\Session\Handlers\FileHandler' driver.
INFO - 2021-12-13 16:39:58 --> Session: Class initialized using 'CodeIgniter\Session\Handlers\FileHandler' driver.
INFO - 2021-12-13 16:39:58 --> Session: Class initialized using 'CodeIgniter\Session\Handlers\FileHandler' driver.
INFO - 2021-12-13 16:39:58 --> Session: Class initialized using 'CodeIgniter\Session\Handlers\FileHandler' driver.
INFO - 2021-12-13 16:39:58 --> Session: Class initialized using 'CodeIgniter\Session\Handlers\FileHandler' driver.
INFO - 2021-12-13 16:39:58 --> Session: Class initialized using 'CodeIgniter\Session\Handlers\FileHandler' driver.
INFO - 2021-12-13 16:39:58 --> Session: Class initialized using 'CodeIgniter\Session\Handlers\FileHandler' driver.
INFO - 2021-12-13 16:39:58 --> Session: Class initialized using 'CodeIgniter\Session\Handlers\FileHandler' driver.
INFO - 2021-12-13 16:39:58 --> Session: Class initialized using 'CodeIgniter\Session\Handlers\FileHandler' driver.
INFO - 2021-12-13 16:39:58 --> Session: Class initialized using 'CodeIgniter\Session\Handlers\FileHandler' driver.
INFO - 2021-12-13 16:39:58 --> Session: Class initialized using 'CodeIgniter\Session\Handlers\FileHandler' driver.
CRITICAL - 2021-12-13 16:39:58 --> You must be an administrator to view this page.
#0 /var/www/html/mymisdiagnosis/system/CodeIgniter.php(936): IonAuth\Controllers\Auth->index()
#1 /var/www/html/mymisdiagnosis/system/CodeIgniter.php(432): CodeIgniter\CodeIgniter->runController(Object(App\Controllers\Auth))
#2 /var/www/html/mymisdiagnosis/system/CodeIgniter.php(333): CodeIgniter\CodeIgniter->handleRequest(NULL, Object(Config\Cache), false)
#3 /var/www/html/mymisdiagnosis/index.php(44): CodeIgniter\CodeIgniter->run()
#4 {main}
INFO - 2021-12-13 16:39:59 --> Session: Class initialized using 'CodeIgniter\Session\Handlers\FileHandler' driver.
INFO - 2021-12-13 16:39:59 --> Session: Class initialized using 'CodeIgniter\Session\Handlers\FileHandler' driver.
CRITICAL - 2021-12-13 16:39:59 --> You must be an administrator to view this page.
#0 /var/www/html/mymisdiagnosis/system/CodeIgniter.php(936): IonAuth\Controllers\Auth->index()
#1 /var/www/html/mymisdiagnosis/system/CodeIgniter.php(432): CodeIgniter\CodeIgniter->runController(Object(App\Controllers\Auth))
#2 /var/www/html/mymisdiagnosis/system/CodeIgniter.php(333): CodeIgniter\CodeIgniter->handleRequest(NULL, Object(Config\Cache), false)
#3 /var/www/html/mymisdiagnosis/index.php(44): CodeIgniter\CodeIgniter->run()
#4 {main}
INFO - 2021-12-13 16:40:01 --> Session: Class initialized using 'CodeIgniter\Session\Handlers\FileHandler' driver.
INFO - 2021-12-13 16:40:14 --> Session: Class initialized using 'CodeIgniter\Session\Handlers\FileHandler' driver.
INFO - 2021-12-13 16:40:23 --> Session: Class initialized using 'CodeIgniter\Session\Handlers\FileHandler' driver.
CRITICAL - 2021-12-13 16:40:23 --> Undefined variable: css_files
#0 /var/www/html/mymisdiagnosis/app/Views/product_view.php(7): CodeIgniter\Debug\Exceptions->errorHandler(8, 'Undefined varia...', '/var/www/html/m...', 7, Array)
#1 /var/www/html/mymisdiagnosis/system/View/View.php(220): include('/var/www/html/m...')
#2 /var/www/html/mymisdiagnosis/system/View/View.php(222): CodeIgniter\View\View->CodeIgniter\View\{closure}()
#3 /var/www/html/mymisdiagnosis/system/Common.php(1217): CodeIgniter\View\View->render('product_view', Array, true)
#4 /var/www/html/mymisdiagnosis/app/Controllers/Home.php(9): view('product_view')
#5 /var/www/html/mymisdiagnosis/system/CodeIgniter.php(936): App\Controllers\Home->index()
#6 /var/www/html/mymisdiagnosis/system/CodeIgniter.php(432): CodeIgniter\CodeIgniter->runController(Object(App\Controllers\Home))
#7 /var/www/html/mymisdiagnosis/system/CodeIgniter.php(333): CodeIgniter\CodeIgniter->handleRequest(NULL, Object(Config\Cache), false)
#8 /var/www/html/mymisdiagnosis/index.php(44): CodeIgniter\CodeIgniter->run()
#9 {main}
CRITICAL - 2021-12-13 16:40:54 --> Undefined variable: css_files
#0 /var/www/html/mymisdiagnosis/app/Views/product_view.php(7): CodeIgniter\Debug\Exceptions->errorHandler(8, 'Undefined varia...', '/var/www/html/m...', 7, Array)
#1 /var/www/html/mymisdiagnosis/system/View/View.php(220): include('/var/www/html/m...')
#2 /var/www/html/mymisdiagnosis/system/View/View.php(222): CodeIgniter\View\View->CodeIgniter\View\{closure}()
#3 /var/www/html/mymisdiagnosis/system/Common.php(1217): CodeIgniter\View\View->render('product_view', Array, true)
#4 /var/www/html/mymisdiagnosis/app/Controllers/Home.php(9): view('product_view')
#5 /var/www/html/mymisdiagnosis/system/CodeIgniter.php(936): App\Controllers\Home->index()
#6 /var/www/html/mymisdiagnosis/system/CodeIgniter.php(432): CodeIgniter\CodeIgniter->runController(Object(App\Controllers\Home))
#7 /var/www/html/mymisdiagnosis/system/CodeIgniter.php(333): CodeIgniter\CodeIgniter->handleRequest(NULL, Object(Config\Cache), false)
#8 /var/www/html/mymisdiagnosis/index.php(44): CodeIgniter\CodeIgniter->run()
#9 {main}
INFO - 2021-12-13 16:41:02 --> Session: Class initialized using 'CodeIgniter\Session\Handlers\FileHandler' driver.
INFO - 2021-12-13 16:41:02 --> Session: Class initialized using 'CodeIgniter\Session\Handlers\FileHandler' driver.
INFO - 2021-12-13 16:41:19 --> Session: Class initialized using 'CodeIgniter\Session\Handlers\FileHandler' driver.
INFO - 2021-12-13 16:41:19 --> Session: Class initialized using 'CodeIgniter\Session\Handlers\FileHandler' driver.
INFO - 2021-12-13 16:41:19 --> Session: Class initialized using 'CodeIgniter\Session\Handlers\FileHandler' driver.
INFO - 2021-12-13 16:42:29 --> Session: Class initialized using 'CodeIgniter\Session\Handlers\FileHandler' driver.
INFO - 2021-12-13 16:42:30 --> Session: Class initialized using 'CodeIgniter\Session\Handlers\FileHandler' driver.
INFO - 2021-12-13 16:42:30 --> Session: Class initialized using 'CodeIgniter\Session\Handlers\FileHandler' driver.
INFO - 2021-12-13 16:44:24 --> Session: Class initialized using 'CodeIgniter\Session\Handlers\FileHandler' driver.
INFO - 2021-12-13 16:46:51 --> Session: Class initialized using 'CodeIgniter\Session\Handlers\FileHandler' driver.
INFO - 2021-12-13 16:46:52 --> Session: Class initialized using 'CodeIgniter\Session\Handlers\FileHandler' driver.
CRITICAL - 2021-12-13 16:46:54 --> Undefined variable: css_files
#0 /var/www/html/mymisdiagnosis/app/Views/product_view.php(7): CodeIgniter\Debug\Exceptions->errorHandler(8, 'Undefined varia...', '/var/www/html/m...', 7, Array)
#1 /var/www/html/mymisdiagnosis/system/View/View.php(220): include('/var/www/html/m...')
#2 /var/www/html/mymisdiagnosis/system/View/View.php(222): CodeIgniter\View\View->CodeIgniter\View\{closure}()
#3 /var/www/html/mymisdiagnosis/system/Common.php(1217): CodeIgniter\View\View->render('product_view', Array, true)
#4 /var/www/html/mymisdiagnosis/app/Controllers/Home.php(9): view('product_view')
#5 /var/www/html/mymisdiagnosis/system/CodeIgniter.php(936): App\Controllers\Home->index()
#6 /var/www/html/mymisdiagnosis/system/CodeIgniter.php(432): CodeIgniter\CodeIgniter->runController(Object(App\Controllers\Home))
#7 /var/www/html/mymisdiagnosis/system/CodeIgniter.php(333): CodeIgniter\CodeIgniter->handleRequest(NULL, Object(Config\Cache), false)
#8 /var/www/html/mymisdiagnosis/index.php(44): CodeIgniter\CodeIgniter->run()
#9 {main}
INFO - 2021-12-13 16:47:07 --> Session: Class initialized using 'CodeIgniter\Session\Handlers\FileHandler' driver.
INFO - 2021-12-13 16:47:07 --> Session: Class initialized using 'CodeIgniter\Session\Handlers\FileHandler' driver.
INFO - 2021-12-13 16:47:07 --> Session: Class initialized using 'CodeIgniter\Session\Handlers\FileHandler' driver.
CRITICAL - 2021-12-13 16:47:07 --> You must be an administrator to view this page.
#0 /var/www/html/mymisdiagnosis/system/CodeIgniter.php(936): IonAuth\Controllers\Auth->index()
#1 /var/www/html/mymisdiagnosis/system/CodeIgniter.php(432): CodeIgniter\CodeIgniter->runController(Object(App\Controllers\Auth))
#2 /var/www/html/mymisdiagnosis/system/CodeIgniter.php(333): CodeIgniter\CodeIgniter->handleRequest(NULL, Object(Config\Cache), false)
#3 /var/www/html/mymisdiagnosis/index.php(44): CodeIgniter\CodeIgniter->run()
#4 {main}
INFO - 2021-12-13 16:47:23 --> Session: Class initialized using 'CodeIgniter\Session\Handlers\FileHandler' driver.
INFO - 2021-12-13 16:47:38 --> Session: Class initialized using 'CodeIgniter\Session\Handlers\FileHandler' driver.
INFO - 2021-12-13 16:47:38 --> Session: Class initialized using 'CodeIgniter\Session\Handlers\FileHandler' driver.
INFO - 2021-12-13 16:47:53 --> Session: Class initialized using 'CodeIgniter\Session\Handlers\FileHandler' driver.
INFO - 2021-12-13 16:47:53 --> Session: Class initialized using 'CodeIgniter\Session\Handlers\FileHandler' driver.
INFO - 2021-12-13 16:47:54 --> Session: Class initialized using 'CodeIgniter\Session\Handlers\FileHandler' driver.
INFO - 2021-12-13 16:48:22 --> Session: Class initialized using 'CodeIgniter\Session\Handlers\FileHandler' driver.
INFO - 2021-12-13 16:48:27 --> Session: Class initialized using 'CodeIgniter\Session\Handlers\FileHandler' driver.
INFO - 2021-12-13 16:48:49 --> Session: Class initialized using 'CodeIgniter\Session\Handlers\FileHandler' driver.
CRITICAL - 2021-12-13 16:48:49 --> Undefined variable: css_files
#0 /var/www/html/mymisdiagnosis/app/Views/product_view.php(7): CodeIgniter\Debug\Exceptions->errorHandler(8, 'Undefined varia...', '/var/www/html/m...', 7, Array)
#1 /var/www/html/mymisdiagnosis/system/View/View.php(220): include('/var/www/html/m...')
#2 /var/www/html/mymisdiagnosis/system/View/View.php(222): CodeIgniter\View\View->CodeIgniter\View\{closure}()
#3 /var/www/html/mymisdiagnosis/system/Common.php(1217): CodeIgniter\View\View->render('product_view', Array, true)
#4 /var/www/html/mymisdiagnosis/app/Controllers/Home.php(9): view('product_view')
#5 /var/www/html/mymisdiagnosis/system/CodeIgniter.php(936): App\Controllers\Home->index()
#6 /var/www/html/mymisdiagnosis/system/CodeIgniter.php(432): CodeIgniter\CodeIgniter->runController(Object(App\Controllers\Home))
#7 /var/www/html/mymisdiagnosis/system/CodeIgniter.php(333): CodeIgniter\CodeIgniter->handleRequest(NULL, Object(Config\Cache), false)
#8 /var/www/html/mymisdiagnosis/index.php(44): CodeIgniter\CodeIgniter->run()
#9 {main}
INFO - 2021-12-13 16:49:02 --> Session: Class initialized using 'CodeIgniter\Session\Handlers\FileHandler' driver.
CRITICAL - 2021-12-13 16:49:02 --> Undefined variable: css_files
#0 /var/www/html/mymisdiagnosis/app/Views/product_view.php(7): CodeIgniter\Debug\Exceptions->errorHandler(8, 'Undefined varia...', '/var/www/html/m...', 7, Array)
#1 /var/www/html/mymisdiagnosis/system/View/View.php(220): include('/var/www/html/m...')
#2 /var/www/html/mymisdiagnosis/system/View/View.php(222): CodeIgniter\View\View->CodeIgniter\View\{closure}()
#3 /var/www/html/mymisdiagnosis/system/Common.php(1217): CodeIgniter\View\View->render('product_view', Array, true)
#4 /var/www/html/mymisdiagnosis/app/Controllers/Home.php(9): view('product_view')
#5 /var/www/html/mymisdiagnosis/system/CodeIgniter.php(936): App\Controllers\Home->index()
#6 /var/www/html/mymisdiagnosis/system/CodeIgniter.php(432): CodeIgniter\CodeIgniter->runController(Object(App\Controllers\Home))
#7 /var/www/html/mymisdiagnosis/system/CodeIgniter.php(333): CodeIgniter\CodeIgniter->handleRequest(NULL, Object(Config\Cache), false)
#8 /var/www/html/mymisdiagnosis/index.php(44): CodeIgniter\CodeIgniter->run()
#9 {main}
INFO - 2021-12-13 16:50:47 --> Session: Class initialized using 'CodeIgniter\Session\Handlers\FileHandler' driver.
INFO - 2021-12-13 16:50:56 --> Session: Class initialized using 'CodeIgniter\Session\Handlers\FileHandler' driver.
CRITICAL - 2021-12-13 16:50:57 --> Undefined variable: css_files
#0 /var/www/html/mymisdiagnosis/app/Views/product_view.php(7): CodeIgniter\Debug\Exceptions->errorHandler(8, 'Undefined varia...', '/var/www/html/m...', 7, Array)
#1 /var/www/html/mymisdiagnosis/system/View/View.php(220): include('/var/www/html/m...')
#2 /var/www/html/mymisdiagnosis/system/View/View.php(222): CodeIgniter\View\View->CodeIgniter\View\{closure}()
#3 /var/www/html/mymisdiagnosis/system/Common.php(1217): CodeIgniter\View\View->render('product_view', Array, true)
#4 /var/www/html/mymisdiagnosis/app/Controllers/Home.php(9): view('product_view')
#5 /var/www/html/mymisdiagnosis/system/CodeIgniter.php(936): App\Controllers\Home->index()
#6 /var/www/html/mymisdiagnosis/system/CodeIgniter.php(432): CodeIgniter\CodeIgniter->runController(Object(App\Controllers\Home))
#7 /var/www/html/mymisdiagnosis/system/CodeIgniter.php(333): CodeIgniter\CodeIgniter->handleRequest(NULL, Object(Config\Cache), false)
#8 /var/www/html/mymisdiagnosis/index.php(44): CodeIgniter\CodeIgniter->run()
#9 {main}
INFO - 2021-12-13 16:50:59 --> Session: Class initialized using 'CodeIgniter\Session\Handlers\FileHandler' driver.
INFO - 2021-12-13 16:51:02 --> Session: Class initialized using 'CodeIgniter\Session\Handlers\FileHandler' driver.
INFO - 2021-12-13 16:51:05 --> Session: Class initialized using 'CodeIgniter\Session\Handlers\FileHandler' driver.
INFO - 2021-12-13 16:52:24 --> Session: Class initialized using 'CodeIgniter\Session\Handlers\FileHandler' driver.
INFO - 2021-12-13 16:52:34 --> Session: Class initialized using 'CodeIgniter\Session\Handlers\FileHandler' driver.
CRITICAL - 2021-12-13 16:52:34 --> Undefined variable: css_files
#0 /var/www/html/mymisdiagnosis/app/Views/product_view.php(7): CodeIgniter\Debug\Exceptions->errorHandler(8, 'Undefined varia...', '/var/www/html/m...', 7, Array)
#1 /var/www/html/mymisdiagnosis/system/View/View.php(220): include('/var/www/html/m...')
#2 /var/www/html/mymisdiagnosis/system/View/View.php(222): CodeIgniter\View\View->CodeIgniter\View\{closure}()
#3 /var/www/html/mymisdiagnosis/system/Common.php(1217): CodeIgniter\View\View->render('product_view', Array, true)
#4 /var/www/html/mymisdiagnosis/app/Controllers/Home.php(9): view('product_view')
#5 /var/www/html/mymisdiagnosis/system/CodeIgniter.php(936): App\Controllers\Home->index()
#6 /var/www/html/mymisdiagnosis/system/CodeIgniter.php(432): CodeIgniter\CodeIgniter->runController(Object(App\Controllers\Home))
#7 /var/www/html/mymisdiagnosis/system/CodeIgniter.php(333): CodeIgniter\CodeIgniter->handleRequest(NULL, Object(Config\Cache), false)
#8 /var/www/html/mymisdiagnosis/index.php(44): CodeIgniter\CodeIgniter->run()
#9 {main}
CRITICAL - 2021-12-13 16:59:39 --> Undefined variable: css_files
#0 /var/www/html/mymisdiagnosis/app/Views/product_view.php(7): CodeIgniter\Debug\Exceptions->errorHandler(8, 'Undefined varia...', '/var/www/html/m...', 7, Array)
#1 /var/www/html/mymisdiagnosis/system/View/View.php(220): include('/var/www/html/m...')
#2 /var/www/html/mymisdiagnosis/system/View/View.php(222): CodeIgniter\View\View->CodeIgniter\View\{closure}()
#3 /var/www/html/mymisdiagnosis/system/Common.php(1217): CodeIgniter\View\View->render('product_view', Array, true)
#4 /var/www/html/mymisdiagnosis/app/Controllers/Home.php(9): view('product_view')
#5 /var/www/html/mymisdiagnosis/system/CodeIgniter.php(936): App\Controllers\Home->index()
#6 /var/www/html/mymisdiagnosis/system/CodeIgniter.php(432): CodeIgniter\CodeIgniter->runController(Object(App\Controllers\Home))
#7 /var/www/html/mymisdiagnosis/system/CodeIgniter.php(333): CodeIgniter\CodeIgniter->handleRequest(NULL, Object(Config\Cache), false)
#8 /var/www/html/mymisdiagnosis/index.php(44): CodeIgniter\CodeIgniter->run()
#9 {main}
INFO - 2021-12-13 17:01:05 --> Session: Class initialized using 'CodeIgniter\Session\Handlers\FileHandler' driver.
INFO - 2021-12-13 17:01:08 --> Session: Class initialized using 'CodeIgniter\Session\Handlers\FileHandler' driver.
INFO - 2021-12-13 17:01:10 --> Session: Class initialized using 'CodeIgniter\Session\Handlers\FileHandler' driver.
INFO - 2021-12-13 17:01:10 --> Session: Class initialized using 'CodeIgniter\Session\Handlers\FileHandler' driver.
INFO - 2021-12-13 17:01:30 --> Session: Class initialized using 'CodeIgniter\Session\Handlers\FileHandler' driver.
INFO - 2021-12-13 17:01:31 --> Session: Class initialized using 'CodeIgniter\Session\Handlers\FileHandler' driver.
INFO - 2021-12-13 17:01:34 --> Session: Class initialized using 'CodeIgniter\Session\Handlers\FileHandler' driver.
INFO - 2021-12-13 17:01:40 --> Session: Class initialized using 'CodeIgniter\Session\Handlers\FileHandler' driver.
INFO - 2021-12-13 17:01:41 --> Session: Class initialized using 'CodeIgniter\Session\Handlers\FileHandler' driver.
INFO - 2021-12-13 17:01:41 --> Session: Class initialized using 'CodeIgniter\Session\Handlers\FileHandler' driver.
INFO - 2021-12-13 17:01:43 --> Session: Class initialized using 'CodeIgniter\Session\Handlers\FileHandler' driver.
INFO - 2021-12-13 17:01:43 --> Session: Class initialized using 'CodeIgniter\Session\Handlers\FileHandler' driver.
INFO - 2021-12-13 17:01:43 --> Session: Class initialized using 'CodeIgniter\Session\Handlers\FileHandler' driver.
INFO - 2021-12-13 17:01:43 --> Session: Class initialized using 'CodeIgniter\Session\Handlers\FileHandler' driver.
INFO - 2021-12-13 17:01:44 --> Session: Class initialized using 'CodeIgniter\Session\Handlers\FileHandler' driver.
INFO - 2021-12-13 17:01:44 --> Session: Class initialized using 'CodeIgniter\Session\Handlers\FileHandler' driver.
INFO - 2021-12-13 17:01:44 --> Session: Class initialized using 'CodeIgniter\Session\Handlers\FileHandler' driver.
INFO - 2021-12-13 17:01:45 --> Session: Class initialized using 'CodeIgniter\Session\Handlers\FileHandler' driver.
INFO - 2021-12-13 17:01:45 --> Session: Class initialized using 'CodeIgniter\Session\Handlers\FileHandler' driver.
INFO - 2021-12-13 17:01:45 --> Session: Class initialized using 'CodeIgniter\Session\Handlers\FileHandler' driver.
INFO - 2021-12-13 17:01:45 --> Session: Class initialized using 'CodeIgniter\Session\Handlers\FileHandler' driver.
INFO - 2021-12-13 17:01:45 --> Session: Class initialized using 'CodeIgniter\Session\Handlers\FileHandler' driver.
INFO - 2021-12-13 17:01:45 --> Session: Class initialized using 'CodeIgniter\Session\Handlers\FileHandler' driver.
INFO - 2021-12-13 17:01:45 --> Session: Class initialized using 'CodeIgniter\Session\Handlers\FileHandler' driver.
INFO - 2021-12-13 17:01:45 --> Session: Class initialized using 'CodeIgniter\Session\Handlers\FileHandler' driver.
INFO - 2021-12-13 17:01:45 --> Session: Class initialized using 'CodeIgniter\Session\Handlers\FileHandler' driver.
INFO - 2021-12-13 17:01:57 --> Session: Class initialized using 'CodeIgniter\Session\Handlers\FileHandler' driver.
INFO - 2021-12-13 17:01:58 --> Session: Class initialized using 'CodeIgniter\Session\Handlers\FileHandler' driver.
INFO - 2021-12-13 17:04:23 --> Session: Class initialized using 'CodeIgniter\Session\Handlers\FileHandler' driver.
INFO - 2021-12-13 17:04:26 --> Session: Class initialized using 'CodeIgniter\Session\Handlers\FileHandler' driver.
INFO - 2021-12-13 17:04:44 --> Session: Class initialized using 'CodeIgniter\Session\Handlers\FileHandler' driver.
INFO - 2021-12-13 17:04:56 --> Session: Class initialized using 'CodeIgniter\Session\Handlers\FileHandler' driver.
INFO - 2021-12-13 17:05:15 --> Session: Class initialized using 'CodeIgniter\Session\Handlers\FileHandler' driver.
INFO - 2021-12-13 17:05:17 --> Session: Class initialized using 'CodeIgniter\Session\Handlers\FileHandler' driver.
INFO - 2021-12-13 17:08:07 --> Session: Class initialized using 'CodeIgniter\Session\Handlers\FileHandler' driver.
INFO - 2021-12-13 17:08:07 --> Session: Class initialized using 'CodeIgniter\Session\Handlers\FileHandler' driver.
INFO - 2021-12-13 17:08:07 --> Session: Class initialized using 'CodeIgniter\Session\Handlers\FileHandler' driver.
INFO - 2021-12-13 17:08:08 --> Session: Class initialized using 'CodeIgniter\Session\Handlers\FileHandler' driver.
INFO - 2021-12-13 17:08:08 --> Session: Class initialized using 'CodeIgniter\Session\Handlers\FileHandler' driver.
INFO - 2021-12-13 17:08:08 --> Session: Class initialized using 'CodeIgniter\Session\Handlers\FileHandler' driver.
INFO - 2021-12-13 17:08:08 --> Session: Class initialized using 'CodeIgniter\Session\Handlers\FileHandler' driver.
INFO - 2021-12-13 17:08:08 --> Session: Class initialized using 'CodeIgniter\Session\Handlers\FileHandler' driver.
INFO - 2021-12-13 17:08:08 --> Session: Class initialized using 'CodeIgniter\Session\Handlers\FileHandler' driver.
INFO - 2021-12-13 17:08:08 --> Session: Class initialized using 'CodeIgniter\Session\Handlers\FileHandler' driver.
INFO - 2021-12-13 17:08:08 --> Session: Class initialized using 'CodeIgniter\Session\Handlers\FileHandler' driver.
INFO - 2021-12-13 17:08:08 --> Session: Class initialized using 'CodeIgniter\Session\Handlers\FileHandler' driver.
INFO - 2021-12-13 17:08:08 --> Session: Class initialized using 'CodeIgniter\Session\Handlers\FileHandler' driver.
INFO - 2021-12-13 17:08:09 --> Session: Class initialized using 'CodeIgniter\Session\Handlers\FileHandler' driver.
INFO - 2021-12-13 17:08:09 --> Session: Class initialized using 'CodeIgniter\Session\Handlers\FileHandler' driver.
INFO - 2021-12-13 17:08:09 --> Session: Class initialized using 'CodeIgniter\Session\Handlers\FileHandler' driver.
INFO - 2021-12-13 17:08:34 --> Session: Class initialized using 'CodeIgniter\Session\Handlers\FileHandler' driver.
INFO - 2021-12-13 17:08:35 --> Session: Class initialized using 'CodeIgniter\Session\Handlers\FileHandler' driver.
INFO - 2021-12-13 17:08:35 --> Session: Class initialized using 'CodeIgniter\Session\Handlers\FileHandler' driver.
INFO - 2021-12-13 17:08:35 --> Session: Class initialized using 'CodeIgniter\Session\Handlers\FileHandler' driver.
INFO - 2021-12-13 17:08:35 --> Session: Class initialized using 'CodeIgniter\Session\Handlers\FileHandler' driver.
INFO - 2021-12-13 17:08:35 --> Session: Class initialized using 'CodeIgniter\Session\Handlers\FileHandler' driver.
INFO - 2021-12-13 17:08:35 --> Session: Class initialized using 'CodeIgniter\Session\Handlers\FileHandler' driver.
INFO - 2021-12-13 17:08:35 --> Session: Class initialized using 'CodeIgniter\Session\Handlers\FileHandler' driver.
INFO - 2021-12-13 17:08:35 --> Session: Class initialized using 'CodeIgniter\Session\Handlers\FileHandler' driver.
INFO - 2021-12-13 17:08:35 --> Session: Class initialized using 'CodeIgniter\Session\Handlers\FileHandler' driver.
INFO - 2021-12-13 17:08:35 --> Session: Class initialized using 'CodeIgniter\Session\Handlers\FileHandler' driver.
INFO - 2021-12-13 17:08:35 --> Session: Class initialized using 'CodeIgniter\Session\Handlers\FileHandler' driver.
INFO - 2021-12-13 17:08:36 --> Session: Class initialized using 'CodeIgniter\Session\Handlers\FileHandler' driver.
INFO - 2021-12-13 17:08:36 --> Session: Class initialized using 'CodeIgniter\Session\Handlers\FileHandler' driver.
INFO - 2021-12-13 17:08:36 --> Session: Class initialized using 'CodeIgniter\Session\Handlers\FileHandler' driver.
INFO - 2021-12-13 17:08:36 --> Session: Class initialized using 'CodeIgniter\Session\Handlers\FileHandler' driver.
INFO - 2021-12-13 17:08:36 --> Session: Class initialized using 'CodeIgniter\Session\Handlers\FileHandler' driver.
INFO - 2021-12-13 17:08:36 --> Session: Class initialized using 'CodeIgniter\Session\Handlers\FileHandler' driver.
INFO - 2021-12-13 17:08:36 --> Session: Class initialized using 'CodeIgniter\Session\Handlers\FileHandler' driver.
INFO - 2021-12-13 17:08:36 --> Session: Class initialized using 'CodeIgniter\Session\Handlers\FileHandler' driver.
INFO - 2021-12-13 17:08:37 --> Session: Class initialized using 'CodeIgniter\Session\Handlers\FileHandler' driver.
INFO - 2021-12-13 17:08:37 --> Session: Class initialized using 'CodeIgniter\Session\Handlers\FileHandler' driver.
INFO - 2021-12-13 17:08:37 --> Session: Class initialized using 'CodeIgniter\Session\Handlers\FileHandler' driver.
INFO - 2021-12-13 17:08:37 --> Session: Class initialized using 'CodeIgniter\Session\Handlers\FileHandler' driver.
INFO - 2021-12-13 17:08:37 --> Session: Class initialized using 'CodeIgniter\Session\Handlers\FileHandler' driver.
INFO - 2021-12-13 17:08:37 --> Session: Class initialized using 'CodeIgniter\Session\Handlers\FileHandler' driver.
INFO - 2021-12-13 17:08:37 --> Session: Class initialized using 'CodeIgniter\Session\Handlers\FileHandler' driver.
INFO - 2021-12-13 17:08:37 --> Session: Class initialized using 'CodeIgniter\Session\Handlers\FileHandler' driver.
INFO - 2021-12-13 17:08:37 --> Session: Class initialized using 'CodeIgniter\Session\Handlers\FileHandler' driver.
INFO - 2021-12-13 17:08:37 --> Session: Class initialized using 'CodeIgniter\Session\Handlers\FileHandler' driver.
INFO - 2021-12-13 17:08:37 --> Session: Class initialized using 'CodeIgniter\Session\Handlers\FileHandler' driver.
INFO - 2021-12-13 17:08:37 --> Session: Class initialized using 'CodeIgniter\Session\Handlers\FileHandler' driver.
INFO - 2021-12-13 17:09:14 --> Session: Class initialized using 'CodeIgniter\Session\Handlers\FileHandler' driver.
INFO - 2021-12-13 17:09:15 --> Session: Class initialized using 'CodeIgniter\Session\Handlers\FileHandler' driver.
INFO - 2021-12-13 17:09:15 --> Session: Class initialized using 'CodeIgniter\Session\Handlers\FileHandler' driver.
INFO - 2021-12-13 17:09:15 --> Session: Class initialized using 'CodeIgniter\Session\Handlers\FileHandler' driver.
INFO - 2021-12-13 17:09:15 --> Session: Class initialized using 'CodeIgniter\Session\Handlers\FileHandler' driver.
INFO - 2021-12-13 17:09:15 --> Session: Class initialized using 'CodeIgniter\Session\Handlers\FileHandler' driver.
INFO - 2021-12-13 17:09:15 --> Session: Class initialized using 'CodeIgniter\Session\Handlers\FileHandler' driver.
INFO - 2021-12-13 17:09:15 --> Session: Class initialized using 'CodeIgniter\Session\Handlers\FileHandler' driver.
INFO - 2021-12-13 17:09:16 --> Session: Class initialized using 'CodeIgniter\Session\Handlers\FileHandler' driver.
INFO - 2021-12-13 17:09:16 --> Session: Class initialized using 'CodeIgniter\Session\Handlers\FileHandler' driver.
INFO - 2021-12-13 17:09:16 --> Session: Class initialized using 'CodeIgniter\Session\Handlers\FileHandler' driver.
INFO - 2021-12-13 17:09:16 --> Session: Class initialized using 'CodeIgniter\Session\Handlers\FileHandler' driver.
INFO - 2021-12-13 17:09:16 --> Session: Class initialized using 'CodeIgniter\Session\Handlers\FileHandler' driver.
INFO - 2021-12-13 17:09:16 --> Session: Class initialized using 'CodeIgniter\Session\Handlers\FileHandler' driver.
INFO - 2021-12-13 17:09:16 --> Session: Class initialized using 'CodeIgniter\Session\Handlers\FileHandler' driver.
INFO - 2021-12-13 17:09:16 --> Session: Class initialized using 'CodeIgniter\Session\Handlers\FileHandler' driver.
INFO - 2021-12-13 17:09:16 --> Session: Class initialized using 'CodeIgniter\Session\Handlers\FileHandler' driver.
INFO - 2021-12-13 17:09:17 --> Session: Class initialized using 'CodeIgniter\Session\Handlers\FileHandler' driver.
CRITICAL - 2021-12-13 17:09:17 --> Trying to get property 'id' of non-object
#0 /var/www/html/mymisdiagnosis/app/Views/auth_internetics/header.php(36): CodeIgniter\Debug\Exceptions->errorHandler(8, 'Trying to get p...', '/var/www/html/m...', 36, Array)
#1 /var/www/html/mymisdiagnosis/system/View/View.php(220): include('/var/www/html/m...')
#2 /var/www/html/mymisdiagnosis/system/View/View.php(222): CodeIgniter\View\View->CodeIgniter\View\{closure}()
#3 /var/www/html/mymisdiagnosis/system/Common.php(1217): CodeIgniter\View\View->render('auth_internetic...', Array, true)
#4 /var/www/html/mymisdiagnosis/app/Views/auth_internetics/template.php(3): view('auth_internetic...')
#5 /var/www/html/mymisdiagnosis/system/View/View.php(220): include('/var/www/html/m...')
#6 /var/www/html/mymisdiagnosis/system/View/View.php(222): CodeIgniter\View\View->CodeIgniter\View\{closure}()
#7 /var/www/html/mymisdiagnosis/system/Common.php(1217): CodeIgniter\View\View->render('auth_internetic...', Array, true)
#8 /var/www/html/mymisdiagnosis/app/Controllers/Auth.php(163): view('auth_internetic...', Array)
#9 /var/www/html/mymisdiagnosis/app/ThirdParty/IonAuth/Controllers/Auth.php(173): App\Controllers\Auth->renderPage('IonAuth\\Views\\a...', Array)
#10 /var/www/html/mymisdiagnosis/system/CodeIgniter.php(936): IonAuth\Controllers\Auth->login()
#11 /var/www/html/mymisdiagnosis/system/CodeIgniter.php(432): CodeIgniter\CodeIgniter->runController(Object(App\Controllers\Auth))
#12 /var/www/html/mymisdiagnosis/system/CodeIgniter.php(333): CodeIgniter\CodeIgniter->handleRequest(NULL, Object(Config\Cache), false)
#13 /var/www/html/mymisdiagnosis/index.php(44): CodeIgniter\CodeIgniter->run()
#14 {main}
INFO - 2021-12-13 17:09:27 --> Session: Class initialized using 'CodeIgniter\Session\Handlers\FileHandler' driver.
CRITICAL - 2021-12-13 17:09:27 --> Trying to get property 'id' of non-object
#0 /var/www/html/mymisdiagnosis/app/Views/auth_internetics/header.php(36): CodeIgniter\Debug\Exceptions->errorHandler(8, 'Trying to get p...', '/var/www/html/m...', 36, Array)
#1 /var/www/html/mymisdiagnosis/system/View/View.php(220): include('/var/www/html/m...')
#2 /var/www/html/mymisdiagnosis/system/View/View.php(222): CodeIgniter\View\View->CodeIgniter\View\{closure}()
#3 /var/www/html/mymisdiagnosis/system/Common.php(1217): CodeIgniter\View\View->render('auth_internetic...', Array, true)
#4 /var/www/html/mymisdiagnosis/app/Views/auth_internetics/template.php(3): view('auth_internetic...')
#5 /var/www/html/mymisdiagnosis/system/View/View.php(220): include('/var/www/html/m...')
#6 /var/www/html/mymisdiagnosis/system/View/View.php(222): CodeIgniter\View\View->CodeIgniter\View\{closure}()
#7 /var/www/html/mymisdiagnosis/system/Common.php(1217): CodeIgniter\View\View->render('auth_internetic...', Array, true)
#8 /var/www/html/mymisdiagnosis/app/Controllers/Auth.php(163): view('auth_internetic...', Array)
#9 /var/www/html/mymisdiagnosis/app/ThirdParty/IonAuth/Controllers/Auth.php(173): App\Controllers\Auth->renderPage('IonAuth\\Views\\a...', Array)
#10 /var/www/html/mymisdiagnosis/system/CodeIgniter.php(936): IonAuth\Controllers\Auth->login()
#11 /var/www/html/mymisdiagnosis/system/CodeIgniter.php(432): CodeIgniter\CodeIgniter->runController(Object(App\Controllers\Auth))
#12 /var/www/html/mymisdiagnosis/system/CodeIgniter.php(333): CodeIgniter\CodeIgniter->handleRequest(NULL, Object(Config\Cache), false)
#13 /var/www/html/mymisdiagnosis/index.php(44): CodeIgniter\CodeIgniter->run()
#14 {main}
INFO - 2021-12-13 17:09:28 --> Session: Class initialized using 'CodeIgniter\Session\Handlers\FileHandler' driver.
INFO - 2021-12-13 17:09:28 --> Session: Class initialized using 'CodeIgniter\Session\Handlers\FileHandler' driver.
CRITICAL - 2021-12-13 17:09:29 --> Trying to get property 'id' of non-object
#0 /var/www/html/mymisdiagnosis/app/Views/auth_internetics/header.php(36): CodeIgniter\Debug\Exceptions->errorHandler(8, 'Trying to get p...', '/var/www/html/m...', 36, Array)
#1 /var/www/html/mymisdiagnosis/system/View/View.php(220): include('/var/www/html/m...')
#2 /var/www/html/mymisdiagnosis/system/View/View.php(222): CodeIgniter\View\View->CodeIgniter\View\{closure}()
#3 /var/www/html/mymisdiagnosis/system/Common.php(1217): CodeIgniter\View\View->render('auth_internetic...', Array, true)
#4 /var/www/html/mymisdiagnosis/app/Views/auth_internetics/template.php(3): view('auth_internetic...')
#5 /var/www/html/mymisdiagnosis/system/View/View.php(220): include('/var/www/html/m...')
#6 /var/www/html/mymisdiagnosis/system/View/View.php(222): CodeIgniter\View\View->CodeIgniter\View\{closure}()
#7 /var/www/html/mymisdiagnosis/system/Common.php(1217): CodeIgniter\View\View->render('auth_internetic...', Array, true)
#8 /var/www/html/mymisdiagnosis/app/Controllers/Auth.php(163): view('auth_internetic...', Array)
#9 /var/www/html/mymisdiagnosis/app/ThirdParty/IonAuth/Controllers/Auth.php(173): App\Controllers\Auth->renderPage('IonAuth\\Views\\a...', Array)
#10 /var/www/html/mymisdiagnosis/system/CodeIgniter.php(936): IonAuth\Controllers\Auth->login()
#11 /var/www/html/mymisdiagnosis/system/CodeIgniter.php(432): CodeIgniter\CodeIgniter->runController(Object(App\Controllers\Auth))
#12 /var/www/html/mymisdiagnosis/system/CodeIgniter.php(333): CodeIgniter\CodeIgniter->handleRequest(NULL, Object(Config\Cache), false)
#13 /var/www/html/mymisdiagnosis/index.php(44): CodeIgniter\CodeIgniter->run()
#14 {main}
INFO - 2021-12-13 22:27:55 --> Session: Class initialized using 'CodeIgniter\Session\Handlers\FileHandler' driver.
CRITICAL - 2021-12-13 22:27:55 --> Trying to get property 'id' of non-object
#0 /var/www/html/mymisdiagnosis/app/Views/auth_internetics/header.php(36): CodeIgniter\Debug\Exceptions->errorHandler(8, 'Trying to get p...', '/var/www/html/m...', 36, Array)
#1 /var/www/html/mymisdiagnosis/system/View/View.php(220): include('/var/www/html/m...')
#2 /var/www/html/mymisdiagnosis/system/View/View.php(222): CodeIgniter\View\View->CodeIgniter\View\{closure}()
#3 /var/www/html/mymisdiagnosis/system/Common.php(1217): CodeIgniter\View\View->render('auth_internetic...', Array, true)
#4 /var/www/html/mymisdiagnosis/app/Views/auth_internetics/template.php(3): view('auth_internetic...')
#5 /var/www/html/mymisdiagnosis/system/View/View.php(220): include('/var/www/html/m...')
#6 /var/www/html/mymisdiagnosis/system/View/View.php(222): CodeIgniter\View\View->CodeIgniter\View\{closure}()
#7 /var/www/html/mymisdiagnosis/system/Common.php(1217): CodeIgniter\View\View->render('auth_internetic...', Array, true)
#8 /var/www/html/mymisdiagnosis/app/Controllers/Auth.php(163): view('auth_internetic...', Array)
#9 /var/www/html/mymisdiagnosis/app/ThirdParty/IonAuth/Controllers/Auth.php(305): App\Controllers\Auth->renderPage('IonAuth\\Views\\a...', Array)
#10 /var/www/html/mymisdiagnosis/system/CodeIgniter.php(936): IonAuth\Controllers\Auth->forgot_password()
#11 /var/www/html/mymisdiagnosis/system/CodeIgniter.php(432): CodeIgniter\CodeIgniter->runController(Object(App\Controllers\Auth))
#12 /var/www/html/mymisdiagnosis/system/CodeIgniter.php(333): CodeIgniter\CodeIgniter->handleRequest(NULL, Object(Config\Cache), false)
#13 /var/www/html/mymisdiagnosis/index.php(44): CodeIgniter\CodeIgniter->run()
#14 {main}
INFO - 2021-12-13 22:28:27 --> Session: Class initialized using 'CodeIgniter\Session\Handlers\FileHandler' driver.
CRITICAL - 2021-12-13 22:28:27 --> Trying to get property 'id' of non-object
#0 /var/www/html/mymisdiagnosis/app/Views/auth_internetics/header.php(36): CodeIgniter\Debug\Exceptions->errorHandler(8, 'Trying to get p...', '/var/www/html/m...', 36, Array)
#1 /var/www/html/mymisdiagnosis/system/View/View.php(220): include('/var/www/html/m...')
#2 /var/www/html/mymisdiagnosis/system/View/View.php(222): CodeIgniter\View\View->CodeIgniter\View\{closure}()
#3 /var/www/html/mymisdiagnosis/system/Common.php(1217): CodeIgniter\View\View->render('auth_internetic...', Array, true)
#4 /var/www/html/mymisdiagnosis/app/Views/auth_internetics/template.php(3): view('auth_internetic...')
#5 /var/www/html/mymisdiagnosis/system/View/View.php(220): include('/var/www/html/m...')
#6 /var/www/html/mymisdiagnosis/system/View/View.php(222): CodeIgniter\View\View->CodeIgniter\View\{closure}()
#7 /var/www/html/mymisdiagnosis/system/Common.php(1217): CodeIgniter\View\View->render('auth_internetic...', Array, true)
#8 /var/www/html/mymisdiagnosis/app/Controllers/Auth.php(163): view('auth_internetic...', Array)
#9 /var/www/html/mymisdiagnosis/app/ThirdParty/IonAuth/Controllers/Auth.php(305): App\Controllers\Auth->renderPage('IonAuth\\Views\\a...', Array)
#10 /var/www/html/mymisdiagnosis/system/CodeIgniter.php(936): IonAuth\Controllers\Auth->forgot_password()
#11 /var/www/html/mymisdiagnosis/system/CodeIgniter.php(432): CodeIgniter\CodeIgniter->runController(Object(App\Controllers\Auth))
#12 /var/www/html/mymisdiagnosis/system/CodeIgniter.php(333): CodeIgniter\CodeIgniter->handleRequest(NULL, Object(Config\Cache), false)
#13 /var/www/html/mymisdiagnosis/index.php(44): CodeIgniter\CodeIgniter->run()
#14 {main}
INFO - 2021-12-13 22:29:03 --> Session: Class initialized using 'CodeIgniter\Session\Handlers\FileHandler' driver.
CRITICAL - 2021-12-13 22:29:03 --> Undefined property: CodeIgniter\View\View::$ionAuth
#0 /var/www/html/mymisdiagnosis/app/Views/auth_internetics/header.php(26): CodeIgniter\Debug\Exceptions->errorHandler(8, 'Undefined prope...', '/var/www/html/m...', 26, Array)
#1 /var/www/html/mymisdiagnosis/system/View/View.php(220): include('/var/www/html/m...')
#2 /var/www/html/mymisdiagnosis/system/View/View.php(222): CodeIgniter\View\View->CodeIgniter\View\{closure}()
#3 /var/www/html/mymisdiagnosis/system/Common.php(1217): CodeIgniter\View\View->render('auth_internetic...', Array, true)
#4 /var/www/html/mymisdiagnosis/app/Views/auth_internetics/template.php(3): view('auth_internetic...')
#5 /var/www/html/mymisdiagnosis/system/View/View.php(220): include('/var/www/html/m...')
#6 /var/www/html/mymisdiagnosis/system/View/View.php(222): CodeIgniter\View\View->CodeIgniter\View\{closure}()
#7 /var/www/html/mymisdiagnosis/system/Common.php(1217): CodeIgniter\View\View->render('auth_internetic...', Array, true)
#8 /var/www/html/mymisdiagnosis/app/Controllers/Auth.php(163): view('auth_internetic...', Array)
#9 /var/www/html/mymisdiagnosis/app/ThirdParty/IonAuth/Controllers/Auth.php(305): App\Controllers\Auth->renderPage('IonAuth\\Views\\a...', Array)
#10 /var/www/html/mymisdiagnosis/system/CodeIgniter.php(936): IonAuth\Controllers\Auth->forgot_password()
#11 /var/www/html/mymisdiagnosis/system/CodeIgniter.php(432): CodeIgniter\CodeIgniter->runController(Object(App\Controllers\Auth))
#12 /var/www/html/mymisdiagnosis/system/CodeIgniter.php(333): CodeIgniter\CodeIgniter->handleRequest(NULL, Object(Config\Cache), false)
#13 /var/www/html/mymisdiagnosis/index.php(44): CodeIgniter\CodeIgniter->run()
#14 {main}
INFO - 2021-12-13 22:29:35 --> Session: Class initialized using 'CodeIgniter\Session\Handlers\FileHandler' driver.
CRITICAL - 2021-12-13 22:29:35 --> Trying to get property 'id' of non-object
#0 /var/www/html/mymisdiagnosis/app/Views/auth_internetics/header.php(43): CodeIgniter\Debug\Exceptions->errorHandler(8, 'Trying to get p...', '/var/www/html/m...', 43, Array)
#1 /var/www/html/mymisdiagnosis/system/View/View.php(220): include('/var/www/html/m...')
#2 /var/www/html/mymisdiagnosis/system/View/View.php(222): CodeIgniter\View\View->CodeIgniter\View\{closure}()
#3 /var/www/html/mymisdiagnosis/system/Common.php(1217): CodeIgniter\View\View->render('auth_internetic...', Array, true)
#4 /var/www/html/mymisdiagnosis/app/Views/auth_internetics/template.php(3): view('auth_internetic...')
#5 /var/www/html/mymisdiagnosis/system/View/View.php(220): include('/var/www/html/m...')
#6 /var/www/html/mymisdiagnosis/system/View/View.php(222): CodeIgniter\View\View->CodeIgniter\View\{closure}()
#7 /var/www/html/mymisdiagnosis/system/Common.php(1217): CodeIgniter\View\View->render('auth_internetic...', Array, true)
#8 /var/www/html/mymisdiagnosis/app/Controllers/Auth.php(163): view('auth_internetic...', Array)
#9 /var/www/html/mymisdiagnosis/app/ThirdParty/IonAuth/Controllers/Auth.php(305): App\Controllers\Auth->renderPage('IonAuth\\Views\\a...', Array)
#10 /var/www/html/mymisdiagnosis/system/CodeIgniter.php(936): IonAuth\Controllers\Auth->forgot_password()
#11 /var/www/html/mymisdiagnosis/system/CodeIgniter.php(432): CodeIgniter\CodeIgniter->runController(Object(App\Controllers\Auth))
#12 /var/www/html/mymisdiagnosis/system/CodeIgniter.php(333): CodeIgniter\CodeIgniter->handleRequest(NULL, Object(Config\Cache), false)
#13 /var/www/html/mymisdiagnosis/index.php(44): CodeIgniter\CodeIgniter->run()
#14 {main}
INFO - 2021-12-13 22:30:07 --> Session: Class initialized using 'CodeIgniter\Session\Handlers\FileHandler' driver.
CRITICAL - 2021-12-13 22:30:07 --> Undefined variable: uri
#0 /var/www/html/mymisdiagnosis/app/Views/auth_internetics/header.php(50): CodeIgniter\Debug\Exceptions->errorHandler(8, 'Undefined varia...', '/var/www/html/m...', 50, Array)
#1 /var/www/html/mymisdiagnosis/system/View/View.php(220): include('/var/www/html/m...')
#2 /var/www/html/mymisdiagnosis/system/View/View.php(222): CodeIgniter\View\View->CodeIgniter\View\{closure}()
#3 /var/www/html/mymisdiagnosis/system/Common.php(1217): CodeIgniter\View\View->render('auth_internetic...', Array, true)
#4 /var/www/html/mymisdiagnosis/app/Views/auth_internetics/template.php(3): view('auth_internetic...')
#5 /var/www/html/mymisdiagnosis/system/View/View.php(220): include('/var/www/html/m...')
#6 /var/www/html/mymisdiagnosis/system/View/View.php(222): CodeIgniter\View\View->CodeIgniter\View\{closure}()
#7 /var/www/html/mymisdiagnosis/system/Common.php(1217): CodeIgniter\View\View->render('auth_internetic...', Array, true)
#8 /var/www/html/mymisdiagnosis/app/Controllers/Auth.php(163): view('auth_internetic...', Array)
#9 /var/www/html/mymisdiagnosis/app/ThirdParty/IonAuth/Controllers/Auth.php(305): App\Controllers\Auth->renderPage('IonAuth\\Views\\a...', Array)
#10 /var/www/html/mymisdiagnosis/system/CodeIgniter.php(936): IonAuth\Controllers\Auth->forgot_password()
#11 /var/www/html/mymisdiagnosis/system/CodeIgniter.php(432): CodeIgniter\CodeIgniter->runController(Object(App\Controllers\Auth))
#12 /var/www/html/mymisdiagnosis/system/CodeIgniter.php(333): CodeIgniter\CodeIgniter->handleRequest(NULL, Object(Config\Cache), false)
#13 /var/www/html/mymisdiagnosis/index.php(44): CodeIgniter\CodeIgniter->run()
#14 {main}
INFO - 2021-12-13 22:32:10 --> Session: Class initialized using 'CodeIgniter\Session\Handlers\FileHandler' driver.
CRITICAL - 2021-12-13 22:32:10 --> Trying to get property 'id' of non-object
#0 /var/www/html/mymisdiagnosis/app/Views/auth_internetics/header.php(42): CodeIgniter\Debug\Exceptions->errorHandler(8, 'Trying to get p...', '/var/www/html/m...', 42, Array)
#1 /var/www/html/mymisdiagnosis/system/View/View.php(220): include('/var/www/html/m...')
#2 /var/www/html/mymisdiagnosis/system/View/View.php(222): CodeIgniter\View\View->CodeIgniter\View\{closure}()
#3 /var/www/html/mymisdiagnosis/system/Common.php(1217): CodeIgniter\View\View->render('auth_internetic...', Array, true)
#4 /var/www/html/mymisdiagnosis/app/Views/auth_internetics/template.php(3): view('auth_internetic...')
#5 /var/www/html/mymisdiagnosis/system/View/View.php(220): include('/var/www/html/m...')
#6 /var/www/html/mymisdiagnosis/system/View/View.php(222): CodeIgniter\View\View->CodeIgniter\View\{closure}()
#7 /var/www/html/mymisdiagnosis/system/Common.php(1217): CodeIgniter\View\View->render('auth_internetic...', Array, true)
#8 /var/www/html/mymisdiagnosis/app/Controllers/Auth.php(163): view('auth_internetic...', Array)
#9 /var/www/html/mymisdiagnosis/app/ThirdParty/IonAuth/Controllers/Auth.php(305): App\Controllers\Auth->renderPage('IonAuth\\Views\\a...', Array)
#10 /var/www/html/mymisdiagnosis/system/CodeIgniter.php(936): IonAuth\Controllers\Auth->forgot_password()
#11 /var/www/html/mymisdiagnosis/system/CodeIgniter.php(432): CodeIgniter\CodeIgniter->runController(Object(App\Controllers\Auth))
#12 /var/www/html/mymisdiagnosis/system/CodeIgniter.php(333): CodeIgniter\CodeIgniter->handleRequest(NULL, Object(Config\Cache), false)
#13 /var/www/html/mymisdiagnosis/index.php(44): CodeIgniter\CodeIgniter->run()
#14 {main}
INFO - 2021-12-13 22:34:22 --> Session: Class initialized using 'CodeIgniter\Session\Handlers\FileHandler' driver.
CRITICAL - 2021-12-13 22:34:22 --> Undefined variable: uri
#0 /var/www/html/mymisdiagnosis/app/Views/auth_internetics/header.php(51): CodeIgniter\Debug\Exceptions->errorHandler(8, 'Undefined varia...', '/var/www/html/m...', 51, Array)
#1 /var/www/html/mymisdiagnosis/system/View/View.php(220): include('/var/www/html/m...')
#2 /var/www/html/mymisdiagnosis/system/View/View.php(222): CodeIgniter\View\View->CodeIgniter\View\{closure}()
#3 /var/www/html/mymisdiagnosis/system/Common.php(1217): CodeIgniter\View\View->render('auth_internetic...', Array, true)
#4 /var/www/html/mymisdiagnosis/app/Views/auth_internetics/template.php(3): view('auth_internetic...')
#5 /var/www/html/mymisdiagnosis/system/View/View.php(220): include('/var/www/html/m...')
#6 /var/www/html/mymisdiagnosis/system/View/View.php(222): CodeIgniter\View\View->CodeIgniter\View\{closure}()
#7 /var/www/html/mymisdiagnosis/system/Common.php(1217): CodeIgniter\View\View->render('auth_internetic...', Array, true)
#8 /var/www/html/mymisdiagnosis/app/Controllers/Auth.php(163): view('auth_internetic...', Array)
#9 /var/www/html/mymisdiagnosis/app/ThirdParty/IonAuth/Controllers/Auth.php(305): App\Controllers\Auth->renderPage('IonAuth\\Views\\a...', Array)
#10 /var/www/html/mymisdiagnosis/system/CodeIgniter.php(936): IonAuth\Controllers\Auth->forgot_password()
#11 /var/www/html/mymisdiagnosis/system/CodeIgniter.php(432): CodeIgniter\CodeIgniter->runController(Object(App\Controllers\Auth))
#12 /var/www/html/mymisdiagnosis/system/CodeIgniter.php(333): CodeIgniter\CodeIgniter->handleRequest(NULL, Object(Config\Cache), false)
#13 /var/www/html/mymisdiagnosis/index.php(44): CodeIgniter\CodeIgniter->run()
#14 {main}
INFO - 2021-12-13 22:35:51 --> Session: Class initialized using 'CodeIgniter\Session\Handlers\FileHandler' driver.
INFO - 2021-12-13 22:36:06 --> Session: Class initialized using 'CodeIgniter\Session\Handlers\FileHandler' driver.
CRITICAL - 2021-12-13 22:36:06 --> Too few arguments to function IonAuth\Controllers\Auth::edit_user(), 0 passed in /var/www/html/mymisdiagnosis/system/CodeIgniter.php on line 936 and exactly 1 expected
#0 /var/www/html/mymisdiagnosis/system/CodeIgniter.php(936): IonAuth\Controllers\Auth->edit_user()
#1 /var/www/html/mymisdiagnosis/system/CodeIgniter.php(432): CodeIgniter\CodeIgniter->runController(Object(App\Controllers\Auth))
#2 /var/www/html/mymisdiagnosis/system/CodeIgniter.php(333): CodeIgniter\CodeIgniter->handleRequest(NULL, Object(Config\Cache), false)
#3 /var/www/html/mymisdiagnosis/index.php(44): CodeIgniter\CodeIgniter->run()
#4 {main}
INFO - 2021-12-13 22:36:42 --> Session: Class initialized using 'CodeIgniter\Session\Handlers\FileHandler' driver.
INFO - 2021-12-13 22:36:57 --> Session: Class initialized using 'CodeIgniter\Session\Handlers\FileHandler' driver.
INFO - 2021-12-13 22:36:59 --> Session: Class initialized using 'CodeIgniter\Session\Handlers\FileHandler' driver.
INFO - 2021-12-13 22:37:19 --> Session: Class initialized using 'CodeIgniter\Session\Handlers\FileHandler' driver.
INFO - 2021-12-13 22:38:29 --> Session: Class initialized using 'CodeIgniter\Session\Handlers\FileHandler' driver.
CRITICAL - 2021-12-13 22:38:29 --> Trying to get property 'id' of non-object
#0 /var/www/html/mymisdiagnosis/app/Views/auth_internetics/header.php(41): CodeIgniter\Debug\Exceptions->errorHandler(8, 'Trying to get p...', '/var/www/html/m...', 41, Array)
#1 /var/www/html/mymisdiagnosis/system/View/View.php(220): include('/var/www/html/m...')
#2 /var/www/html/mymisdiagnosis/system/View/View.php(222): CodeIgniter\View\View->CodeIgniter\View\{closure}()
#3 /var/www/html/mymisdiagnosis/system/Common.php(1217): CodeIgniter\View\View->render('auth_internetic...', Array, true)
#4 /var/www/html/mymisdiagnosis/app/Views/auth_internetics/template.php(3): view('auth_internetic...')
#5 /var/www/html/mymisdiagnosis/system/View/View.php(220): include('/var/www/html/m...')
#6 /var/www/html/mymisdiagnosis/system/View/View.php(222): CodeIgniter\View\View->CodeIgniter\View\{closure}()
#7 /var/www/html/mymisdiagnosis/system/Common.php(1217): CodeIgniter\View\View->render('auth_internetic...', Array, true)
#8 /var/www/html/mymisdiagnosis/app/Controllers/Auth.php(163): view('auth_internetic...', Array)
#9 /var/www/html/mymisdiagnosis/app/ThirdParty/IonAuth/Controllers/Auth.php(305): App\Controllers\Auth->renderPage('IonAuth\\Views\\a...', Array)
#10 /var/www/html/mymisdiagnosis/system/CodeIgniter.php(936): IonAuth\Controllers\Auth->forgot_password()
#11 /var/www/html/mymisdiagnosis/system/CodeIgniter.php(432): CodeIgniter\CodeIgniter->runController(Object(App\Controllers\Auth))
#12 /var/www/html/mymisdiagnosis/system/CodeIgniter.php(333): CodeIgniter\CodeIgniter->handleRequest(NULL, Object(Config\Cache), false)
#13 /var/www/html/mymisdiagnosis/index.php(44): CodeIgniter\CodeIgniter->run()
#14 {main}
INFO - 2021-12-13 22:45:08 --> Session: Class initialized using 'CodeIgniter\Session\Handlers\FileHandler' driver.
CRITICAL - 2021-12-13 22:45:08 --> Undefined variable: uri
#0 /var/www/html/mymisdiagnosis/app/Views/auth_internetics/header.php(71): CodeIgniter\Debug\Exceptions->errorHandler(8, 'Undefined varia...', '/var/www/html/m...', 71, Array)
#1 /var/www/html/mymisdiagnosis/system/View/View.php(220): include('/var/www/html/m...')
#2 /var/www/html/mymisdiagnosis/system/View/View.php(222): CodeIgniter\View\View->CodeIgniter\View\{closure}()
#3 /var/www/html/mymisdiagnosis/system/Common.php(1217): CodeIgniter\View\View->render('auth_internetic...', Array, true)
#4 /var/www/html/mymisdiagnosis/app/Views/auth_internetics/template.php(3): view('auth_internetic...')
#5 /var/www/html/mymisdiagnosis/system/View/View.php(220): include('/var/www/html/m...')
#6 /var/www/html/mymisdiagnosis/system/View/View.php(222): CodeIgniter\View\View->CodeIgniter\View\{closure}()
#7 /var/www/html/mymisdiagnosis/system/Common.php(1217): CodeIgniter\View\View->render('auth_internetic...', Array, true)
#8 /var/www/html/mymisdiagnosis/app/Controllers/Auth.php(163): view('auth_internetic...', Array)
#9 /var/www/html/mymisdiagnosis/app/ThirdParty/IonAuth/Controllers/Auth.php(305): App\Controllers\Auth->renderPage('IonAuth\\Views\\a...', Array)
#10 /var/www/html/mymisdiagnosis/system/CodeIgniter.php(936): IonAuth\Controllers\Auth->forgot_password()
#11 /var/www/html/mymisdiagnosis/system/CodeIgniter.php(432): CodeIgniter\CodeIgniter->runController(Object(App\Controllers\Auth))
#12 /var/www/html/mymisdiagnosis/system/CodeIgniter.php(333): CodeIgniter\CodeIgniter->handleRequest(NULL, Object(Config\Cache), false)
#13 /var/www/html/mymisdiagnosis/index.php(44): CodeIgniter\CodeIgniter->run()
#14 {main}
INFO - 2021-12-13 22:45:28 --> Session: Class initialized using 'CodeIgniter\Session\Handlers\FileHandler' driver.
INFO - 2021-12-13 22:47:19 --> Session: Class initialized using 'CodeIgniter\Session\Handlers\FileHandler' driver.
INFO - 2021-12-13 22:47:29 --> Session: Class initialized using 'CodeIgniter\Session\Handlers\FileHandler' driver.
INFO - 2021-12-13 22:47:29 --> Session: Class initialized using 'CodeIgniter\Session\Handlers\FileHandler' driver.
INFO - 2021-12-13 22:47:30 --> Session: Class initialized using 'CodeIgniter\Session\Handlers\FileHandler' driver.
INFO - 2021-12-13 22:47:34 --> Session: Class initialized using 'CodeIgniter\Session\Handlers\FileHandler' driver.
INFO - 2021-12-13 22:47:34 --> Session: Class initialized using 'CodeIgniter\Session\Handlers\FileHandler' driver.
INFO - 2021-12-13 22:47:35 --> Session: Class initialized using 'CodeIgniter\Session\Handlers\FileHandler' driver.
INFO - 2021-12-13 22:47:40 --> Session: Class initialized using 'CodeIgniter\Session\Handlers\FileHandler' driver.
INFO - 2021-12-13 22:50:05 --> Session: Class initialized using 'CodeIgniter\Session\Handlers\FileHandler' driver.
INFO - 2021-12-13 22:50:39 --> Session: Class initialized using 'CodeIgniter\Session\Handlers\FileHandler' driver.
INFO - 2021-12-13 22:50:40 --> Session: Class initialized using 'CodeIgniter\Session\Handlers\FileHandler' driver.
INFO - 2021-12-13 22:50:40 --> Session: Class initialized using 'CodeIgniter\Session\Handlers\FileHandler' driver.
INFO - 2021-12-13 22:51:35 --> Session: Class initialized using 'CodeIgniter\Session\Handlers\FileHandler' driver.
CRITICAL - 2021-12-13 22:51:35 --> syntax error, unexpected '}', expecting end of file
#0 /var/www/html/mymisdiagnosis/system/View/View.php(222): CodeIgniter\View\View->CodeIgniter\View\{closure}()
#1 /var/www/html/mymisdiagnosis/system/Common.php(1217): CodeIgniter\View\View->render('auth_internetic...', Array, true)
#2 /var/www/html/mymisdiagnosis/app/Views/auth_internetics/template.php(3): view('auth_internetic...')
#3 /var/www/html/mymisdiagnosis/system/View/View.php(220): include('/var/www/html/m...')
#4 /var/www/html/mymisdiagnosis/system/View/View.php(222): CodeIgniter\View\View->CodeIgniter\View\{closure}()
#5 /var/www/html/mymisdiagnosis/system/Common.php(1217): CodeIgniter\View\View->render('auth_internetic...', Array, true)
#6 /var/www/html/mymisdiagnosis/app/Controllers/Auth.php(163): view('auth_internetic...', Array)
#7 /var/www/html/mymisdiagnosis/app/ThirdParty/IonAuth/Controllers/Auth.php(173): App\Controllers\Auth->renderPage('IonAuth\\Views\\a...', Array)
#8 /var/www/html/mymisdiagnosis/system/CodeIgniter.php(936): IonAuth\Controllers\Auth->login()
#9 /var/www/html/mymisdiagnosis/system/CodeIgniter.php(432): CodeIgniter\CodeIgniter->runController(Object(App\Controllers\Auth))
#10 /var/www/html/mymisdiagnosis/system/CodeIgniter.php(333): CodeIgniter\CodeIgniter->handleRequest(NULL, Object(Config\Cache), false)
#11 /var/www/html/mymisdiagnosis/index.php(44): CodeIgniter\CodeIgniter->run()
#12 {main}
INFO - 2021-12-13 22:52:48 --> Session: Class initialized using 'CodeIgniter\Session\Handlers\FileHandler' driver.
CRITICAL - 2021-12-13 22:52:48 --> syntax error, unexpected 'else' (T_ELSE), expecting end of file
#0 /var/www/html/mymisdiagnosis/system/View/View.php(222): CodeIgniter\View\View->CodeIgniter\View\{closure}()
#1 /var/www/html/mymisdiagnosis/system/Common.php(1217): CodeIgniter\View\View->render('auth_internetic...', Array, true)
#2 /var/www/html/mymisdiagnosis/app/Views/auth_internetics/template.php(3): view('auth_internetic...')
#3 /var/www/html/mymisdiagnosis/system/View/View.php(220): include('/var/www/html/m...')
#4 /var/www/html/mymisdiagnosis/system/View/View.php(222): CodeIgniter\View\View->CodeIgniter\View\{closure}()
#5 /var/www/html/mymisdiagnosis/system/Common.php(1217): CodeIgniter\View\View->render('auth_internetic...', Array, true)
#6 /var/www/html/mymisdiagnosis/app/Controllers/Auth.php(163): view('auth_internetic...', Array)
#7 /var/www/html/mymisdiagnosis/app/ThirdParty/IonAuth/Controllers/Auth.php(173): App\Controllers\Auth->renderPage('IonAuth\\Views\\a...', Array)
#8 /var/www/html/mymisdiagnosis/system/CodeIgniter.php(936): IonAuth\Controllers\Auth->login()
#9 /var/www/html/mymisdiagnosis/system/CodeIgniter.php(432): CodeIgniter\CodeIgniter->runController(Object(App\Controllers\Auth))
#10 /var/www/html/mymisdiagnosis/system/CodeIgniter.php(333): CodeIgniter\CodeIgniter->handleRequest(NULL, Object(Config\Cache), false)
#11 /var/www/html/mymisdiagnosis/index.php(44): CodeIgniter\CodeIgniter->run()
#12 {main}
INFO - 2021-12-13 22:53:28 --> Session: Class initialized using 'CodeIgniter\Session\Handlers\FileHandler' driver.
INFO - 2021-12-13 22:55:30 --> Session: Class initialized using 'CodeIgniter\Session\Handlers\FileHandler' driver.
CRITICAL - 2021-12-13 22:55:30 --> syntax error, unexpected '}', expecting end of file
#0 /var/www/html/mymisdiagnosis/system/View/View.php(222): CodeIgniter\View\View->CodeIgniter\View\{closure}()
#1 /var/www/html/mymisdiagnosis/system/Common.php(1217): CodeIgniter\View\View->render('auth_internetic...', Array, true)
#2 /var/www/html/mymisdiagnosis/app/Views/auth_internetics/template.php(3): view('auth_internetic...')
#3 /var/www/html/mymisdiagnosis/system/View/View.php(220): include('/var/www/html/m...')
#4 /var/www/html/mymisdiagnosis/system/View/View.php(222): CodeIgniter\View\View->CodeIgniter\View\{closure}()
#5 /var/www/html/mymisdiagnosis/system/Common.php(1217): CodeIgniter\View\View->render('auth_internetic...', Array, true)
#6 /var/www/html/mymisdiagnosis/app/Controllers/Auth.php(163): view('auth_internetic...', Array)
#7 /var/www/html/mymisdiagnosis/app/ThirdParty/IonAuth/Controllers/Auth.php(173): App\Controllers\Auth->renderPage('IonAuth\\Views\\a...', Array)
#8 /var/www/html/mymisdiagnosis/system/CodeIgniter.php(936): IonAuth\Controllers\Auth->login()
#9 /var/www/html/mymisdiagnosis/system/CodeIgniter.php(432): CodeIgniter\CodeIgniter->runController(Object(App\Controllers\Auth))
#10 /var/www/html/mymisdiagnosis/system/CodeIgniter.php(333): CodeIgniter\CodeIgniter->handleRequest(NULL, Object(Config\Cache), false)
#11 /var/www/html/mymisdiagnosis/index.php(44): CodeIgniter\CodeIgniter->run()
#12 {main}
INFO - 2021-12-13 22:56:12 --> Session: Class initialized using 'CodeIgniter\Session\Handlers\FileHandler' driver.
INFO - 2021-12-13 22:56:29 --> Session: Class initialized using 'CodeIgniter\Session\Handlers\FileHandler' driver.
INFO - 2021-12-13 22:56:30 --> Session: Class initialized using 'CodeIgniter\Session\Handlers\FileHandler' driver.
INFO - 2021-12-13 22:56:33 --> Session: Class initialized using 'CodeIgniter\Session\Handlers\FileHandler' driver.
INFO - 2021-12-13 22:56:34 --> Session: Class initialized using 'CodeIgniter\Session\Handlers\FileHandler' driver.
INFO - 2021-12-13 22:56:34 --> Session: Class initialized using 'CodeIgniter\Session\Handlers\FileHandler' driver.
INFO - 2021-12-13 22:56:41 --> Session: Class initialized using 'CodeIgniter\Session\Handlers\FileHandler' driver.
INFO - 2021-12-13 22:56:43 --> Session: Class initialized using 'CodeIgniter\Session\Handlers\FileHandler' driver.
INFO - 2021-12-13 22:56:48 --> Session: Class initialized using 'CodeIgniter\Session\Handlers\FileHandler' driver.
INFO - 2021-12-13 22:56:48 --> Session: Class initialized using 'CodeIgniter\Session\Handlers\FileHandler' driver.
INFO - 2021-12-13 22:59:02 --> Session: Class initialized using 'CodeIgniter\Session\Handlers\FileHandler' driver.
INFO - 2021-12-13 22:59:08 --> Session: Class initialized using 'CodeIgniter\Session\Handlers\FileHandler' driver.
INFO - 2021-12-13 22:59:09 --> Session: Class initialized using 'CodeIgniter\Session\Handlers\FileHandler' driver.
INFO - 2021-12-13 22:59:09 --> Session: Class initialized using 'CodeIgniter\Session\Handlers\FileHandler' driver.
INFO - 2021-12-13 22:59:14 --> Session: Class initialized using 'CodeIgniter\Session\Handlers\FileHandler' driver.
INFO - 2021-12-13 22:59:16 --> Session: Class initialized using 'CodeIgniter\Session\Handlers\FileHandler' driver.
INFO - 2021-12-13 22:59:39 --> Session: Class initialized using 'CodeIgniter\Session\Handlers\FileHandler' driver.
INFO - 2021-12-13 22:59:53 --> Session: Class initialized using 'CodeIgniter\Session\Handlers\FileHandler' driver.
INFO - 2021-12-13 23:00:12 --> Session: Class initialized using 'CodeIgniter\Session\Handlers\FileHandler' driver.
INFO - 2021-12-13 23:01:24 --> Session: Class initialized using 'CodeIgniter\Session\Handlers\FileHandler' driver.
CRITICAL - 2021-12-13 23:01:24 --> syntax error, unexpected '<'
#0 /var/www/html/mymisdiagnosis/system/View/View.php(222): CodeIgniter\View\View->CodeIgniter\View\{closure}()
#1 /var/www/html/mymisdiagnosis/system/Common.php(1217): CodeIgniter\View\View->render('auth_internetic...', Array, true)
#2 /var/www/html/mymisdiagnosis/app/Views/auth_internetics/template.php(3): view('auth_internetic...')
#3 /var/www/html/mymisdiagnosis/system/View/View.php(220): include('/var/www/html/m...')
#4 /var/www/html/mymisdiagnosis/system/View/View.php(222): CodeIgniter\View\View->CodeIgniter\View\{closure}()
#5 /var/www/html/mymisdiagnosis/system/Common.php(1217): CodeIgniter\View\View->render('auth_internetic...', Array, true)
#6 /var/www/html/mymisdiagnosis/app/Controllers/Auth.php(163): view('auth_internetic...', Array)
#7 /var/www/html/mymisdiagnosis/app/ThirdParty/IonAuth/Controllers/Auth.php(115): App\Controllers\Auth->renderPage('IonAuth\\Views\\a...', Array)
#8 /var/www/html/mymisdiagnosis/system/CodeIgniter.php(936): IonAuth\Controllers\Auth->index()
#9 /var/www/html/mymisdiagnosis/system/CodeIgniter.php(432): CodeIgniter\CodeIgniter->runController(Object(App\Controllers\Auth))
#10 /var/www/html/mymisdiagnosis/system/CodeIgniter.php(333): CodeIgniter\CodeIgniter->handleRequest(NULL, Object(Config\Cache), false)
#11 /var/www/html/mymisdiagnosis/index.php(44): CodeIgniter\CodeIgniter->run()
#12 {main}
INFO - 2021-12-13 23:01:59 --> Session: Class initialized using 'CodeIgniter\Session\Handlers\FileHandler' driver.
CRITICAL - 2021-12-13 23:01:59 --> syntax error, unexpected '<'
#0 /var/www/html/mymisdiagnosis/system/View/View.php(222): CodeIgniter\View\View->CodeIgniter\View\{closure}()
#1 /var/www/html/mymisdiagnosis/system/Common.php(1217): CodeIgniter\View\View->render('auth_internetic...', Array, true)
#2 /var/www/html/mymisdiagnosis/app/Views/auth_internetics/template.php(3): view('auth_internetic...')
#3 /var/www/html/mymisdiagnosis/system/View/View.php(220): include('/var/www/html/m...')
#4 /var/www/html/mymisdiagnosis/system/View/View.php(222): CodeIgniter\View\View->CodeIgniter\View\{closure}()
#5 /var/www/html/mymisdiagnosis/system/Common.php(1217): CodeIgniter\View\View->render('auth_internetic...', Array, true)
#6 /var/www/html/mymisdiagnosis/app/Controllers/Auth.php(163): view('auth_internetic...', Array)
#7 /var/www/html/mymisdiagnosis/app/ThirdParty/IonAuth/Controllers/Auth.php(115): App\Controllers\Auth->renderPage('IonAuth\\Views\\a...', Array)
#8 /var/www/html/mymisdiagnosis/system/CodeIgniter.php(936): IonAuth\Controllers\Auth->index()
#9 /var/www/html/mymisdiagnosis/system/CodeIgniter.php(432): CodeIgniter\CodeIgniter->runController(Object(App\Controllers\Auth))
#10 /var/www/html/mymisdiagnosis/system/CodeIgniter.php(333): CodeIgniter\CodeIgniter->handleRequest(NULL, Object(Config\Cache), false)
#11 /var/www/html/mymisdiagnosis/index.php(44): CodeIgniter\CodeIgniter->run()
#12 {main}
INFO - 2021-12-13 23:02:29 --> Session: Class initialized using 'CodeIgniter\Session\Handlers\FileHandler' driver.
INFO - 2021-12-13 23:02:35 --> Session: Class initialized using 'CodeIgniter\Session\Handlers\FileHandler' driver.
INFO - 2021-12-13 23:02:36 --> Session: Class initialized using 'CodeIgniter\Session\Handlers\FileHandler' driver.
INFO - 2021-12-13 23:02:36 --> Session: Class initialized using 'CodeIgniter\Session\Handlers\FileHandler' driver.
INFO - 2021-12-13 23:02:36 --> Session: Class initialized using 'CodeIgniter\Session\Handlers\FileHandler' driver.
INFO - 2021-12-13 23:02:36 --> Session: Class initialized using 'CodeIgniter\Session\Handlers\FileHandler' driver.
INFO - 2021-12-13 23:02:36 --> Session: Class initialized using 'CodeIgniter\Session\Handlers\FileHandler' driver.
INFO - 2021-12-13 23:02:36 --> Session: Class initialized using 'CodeIgniter\Session\Handlers\FileHandler' driver.
INFO - 2021-12-13 23:02:36 --> Session: Class initialized using 'CodeIgniter\Session\Handlers\FileHandler' driver.
INFO - 2021-12-13 23:02:36 --> Session: Class initialized using 'CodeIgniter\Session\Handlers\FileHandler' driver.
INFO - 2021-12-13 23:02:36 --> Session: Class initialized using 'CodeIgniter\Session\Handlers\FileHandler' driver.
INFO - 2021-12-13 23:02:37 --> Session: Class initialized using 'CodeIgniter\Session\Handlers\FileHandler' driver.
INFO - 2021-12-13 23:02:37 --> Session: Class initialized using 'CodeIgniter\Session\Handlers\FileHandler' driver.
INFO - 2021-12-13 23:02:37 --> Session: Class initialized using 'CodeIgniter\Session\Handlers\FileHandler' driver.
INFO - 2021-12-13 23:02:37 --> Session: Class initialized using 'CodeIgniter\Session\Handlers\FileHandler' driver.
INFO - 2021-12-13 23:02:37 --> Session: Class initialized using 'CodeIgniter\Session\Handlers\FileHandler' driver.
INFO - 2021-12-13 23:02:37 --> Session: Class initialized using 'CodeIgniter\Session\Handlers\FileHandler' driver.
INFO - 2021-12-13 23:03:17 --> Session: Class initialized using 'CodeIgniter\Session\Handlers\FileHandler' driver.
INFO - 2021-12-13 23:03:22 --> Session: Class initialized using 'CodeIgniter\Session\Handlers\FileHandler' driver.
INFO - 2021-12-13 23:03:22 --> Session: Class initialized using 'CodeIgniter\Session\Handlers\FileHandler' driver.
INFO - 2021-12-13 23:03:22 --> Session: Class initialized using 'CodeIgniter\Session\Handlers\FileHandler' driver.
INFO - 2021-12-13 23:03:22 --> Session: Class initialized using 'CodeIgniter\Session\Handlers\FileHandler' driver.
INFO - 2021-12-13 23:03:22 --> Session: Class initialized using 'CodeIgniter\Session\Handlers\FileHandler' driver.
INFO - 2021-12-13 23:03:22 --> Session: Class initialized using 'CodeIgniter\Session\Handlers\FileHandler' driver.
INFO - 2021-12-13 23:03:22 --> Session: Class initialized using 'CodeIgniter\Session\Handlers\FileHandler' driver.
INFO - 2021-12-13 23:03:22 --> Session: Class initialized using 'CodeIgniter\Session\Handlers\FileHandler' driver.
INFO - 2021-12-13 23:03:23 --> Session: Class initialized using 'CodeIgniter\Session\Handlers\FileHandler' driver.
INFO - 2021-12-13 23:03:23 --> Session: Class initialized using 'CodeIgniter\Session\Handlers\FileHandler' driver.
INFO - 2021-12-13 23:03:23 --> Session: Class initialized using 'CodeIgniter\Session\Handlers\FileHandler' driver.
INFO - 2021-12-13 23:03:23 --> Session: Class initialized using 'CodeIgniter\Session\Handlers\FileHandler' driver.
INFO - 2021-12-13 23:03:23 --> Session: Class initialized using 'CodeIgniter\Session\Handlers\FileHandler' driver.
INFO - 2021-12-13 23:03:23 --> Session: Class initialized using 'CodeIgniter\Session\Handlers\FileHandler' driver.
INFO - 2021-12-13 23:03:23 --> Session: Class initialized using 'CodeIgniter\Session\Handlers\FileHandler' driver.
INFO - 2021-12-13 23:03:23 --> Session: Class initialized using 'CodeIgniter\Session\Handlers\FileHandler' driver.
INFO - 2021-12-13 23:03:25 --> Session: Class initialized using 'CodeIgniter\Session\Handlers\FileHandler' driver.
CRITICAL - 2021-12-13 23:03:25 --> Too few arguments to function IonAuth\Controllers\Auth::edit_user(), 0 passed in /var/www/html/mymisdiagnosis/system/CodeIgniter.php on line 936 and exactly 1 expected
#0 /var/www/html/mymisdiagnosis/system/CodeIgniter.php(936): IonAuth\Controllers\Auth->edit_user()
#1 /var/www/html/mymisdiagnosis/system/CodeIgniter.php(432): CodeIgniter\CodeIgniter->runController(Object(App\Controllers\Auth))
#2 /var/www/html/mymisdiagnosis/system/CodeIgniter.php(333): CodeIgniter\CodeIgniter->handleRequest(NULL, Object(Config\Cache), false)
#3 /var/www/html/mymisdiagnosis/index.php(44): CodeIgniter\CodeIgniter->run()
#4 {main}
INFO - 2021-12-13 23:03:51 --> Session: Class initialized using 'CodeIgniter\Session\Handlers\FileHandler' driver.
INFO - 2021-12-13 23:03:51 --> Session: Class initialized using 'CodeIgniter\Session\Handlers\FileHandler' driver.
INFO - 2021-12-13 23:03:52 --> Session: Class initialized using 'CodeIgniter\Session\Handlers\FileHandler' driver.
INFO - 2021-12-13 23:03:53 --> Session: Class initialized using 'CodeIgniter\Session\Handlers\FileHandler' driver.
INFO - 2021-12-13 23:03:56 --> Session: Class initialized using 'CodeIgniter\Session\Handlers\FileHandler' driver.
INFO - 2021-12-13 23:04:16 --> Session: Class initialized using 'CodeIgniter\Session\Handlers\FileHandler' driver.
INFO - 2021-12-13 23:04:16 --> Session: Class initialized using 'CodeIgniter\Session\Handlers\FileHandler' driver.
INFO - 2021-12-13 23:05:16 --> Session: Class initialized using 'CodeIgniter\Session\Handlers\FileHandler' driver.
INFO - 2021-12-13 23:05:16 --> Session: Class initialized using 'CodeIgniter\Session\Handlers\FileHandler' driver.
INFO - 2021-12-13 23:05:16 --> Session: Class initialized using 'CodeIgniter\Session\Handlers\FileHandler' driver.
INFO - 2021-12-13 23:05:22 --> Session: Class initialized using 'CodeIgniter\Session\Handlers\FileHandler' driver.
INFO - 2021-12-13 23:05:31 --> Session: Class initialized using 'CodeIgniter\Session\Handlers\FileHandler' driver.
INFO - 2021-12-13 23:05:40 --> Session: Class initialized using 'CodeIgniter\Session\Handlers\FileHandler' driver.
INFO - 2021-12-13 23:05:40 --> Session: Class initialized using 'CodeIgniter\Session\Handlers\FileHandler' driver.
INFO - 2021-12-13 23:05:43 --> Session: Class initialized using 'CodeIgniter\Session\Handlers\FileHandler' driver.
INFO - 2021-12-13 23:05:43 --> Session: Class initialized using 'CodeIgniter\Session\Handlers\FileHandler' driver.
INFO - 2021-12-13 23:05:45 --> Session: Class initialized using 'CodeIgniter\Session\Handlers\FileHandler' driver.
INFO - 2021-12-13 23:05:47 --> Session: Class initialized using 'CodeIgniter\Session\Handlers\FileHandler' driver.
INFO - 2021-12-13 23:05:51 --> Session: Class initialized using 'CodeIgniter\Session\Handlers\FileHandler' driver.
INFO - 2021-12-13 23:06:18 --> Session: Class initialized using 'CodeIgniter\Session\Handlers\FileHandler' driver.
INFO - 2021-12-13 23:07:13 --> Session: Class initialized using 'CodeIgniter\Session\Handlers\FileHandler' driver.
INFO - 2021-12-13 23:07:14 --> Session: Class initialized using 'CodeIgniter\Session\Handlers\FileHandler' driver.
INFO - 2021-12-13 23:08:06 --> Session: Class initialized using 'CodeIgniter\Session\Handlers\FileHandler' driver.
INFO - 2021-12-13 23:08:09 --> Session: Class initialized using 'CodeIgniter\Session\Handlers\FileHandler' driver.
INFO - 2021-12-13 23:08:14 --> Session: Class initialized using 'CodeIgniter\Session\Handlers\FileHandler' driver.
INFO - 2021-12-13 23:08:15 --> Session: Class initialized using 'CodeIgniter\Session\Handlers\FileHandler' driver.
INFO - 2021-12-13 23:08:15 --> Session: Class initialized using 'CodeIgniter\Session\Handlers\FileHandler' driver.
INFO - 2021-12-13 23:08:19 --> Session: Class initialized using 'CodeIgniter\Session\Handlers\FileHandler' driver.
INFO - 2021-12-13 23:08:21 --> Session: Class initialized using 'CodeIgniter\Session\Handlers\FileHandler' driver.
INFO - 2021-12-13 23:08:24 --> Session: Class initialized using 'CodeIgniter\Session\Handlers\FileHandler' driver.
INFO - 2021-12-13 23:08:25 --> Session: Class initialized using 'CodeIgniter\Session\Handlers\FileHandler' driver.
INFO - 2021-12-13 23:08:25 --> Session: Class initialized using 'CodeIgniter\Session\Handlers\FileHandler' driver.
INFO - 2021-12-13 23:08:25 --> Session: Class initialized using 'CodeIgniter\Session\Handlers\FileHandler' driver.
INFO - 2021-12-13 23:08:25 --> Session: Class initialized using 'CodeIgniter\Session\Handlers\FileHandler' driver.
INFO - 2021-12-13 23:08:25 --> Session: Class initialized using 'CodeIgniter\Session\Handlers\FileHandler' driver.
INFO - 2021-12-13 23:08:25 --> Session: Class initialized using 'CodeIgniter\Session\Handlers\FileHandler' driver.
INFO - 2021-12-13 23:08:25 --> Session: Class initialized using 'CodeIgniter\Session\Handlers\FileHandler' driver.
INFO - 2021-12-13 23:08:25 --> Session: Class initialized using 'CodeIgniter\Session\Handlers\FileHandler' driver.
INFO - 2021-12-13 23:08:25 --> Session: Class initialized using 'CodeIgniter\Session\Handlers\FileHandler' driver.
INFO - 2021-12-13 23:08:25 --> Session: Class initialized using 'CodeIgniter\Session\Handlers\FileHandler' driver.
INFO - 2021-12-13 23:08:25 --> Session: Class initialized using 'CodeIgniter\Session\Handlers\FileHandler' driver.
INFO - 2021-12-13 23:08:25 --> Session: Class initialized using 'CodeIgniter\Session\Handlers\FileHandler' driver.
INFO - 2021-12-13 23:08:26 --> Session: Class initialized using 'CodeIgniter\Session\Handlers\FileHandler' driver.
INFO - 2021-12-13 23:08:26 --> Session: Class initialized using 'CodeIgniter\Session\Handlers\FileHandler' driver.
INFO - 2021-12-13 23:08:26 --> Session: Class initialized using 'CodeIgniter\Session\Handlers\FileHandler' driver.
INFO - 2021-12-13 23:09:35 --> Session: Class initialized using 'CodeIgniter\Session\Handlers\FileHandler' driver.
INFO - 2021-12-13 23:09:53 --> Session: Class initialized using 'CodeIgniter\Session\Handlers\FileHandler' driver.
INFO - 2021-12-13 23:12:20 --> Session: Class initialized using 'CodeIgniter\Session\Handlers\FileHandler' driver.
INFO - 2021-12-13 23:12:22 --> Session: Class initialized using 'CodeIgniter\Session\Handlers\FileHandler' driver.
INFO - 2021-12-13 23:12:51 --> Session: Class initialized using 'CodeIgniter\Session\Handlers\FileHandler' driver.
INFO - 2021-12-13 23:12:52 --> Session: Class initialized using 'CodeIgniter\Session\Handlers\FileHandler' driver.
INFO - 2021-12-13 23:12:52 --> Session: Class initialized using 'CodeIgniter\Session\Handlers\FileHandler' driver.
INFO - 2021-12-13 23:12:52 --> Session: Class initialized using 'CodeIgniter\Session\Handlers\FileHandler' driver.
INFO - 2021-12-13 23:12:52 --> Session: Class initialized using 'CodeIgniter\Session\Handlers\FileHandler' driver.
INFO - 2021-12-13 23:12:52 --> Session: Class initialized using 'CodeIgniter\Session\Handlers\FileHandler' driver.
INFO - 2021-12-13 23:12:52 --> Session: Class initialized using 'CodeIgniter\Session\Handlers\FileHandler' driver.
INFO - 2021-12-13 23:12:53 --> Session: Class initialized using 'CodeIgniter\Session\Handlers\FileHandler' driver.
INFO - 2021-12-13 23:12:53 --> Session: Class initialized using 'CodeIgniter\Session\Handlers\FileHandler' driver.
INFO - 2021-12-13 23:12:53 --> Session: Class initialized using 'CodeIgniter\Session\Handlers\FileHandler' driver.
INFO - 2021-12-13 23:12:53 --> Session: Class initialized using 'CodeIgniter\Session\Handlers\FileHandler' driver.
INFO - 2021-12-13 23:12:53 --> Session: Class initialized using 'CodeIgniter\Session\Handlers\FileHandler' driver.
INFO - 2021-12-13 23:12:53 --> Session: Class initialized using 'CodeIgniter\Session\Handlers\FileHandler' driver.
INFO - 2021-12-13 23:12:53 --> Session: Class initialized using 'CodeIgniter\Session\Handlers\FileHandler' driver.
INFO - 2021-12-13 23:12:53 --> Session: Class initialized using 'CodeIgniter\Session\Handlers\FileHandler' driver.
INFO - 2021-12-13 23:12:53 --> Session: Class initialized using 'CodeIgniter\Session\Handlers\FileHandler' driver.
INFO - 2021-12-13 23:12:56 --> Session: Class initialized using 'CodeIgniter\Session\Handlers\FileHandler' driver.
INFO - 2021-12-13 23:12:56 --> Session: Class initialized using 'CodeIgniter\Session\Handlers\FileHandler' driver.
INFO - 2021-12-13 23:12:56 --> Session: Class initialized using 'CodeIgniter\Session\Handlers\FileHandler' driver.
INFO - 2021-12-13 23:12:57 --> Session: Class initialized using 'CodeIgniter\Session\Handlers\FileHandler' driver.
INFO - 2021-12-13 23:12:57 --> Session: Class initialized using 'CodeIgniter\Session\Handlers\FileHandler' driver.
INFO - 2021-12-13 23:12:57 --> Session: Class initialized using 'CodeIgniter\Session\Handlers\FileHandler' driver.
INFO - 2021-12-13 23:12:57 --> Session: Class initialized using 'CodeIgniter\Session\Handlers\FileHandler' driver.
INFO - 2021-12-13 23:12:57 --> Session: Class initialized using 'CodeIgniter\Session\Handlers\FileHandler' driver.
INFO - 2021-12-13 23:12:57 --> Session: Class initialized using 'CodeIgniter\Session\Handlers\FileHandler' driver.
INFO - 2021-12-13 23:12:57 --> Session: Class initialized using 'CodeIgniter\Session\Handlers\FileHandler' driver.
INFO - 2021-12-13 23:12:57 --> Session: Class initialized using 'CodeIgniter\Session\Handlers\FileHandler' driver.
INFO - 2021-12-13 23:12:57 --> Session: Class initialized using 'CodeIgniter\Session\Handlers\FileHandler' driver.
INFO - 2021-12-13 23:12:57 --> Session: Class initialized using 'CodeIgniter\Session\Handlers\FileHandler' driver.
INFO - 2021-12-13 23:12:57 --> Session: Class initialized using 'CodeIgniter\Session\Handlers\FileHandler' driver.
INFO - 2021-12-13 23:12:57 --> Session: Class initialized using 'CodeIgniter\Session\Handlers\FileHandler' driver.
INFO - 2021-12-13 23:12:58 --> Session: Class initialized using 'CodeIgniter\Session\Handlers\FileHandler' driver.
INFO - 2021-12-13 23:13:15 --> Session: Class initialized using 'CodeIgniter\Session\Handlers\FileHandler' driver.
INFO - 2021-12-13 23:13:20 --> Session: Class initialized using 'CodeIgniter\Session\Handlers\FileHandler' driver.
INFO - 2021-12-13 23:13:21 --> Session: Class initialized using 'CodeIgniter\Session\Handlers\FileHandler' driver.
INFO - 2021-12-13 23:14:40 --> Session: Class initialized using 'CodeIgniter\Session\Handlers\FileHandler' driver.
INFO - 2021-12-13 23:14:43 --> Session: Class initialized using 'CodeIgniter\Session\Handlers\FileHandler' driver.
INFO - 2021-12-13 23:14:44 --> Session: Class initialized using 'CodeIgniter\Session\Handlers\FileHandler' driver.
INFO - 2021-12-13 23:14:47 --> Session: Class initialized using 'CodeIgniter\Session\Handlers\FileHandler' driver.
INFO - 2021-12-13 23:14:49 --> Session: Class initialized using 'CodeIgniter\Session\Handlers\FileHandler' driver.
INFO - 2021-12-13 23:14:49 --> Session: Class initialized using 'CodeIgniter\Session\Handlers\FileHandler' driver.
INFO - 2021-12-13 23:14:55 --> Session: Class initialized using 'CodeIgniter\Session\Handlers\FileHandler' driver.
INFO - 2021-12-13 23:14:55 --> Session: Class initialized using 'CodeIgniter\Session\Handlers\FileHandler' driver.
INFO - 2021-12-13 23:15:09 --> Session: Class initialized using 'CodeIgniter\Session\Handlers\FileHandler' driver.
INFO - 2021-12-13 23:15:09 --> Session: Class initialized using 'CodeIgniter\Session\Handlers\FileHandler' driver.
INFO - 2021-12-13 23:19:20 --> Session: Class initialized using 'CodeIgniter\Session\Handlers\FileHandler' driver.
INFO - 2021-12-13 23:19:21 --> Session: Class initialized using 'CodeIgniter\Session\Handlers\FileHandler' driver.
INFO - 2021-12-13 23:20:30 --> Session: Class initialized using 'CodeIgniter\Session\Handlers\FileHandler' driver.
INFO - 2021-12-13 23:20:33 --> Session: Class initialized using 'CodeIgniter\Session\Handlers\FileHandler' driver.
INFO - 2021-12-13 23:20:33 --> Session: Class initialized using 'CodeIgniter\Session\Handlers\FileHandler' driver.
INFO - 2021-12-13 23:20:41 --> Session: Class initialized using 'CodeIgniter\Session\Handlers\FileHandler' driver.
INFO - 2021-12-13 23:20:42 --> Session: Class initialized using 'CodeIgniter\Session\Handlers\FileHandler' driver.
INFO - 2021-12-13 23:20:42 --> Session: Class initialized using 'CodeIgniter\Session\Handlers\FileHandler' driver.
INFO - 2021-12-13 23:20:46 --> Session: Class initialized using 'CodeIgniter\Session\Handlers\FileHandler' driver.
INFO - 2021-12-13 23:20:53 --> Session: Class initialized using 'CodeIgniter\Session\Handlers\FileHandler' driver.
INFO - 2021-12-13 23:21:14 --> Session: Class initialized using 'CodeIgniter\Session\Handlers\FileHandler' driver.
INFO - 2021-12-13 23:21:16 --> Session: Class initialized using 'CodeIgniter\Session\Handlers\FileHandler' driver.
INFO - 2021-12-13 23:21:19 --> Session: Class initialized using 'CodeIgniter\Session\Handlers\FileHandler' driver.
INFO - 2021-12-13 23:21:35 --> Session: Class initialized using 'CodeIgniter\Session\Handlers\FileHandler' driver.
INFO - 2021-12-13 23:21:35 --> Session: Class initialized using 'CodeIgniter\Session\Handlers\FileHandler' driver.
INFO - 2021-12-13 23:21:39 --> Session: Class initialized using 'CodeIgniter\Session\Handlers\FileHandler' driver.
INFO - 2021-12-13 23:21:39 --> Session: Class initialized using 'CodeIgniter\Session\Handlers\FileHandler' driver.
INFO - 2021-12-13 23:21:40 --> Session: Class initialized using 'CodeIgniter\Session\Handlers\FileHandler' driver.
INFO - 2021-12-13 23:21:42 --> Session: Class initialized using 'CodeIgniter\Session\Handlers\FileHandler' driver.
INFO - 2021-12-13 23:21:43 --> Session: Class initialized using 'CodeIgniter\Session\Handlers\FileHandler' driver.
INFO - 2021-12-13 23:21:44 --> Session: Class initialized using 'CodeIgniter\Session\Handlers\FileHandler' driver.
INFO - 2021-12-13 23:21:45 --> Session: Class initialized using 'CodeIgniter\Session\Handlers\FileHandler' driver.
INFO - 2021-12-13 23:21:48 --> Session: Class initialized using 'CodeIgniter\Session\Handlers\FileHandler' driver.
INFO - 2021-12-13 23:21:49 --> Session: Class initialized using 'CodeIgniter\Session\Handlers\FileHandler' driver.
INFO - 2021-12-13 23:21:50 --> Session: Class initialized using 'CodeIgniter\Session\Handlers\FileHandler' driver.
INFO - 2021-12-13 23:21:51 --> Session: Class initialized using 'CodeIgniter\Session\Handlers\FileHandler' driver.
INFO - 2021-12-13 23:24:31 --> Session: Class initialized using 'CodeIgniter\Session\Handlers\FileHandler' driver.
INFO - 2021-12-13 23:24:38 --> Session: Class initialized using 'CodeIgniter\Session\Handlers\FileHandler' driver.
INFO - 2021-12-13 23:24:38 --> Session: Class initialized using 'CodeIgniter\Session\Handlers\FileHandler' driver.
INFO - 2021-12-13 23:24:38 --> Session: Class initialized using 'CodeIgniter\Session\Handlers\FileHandler' driver.
INFO - 2021-12-13 23:24:40 --> Session: Class initialized using 'CodeIgniter\Session\Handlers\FileHandler' driver.
INFO - 2021-12-13 23:24:42 --> Session: Class initialized using 'CodeIgniter\Session\Handlers\FileHandler' driver.
INFO - 2021-12-13 23:24:46 --> Session: Class initialized using 'CodeIgniter\Session\Handlers\FileHandler' driver.
INFO - 2021-12-13 23:24:47 --> Session: Class initialized using 'CodeIgniter\Session\Handlers\FileHandler' driver.
INFO - 2021-12-13 23:24:54 --> Session: Class initialized using 'CodeIgniter\Session\Handlers\FileHandler' driver.
INFO - 2021-12-13 23:24:55 --> Session: Class initialized using 'CodeIgniter\Session\Handlers\FileHandler' driver.
INFO - 2021-12-13 23:24:55 --> Session: Class initialized using 'CodeIgniter\Session\Handlers\FileHandler' driver.
INFO - 2021-12-13 23:24:59 --> Session: Class initialized using 'CodeIgniter\Session\Handlers\FileHandler' driver.
INFO - 2021-12-13 23:24:59 --> Session: Class initialized using 'CodeIgniter\Session\Handlers\FileHandler' driver.
INFO - 2021-12-13 23:25:00 --> Session: Class initialized using 'CodeIgniter\Session\Handlers\FileHandler' driver.
INFO - 2021-12-13 23:25:02 --> Session: Class initialized using 'CodeIgniter\Session\Handlers\FileHandler' driver.
INFO - 2021-12-13 23:25:06 --> Session: Class initialized using 'CodeIgniter\Session\Handlers\FileHandler' driver.
INFO - 2021-12-13 23:25:07 --> Session: Class initialized using 'CodeIgniter\Session\Handlers\FileHandler' driver.
CRITICAL - 2021-12-13 23:25:07 --> Undefined index: pack
#0 /var/www/html/mymisdiagnosis/public/assets/grocery_crud/themes/internetics/views/add.php(133): CodeIgniter\Debug\Exceptions->errorHandler(8, 'Undefined index...', '/var/www/html/m...', 133, Array)
#1 /var/www/html/mymisdiagnosis/app/Libraries/GroceryCrud.php(2801): include('/var/www/html/m...')
#2 /var/www/html/mymisdiagnosis/app/Libraries/GroceryCrud.php(1777): App\Libraries\grocery_CRUD_Layout->_theme_view('add.php', Array)
#3 /var/www/html/mymisdiagnosis/app/Libraries/GroceryCrud.php(4513): App\Libraries\grocery_CRUD_Layout->showAddForm()
#4 /var/www/html/mymisdiagnosis/app/Controllers/Product.php(329): App\Libraries\GroceryCrud->render()
#5 /var/www/html/mymisdiagnosis/system/CodeIgniter.php(936): App\Controllers\Product->cards('add')
#6 /var/www/html/mymisdiagnosis/system/CodeIgniter.php(432): CodeIgniter\CodeIgniter->runController(Object(App\Controllers\Product))
#7 /var/www/html/mymisdiagnosis/system/CodeIgniter.php(333): CodeIgniter\CodeIgniter->handleRequest(NULL, Object(Config\Cache), false)
#8 /var/www/html/mymisdiagnosis/index.php(44): CodeIgniter\CodeIgniter->run()
#9 {main}
INFO - 2021-12-13 23:25:07 --> Session: Class initialized using 'CodeIgniter\Session\Handlers\FileHandler' driver.
CRITICAL - 2021-12-13 23:25:07 --> Undefined index: pack
#0 /var/www/html/mymisdiagnosis/public/assets/grocery_crud/themes/internetics/views/add.php(133): CodeIgniter\Debug\Exceptions->errorHandler(8, 'Undefined index...', '/var/www/html/m...', 133, Array)
#1 /var/www/html/mymisdiagnosis/app/Libraries/GroceryCrud.php(2801): include('/var/www/html/m...')
#2 /var/www/html/mymisdiagnosis/app/Libraries/GroceryCrud.php(1777): App\Libraries\grocery_CRUD_Layout->_theme_view('add.php', Array)
#3 /var/www/html/mymisdiagnosis/app/Libraries/GroceryCrud.php(4513): App\Libraries\grocery_CRUD_Layout->showAddForm()
#4 /var/www/html/mymisdiagnosis/app/Controllers/Product.php(329): App\Libraries\GroceryCrud->render()
#5 /var/www/html/mymisdiagnosis/system/CodeIgniter.php(936): App\Controllers\Product->cards('add')
#6 /var/www/html/mymisdiagnosis/system/CodeIgniter.php(432): CodeIgniter\CodeIgniter->runController(Object(App\Controllers\Product))
#7 /var/www/html/mymisdiagnosis/system/CodeIgniter.php(333): CodeIgniter\CodeIgniter->handleRequest(NULL, Object(Config\Cache), false)
#8 /var/www/html/mymisdiagnosis/index.php(44): CodeIgniter\CodeIgniter->run()
#9 {main}
INFO - 2021-12-13 23:25:13 --> Session: Class initialized using 'CodeIgniter\Session\Handlers\FileHandler' driver.
INFO - 2021-12-13 23:25:15 --> Session: Class initialized using 'CodeIgniter\Session\Handlers\FileHandler' driver.
INFO - 2021-12-13 23:25:15 --> Session: Class initialized using 'CodeIgniter\Session\Handlers\FileHandler' driver.
INFO - 2021-12-13 23:25:17 --> Session: Class initialized using 'CodeIgniter\Session\Handlers\FileHandler' driver.
INFO - 2021-12-13 23:25:20 --> Session: Class initialized using 'CodeIgniter\Session\Handlers\FileHandler' driver.
INFO - 2021-12-13 23:25:27 --> Session: Class initialized using 'CodeIgniter\Session\Handlers\FileHandler' driver.
INFO - 2021-12-13 23:25:27 --> Session: Class initialized using 'CodeIgniter\Session\Handlers\FileHandler' driver.
INFO - 2021-12-13 23:25:29 --> Session: Class initialized using 'CodeIgniter\Session\Handlers\FileHandler' driver.
INFO - 2021-12-13 23:25:30 --> Session: Class initialized using 'CodeIgniter\Session\Handlers\FileHandler' driver.
INFO - 2021-12-13 23:26:17 --> Session: Class initialized using 'CodeIgniter\Session\Handlers\FileHandler' driver.
INFO - 2021-12-13 23:26:20 --> Session: Class initialized using 'CodeIgniter\Session\Handlers\FileHandler' driver.
INFO - 2021-12-13 23:26:21 --> Session: Class initialized using 'CodeIgniter\Session\Handlers\FileHandler' driver.
INFO - 2021-12-13 23:26:21 --> Session: Class initialized using 'CodeIgniter\Session\Handlers\FileHandler' driver.
INFO - 2021-12-13 23:26:23 --> Session: Class initialized using 'CodeIgniter\Session\Handlers\FileHandler' driver.
INFO - 2021-12-13 23:26:23 --> Session: Class initialized using 'CodeIgniter\Session\Handlers\FileHandler' driver.
INFO - 2021-12-13 23:26:34 --> Session: Class initialized using 'CodeIgniter\Session\Handlers\FileHandler' driver.
INFO - 2021-12-13 23:26:35 --> Session: Class initialized using 'CodeIgniter\Session\Handlers\FileHandler' driver.
INFO - 2021-12-13 23:27:39 --> Session: Class initialized using 'CodeIgniter\Session\Handlers\FileHandler' driver.
INFO - 2021-12-13 23:29:00 --> Session: Class initialized using 'CodeIgniter\Session\Handlers\FileHandler' driver.
INFO - 2021-12-13 23:29:02 --> Session: Class initialized using 'CodeIgniter\Session\Handlers\FileHandler' driver.
INFO - 2021-12-13 23:29:03 --> Session: Class initialized using 'CodeIgniter\Session\Handlers\FileHandler' driver.
INFO - 2021-12-13 23:29:04 --> Session: Class initialized using 'CodeIgniter\Session\Handlers\FileHandler' driver.
INFO - 2021-12-13 23:29:07 --> Session: Class initialized using 'CodeIgniter\Session\Handlers\FileHandler' driver.
INFO - 2021-12-13 23:29:14 --> Session: Class initialized using 'CodeIgniter\Session\Handlers\FileHandler' driver.
INFO - 2021-12-13 23:29:14 --> Session: Class initialized using 'CodeIgniter\Session\Handlers\FileHandler' driver.
INFO - 2021-12-13 23:29:21 --> Session: Class initialized using 'CodeIgniter\Session\Handlers\FileHandler' driver.
INFO - 2021-12-13 23:29:21 --> Session: Class initialized using 'CodeIgniter\Session\Handlers\FileHandler' driver.
INFO - 2021-12-13 23:29:22 --> Session: Class initialized using 'CodeIgniter\Session\Handlers\FileHandler' driver.
INFO - 2021-12-13 23:29:24 --> Session: Class initialized using 'CodeIgniter\Session\Handlers\FileHandler' driver.
INFO - 2021-12-13 23:29:26 --> Session: Class initialized using 'CodeIgniter\Session\Handlers\FileHandler' driver.
INFO - 2021-12-13 23:29:26 --> Session: Class initialized using 'CodeIgniter\Session\Handlers\FileHandler' driver.
INFO - 2021-12-13 23:29:27 --> Session: Class initialized using 'CodeIgniter\Session\Handlers\FileHandler' driver.
INFO - 2021-12-13 23:46:57 --> Session: Class initialized using 'CodeIgniter\Session\Handlers\FileHandler' driver.
INFO - 2021-12-13 23:47:00 --> Session: Class initialized using 'CodeIgniter\Session\Handlers\FileHandler' driver.
INFO - 2021-12-13 23:47:03 --> Session: Class initialized using 'CodeIgniter\Session\Handlers\FileHandler' driver.
INFO - 2021-12-13 23:47:03 --> Session: Class initialized using 'CodeIgniter\Session\Handlers\FileHandler' driver.
