INFO - 2021-12-17 00:49:49 --> Session: Class initialized using 'CodeIgniter\Session\Handlers\FileHandler' driver.
CRITICAL - 2021-12-17 00:49:49 --> Undefined variable: blog
#0 /var/www/html/mymisdiagnosis/app/Views/auth_internetics/template.php(9): CodeIgniter\Debug\Exceptions->errorHandler(8, 'Undefined varia...', '/var/www/html/m...', 9, Array)
#1 /var/www/html/mymisdiagnosis/system/View/View.php(220): include('/var/www/html/m...')
#2 /var/www/html/mymisdiagnosis/system/View/View.php(222): CodeIgniter\View\View->CodeIgniter\View\{closure}()
#3 /var/www/html/mymisdiagnosis/system/Common.php(1217): CodeIgniter\View\View->render('auth_internetic...', Array, true)
#4 /var/www/html/mymisdiagnosis/app/Controllers/Home.php(35): view('auth_internetic...', Array)
#5 /var/www/html/mymisdiagnosis/system/CodeIgniter.php(936): App\Controllers\Home->pages()
#6 /var/www/html/mymisdiagnosis/system/CodeIgniter.php(432): CodeIgniter\CodeIgniter->runController(Object(App\Controllers\Home))
#7 /var/www/html/mymisdiagnosis/system/CodeIgniter.php(333): CodeIgniter\CodeIgniter->handleRequest(NULL, Object(Config\Cache), false)
#8 /var/www/html/mymisdiagnosis/index.php(44): CodeIgniter\CodeIgniter->run()
#9 {main}
INFO - 2021-12-17 06:45:18 --> Session: Class initialized using 'CodeIgniter\Session\Handlers\FileHandler' driver.
INFO - 2021-12-17 08:09:37 --> Session: Class initialized using 'CodeIgniter\Session\Handlers\FileHandler' driver.
CRITICAL - 2021-12-17 08:09:37 --> Undefined variable: blog
#0 /var/www/html/mymisdiagnosis/app/Views/auth_internetics/template.php(9): CodeIgniter\Debug\Exceptions->errorHandler(8, 'Undefined varia...', '/var/www/html/m...', 9, Array)
#1 /var/www/html/mymisdiagnosis/system/View/View.php(220): include('/var/www/html/m...')
#2 /var/www/html/mymisdiagnosis/system/View/View.php(222): CodeIgniter\View\View->CodeIgniter\View\{closure}()
#3 /var/www/html/mymisdiagnosis/system/Common.php(1217): CodeIgniter\View\View->render('auth_internetic...', Array, true)
#4 /var/www/html/mymisdiagnosis/app/Controllers/Home.php(19): view('auth_internetic...', Array)
#5 /var/www/html/mymisdiagnosis/system/CodeIgniter.php(936): App\Controllers\Home->index()
#6 /var/www/html/mymisdiagnosis/system/CodeIgniter.php(432): CodeIgniter\CodeIgniter->runController(Object(App\Controllers\Home))
#7 /var/www/html/mymisdiagnosis/system/CodeIgniter.php(333): CodeIgniter\CodeIgniter->handleRequest(NULL, Object(Config\Cache), false)
#8 /var/www/html/mymisdiagnosis/index.php(44): CodeIgniter\CodeIgniter->run()
#9 {main}
INFO - 2021-12-17 08:10:38 --> Session: Class initialized using 'CodeIgniter\Session\Handlers\FileHandler' driver.
INFO - 2021-12-17 08:10:50 --> Session: Class initialized using 'CodeIgniter\Session\Handlers\FileHandler' driver.
CRITICAL - 2021-12-17 08:10:51 --> syntax error, unexpected ''auth_internetics/template/foo' (T_ENCAPSED_AND_WHITESPACE)
#0 /var/www/html/mymisdiagnosis/system/Router/Router.php(170): CodeIgniter\Router\Router->autoRoute('post')
#1 /var/www/html/mymisdiagnosis/system/CodeIgniter.php(816): CodeIgniter\Router\Router->handle('post')
#2 /var/www/html/mymisdiagnosis/system/CodeIgniter.php(385): CodeIgniter\CodeIgniter->tryToRouteIt(Object(CodeIgniter\Router\RouteCollection))
#3 /var/www/html/mymisdiagnosis/system/CodeIgniter.php(333): CodeIgniter\CodeIgniter->handleRequest(NULL, Object(Config\Cache), false)
#4 /var/www/html/mymisdiagnosis/index.php(44): CodeIgniter\CodeIgniter->run()
#5 {main}
INFO - 2021-12-17 08:12:03 --> Session: Class initialized using 'CodeIgniter\Session\Handlers\FileHandler' driver.
WARNING - 2021-12-17 08:12:03 --> Session: Sessions is enabled, and one exists.Please don't $session->start();
CRITICAL - 2021-12-17 08:12:03 --> strpos(): Empty needle
#0 [internal function]: CodeIgniter\Debug\Exceptions->errorHandler(2, 'strpos(): Empty...', '/var/www/html/m...', 1227, Array)
#1 /var/www/html/mymisdiagnosis/system/Router/RouteCollection.php(1227): strpos('App\\Controllers...', '')
#2 /var/www/html/mymisdiagnosis/system/HTTP/RedirectResponse.php(59): CodeIgniter\Router\RouteCollection->reverseRoute('')
#3 /var/www/html/mymisdiagnosis/app/Controllers/Post.php(26): CodeIgniter\HTTP\RedirectResponse->route('')
#4 /var/www/html/mymisdiagnosis/system/CodeIgniter.php(936): App\Controllers\Post->display()
#5 /var/www/html/mymisdiagnosis/system/CodeIgniter.php(432): CodeIgniter\CodeIgniter->runController(Object(App\Controllers\Post))
#6 /var/www/html/mymisdiagnosis/system/CodeIgniter.php(333): CodeIgniter\CodeIgniter->handleRequest(NULL, Object(Config\Cache), false)
#7 /var/www/html/mymisdiagnosis/index.php(44): CodeIgniter\CodeIgniter->run()
#8 {main}
INFO - 2021-12-17 08:14:34 --> Session: Class initialized using 'CodeIgniter\Session\Handlers\FileHandler' driver.
WARNING - 2021-12-17 08:14:34 --> Session: Sessions is enabled, and one exists.Please don't $session->start();
ERROR - 2021-12-17 08:14:34 --> mysqli_sql_exception: Table 'mymisdiagnosis_app.blog' doesn't exist in /var/www/html/mymisdiagnosis/system/Database/MySQLi/Connection.php:314
Stack trace:
#0 /var/www/html/mymisdiagnosis/system/Database/MySQLi/Connection.php(314): mysqli->query('SELECT `post_id...')
#1 /var/www/html/mymisdiagnosis/system/Database/BaseConnection.php(713): CodeIgniter\Database\MySQLi\Connection->execute('SELECT `post_id...')
#2 /var/www/html/mymisdiagnosis/system/Database/BaseConnection.php(641): CodeIgniter\Database\BaseConnection->simpleQuery('SELECT `post_id...')
#3 /var/www/html/mymisdiagnosis/system/Database/BaseBuilder.php(1866): CodeIgniter\Database\BaseConnection->query('SELECT `post_id...', Array, false)
#4 /var/www/html/mymisdiagnosis/app/Models/PostModel.php(45): CodeIgniter\Database\BaseBuilder->get()
#5 /var/www/html/mymisdiagnosis/app/Controllers/Post.php(31): App\Models\PostModel->getBlog('display')
#6 /var/www/html/mymisdiagnosis/system/CodeIgniter.php(936): App\Controllers\Post->display('display')
#7 /var/www/html/mymisdiagnosis/system/CodeIgniter.php(432): CodeIgniter\CodeIgniter->runController(Object(App\Controllers\Post))
#8 /var/www/html/mymisdiagnosis/system/CodeIgniter.php(333): CodeIgniter\CodeIgniter->handleRequest(NULL, Object(Config\Cache), false)
#9 /var/www/html/mymisdiagnosis/index.php(44): CodeIgniter\CodeIgniter->run()
#10 {main}
CRITICAL - 2021-12-17 08:14:34 --> Table 'mymisdiagnosis_app.blog' doesn't exist
#0 /var/www/html/mymisdiagnosis/system/Database/MySQLi/Connection.php(314): mysqli->query('SELECT `post_id...')
#1 /var/www/html/mymisdiagnosis/system/Database/BaseConnection.php(713): CodeIgniter\Database\MySQLi\Connection->execute('SELECT `post_id...')
#2 /var/www/html/mymisdiagnosis/system/Database/BaseConnection.php(641): CodeIgniter\Database\BaseConnection->simpleQuery('SELECT `post_id...')
#3 /var/www/html/mymisdiagnosis/system/Database/BaseBuilder.php(1866): CodeIgniter\Database\BaseConnection->query('SELECT `post_id...', Array, false)
#4 /var/www/html/mymisdiagnosis/app/Models/PostModel.php(45): CodeIgniter\Database\BaseBuilder->get()
#5 /var/www/html/mymisdiagnosis/app/Controllers/Post.php(31): App\Models\PostModel->getBlog('display')
#6 /var/www/html/mymisdiagnosis/system/CodeIgniter.php(936): App\Controllers\Post->display('display')
#7 /var/www/html/mymisdiagnosis/system/CodeIgniter.php(432): CodeIgniter\CodeIgniter->runController(Object(App\Controllers\Post))
#8 /var/www/html/mymisdiagnosis/system/CodeIgniter.php(333): CodeIgniter\CodeIgniter->handleRequest(NULL, Object(Config\Cache), false)
#9 /var/www/html/mymisdiagnosis/index.php(44): CodeIgniter\CodeIgniter->run()
#10 {main}
INFO - 2021-12-17 08:15:28 --> Session: Class initialized using 'CodeIgniter\Session\Handlers\FileHandler' driver.
WARNING - 2021-12-17 08:15:28 --> Session: Sessions is enabled, and one exists.Please don't $session->start();
CRITICAL - 2021-12-17 08:15:28 --> Undefined offset: 1
#0 /var/www/html/mymisdiagnosis/app/Controllers/Post.php(31): CodeIgniter\Debug\Exceptions->errorHandler(8, 'Undefined offse...', '/var/www/html/m...', 31, Array)
#1 /var/www/html/mymisdiagnosis/system/CodeIgniter.php(936): App\Controllers\Post->display('display')
#2 /var/www/html/mymisdiagnosis/system/CodeIgniter.php(432): CodeIgniter\CodeIgniter->runController(Object(App\Controllers\Post))
#3 /var/www/html/mymisdiagnosis/system/CodeIgniter.php(333): CodeIgniter\CodeIgniter->handleRequest(NULL, Object(Config\Cache), false)
#4 /var/www/html/mymisdiagnosis/index.php(44): CodeIgniter\CodeIgniter->run()
#5 {main}
INFO - 2021-12-17 08:17:44 --> Session: Class initialized using 'CodeIgniter\Session\Handlers\FileHandler' driver.
WARNING - 2021-12-17 08:17:44 --> Session: Sessions is enabled, and one exists.Please don't $session->start();
CRITICAL - 2021-12-17 08:17:44 --> Undefined offset: 1
#0 /var/www/html/mymisdiagnosis/app/Controllers/Post.php(31): CodeIgniter\Debug\Exceptions->errorHandler(8, 'Undefined offse...', '/var/www/html/m...', 31, Array)
#1 /var/www/html/mymisdiagnosis/system/CodeIgniter.php(936): App\Controllers\Post->display('display')
#2 /var/www/html/mymisdiagnosis/system/CodeIgniter.php(432): CodeIgniter\CodeIgniter->runController(Object(App\Controllers\Post))
#3 /var/www/html/mymisdiagnosis/system/CodeIgniter.php(333): CodeIgniter\CodeIgniter->handleRequest(NULL, Object(Config\Cache), false)
#4 /var/www/html/mymisdiagnosis/index.php(44): CodeIgniter\CodeIgniter->run()
#5 {main}
CRITICAL - 2021-12-17 08:18:26 --> syntax error, unexpected ')'
#0 /var/www/html/mymisdiagnosis/system/Autoloader/Autoloader.php(265): CodeIgniter\Autoloader\Autoloader->includeFile('/var/www/html/m...')
#1 /var/www/html/mymisdiagnosis/system/Autoloader/Autoloader.php(228): CodeIgniter\Autoloader\Autoloader->loadInNamespace('App\\Controllers...')
#2 [internal function]: CodeIgniter\Autoloader\Autoloader->loadClass('App\\Controllers...')
#3 [internal function]: spl_autoload_call('App\\Controllers...')
#4 /var/www/html/mymisdiagnosis/system/CodeIgniter.php(893): class_exists('\\App\\Controller...', true)
#5 /var/www/html/mymisdiagnosis/system/CodeIgniter.php(417): CodeIgniter\CodeIgniter->startController()
#6 /var/www/html/mymisdiagnosis/system/CodeIgniter.php(333): CodeIgniter\CodeIgniter->handleRequest(NULL, Object(Config\Cache), false)
#7 /var/www/html/mymisdiagnosis/index.php(44): CodeIgniter\CodeIgniter->run()
#8 {main}
INFO - 2021-12-17 08:18:43 --> Session: Class initialized using 'CodeIgniter\Session\Handlers\FileHandler' driver.
WARNING - 2021-12-17 08:18:43 --> Session: Sessions is enabled, and one exists.Please don't $session->start();
CRITICAL - 2021-12-17 08:18:43 --> Invalid file: auth_internetics/template/header.php
#0 /var/www/html/mymisdiagnosis/system/View/View.php(203): CodeIgniter\Exceptions\FrameworkException::forInvalidFile('auth_internetic...')
#1 /var/www/html/mymisdiagnosis/system/Common.php(1217): CodeIgniter\View\View->render('auth_internetic...', Array, true)
#2 /var/www/html/mymisdiagnosis/app/Controllers/Post.php(39): view('auth_internetic...')
#3 /var/www/html/mymisdiagnosis/system/CodeIgniter.php(936): App\Controllers\Post->display('display')
#4 /var/www/html/mymisdiagnosis/system/CodeIgniter.php(432): CodeIgniter\CodeIgniter->runController(Object(App\Controllers\Post))
#5 /var/www/html/mymisdiagnosis/system/CodeIgniter.php(333): CodeIgniter\CodeIgniter->handleRequest(NULL, Object(Config\Cache), false)
#6 /var/www/html/mymisdiagnosis/index.php(44): CodeIgniter\CodeIgniter->run()
#7 {main}
INFO - 2021-12-17 08:55:03 --> Session: Class initialized using 'CodeIgniter\Session\Handlers\FileHandler' driver.
WARNING - 2021-12-17 08:55:03 --> Session: Sessions is enabled, and one exists.Please don't $session->start();
CRITICAL - 2021-12-17 08:55:03 --> Undefined variable: title
#0 /var/www/html/mymisdiagnosis/app/Views/auth_internetics/header.php(5): CodeIgniter\Debug\Exceptions->errorHandler(8, 'Undefined varia...', '/var/www/html/m...', 5, Array)
#1 /var/www/html/mymisdiagnosis/system/View/View.php(220): include('/var/www/html/m...')
#2 /var/www/html/mymisdiagnosis/system/View/View.php(222): CodeIgniter\View\View->CodeIgniter\View\{closure}()
#3 /var/www/html/mymisdiagnosis/system/Common.php(1217): CodeIgniter\View\View->render('auth_internetic...', Array, true)
#4 /var/www/html/mymisdiagnosis/app/Controllers/Post.php(39): view('auth_internetic...')
#5 /var/www/html/mymisdiagnosis/system/CodeIgniter.php(936): App\Controllers\Post->display('display')
#6 /var/www/html/mymisdiagnosis/system/CodeIgniter.php(432): CodeIgniter\CodeIgniter->runController(Object(App\Controllers\Post))
#7 /var/www/html/mymisdiagnosis/system/CodeIgniter.php(333): CodeIgniter\CodeIgniter->handleRequest(NULL, Object(Config\Cache), false)
#8 /var/www/html/mymisdiagnosis/index.php(44): CodeIgniter\CodeIgniter->run()
#9 {main}
INFO - 2021-12-17 09:06:28 --> Session: Class initialized using 'CodeIgniter\Session\Handlers\FileHandler' driver.
INFO - 2021-12-17 09:06:33 --> Session: Class initialized using 'CodeIgniter\Session\Handlers\FileHandler' driver.
WARNING - 2021-12-17 09:06:33 --> Session: Sessions is enabled, and one exists.Please don't $session->start();
CRITICAL - 2021-12-17 09:06:33 --> Undefined property: App\Controllers\Post::$data
#0 /var/www/html/mymisdiagnosis/app/Controllers/Post.php(39): CodeIgniter\Debug\Exceptions->errorHandler(8, 'Undefined prope...', '/var/www/html/m...', 39, Array)
#1 /var/www/html/mymisdiagnosis/system/CodeIgniter.php(936): App\Controllers\Post->display('display')
#2 /var/www/html/mymisdiagnosis/system/CodeIgniter.php(432): CodeIgniter\CodeIgniter->runController(Object(App\Controllers\Post))
#3 /var/www/html/mymisdiagnosis/system/CodeIgniter.php(333): CodeIgniter\CodeIgniter->handleRequest(NULL, Object(Config\Cache), false)
#4 /var/www/html/mymisdiagnosis/index.php(44): CodeIgniter\CodeIgniter->run()
#5 {main}
INFO - 2021-12-17 09:07:07 --> Session: Class initialized using 'CodeIgniter\Session\Handlers\FileHandler' driver.
WARNING - 2021-12-17 09:07:07 --> Session: Sessions is enabled, and one exists.Please don't $session->start();
CRITICAL - 2021-12-17 09:07:07 --> Undefined variable: title
#0 /var/www/html/mymisdiagnosis/app/Views/auth_internetics/header.php(5): CodeIgniter\Debug\Exceptions->errorHandler(8, 'Undefined varia...', '/var/www/html/m...', 5, Array)
#1 /var/www/html/mymisdiagnosis/system/View/View.php(220): include('/var/www/html/m...')
#2 /var/www/html/mymisdiagnosis/system/View/View.php(222): CodeIgniter\View\View->CodeIgniter\View\{closure}()
#3 /var/www/html/mymisdiagnosis/system/Common.php(1217): CodeIgniter\View\View->render('auth_internetic...', Array, true)
#4 /var/www/html/mymisdiagnosis/app/Controllers/Post.php(39): view('auth_internetic...', Array)
#5 /var/www/html/mymisdiagnosis/system/CodeIgniter.php(936): App\Controllers\Post->display('display')
#6 /var/www/html/mymisdiagnosis/system/CodeIgniter.php(432): CodeIgniter\CodeIgniter->runController(Object(App\Controllers\Post))
#7 /var/www/html/mymisdiagnosis/system/CodeIgniter.php(333): CodeIgniter\CodeIgniter->handleRequest(NULL, Object(Config\Cache), false)
#8 /var/www/html/mymisdiagnosis/index.php(44): CodeIgniter\CodeIgniter->run()
#9 {main}
INFO - 2021-12-17 09:07:31 --> Session: Class initialized using 'CodeIgniter\Session\Handlers\FileHandler' driver.
WARNING - 2021-12-17 09:07:31 --> Session: Sessions is enabled, and one exists.Please don't $session->start();
CRITICAL - 2021-12-17 09:07:31 --> Undefined variable: post_title
#0 /var/www/html/mymisdiagnosis/app/Views/auth_internetics/header.php(5): CodeIgniter\Debug\Exceptions->errorHandler(8, 'Undefined varia...', '/var/www/html/m...', 5, Array)
#1 /var/www/html/mymisdiagnosis/system/View/View.php(220): include('/var/www/html/m...')
#2 /var/www/html/mymisdiagnosis/system/View/View.php(222): CodeIgniter\View\View->CodeIgniter\View\{closure}()
#3 /var/www/html/mymisdiagnosis/system/Common.php(1217): CodeIgniter\View\View->render('auth_internetic...', Array, true)
#4 /var/www/html/mymisdiagnosis/app/Controllers/Post.php(39): view('auth_internetic...', Array)
#5 /var/www/html/mymisdiagnosis/system/CodeIgniter.php(936): App\Controllers\Post->display('display')
#6 /var/www/html/mymisdiagnosis/system/CodeIgniter.php(432): CodeIgniter\CodeIgniter->runController(Object(App\Controllers\Post))
#7 /var/www/html/mymisdiagnosis/system/CodeIgniter.php(333): CodeIgniter\CodeIgniter->handleRequest(NULL, Object(Config\Cache), false)
#8 /var/www/html/mymisdiagnosis/index.php(44): CodeIgniter\CodeIgniter->run()
#9 {main}
INFO - 2021-12-17 09:08:00 --> Session: Class initialized using 'CodeIgniter\Session\Handlers\FileHandler' driver.
WARNING - 2021-12-17 09:08:00 --> Session: Sessions is enabled, and one exists.Please don't $session->start();
CRITICAL - 2021-12-17 09:08:00 --> Invalid file: posts/post.php
#0 /var/www/html/mymisdiagnosis/system/View/View.php(203): CodeIgniter\Exceptions\FrameworkException::forInvalidFile('posts/post.php')
#1 /var/www/html/mymisdiagnosis/system/Common.php(1217): CodeIgniter\View\View->render('posts/post', Array, true)
#2 /var/www/html/mymisdiagnosis/app/Controllers/Post.php(40): view('posts/post', Array)
#3 /var/www/html/mymisdiagnosis/system/CodeIgniter.php(936): App\Controllers\Post->display('display')
#4 /var/www/html/mymisdiagnosis/system/CodeIgniter.php(432): CodeIgniter\CodeIgniter->runController(Object(App\Controllers\Post))
#5 /var/www/html/mymisdiagnosis/system/CodeIgniter.php(333): CodeIgniter\CodeIgniter->handleRequest(NULL, Object(Config\Cache), false)
#6 /var/www/html/mymisdiagnosis/index.php(44): CodeIgniter\CodeIgniter->run()
#7 {main}
INFO - 2021-12-17 09:10:22 --> Session: Class initialized using 'CodeIgniter\Session\Handlers\FileHandler' driver.
WARNING - 2021-12-17 09:10:22 --> Session: Sessions is enabled, and one exists.Please don't $session->start();
INFO - 2021-12-17 09:11:16 --> Session: Class initialized using 'CodeIgniter\Session\Handlers\FileHandler' driver.
WARNING - 2021-12-17 09:11:16 --> Session: Sessions is enabled, and one exists.Please don't $session->start();
CRITICAL - 2021-12-17 09:11:16 --> Undefined variable: title
#0 /var/www/html/mymisdiagnosis/app/Views/auth_internetics/header_post.php(5): CodeIgniter\Debug\Exceptions->errorHandler(8, 'Undefined varia...', '/var/www/html/m...', 5, Array)
#1 /var/www/html/mymisdiagnosis/system/View/View.php(220): include('/var/www/html/m...')
#2 /var/www/html/mymisdiagnosis/system/View/View.php(222): CodeIgniter\View\View->CodeIgniter\View\{closure}()
#3 /var/www/html/mymisdiagnosis/system/Common.php(1217): CodeIgniter\View\View->render('auth_internetic...', Array, true)
#4 /var/www/html/mymisdiagnosis/app/Controllers/Post.php(39): view('auth_internetic...', Array)
#5 /var/www/html/mymisdiagnosis/system/CodeIgniter.php(936): App\Controllers\Post->display('display')
#6 /var/www/html/mymisdiagnosis/system/CodeIgniter.php(432): CodeIgniter\CodeIgniter->runController(Object(App\Controllers\Post))
#7 /var/www/html/mymisdiagnosis/system/CodeIgniter.php(333): CodeIgniter\CodeIgniter->handleRequest(NULL, Object(Config\Cache), false)
#8 /var/www/html/mymisdiagnosis/index.php(44): CodeIgniter\CodeIgniter->run()
#9 {main}
INFO - 2021-12-17 09:13:00 --> Session: Class initialized using 'CodeIgniter\Session\Handlers\FileHandler' driver.
WARNING - 2021-12-17 09:13:00 --> Session: Sessions is enabled, and one exists.Please don't $session->start();
INFO - 2021-12-17 09:13:58 --> Session: Class initialized using 'CodeIgniter\Session\Handlers\FileHandler' driver.
WARNING - 2021-12-17 09:13:58 --> Session: Sessions is enabled, and one exists.Please don't $session->start();
INFO - 2021-12-17 09:14:40 --> Session: Class initialized using 'CodeIgniter\Session\Handlers\FileHandler' driver.
WARNING - 2021-12-17 09:14:40 --> Session: Sessions is enabled, and one exists.Please don't $session->start();
INFO - 2021-12-17 09:17:11 --> Session: Class initialized using 'CodeIgniter\Session\Handlers\FileHandler' driver.
WARNING - 2021-12-17 09:17:11 --> Session: Sessions is enabled, and one exists.Please don't $session->start();
INFO - 2021-12-17 09:17:58 --> Session: Class initialized using 'CodeIgniter\Session\Handlers\FileHandler' driver.
WARNING - 2021-12-17 09:17:58 --> Session: Sessions is enabled, and one exists.Please don't $session->start();
INFO - 2021-12-17 09:18:04 --> Session: Class initialized using 'CodeIgniter\Session\Handlers\FileHandler' driver.
WARNING - 2021-12-17 09:18:04 --> Session: Sessions is enabled, and one exists.Please don't $session->start();
INFO - 2021-12-17 09:18:11 --> Session: Class initialized using 'CodeIgniter\Session\Handlers\FileHandler' driver.
WARNING - 2021-12-17 09:18:11 --> Session: Sessions is enabled, and one exists.Please don't $session->start();
INFO - 2021-12-17 09:18:21 --> Session: Class initialized using 'CodeIgniter\Session\Handlers\FileHandler' driver.
WARNING - 2021-12-17 09:18:21 --> Session: Sessions is enabled, and one exists.Please don't $session->start();
INFO - 2021-12-17 09:19:24 --> Session: Class initialized using 'CodeIgniter\Session\Handlers\FileHandler' driver.
WARNING - 2021-12-17 09:19:24 --> Session: Sessions is enabled, and one exists.Please don't $session->start();
CRITICAL - 2021-12-17 09:19:24 --> Undefined index: blog_id
#0 /var/www/html/mymisdiagnosis/app/Models/PostModel.php(32): CodeIgniter\Debug\Exceptions->errorHandler(8, 'Undefined index...', '/var/www/html/m...', 32, Array)
#1 /var/www/html/mymisdiagnosis/app/Controllers/Post.php(23): App\Models\PostModel->getAllPost('default')
#2 /var/www/html/mymisdiagnosis/system/CodeIgniter.php(936): App\Controllers\Post->index()
#3 /var/www/html/mymisdiagnosis/system/CodeIgniter.php(432): CodeIgniter\CodeIgniter->runController(Object(App\Controllers\Post))
#4 /var/www/html/mymisdiagnosis/system/CodeIgniter.php(333): CodeIgniter\CodeIgniter->handleRequest(NULL, Object(Config\Cache), false)
#5 /var/www/html/mymisdiagnosis/index.php(44): CodeIgniter\CodeIgniter->run()
#6 {main}
INFO - 2021-12-17 09:19:29 --> Session: Class initialized using 'CodeIgniter\Session\Handlers\FileHandler' driver.
WARNING - 2021-12-17 09:19:29 --> Session: Sessions is enabled, and one exists.Please don't $session->start();
CRITICAL - 2021-12-17 09:19:29 --> Undefined index: blog_id
#0 /var/www/html/mymisdiagnosis/app/Models/PostModel.php(32): CodeIgniter\Debug\Exceptions->errorHandler(8, 'Undefined index...', '/var/www/html/m...', 32, Array)
#1 /var/www/html/mymisdiagnosis/app/Controllers/Post.php(23): App\Models\PostModel->getAllPost('default')
#2 /var/www/html/mymisdiagnosis/system/CodeIgniter.php(936): App\Controllers\Post->index()
#3 /var/www/html/mymisdiagnosis/system/CodeIgniter.php(432): CodeIgniter\CodeIgniter->runController(Object(App\Controllers\Post))
#4 /var/www/html/mymisdiagnosis/system/CodeIgniter.php(333): CodeIgniter\CodeIgniter->handleRequest(NULL, Object(Config\Cache), false)
#5 /var/www/html/mymisdiagnosis/index.php(44): CodeIgniter\CodeIgniter->run()
#6 {main}
INFO - 2021-12-17 09:19:32 --> Session: Class initialized using 'CodeIgniter\Session\Handlers\FileHandler' driver.
WARNING - 2021-12-17 09:19:32 --> Session: Sessions is enabled, and one exists.Please don't $session->start();
CRITICAL - 2021-12-17 09:19:32 --> Undefined index: blog_id
#0 /var/www/html/mymisdiagnosis/app/Models/PostModel.php(32): CodeIgniter\Debug\Exceptions->errorHandler(8, 'Undefined index...', '/var/www/html/m...', 32, Array)
#1 /var/www/html/mymisdiagnosis/app/Controllers/Post.php(23): App\Models\PostModel->getAllPost('default')
#2 /var/www/html/mymisdiagnosis/system/CodeIgniter.php(936): App\Controllers\Post->index()
#3 /var/www/html/mymisdiagnosis/system/CodeIgniter.php(432): CodeIgniter\CodeIgniter->runController(Object(App\Controllers\Post))
#4 /var/www/html/mymisdiagnosis/system/CodeIgniter.php(333): CodeIgniter\CodeIgniter->handleRequest(NULL, Object(Config\Cache), false)
#5 /var/www/html/mymisdiagnosis/index.php(44): CodeIgniter\CodeIgniter->run()
#6 {main}
INFO - 2021-12-17 09:19:32 --> Session: Class initialized using 'CodeIgniter\Session\Handlers\FileHandler' driver.
WARNING - 2021-12-17 09:19:32 --> Session: Sessions is enabled, and one exists.Please don't $session->start();
CRITICAL - 2021-12-17 09:19:32 --> Undefined index: blog_id
#0 /var/www/html/mymisdiagnosis/app/Models/PostModel.php(32): CodeIgniter\Debug\Exceptions->errorHandler(8, 'Undefined index...', '/var/www/html/m...', 32, Array)
#1 /var/www/html/mymisdiagnosis/app/Controllers/Post.php(23): App\Models\PostModel->getAllPost('default')
#2 /var/www/html/mymisdiagnosis/system/CodeIgniter.php(936): App\Controllers\Post->index()
#3 /var/www/html/mymisdiagnosis/system/CodeIgniter.php(432): CodeIgniter\CodeIgniter->runController(Object(App\Controllers\Post))
#4 /var/www/html/mymisdiagnosis/system/CodeIgniter.php(333): CodeIgniter\CodeIgniter->handleRequest(NULL, Object(Config\Cache), false)
#5 /var/www/html/mymisdiagnosis/index.php(44): CodeIgniter\CodeIgniter->run()
#6 {main}
INFO - 2021-12-17 09:19:33 --> Session: Class initialized using 'CodeIgniter\Session\Handlers\FileHandler' driver.
WARNING - 2021-12-17 09:19:33 --> Session: Sessions is enabled, and one exists.Please don't $session->start();
CRITICAL - 2021-12-17 09:19:33 --> Undefined index: blog_id
#0 /var/www/html/mymisdiagnosis/app/Models/PostModel.php(32): CodeIgniter\Debug\Exceptions->errorHandler(8, 'Undefined index...', '/var/www/html/m...', 32, Array)
#1 /var/www/html/mymisdiagnosis/app/Controllers/Post.php(23): App\Models\PostModel->getAllPost('default')
#2 /var/www/html/mymisdiagnosis/system/CodeIgniter.php(936): App\Controllers\Post->index()
#3 /var/www/html/mymisdiagnosis/system/CodeIgniter.php(432): CodeIgniter\CodeIgniter->runController(Object(App\Controllers\Post))
#4 /var/www/html/mymisdiagnosis/system/CodeIgniter.php(333): CodeIgniter\CodeIgniter->handleRequest(NULL, Object(Config\Cache), false)
#5 /var/www/html/mymisdiagnosis/index.php(44): CodeIgniter\CodeIgniter->run()
#6 {main}
INFO - 2021-12-17 09:19:33 --> Session: Class initialized using 'CodeIgniter\Session\Handlers\FileHandler' driver.
WARNING - 2021-12-17 09:19:33 --> Session: Sessions is enabled, and one exists.Please don't $session->start();
CRITICAL - 2021-12-17 09:19:33 --> Undefined index: blog_id
#0 /var/www/html/mymisdiagnosis/app/Models/PostModel.php(32): CodeIgniter\Debug\Exceptions->errorHandler(8, 'Undefined index...', '/var/www/html/m...', 32, Array)
#1 /var/www/html/mymisdiagnosis/app/Controllers/Post.php(23): App\Models\PostModel->getAllPost('default')
#2 /var/www/html/mymisdiagnosis/system/CodeIgniter.php(936): App\Controllers\Post->index()
#3 /var/www/html/mymisdiagnosis/system/CodeIgniter.php(432): CodeIgniter\CodeIgniter->runController(Object(App\Controllers\Post))
#4 /var/www/html/mymisdiagnosis/system/CodeIgniter.php(333): CodeIgniter\CodeIgniter->handleRequest(NULL, Object(Config\Cache), false)
#5 /var/www/html/mymisdiagnosis/index.php(44): CodeIgniter\CodeIgniter->run()
#6 {main}
INFO - 2021-12-17 09:20:01 --> Session: Class initialized using 'CodeIgniter\Session\Handlers\FileHandler' driver.
WARNING - 2021-12-17 09:20:01 --> Session: Sessions is enabled, and one exists.Please don't $session->start();
CRITICAL - 2021-12-17 09:20:01 --> Undefined index: blog_id
#0 /var/www/html/mymisdiagnosis/app/Models/PostModel.php(32): CodeIgniter\Debug\Exceptions->errorHandler(8, 'Undefined index...', '/var/www/html/m...', 32, Array)
#1 /var/www/html/mymisdiagnosis/app/Controllers/Post.php(23): App\Models\PostModel->getAllPost('default')
#2 /var/www/html/mymisdiagnosis/system/CodeIgniter.php(936): App\Controllers\Post->index()
#3 /var/www/html/mymisdiagnosis/system/CodeIgniter.php(432): CodeIgniter\CodeIgniter->runController(Object(App\Controllers\Post))
#4 /var/www/html/mymisdiagnosis/system/CodeIgniter.php(333): CodeIgniter\CodeIgniter->handleRequest(NULL, Object(Config\Cache), false)
#5 /var/www/html/mymisdiagnosis/index.php(44): CodeIgniter\CodeIgniter->run()
#6 {main}
INFO - 2021-12-17 09:20:37 --> Session: Class initialized using 'CodeIgniter\Session\Handlers\FileHandler' driver.
WARNING - 2021-12-17 09:20:37 --> Session: Sessions is enabled, and one exists.Please don't $session->start();
INFO - 2021-12-17 09:20:46 --> Session: Class initialized using 'CodeIgniter\Session\Handlers\FileHandler' driver.
WARNING - 2021-12-17 09:20:46 --> Session: Sessions is enabled, and one exists.Please don't $session->start();
INFO - 2021-12-17 09:20:47 --> Session: Class initialized using 'CodeIgniter\Session\Handlers\FileHandler' driver.
WARNING - 2021-12-17 09:20:47 --> Session: Sessions is enabled, and one exists.Please don't $session->start();
INFO - 2021-12-17 09:20:50 --> Session: Class initialized using 'CodeIgniter\Session\Handlers\FileHandler' driver.
WARNING - 2021-12-17 09:20:50 --> Session: Sessions is enabled, and one exists.Please don't $session->start();
INFO - 2021-12-17 09:20:54 --> Session: Class initialized using 'CodeIgniter\Session\Handlers\FileHandler' driver.
WARNING - 2021-12-17 09:20:54 --> Session: Sessions is enabled, and one exists.Please don't $session->start();
INFO - 2021-12-17 09:20:54 --> Session: Class initialized using 'CodeIgniter\Session\Handlers\FileHandler' driver.
WARNING - 2021-12-17 09:20:54 --> Session: Sessions is enabled, and one exists.Please don't $session->start();
INFO - 2021-12-17 09:20:57 --> Session: Class initialized using 'CodeIgniter\Session\Handlers\FileHandler' driver.
WARNING - 2021-12-17 09:20:57 --> Session: Sessions is enabled, and one exists.Please don't $session->start();
INFO - 2021-12-17 09:21:01 --> Session: Class initialized using 'CodeIgniter\Session\Handlers\FileHandler' driver.
WARNING - 2021-12-17 09:21:01 --> Session: Sessions is enabled, and one exists.Please don't $session->start();
INFO - 2021-12-17 09:21:02 --> Session: Class initialized using 'CodeIgniter\Session\Handlers\FileHandler' driver.
WARNING - 2021-12-17 09:21:02 --> Session: Sessions is enabled, and one exists.Please don't $session->start();
INFO - 2021-12-17 09:21:10 --> Session: Class initialized using 'CodeIgniter\Session\Handlers\FileHandler' driver.
WARNING - 2021-12-17 09:21:10 --> Session: Sessions is enabled, and one exists.Please don't $session->start();
INFO - 2021-12-17 09:21:39 --> Session: Class initialized using 'CodeIgniter\Session\Handlers\FileHandler' driver.
WARNING - 2021-12-17 09:21:39 --> Session: Sessions is enabled, and one exists.Please don't $session->start();
INFO - 2021-12-17 09:21:56 --> Session: Class initialized using 'CodeIgniter\Session\Handlers\FileHandler' driver.
WARNING - 2021-12-17 09:21:56 --> Session: Sessions is enabled, and one exists.Please don't $session->start();
INFO - 2021-12-17 09:21:57 --> Session: Class initialized using 'CodeIgniter\Session\Handlers\FileHandler' driver.
WARNING - 2021-12-17 09:21:57 --> Session: Sessions is enabled, and one exists.Please don't $session->start();
INFO - 2021-12-17 09:22:13 --> Session: Class initialized using 'CodeIgniter\Session\Handlers\FileHandler' driver.
WARNING - 2021-12-17 09:22:13 --> Session: Sessions is enabled, and one exists.Please don't $session->start();
INFO - 2021-12-17 09:22:14 --> Session: Class initialized using 'CodeIgniter\Session\Handlers\FileHandler' driver.
WARNING - 2021-12-17 09:22:14 --> Session: Sessions is enabled, and one exists.Please don't $session->start();
INFO - 2021-12-17 09:22:15 --> Session: Class initialized using 'CodeIgniter\Session\Handlers\FileHandler' driver.
WARNING - 2021-12-17 09:22:15 --> Session: Sessions is enabled, and one exists.Please don't $session->start();
INFO - 2021-12-17 09:22:58 --> Session: Class initialized using 'CodeIgniter\Session\Handlers\FileHandler' driver.
WARNING - 2021-12-17 09:22:58 --> Session: Sessions is enabled, and one exists.Please don't $session->start();
INFO - 2021-12-17 09:23:05 --> Session: Class initialized using 'CodeIgniter\Session\Handlers\FileHandler' driver.
WARNING - 2021-12-17 09:23:05 --> Session: Sessions is enabled, and one exists.Please don't $session->start();
INFO - 2021-12-17 09:23:05 --> Session: Class initialized using 'CodeIgniter\Session\Handlers\FileHandler' driver.
WARNING - 2021-12-17 09:23:05 --> Session: Sessions is enabled, and one exists.Please don't $session->start();
INFO - 2021-12-17 09:23:06 --> Session: Class initialized using 'CodeIgniter\Session\Handlers\FileHandler' driver.
WARNING - 2021-12-17 09:23:06 --> Session: Sessions is enabled, and one exists.Please don't $session->start();
INFO - 2021-12-17 09:24:38 --> Session: Class initialized using 'CodeIgniter\Session\Handlers\FileHandler' driver.
WARNING - 2021-12-17 09:24:38 --> Session: Sessions is enabled, and one exists.Please don't $session->start();
INFO - 2021-12-17 09:25:11 --> Session: Class initialized using 'CodeIgniter\Session\Handlers\FileHandler' driver.
WARNING - 2021-12-17 09:25:11 --> Session: Sessions is enabled, and one exists.Please don't $session->start();
INFO - 2021-12-17 09:25:38 --> Session: Class initialized using 'CodeIgniter\Session\Handlers\FileHandler' driver.
WARNING - 2021-12-17 09:25:38 --> Session: Sessions is enabled, and one exists.Please don't $session->start();
INFO - 2021-12-17 09:26:01 --> Session: Class initialized using 'CodeIgniter\Session\Handlers\FileHandler' driver.
WARNING - 2021-12-17 09:26:01 --> Session: Sessions is enabled, and one exists.Please don't $session->start();
INFO - 2021-12-17 09:26:06 --> Session: Class initialized using 'CodeIgniter\Session\Handlers\FileHandler' driver.
WARNING - 2021-12-17 09:26:06 --> Session: Sessions is enabled, and one exists.Please don't $session->start();
INFO - 2021-12-17 09:27:51 --> Session: Class initialized using 'CodeIgniter\Session\Handlers\FileHandler' driver.
WARNING - 2021-12-17 09:27:51 --> Session: Sessions is enabled, and one exists.Please don't $session->start();
INFO - 2021-12-17 09:27:56 --> Session: Class initialized using 'CodeIgniter\Session\Handlers\FileHandler' driver.
WARNING - 2021-12-17 09:27:56 --> Session: Sessions is enabled, and one exists.Please don't $session->start();
INFO - 2021-12-17 09:28:44 --> Session: Class initialized using 'CodeIgniter\Session\Handlers\FileHandler' driver.
WARNING - 2021-12-17 09:28:44 --> Session: Sessions is enabled, and one exists.Please don't $session->start();
INFO - 2021-12-17 09:29:30 --> Session: Class initialized using 'CodeIgniter\Session\Handlers\FileHandler' driver.
WARNING - 2021-12-17 09:29:30 --> Session: Sessions is enabled, and one exists.Please don't $session->start();
INFO - 2021-12-17 09:30:06 --> Session: Class initialized using 'CodeIgniter\Session\Handlers\FileHandler' driver.
WARNING - 2021-12-17 09:30:06 --> Session: Sessions is enabled, and one exists.Please don't $session->start();
INFO - 2021-12-17 09:31:25 --> Session: Class initialized using 'CodeIgniter\Session\Handlers\FileHandler' driver.
WARNING - 2021-12-17 09:31:25 --> Session: Sessions is enabled, and one exists.Please don't $session->start();
INFO - 2021-12-17 09:31:28 --> Session: Class initialized using 'CodeIgniter\Session\Handlers\FileHandler' driver.
WARNING - 2021-12-17 09:31:28 --> Session: Sessions is enabled, and one exists.Please don't $session->start();
INFO - 2021-12-17 09:34:02 --> Session: Class initialized using 'CodeIgniter\Session\Handlers\FileHandler' driver.
WARNING - 2021-12-17 09:34:02 --> Session: Sessions is enabled, and one exists.Please don't $session->start();
INFO - 2021-12-17 09:36:09 --> Session: Class initialized using 'CodeIgniter\Session\Handlers\FileHandler' driver.
WARNING - 2021-12-17 09:36:09 --> Session: Sessions is enabled, and one exists.Please don't $session->start();
INFO - 2021-12-17 09:36:12 --> Session: Class initialized using 'CodeIgniter\Session\Handlers\FileHandler' driver.
WARNING - 2021-12-17 09:36:12 --> Session: Sessions is enabled, and one exists.Please don't $session->start();
INFO - 2021-12-17 09:36:43 --> Session: Class initialized using 'CodeIgniter\Session\Handlers\FileHandler' driver.
WARNING - 2021-12-17 09:36:43 --> Session: Sessions is enabled, and one exists.Please don't $session->start();
INFO - 2021-12-17 09:37:01 --> Session: Class initialized using 'CodeIgniter\Session\Handlers\FileHandler' driver.
WARNING - 2021-12-17 09:37:01 --> Session: Sessions is enabled, and one exists.Please don't $session->start();
INFO - 2021-12-17 09:37:03 --> Session: Class initialized using 'CodeIgniter\Session\Handlers\FileHandler' driver.
WARNING - 2021-12-17 09:37:03 --> Session: Sessions is enabled, and one exists.Please don't $session->start();
CRITICAL - 2021-12-17 09:37:03 --> strpos(): Empty needle
#0 [internal function]: CodeIgniter\Debug\Exceptions->errorHandler(2, 'strpos(): Empty...', '/var/www/html/m...', 1227, Array)
#1 /var/www/html/mymisdiagnosis/system/Router/RouteCollection.php(1227): strpos('App\\Controllers...', '')
#2 /var/www/html/mymisdiagnosis/system/HTTP/RedirectResponse.php(59): CodeIgniter\Router\RouteCollection->reverseRoute('')
#3 /var/www/html/mymisdiagnosis/app/Controllers/Post.php(39): CodeIgniter\HTTP\RedirectResponse->route('')
#4 /var/www/html/mymisdiagnosis/system/CodeIgniter.php(936): App\Controllers\Post->display()
#5 /var/www/html/mymisdiagnosis/system/CodeIgniter.php(432): CodeIgniter\CodeIgniter->runController(Object(App\Controllers\Post))
#6 /var/www/html/mymisdiagnosis/system/CodeIgniter.php(333): CodeIgniter\CodeIgniter->handleRequest(NULL, Object(Config\Cache), false)
#7 /var/www/html/mymisdiagnosis/index.php(44): CodeIgniter\CodeIgniter->run()
#8 {main}
INFO - 2021-12-17 09:37:38 --> Session: Class initialized using 'CodeIgniter\Session\Handlers\FileHandler' driver.
WARNING - 2021-12-17 09:37:38 --> Session: Sessions is enabled, and one exists.Please don't $session->start();
CRITICAL - 2021-12-17 09:37:38 --> strpos(): Empty needle
#0 [internal function]: CodeIgniter\Debug\Exceptions->errorHandler(2, 'strpos(): Empty...', '/var/www/html/m...', 1227, Array)
#1 /var/www/html/mymisdiagnosis/system/Router/RouteCollection.php(1227): strpos('App\\Controllers...', '')
#2 /var/www/html/mymisdiagnosis/system/HTTP/RedirectResponse.php(59): CodeIgniter\Router\RouteCollection->reverseRoute('')
#3 /var/www/html/mymisdiagnosis/app/Controllers/Post.php(39): CodeIgniter\HTTP\RedirectResponse->route('')
#4 /var/www/html/mymisdiagnosis/system/CodeIgniter.php(936): App\Controllers\Post->display()
#5 /var/www/html/mymisdiagnosis/system/CodeIgniter.php(432): CodeIgniter\CodeIgniter->runController(Object(App\Controllers\Post))
#6 /var/www/html/mymisdiagnosis/system/CodeIgniter.php(333): CodeIgniter\CodeIgniter->handleRequest(NULL, Object(Config\Cache), false)
#7 /var/www/html/mymisdiagnosis/index.php(44): CodeIgniter\CodeIgniter->run()
#8 {main}
INFO - 2021-12-17 09:37:39 --> Session: Class initialized using 'CodeIgniter\Session\Handlers\FileHandler' driver.
WARNING - 2021-12-17 09:37:39 --> Session: Sessions is enabled, and one exists.Please don't $session->start();
CRITICAL - 2021-12-17 09:37:39 --> Invalid file: templates/header_post.php
#0 /var/www/html/mymisdiagnosis/system/View/View.php(203): CodeIgniter\Exceptions\FrameworkException::forInvalidFile('templates/heade...')
#1 /var/www/html/mymisdiagnosis/system/Common.php(1217): CodeIgniter\View\View->render('templates/heade...', Array, true)
#2 /var/www/html/mymisdiagnosis/app/Controllers/Post.php(25): view('templates/heade...')
#3 /var/www/html/mymisdiagnosis/system/CodeIgniter.php(936): App\Controllers\Post->index()
#4 /var/www/html/mymisdiagnosis/system/CodeIgniter.php(432): CodeIgniter\CodeIgniter->runController(Object(App\Controllers\Post))
#5 /var/www/html/mymisdiagnosis/system/CodeIgniter.php(333): CodeIgniter\CodeIgniter->handleRequest(NULL, Object(Config\Cache), false)
#6 /var/www/html/mymisdiagnosis/index.php(44): CodeIgniter\CodeIgniter->run()
#7 {main}
INFO - 2021-12-17 09:38:04 --> Session: Class initialized using 'CodeIgniter\Session\Handlers\FileHandler' driver.
WARNING - 2021-12-17 09:38:04 --> Session: Sessions is enabled, and one exists.Please don't $session->start();
CRITICAL - 2021-12-17 09:38:04 --> Invalid file: welcome_message.php
#0 /var/www/html/mymisdiagnosis/system/View/View.php(203): CodeIgniter\Exceptions\FrameworkException::forInvalidFile('welcome_message...')
#1 /var/www/html/mymisdiagnosis/system/Common.php(1217): CodeIgniter\View\View->render('welcome_message', Array, true)
#2 /var/www/html/mymisdiagnosis/app/Controllers/Post.php(26): view('welcome_message', Array)
#3 /var/www/html/mymisdiagnosis/system/CodeIgniter.php(936): App\Controllers\Post->index()
#4 /var/www/html/mymisdiagnosis/system/CodeIgniter.php(432): CodeIgniter\CodeIgniter->runController(Object(App\Controllers\Post))
#5 /var/www/html/mymisdiagnosis/system/CodeIgniter.php(333): CodeIgniter\CodeIgniter->handleRequest(NULL, Object(Config\Cache), false)
#6 /var/www/html/mymisdiagnosis/index.php(44): CodeIgniter\CodeIgniter->run()
#7 {main}
INFO - 2021-12-17 09:38:21 --> Session: Class initialized using 'CodeIgniter\Session\Handlers\FileHandler' driver.
WARNING - 2021-12-17 09:38:21 --> Session: Sessions is enabled, and one exists.Please don't $session->start();
CRITICAL - 2021-12-17 09:38:21 --> Undefined variable: blog
#0 /var/www/html/mymisdiagnosis/app/Views/post.php(2): CodeIgniter\Debug\Exceptions->errorHandler(8, 'Undefined varia...', '/var/www/html/m...', 2, Array)
#1 /var/www/html/mymisdiagnosis/system/View/View.php(220): include('/var/www/html/m...')
#2 /var/www/html/mymisdiagnosis/system/View/View.php(222): CodeIgniter\View\View->CodeIgniter\View\{closure}()
#3 /var/www/html/mymisdiagnosis/system/Common.php(1217): CodeIgniter\View\View->render('post', Array, true)
#4 /var/www/html/mymisdiagnosis/app/Controllers/Post.php(26): view('post', Array)
#5 /var/www/html/mymisdiagnosis/system/CodeIgniter.php(936): App\Controllers\Post->index()
#6 /var/www/html/mymisdiagnosis/system/CodeIgniter.php(432): CodeIgniter\CodeIgniter->runController(Object(App\Controllers\Post))
#7 /var/www/html/mymisdiagnosis/system/CodeIgniter.php(333): CodeIgniter\CodeIgniter->handleRequest(NULL, Object(Config\Cache), false)
#8 /var/www/html/mymisdiagnosis/index.php(44): CodeIgniter\CodeIgniter->run()
#9 {main}
INFO - 2021-12-17 09:39:44 --> Session: Class initialized using 'CodeIgniter\Session\Handlers\FileHandler' driver.
WARNING - 2021-12-17 09:39:44 --> Session: Sessions is enabled, and one exists.Please don't $session->start();
CRITICAL - 2021-12-17 09:39:44 --> Undefined variable: categories
#0 /var/www/html/mymisdiagnosis/app/Views/welcome_message.php(4): CodeIgniter\Debug\Exceptions->errorHandler(8, 'Undefined varia...', '/var/www/html/m...', 4, Array)
#1 /var/www/html/mymisdiagnosis/system/View/View.php(220): include('/var/www/html/m...')
#2 /var/www/html/mymisdiagnosis/system/View/View.php(222): CodeIgniter\View\View->CodeIgniter\View\{closure}()
#3 /var/www/html/mymisdiagnosis/system/Common.php(1217): CodeIgniter\View\View->render('welcome_message', Array, true)
#4 /var/www/html/mymisdiagnosis/app/Controllers/Post.php(26): view('welcome_message', Array)
#5 /var/www/html/mymisdiagnosis/system/CodeIgniter.php(936): App\Controllers\Post->index()
#6 /var/www/html/mymisdiagnosis/system/CodeIgniter.php(432): CodeIgniter\CodeIgniter->runController(Object(App\Controllers\Post))
#7 /var/www/html/mymisdiagnosis/system/CodeIgniter.php(333): CodeIgniter\CodeIgniter->handleRequest(NULL, Object(Config\Cache), false)
#8 /var/www/html/mymisdiagnosis/index.php(44): CodeIgniter\CodeIgniter->run()
#9 {main}
INFO - 2021-12-17 09:40:03 --> Session: Class initialized using 'CodeIgniter\Session\Handlers\FileHandler' driver.
WARNING - 2021-12-17 09:40:03 --> Session: Sessions is enabled, and one exists.Please don't $session->start();
CRITICAL - 2021-12-17 09:40:03 --> Undefined index: blog_id
#0 /var/www/html/mymisdiagnosis/app/Views/welcome_message.php(19): CodeIgniter\Debug\Exceptions->errorHandler(8, 'Undefined index...', '/var/www/html/m...', 19, Array)
#1 /var/www/html/mymisdiagnosis/system/View/View.php(220): include('/var/www/html/m...')
#2 /var/www/html/mymisdiagnosis/system/View/View.php(222): CodeIgniter\View\View->CodeIgniter\View\{closure}()
#3 /var/www/html/mymisdiagnosis/system/Common.php(1217): CodeIgniter\View\View->render('welcome_message', Array, true)
#4 /var/www/html/mymisdiagnosis/app/Controllers/Post.php(26): view('welcome_message', Array)
#5 /var/www/html/mymisdiagnosis/system/CodeIgniter.php(936): App\Controllers\Post->index()
#6 /var/www/html/mymisdiagnosis/system/CodeIgniter.php(432): CodeIgniter\CodeIgniter->runController(Object(App\Controllers\Post))
#7 /var/www/html/mymisdiagnosis/system/CodeIgniter.php(333): CodeIgniter\CodeIgniter->handleRequest(NULL, Object(Config\Cache), false)
#8 /var/www/html/mymisdiagnosis/index.php(44): CodeIgniter\CodeIgniter->run()
#9 {main}
INFO - 2021-12-17 09:40:20 --> Session: Class initialized using 'CodeIgniter\Session\Handlers\FileHandler' driver.
WARNING - 2021-12-17 09:40:20 --> Session: Sessions is enabled, and one exists.Please don't $session->start();
CRITICAL - 2021-12-17 09:40:20 --> Undefined variable: blog_cat
#0 /var/www/html/mymisdiagnosis/app/Views/welcome_message.php(19): CodeIgniter\Debug\Exceptions->errorHandler(8, 'Undefined varia...', '/var/www/html/m...', 19, Array)
#1 /var/www/html/mymisdiagnosis/system/View/View.php(220): include('/var/www/html/m...')
#2 /var/www/html/mymisdiagnosis/system/View/View.php(222): CodeIgniter\View\View->CodeIgniter\View\{closure}()
#3 /var/www/html/mymisdiagnosis/system/Common.php(1217): CodeIgniter\View\View->render('welcome_message', Array, true)
#4 /var/www/html/mymisdiagnosis/app/Controllers/Post.php(26): view('welcome_message', Array)
#5 /var/www/html/mymisdiagnosis/system/CodeIgniter.php(936): App\Controllers\Post->index()
#6 /var/www/html/mymisdiagnosis/system/CodeIgniter.php(432): CodeIgniter\CodeIgniter->runController(Object(App\Controllers\Post))
#7 /var/www/html/mymisdiagnosis/system/CodeIgniter.php(333): CodeIgniter\CodeIgniter->handleRequest(NULL, Object(Config\Cache), false)
#8 /var/www/html/mymisdiagnosis/index.php(44): CodeIgniter\CodeIgniter->run()
#9 {main}
INFO - 2021-12-17 09:42:01 --> Session: Class initialized using 'CodeIgniter\Session\Handlers\FileHandler' driver.
WARNING - 2021-12-17 09:42:01 --> Session: Sessions is enabled, and one exists.Please don't $session->start();
CRITICAL - 2021-12-17 09:42:01 --> Undefined index: blog_title
#0 /var/www/html/mymisdiagnosis/app/Views/welcome_message.php(20): CodeIgniter\Debug\Exceptions->errorHandler(8, 'Undefined index...', '/var/www/html/m...', 20, Array)
#1 /var/www/html/mymisdiagnosis/system/View/View.php(220): include('/var/www/html/m...')
#2 /var/www/html/mymisdiagnosis/system/View/View.php(222): CodeIgniter\View\View->CodeIgniter\View\{closure}()
#3 /var/www/html/mymisdiagnosis/system/Common.php(1217): CodeIgniter\View\View->render('welcome_message', Array, true)
#4 /var/www/html/mymisdiagnosis/app/Controllers/Post.php(26): view('welcome_message', Array)
#5 /var/www/html/mymisdiagnosis/system/CodeIgniter.php(936): App\Controllers\Post->index()
#6 /var/www/html/mymisdiagnosis/system/CodeIgniter.php(432): CodeIgniter\CodeIgniter->runController(Object(App\Controllers\Post))
#7 /var/www/html/mymisdiagnosis/system/CodeIgniter.php(333): CodeIgniter\CodeIgniter->handleRequest(NULL, Object(Config\Cache), false)
#8 /var/www/html/mymisdiagnosis/index.php(44): CodeIgniter\CodeIgniter->run()
#9 {main}
INFO - 2021-12-17 09:42:16 --> Session: Class initialized using 'CodeIgniter\Session\Handlers\FileHandler' driver.
WARNING - 2021-12-17 09:42:16 --> Session: Sessions is enabled, and one exists.Please don't $session->start();
CRITICAL - 2021-12-17 09:42:16 --> Undefined index: blog_created_time
#0 /var/www/html/mymisdiagnosis/app/Views/welcome_message.php(21): CodeIgniter\Debug\Exceptions->errorHandler(8, 'Undefined index...', '/var/www/html/m...', 21, Array)
#1 /var/www/html/mymisdiagnosis/system/View/View.php(220): include('/var/www/html/m...')
#2 /var/www/html/mymisdiagnosis/system/View/View.php(222): CodeIgniter\View\View->CodeIgniter\View\{closure}()
#3 /var/www/html/mymisdiagnosis/system/Common.php(1217): CodeIgniter\View\View->render('welcome_message', Array, true)
#4 /var/www/html/mymisdiagnosis/app/Controllers/Post.php(26): view('welcome_message', Array)
#5 /var/www/html/mymisdiagnosis/system/CodeIgniter.php(936): App\Controllers\Post->index()
#6 /var/www/html/mymisdiagnosis/system/CodeIgniter.php(432): CodeIgniter\CodeIgniter->runController(Object(App\Controllers\Post))
#7 /var/www/html/mymisdiagnosis/system/CodeIgniter.php(333): CodeIgniter\CodeIgniter->handleRequest(NULL, Object(Config\Cache), false)
#8 /var/www/html/mymisdiagnosis/index.php(44): CodeIgniter\CodeIgniter->run()
#9 {main}
INFO - 2021-12-17 09:42:36 --> Session: Class initialized using 'CodeIgniter\Session\Handlers\FileHandler' driver.
WARNING - 2021-12-17 09:42:36 --> Session: Sessions is enabled, and one exists.Please don't $session->start();
CRITICAL - 2021-12-17 09:42:36 --> Undefined index: blog_body
#0 /var/www/html/mymisdiagnosis/app/Views/welcome_message.php(22): CodeIgniter\Debug\Exceptions->errorHandler(8, 'Undefined index...', '/var/www/html/m...', 22, Array)
#1 /var/www/html/mymisdiagnosis/system/View/View.php(220): include('/var/www/html/m...')
#2 /var/www/html/mymisdiagnosis/system/View/View.php(222): CodeIgniter\View\View->CodeIgniter\View\{closure}()
#3 /var/www/html/mymisdiagnosis/system/Common.php(1217): CodeIgniter\View\View->render('welcome_message', Array, true)
#4 /var/www/html/mymisdiagnosis/app/Controllers/Post.php(26): view('welcome_message', Array)
#5 /var/www/html/mymisdiagnosis/system/CodeIgniter.php(936): App\Controllers\Post->index()
#6 /var/www/html/mymisdiagnosis/system/CodeIgniter.php(432): CodeIgniter\CodeIgniter->runController(Object(App\Controllers\Post))
#7 /var/www/html/mymisdiagnosis/system/CodeIgniter.php(333): CodeIgniter\CodeIgniter->handleRequest(NULL, Object(Config\Cache), false)
#8 /var/www/html/mymisdiagnosis/index.php(44): CodeIgniter\CodeIgniter->run()
#9 {main}
INFO - 2021-12-17 09:42:53 --> Session: Class initialized using 'CodeIgniter\Session\Handlers\FileHandler' driver.
WARNING - 2021-12-17 09:42:53 --> Session: Sessions is enabled, and one exists.Please don't $session->start();
CRITICAL - 2021-12-17 09:42:53 --> Undefined index: blog_id
#0 /var/www/html/mymisdiagnosis/app/Views/welcome_message.php(23): CodeIgniter\Debug\Exceptions->errorHandler(8, 'Undefined index...', '/var/www/html/m...', 23, Array)
#1 /var/www/html/mymisdiagnosis/system/View/View.php(220): include('/var/www/html/m...')
#2 /var/www/html/mymisdiagnosis/system/View/View.php(222): CodeIgniter\View\View->CodeIgniter\View\{closure}()
#3 /var/www/html/mymisdiagnosis/system/Common.php(1217): CodeIgniter\View\View->render('welcome_message', Array, true)
#4 /var/www/html/mymisdiagnosis/app/Controllers/Post.php(26): view('welcome_message', Array)
#5 /var/www/html/mymisdiagnosis/system/CodeIgniter.php(936): App\Controllers\Post->index()
#6 /var/www/html/mymisdiagnosis/system/CodeIgniter.php(432): CodeIgniter\CodeIgniter->runController(Object(App\Controllers\Post))
#7 /var/www/html/mymisdiagnosis/system/CodeIgniter.php(333): CodeIgniter\CodeIgniter->handleRequest(NULL, Object(Config\Cache), false)
#8 /var/www/html/mymisdiagnosis/index.php(44): CodeIgniter\CodeIgniter->run()
#9 {main}
INFO - 2021-12-17 09:43:08 --> Session: Class initialized using 'CodeIgniter\Session\Handlers\FileHandler' driver.
WARNING - 2021-12-17 09:43:08 --> Session: Sessions is enabled, and one exists.Please don't $session->start();
INFO - 2021-12-17 09:43:29 --> Session: Class initialized using 'CodeIgniter\Session\Handlers\FileHandler' driver.
WARNING - 2021-12-17 09:43:29 --> Session: Sessions is enabled, and one exists.Please don't $session->start();
INFO - 2021-12-17 09:43:43 --> Session: Class initialized using 'CodeIgniter\Session\Handlers\FileHandler' driver.
WARNING - 2021-12-17 09:43:43 --> Session: Sessions is enabled, and one exists.Please don't $session->start();
INFO - 2021-12-17 09:44:24 --> Session: Class initialized using 'CodeIgniter\Session\Handlers\FileHandler' driver.
WARNING - 2021-12-17 09:44:24 --> Session: Sessions is enabled, and one exists.Please don't $session->start();
INFO - 2021-12-17 09:44:27 --> Session: Class initialized using 'CodeIgniter\Session\Handlers\FileHandler' driver.
WARNING - 2021-12-17 09:44:27 --> Session: Sessions is enabled, and one exists.Please don't $session->start();
INFO - 2021-12-17 10:55:30 --> Session: Class initialized using 'CodeIgniter\Session\Handlers\FileHandler' driver.
WARNING - 2021-12-17 10:55:30 --> Session: Sessions is enabled, and one exists.Please don't $session->start();
INFO - 2021-12-17 10:55:36 --> Session: Class initialized using 'CodeIgniter\Session\Handlers\FileHandler' driver.
WARNING - 2021-12-17 10:55:36 --> Session: Sessions is enabled, and one exists.Please don't $session->start();
INFO - 2021-12-17 10:57:33 --> Session: Class initialized using 'CodeIgniter\Session\Handlers\FileHandler' driver.
WARNING - 2021-12-17 10:57:33 --> Session: Sessions is enabled, and one exists.Please don't $session->start();
INFO - 2021-12-17 10:57:36 --> Session: Class initialized using 'CodeIgniter\Session\Handlers\FileHandler' driver.
WARNING - 2021-12-17 10:57:36 --> Session: Sessions is enabled, and one exists.Please don't $session->start();
CRITICAL - 2021-12-17 10:57:36 --> Invalid file: welcome_message.php
#0 /var/www/html/mymisdiagnosis/system/View/View.php(203): CodeIgniter\Exceptions\FrameworkException::forInvalidFile('welcome_message...')
#1 /var/www/html/mymisdiagnosis/system/Common.php(1217): CodeIgniter\View\View->render('welcome_message', Array, true)
#2 /var/www/html/mymisdiagnosis/app/Controllers/Post.php(26): view('welcome_message', Array)
#3 /var/www/html/mymisdiagnosis/system/CodeIgniter.php(936): App\Controllers\Post->index()
#4 /var/www/html/mymisdiagnosis/system/CodeIgniter.php(432): CodeIgniter\CodeIgniter->runController(Object(App\Controllers\Post))
#5 /var/www/html/mymisdiagnosis/system/CodeIgniter.php(333): CodeIgniter\CodeIgniter->handleRequest(NULL, Object(Config\Cache), false)
#6 /var/www/html/mymisdiagnosis/index.php(44): CodeIgniter\CodeIgniter->run()
#7 {main}
INFO - 2021-12-17 10:57:45 --> Session: Class initialized using 'CodeIgniter\Session\Handlers\FileHandler' driver.
WARNING - 2021-12-17 10:57:45 --> Session: Sessions is enabled, and one exists.Please don't $session->start();
INFO - 2021-12-17 10:58:18 --> Session: Class initialized using 'CodeIgniter\Session\Handlers\FileHandler' driver.
WARNING - 2021-12-17 10:58:18 --> Session: Sessions is enabled, and one exists.Please don't $session->start();
INFO - 2021-12-17 11:00:43 --> Session: Class initialized using 'CodeIgniter\Session\Handlers\FileHandler' driver.
WARNING - 2021-12-17 11:00:43 --> Session: Sessions is enabled, and one exists.Please don't $session->start();
INFO - 2021-12-17 11:00:57 --> Session: Class initialized using 'CodeIgniter\Session\Handlers\FileHandler' driver.
WARNING - 2021-12-17 11:00:57 --> Session: Sessions is enabled, and one exists.Please don't $session->start();
CRITICAL - 2021-12-17 11:00:57 --> Undefined variable: post_title
#0 /var/www/html/mymisdiagnosis/app/Views/auth_internetics/header.php(5): CodeIgniter\Debug\Exceptions->errorHandler(8, 'Undefined varia...', '/var/www/html/m...', 5, Array)
#1 /var/www/html/mymisdiagnosis/system/View/View.php(220): include('/var/www/html/m...')
#2 /var/www/html/mymisdiagnosis/system/View/View.php(222): CodeIgniter\View\View->CodeIgniter\View\{closure}()
#3 /var/www/html/mymisdiagnosis/system/Common.php(1217): CodeIgniter\View\View->render('auth_internetic...', Array, true)
#4 /var/www/html/mymisdiagnosis/app/Controllers/Post.php(54): view('auth_internetic...', Array)
#5 /var/www/html/mymisdiagnosis/system/CodeIgniter.php(936): App\Controllers\Post->display('9')
#6 /var/www/html/mymisdiagnosis/system/CodeIgniter.php(432): CodeIgniter\CodeIgniter->runController(Object(App\Controllers\Post))
#7 /var/www/html/mymisdiagnosis/system/CodeIgniter.php(333): CodeIgniter\CodeIgniter->handleRequest(NULL, Object(Config\Cache), false)
#8 /var/www/html/mymisdiagnosis/index.php(44): CodeIgniter\CodeIgniter->run()
#9 {main}
INFO - 2021-12-17 11:03:58 --> Session: Class initialized using 'CodeIgniter\Session\Handlers\FileHandler' driver.
WARNING - 2021-12-17 11:03:58 --> Session: Sessions is enabled, and one exists.Please don't $session->start();
CRITICAL - 2021-12-17 11:03:58 --> Undefined variable: value
#0 /var/www/html/mymisdiagnosis/app/Views/auth_internetics/header.php(5): CodeIgniter\Debug\Exceptions->errorHandler(8, 'Undefined varia...', '/var/www/html/m...', 5, Array)
#1 /var/www/html/mymisdiagnosis/system/View/View.php(220): include('/var/www/html/m...')
#2 /var/www/html/mymisdiagnosis/system/View/View.php(222): CodeIgniter\View\View->CodeIgniter\View\{closure}()
#3 /var/www/html/mymisdiagnosis/system/Common.php(1217): CodeIgniter\View\View->render('auth_internetic...', Array, true)
#4 /var/www/html/mymisdiagnosis/app/Controllers/Post.php(54): view('auth_internetic...', Array)
#5 /var/www/html/mymisdiagnosis/system/CodeIgniter.php(936): App\Controllers\Post->display('9')
#6 /var/www/html/mymisdiagnosis/system/CodeIgniter.php(432): CodeIgniter\CodeIgniter->runController(Object(App\Controllers\Post))
#7 /var/www/html/mymisdiagnosis/system/CodeIgniter.php(333): CodeIgniter\CodeIgniter->handleRequest(NULL, Object(Config\Cache), false)
#8 /var/www/html/mymisdiagnosis/index.php(44): CodeIgniter\CodeIgniter->run()
#9 {main}
INFO - 2021-12-17 11:06:45 --> Session: Class initialized using 'CodeIgniter\Session\Handlers\FileHandler' driver.
WARNING - 2021-12-17 11:06:45 --> Session: Sessions is enabled, and one exists.Please don't $session->start();
CRITICAL - 2021-12-17 11:06:45 --> Undefined variable: post
#0 /var/www/html/mymisdiagnosis/app/Views/auth_internetics/header.php(5): CodeIgniter\Debug\Exceptions->errorHandler(8, 'Undefined varia...', '/var/www/html/m...', 5, Array)
#1 /var/www/html/mymisdiagnosis/system/View/View.php(220): include('/var/www/html/m...')
#2 /var/www/html/mymisdiagnosis/system/View/View.php(222): CodeIgniter\View\View->CodeIgniter\View\{closure}()
#3 /var/www/html/mymisdiagnosis/system/Common.php(1217): CodeIgniter\View\View->render('auth_internetic...', Array, true)
#4 /var/www/html/mymisdiagnosis/app/Controllers/Post.php(54): view('auth_internetic...', Array)
#5 /var/www/html/mymisdiagnosis/system/CodeIgniter.php(936): App\Controllers\Post->display('9')
#6 /var/www/html/mymisdiagnosis/system/CodeIgniter.php(432): CodeIgniter\CodeIgniter->runController(Object(App\Controllers\Post))
#7 /var/www/html/mymisdiagnosis/system/CodeIgniter.php(333): CodeIgniter\CodeIgniter->handleRequest(NULL, Object(Config\Cache), false)
#8 /var/www/html/mymisdiagnosis/index.php(44): CodeIgniter\CodeIgniter->run()
#9 {main}
INFO - 2021-12-17 11:08:23 --> Session: Class initialized using 'CodeIgniter\Session\Handlers\FileHandler' driver.
WARNING - 2021-12-17 11:08:23 --> Session: Sessions is enabled, and one exists.Please don't $session->start();
INFO - 2021-12-17 11:08:32 --> Session: Class initialized using 'CodeIgniter\Session\Handlers\FileHandler' driver.
WARNING - 2021-12-17 11:08:32 --> Session: Sessions is enabled, and one exists.Please don't $session->start();
INFO - 2021-12-17 11:09:15 --> Session: Class initialized using 'CodeIgniter\Session\Handlers\FileHandler' driver.
INFO - 2021-12-17 11:09:33 --> Session: Class initialized using 'CodeIgniter\Session\Handlers\FileHandler' driver.
INFO - 2021-12-17 11:09:37 --> Session: Class initialized using 'CodeIgniter\Session\Handlers\FileHandler' driver.
WARNING - 2021-12-17 11:09:37 --> Session: Sessions is enabled, and one exists.Please don't $session->start();
INFO - 2021-12-17 11:09:40 --> Session: Class initialized using 'CodeIgniter\Session\Handlers\FileHandler' driver.
WARNING - 2021-12-17 11:09:40 --> Session: Sessions is enabled, and one exists.Please don't $session->start();
CRITICAL - 2021-12-17 11:09:40 --> Invalid file: post.php
#0 /var/www/html/mymisdiagnosis/system/View/View.php(203): CodeIgniter\Exceptions\FrameworkException::forInvalidFile('post.php')
#1 /var/www/html/mymisdiagnosis/system/Common.php(1217): CodeIgniter\View\View->render('post', Array, true)
#2 /var/www/html/mymisdiagnosis/app/Controllers/Post.php(55): view('post', Array)
#3 /var/www/html/mymisdiagnosis/system/CodeIgniter.php(936): App\Controllers\Post->display('12')
#4 /var/www/html/mymisdiagnosis/system/CodeIgniter.php(432): CodeIgniter\CodeIgniter->runController(Object(App\Controllers\Post))
#5 /var/www/html/mymisdiagnosis/system/CodeIgniter.php(333): CodeIgniter\CodeIgniter->handleRequest(NULL, Object(Config\Cache), false)
#6 /var/www/html/mymisdiagnosis/index.php(44): CodeIgniter\CodeIgniter->run()
#7 {main}
INFO - 2021-12-17 11:10:01 --> Session: Class initialized using 'CodeIgniter\Session\Handlers\FileHandler' driver.
WARNING - 2021-12-17 11:10:01 --> Session: Sessions is enabled, and one exists.Please don't $session->start();
INFO - 2021-12-17 11:10:22 --> Session: Class initialized using 'CodeIgniter\Session\Handlers\FileHandler' driver.
WARNING - 2021-12-17 11:10:22 --> Session: Sessions is enabled, and one exists.Please don't $session->start();
INFO - 2021-12-17 11:10:28 --> Session: Class initialized using 'CodeIgniter\Session\Handlers\FileHandler' driver.
WARNING - 2021-12-17 11:10:28 --> Session: Sessions is enabled, and one exists.Please don't $session->start();
INFO - 2021-12-17 11:15:07 --> Session: Class initialized using 'CodeIgniter\Session\Handlers\FileHandler' driver.
WARNING - 2021-12-17 11:15:07 --> Session: Sessions is enabled, and one exists.Please don't $session->start();
INFO - 2021-12-17 11:16:52 --> Session: Class initialized using 'CodeIgniter\Session\Handlers\FileHandler' driver.
WARNING - 2021-12-17 11:16:52 --> Session: Sessions is enabled, and one exists.Please don't $session->start();
INFO - 2021-12-17 11:17:07 --> Session: Class initialized using 'CodeIgniter\Session\Handlers\FileHandler' driver.
WARNING - 2021-12-17 11:17:07 --> Session: Sessions is enabled, and one exists.Please don't $session->start();
INFO - 2021-12-17 11:17:31 --> Session: Class initialized using 'CodeIgniter\Session\Handlers\FileHandler' driver.
WARNING - 2021-12-17 11:17:31 --> Session: Sessions is enabled, and one exists.Please don't $session->start();
INFO - 2021-12-17 11:17:45 --> Session: Class initialized using 'CodeIgniter\Session\Handlers\FileHandler' driver.
WARNING - 2021-12-17 11:17:45 --> Session: Sessions is enabled, and one exists.Please don't $session->start();
INFO - 2021-12-17 11:18:03 --> Session: Class initialized using 'CodeIgniter\Session\Handlers\FileHandler' driver.
WARNING - 2021-12-17 11:18:03 --> Session: Sessions is enabled, and one exists.Please don't $session->start();
INFO - 2021-12-17 11:18:05 --> Session: Class initialized using 'CodeIgniter\Session\Handlers\FileHandler' driver.
WARNING - 2021-12-17 11:18:05 --> Session: Sessions is enabled, and one exists.Please don't $session->start();
INFO - 2021-12-17 11:18:11 --> Session: Class initialized using 'CodeIgniter\Session\Handlers\FileHandler' driver.
WARNING - 2021-12-17 11:18:11 --> Session: Sessions is enabled, and one exists.Please don't $session->start();
INFO - 2021-12-17 11:22:28 --> Session: Class initialized using 'CodeIgniter\Session\Handlers\FileHandler' driver.
WARNING - 2021-12-17 11:22:28 --> Session: Sessions is enabled, and one exists.Please don't $session->start();
INFO - 2021-12-17 11:22:30 --> Session: Class initialized using 'CodeIgniter\Session\Handlers\FileHandler' driver.
WARNING - 2021-12-17 11:22:30 --> Session: Sessions is enabled, and one exists.Please don't $session->start();
INFO - 2021-12-17 11:22:34 --> Session: Class initialized using 'CodeIgniter\Session\Handlers\FileHandler' driver.
WARNING - 2021-12-17 11:22:34 --> Session: Sessions is enabled, and one exists.Please don't $session->start();
INFO - 2021-12-17 11:39:33 --> Session: Class initialized using 'CodeIgniter\Session\Handlers\FileHandler' driver.
INFO - 2021-12-17 11:40:16 --> Session: Class initialized using 'CodeIgniter\Session\Handlers\FileHandler' driver.
INFO - 2021-12-17 11:40:52 --> Session: Class initialized using 'CodeIgniter\Session\Handlers\FileHandler' driver.
INFO - 2021-12-17 11:41:17 --> Session: Class initialized using 'CodeIgniter\Session\Handlers\FileHandler' driver.
INFO - 2021-12-17 11:41:17 --> Session: Class initialized using 'CodeIgniter\Session\Handlers\FileHandler' driver.
INFO - 2021-12-17 11:41:18 --> Session: Class initialized using 'CodeIgniter\Session\Handlers\FileHandler' driver.
INFO - 2021-12-17 11:41:37 --> Session: Class initialized using 'CodeIgniter\Session\Handlers\FileHandler' driver.
WARNING - 2021-12-17 11:41:37 --> Session: Sessions is enabled, and one exists.Please don't $session->start();
INFO - 2021-12-17 11:41:39 --> Session: Class initialized using 'CodeIgniter\Session\Handlers\FileHandler' driver.
WARNING - 2021-12-17 11:41:39 --> Session: Sessions is enabled, and one exists.Please don't $session->start();
INFO - 2021-12-17 11:41:42 --> Session: Class initialized using 'CodeIgniter\Session\Handlers\FileHandler' driver.
WARNING - 2021-12-17 11:41:42 --> Session: Sessions is enabled, and one exists.Please don't $session->start();
INFO - 2021-12-17 11:42:05 --> Session: Class initialized using 'CodeIgniter\Session\Handlers\FileHandler' driver.
INFO - 2021-12-17 11:46:56 --> Session: Class initialized using 'CodeIgniter\Session\Handlers\FileHandler' driver.
INFO - 2021-12-17 11:48:30 --> Session: Class initialized using 'CodeIgniter\Session\Handlers\FileHandler' driver.
INFO - 2021-12-17 11:48:47 --> Session: Class initialized using 'CodeIgniter\Session\Handlers\FileHandler' driver.
INFO - 2021-12-17 11:54:20 --> Session: Class initialized using 'CodeIgniter\Session\Handlers\FileHandler' driver.
INFO - 2021-12-17 12:00:33 --> Session: Class initialized using 'CodeIgniter\Session\Handlers\FileHandler' driver.
INFO - 2021-12-17 12:00:46 --> Session: Class initialized using 'CodeIgniter\Session\Handlers\FileHandler' driver.
INFO - 2021-12-17 12:02:49 --> Session: Class initialized using 'CodeIgniter\Session\Handlers\FileHandler' driver.
INFO - 2021-12-17 12:05:21 --> Session: Class initialized using 'CodeIgniter\Session\Handlers\FileHandler' driver.
INFO - 2021-12-17 12:05:24 --> Session: Class initialized using 'CodeIgniter\Session\Handlers\FileHandler' driver.
INFO - 2021-12-17 12:06:09 --> Session: Class initialized using 'CodeIgniter\Session\Handlers\FileHandler' driver.
INFO - 2021-12-17 12:07:50 --> Session: Class initialized using 'CodeIgniter\Session\Handlers\FileHandler' driver.
INFO - 2021-12-17 12:07:56 --> Session: Class initialized using 'CodeIgniter\Session\Handlers\FileHandler' driver.
WARNING - 2021-12-17 12:07:56 --> Session: Sessions is enabled, and one exists.Please don't $session->start();
INFO - 2021-12-17 12:08:09 --> Session: Class initialized using 'CodeIgniter\Session\Handlers\FileHandler' driver.
WARNING - 2021-12-17 12:08:09 --> Session: Sessions is enabled, and one exists.Please don't $session->start();
INFO - 2021-12-17 12:14:12 --> Session: Class initialized using 'CodeIgniter\Session\Handlers\FileHandler' driver.
WARNING - 2021-12-17 12:14:12 --> Session: Sessions is enabled, and one exists.Please don't $session->start();
CRITICAL - 2021-12-17 12:14:12 --> syntax error, unexpected ')', expecting ';' or ','
#0 /var/www/html/mymisdiagnosis/system/View/View.php(222): CodeIgniter\View\View->CodeIgniter\View\{closure}()
#1 /var/www/html/mymisdiagnosis/system/Common.php(1217): CodeIgniter\View\View->render('auth_internetic...', Array, true)
#2 /var/www/html/mymisdiagnosis/app/Controllers/Post.php(54): view('auth_internetic...', Array)
#3 /var/www/html/mymisdiagnosis/system/CodeIgniter.php(936): App\Controllers\Post->display('121')
#4 /var/www/html/mymisdiagnosis/system/CodeIgniter.php(432): CodeIgniter\CodeIgniter->runController(Object(App\Controllers\Post))
#5 /var/www/html/mymisdiagnosis/system/CodeIgniter.php(333): CodeIgniter\CodeIgniter->handleRequest(NULL, Object(Config\Cache), false)
#6 /var/www/html/mymisdiagnosis/index.php(44): CodeIgniter\CodeIgniter->run()
#7 {main}
INFO - 2021-12-17 12:14:30 --> Session: Class initialized using 'CodeIgniter\Session\Handlers\FileHandler' driver.
WARNING - 2021-12-17 12:14:30 --> Session: Sessions is enabled, and one exists.Please don't $session->start();
INFO - 2021-12-17 12:14:55 --> Session: Class initialized using 'CodeIgniter\Session\Handlers\FileHandler' driver.
WARNING - 2021-12-17 12:14:55 --> Session: Sessions is enabled, and one exists.Please don't $session->start();
INFO - 2021-12-17 12:15:02 --> Session: Class initialized using 'CodeIgniter\Session\Handlers\FileHandler' driver.
WARNING - 2021-12-17 12:15:02 --> Session: Sessions is enabled, and one exists.Please don't $session->start();
CRITICAL - 2021-12-17 12:15:02 --> Undefined variable: blog
#0 /var/www/html/mymisdiagnosis/app/Views/auth_internetics/header_post.php(6): CodeIgniter\Debug\Exceptions->errorHandler(8, 'Undefined varia...', '/var/www/html/m...', 6, Array)
#1 /var/www/html/mymisdiagnosis/system/View/View.php(220): include('/var/www/html/m...')
#2 /var/www/html/mymisdiagnosis/system/View/View.php(222): CodeIgniter\View\View->CodeIgniter\View\{closure}()
#3 /var/www/html/mymisdiagnosis/system/Common.php(1217): CodeIgniter\View\View->render('auth_internetic...', Array, true)
#4 /var/www/html/mymisdiagnosis/app/Controllers/Post.php(27): view('auth_internetic...')
#5 /var/www/html/mymisdiagnosis/system/CodeIgniter.php(936): App\Controllers\Post->index('$1')
#6 /var/www/html/mymisdiagnosis/system/CodeIgniter.php(432): CodeIgniter\CodeIgniter->runController(Object(App\Controllers\Post))
#7 /var/www/html/mymisdiagnosis/system/CodeIgniter.php(333): CodeIgniter\CodeIgniter->handleRequest(NULL, Object(Config\Cache), false)
#8 /var/www/html/mymisdiagnosis/index.php(44): CodeIgniter\CodeIgniter->run()
#9 {main}
INFO - 2021-12-17 12:17:56 --> Session: Class initialized using 'CodeIgniter\Session\Handlers\FileHandler' driver.
WARNING - 2021-12-17 12:17:56 --> Session: Sessions is enabled, and one exists.Please don't $session->start();
CRITICAL - 2021-12-17 12:17:56 --> Undefined variable: blog
#0 /var/www/html/mymisdiagnosis/app/Views/auth_internetics/header_post.php(6): CodeIgniter\Debug\Exceptions->errorHandler(8, 'Undefined varia...', '/var/www/html/m...', 6, Array)
#1 /var/www/html/mymisdiagnosis/system/View/View.php(220): include('/var/www/html/m...')
#2 /var/www/html/mymisdiagnosis/system/View/View.php(222): CodeIgniter\View\View->CodeIgniter\View\{closure}()
#3 /var/www/html/mymisdiagnosis/system/Common.php(1217): CodeIgniter\View\View->render('auth_internetic...', Array, true)
#4 /var/www/html/mymisdiagnosis/app/Controllers/Post.php(27): view('auth_internetic...')
#5 /var/www/html/mymisdiagnosis/system/CodeIgniter.php(936): App\Controllers\Post->index('$1')
#6 /var/www/html/mymisdiagnosis/system/CodeIgniter.php(432): CodeIgniter\CodeIgniter->runController(Object(App\Controllers\Post))
#7 /var/www/html/mymisdiagnosis/system/CodeIgniter.php(333): CodeIgniter\CodeIgniter->handleRequest(NULL, Object(Config\Cache), false)
#8 /var/www/html/mymisdiagnosis/index.php(44): CodeIgniter\CodeIgniter->run()
#9 {main}
INFO - 2021-12-17 12:18:09 --> Session: Class initialized using 'CodeIgniter\Session\Handlers\FileHandler' driver.
WARNING - 2021-12-17 12:18:09 --> Session: Sessions is enabled, and one exists.Please don't $session->start();
INFO - 2021-12-17 12:18:11 --> Session: Class initialized using 'CodeIgniter\Session\Handlers\FileHandler' driver.
WARNING - 2021-12-17 12:18:11 --> Session: Sessions is enabled, and one exists.Please don't $session->start();
INFO - 2021-12-17 12:18:27 --> Session: Class initialized using 'CodeIgniter\Session\Handlers\FileHandler' driver.
WARNING - 2021-12-17 12:18:27 --> Session: Sessions is enabled, and one exists.Please don't $session->start();
CRITICAL - 2021-12-17 12:18:27 --> Argument 2 passed to view() must be of the type array, string given, called in /var/www/html/mymisdiagnosis/app/Controllers/Post.php on line 61
#0 /var/www/html/mymisdiagnosis/app/Controllers/Post.php(61): view('auth_internetic...', '')
#1 /var/www/html/mymisdiagnosis/system/CodeIgniter.php(936): App\Controllers\Post->display('118')
#2 /var/www/html/mymisdiagnosis/system/CodeIgniter.php(432): CodeIgniter\CodeIgniter->runController(Object(App\Controllers\Post))
#3 /var/www/html/mymisdiagnosis/system/CodeIgniter.php(333): CodeIgniter\CodeIgniter->handleRequest(NULL, Object(Config\Cache), false)
#4 /var/www/html/mymisdiagnosis/index.php(44): CodeIgniter\CodeIgniter->run()
#5 {main}
INFO - 2021-12-17 12:19:30 --> Session: Class initialized using 'CodeIgniter\Session\Handlers\FileHandler' driver.
WARNING - 2021-12-17 12:19:30 --> Session: Sessions is enabled, and one exists.Please don't $session->start();
INFO - 2021-12-17 12:19:47 --> Session: Class initialized using 'CodeIgniter\Session\Handlers\FileHandler' driver.
WARNING - 2021-12-17 12:19:47 --> Session: Sessions is enabled, and one exists.Please don't $session->start();
CRITICAL - 2021-12-17 12:19:47 --> Undefined variable: title
#0 /var/www/html/mymisdiagnosis/app/Views/auth_internetics/header_post.php(6): CodeIgniter\Debug\Exceptions->errorHandler(8, 'Undefined varia...', '/var/www/html/m...', 6, Array)
#1 /var/www/html/mymisdiagnosis/system/View/View.php(220): include('/var/www/html/m...')
#2 /var/www/html/mymisdiagnosis/system/View/View.php(222): CodeIgniter\View\View->CodeIgniter\View\{closure}()
#3 /var/www/html/mymisdiagnosis/system/Common.php(1217): CodeIgniter\View\View->render('auth_internetic...', Array, true)
#4 /var/www/html/mymisdiagnosis/app/Controllers/Post.php(61): view('auth_internetic...', Array)
#5 /var/www/html/mymisdiagnosis/system/CodeIgniter.php(936): App\Controllers\Post->display('118')
#6 /var/www/html/mymisdiagnosis/system/CodeIgniter.php(432): CodeIgniter\CodeIgniter->runController(Object(App\Controllers\Post))
#7 /var/www/html/mymisdiagnosis/system/CodeIgniter.php(333): CodeIgniter\CodeIgniter->handleRequest(NULL, Object(Config\Cache), false)
#8 /var/www/html/mymisdiagnosis/index.php(44): CodeIgniter\CodeIgniter->run()
#9 {main}
INFO - 2021-12-17 12:20:14 --> Session: Class initialized using 'CodeIgniter\Session\Handlers\FileHandler' driver.
WARNING - 2021-12-17 12:20:14 --> Session: Sessions is enabled, and one exists.Please don't $session->start();
INFO - 2021-12-17 12:20:46 --> Session: Class initialized using 'CodeIgniter\Session\Handlers\FileHandler' driver.
WARNING - 2021-12-17 12:20:46 --> Session: Sessions is enabled, and one exists.Please don't $session->start();
INFO - 2021-12-17 12:21:19 --> Session: Class initialized using 'CodeIgniter\Session\Handlers\FileHandler' driver.
WARNING - 2021-12-17 12:21:19 --> Session: Sessions is enabled, and one exists.Please don't $session->start();
INFO - 2021-12-17 12:21:32 --> Session: Class initialized using 'CodeIgniter\Session\Handlers\FileHandler' driver.
WARNING - 2021-12-17 12:21:32 --> Session: Sessions is enabled, and one exists.Please don't $session->start();
INFO - 2021-12-17 12:22:13 --> Session: Class initialized using 'CodeIgniter\Session\Handlers\FileHandler' driver.
WARNING - 2021-12-17 12:22:13 --> Session: Sessions is enabled, and one exists.Please don't $session->start();
INFO - 2021-12-17 12:22:28 --> Session: Class initialized using 'CodeIgniter\Session\Handlers\FileHandler' driver.
WARNING - 2021-12-17 12:22:28 --> Session: Sessions is enabled, and one exists.Please don't $session->start();
INFO - 2021-12-17 12:22:41 --> Session: Class initialized using 'CodeIgniter\Session\Handlers\FileHandler' driver.
INFO - 2021-12-17 12:22:47 --> Session: Class initialized using 'CodeIgniter\Session\Handlers\FileHandler' driver.
WARNING - 2021-12-17 12:22:47 --> Session: Sessions is enabled, and one exists.Please don't $session->start();
CRITICAL - 2021-12-17 12:22:47 --> Undefined variable: title
#0 /var/www/html/mymisdiagnosis/app/Views/auth_internetics/header_post.php(6): CodeIgniter\Debug\Exceptions->errorHandler(8, 'Undefined varia...', '/var/www/html/m...', 6, Array)
#1 /var/www/html/mymisdiagnosis/system/View/View.php(220): include('/var/www/html/m...')
#2 /var/www/html/mymisdiagnosis/system/View/View.php(222): CodeIgniter\View\View->CodeIgniter\View\{closure}()
#3 /var/www/html/mymisdiagnosis/system/Common.php(1217): CodeIgniter\View\View->render('auth_internetic...', Array, true)
#4 /var/www/html/mymisdiagnosis/app/Controllers/Post.php(27): view('auth_internetic...')
#5 /var/www/html/mymisdiagnosis/system/CodeIgniter.php(936): App\Controllers\Post->index('$1')
#6 /var/www/html/mymisdiagnosis/system/CodeIgniter.php(432): CodeIgniter\CodeIgniter->runController(Object(App\Controllers\Post))
#7 /var/www/html/mymisdiagnosis/system/CodeIgniter.php(333): CodeIgniter\CodeIgniter->handleRequest(NULL, Object(Config\Cache), false)
#8 /var/www/html/mymisdiagnosis/index.php(44): CodeIgniter\CodeIgniter->run()
#9 {main}
INFO - 2021-12-17 12:23:26 --> Session: Class initialized using 'CodeIgniter\Session\Handlers\FileHandler' driver.
WARNING - 2021-12-17 12:23:26 --> Session: Sessions is enabled, and one exists.Please don't $session->start();
CRITICAL - 2021-12-17 12:23:26 --> Undefined variable: title
#0 /var/www/html/mymisdiagnosis/app/Views/auth_internetics/header.php(5): CodeIgniter\Debug\Exceptions->errorHandler(8, 'Undefined varia...', '/var/www/html/m...', 5, Array)
#1 /var/www/html/mymisdiagnosis/system/View/View.php(220): include('/var/www/html/m...')
#2 /var/www/html/mymisdiagnosis/system/View/View.php(222): CodeIgniter\View\View->CodeIgniter\View\{closure}()
#3 /var/www/html/mymisdiagnosis/system/Common.php(1217): CodeIgniter\View\View->render('auth_internetic...', Array, true)
#4 /var/www/html/mymisdiagnosis/app/Controllers/Post.php(28): view('auth_internetic...')
#5 /var/www/html/mymisdiagnosis/system/CodeIgniter.php(936): App\Controllers\Post->index('$1')
#6 /var/www/html/mymisdiagnosis/system/CodeIgniter.php(432): CodeIgniter\CodeIgniter->runController(Object(App\Controllers\Post))
#7 /var/www/html/mymisdiagnosis/system/CodeIgniter.php(333): CodeIgniter\CodeIgniter->handleRequest(NULL, Object(Config\Cache), false)
#8 /var/www/html/mymisdiagnosis/index.php(44): CodeIgniter\CodeIgniter->run()
#9 {main}
INFO - 2021-12-17 12:24:08 --> Session: Class initialized using 'CodeIgniter\Session\Handlers\FileHandler' driver.
WARNING - 2021-12-17 12:24:08 --> Session: Sessions is enabled, and one exists.Please don't $session->start();
INFO - 2021-12-17 12:24:48 --> Session: Class initialized using 'CodeIgniter\Session\Handlers\FileHandler' driver.
WARNING - 2021-12-17 12:24:48 --> Session: Sessions is enabled, and one exists.Please don't $session->start();
INFO - 2021-12-17 12:25:37 --> Session: Class initialized using 'CodeIgniter\Session\Handlers\FileHandler' driver.
WARNING - 2021-12-17 12:25:37 --> Session: Sessions is enabled, and one exists.Please don't $session->start();
INFO - 2021-12-17 12:25:49 --> Session: Class initialized using 'CodeIgniter\Session\Handlers\FileHandler' driver.
WARNING - 2021-12-17 12:25:49 --> Session: Sessions is enabled, and one exists.Please don't $session->start();
INFO - 2021-12-17 12:31:09 --> Session: Class initialized using 'CodeIgniter\Session\Handlers\FileHandler' driver.
WARNING - 2021-12-17 12:31:09 --> Session: Sessions is enabled, and one exists.Please don't $session->start();
INFO - 2021-12-17 12:31:18 --> Session: Class initialized using 'CodeIgniter\Session\Handlers\FileHandler' driver.
INFO - 2021-12-17 12:31:38 --> Session: Class initialized using 'CodeIgniter\Session\Handlers\FileHandler' driver.
INFO - 2021-12-17 12:32:32 --> Session: Class initialized using 'CodeIgniter\Session\Handlers\FileHandler' driver.
INFO - 2021-12-17 12:32:49 --> Session: Class initialized using 'CodeIgniter\Session\Handlers\FileHandler' driver.
INFO - 2021-12-17 12:32:52 --> Session: Class initialized using 'CodeIgniter\Session\Handlers\FileHandler' driver.
INFO - 2021-12-17 12:34:15 --> Session: Class initialized using 'CodeIgniter\Session\Handlers\FileHandler' driver.
INFO - 2021-12-17 12:35:48 --> Session: Class initialized using 'CodeIgniter\Session\Handlers\FileHandler' driver.
INFO - 2021-12-17 12:35:55 --> Session: Class initialized using 'CodeIgniter\Session\Handlers\FileHandler' driver.
INFO - 2021-12-17 12:35:57 --> Session: Class initialized using 'CodeIgniter\Session\Handlers\FileHandler' driver.
INFO - 2021-12-17 12:36:07 --> Session: Class initialized using 'CodeIgniter\Session\Handlers\FileHandler' driver.
INFO - 2021-12-17 12:46:41 --> Session: Class initialized using 'CodeIgniter\Session\Handlers\FileHandler' driver.
INFO - 2021-12-17 12:46:42 --> Session: Class initialized using 'CodeIgniter\Session\Handlers\FileHandler' driver.
INFO - 2021-12-17 12:46:42 --> Session: Class initialized using 'CodeIgniter\Session\Handlers\FileHandler' driver.
INFO - 2021-12-17 12:47:53 --> Session: Class initialized using 'CodeIgniter\Session\Handlers\FileHandler' driver.
INFO - 2021-12-17 12:47:53 --> Session: Class initialized using 'CodeIgniter\Session\Handlers\FileHandler' driver.
INFO - 2021-12-17 12:47:54 --> Session: Class initialized using 'CodeIgniter\Session\Handlers\FileHandler' driver.
INFO - 2021-12-17 12:48:36 --> Session: Class initialized using 'CodeIgniter\Session\Handlers\FileHandler' driver.
INFO - 2021-12-17 12:48:37 --> Session: Class initialized using 'CodeIgniter\Session\Handlers\FileHandler' driver.
INFO - 2021-12-17 12:48:37 --> Session: Class initialized using 'CodeIgniter\Session\Handlers\FileHandler' driver.
INFO - 2021-12-17 12:48:48 --> Session: Class initialized using 'CodeIgniter\Session\Handlers\FileHandler' driver.
INFO - 2021-12-17 12:49:00 --> Session: Class initialized using 'CodeIgniter\Session\Handlers\FileHandler' driver.
INFO - 2021-12-17 12:49:00 --> Session: Class initialized using 'CodeIgniter\Session\Handlers\FileHandler' driver.
INFO - 2021-12-17 12:49:01 --> Session: Class initialized using 'CodeIgniter\Session\Handlers\FileHandler' driver.
INFO - 2021-12-17 12:49:06 --> Session: Class initialized using 'CodeIgniter\Session\Handlers\FileHandler' driver.
INFO - 2021-12-17 12:49:16 --> Session: Class initialized using 'CodeIgniter\Session\Handlers\FileHandler' driver.
INFO - 2021-12-17 12:49:16 --> Session: Class initialized using 'CodeIgniter\Session\Handlers\FileHandler' driver.
INFO - 2021-12-17 12:49:17 --> Session: Class initialized using 'CodeIgniter\Session\Handlers\FileHandler' driver.
INFO - 2021-12-17 12:50:14 --> Session: Class initialized using 'CodeIgniter\Session\Handlers\FileHandler' driver.
INFO - 2021-12-17 12:50:15 --> Session: Class initialized using 'CodeIgniter\Session\Handlers\FileHandler' driver.
INFO - 2021-12-17 12:50:17 --> Session: Class initialized using 'CodeIgniter\Session\Handlers\FileHandler' driver.
INFO - 2021-12-17 12:50:17 --> Session: Class initialized using 'CodeIgniter\Session\Handlers\FileHandler' driver.
INFO - 2021-12-17 12:50:17 --> Session: Class initialized using 'CodeIgniter\Session\Handlers\FileHandler' driver.
INFO - 2021-12-17 12:50:18 --> Session: Class initialized using 'CodeIgniter\Session\Handlers\FileHandler' driver.
INFO - 2021-12-17 12:50:18 --> Session: Class initialized using 'CodeIgniter\Session\Handlers\FileHandler' driver.
INFO - 2021-12-17 12:50:19 --> Session: Class initialized using 'CodeIgniter\Session\Handlers\FileHandler' driver.
INFO - 2021-12-17 12:50:21 --> Session: Class initialized using 'CodeIgniter\Session\Handlers\FileHandler' driver.
WARNING - 2021-12-17 12:50:21 --> Session: Sessions is enabled, and one exists.Please don't $session->start();
CRITICAL - 2021-12-17 12:50:21 --> Undefined index: date_of_post
#0 /var/www/html/mymisdiagnosis/app/Views/post_list.php(21): CodeIgniter\Debug\Exceptions->errorHandler(8, 'Undefined index...', '/var/www/html/m...', 21, Array)
#1 /var/www/html/mymisdiagnosis/system/View/View.php(220): include('/var/www/html/m...')
#2 /var/www/html/mymisdiagnosis/system/View/View.php(222): CodeIgniter\View\View->CodeIgniter\View\{closure}()
#3 /var/www/html/mymisdiagnosis/system/Common.php(1217): CodeIgniter\View\View->render('post_list', Array, true)
#4 /var/www/html/mymisdiagnosis/app/Controllers/Post.php(29): view('post_list', Array)
#5 /var/www/html/mymisdiagnosis/system/CodeIgniter.php(936): App\Controllers\Post->index('$1')
#6 /var/www/html/mymisdiagnosis/system/CodeIgniter.php(432): CodeIgniter\CodeIgniter->runController(Object(App\Controllers\Post))
#7 /var/www/html/mymisdiagnosis/system/CodeIgniter.php(333): CodeIgniter\CodeIgniter->handleRequest(NULL, Object(Config\Cache), false)
#8 /var/www/html/mymisdiagnosis/index.php(44): CodeIgniter\CodeIgniter->run()
#9 {main}
INFO - 2021-12-17 12:52:57 --> Session: Class initialized using 'CodeIgniter\Session\Handlers\FileHandler' driver.
WARNING - 2021-12-17 12:52:57 --> Session: Sessions is enabled, and one exists.Please don't $session->start();
CRITICAL - 2021-12-17 12:52:57 --> Undefined index: date_of_post
#0 /var/www/html/mymisdiagnosis/app/Views/post_list.php(21): CodeIgniter\Debug\Exceptions->errorHandler(8, 'Undefined index...', '/var/www/html/m...', 21, Array)
#1 /var/www/html/mymisdiagnosis/system/View/View.php(220): include('/var/www/html/m...')
#2 /var/www/html/mymisdiagnosis/system/View/View.php(222): CodeIgniter\View\View->CodeIgniter\View\{closure}()
#3 /var/www/html/mymisdiagnosis/system/Common.php(1217): CodeIgniter\View\View->render('post_list', Array, true)
#4 /var/www/html/mymisdiagnosis/app/Controllers/Post.php(29): view('post_list', Array)
#5 /var/www/html/mymisdiagnosis/system/CodeIgniter.php(936): App\Controllers\Post->index('$1')
#6 /var/www/html/mymisdiagnosis/system/CodeIgniter.php(432): CodeIgniter\CodeIgniter->runController(Object(App\Controllers\Post))
#7 /var/www/html/mymisdiagnosis/system/CodeIgniter.php(333): CodeIgniter\CodeIgniter->handleRequest(NULL, Object(Config\Cache), false)
#8 /var/www/html/mymisdiagnosis/index.php(44): CodeIgniter\CodeIgniter->run()
#9 {main}
INFO - 2021-12-17 12:54:09 --> Session: Class initialized using 'CodeIgniter\Session\Handlers\FileHandler' driver.
WARNING - 2021-12-17 12:54:09 --> Session: Sessions is enabled, and one exists.Please don't $session->start();
INFO - 2021-12-17 12:54:22 --> Session: Class initialized using 'CodeIgniter\Session\Handlers\FileHandler' driver.
WARNING - 2021-12-17 12:54:22 --> Session: Sessions is enabled, and one exists.Please don't $session->start();
CRITICAL - 2021-12-17 12:54:22 --> Undefined index: date_of_post
#0 /var/www/html/mymisdiagnosis/app/Views/post_list.php(21): CodeIgniter\Debug\Exceptions->errorHandler(8, 'Undefined index...', '/var/www/html/m...', 21, Array)
#1 /var/www/html/mymisdiagnosis/system/View/View.php(220): include('/var/www/html/m...')
#2 /var/www/html/mymisdiagnosis/system/View/View.php(222): CodeIgniter\View\View->CodeIgniter\View\{closure}()
#3 /var/www/html/mymisdiagnosis/system/Common.php(1217): CodeIgniter\View\View->render('post_list', Array, true)
#4 /var/www/html/mymisdiagnosis/app/Controllers/Post.php(29): view('post_list', Array)
#5 /var/www/html/mymisdiagnosis/system/CodeIgniter.php(936): App\Controllers\Post->index('$1')
#6 /var/www/html/mymisdiagnosis/system/CodeIgniter.php(432): CodeIgniter\CodeIgniter->runController(Object(App\Controllers\Post))
#7 /var/www/html/mymisdiagnosis/system/CodeIgniter.php(333): CodeIgniter\CodeIgniter->handleRequest(NULL, Object(Config\Cache), false)
#8 /var/www/html/mymisdiagnosis/index.php(44): CodeIgniter\CodeIgniter->run()
#9 {main}
INFO - 2021-12-17 12:55:22 --> Session: Class initialized using 'CodeIgniter\Session\Handlers\FileHandler' driver.
WARNING - 2021-12-17 12:55:22 --> Session: Sessions is enabled, and one exists.Please don't $session->start();
CRITICAL - 2021-12-17 12:55:22 --> Trying to get property 'date_of_post' of non-object
#0 /var/www/html/mymisdiagnosis/app/Views/post_list.php(21): CodeIgniter\Debug\Exceptions->errorHandler(8, 'Trying to get p...', '/var/www/html/m...', 21, Array)
#1 /var/www/html/mymisdiagnosis/system/View/View.php(220): include('/var/www/html/m...')
#2 /var/www/html/mymisdiagnosis/system/View/View.php(222): CodeIgniter\View\View->CodeIgniter\View\{closure}()
#3 /var/www/html/mymisdiagnosis/system/Common.php(1217): CodeIgniter\View\View->render('post_list', Array, true)
#4 /var/www/html/mymisdiagnosis/app/Controllers/Post.php(29): view('post_list', Array)
#5 /var/www/html/mymisdiagnosis/system/CodeIgniter.php(936): App\Controllers\Post->index('$1')
#6 /var/www/html/mymisdiagnosis/system/CodeIgniter.php(432): CodeIgniter\CodeIgniter->runController(Object(App\Controllers\Post))
#7 /var/www/html/mymisdiagnosis/system/CodeIgniter.php(333): CodeIgniter\CodeIgniter->handleRequest(NULL, Object(Config\Cache), false)
#8 /var/www/html/mymisdiagnosis/index.php(44): CodeIgniter\CodeIgniter->run()
#9 {main}
INFO - 2021-12-17 12:56:51 --> Session: Class initialized using 'CodeIgniter\Session\Handlers\FileHandler' driver.
INFO - 2021-12-17 12:56:54 --> Session: Class initialized using 'CodeIgniter\Session\Handlers\FileHandler' driver.
INFO - 2021-12-17 12:57:00 --> Session: Class initialized using 'CodeIgniter\Session\Handlers\FileHandler' driver.
WARNING - 2021-12-17 12:57:00 --> Session: Sessions is enabled, and one exists.Please don't $session->start();
CRITICAL - 2021-12-17 12:57:00 --> Undefined index: date_of_post
#0 /var/www/html/mymisdiagnosis/app/Views/post_list.php(21): CodeIgniter\Debug\Exceptions->errorHandler(8, 'Undefined index...', '/var/www/html/m...', 21, Array)
#1 /var/www/html/mymisdiagnosis/system/View/View.php(220): include('/var/www/html/m...')
#2 /var/www/html/mymisdiagnosis/system/View/View.php(222): CodeIgniter\View\View->CodeIgniter\View\{closure}()
#3 /var/www/html/mymisdiagnosis/system/Common.php(1217): CodeIgniter\View\View->render('post_list', Array, true)
#4 /var/www/html/mymisdiagnosis/app/Controllers/Post.php(29): view('post_list', Array)
#5 /var/www/html/mymisdiagnosis/system/CodeIgniter.php(936): App\Controllers\Post->index('$1')
#6 /var/www/html/mymisdiagnosis/system/CodeIgniter.php(432): CodeIgniter\CodeIgniter->runController(Object(App\Controllers\Post))
#7 /var/www/html/mymisdiagnosis/system/CodeIgniter.php(333): CodeIgniter\CodeIgniter->handleRequest(NULL, Object(Config\Cache), false)
#8 /var/www/html/mymisdiagnosis/index.php(44): CodeIgniter\CodeIgniter->run()
#9 {main}
INFO - 2021-12-17 12:57:39 --> Session: Class initialized using 'CodeIgniter\Session\Handlers\FileHandler' driver.
WARNING - 2021-12-17 12:57:39 --> Session: Sessions is enabled, and one exists.Please don't $session->start();
CRITICAL - 2021-12-17 12:57:39 --> Undefined index: date_of_post
#0 /var/www/html/mymisdiagnosis/app/Views/post_list.php(21): CodeIgniter\Debug\Exceptions->errorHandler(8, 'Undefined index...', '/var/www/html/m...', 21, Array)
#1 /var/www/html/mymisdiagnosis/system/View/View.php(220): include('/var/www/html/m...')
#2 /var/www/html/mymisdiagnosis/system/View/View.php(222): CodeIgniter\View\View->CodeIgniter\View\{closure}()
#3 /var/www/html/mymisdiagnosis/system/Common.php(1217): CodeIgniter\View\View->render('post_list', Array, true)
#4 /var/www/html/mymisdiagnosis/app/Controllers/Post.php(29): view('post_list', Array)
#5 /var/www/html/mymisdiagnosis/system/CodeIgniter.php(936): App\Controllers\Post->index('$1')
#6 /var/www/html/mymisdiagnosis/system/CodeIgniter.php(432): CodeIgniter\CodeIgniter->runController(Object(App\Controllers\Post))
#7 /var/www/html/mymisdiagnosis/system/CodeIgniter.php(333): CodeIgniter\CodeIgniter->handleRequest(NULL, Object(Config\Cache), false)
#8 /var/www/html/mymisdiagnosis/index.php(44): CodeIgniter\CodeIgniter->run()
#9 {main}
INFO - 2021-12-17 12:58:17 --> Session: Class initialized using 'CodeIgniter\Session\Handlers\FileHandler' driver.
WARNING - 2021-12-17 12:58:17 --> Session: Sessions is enabled, and one exists.Please don't $session->start();
CRITICAL - 2021-12-17 12:58:17 --> Undefined index: post_image
#0 /var/www/html/mymisdiagnosis/app/Views/post_list.php(21): CodeIgniter\Debug\Exceptions->errorHandler(8, 'Undefined index...', '/var/www/html/m...', 21, Array)
#1 /var/www/html/mymisdiagnosis/system/View/View.php(220): include('/var/www/html/m...')
#2 /var/www/html/mymisdiagnosis/system/View/View.php(222): CodeIgniter\View\View->CodeIgniter\View\{closure}()
#3 /var/www/html/mymisdiagnosis/system/Common.php(1217): CodeIgniter\View\View->render('post_list', Array, true)
#4 /var/www/html/mymisdiagnosis/app/Controllers/Post.php(29): view('post_list', Array)
#5 /var/www/html/mymisdiagnosis/system/CodeIgniter.php(936): App\Controllers\Post->index('$1')
#6 /var/www/html/mymisdiagnosis/system/CodeIgniter.php(432): CodeIgniter\CodeIgniter->runController(Object(App\Controllers\Post))
#7 /var/www/html/mymisdiagnosis/system/CodeIgniter.php(333): CodeIgniter\CodeIgniter->handleRequest(NULL, Object(Config\Cache), false)
#8 /var/www/html/mymisdiagnosis/index.php(44): CodeIgniter\CodeIgniter->run()
#9 {main}
INFO - 2021-12-17 12:58:47 --> Session: Class initialized using 'CodeIgniter\Session\Handlers\FileHandler' driver.
WARNING - 2021-12-17 12:58:47 --> Session: Sessions is enabled, and one exists.Please don't $session->start();
CRITICAL - 2021-12-17 12:58:47 --> Undefined index: post_thumb
#0 /var/www/html/mymisdiagnosis/app/Views/post_list.php(21): CodeIgniter\Debug\Exceptions->errorHandler(8, 'Undefined index...', '/var/www/html/m...', 21, Array)
#1 /var/www/html/mymisdiagnosis/system/View/View.php(220): include('/var/www/html/m...')
#2 /var/www/html/mymisdiagnosis/system/View/View.php(222): CodeIgniter\View\View->CodeIgniter\View\{closure}()
#3 /var/www/html/mymisdiagnosis/system/Common.php(1217): CodeIgniter\View\View->render('post_list', Array, true)
#4 /var/www/html/mymisdiagnosis/app/Controllers/Post.php(29): view('post_list', Array)
#5 /var/www/html/mymisdiagnosis/system/CodeIgniter.php(936): App\Controllers\Post->index('$1')
#6 /var/www/html/mymisdiagnosis/system/CodeIgniter.php(432): CodeIgniter\CodeIgniter->runController(Object(App\Controllers\Post))
#7 /var/www/html/mymisdiagnosis/system/CodeIgniter.php(333): CodeIgniter\CodeIgniter->handleRequest(NULL, Object(Config\Cache), false)
#8 /var/www/html/mymisdiagnosis/index.php(44): CodeIgniter\CodeIgniter->run()
#9 {main}
INFO - 2021-12-17 12:59:00 --> Session: Class initialized using 'CodeIgniter\Session\Handlers\FileHandler' driver.
WARNING - 2021-12-17 12:59:00 --> Session: Sessions is enabled, and one exists.Please don't $session->start();
INFO - 2021-12-17 12:59:22 --> Session: Class initialized using 'CodeIgniter\Session\Handlers\FileHandler' driver.
WARNING - 2021-12-17 12:59:22 --> Session: Sessions is enabled, and one exists.Please don't $session->start();
INFO - 2021-12-17 13:01:03 --> Session: Class initialized using 'CodeIgniter\Session\Handlers\FileHandler' driver.
WARNING - 2021-12-17 13:01:03 --> Session: Sessions is enabled, and one exists.Please don't $session->start();
INFO - 2021-12-17 13:01:06 --> Session: Class initialized using 'CodeIgniter\Session\Handlers\FileHandler' driver.
WARNING - 2021-12-17 13:01:06 --> Session: Sessions is enabled, and one exists.Please don't $session->start();
INFO - 2021-12-17 13:01:35 --> Session: Class initialized using 'CodeIgniter\Session\Handlers\FileHandler' driver.
WARNING - 2021-12-17 13:01:35 --> Session: Sessions is enabled, and one exists.Please don't $session->start();
INFO - 2021-12-17 13:01:48 --> Session: Class initialized using 'CodeIgniter\Session\Handlers\FileHandler' driver.
WARNING - 2021-12-17 13:01:48 --> Session: Sessions is enabled, and one exists.Please don't $session->start();
INFO - 2021-12-17 13:47:06 --> Session: Class initialized using 'CodeIgniter\Session\Handlers\FileHandler' driver.
INFO - 2021-12-17 13:47:06 --> Session: Class initialized using 'CodeIgniter\Session\Handlers\FileHandler' driver.
WARNING - 2021-12-17 13:47:06 --> Session: Sessions is enabled, and one exists.Please don't $session->start();
INFO - 2021-12-17 13:47:09 --> Session: Class initialized using 'CodeIgniter\Session\Handlers\FileHandler' driver.
INFO - 2021-12-17 13:47:10 --> Session: Class initialized using 'CodeIgniter\Session\Handlers\FileHandler' driver.
INFO - 2021-12-17 13:47:11 --> Session: Class initialized using 'CodeIgniter\Session\Handlers\FileHandler' driver.
INFO - 2021-12-17 13:48:31 --> Session: Class initialized using 'CodeIgniter\Session\Handlers\FileHandler' driver.
INFO - 2021-12-17 13:48:32 --> Session: Class initialized using 'CodeIgniter\Session\Handlers\FileHandler' driver.
INFO - 2021-12-17 13:48:32 --> Session: Class initialized using 'CodeIgniter\Session\Handlers\FileHandler' driver.
INFO - 2021-12-17 13:48:37 --> Session: Class initialized using 'CodeIgniter\Session\Handlers\FileHandler' driver.
INFO - 2021-12-17 13:48:37 --> Session: Class initialized using 'CodeIgniter\Session\Handlers\FileHandler' driver.
INFO - 2021-12-17 13:48:37 --> Session: Class initialized using 'CodeIgniter\Session\Handlers\FileHandler' driver.
INFO - 2021-12-17 13:48:38 --> Session: Class initialized using 'CodeIgniter\Session\Handlers\FileHandler' driver.
INFO - 2021-12-17 13:48:45 --> Session: Class initialized using 'CodeIgniter\Session\Handlers\FileHandler' driver.
INFO - 2021-12-17 13:49:30 --> Session: Class initialized using 'CodeIgniter\Session\Handlers\FileHandler' driver.
INFO - 2021-12-17 13:49:30 --> Session: Class initialized using 'CodeIgniter\Session\Handlers\FileHandler' driver.
INFO - 2021-12-17 13:49:32 --> Session: Class initialized using 'CodeIgniter\Session\Handlers\FileHandler' driver.
INFO - 2021-12-17 13:49:41 --> Session: Class initialized using 'CodeIgniter\Session\Handlers\FileHandler' driver.
INFO - 2021-12-17 13:49:45 --> Session: Class initialized using 'CodeIgniter\Session\Handlers\FileHandler' driver.
INFO - 2021-12-17 13:50:18 --> Session: Class initialized using 'CodeIgniter\Session\Handlers\FileHandler' driver.
INFO - 2021-12-17 13:50:18 --> Session: Class initialized using 'CodeIgniter\Session\Handlers\FileHandler' driver.
INFO - 2021-12-17 13:50:19 --> Session: Class initialized using 'CodeIgniter\Session\Handlers\FileHandler' driver.
INFO - 2021-12-17 13:52:01 --> Session: Class initialized using 'CodeIgniter\Session\Handlers\FileHandler' driver.
WARNING - 2021-12-17 13:52:01 --> Session: Sessions is enabled, and one exists.Please don't $session->start();
INFO - 2021-12-17 13:52:24 --> Session: Class initialized using 'CodeIgniter\Session\Handlers\FileHandler' driver.
INFO - 2021-12-17 13:52:28 --> Session: Class initialized using 'CodeIgniter\Session\Handlers\FileHandler' driver.
INFO - 2021-12-17 13:52:30 --> Session: Class initialized using 'CodeIgniter\Session\Handlers\FileHandler' driver.
INFO - 2021-12-17 13:53:05 --> Session: Class initialized using 'CodeIgniter\Session\Handlers\FileHandler' driver.
INFO - 2021-12-17 13:53:08 --> Session: Class initialized using 'CodeIgniter\Session\Handlers\FileHandler' driver.
INFO - 2021-12-17 13:53:10 --> Session: Class initialized using 'CodeIgniter\Session\Handlers\FileHandler' driver.
INFO - 2021-12-17 13:53:10 --> Session: Class initialized using 'CodeIgniter\Session\Handlers\FileHandler' driver.
INFO - 2021-12-17 13:53:25 --> Session: Class initialized using 'CodeIgniter\Session\Handlers\FileHandler' driver.
INFO - 2021-12-17 13:53:25 --> Session: Class initialized using 'CodeIgniter\Session\Handlers\FileHandler' driver.
INFO - 2021-12-17 13:53:27 --> Session: Class initialized using 'CodeIgniter\Session\Handlers\FileHandler' driver.
INFO - 2021-12-17 13:53:27 --> Session: Class initialized using 'CodeIgniter\Session\Handlers\FileHandler' driver.
INFO - 2021-12-17 13:53:53 --> Session: Class initialized using 'CodeIgniter\Session\Handlers\FileHandler' driver.
WARNING - 2021-12-17 13:53:53 --> Session: Sessions is enabled, and one exists.Please don't $session->start();
INFO - 2021-12-17 13:54:42 --> Session: Class initialized using 'CodeIgniter\Session\Handlers\FileHandler' driver.
INFO - 2021-12-17 13:54:42 --> Session: Class initialized using 'CodeIgniter\Session\Handlers\FileHandler' driver.
INFO - 2021-12-17 13:54:45 --> Session: Class initialized using 'CodeIgniter\Session\Handlers\FileHandler' driver.
INFO - 2021-12-17 13:54:45 --> Session: Class initialized using 'CodeIgniter\Session\Handlers\FileHandler' driver.
INFO - 2021-12-17 13:54:46 --> Session: Class initialized using 'CodeIgniter\Session\Handlers\FileHandler' driver.
WARNING - 2021-12-17 13:54:46 --> Session: Sessions is enabled, and one exists.Please don't $session->start();
INFO - 2021-12-17 13:55:05 --> Session: Class initialized using 'CodeIgniter\Session\Handlers\FileHandler' driver.
INFO - 2021-12-17 13:55:05 --> Session: Class initialized using 'CodeIgniter\Session\Handlers\FileHandler' driver.
WARNING - 2021-12-17 13:55:05 --> Session: Sessions is enabled, and one exists.Please don't $session->start();
INFO - 2021-12-17 13:55:07 --> Session: Class initialized using 'CodeIgniter\Session\Handlers\FileHandler' driver.
WARNING - 2021-12-17 13:55:07 --> Session: Sessions is enabled, and one exists.Please don't $session->start();
INFO - 2021-12-17 13:55:08 --> Session: Class initialized using 'CodeIgniter\Session\Handlers\FileHandler' driver.
INFO - 2021-12-17 13:55:08 --> Session: Class initialized using 'CodeIgniter\Session\Handlers\FileHandler' driver.
INFO - 2021-12-17 13:55:11 --> Session: Class initialized using 'CodeIgniter\Session\Handlers\FileHandler' driver.
INFO - 2021-12-17 13:55:11 --> Session: Class initialized using 'CodeIgniter\Session\Handlers\FileHandler' driver.
INFO - 2021-12-17 13:55:19 --> Session: Class initialized using 'CodeIgniter\Session\Handlers\FileHandler' driver.
INFO - 2021-12-17 13:55:19 --> Session: Class initialized using 'CodeIgniter\Session\Handlers\FileHandler' driver.
INFO - 2021-12-17 13:55:20 --> Session: Class initialized using 'CodeIgniter\Session\Handlers\FileHandler' driver.
INFO - 2021-12-17 13:55:21 --> Session: Class initialized using 'CodeIgniter\Session\Handlers\FileHandler' driver.
INFO - 2021-12-17 13:55:23 --> Session: Class initialized using 'CodeIgniter\Session\Handlers\FileHandler' driver.
INFO - 2021-12-17 13:55:24 --> Session: Class initialized using 'CodeIgniter\Session\Handlers\FileHandler' driver.
INFO - 2021-12-17 13:55:25 --> Session: Class initialized using 'CodeIgniter\Session\Handlers\FileHandler' driver.
INFO - 2021-12-17 13:55:26 --> Session: Class initialized using 'CodeIgniter\Session\Handlers\FileHandler' driver.
INFO - 2021-12-17 13:55:28 --> Session: Class initialized using 'CodeIgniter\Session\Handlers\FileHandler' driver.
INFO - 2021-12-17 13:55:33 --> Session: Class initialized using 'CodeIgniter\Session\Handlers\FileHandler' driver.
INFO - 2021-12-17 13:56:23 --> Session: Class initialized using 'CodeIgniter\Session\Handlers\FileHandler' driver.
INFO - 2021-12-17 13:56:24 --> Session: Class initialized using 'CodeIgniter\Session\Handlers\FileHandler' driver.
INFO - 2021-12-17 13:56:26 --> Session: Class initialized using 'CodeIgniter\Session\Handlers\FileHandler' driver.
INFO - 2021-12-17 13:56:27 --> Session: Class initialized using 'CodeIgniter\Session\Handlers\FileHandler' driver.
INFO - 2021-12-17 13:57:12 --> Session: Class initialized using 'CodeIgniter\Session\Handlers\FileHandler' driver.
INFO - 2021-12-17 13:57:32 --> Session: Class initialized using 'CodeIgniter\Session\Handlers\FileHandler' driver.
INFO - 2021-12-17 13:57:35 --> Session: Class initialized using 'CodeIgniter\Session\Handlers\FileHandler' driver.
INFO - 2021-12-17 13:58:19 --> Session: Class initialized using 'CodeIgniter\Session\Handlers\FileHandler' driver.
INFO - 2021-12-17 13:58:25 --> Session: Class initialized using 'CodeIgniter\Session\Handlers\FileHandler' driver.
WARNING - 2021-12-17 13:58:25 --> Session: Sessions is enabled, and one exists.Please don't $session->start();
INFO - 2021-12-17 13:58:28 --> Session: Class initialized using 'CodeIgniter\Session\Handlers\FileHandler' driver.
WARNING - 2021-12-17 13:58:28 --> Session: Sessions is enabled, and one exists.Please don't $session->start();
INFO - 2021-12-17 13:58:32 --> Session: Class initialized using 'CodeIgniter\Session\Handlers\FileHandler' driver.
WARNING - 2021-12-17 13:58:32 --> Session: Sessions is enabled, and one exists.Please don't $session->start();
INFO - 2021-12-17 13:58:47 --> Session: Class initialized using 'CodeIgniter\Session\Handlers\FileHandler' driver.
WARNING - 2021-12-17 13:58:47 --> Session: Sessions is enabled, and one exists.Please don't $session->start();
INFO - 2021-12-17 13:59:32 --> Session: Class initialized using 'CodeIgniter\Session\Handlers\FileHandler' driver.
WARNING - 2021-12-17 13:59:32 --> Session: Sessions is enabled, and one exists.Please don't $session->start();
INFO - 2021-12-17 14:00:17 --> Session: Class initialized using 'CodeIgniter\Session\Handlers\FileHandler' driver.
WARNING - 2021-12-17 14:00:17 --> Session: Sessions is enabled, and one exists.Please don't $session->start();
INFO - 2021-12-17 14:01:34 --> Session: Class initialized using 'CodeIgniter\Session\Handlers\FileHandler' driver.
WARNING - 2021-12-17 14:01:34 --> Session: Sessions is enabled, and one exists.Please don't $session->start();
INFO - 2021-12-17 14:03:17 --> Session: Class initialized using 'CodeIgniter\Session\Handlers\FileHandler' driver.
WARNING - 2021-12-17 14:03:17 --> Session: Sessions is enabled, and one exists.Please don't $session->start();
INFO - 2021-12-17 14:04:18 --> Session: Class initialized using 'CodeIgniter\Session\Handlers\FileHandler' driver.
WARNING - 2021-12-17 14:04:18 --> Session: Sessions is enabled, and one exists.Please don't $session->start();
INFO - 2021-12-17 14:04:47 --> Session: Class initialized using 'CodeIgniter\Session\Handlers\FileHandler' driver.
WARNING - 2021-12-17 14:04:47 --> Session: Sessions is enabled, and one exists.Please don't $session->start();
CRITICAL - 2021-12-17 14:04:47 --> Undefined variable: post
#0 /var/www/html/mymisdiagnosis/app/Views/post.php(34): CodeIgniter\Debug\Exceptions->errorHandler(8, 'Undefined varia...', '/var/www/html/m...', 34, Array)
#1 /var/www/html/mymisdiagnosis/system/View/View.php(220): include('/var/www/html/m...')
#2 /var/www/html/mymisdiagnosis/system/View/View.php(222): CodeIgniter\View\View->CodeIgniter\View\{closure}()
#3 /var/www/html/mymisdiagnosis/system/Common.php(1217): CodeIgniter\View\View->render('post', Array, true)
#4 /var/www/html/mymisdiagnosis/app/Controllers/Post.php(64): view('post', Array)
#5 /var/www/html/mymisdiagnosis/system/CodeIgniter.php(936): App\Controllers\Post->display('121')
#6 /var/www/html/mymisdiagnosis/system/CodeIgniter.php(432): CodeIgniter\CodeIgniter->runController(Object(App\Controllers\Post))
#7 /var/www/html/mymisdiagnosis/system/CodeIgniter.php(333): CodeIgniter\CodeIgniter->handleRequest(NULL, Object(Config\Cache), false)
#8 /var/www/html/mymisdiagnosis/index.php(44): CodeIgniter\CodeIgniter->run()
#9 {main}
INFO - 2021-12-17 14:05:19 --> Session: Class initialized using 'CodeIgniter\Session\Handlers\FileHandler' driver.
WARNING - 2021-12-17 14:05:19 --> Session: Sessions is enabled, and one exists.Please don't $session->start();
INFO - 2021-12-17 14:05:41 --> Session: Class initialized using 'CodeIgniter\Session\Handlers\FileHandler' driver.
WARNING - 2021-12-17 14:05:41 --> Session: Sessions is enabled, and one exists.Please don't $session->start();
INFO - 2021-12-17 14:06:54 --> Session: Class initialized using 'CodeIgniter\Session\Handlers\FileHandler' driver.
WARNING - 2021-12-17 14:06:54 --> Session: Sessions is enabled, and one exists.Please don't $session->start();
CRITICAL - 2021-12-17 14:06:54 --> syntax error, unexpected 'if' (T_IF)
#0 /var/www/html/mymisdiagnosis/system/View/View.php(222): CodeIgniter\View\View->CodeIgniter\View\{closure}()
#1 /var/www/html/mymisdiagnosis/system/Common.php(1217): CodeIgniter\View\View->render('post', Array, true)
#2 /var/www/html/mymisdiagnosis/app/Controllers/Post.php(64): view('post', Array)
#3 /var/www/html/mymisdiagnosis/system/CodeIgniter.php(936): App\Controllers\Post->display('121')
#4 /var/www/html/mymisdiagnosis/system/CodeIgniter.php(432): CodeIgniter\CodeIgniter->runController(Object(App\Controllers\Post))
#5 /var/www/html/mymisdiagnosis/system/CodeIgniter.php(333): CodeIgniter\CodeIgniter->handleRequest(NULL, Object(Config\Cache), false)
#6 /var/www/html/mymisdiagnosis/index.php(44): CodeIgniter\CodeIgniter->run()
#7 {main}
INFO - 2021-12-17 14:07:13 --> Session: Class initialized using 'CodeIgniter\Session\Handlers\FileHandler' driver.
WARNING - 2021-12-17 14:07:13 --> Session: Sessions is enabled, and one exists.Please don't $session->start();
CRITICAL - 2021-12-17 14:07:13 --> syntax error, unexpected 'if' (T_IF)
#0 /var/www/html/mymisdiagnosis/system/View/View.php(222): CodeIgniter\View\View->CodeIgniter\View\{closure}()
#1 /var/www/html/mymisdiagnosis/system/Common.php(1217): CodeIgniter\View\View->render('post', Array, true)
#2 /var/www/html/mymisdiagnosis/app/Controllers/Post.php(64): view('post', Array)
#3 /var/www/html/mymisdiagnosis/system/CodeIgniter.php(936): App\Controllers\Post->display('121')
#4 /var/www/html/mymisdiagnosis/system/CodeIgniter.php(432): CodeIgniter\CodeIgniter->runController(Object(App\Controllers\Post))
#5 /var/www/html/mymisdiagnosis/system/CodeIgniter.php(333): CodeIgniter\CodeIgniter->handleRequest(NULL, Object(Config\Cache), false)
#6 /var/www/html/mymisdiagnosis/index.php(44): CodeIgniter\CodeIgniter->run()
#7 {main}
INFO - 2021-12-17 14:07:26 --> Session: Class initialized using 'CodeIgniter\Session\Handlers\FileHandler' driver.
WARNING - 2021-12-17 14:07:26 --> Session: Sessions is enabled, and one exists.Please don't $session->start();
INFO - 2021-12-17 14:07:54 --> Session: Class initialized using 'CodeIgniter\Session\Handlers\FileHandler' driver.
WARNING - 2021-12-17 14:07:54 --> Session: Sessions is enabled, and one exists.Please don't $session->start();
INFO - 2021-12-17 14:08:01 --> Session: Class initialized using 'CodeIgniter\Session\Handlers\FileHandler' driver.
WARNING - 2021-12-17 14:08:01 --> Session: Sessions is enabled, and one exists.Please don't $session->start();
INFO - 2021-12-17 14:08:36 --> Session: Class initialized using 'CodeIgniter\Session\Handlers\FileHandler' driver.
WARNING - 2021-12-17 14:08:36 --> Session: Sessions is enabled, and one exists.Please don't $session->start();
INFO - 2021-12-17 14:08:37 --> Session: Class initialized using 'CodeIgniter\Session\Handlers\FileHandler' driver.
WARNING - 2021-12-17 14:08:37 --> Session: Sessions is enabled, and one exists.Please don't $session->start();
INFO - 2021-12-17 14:08:39 --> Session: Class initialized using 'CodeIgniter\Session\Handlers\FileHandler' driver.
WARNING - 2021-12-17 14:08:39 --> Session: Sessions is enabled, and one exists.Please don't $session->start();
INFO - 2021-12-17 14:08:39 --> Session: Class initialized using 'CodeIgniter\Session\Handlers\FileHandler' driver.
WARNING - 2021-12-17 14:08:39 --> Session: Sessions is enabled, and one exists.Please don't $session->start();
INFO - 2021-12-17 14:08:41 --> Session: Class initialized using 'CodeIgniter\Session\Handlers\FileHandler' driver.
WARNING - 2021-12-17 14:08:41 --> Session: Sessions is enabled, and one exists.Please don't $session->start();
INFO - 2021-12-17 14:08:42 --> Session: Class initialized using 'CodeIgniter\Session\Handlers\FileHandler' driver.
WARNING - 2021-12-17 14:08:42 --> Session: Sessions is enabled, and one exists.Please don't $session->start();
INFO - 2021-12-17 14:08:43 --> Session: Class initialized using 'CodeIgniter\Session\Handlers\FileHandler' driver.
WARNING - 2021-12-17 14:08:43 --> Session: Sessions is enabled, and one exists.Please don't $session->start();
INFO - 2021-12-17 14:08:44 --> Session: Class initialized using 'CodeIgniter\Session\Handlers\FileHandler' driver.
INFO - 2021-12-17 14:08:47 --> Session: Class initialized using 'CodeIgniter\Session\Handlers\FileHandler' driver.
INFO - 2021-12-17 14:10:15 --> Session: Class initialized using 'CodeIgniter\Session\Handlers\FileHandler' driver.
INFO - 2021-12-17 14:10:17 --> Session: Class initialized using 'CodeIgniter\Session\Handlers\FileHandler' driver.
INFO - 2021-12-17 14:10:18 --> Session: Class initialized using 'CodeIgniter\Session\Handlers\FileHandler' driver.
INFO - 2021-12-17 14:10:19 --> Session: Class initialized using 'CodeIgniter\Session\Handlers\FileHandler' driver.
INFO - 2021-12-17 14:10:20 --> Session: Class initialized using 'CodeIgniter\Session\Handlers\FileHandler' driver.
INFO - 2021-12-17 14:10:29 --> Session: Class initialized using 'CodeIgniter\Session\Handlers\FileHandler' driver.
WARNING - 2021-12-17 14:10:29 --> Session: Sessions is enabled, and one exists.Please don't $session->start();
INFO - 2021-12-17 14:10:31 --> Session: Class initialized using 'CodeIgniter\Session\Handlers\FileHandler' driver.
WARNING - 2021-12-17 14:10:31 --> Session: Sessions is enabled, and one exists.Please don't $session->start();
CRITICAL - 2021-12-17 14:10:31 --> syntax error, unexpected '' (T_ENCAPSED_AND_WHITESPACE), expecting '-' or identifier (T_STRING) or variable (T_VARIABLE) or number (T_NUM_STRING)
#0 /var/www/html/mymisdiagnosis/system/View/View.php(222): CodeIgniter\View\View->CodeIgniter\View\{closure}()
#1 /var/www/html/mymisdiagnosis/system/Common.php(1217): CodeIgniter\View\View->render('post', Array, true)
#2 /var/www/html/mymisdiagnosis/app/Controllers/Post.php(65): view('post', Array)
#3 /var/www/html/mymisdiagnosis/system/CodeIgniter.php(936): App\Controllers\Post->display('121')
#4 /var/www/html/mymisdiagnosis/system/CodeIgniter.php(432): CodeIgniter\CodeIgniter->runController(Object(App\Controllers\Post))
#5 /var/www/html/mymisdiagnosis/system/CodeIgniter.php(333): CodeIgniter\CodeIgniter->handleRequest(NULL, Object(Config\Cache), false)
#6 /var/www/html/mymisdiagnosis/index.php(44): CodeIgniter\CodeIgniter->run()
#7 {main}
INFO - 2021-12-17 14:11:04 --> Session: Class initialized using 'CodeIgniter\Session\Handlers\FileHandler' driver.
WARNING - 2021-12-17 14:11:04 --> Session: Sessions is enabled, and one exists.Please don't $session->start();
INFO - 2021-12-17 14:11:36 --> Session: Class initialized using 'CodeIgniter\Session\Handlers\FileHandler' driver.
WARNING - 2021-12-17 14:11:36 --> Session: Sessions is enabled, and one exists.Please don't $session->start();
INFO - 2021-12-17 14:11:54 --> Session: Class initialized using 'CodeIgniter\Session\Handlers\FileHandler' driver.
WARNING - 2021-12-17 14:11:54 --> Session: Sessions is enabled, and one exists.Please don't $session->start();
INFO - 2021-12-17 14:11:56 --> Session: Class initialized using 'CodeIgniter\Session\Handlers\FileHandler' driver.
INFO - 2021-12-17 14:12:54 --> Session: Class initialized using 'CodeIgniter\Session\Handlers\FileHandler' driver.
WARNING - 2021-12-17 14:12:54 --> Session: Sessions is enabled, and one exists.Please don't $session->start();
INFO - 2021-12-17 14:12:57 --> Session: Class initialized using 'CodeIgniter\Session\Handlers\FileHandler' driver.
WARNING - 2021-12-17 14:12:57 --> Session: Sessions is enabled, and one exists.Please don't $session->start();
INFO - 2021-12-17 14:13:07 --> Session: Class initialized using 'CodeIgniter\Session\Handlers\FileHandler' driver.
WARNING - 2021-12-17 14:13:07 --> Session: Sessions is enabled, and one exists.Please don't $session->start();
INFO - 2021-12-17 14:13:08 --> Session: Class initialized using 'CodeIgniter\Session\Handlers\FileHandler' driver.
WARNING - 2021-12-17 14:13:08 --> Session: Sessions is enabled, and one exists.Please don't $session->start();
INFO - 2021-12-17 14:14:22 --> Session: Class initialized using 'CodeIgniter\Session\Handlers\FileHandler' driver.
WARNING - 2021-12-17 14:14:22 --> Session: Sessions is enabled, and one exists.Please don't $session->start();
INFO - 2021-12-17 14:14:24 --> Session: Class initialized using 'CodeIgniter\Session\Handlers\FileHandler' driver.
INFO - 2021-12-17 14:14:26 --> Session: Class initialized using 'CodeIgniter\Session\Handlers\FileHandler' driver.
WARNING - 2021-12-17 14:14:26 --> Session: Sessions is enabled, and one exists.Please don't $session->start();
INFO - 2021-12-17 14:14:28 --> Session: Class initialized using 'CodeIgniter\Session\Handlers\FileHandler' driver.
WARNING - 2021-12-17 14:14:28 --> Session: Sessions is enabled, and one exists.Please don't $session->start();
INFO - 2021-12-17 14:14:29 --> Session: Class initialized using 'CodeIgniter\Session\Handlers\FileHandler' driver.
WARNING - 2021-12-17 14:14:29 --> Session: Sessions is enabled, and one exists.Please don't $session->start();
INFO - 2021-12-17 14:14:30 --> Session: Class initialized using 'CodeIgniter\Session\Handlers\FileHandler' driver.
WARNING - 2021-12-17 14:14:30 --> Session: Sessions is enabled, and one exists.Please don't $session->start();
INFO - 2021-12-17 14:14:32 --> Session: Class initialized using 'CodeIgniter\Session\Handlers\FileHandler' driver.
INFO - 2021-12-17 14:14:57 --> Session: Class initialized using 'CodeIgniter\Session\Handlers\FileHandler' driver.
INFO - 2021-12-17 14:14:59 --> Session: Class initialized using 'CodeIgniter\Session\Handlers\FileHandler' driver.
INFO - 2021-12-17 14:15:14 --> Session: Class initialized using 'CodeIgniter\Session\Handlers\FileHandler' driver.
INFO - 2021-12-17 14:15:14 --> Session: Class initialized using 'CodeIgniter\Session\Handlers\FileHandler' driver.
INFO - 2021-12-17 14:15:15 --> Session: Class initialized using 'CodeIgniter\Session\Handlers\FileHandler' driver.
INFO - 2021-12-17 14:15:26 --> Session: Class initialized using 'CodeIgniter\Session\Handlers\FileHandler' driver.
INFO - 2021-12-17 14:15:27 --> Session: Class initialized using 'CodeIgniter\Session\Handlers\FileHandler' driver.
WARNING - 2021-12-17 14:15:27 --> Session: Sessions is enabled, and one exists.Please don't $session->start();
INFO - 2021-12-17 14:15:29 --> Session: Class initialized using 'CodeIgniter\Session\Handlers\FileHandler' driver.
WARNING - 2021-12-17 14:15:29 --> Session: Sessions is enabled, and one exists.Please don't $session->start();
INFO - 2021-12-17 14:24:06 --> Session: Class initialized using 'CodeIgniter\Session\Handlers\FileHandler' driver.
WARNING - 2021-12-17 14:24:06 --> Session: Sessions is enabled, and one exists.Please don't $session->start();
CRITICAL - 2021-12-17 14:24:06 --> Undefined index: post_thumb
#0 /var/www/html/mymisdiagnosis/app/Controllers/Post.php(59): CodeIgniter\Debug\Exceptions->errorHandler(8, 'Undefined index...', '/var/www/html/m...', 59, Array)
#1 /var/www/html/mymisdiagnosis/system/CodeIgniter.php(936): App\Controllers\Post->display('121')
#2 /var/www/html/mymisdiagnosis/system/CodeIgniter.php(432): CodeIgniter\CodeIgniter->runController(Object(App\Controllers\Post))
#3 /var/www/html/mymisdiagnosis/system/CodeIgniter.php(333): CodeIgniter\CodeIgniter->handleRequest(NULL, Object(Config\Cache), false)
#4 /var/www/html/mymisdiagnosis/index.php(44): CodeIgniter\CodeIgniter->run()
#5 {main}
INFO - 2021-12-17 14:25:43 --> Session: Class initialized using 'CodeIgniter\Session\Handlers\FileHandler' driver.
WARNING - 2021-12-17 14:25:43 --> Session: Sessions is enabled, and one exists.Please don't $session->start();
CRITICAL - 2021-12-17 14:25:43 --> Undefined index: post_image
#0 /var/www/html/mymisdiagnosis/app/Controllers/Post.php(60): CodeIgniter\Debug\Exceptions->errorHandler(8, 'Undefined index...', '/var/www/html/m...', 60, Array)
#1 /var/www/html/mymisdiagnosis/system/CodeIgniter.php(936): App\Controllers\Post->display('121')
#2 /var/www/html/mymisdiagnosis/system/CodeIgniter.php(432): CodeIgniter\CodeIgniter->runController(Object(App\Controllers\Post))
#3 /var/www/html/mymisdiagnosis/system/CodeIgniter.php(333): CodeIgniter\CodeIgniter->handleRequest(NULL, Object(Config\Cache), false)
#4 /var/www/html/mymisdiagnosis/index.php(44): CodeIgniter\CodeIgniter->run()
#5 {main}
INFO - 2021-12-17 14:26:54 --> Session: Class initialized using 'CodeIgniter\Session\Handlers\FileHandler' driver.
WARNING - 2021-12-17 14:26:54 --> Session: Sessions is enabled, and one exists.Please don't $session->start();
CRITICAL - 2021-12-17 14:26:54 --> Undefined index: post_thumb
#0 /var/www/html/mymisdiagnosis/app/Controllers/Post.php(59): CodeIgniter\Debug\Exceptions->errorHandler(8, 'Undefined index...', '/var/www/html/m...', 59, Array)
#1 /var/www/html/mymisdiagnosis/system/CodeIgniter.php(936): App\Controllers\Post->display('121')
#2 /var/www/html/mymisdiagnosis/system/CodeIgniter.php(432): CodeIgniter\CodeIgniter->runController(Object(App\Controllers\Post))
#3 /var/www/html/mymisdiagnosis/system/CodeIgniter.php(333): CodeIgniter\CodeIgniter->handleRequest(NULL, Object(Config\Cache), false)
#4 /var/www/html/mymisdiagnosis/index.php(44): CodeIgniter\CodeIgniter->run()
#5 {main}
INFO - 2021-12-17 14:27:29 --> Session: Class initialized using 'CodeIgniter\Session\Handlers\FileHandler' driver.
WARNING - 2021-12-17 14:27:29 --> Session: Sessions is enabled, and one exists.Please don't $session->start();
CRITICAL - 2021-12-17 14:27:29 --> syntax error, unexpected '$post' (T_VARIABLE), expecting '('
#0 /var/www/html/mymisdiagnosis/system/View/View.php(222): CodeIgniter\View\View->CodeIgniter\View\{closure}()
#1 /var/www/html/mymisdiagnosis/system/Common.php(1217): CodeIgniter\View\View->render('post', Array, true)
#2 /var/www/html/mymisdiagnosis/app/Controllers/Post.php(67): view('post', Array)
#3 /var/www/html/mymisdiagnosis/system/CodeIgniter.php(936): App\Controllers\Post->display('121')
#4 /var/www/html/mymisdiagnosis/system/CodeIgniter.php(432): CodeIgniter\CodeIgniter->runController(Object(App\Controllers\Post))
#5 /var/www/html/mymisdiagnosis/system/CodeIgniter.php(333): CodeIgniter\CodeIgniter->handleRequest(NULL, Object(Config\Cache), false)
#6 /var/www/html/mymisdiagnosis/index.php(44): CodeIgniter\CodeIgniter->run()
#7 {main}
INFO - 2021-12-17 14:29:30 --> Session: Class initialized using 'CodeIgniter\Session\Handlers\FileHandler' driver.
WARNING - 2021-12-17 14:29:30 --> Session: Sessions is enabled, and one exists.Please don't $session->start();
CRITICAL - 2021-12-17 14:29:30 --> syntax error, unexpected '<'
#0 /var/www/html/mymisdiagnosis/system/View/View.php(222): CodeIgniter\View\View->CodeIgniter\View\{closure}()
#1 /var/www/html/mymisdiagnosis/system/Common.php(1217): CodeIgniter\View\View->render('post', Array, true)
#2 /var/www/html/mymisdiagnosis/app/Controllers/Post.php(67): view('post', Array)
#3 /var/www/html/mymisdiagnosis/system/CodeIgniter.php(936): App\Controllers\Post->display('121')
#4 /var/www/html/mymisdiagnosis/system/CodeIgniter.php(432): CodeIgniter\CodeIgniter->runController(Object(App\Controllers\Post))
#5 /var/www/html/mymisdiagnosis/system/CodeIgniter.php(333): CodeIgniter\CodeIgniter->handleRequest(NULL, Object(Config\Cache), false)
#6 /var/www/html/mymisdiagnosis/index.php(44): CodeIgniter\CodeIgniter->run()
#7 {main}
INFO - 2021-12-17 14:29:55 --> Session: Class initialized using 'CodeIgniter\Session\Handlers\FileHandler' driver.
WARNING - 2021-12-17 14:29:55 --> Session: Sessions is enabled, and one exists.Please don't $session->start();
INFO - 2021-12-17 14:30:45 --> Session: Class initialized using 'CodeIgniter\Session\Handlers\FileHandler' driver.
WARNING - 2021-12-17 14:30:45 --> Session: Sessions is enabled, and one exists.Please don't $session->start();
INFO - 2021-12-17 14:33:02 --> Session: Class initialized using 'CodeIgniter\Session\Handlers\FileHandler' driver.
WARNING - 2021-12-17 14:33:02 --> Session: Sessions is enabled, and one exists.Please don't $session->start();
INFO - 2021-12-17 14:33:18 --> Session: Class initialized using 'CodeIgniter\Session\Handlers\FileHandler' driver.
WARNING - 2021-12-17 14:33:18 --> Session: Sessions is enabled, and one exists.Please don't $session->start();
INFO - 2021-12-17 14:33:41 --> Session: Class initialized using 'CodeIgniter\Session\Handlers\FileHandler' driver.
WARNING - 2021-12-17 14:33:41 --> Session: Sessions is enabled, and one exists.Please don't $session->start();
INFO - 2021-12-17 14:34:25 --> Session: Class initialized using 'CodeIgniter\Session\Handlers\FileHandler' driver.
WARNING - 2021-12-17 14:34:25 --> Session: Sessions is enabled, and one exists.Please don't $session->start();
CRITICAL - 2021-12-17 14:34:25 --> Undefined variable: post
#0 /var/www/html/mymisdiagnosis/app/Views/post_list.php(19): CodeIgniter\Debug\Exceptions->errorHandler(8, 'Undefined varia...', '/var/www/html/m...', 19, Array)
#1 /var/www/html/mymisdiagnosis/system/View/View.php(220): include('/var/www/html/m...')
#2 /var/www/html/mymisdiagnosis/system/View/View.php(222): CodeIgniter\View\View->CodeIgniter\View\{closure}()
#3 /var/www/html/mymisdiagnosis/system/Common.php(1217): CodeIgniter\View\View->render('post_list', Array, true)
#4 /var/www/html/mymisdiagnosis/app/Controllers/Post.php(29): view('post_list', Array)
#5 /var/www/html/mymisdiagnosis/system/CodeIgniter.php(936): App\Controllers\Post->index('$1')
#6 /var/www/html/mymisdiagnosis/system/CodeIgniter.php(432): CodeIgniter\CodeIgniter->runController(Object(App\Controllers\Post))
#7 /var/www/html/mymisdiagnosis/system/CodeIgniter.php(333): CodeIgniter\CodeIgniter->handleRequest(NULL, Object(Config\Cache), false)
#8 /var/www/html/mymisdiagnosis/index.php(44): CodeIgniter\CodeIgniter->run()
#9 {main}
INFO - 2021-12-17 14:34:48 --> Session: Class initialized using 'CodeIgniter\Session\Handlers\FileHandler' driver.
WARNING - 2021-12-17 14:34:48 --> Session: Sessions is enabled, and one exists.Please don't $session->start();
INFO - 2021-12-17 14:36:06 --> Session: Class initialized using 'CodeIgniter\Session\Handlers\FileHandler' driver.
WARNING - 2021-12-17 14:36:06 --> Session: Sessions is enabled, and one exists.Please don't $session->start();
INFO - 2021-12-17 14:36:09 --> Session: Class initialized using 'CodeIgniter\Session\Handlers\FileHandler' driver.
WARNING - 2021-12-17 14:36:09 --> Session: Sessions is enabled, and one exists.Please don't $session->start();
INFO - 2021-12-17 14:36:49 --> Session: Class initialized using 'CodeIgniter\Session\Handlers\FileHandler' driver.
WARNING - 2021-12-17 14:36:49 --> Session: Sessions is enabled, and one exists.Please don't $session->start();
INFO - 2021-12-17 14:37:17 --> Session: Class initialized using 'CodeIgniter\Session\Handlers\FileHandler' driver.
WARNING - 2021-12-17 14:37:17 --> Session: Sessions is enabled, and one exists.Please don't $session->start();
INFO - 2021-12-17 14:37:19 --> Session: Class initialized using 'CodeIgniter\Session\Handlers\FileHandler' driver.
INFO - 2021-12-17 14:37:21 --> Session: Class initialized using 'CodeIgniter\Session\Handlers\FileHandler' driver.
INFO - 2021-12-17 14:37:22 --> Session: Class initialized using 'CodeIgniter\Session\Handlers\FileHandler' driver.
INFO - 2021-12-17 14:37:23 --> Session: Class initialized using 'CodeIgniter\Session\Handlers\FileHandler' driver.
INFO - 2021-12-17 14:37:24 --> Session: Class initialized using 'CodeIgniter\Session\Handlers\FileHandler' driver.
INFO - 2021-12-17 14:37:24 --> Session: Class initialized using 'CodeIgniter\Session\Handlers\FileHandler' driver.
INFO - 2021-12-17 14:37:39 --> Session: Class initialized using 'CodeIgniter\Session\Handlers\FileHandler' driver.
INFO - 2021-12-17 14:37:39 --> Session: Class initialized using 'CodeIgniter\Session\Handlers\FileHandler' driver.
INFO - 2021-12-17 14:37:40 --> Session: Class initialized using 'CodeIgniter\Session\Handlers\FileHandler' driver.
INFO - 2021-12-17 14:37:49 --> Session: Class initialized using 'CodeIgniter\Session\Handlers\FileHandler' driver.
INFO - 2021-12-17 14:37:50 --> Session: Class initialized using 'CodeIgniter\Session\Handlers\FileHandler' driver.
WARNING - 2021-12-17 14:37:50 --> Session: Sessions is enabled, and one exists.Please don't $session->start();
INFO - 2021-12-17 14:46:37 --> Session: Class initialized using 'CodeIgniter\Session\Handlers\FileHandler' driver.
WARNING - 2021-12-17 14:46:37 --> Session: Sessions is enabled, and one exists.Please don't $session->start();
INFO - 2021-12-17 14:47:42 --> Session: Class initialized using 'CodeIgniter\Session\Handlers\FileHandler' driver.
WARNING - 2021-12-17 14:47:42 --> Session: Sessions is enabled, and one exists.Please don't $session->start();
INFO - 2021-12-17 14:50:53 --> Session: Class initialized using 'CodeIgniter\Session\Handlers\FileHandler' driver.
WARNING - 2021-12-17 14:50:53 --> Session: Sessions is enabled, and one exists.Please don't $session->start();
CRITICAL - 2021-12-17 14:50:53 --> Undefined index: post_smippet
#0 /var/www/html/mymisdiagnosis/app/Views/post_list.php(28): CodeIgniter\Debug\Exceptions->errorHandler(8, 'Undefined index...', '/var/www/html/m...', 28, Array)
#1 /var/www/html/mymisdiagnosis/system/View/View.php(220): include('/var/www/html/m...')
#2 /var/www/html/mymisdiagnosis/system/View/View.php(222): CodeIgniter\View\View->CodeIgniter\View\{closure}()
#3 /var/www/html/mymisdiagnosis/system/Common.php(1217): CodeIgniter\View\View->render('post_list', Array, true)
#4 /var/www/html/mymisdiagnosis/app/Controllers/Post.php(29): view('post_list', Array)
#5 /var/www/html/mymisdiagnosis/system/CodeIgniter.php(936): App\Controllers\Post->index('$1')
#6 /var/www/html/mymisdiagnosis/system/CodeIgniter.php(432): CodeIgniter\CodeIgniter->runController(Object(App\Controllers\Post))
#7 /var/www/html/mymisdiagnosis/system/CodeIgniter.php(333): CodeIgniter\CodeIgniter->handleRequest(NULL, Object(Config\Cache), false)
#8 /var/www/html/mymisdiagnosis/index.php(44): CodeIgniter\CodeIgniter->run()
#9 {main}
INFO - 2021-12-17 14:51:06 --> Session: Class initialized using 'CodeIgniter\Session\Handlers\FileHandler' driver.
WARNING - 2021-12-17 14:51:06 --> Session: Sessions is enabled, and one exists.Please don't $session->start();
CRITICAL - 2021-12-17 14:51:06 --> Undefined index: post_snippet
#0 /var/www/html/mymisdiagnosis/app/Views/post_list.php(28): CodeIgniter\Debug\Exceptions->errorHandler(8, 'Undefined index...', '/var/www/html/m...', 28, Array)
#1 /var/www/html/mymisdiagnosis/system/View/View.php(220): include('/var/www/html/m...')
#2 /var/www/html/mymisdiagnosis/system/View/View.php(222): CodeIgniter\View\View->CodeIgniter\View\{closure}()
#3 /var/www/html/mymisdiagnosis/system/Common.php(1217): CodeIgniter\View\View->render('post_list', Array, true)
#4 /var/www/html/mymisdiagnosis/app/Controllers/Post.php(29): view('post_list', Array)
#5 /var/www/html/mymisdiagnosis/system/CodeIgniter.php(936): App\Controllers\Post->index('$1')
#6 /var/www/html/mymisdiagnosis/system/CodeIgniter.php(432): CodeIgniter\CodeIgniter->runController(Object(App\Controllers\Post))
#7 /var/www/html/mymisdiagnosis/system/CodeIgniter.php(333): CodeIgniter\CodeIgniter->handleRequest(NULL, Object(Config\Cache), false)
#8 /var/www/html/mymisdiagnosis/index.php(44): CodeIgniter\CodeIgniter->run()
#9 {main}
INFO - 2021-12-17 14:52:03 --> Session: Class initialized using 'CodeIgniter\Session\Handlers\FileHandler' driver.
WARNING - 2021-12-17 14:52:03 --> Session: Sessions is enabled, and one exists.Please don't $session->start();
ERROR - 2021-12-17 14:52:03 --> mysqli_sql_exception: Unknown column 'post_snipett' in 'field list' in /var/www/html/mymisdiagnosis/system/Database/MySQLi/Connection.php:314
Stack trace:
#0 /var/www/html/mymisdiagnosis/system/Database/MySQLi/Connection.php(314): mysqli->query('SELECT `post_id...')
#1 /var/www/html/mymisdiagnosis/system/Database/BaseConnection.php(713): CodeIgniter\Database\MySQLi\Connection->execute('SELECT `post_id...')
#2 /var/www/html/mymisdiagnosis/system/Database/BaseConnection.php(641): CodeIgniter\Database\BaseConnection->simpleQuery('SELECT `post_id...')
#3 /var/www/html/mymisdiagnosis/system/Database/BaseBuilder.php(1866): CodeIgniter\Database\BaseConnection->query('SELECT `post_id...', Array, false)
#4 /var/www/html/mymisdiagnosis/app/Models/PostModel.php(23): CodeIgniter\Database\BaseBuilder->get()
#5 /var/www/html/mymisdiagnosis/app/Controllers/Post.php(25): App\Models\PostModel->getAllPost('default')
#6 /var/www/html/mymisdiagnosis/system/CodeIgniter.php(936): App\Controllers\Post->index('$1')
#7 /var/www/html/mymisdiagnosis/system/CodeIgniter.php(432): CodeIgniter\CodeIgniter->runController(Object(App\Controllers\Post))
#8 /var/www/html/mymisdiagnosis/system/CodeIgniter.php(333): CodeIgniter\CodeIgniter->handleRequest(NULL, Object(Config\Cache), false)
#9 /var/www/html/mymisdiagnosis/index.php(44): CodeIgniter\CodeIgniter->run()
#10 {main}
CRITICAL - 2021-12-17 14:52:03 --> Unknown column 'post_snipett' in 'field list'
#0 /var/www/html/mymisdiagnosis/system/Database/MySQLi/Connection.php(314): mysqli->query('SELECT `post_id...')
#1 /var/www/html/mymisdiagnosis/system/Database/BaseConnection.php(713): CodeIgniter\Database\MySQLi\Connection->execute('SELECT `post_id...')
#2 /var/www/html/mymisdiagnosis/system/Database/BaseConnection.php(641): CodeIgniter\Database\BaseConnection->simpleQuery('SELECT `post_id...')
#3 /var/www/html/mymisdiagnosis/system/Database/BaseBuilder.php(1866): CodeIgniter\Database\BaseConnection->query('SELECT `post_id...', Array, false)
#4 /var/www/html/mymisdiagnosis/app/Models/PostModel.php(23): CodeIgniter\Database\BaseBuilder->get()
#5 /var/www/html/mymisdiagnosis/app/Controllers/Post.php(25): App\Models\PostModel->getAllPost('default')
#6 /var/www/html/mymisdiagnosis/system/CodeIgniter.php(936): App\Controllers\Post->index('$1')
#7 /var/www/html/mymisdiagnosis/system/CodeIgniter.php(432): CodeIgniter\CodeIgniter->runController(Object(App\Controllers\Post))
#8 /var/www/html/mymisdiagnosis/system/CodeIgniter.php(333): CodeIgniter\CodeIgniter->handleRequest(NULL, Object(Config\Cache), false)
#9 /var/www/html/mymisdiagnosis/index.php(44): CodeIgniter\CodeIgniter->run()
#10 {main}
INFO - 2021-12-17 14:52:38 --> Session: Class initialized using 'CodeIgniter\Session\Handlers\FileHandler' driver.
WARNING - 2021-12-17 14:52:38 --> Session: Sessions is enabled, and one exists.Please don't $session->start();
ERROR - 2021-12-17 14:52:38 --> mysqli_sql_exception: Unknown column 'post_snipett' in 'field list' in /var/www/html/mymisdiagnosis/system/Database/MySQLi/Connection.php:314
Stack trace:
#0 /var/www/html/mymisdiagnosis/system/Database/MySQLi/Connection.php(314): mysqli->query('SELECT `post_id...')
#1 /var/www/html/mymisdiagnosis/system/Database/BaseConnection.php(713): CodeIgniter\Database\MySQLi\Connection->execute('SELECT `post_id...')
#2 /var/www/html/mymisdiagnosis/system/Database/BaseConnection.php(641): CodeIgniter\Database\BaseConnection->simpleQuery('SELECT `post_id...')
#3 /var/www/html/mymisdiagnosis/system/Database/BaseBuilder.php(1866): CodeIgniter\Database\BaseConnection->query('SELECT `post_id...', Array, false)
#4 /var/www/html/mymisdiagnosis/app/Models/PostModel.php(23): CodeIgniter\Database\BaseBuilder->get()
#5 /var/www/html/mymisdiagnosis/app/Controllers/Post.php(25): App\Models\PostModel->getAllPost('default')
#6 /var/www/html/mymisdiagnosis/system/CodeIgniter.php(936): App\Controllers\Post->index('$1')
#7 /var/www/html/mymisdiagnosis/system/CodeIgniter.php(432): CodeIgniter\CodeIgniter->runController(Object(App\Controllers\Post))
#8 /var/www/html/mymisdiagnosis/system/CodeIgniter.php(333): CodeIgniter\CodeIgniter->handleRequest(NULL, Object(Config\Cache), false)
#9 /var/www/html/mymisdiagnosis/index.php(44): CodeIgniter\CodeIgniter->run()
#10 {main}
CRITICAL - 2021-12-17 14:52:38 --> Unknown column 'post_snipett' in 'field list'
#0 /var/www/html/mymisdiagnosis/system/Database/MySQLi/Connection.php(314): mysqli->query('SELECT `post_id...')
#1 /var/www/html/mymisdiagnosis/system/Database/BaseConnection.php(713): CodeIgniter\Database\MySQLi\Connection->execute('SELECT `post_id...')
#2 /var/www/html/mymisdiagnosis/system/Database/BaseConnection.php(641): CodeIgniter\Database\BaseConnection->simpleQuery('SELECT `post_id...')
#3 /var/www/html/mymisdiagnosis/system/Database/BaseBuilder.php(1866): CodeIgniter\Database\BaseConnection->query('SELECT `post_id...', Array, false)
#4 /var/www/html/mymisdiagnosis/app/Models/PostModel.php(23): CodeIgniter\Database\BaseBuilder->get()
#5 /var/www/html/mymisdiagnosis/app/Controllers/Post.php(25): App\Models\PostModel->getAllPost('default')
#6 /var/www/html/mymisdiagnosis/system/CodeIgniter.php(936): App\Controllers\Post->index('$1')
#7 /var/www/html/mymisdiagnosis/system/CodeIgniter.php(432): CodeIgniter\CodeIgniter->runController(Object(App\Controllers\Post))
#8 /var/www/html/mymisdiagnosis/system/CodeIgniter.php(333): CodeIgniter\CodeIgniter->handleRequest(NULL, Object(Config\Cache), false)
#9 /var/www/html/mymisdiagnosis/index.php(44): CodeIgniter\CodeIgniter->run()
#10 {main}
INFO - 2021-12-17 14:53:14 --> Session: Class initialized using 'CodeIgniter\Session\Handlers\FileHandler' driver.
WARNING - 2021-12-17 14:53:14 --> Session: Sessions is enabled, and one exists.Please don't $session->start();
ERROR - 2021-12-17 14:53:14 --> mysqli_sql_exception: Unknown column 'post_snipett' in 'field list' in /var/www/html/mymisdiagnosis/system/Database/MySQLi/Connection.php:314
Stack trace:
#0 /var/www/html/mymisdiagnosis/system/Database/MySQLi/Connection.php(314): mysqli->query('SELECT `post_id...')
#1 /var/www/html/mymisdiagnosis/system/Database/BaseConnection.php(713): CodeIgniter\Database\MySQLi\Connection->execute('SELECT `post_id...')
#2 /var/www/html/mymisdiagnosis/system/Database/BaseConnection.php(641): CodeIgniter\Database\BaseConnection->simpleQuery('SELECT `post_id...')
#3 /var/www/html/mymisdiagnosis/system/Database/BaseBuilder.php(1866): CodeIgniter\Database\BaseConnection->query('SELECT `post_id...', Array, false)
#4 /var/www/html/mymisdiagnosis/app/Models/PostModel.php(23): CodeIgniter\Database\BaseBuilder->get()
#5 /var/www/html/mymisdiagnosis/app/Controllers/Post.php(25): App\Models\PostModel->getAllPost('default')
#6 /var/www/html/mymisdiagnosis/system/CodeIgniter.php(936): App\Controllers\Post->index('$1')
#7 /var/www/html/mymisdiagnosis/system/CodeIgniter.php(432): CodeIgniter\CodeIgniter->runController(Object(App\Controllers\Post))
#8 /var/www/html/mymisdiagnosis/system/CodeIgniter.php(333): CodeIgniter\CodeIgniter->handleRequest(NULL, Object(Config\Cache), false)
#9 /var/www/html/mymisdiagnosis/index.php(44): CodeIgniter\CodeIgniter->run()
#10 {main}
CRITICAL - 2021-12-17 14:53:14 --> Unknown column 'post_snipett' in 'field list'
#0 /var/www/html/mymisdiagnosis/system/Database/MySQLi/Connection.php(314): mysqli->query('SELECT `post_id...')
#1 /var/www/html/mymisdiagnosis/system/Database/BaseConnection.php(713): CodeIgniter\Database\MySQLi\Connection->execute('SELECT `post_id...')
#2 /var/www/html/mymisdiagnosis/system/Database/BaseConnection.php(641): CodeIgniter\Database\BaseConnection->simpleQuery('SELECT `post_id...')
#3 /var/www/html/mymisdiagnosis/system/Database/BaseBuilder.php(1866): CodeIgniter\Database\BaseConnection->query('SELECT `post_id...', Array, false)
#4 /var/www/html/mymisdiagnosis/app/Models/PostModel.php(23): CodeIgniter\Database\BaseBuilder->get()
#5 /var/www/html/mymisdiagnosis/app/Controllers/Post.php(25): App\Models\PostModel->getAllPost('default')
#6 /var/www/html/mymisdiagnosis/system/CodeIgniter.php(936): App\Controllers\Post->index('$1')
#7 /var/www/html/mymisdiagnosis/system/CodeIgniter.php(432): CodeIgniter\CodeIgniter->runController(Object(App\Controllers\Post))
#8 /var/www/html/mymisdiagnosis/system/CodeIgniter.php(333): CodeIgniter\CodeIgniter->handleRequest(NULL, Object(Config\Cache), false)
#9 /var/www/html/mymisdiagnosis/index.php(44): CodeIgniter\CodeIgniter->run()
#10 {main}
INFO - 2021-12-17 14:54:26 --> Session: Class initialized using 'CodeIgniter\Session\Handlers\FileHandler' driver.
WARNING - 2021-12-17 14:54:26 --> Session: Sessions is enabled, and one exists.Please don't $session->start();
ERROR - 2021-12-17 14:54:26 --> mysqli_sql_exception: Unknown column 'post_snipett' in 'field list' in /var/www/html/mymisdiagnosis/system/Database/MySQLi/Connection.php:314
Stack trace:
#0 /var/www/html/mymisdiagnosis/system/Database/MySQLi/Connection.php(314): mysqli->query('SELECT `post_id...')
#1 /var/www/html/mymisdiagnosis/system/Database/BaseConnection.php(713): CodeIgniter\Database\MySQLi\Connection->execute('SELECT `post_id...')
#2 /var/www/html/mymisdiagnosis/system/Database/BaseConnection.php(641): CodeIgniter\Database\BaseConnection->simpleQuery('SELECT `post_id...')
#3 /var/www/html/mymisdiagnosis/system/Database/BaseBuilder.php(1866): CodeIgniter\Database\BaseConnection->query('SELECT `post_id...', Array, false)
#4 /var/www/html/mymisdiagnosis/app/Models/PostModel.php(23): CodeIgniter\Database\BaseBuilder->get()
#5 /var/www/html/mymisdiagnosis/app/Controllers/Post.php(25): App\Models\PostModel->getAllPost('default')
#6 /var/www/html/mymisdiagnosis/system/CodeIgniter.php(936): App\Controllers\Post->index('$1')
#7 /var/www/html/mymisdiagnosis/system/CodeIgniter.php(432): CodeIgniter\CodeIgniter->runController(Object(App\Controllers\Post))
#8 /var/www/html/mymisdiagnosis/system/CodeIgniter.php(333): CodeIgniter\CodeIgniter->handleRequest(NULL, Object(Config\Cache), false)
#9 /var/www/html/mymisdiagnosis/index.php(44): CodeIgniter\CodeIgniter->run()
#10 {main}
CRITICAL - 2021-12-17 14:54:26 --> Unknown column 'post_snipett' in 'field list'
#0 /var/www/html/mymisdiagnosis/system/Database/MySQLi/Connection.php(314): mysqli->query('SELECT `post_id...')
#1 /var/www/html/mymisdiagnosis/system/Database/BaseConnection.php(713): CodeIgniter\Database\MySQLi\Connection->execute('SELECT `post_id...')
#2 /var/www/html/mymisdiagnosis/system/Database/BaseConnection.php(641): CodeIgniter\Database\BaseConnection->simpleQuery('SELECT `post_id...')
#3 /var/www/html/mymisdiagnosis/system/Database/BaseBuilder.php(1866): CodeIgniter\Database\BaseConnection->query('SELECT `post_id...', Array, false)
#4 /var/www/html/mymisdiagnosis/app/Models/PostModel.php(23): CodeIgniter\Database\BaseBuilder->get()
#5 /var/www/html/mymisdiagnosis/app/Controllers/Post.php(25): App\Models\PostModel->getAllPost('default')
#6 /var/www/html/mymisdiagnosis/system/CodeIgniter.php(936): App\Controllers\Post->index('$1')
#7 /var/www/html/mymisdiagnosis/system/CodeIgniter.php(432): CodeIgniter\CodeIgniter->runController(Object(App\Controllers\Post))
#8 /var/www/html/mymisdiagnosis/system/CodeIgniter.php(333): CodeIgniter\CodeIgniter->handleRequest(NULL, Object(Config\Cache), false)
#9 /var/www/html/mymisdiagnosis/index.php(44): CodeIgniter\CodeIgniter->run()
#10 {main}
INFO - 2021-12-17 14:54:44 --> Session: Class initialized using 'CodeIgniter\Session\Handlers\FileHandler' driver.
WARNING - 2021-12-17 14:54:44 --> Session: Sessions is enabled, and one exists.Please don't $session->start();
ERROR - 2021-12-17 14:54:44 --> mysqli_sql_exception: Unknown column 'post_snipett' in 'field list' in /var/www/html/mymisdiagnosis/system/Database/MySQLi/Connection.php:314
Stack trace:
#0 /var/www/html/mymisdiagnosis/system/Database/MySQLi/Connection.php(314): mysqli->query('SELECT `post_id...')
#1 /var/www/html/mymisdiagnosis/system/Database/BaseConnection.php(713): CodeIgniter\Database\MySQLi\Connection->execute('SELECT `post_id...')
#2 /var/www/html/mymisdiagnosis/system/Database/BaseConnection.php(641): CodeIgniter\Database\BaseConnection->simpleQuery('SELECT `post_id...')
#3 /var/www/html/mymisdiagnosis/system/Database/BaseBuilder.php(1866): CodeIgniter\Database\BaseConnection->query('SELECT `post_id...', Array, false)
#4 /var/www/html/mymisdiagnosis/app/Models/PostModel.php(23): CodeIgniter\Database\BaseBuilder->get()
#5 /var/www/html/mymisdiagnosis/app/Controllers/Post.php(25): App\Models\PostModel->getAllPost('default')
#6 /var/www/html/mymisdiagnosis/system/CodeIgniter.php(936): App\Controllers\Post->index('$1')
#7 /var/www/html/mymisdiagnosis/system/CodeIgniter.php(432): CodeIgniter\CodeIgniter->runController(Object(App\Controllers\Post))
#8 /var/www/html/mymisdiagnosis/system/CodeIgniter.php(333): CodeIgniter\CodeIgniter->handleRequest(NULL, Object(Config\Cache), false)
#9 /var/www/html/mymisdiagnosis/index.php(44): CodeIgniter\CodeIgniter->run()
#10 {main}
CRITICAL - 2021-12-17 14:54:44 --> Unknown column 'post_snipett' in 'field list'
#0 /var/www/html/mymisdiagnosis/system/Database/MySQLi/Connection.php(314): mysqli->query('SELECT `post_id...')
#1 /var/www/html/mymisdiagnosis/system/Database/BaseConnection.php(713): CodeIgniter\Database\MySQLi\Connection->execute('SELECT `post_id...')
#2 /var/www/html/mymisdiagnosis/system/Database/BaseConnection.php(641): CodeIgniter\Database\BaseConnection->simpleQuery('SELECT `post_id...')
#3 /var/www/html/mymisdiagnosis/system/Database/BaseBuilder.php(1866): CodeIgniter\Database\BaseConnection->query('SELECT `post_id...', Array, false)
#4 /var/www/html/mymisdiagnosis/app/Models/PostModel.php(23): CodeIgniter\Database\BaseBuilder->get()
#5 /var/www/html/mymisdiagnosis/app/Controllers/Post.php(25): App\Models\PostModel->getAllPost('default')
#6 /var/www/html/mymisdiagnosis/system/CodeIgniter.php(936): App\Controllers\Post->index('$1')
#7 /var/www/html/mymisdiagnosis/system/CodeIgniter.php(432): CodeIgniter\CodeIgniter->runController(Object(App\Controllers\Post))
#8 /var/www/html/mymisdiagnosis/system/CodeIgniter.php(333): CodeIgniter\CodeIgniter->handleRequest(NULL, Object(Config\Cache), false)
#9 /var/www/html/mymisdiagnosis/index.php(44): CodeIgniter\CodeIgniter->run()
#10 {main}
INFO - 2021-12-17 14:55:18 --> Session: Class initialized using 'CodeIgniter\Session\Handlers\FileHandler' driver.
WARNING - 2021-12-17 14:55:18 --> Session: Sessions is enabled, and one exists.Please don't $session->start();
INFO - 2021-12-17 14:55:47 --> Session: Class initialized using 'CodeIgniter\Session\Handlers\FileHandler' driver.
WARNING - 2021-12-17 14:55:47 --> Session: Sessions is enabled, and one exists.Please don't $session->start();
INFO - 2021-12-17 14:56:06 --> Session: Class initialized using 'CodeIgniter\Session\Handlers\FileHandler' driver.
INFO - 2021-12-17 14:56:24 --> Session: Class initialized using 'CodeIgniter\Session\Handlers\FileHandler' driver.
INFO - 2021-12-17 14:56:24 --> Session: Class initialized using 'CodeIgniter\Session\Handlers\FileHandler' driver.
INFO - 2021-12-17 14:56:24 --> Session: Class initialized using 'CodeIgniter\Session\Handlers\FileHandler' driver.
INFO - 2021-12-17 14:56:49 --> Session: Class initialized using 'CodeIgniter\Session\Handlers\FileHandler' driver.
WARNING - 2021-12-17 14:56:49 --> Session: Sessions is enabled, and one exists.Please don't $session->start();
INFO - 2021-12-17 14:56:53 --> Session: Class initialized using 'CodeIgniter\Session\Handlers\FileHandler' driver.
WARNING - 2021-12-17 14:56:53 --> Session: Sessions is enabled, and one exists.Please don't $session->start();
INFO - 2021-12-17 14:56:59 --> Session: Class initialized using 'CodeIgniter\Session\Handlers\FileHandler' driver.
WARNING - 2021-12-17 14:56:59 --> Session: Sessions is enabled, and one exists.Please don't $session->start();
INFO - 2021-12-17 15:03:42 --> Session: Class initialized using 'CodeIgniter\Session\Handlers\FileHandler' driver.
WARNING - 2021-12-17 15:03:42 --> Session: Sessions is enabled, and one exists.Please don't $session->start();
CRITICAL - 2021-12-17 15:03:43 --> You must set the database table to be used with your query.
#0 /var/www/html/mymisdiagnosis/system/Model.php(615): CodeIgniter\Database\BaseConnection->table(NULL)
#1 /var/www/html/mymisdiagnosis/system/Model.php(834): CodeIgniter\Model->builder()
#2 /var/www/html/mymisdiagnosis/app/Controllers/Post.php(33): CodeIgniter\Model->__call('getAllPosts', Array)
#3 /var/www/html/mymisdiagnosis/system/CodeIgniter.php(936): App\Controllers\Post->index('$1')
#4 /var/www/html/mymisdiagnosis/system/CodeIgniter.php(432): CodeIgniter\CodeIgniter->runController(Object(App\Controllers\Post))
#5 /var/www/html/mymisdiagnosis/system/CodeIgniter.php(333): CodeIgniter\CodeIgniter->handleRequest(NULL, Object(Config\Cache), false)
#6 /var/www/html/mymisdiagnosis/index.php(44): CodeIgniter\CodeIgniter->run()
#7 {main}
INFO - 2021-12-17 15:03:55 --> Session: Class initialized using 'CodeIgniter\Session\Handlers\FileHandler' driver.
WARNING - 2021-12-17 15:03:55 --> Session: Sessions is enabled, and one exists.Please don't $session->start();
INFO - 2021-12-17 15:03:58 --> Session: Class initialized using 'CodeIgniter\Session\Handlers\FileHandler' driver.
WARNING - 2021-12-17 15:03:58 --> Session: Sessions is enabled, and one exists.Please don't $session->start();
INFO - 2021-12-17 15:05:24 --> Session: Class initialized using 'CodeIgniter\Session\Handlers\FileHandler' driver.
WARNING - 2021-12-17 15:05:24 --> Session: Sessions is enabled, and one exists.Please don't $session->start();
INFO - 2021-12-17 15:05:26 --> Session: Class initialized using 'CodeIgniter\Session\Handlers\FileHandler' driver.
WARNING - 2021-12-17 15:05:26 --> Session: Sessions is enabled, and one exists.Please don't $session->start();
INFO - 2021-12-17 15:06:55 --> Session: Class initialized using 'CodeIgniter\Session\Handlers\FileHandler' driver.
WARNING - 2021-12-17 15:06:55 --> Session: Sessions is enabled, and one exists.Please don't $session->start();
CRITICAL - 2021-12-17 15:06:55 --> You must set the database table to be used with your query.
#0 /var/www/html/mymisdiagnosis/system/Model.php(615): CodeIgniter\Database\BaseConnection->table(NULL)
#1 /var/www/html/mymisdiagnosis/system/Model.php(834): CodeIgniter\Model->builder()
#2 /var/www/html/mymisdiagnosis/app/Controllers/Post.php(55): CodeIgniter\Model->__call('getBlog', Array)
#3 /var/www/html/mymisdiagnosis/system/CodeIgniter.php(936): App\Controllers\Post->display('118')
#4 /var/www/html/mymisdiagnosis/system/CodeIgniter.php(432): CodeIgniter\CodeIgniter->runController(Object(App\Controllers\Post))
#5 /var/www/html/mymisdiagnosis/system/CodeIgniter.php(333): CodeIgniter\CodeIgniter->handleRequest(NULL, Object(Config\Cache), false)
#6 /var/www/html/mymisdiagnosis/index.php(44): CodeIgniter\CodeIgniter->run()
#7 {main}
INFO - 2021-12-17 15:07:58 --> Session: Class initialized using 'CodeIgniter\Session\Handlers\FileHandler' driver.
WARNING - 2021-12-17 15:07:58 --> Session: Sessions is enabled, and one exists.Please don't $session->start();
INFO - 2021-12-17 15:08:02 --> Session: Class initialized using 'CodeIgniter\Session\Handlers\FileHandler' driver.
WARNING - 2021-12-17 15:08:02 --> Session: Sessions is enabled, and one exists.Please don't $session->start();
INFO - 2021-12-17 15:08:04 --> Session: Class initialized using 'CodeIgniter\Session\Handlers\FileHandler' driver.
WARNING - 2021-12-17 15:08:04 --> Session: Sessions is enabled, and one exists.Please don't $session->start();
INFO - 2021-12-17 15:09:00 --> Session: Class initialized using 'CodeIgniter\Session\Handlers\FileHandler' driver.
WARNING - 2021-12-17 15:09:00 --> Session: Sessions is enabled, and one exists.Please don't $session->start();
CRITICAL - 2021-12-17 15:09:00 --> You must set the database table to be used with your query.
#0 /var/www/html/mymisdiagnosis/system/Model.php(615): CodeIgniter\Database\BaseConnection->table(NULL)
#1 /var/www/html/mymisdiagnosis/system/Model.php(834): CodeIgniter\Model->builder()
#2 /var/www/html/mymisdiagnosis/app/Controllers/Post.php(55): CodeIgniter\Model->__call('getIndividualPo...', Array)
#3 /var/www/html/mymisdiagnosis/system/CodeIgniter.php(936): App\Controllers\Post->display('118')
#4 /var/www/html/mymisdiagnosis/system/CodeIgniter.php(432): CodeIgniter\CodeIgniter->runController(Object(App\Controllers\Post))
#5 /var/www/html/mymisdiagnosis/system/CodeIgniter.php(333): CodeIgniter\CodeIgniter->handleRequest(NULL, Object(Config\Cache), false)
#6 /var/www/html/mymisdiagnosis/index.php(44): CodeIgniter\CodeIgniter->run()
#7 {main}
INFO - 2021-12-17 15:09:34 --> Session: Class initialized using 'CodeIgniter\Session\Handlers\FileHandler' driver.
WARNING - 2021-12-17 15:09:34 --> Session: Sessions is enabled, and one exists.Please don't $session->start();
INFO - 2021-12-17 15:11:19 --> Session: Class initialized using 'CodeIgniter\Session\Handlers\FileHandler' driver.
WARNING - 2021-12-17 15:11:19 --> Session: Sessions is enabled, and one exists.Please don't $session->start();
CRITICAL - 2021-12-17 15:11:19 --> Undefined variable: individualPost
#0 /var/www/html/mymisdiagnosis/app/Controllers/Post.php(56): CodeIgniter\Debug\Exceptions->errorHandler(8, 'Undefined varia...', '/var/www/html/m...', 56, Array)
#1 /var/www/html/mymisdiagnosis/system/CodeIgniter.php(936): App\Controllers\Post->display('118')
#2 /var/www/html/mymisdiagnosis/system/CodeIgniter.php(432): CodeIgniter\CodeIgniter->runController(Object(App\Controllers\Post))
#3 /var/www/html/mymisdiagnosis/system/CodeIgniter.php(333): CodeIgniter\CodeIgniter->handleRequest(NULL, Object(Config\Cache), false)
#4 /var/www/html/mymisdiagnosis/index.php(44): CodeIgniter\CodeIgniter->run()
#5 {main}
INFO - 2021-12-17 15:12:18 --> Session: Class initialized using 'CodeIgniter\Session\Handlers\FileHandler' driver.
WARNING - 2021-12-17 15:12:18 --> Session: Sessions is enabled, and one exists.Please don't $session->start();
CRITICAL - 2021-12-17 15:12:18 --> Undefined variable: blog
#0 /var/www/html/mymisdiagnosis/app/Controllers/Post.php(74): CodeIgniter\Debug\Exceptions->errorHandler(8, 'Undefined varia...', '/var/www/html/m...', 74, Array)
#1 /var/www/html/mymisdiagnosis/system/CodeIgniter.php(936): App\Controllers\Post->display('118')
#2 /var/www/html/mymisdiagnosis/system/CodeIgniter.php(432): CodeIgniter\CodeIgniter->runController(Object(App\Controllers\Post))
#3 /var/www/html/mymisdiagnosis/system/CodeIgniter.php(333): CodeIgniter\CodeIgniter->handleRequest(NULL, Object(Config\Cache), false)
#4 /var/www/html/mymisdiagnosis/index.php(44): CodeIgniter\CodeIgniter->run()
#5 {main}
INFO - 2021-12-17 15:12:33 --> Session: Class initialized using 'CodeIgniter\Session\Handlers\FileHandler' driver.
WARNING - 2021-12-17 15:12:33 --> Session: Sessions is enabled, and one exists.Please don't $session->start();
CRITICAL - 2021-12-17 15:12:33 --> Undefined variable: blog
#0 /var/www/html/mymisdiagnosis/app/Controllers/Post.php(74): CodeIgniter\Debug\Exceptions->errorHandler(8, 'Undefined varia...', '/var/www/html/m...', 74, Array)
#1 /var/www/html/mymisdiagnosis/system/CodeIgniter.php(936): App\Controllers\Post->display('118')
#2 /var/www/html/mymisdiagnosis/system/CodeIgniter.php(432): CodeIgniter\CodeIgniter->runController(Object(App\Controllers\Post))
#3 /var/www/html/mymisdiagnosis/system/CodeIgniter.php(333): CodeIgniter\CodeIgniter->handleRequest(NULL, Object(Config\Cache), false)
#4 /var/www/html/mymisdiagnosis/index.php(44): CodeIgniter\CodeIgniter->run()
#5 {main}
INFO - 2021-12-17 15:13:01 --> Session: Class initialized using 'CodeIgniter\Session\Handlers\FileHandler' driver.
WARNING - 2021-12-17 15:13:01 --> Session: Sessions is enabled, and one exists.Please don't $session->start();
CRITICAL - 2021-12-17 15:13:01 --> Undefined variable: blog
#0 /var/www/html/mymisdiagnosis/app/Views/post.php(41): CodeIgniter\Debug\Exceptions->errorHandler(8, 'Undefined varia...', '/var/www/html/m...', 41, Array)
#1 /var/www/html/mymisdiagnosis/system/View/View.php(220): include('/var/www/html/m...')
#2 /var/www/html/mymisdiagnosis/system/View/View.php(222): CodeIgniter\View\View->CodeIgniter\View\{closure}()
#3 /var/www/html/mymisdiagnosis/system/Common.php(1217): CodeIgniter\View\View->render('post', Array, true)
#4 /var/www/html/mymisdiagnosis/app/Controllers/Post.php(76): view('post', Array)
#5 /var/www/html/mymisdiagnosis/system/CodeIgniter.php(936): App\Controllers\Post->display('118')
#6 /var/www/html/mymisdiagnosis/system/CodeIgniter.php(432): CodeIgniter\CodeIgniter->runController(Object(App\Controllers\Post))
#7 /var/www/html/mymisdiagnosis/system/CodeIgniter.php(333): CodeIgniter\CodeIgniter->handleRequest(NULL, Object(Config\Cache), false)
#8 /var/www/html/mymisdiagnosis/index.php(44): CodeIgniter\CodeIgniter->run()
#9 {main}
INFO - 2021-12-17 15:13:31 --> Session: Class initialized using 'CodeIgniter\Session\Handlers\FileHandler' driver.
WARNING - 2021-12-17 15:13:31 --> Session: Sessions is enabled, and one exists.Please don't $session->start();
INFO - 2021-12-17 15:13:34 --> Session: Class initialized using 'CodeIgniter\Session\Handlers\FileHandler' driver.
WARNING - 2021-12-17 15:13:34 --> Session: Sessions is enabled, and one exists.Please don't $session->start();
INFO - 2021-12-17 15:13:37 --> Session: Class initialized using 'CodeIgniter\Session\Handlers\FileHandler' driver.
WARNING - 2021-12-17 15:13:37 --> Session: Sessions is enabled, and one exists.Please don't $session->start();
INFO - 2021-12-17 15:15:31 --> Session: Class initialized using 'CodeIgniter\Session\Handlers\FileHandler' driver.
WARNING - 2021-12-17 15:15:31 --> Session: Sessions is enabled, and one exists.Please don't $session->start();
CRITICAL - 2021-12-17 15:15:31 --> Invalid file: individual_post.php
#0 /var/www/html/mymisdiagnosis/system/View/View.php(203): CodeIgniter\Exceptions\FrameworkException::forInvalidFile('individual_post...')
#1 /var/www/html/mymisdiagnosis/system/Common.php(1217): CodeIgniter\View\View->render('individual_post', Array, true)
#2 /var/www/html/mymisdiagnosis/app/Controllers/Post.php(78): view('individual_post', Array)
#3 /var/www/html/mymisdiagnosis/system/CodeIgniter.php(936): App\Controllers\Post->display('121')
#4 /var/www/html/mymisdiagnosis/system/CodeIgniter.php(432): CodeIgniter\CodeIgniter->runController(Object(App\Controllers\Post))
#5 /var/www/html/mymisdiagnosis/system/CodeIgniter.php(333): CodeIgniter\CodeIgniter->handleRequest(NULL, Object(Config\Cache), false)
#6 /var/www/html/mymisdiagnosis/index.php(44): CodeIgniter\CodeIgniter->run()
#7 {main}
INFO - 2021-12-17 15:16:03 --> Session: Class initialized using 'CodeIgniter\Session\Handlers\FileHandler' driver.
WARNING - 2021-12-17 15:16:03 --> Session: Sessions is enabled, and one exists.Please don't $session->start();
INFO - 2021-12-17 15:16:51 --> Session: Class initialized using 'CodeIgniter\Session\Handlers\FileHandler' driver.
WARNING - 2021-12-17 15:16:51 --> Session: Sessions is enabled, and one exists.Please don't $session->start();
INFO - 2021-12-17 15:40:50 --> Session: Class initialized using 'CodeIgniter\Session\Handlers\FileHandler' driver.
WARNING - 2021-12-17 15:40:50 --> Session: Sessions is enabled, and one exists.Please don't $session->start();
INFO - 2021-12-17 15:41:30 --> Session: Class initialized using 'CodeIgniter\Session\Handlers\FileHandler' driver.
WARNING - 2021-12-17 15:41:30 --> Session: Sessions is enabled, and one exists.Please don't $session->start();
INFO - 2021-12-17 15:41:32 --> Session: Class initialized using 'CodeIgniter\Session\Handlers\FileHandler' driver.
INFO - 2021-12-17 15:41:33 --> Session: Class initialized using 'CodeIgniter\Session\Handlers\FileHandler' driver.
INFO - 2021-12-17 15:41:33 --> Session: Class initialized using 'CodeIgniter\Session\Handlers\FileHandler' driver.
INFO - 2021-12-17 15:41:44 --> Session: Class initialized using 'CodeIgniter\Session\Handlers\FileHandler' driver.
INFO - 2021-12-17 15:41:44 --> Session: Class initialized using 'CodeIgniter\Session\Handlers\FileHandler' driver.
INFO - 2021-12-17 15:41:44 --> Session: Class initialized using 'CodeIgniter\Session\Handlers\FileHandler' driver.
INFO - 2021-12-17 15:41:58 --> Session: Class initialized using 'CodeIgniter\Session\Handlers\FileHandler' driver.
WARNING - 2021-12-17 15:41:58 --> Session: Sessions is enabled, and one exists.Please don't $session->start();
INFO - 2021-12-17 15:42:54 --> Session: Class initialized using 'CodeIgniter\Session\Handlers\FileHandler' driver.
WARNING - 2021-12-17 15:42:54 --> Session: Sessions is enabled, and one exists.Please don't $session->start();
INFO - 2021-12-17 15:44:10 --> Session: Class initialized using 'CodeIgniter\Session\Handlers\FileHandler' driver.
WARNING - 2021-12-17 15:44:10 --> Session: Sessions is enabled, and one exists.Please don't $session->start();
INFO - 2021-12-17 15:44:19 --> Session: Class initialized using 'CodeIgniter\Session\Handlers\FileHandler' driver.
WARNING - 2021-12-17 15:44:19 --> Session: Sessions is enabled, and one exists.Please don't $session->start();
INFO - 2021-12-17 15:44:21 --> Session: Class initialized using 'CodeIgniter\Session\Handlers\FileHandler' driver.
WARNING - 2021-12-17 15:44:21 --> Session: Sessions is enabled, and one exists.Please don't $session->start();
INFO - 2021-12-17 15:44:24 --> Session: Class initialized using 'CodeIgniter\Session\Handlers\FileHandler' driver.
WARNING - 2021-12-17 15:44:24 --> Session: Sessions is enabled, and one exists.Please don't $session->start();
INFO - 2021-12-17 15:44:51 --> Session: Class initialized using 'CodeIgniter\Session\Handlers\FileHandler' driver.
WARNING - 2021-12-17 15:44:51 --> Session: Sessions is enabled, and one exists.Please don't $session->start();
INFO - 2021-12-17 15:44:54 --> Session: Class initialized using 'CodeIgniter\Session\Handlers\FileHandler' driver.
INFO - 2021-12-17 15:48:19 --> Session: Class initialized using 'CodeIgniter\Session\Handlers\FileHandler' driver.
INFO - 2021-12-17 15:48:22 --> Session: Class initialized using 'CodeIgniter\Session\Handlers\FileHandler' driver.
WARNING - 2021-12-17 15:48:22 --> Session: Sessions is enabled, and one exists.Please don't $session->start();
INFO - 2021-12-17 15:48:46 --> Session: Class initialized using 'CodeIgniter\Session\Handlers\FileHandler' driver.
INFO - 2021-12-17 15:48:47 --> Session: Class initialized using 'CodeIgniter\Session\Handlers\FileHandler' driver.
INFO - 2021-12-17 15:48:49 --> Session: Class initialized using 'CodeIgniter\Session\Handlers\FileHandler' driver.
WARNING - 2021-12-17 15:48:49 --> Session: Sessions is enabled, and one exists.Please don't $session->start();
INFO - 2021-12-17 15:48:53 --> Session: Class initialized using 'CodeIgniter\Session\Handlers\FileHandler' driver.
WARNING - 2021-12-17 15:48:53 --> Session: Sessions is enabled, and one exists.Please don't $session->start();
INFO - 2021-12-17 15:49:25 --> Session: Class initialized using 'CodeIgniter\Session\Handlers\FileHandler' driver.
WARNING - 2021-12-17 15:49:25 --> Session: Sessions is enabled, and one exists.Please don't $session->start();
INFO - 2021-12-17 15:49:28 --> Session: Class initialized using 'CodeIgniter\Session\Handlers\FileHandler' driver.
INFO - 2021-12-17 15:49:30 --> Session: Class initialized using 'CodeIgniter\Session\Handlers\FileHandler' driver.
INFO - 2021-12-17 15:49:42 --> Session: Class initialized using 'CodeIgniter\Session\Handlers\FileHandler' driver.
INFO - 2021-12-17 15:49:43 --> Session: Class initialized using 'CodeIgniter\Session\Handlers\FileHandler' driver.
INFO - 2021-12-17 15:52:05 --> Session: Class initialized using 'CodeIgniter\Session\Handlers\FileHandler' driver.
INFO - 2021-12-17 16:01:47 --> Session: Class initialized using 'CodeIgniter\Session\Handlers\FileHandler' driver.
INFO - 2021-12-17 16:01:50 --> Session: Class initialized using 'CodeIgniter\Session\Handlers\FileHandler' driver.
INFO - 2021-12-17 16:01:54 --> Session: Class initialized using 'CodeIgniter\Session\Handlers\FileHandler' driver.
INFO - 2021-12-17 16:02:08 --> Session: Class initialized using 'CodeIgniter\Session\Handlers\FileHandler' driver.
INFO - 2021-12-17 16:02:08 --> Session: Class initialized using 'CodeIgniter\Session\Handlers\FileHandler' driver.
INFO - 2021-12-17 16:02:09 --> Session: Class initialized using 'CodeIgniter\Session\Handlers\FileHandler' driver.
INFO - 2021-12-17 16:04:42 --> Session: Class initialized using 'CodeIgniter\Session\Handlers\FileHandler' driver.
INFO - 2021-12-17 16:04:43 --> Session: Class initialized using 'CodeIgniter\Session\Handlers\FileHandler' driver.
WARNING - 2021-12-17 16:04:43 --> Session: Sessions is enabled, and one exists.Please don't $session->start();
INFO - 2021-12-17 16:04:45 --> Session: Class initialized using 'CodeIgniter\Session\Handlers\FileHandler' driver.
WARNING - 2021-12-17 16:04:45 --> Session: Sessions is enabled, and one exists.Please don't $session->start();
INFO - 2021-12-17 16:08:51 --> Session: Class initialized using 'CodeIgniter\Session\Handlers\FileHandler' driver.
WARNING - 2021-12-17 16:08:51 --> Session: Sessions is enabled, and one exists.Please don't $session->start();
INFO - 2021-12-17 16:10:21 --> Session: Class initialized using 'CodeIgniter\Session\Handlers\FileHandler' driver.
WARNING - 2021-12-17 16:10:21 --> Session: Sessions is enabled, and one exists.Please don't $session->start();
INFO - 2021-12-17 16:10:35 --> Session: Class initialized using 'CodeIgniter\Session\Handlers\FileHandler' driver.
WARNING - 2021-12-17 16:10:35 --> Session: Sessions is enabled, and one exists.Please don't $session->start();
CRITICAL - 2021-12-17 16:10:35 --> Undefined variable: meta_title
#0 /var/www/html/mymisdiagnosis/app/Views/auth_internetics/header.php(7): CodeIgniter\Debug\Exceptions->errorHandler(8, 'Undefined varia...', '/var/www/html/m...', 7, Array)
#1 /var/www/html/mymisdiagnosis/system/View/View.php(220): include('/var/www/html/m...')
#2 /var/www/html/mymisdiagnosis/system/View/View.php(222): CodeIgniter\View\View->CodeIgniter\View\{closure}()
#3 /var/www/html/mymisdiagnosis/system/Common.php(1217): CodeIgniter\View\View->render('auth_internetic...', Array, true)
#4 /var/www/html/mymisdiagnosis/app/Controllers/Post.php(61): view('auth_internetic...', Array)
#5 /var/www/html/mymisdiagnosis/system/CodeIgniter.php(936): App\Controllers\Post->index('$1')
#6 /var/www/html/mymisdiagnosis/system/CodeIgniter.php(432): CodeIgniter\CodeIgniter->runController(Object(App\Controllers\Post))
#7 /var/www/html/mymisdiagnosis/system/CodeIgniter.php(333): CodeIgniter\CodeIgniter->handleRequest(NULL, Object(Config\Cache), false)
#8 /var/www/html/mymisdiagnosis/index.php(44): CodeIgniter\CodeIgniter->run()
#9 {main}
INFO - 2021-12-17 16:10:54 --> Session: Class initialized using 'CodeIgniter\Session\Handlers\FileHandler' driver.
WARNING - 2021-12-17 16:10:54 --> Session: Sessions is enabled, and one exists.Please don't $session->start();
CRITICAL - 2021-12-17 16:10:54 --> Undefined variable: meta_title
#0 /var/www/html/mymisdiagnosis/app/Views/auth_internetics/header.php(7): CodeIgniter\Debug\Exceptions->errorHandler(8, 'Undefined varia...', '/var/www/html/m...', 7, Array)
#1 /var/www/html/mymisdiagnosis/system/View/View.php(220): include('/var/www/html/m...')
#2 /var/www/html/mymisdiagnosis/system/View/View.php(222): CodeIgniter\View\View->CodeIgniter\View\{closure}()
#3 /var/www/html/mymisdiagnosis/system/Common.php(1217): CodeIgniter\View\View->render('auth_internetic...', Array, true)
#4 /var/www/html/mymisdiagnosis/app/Controllers/Post.php(61): view('auth_internetic...', Array)
#5 /var/www/html/mymisdiagnosis/system/CodeIgniter.php(936): App\Controllers\Post->index('$1')
#6 /var/www/html/mymisdiagnosis/system/CodeIgniter.php(432): CodeIgniter\CodeIgniter->runController(Object(App\Controllers\Post))
#7 /var/www/html/mymisdiagnosis/system/CodeIgniter.php(333): CodeIgniter\CodeIgniter->handleRequest(NULL, Object(Config\Cache), false)
#8 /var/www/html/mymisdiagnosis/index.php(44): CodeIgniter\CodeIgniter->run()
#9 {main}
INFO - 2021-12-17 16:11:24 --> Session: Class initialized using 'CodeIgniter\Session\Handlers\FileHandler' driver.
CRITICAL - 2021-12-17 16:11:24 --> Undefined variable: meta_title
#0 /var/www/html/mymisdiagnosis/app/Views/auth_internetics/header.php(7): CodeIgniter\Debug\Exceptions->errorHandler(8, 'Undefined varia...', '/var/www/html/m...', 7, Array)
#1 /var/www/html/mymisdiagnosis/system/View/View.php(220): include('/var/www/html/m...')
#2 /var/www/html/mymisdiagnosis/system/View/View.php(222): CodeIgniter\View\View->CodeIgniter\View\{closure}()
#3 /var/www/html/mymisdiagnosis/system/Common.php(1217): CodeIgniter\View\View->render('auth_internetic...', Array, true)
#4 /var/www/html/mymisdiagnosis/app/Views/auth_internetics/template.php(3): view('auth_internetic...')
#5 /var/www/html/mymisdiagnosis/system/View/View.php(220): include('/var/www/html/m...')
#6 /var/www/html/mymisdiagnosis/system/View/View.php(222): CodeIgniter\View\View->CodeIgniter\View\{closure}()
#7 /var/www/html/mymisdiagnosis/system/Common.php(1217): CodeIgniter\View\View->render('auth_internetic...', Array, true)
#8 /var/www/html/mymisdiagnosis/app/Controllers/Auth.php(163): view('auth_internetic...', Array)
#9 /var/www/html/mymisdiagnosis/app/ThirdParty/IonAuth/Controllers/Auth.php(793): App\Controllers\Auth->renderPage('IonAuth\\Views\\a...', Array)
#10 /var/www/html/mymisdiagnosis/system/CodeIgniter.php(936): IonAuth\Controllers\Auth->edit_user(1)
#11 /var/www/html/mymisdiagnosis/system/CodeIgniter.php(432): CodeIgniter\CodeIgniter->runController(Object(App\Controllers\Auth))
#12 /var/www/html/mymisdiagnosis/system/CodeIgniter.php(333): CodeIgniter\CodeIgniter->handleRequest(NULL, Object(Config\Cache), false)
#13 /var/www/html/mymisdiagnosis/index.php(44): CodeIgniter\CodeIgniter->run()
#14 {main}
INFO - 2021-12-17 16:12:20 --> Session: Class initialized using 'CodeIgniter\Session\Handlers\FileHandler' driver.
CRITICAL - 2021-12-17 16:12:20 --> Undefined variable: meta_title
#0 /var/www/html/mymisdiagnosis/app/Views/auth_internetics/header.php(7): CodeIgniter\Debug\Exceptions->errorHandler(8, 'Undefined varia...', '/var/www/html/m...', 7, Array)
#1 /var/www/html/mymisdiagnosis/system/View/View.php(220): include('/var/www/html/m...')
#2 /var/www/html/mymisdiagnosis/system/View/View.php(222): CodeIgniter\View\View->CodeIgniter\View\{closure}()
#3 /var/www/html/mymisdiagnosis/system/Common.php(1217): CodeIgniter\View\View->render('auth_internetic...', Array, true)
#4 /var/www/html/mymisdiagnosis/app/Views/auth_internetics/template.php(3): view('auth_internetic...')
#5 /var/www/html/mymisdiagnosis/system/View/View.php(220): include('/var/www/html/m...')
#6 /var/www/html/mymisdiagnosis/system/View/View.php(222): CodeIgniter\View\View->CodeIgniter\View\{closure}()
#7 /var/www/html/mymisdiagnosis/system/Common.php(1217): CodeIgniter\View\View->render('auth_internetic...', Array, true)
#8 /var/www/html/mymisdiagnosis/app/Controllers/Auth.php(163): view('auth_internetic...', Array)
#9 /var/www/html/mymisdiagnosis/app/ThirdParty/IonAuth/Controllers/Auth.php(793): App\Controllers\Auth->renderPage('IonAuth\\Views\\a...', Array)
#10 /var/www/html/mymisdiagnosis/system/CodeIgniter.php(936): IonAuth\Controllers\Auth->edit_user(1)
#11 /var/www/html/mymisdiagnosis/system/CodeIgniter.php(432): CodeIgniter\CodeIgniter->runController(Object(App\Controllers\Auth))
#12 /var/www/html/mymisdiagnosis/system/CodeIgniter.php(333): CodeIgniter\CodeIgniter->handleRequest(NULL, Object(Config\Cache), false)
#13 /var/www/html/mymisdiagnosis/index.php(44): CodeIgniter\CodeIgniter->run()
#14 {main}
INFO - 2021-12-17 16:15:18 --> Session: Class initialized using 'CodeIgniter\Session\Handlers\FileHandler' driver.
CRITICAL - 2021-12-17 16:15:18 --> Undefined variable: post
#0 /var/www/html/mymisdiagnosis/app/Views/auth_internetics/header.php(7): CodeIgniter\Debug\Exceptions->errorHandler(8, 'Undefined varia...', '/var/www/html/m...', 7, Array)
#1 /var/www/html/mymisdiagnosis/system/View/View.php(220): include('/var/www/html/m...')
#2 /var/www/html/mymisdiagnosis/system/View/View.php(222): CodeIgniter\View\View->CodeIgniter\View\{closure}()
#3 /var/www/html/mymisdiagnosis/system/Common.php(1217): CodeIgniter\View\View->render('auth_internetic...', Array, true)
#4 /var/www/html/mymisdiagnosis/app/Views/auth_internetics/template.php(3): view('auth_internetic...')
#5 /var/www/html/mymisdiagnosis/system/View/View.php(220): include('/var/www/html/m...')
#6 /var/www/html/mymisdiagnosis/system/View/View.php(222): CodeIgniter\View\View->CodeIgniter\View\{closure}()
#7 /var/www/html/mymisdiagnosis/system/Common.php(1217): CodeIgniter\View\View->render('auth_internetic...', Array, true)
#8 /var/www/html/mymisdiagnosis/app/Controllers/Auth.php(163): view('auth_internetic...', Array)
#9 /var/www/html/mymisdiagnosis/app/ThirdParty/IonAuth/Controllers/Auth.php(793): App\Controllers\Auth->renderPage('IonAuth\\Views\\a...', Array)
#10 /var/www/html/mymisdiagnosis/system/CodeIgniter.php(936): IonAuth\Controllers\Auth->edit_user(1)
#11 /var/www/html/mymisdiagnosis/system/CodeIgniter.php(432): CodeIgniter\CodeIgniter->runController(Object(App\Controllers\Auth))
#12 /var/www/html/mymisdiagnosis/system/CodeIgniter.php(333): CodeIgniter\CodeIgniter->handleRequest(NULL, Object(Config\Cache), false)
#13 /var/www/html/mymisdiagnosis/index.php(44): CodeIgniter\CodeIgniter->run()
#14 {main}
INFO - 2021-12-17 16:16:45 --> Session: Class initialized using 'CodeIgniter\Session\Handlers\FileHandler' driver.
CRITICAL - 2021-12-17 16:16:45 --> Undefined variable: meta_title
#0 /var/www/html/mymisdiagnosis/app/Views/auth_internetics/header.php(7): CodeIgniter\Debug\Exceptions->errorHandler(8, 'Undefined varia...', '/var/www/html/m...', 7, Array)
#1 /var/www/html/mymisdiagnosis/system/View/View.php(220): include('/var/www/html/m...')
#2 /var/www/html/mymisdiagnosis/system/View/View.php(222): CodeIgniter\View\View->CodeIgniter\View\{closure}()
#3 /var/www/html/mymisdiagnosis/system/Common.php(1217): CodeIgniter\View\View->render('auth_internetic...', Array, true)
#4 /var/www/html/mymisdiagnosis/app/Views/auth_internetics/template.php(3): view('auth_internetic...')
#5 /var/www/html/mymisdiagnosis/system/View/View.php(220): include('/var/www/html/m...')
#6 /var/www/html/mymisdiagnosis/system/View/View.php(222): CodeIgniter\View\View->CodeIgniter\View\{closure}()
#7 /var/www/html/mymisdiagnosis/system/Common.php(1217): CodeIgniter\View\View->render('auth_internetic...', Array, true)
#8 /var/www/html/mymisdiagnosis/app/Controllers/Auth.php(163): view('auth_internetic...', Array)
#9 /var/www/html/mymisdiagnosis/app/ThirdParty/IonAuth/Controllers/Auth.php(793): App\Controllers\Auth->renderPage('IonAuth\\Views\\a...', Array)
#10 /var/www/html/mymisdiagnosis/system/CodeIgniter.php(936): IonAuth\Controllers\Auth->edit_user(1)
#11 /var/www/html/mymisdiagnosis/system/CodeIgniter.php(432): CodeIgniter\CodeIgniter->runController(Object(App\Controllers\Auth))
#12 /var/www/html/mymisdiagnosis/system/CodeIgniter.php(333): CodeIgniter\CodeIgniter->handleRequest(NULL, Object(Config\Cache), false)
#13 /var/www/html/mymisdiagnosis/index.php(44): CodeIgniter\CodeIgniter->run()
#14 {main}
INFO - 2021-12-17 16:17:17 --> Session: Class initialized using 'CodeIgniter\Session\Handlers\FileHandler' driver.
WARNING - 2021-12-17 16:17:17 --> Session: Sessions is enabled, and one exists.Please don't $session->start();
CRITICAL - 2021-12-17 16:17:17 --> Undefined variable: meta_description
#0 /var/www/html/mymisdiagnosis/app/Views/auth_internetics/header.php(28): CodeIgniter\Debug\Exceptions->errorHandler(8, 'Undefined varia...', '/var/www/html/m...', 28, Array)
#1 /var/www/html/mymisdiagnosis/system/View/View.php(220): include('/var/www/html/m...')
#2 /var/www/html/mymisdiagnosis/system/View/View.php(222): CodeIgniter\View\View->CodeIgniter\View\{closure}()
#3 /var/www/html/mymisdiagnosis/system/Common.php(1217): CodeIgniter\View\View->render('auth_internetic...', Array, true)
#4 /var/www/html/mymisdiagnosis/app/Controllers/Post.php(62): view('auth_internetic...', Array)
#5 /var/www/html/mymisdiagnosis/system/CodeIgniter.php(936): App\Controllers\Post->index('$1')
#6 /var/www/html/mymisdiagnosis/system/CodeIgniter.php(432): CodeIgniter\CodeIgniter->runController(Object(App\Controllers\Post))
#7 /var/www/html/mymisdiagnosis/system/CodeIgniter.php(333): CodeIgniter\CodeIgniter->handleRequest(NULL, Object(Config\Cache), false)
#8 /var/www/html/mymisdiagnosis/index.php(44): CodeIgniter\CodeIgniter->run()
#9 {main}
INFO - 2021-12-17 16:17:20 --> Session: Class initialized using 'CodeIgniter\Session\Handlers\FileHandler' driver.
WARNING - 2021-12-17 16:17:20 --> Session: Sessions is enabled, and one exists.Please don't $session->start();
CRITICAL - 2021-12-17 16:17:20 --> Undefined variable: meta_description
#0 /var/www/html/mymisdiagnosis/app/Views/auth_internetics/header.php(28): CodeIgniter\Debug\Exceptions->errorHandler(8, 'Undefined varia...', '/var/www/html/m...', 28, Array)
#1 /var/www/html/mymisdiagnosis/system/View/View.php(220): include('/var/www/html/m...')
#2 /var/www/html/mymisdiagnosis/system/View/View.php(222): CodeIgniter\View\View->CodeIgniter\View\{closure}()
#3 /var/www/html/mymisdiagnosis/system/Common.php(1217): CodeIgniter\View\View->render('auth_internetic...', Array, true)
#4 /var/www/html/mymisdiagnosis/app/Controllers/Post.php(62): view('auth_internetic...', Array)
#5 /var/www/html/mymisdiagnosis/system/CodeIgniter.php(936): App\Controllers\Post->index('$1')
#6 /var/www/html/mymisdiagnosis/system/CodeIgniter.php(432): CodeIgniter\CodeIgniter->runController(Object(App\Controllers\Post))
#7 /var/www/html/mymisdiagnosis/system/CodeIgniter.php(333): CodeIgniter\CodeIgniter->handleRequest(NULL, Object(Config\Cache), false)
#8 /var/www/html/mymisdiagnosis/index.php(44): CodeIgniter\CodeIgniter->run()
#9 {main}
INFO - 2021-12-17 16:18:18 --> Session: Class initialized using 'CodeIgniter\Session\Handlers\FileHandler' driver.
WARNING - 2021-12-17 16:18:18 --> Session: Sessions is enabled, and one exists.Please don't $session->start();
INFO - 2021-12-17 16:18:50 --> Session: Class initialized using 'CodeIgniter\Session\Handlers\FileHandler' driver.
WARNING - 2021-12-17 16:18:50 --> Session: Sessions is enabled, and one exists.Please don't $session->start();
INFO - 2021-12-17 16:18:53 --> Session: Class initialized using 'CodeIgniter\Session\Handlers\FileHandler' driver.
WARNING - 2021-12-17 16:18:53 --> Session: Sessions is enabled, and one exists.Please don't $session->start();
INFO - 2021-12-17 16:18:59 --> Session: Class initialized using 'CodeIgniter\Session\Handlers\FileHandler' driver.
CRITICAL - 2021-12-17 16:18:59 --> Undefined variable: meta_title
#0 /var/www/html/mymisdiagnosis/app/Views/auth_internetics/header.php(7): CodeIgniter\Debug\Exceptions->errorHandler(8, 'Undefined varia...', '/var/www/html/m...', 7, Array)
#1 /var/www/html/mymisdiagnosis/system/View/View.php(220): include('/var/www/html/m...')
#2 /var/www/html/mymisdiagnosis/system/View/View.php(222): CodeIgniter\View\View->CodeIgniter\View\{closure}()
#3 /var/www/html/mymisdiagnosis/system/Common.php(1217): CodeIgniter\View\View->render('auth_internetic...', Array, true)
#4 /var/www/html/mymisdiagnosis/app/Views/auth_internetics/template.php(3): view('auth_internetic...')
#5 /var/www/html/mymisdiagnosis/system/View/View.php(220): include('/var/www/html/m...')
#6 /var/www/html/mymisdiagnosis/system/View/View.php(222): CodeIgniter\View\View->CodeIgniter\View\{closure}()
#7 /var/www/html/mymisdiagnosis/system/Common.php(1217): CodeIgniter\View\View->render('auth_internetic...', Array, true)
#8 /var/www/html/mymisdiagnosis/app/Controllers/Auth.php(163): view('auth_internetic...', Array)
#9 /var/www/html/mymisdiagnosis/app/ThirdParty/IonAuth/Controllers/Auth.php(793): App\Controllers\Auth->renderPage('IonAuth\\Views\\a...', Array)
#10 /var/www/html/mymisdiagnosis/system/CodeIgniter.php(936): IonAuth\Controllers\Auth->edit_user(1)
#11 /var/www/html/mymisdiagnosis/system/CodeIgniter.php(432): CodeIgniter\CodeIgniter->runController(Object(App\Controllers\Auth))
#12 /var/www/html/mymisdiagnosis/system/CodeIgniter.php(333): CodeIgniter\CodeIgniter->handleRequest(NULL, Object(Config\Cache), false)
#13 /var/www/html/mymisdiagnosis/index.php(44): CodeIgniter\CodeIgniter->run()
#14 {main}
INFO - 2021-12-17 16:21:03 --> Session: Class initialized using 'CodeIgniter\Session\Handlers\FileHandler' driver.
CRITICAL - 2021-12-17 16:21:03 --> Undefined variable: meta_title
#0 /var/www/html/mymisdiagnosis/app/Views/auth_internetics/header.php(7): CodeIgniter\Debug\Exceptions->errorHandler(8, 'Undefined varia...', '/var/www/html/m...', 7, Array)
#1 /var/www/html/mymisdiagnosis/system/View/View.php(220): include('/var/www/html/m...')
#2 /var/www/html/mymisdiagnosis/system/View/View.php(222): CodeIgniter\View\View->CodeIgniter\View\{closure}()
#3 /var/www/html/mymisdiagnosis/system/Common.php(1217): CodeIgniter\View\View->render('auth_internetic...', Array, true)
#4 /var/www/html/mymisdiagnosis/app/Views/auth_internetics/template.php(3): view('auth_internetic...')
#5 /var/www/html/mymisdiagnosis/system/View/View.php(220): include('/var/www/html/m...')
#6 /var/www/html/mymisdiagnosis/system/View/View.php(222): CodeIgniter\View\View->CodeIgniter\View\{closure}()
#7 /var/www/html/mymisdiagnosis/system/Common.php(1217): CodeIgniter\View\View->render('auth_internetic...', Array, true)
#8 /var/www/html/mymisdiagnosis/app/Controllers/Auth.php(163): view('auth_internetic...', Array)
#9 /var/www/html/mymisdiagnosis/app/ThirdParty/IonAuth/Controllers/Auth.php(793): App\Controllers\Auth->renderPage('IonAuth\\Views\\a...', Array)
#10 /var/www/html/mymisdiagnosis/system/CodeIgniter.php(936): IonAuth\Controllers\Auth->edit_user(1)
#11 /var/www/html/mymisdiagnosis/system/CodeIgniter.php(432): CodeIgniter\CodeIgniter->runController(Object(App\Controllers\Auth))
#12 /var/www/html/mymisdiagnosis/system/CodeIgniter.php(333): CodeIgniter\CodeIgniter->handleRequest(NULL, Object(Config\Cache), false)
#13 /var/www/html/mymisdiagnosis/index.php(44): CodeIgniter\CodeIgniter->run()
#14 {main}
INFO - 2021-12-17 16:21:27 --> Session: Class initialized using 'CodeIgniter\Session\Handlers\FileHandler' driver.
CRITICAL - 2021-12-17 16:21:27 --> Undefined variable: meta_title
#0 /var/www/html/mymisdiagnosis/app/Views/auth_internetics/header.php(7): CodeIgniter\Debug\Exceptions->errorHandler(8, 'Undefined varia...', '/var/www/html/m...', 7, Array)
#1 /var/www/html/mymisdiagnosis/system/View/View.php(220): include('/var/www/html/m...')
#2 /var/www/html/mymisdiagnosis/system/View/View.php(222): CodeIgniter\View\View->CodeIgniter\View\{closure}()
#3 /var/www/html/mymisdiagnosis/system/Common.php(1217): CodeIgniter\View\View->render('auth_internetic...', Array, true)
#4 /var/www/html/mymisdiagnosis/app/Views/auth_internetics/template.php(3): view('auth_internetic...')
#5 /var/www/html/mymisdiagnosis/system/View/View.php(220): include('/var/www/html/m...')
#6 /var/www/html/mymisdiagnosis/system/View/View.php(222): CodeIgniter\View\View->CodeIgniter\View\{closure}()
#7 /var/www/html/mymisdiagnosis/system/Common.php(1217): CodeIgniter\View\View->render('auth_internetic...', Array, true)
#8 /var/www/html/mymisdiagnosis/app/Controllers/Auth.php(163): view('auth_internetic...', Array)
#9 /var/www/html/mymisdiagnosis/app/ThirdParty/IonAuth/Controllers/Auth.php(793): App\Controllers\Auth->renderPage('IonAuth\\Views\\a...', Array)
#10 /var/www/html/mymisdiagnosis/system/CodeIgniter.php(936): IonAuth\Controllers\Auth->edit_user(1)
#11 /var/www/html/mymisdiagnosis/system/CodeIgniter.php(432): CodeIgniter\CodeIgniter->runController(Object(App\Controllers\Auth))
#12 /var/www/html/mymisdiagnosis/system/CodeIgniter.php(333): CodeIgniter\CodeIgniter->handleRequest(NULL, Object(Config\Cache), false)
#13 /var/www/html/mymisdiagnosis/index.php(44): CodeIgniter\CodeIgniter->run()
#14 {main}
INFO - 2021-12-17 16:21:31 --> Session: Class initialized using 'CodeIgniter\Session\Handlers\FileHandler' driver.
INFO - 2021-12-17 16:22:18 --> Session: Class initialized using 'CodeIgniter\Session\Handlers\FileHandler' driver.
INFO - 2021-12-17 16:22:22 --> Session: Class initialized using 'CodeIgniter\Session\Handlers\FileHandler' driver.
INFO - 2021-12-17 16:22:22 --> Session: Class initialized using 'CodeIgniter\Session\Handlers\FileHandler' driver.
INFO - 2021-12-17 16:22:27 --> Session: Class initialized using 'CodeIgniter\Session\Handlers\FileHandler' driver.
INFO - 2021-12-17 16:22:51 --> Session: Class initialized using 'CodeIgniter\Session\Handlers\FileHandler' driver.
INFO - 2021-12-17 16:23:01 --> Session: Class initialized using 'CodeIgniter\Session\Handlers\FileHandler' driver.
INFO - 2021-12-17 16:23:10 --> Session: Class initialized using 'CodeIgniter\Session\Handlers\FileHandler' driver.
INFO - 2021-12-17 16:23:59 --> Session: Class initialized using 'CodeIgniter\Session\Handlers\FileHandler' driver.
INFO - 2021-12-17 16:24:01 --> Session: Class initialized using 'CodeIgniter\Session\Handlers\FileHandler' driver.
WARNING - 2021-12-17 16:24:01 --> Session: Sessions is enabled, and one exists.Please don't $session->start();
INFO - 2021-12-17 16:24:02 --> Session: Class initialized using 'CodeIgniter\Session\Handlers\FileHandler' driver.
INFO - 2021-12-17 16:24:04 --> Session: Class initialized using 'CodeIgniter\Session\Handlers\FileHandler' driver.
INFO - 2021-12-17 16:24:08 --> Session: Class initialized using 'CodeIgniter\Session\Handlers\FileHandler' driver.
INFO - 2021-12-17 16:24:08 --> Session: Class initialized using 'CodeIgniter\Session\Handlers\FileHandler' driver.
INFO - 2021-12-17 16:24:09 --> Session: Class initialized using 'CodeIgniter\Session\Handlers\FileHandler' driver.
INFO - 2021-12-17 16:24:11 --> Session: Class initialized using 'CodeIgniter\Session\Handlers\FileHandler' driver.
INFO - 2021-12-17 16:24:14 --> Session: Class initialized using 'CodeIgniter\Session\Handlers\FileHandler' driver.
INFO - 2021-12-17 16:24:14 --> Session: Class initialized using 'CodeIgniter\Session\Handlers\FileHandler' driver.
INFO - 2021-12-17 16:24:16 --> Session: Class initialized using 'CodeIgniter\Session\Handlers\FileHandler' driver.
INFO - 2021-12-17 16:24:16 --> Session: Class initialized using 'CodeIgniter\Session\Handlers\FileHandler' driver.
INFO - 2021-12-17 16:24:16 --> Session: Class initialized using 'CodeIgniter\Session\Handlers\FileHandler' driver.
INFO - 2021-12-17 16:24:17 --> Session: Class initialized using 'CodeIgniter\Session\Handlers\FileHandler' driver.
WARNING - 2021-12-17 16:24:17 --> Session: Sessions is enabled, and one exists.Please don't $session->start();
INFO - 2021-12-17 16:24:19 --> Session: Class initialized using 'CodeIgniter\Session\Handlers\FileHandler' driver.
WARNING - 2021-12-17 16:24:19 --> Session: Sessions is enabled, and one exists.Please don't $session->start();
INFO - 2021-12-17 16:24:31 --> Session: Class initialized using 'CodeIgniter\Session\Handlers\FileHandler' driver.
INFO - 2021-12-17 16:41:54 --> Session: Class initialized using 'CodeIgniter\Session\Handlers\FileHandler' driver.
INFO - 2021-12-17 16:41:59 --> Session: Class initialized using 'CodeIgniter\Session\Handlers\FileHandler' driver.
INFO - 2021-12-17 16:42:00 --> Session: Class initialized using 'CodeIgniter\Session\Handlers\FileHandler' driver.
WARNING - 2021-12-17 16:42:00 --> Session: Sessions is enabled, and one exists.Please don't $session->start();
INFO - 2021-12-17 16:42:04 --> Session: Class initialized using 'CodeIgniter\Session\Handlers\FileHandler' driver.
WARNING - 2021-12-17 16:42:04 --> Session: Sessions is enabled, and one exists.Please don't $session->start();
INFO - 2021-12-17 16:42:07 --> Session: Class initialized using 'CodeIgniter\Session\Handlers\FileHandler' driver.
INFO - 2021-12-17 16:42:18 --> Session: Class initialized using 'CodeIgniter\Session\Handlers\FileHandler' driver.
INFO - 2021-12-17 16:42:19 --> Session: Class initialized using 'CodeIgniter\Session\Handlers\FileHandler' driver.
INFO - 2021-12-17 16:42:20 --> Session: Class initialized using 'CodeIgniter\Session\Handlers\FileHandler' driver.
INFO - 2021-12-17 16:42:21 --> Session: Class initialized using 'CodeIgniter\Session\Handlers\FileHandler' driver.
INFO - 2021-12-17 16:42:21 --> Session: Class initialized using 'CodeIgniter\Session\Handlers\FileHandler' driver.
INFO - 2021-12-17 16:42:22 --> Session: Class initialized using 'CodeIgniter\Session\Handlers\FileHandler' driver.
INFO - 2021-12-17 16:42:22 --> Session: Class initialized using 'CodeIgniter\Session\Handlers\FileHandler' driver.
INFO - 2021-12-17 16:42:23 --> Session: Class initialized using 'CodeIgniter\Session\Handlers\FileHandler' driver.
INFO - 2021-12-17 16:42:25 --> Session: Class initialized using 'CodeIgniter\Session\Handlers\FileHandler' driver.
WARNING - 2021-12-17 16:42:25 --> Session: Sessions is enabled, and one exists.Please don't $session->start();
INFO - 2021-12-17 16:42:27 --> Session: Class initialized using 'CodeIgniter\Session\Handlers\FileHandler' driver.
WARNING - 2021-12-17 16:42:27 --> Session: Sessions is enabled, and one exists.Please don't $session->start();
INFO - 2021-12-17 16:42:28 --> Session: Class initialized using 'CodeIgniter\Session\Handlers\FileHandler' driver.
INFO - 2021-12-17 16:42:54 --> Session: Class initialized using 'CodeIgniter\Session\Handlers\FileHandler' driver.
INFO - 2021-12-17 16:43:09 --> Session: Class initialized using 'CodeIgniter\Session\Handlers\FileHandler' driver.
INFO - 2021-12-17 16:43:09 --> Session: Class initialized using 'CodeIgniter\Session\Handlers\FileHandler' driver.
INFO - 2021-12-17 16:43:09 --> Session: Class initialized using 'CodeIgniter\Session\Handlers\FileHandler' driver.
INFO - 2021-12-17 16:43:13 --> Session: Class initialized using 'CodeIgniter\Session\Handlers\FileHandler' driver.
WARNING - 2021-12-17 16:43:13 --> Session: Sessions is enabled, and one exists.Please don't $session->start();
CRITICAL - 2021-12-17 16:46:01 --> Undefined variable: individualPost
#0 /var/www/html/mymisdiagnosis/app/Controllers/Home.php(20): CodeIgniter\Debug\Exceptions->errorHandler(8, 'Undefined varia...', '/var/www/html/m...', 20, Array)
#1 /var/www/html/mymisdiagnosis/system/CodeIgniter.php(936): App\Controllers\Home->index()
#2 /var/www/html/mymisdiagnosis/system/CodeIgniter.php(432): CodeIgniter\CodeIgniter->runController(Object(App\Controllers\Home))
#3 /var/www/html/mymisdiagnosis/system/CodeIgniter.php(333): CodeIgniter\CodeIgniter->handleRequest(NULL, Object(Config\Cache), false)
#4 /var/www/html/mymisdiagnosis/index.php(44): CodeIgniter\CodeIgniter->run()
#5 {main}
CRITICAL - 2021-12-17 16:47:55 --> Undefined variable: data
#0 /var/www/html/mymisdiagnosis/app/Controllers/Home.php(21): CodeIgniter\Debug\Exceptions->errorHandler(8, 'Undefined varia...', '/var/www/html/m...', 21, Array)
#1 /var/www/html/mymisdiagnosis/system/CodeIgniter.php(936): App\Controllers\Home->index()
#2 /var/www/html/mymisdiagnosis/system/CodeIgniter.php(432): CodeIgniter\CodeIgniter->runController(Object(App\Controllers\Home))
#3 /var/www/html/mymisdiagnosis/system/CodeIgniter.php(333): CodeIgniter\CodeIgniter->handleRequest(NULL, Object(Config\Cache), false)
#4 /var/www/html/mymisdiagnosis/index.php(44): CodeIgniter\CodeIgniter->run()
#5 {main}
INFO - 2021-12-17 16:49:17 --> Session: Class initialized using 'CodeIgniter\Session\Handlers\FileHandler' driver.
CRITICAL - 2021-12-17 16:49:17 --> Undefined variable: post
#0 /var/www/html/mymisdiagnosis/app/Views/home.php(42): CodeIgniter\Debug\Exceptions->errorHandler(8, 'Undefined varia...', '/var/www/html/m...', 42, Array)
#1 /var/www/html/mymisdiagnosis/system/View/View.php(220): include('/var/www/html/m...')
#2 /var/www/html/mymisdiagnosis/system/View/View.php(222): CodeIgniter\View\View->CodeIgniter\View\{closure}()
#3 /var/www/html/mymisdiagnosis/system/Common.php(1217): CodeIgniter\View\View->render('home', Array, true)
#4 /var/www/html/mymisdiagnosis/app/Controllers/Home.php(22): view('home', Array)
#5 /var/www/html/mymisdiagnosis/system/CodeIgniter.php(936): App\Controllers\Home->index()
#6 /var/www/html/mymisdiagnosis/system/CodeIgniter.php(432): CodeIgniter\CodeIgniter->runController(Object(App\Controllers\Home))
#7 /var/www/html/mymisdiagnosis/system/CodeIgniter.php(333): CodeIgniter\CodeIgniter->handleRequest(NULL, Object(Config\Cache), false)
#8 /var/www/html/mymisdiagnosis/index.php(44): CodeIgniter\CodeIgniter->run()
#9 {main}
CRITICAL - 2021-12-17 16:51:57 --> Undefined variable: data
#0 /var/www/html/mymisdiagnosis/app/Controllers/Home.php(21): CodeIgniter\Debug\Exceptions->errorHandler(8, 'Undefined varia...', '/var/www/html/m...', 21, Array)
#1 /var/www/html/mymisdiagnosis/system/CodeIgniter.php(936): App\Controllers\Home->index()
#2 /var/www/html/mymisdiagnosis/system/CodeIgniter.php(432): CodeIgniter\CodeIgniter->runController(Object(App\Controllers\Home))
#3 /var/www/html/mymisdiagnosis/system/CodeIgniter.php(333): CodeIgniter\CodeIgniter->handleRequest(NULL, Object(Config\Cache), false)
#4 /var/www/html/mymisdiagnosis/index.php(44): CodeIgniter\CodeIgniter->run()
#5 {main}
INFO - 2021-12-17 16:53:56 --> Session: Class initialized using 'CodeIgniter\Session\Handlers\FileHandler' driver.
CRITICAL - 2021-12-17 16:53:56 --> Undefined variable: post
#0 /var/www/html/mymisdiagnosis/app/Views/home.php(42): CodeIgniter\Debug\Exceptions->errorHandler(8, 'Undefined varia...', '/var/www/html/m...', 42, Array)
#1 /var/www/html/mymisdiagnosis/system/View/View.php(220): include('/var/www/html/m...')
#2 /var/www/html/mymisdiagnosis/system/View/View.php(222): CodeIgniter\View\View->CodeIgniter\View\{closure}()
#3 /var/www/html/mymisdiagnosis/system/Common.php(1217): CodeIgniter\View\View->render('home', Array, true)
#4 /var/www/html/mymisdiagnosis/app/Controllers/Home.php(22): view('home', Array)
#5 /var/www/html/mymisdiagnosis/system/CodeIgniter.php(936): App\Controllers\Home->index()
#6 /var/www/html/mymisdiagnosis/system/CodeIgniter.php(432): CodeIgniter\CodeIgniter->runController(Object(App\Controllers\Home))
#7 /var/www/html/mymisdiagnosis/system/CodeIgniter.php(333): CodeIgniter\CodeIgniter->handleRequest(NULL, Object(Config\Cache), false)
#8 /var/www/html/mymisdiagnosis/index.php(44): CodeIgniter\CodeIgniter->run()
#9 {main}
INFO - 2021-12-17 16:54:36 --> Session: Class initialized using 'CodeIgniter\Session\Handlers\FileHandler' driver.
CRITICAL - 2021-12-17 16:54:36 --> Undefined variable: post
#0 /var/www/html/mymisdiagnosis/app/Views/home.php(42): CodeIgniter\Debug\Exceptions->errorHandler(8, 'Undefined varia...', '/var/www/html/m...', 42, Array)
#1 /var/www/html/mymisdiagnosis/system/View/View.php(220): include('/var/www/html/m...')
#2 /var/www/html/mymisdiagnosis/system/View/View.php(222): CodeIgniter\View\View->CodeIgniter\View\{closure}()
#3 /var/www/html/mymisdiagnosis/system/Common.php(1217): CodeIgniter\View\View->render('home', Array, true)
#4 /var/www/html/mymisdiagnosis/app/Controllers/Home.php(22): view('home', Array)
#5 /var/www/html/mymisdiagnosis/system/CodeIgniter.php(936): App\Controllers\Home->index()
#6 /var/www/html/mymisdiagnosis/system/CodeIgniter.php(432): CodeIgniter\CodeIgniter->runController(Object(App\Controllers\Home))
#7 /var/www/html/mymisdiagnosis/system/CodeIgniter.php(333): CodeIgniter\CodeIgniter->handleRequest(NULL, Object(Config\Cache), false)
#8 /var/www/html/mymisdiagnosis/index.php(44): CodeIgniter\CodeIgniter->run()
#9 {main}
INFO - 2021-12-17 16:55:01 --> Session: Class initialized using 'CodeIgniter\Session\Handlers\FileHandler' driver.
CRITICAL - 2021-12-17 16:55:01 --> Undefined variable: value
#0 /var/www/html/mymisdiagnosis/app/Views/home.php(42): CodeIgniter\Debug\Exceptions->errorHandler(8, 'Undefined varia...', '/var/www/html/m...', 42, Array)
#1 /var/www/html/mymisdiagnosis/system/View/View.php(220): include('/var/www/html/m...')
#2 /var/www/html/mymisdiagnosis/system/View/View.php(222): CodeIgniter\View\View->CodeIgniter\View\{closure}()
#3 /var/www/html/mymisdiagnosis/system/Common.php(1217): CodeIgniter\View\View->render('home', Array, true)
#4 /var/www/html/mymisdiagnosis/app/Controllers/Home.php(22): view('home', Array)
#5 /var/www/html/mymisdiagnosis/system/CodeIgniter.php(936): App\Controllers\Home->index()
#6 /var/www/html/mymisdiagnosis/system/CodeIgniter.php(432): CodeIgniter\CodeIgniter->runController(Object(App\Controllers\Home))
#7 /var/www/html/mymisdiagnosis/system/CodeIgniter.php(333): CodeIgniter\CodeIgniter->handleRequest(NULL, Object(Config\Cache), false)
#8 /var/www/html/mymisdiagnosis/index.php(44): CodeIgniter\CodeIgniter->run()
#9 {main}
INFO - 2021-12-17 16:56:57 --> Session: Class initialized using 'CodeIgniter\Session\Handlers\FileHandler' driver.
CRITICAL - 2021-12-17 16:56:57 --> Undefined variable: post_title
#0 /var/www/html/mymisdiagnosis/app/Views/home.php(42): CodeIgniter\Debug\Exceptions->errorHandler(8, 'Undefined varia...', '/var/www/html/m...', 42, Array)
#1 /var/www/html/mymisdiagnosis/system/View/View.php(220): include('/var/www/html/m...')
#2 /var/www/html/mymisdiagnosis/system/View/View.php(222): CodeIgniter\View\View->CodeIgniter\View\{closure}()
#3 /var/www/html/mymisdiagnosis/system/Common.php(1217): CodeIgniter\View\View->render('home', Array, true)
#4 /var/www/html/mymisdiagnosis/app/Controllers/Home.php(22): view('home', Array)
#5 /var/www/html/mymisdiagnosis/system/CodeIgniter.php(936): App\Controllers\Home->index()
#6 /var/www/html/mymisdiagnosis/system/CodeIgniter.php(432): CodeIgniter\CodeIgniter->runController(Object(App\Controllers\Home))
#7 /var/www/html/mymisdiagnosis/system/CodeIgniter.php(333): CodeIgniter\CodeIgniter->handleRequest(NULL, Object(Config\Cache), false)
#8 /var/www/html/mymisdiagnosis/index.php(44): CodeIgniter\CodeIgniter->run()
#9 {main}
INFO - 2021-12-17 17:00:01 --> Session: Class initialized using 'CodeIgniter\Session\Handlers\FileHandler' driver.
CRITICAL - 2021-12-17 17:00:01 --> Undefined variable: post
#0 /var/www/html/mymisdiagnosis/app/Views/home.php(45): CodeIgniter\Debug\Exceptions->errorHandler(8, 'Undefined varia...', '/var/www/html/m...', 45, Array)
#1 /var/www/html/mymisdiagnosis/system/View/View.php(220): include('/var/www/html/m...')
#2 /var/www/html/mymisdiagnosis/system/View/View.php(222): CodeIgniter\View\View->CodeIgniter\View\{closure}()
#3 /var/www/html/mymisdiagnosis/system/Common.php(1217): CodeIgniter\View\View->render('home', Array, true)
#4 /var/www/html/mymisdiagnosis/app/Controllers/Home.php(22): view('home', Array)
#5 /var/www/html/mymisdiagnosis/system/CodeIgniter.php(936): App\Controllers\Home->index()
#6 /var/www/html/mymisdiagnosis/system/CodeIgniter.php(432): CodeIgniter\CodeIgniter->runController(Object(App\Controllers\Home))
#7 /var/www/html/mymisdiagnosis/system/CodeIgniter.php(333): CodeIgniter\CodeIgniter->handleRequest(NULL, Object(Config\Cache), false)
#8 /var/www/html/mymisdiagnosis/index.php(44): CodeIgniter\CodeIgniter->run()
#9 {main}
INFO - 2021-12-17 17:00:31 --> Session: Class initialized using 'CodeIgniter\Session\Handlers\FileHandler' driver.
CRITICAL - 2021-12-17 17:00:31 --> Undefined variable: post_image
#0 /var/www/html/mymisdiagnosis/app/Views/home.php(45): CodeIgniter\Debug\Exceptions->errorHandler(8, 'Undefined varia...', '/var/www/html/m...', 45, Array)
#1 /var/www/html/mymisdiagnosis/system/View/View.php(220): include('/var/www/html/m...')
#2 /var/www/html/mymisdiagnosis/system/View/View.php(222): CodeIgniter\View\View->CodeIgniter\View\{closure}()
#3 /var/www/html/mymisdiagnosis/system/Common.php(1217): CodeIgniter\View\View->render('home', Array, true)
#4 /var/www/html/mymisdiagnosis/app/Controllers/Home.php(22): view('home', Array)
#5 /var/www/html/mymisdiagnosis/system/CodeIgniter.php(936): App\Controllers\Home->index()
#6 /var/www/html/mymisdiagnosis/system/CodeIgniter.php(432): CodeIgniter\CodeIgniter->runController(Object(App\Controllers\Home))
#7 /var/www/html/mymisdiagnosis/system/CodeIgniter.php(333): CodeIgniter\CodeIgniter->handleRequest(NULL, Object(Config\Cache), false)
#8 /var/www/html/mymisdiagnosis/index.php(44): CodeIgniter\CodeIgniter->run()
#9 {main}
INFO - 2021-12-17 17:01:15 --> Session: Class initialized using 'CodeIgniter\Session\Handlers\FileHandler' driver.
CRITICAL - 2021-12-17 17:01:15 --> Undefined variable: post
#0 /var/www/html/mymisdiagnosis/app/Views/home.php(47): CodeIgniter\Debug\Exceptions->errorHandler(8, 'Undefined varia...', '/var/www/html/m...', 47, Array)
#1 /var/www/html/mymisdiagnosis/system/View/View.php(220): include('/var/www/html/m...')
#2 /var/www/html/mymisdiagnosis/system/View/View.php(222): CodeIgniter\View\View->CodeIgniter\View\{closure}()
#3 /var/www/html/mymisdiagnosis/system/Common.php(1217): CodeIgniter\View\View->render('home', Array, true)
#4 /var/www/html/mymisdiagnosis/app/Controllers/Home.php(23): view('home', Array)
#5 /var/www/html/mymisdiagnosis/system/CodeIgniter.php(936): App\Controllers\Home->index()
#6 /var/www/html/mymisdiagnosis/system/CodeIgniter.php(432): CodeIgniter\CodeIgniter->runController(Object(App\Controllers\Home))
#7 /var/www/html/mymisdiagnosis/system/CodeIgniter.php(333): CodeIgniter\CodeIgniter->handleRequest(NULL, Object(Config\Cache), false)
#8 /var/www/html/mymisdiagnosis/index.php(44): CodeIgniter\CodeIgniter->run()
#9 {main}
INFO - 2021-12-17 17:02:02 --> Session: Class initialized using 'CodeIgniter\Session\Handlers\FileHandler' driver.
CRITICAL - 2021-12-17 17:02:03 --> Undefined variable: post_user_id
#0 /var/www/html/mymisdiagnosis/app/Views/home.php(54): CodeIgniter\Debug\Exceptions->errorHandler(8, 'Undefined varia...', '/var/www/html/m...', 54, Array)
#1 /var/www/html/mymisdiagnosis/system/View/View.php(220): include('/var/www/html/m...')
#2 /var/www/html/mymisdiagnosis/system/View/View.php(222): CodeIgniter\View\View->CodeIgniter\View\{closure}()
#3 /var/www/html/mymisdiagnosis/system/Common.php(1217): CodeIgniter\View\View->render('home', Array, true)
#4 /var/www/html/mymisdiagnosis/app/Controllers/Home.php(23): view('home', Array)
#5 /var/www/html/mymisdiagnosis/system/CodeIgniter.php(936): App\Controllers\Home->index()
#6 /var/www/html/mymisdiagnosis/system/CodeIgniter.php(432): CodeIgniter\CodeIgniter->runController(Object(App\Controllers\Home))
#7 /var/www/html/mymisdiagnosis/system/CodeIgniter.php(333): CodeIgniter\CodeIgniter->handleRequest(NULL, Object(Config\Cache), false)
#8 /var/www/html/mymisdiagnosis/index.php(44): CodeIgniter\CodeIgniter->run()
#9 {main}
INFO - 2021-12-17 17:02:21 --> Session: Class initialized using 'CodeIgniter\Session\Handlers\FileHandler' driver.
INFO - 2021-12-17 17:03:02 --> Session: Class initialized using 'CodeIgniter\Session\Handlers\FileHandler' driver.
INFO - 2021-12-17 17:03:47 --> Session: Class initialized using 'CodeIgniter\Session\Handlers\FileHandler' driver.
INFO - 2021-12-17 17:05:05 --> Session: Class initialized using 'CodeIgniter\Session\Handlers\FileHandler' driver.
INFO - 2021-12-17 17:05:27 --> Session: Class initialized using 'CodeIgniter\Session\Handlers\FileHandler' driver.
INFO - 2021-12-17 17:08:14 --> Session: Class initialized using 'CodeIgniter\Session\Handlers\FileHandler' driver.
INFO - 2021-12-17 17:09:56 --> Session: Class initialized using 'CodeIgniter\Session\Handlers\FileHandler' driver.
INFO - 2021-12-17 17:10:19 --> Session: Class initialized using 'CodeIgniter\Session\Handlers\FileHandler' driver.
INFO - 2021-12-17 17:11:24 --> Session: Class initialized using 'CodeIgniter\Session\Handlers\FileHandler' driver.
INFO - 2021-12-17 17:12:06 --> Session: Class initialized using 'CodeIgniter\Session\Handlers\FileHandler' driver.
WARNING - 2021-12-17 17:12:06 --> Session: Sessions is enabled, and one exists.Please don't $session->start();
INFO - 2021-12-17 17:12:08 --> Session: Class initialized using 'CodeIgniter\Session\Handlers\FileHandler' driver.
INFO - 2021-12-17 17:12:09 --> Session: Class initialized using 'CodeIgniter\Session\Handlers\FileHandler' driver.
INFO - 2021-12-17 17:12:10 --> Session: Class initialized using 'CodeIgniter\Session\Handlers\FileHandler' driver.
INFO - 2021-12-17 17:12:16 --> Session: Class initialized using 'CodeIgniter\Session\Handlers\FileHandler' driver.
INFO - 2021-12-17 17:12:16 --> Session: Class initialized using 'CodeIgniter\Session\Handlers\FileHandler' driver.
INFO - 2021-12-17 17:12:17 --> Session: Class initialized using 'CodeIgniter\Session\Handlers\FileHandler' driver.
INFO - 2021-12-17 17:12:20 --> Session: Class initialized using 'CodeIgniter\Session\Handlers\FileHandler' driver.
INFO - 2021-12-17 17:12:20 --> Session: Class initialized using 'CodeIgniter\Session\Handlers\FileHandler' driver.
INFO - 2021-12-17 17:12:23 --> Session: Class initialized using 'CodeIgniter\Session\Handlers\FileHandler' driver.
WARNING - 2021-12-17 17:12:23 --> Session: Sessions is enabled, and one exists.Please don't $session->start();
INFO - 2021-12-17 17:12:25 --> Session: Class initialized using 'CodeIgniter\Session\Handlers\FileHandler' driver.
WARNING - 2021-12-17 17:12:25 --> Session: Sessions is enabled, and one exists.Please don't $session->start();
INFO - 2021-12-17 17:12:31 --> Session: Class initialized using 'CodeIgniter\Session\Handlers\FileHandler' driver.
INFO - 2021-12-17 17:13:53 --> Session: Class initialized using 'CodeIgniter\Session\Handlers\FileHandler' driver.
INFO - 2021-12-17 17:14:47 --> Session: Class initialized using 'CodeIgniter\Session\Handlers\FileHandler' driver.
INFO - 2021-12-17 17:15:20 --> Session: Class initialized using 'CodeIgniter\Session\Handlers\FileHandler' driver.
INFO - 2021-12-17 17:15:22 --> Session: Class initialized using 'CodeIgniter\Session\Handlers\FileHandler' driver.
WARNING - 2021-12-17 17:15:22 --> Session: Sessions is enabled, and one exists.Please don't $session->start();
INFO - 2021-12-17 17:15:24 --> Session: Class initialized using 'CodeIgniter\Session\Handlers\FileHandler' driver.
WARNING - 2021-12-17 17:15:24 --> Session: Sessions is enabled, and one exists.Please don't $session->start();
INFO - 2021-12-17 17:15:30 --> Session: Class initialized using 'CodeIgniter\Session\Handlers\FileHandler' driver.
WARNING - 2021-12-17 17:15:30 --> Session: Sessions is enabled, and one exists.Please don't $session->start();
INFO - 2021-12-17 17:15:33 --> Session: Class initialized using 'CodeIgniter\Session\Handlers\FileHandler' driver.
WARNING - 2021-12-17 17:15:33 --> Session: Sessions is enabled, and one exists.Please don't $session->start();
INFO - 2021-12-17 17:15:34 --> Session: Class initialized using 'CodeIgniter\Session\Handlers\FileHandler' driver.
INFO - 2021-12-17 17:17:13 --> Session: Class initialized using 'CodeIgniter\Session\Handlers\FileHandler' driver.
INFO - 2021-12-17 17:17:43 --> Session: Class initialized using 'CodeIgniter\Session\Handlers\FileHandler' driver.
INFO - 2021-12-17 17:18:07 --> Session: Class initialized using 'CodeIgniter\Session\Handlers\FileHandler' driver.
INFO - 2021-12-17 17:18:40 --> Session: Class initialized using 'CodeIgniter\Session\Handlers\FileHandler' driver.
INFO - 2021-12-17 17:19:25 --> Session: Class initialized using 'CodeIgniter\Session\Handlers\FileHandler' driver.
INFO - 2021-12-17 17:20:31 --> Session: Class initialized using 'CodeIgniter\Session\Handlers\FileHandler' driver.
INFO - 2021-12-17 17:21:09 --> Session: Class initialized using 'CodeIgniter\Session\Handlers\FileHandler' driver.
INFO - 2021-12-17 17:21:19 --> Session: Class initialized using 'CodeIgniter\Session\Handlers\FileHandler' driver.
INFO - 2021-12-17 17:21:22 --> Session: Class initialized using 'CodeIgniter\Session\Handlers\FileHandler' driver.
WARNING - 2021-12-17 17:21:22 --> Session: Sessions is enabled, and one exists.Please don't $session->start();
INFO - 2021-12-17 17:21:24 --> Session: Class initialized using 'CodeIgniter\Session\Handlers\FileHandler' driver.
WARNING - 2021-12-17 17:21:24 --> Session: Sessions is enabled, and one exists.Please don't $session->start();
INFO - 2021-12-17 17:21:26 --> Session: Class initialized using 'CodeIgniter\Session\Handlers\FileHandler' driver.
WARNING - 2021-12-17 17:21:26 --> Session: Sessions is enabled, and one exists.Please don't $session->start();
INFO - 2021-12-17 17:21:27 --> Session: Class initialized using 'CodeIgniter\Session\Handlers\FileHandler' driver.
WARNING - 2021-12-17 17:21:27 --> Session: Sessions is enabled, and one exists.Please don't $session->start();
INFO - 2021-12-17 17:21:32 --> Session: Class initialized using 'CodeIgniter\Session\Handlers\FileHandler' driver.
WARNING - 2021-12-17 17:21:32 --> Session: Sessions is enabled, and one exists.Please don't $session->start();
INFO - 2021-12-17 17:21:34 --> Session: Class initialized using 'CodeIgniter\Session\Handlers\FileHandler' driver.
INFO - 2021-12-17 17:21:57 --> Session: Class initialized using 'CodeIgniter\Session\Handlers\FileHandler' driver.
INFO - 2021-12-17 17:22:27 --> Session: Class initialized using 'CodeIgniter\Session\Handlers\FileHandler' driver.
INFO - 2021-12-17 17:24:57 --> Session: Class initialized using 'CodeIgniter\Session\Handlers\FileHandler' driver.
INFO - 2021-12-17 17:24:57 --> Session: Class initialized using 'CodeIgniter\Session\Handlers\FileHandler' driver.
INFO - 2021-12-17 17:25:20 --> Session: Class initialized using 'CodeIgniter\Session\Handlers\FileHandler' driver.
INFO - 2021-12-17 17:25:51 --> Session: Class initialized using 'CodeIgniter\Session\Handlers\FileHandler' driver.
INFO - 2021-12-17 17:26:37 --> Session: Class initialized using 'CodeIgniter\Session\Handlers\FileHandler' driver.
INFO - 2021-12-17 17:27:53 --> Session: Class initialized using 'CodeIgniter\Session\Handlers\FileHandler' driver.
INFO - 2021-12-17 17:29:54 --> Session: Class initialized using 'CodeIgniter\Session\Handlers\FileHandler' driver.
INFO - 2021-12-17 17:29:59 --> Session: Class initialized using 'CodeIgniter\Session\Handlers\FileHandler' driver.
WARNING - 2021-12-17 17:29:59 --> Session: Sessions is enabled, and one exists.Please don't $session->start();
INFO - 2021-12-17 17:30:00 --> Session: Class initialized using 'CodeIgniter\Session\Handlers\FileHandler' driver.
WARNING - 2021-12-17 17:30:00 --> Session: Sessions is enabled, and one exists.Please don't $session->start();
INFO - 2021-12-17 17:30:03 --> Session: Class initialized using 'CodeIgniter\Session\Handlers\FileHandler' driver.
INFO - 2021-12-17 17:30:52 --> Session: Class initialized using 'CodeIgniter\Session\Handlers\FileHandler' driver.
INFO - 2021-12-17 17:32:01 --> Session: Class initialized using 'CodeIgniter\Session\Handlers\FileHandler' driver.
INFO - 2021-12-17 17:32:45 --> Session: Class initialized using 'CodeIgniter\Session\Handlers\FileHandler' driver.
INFO - 2021-12-17 17:34:14 --> Session: Class initialized using 'CodeIgniter\Session\Handlers\FileHandler' driver.
INFO - 2021-12-17 17:34:17 --> Session: Class initialized using 'CodeIgniter\Session\Handlers\FileHandler' driver.
WARNING - 2021-12-17 17:34:17 --> Session: Sessions is enabled, and one exists.Please don't $session->start();
INFO - 2021-12-17 17:34:18 --> Session: Class initialized using 'CodeIgniter\Session\Handlers\FileHandler' driver.
WARNING - 2021-12-17 17:34:18 --> Session: Sessions is enabled, and one exists.Please don't $session->start();
INFO - 2021-12-17 17:34:20 --> Session: Class initialized using 'CodeIgniter\Session\Handlers\FileHandler' driver.
INFO - 2021-12-17 17:34:41 --> Session: Class initialized using 'CodeIgniter\Session\Handlers\FileHandler' driver.
INFO - 2021-12-17 17:34:43 --> Session: Class initialized using 'CodeIgniter\Session\Handlers\FileHandler' driver.
INFO - 2021-12-17 17:34:44 --> Session: Class initialized using 'CodeIgniter\Session\Handlers\FileHandler' driver.
WARNING - 2021-12-17 17:34:44 --> Session: Sessions is enabled, and one exists.Please don't $session->start();
INFO - 2021-12-17 17:34:45 --> Session: Class initialized using 'CodeIgniter\Session\Handlers\FileHandler' driver.
WARNING - 2021-12-17 17:34:45 --> Session: Sessions is enabled, and one exists.Please don't $session->start();
INFO - 2021-12-17 17:34:47 --> Session: Class initialized using 'CodeIgniter\Session\Handlers\FileHandler' driver.
INFO - 2021-12-17 17:35:08 --> Session: Class initialized using 'CodeIgniter\Session\Handlers\FileHandler' driver.
INFO - 2021-12-17 17:35:21 --> Session: Class initialized using 'CodeIgniter\Session\Handlers\FileHandler' driver.
INFO - 2021-12-17 17:36:16 --> Session: Class initialized using 'CodeIgniter\Session\Handlers\FileHandler' driver.
INFO - 2021-12-17 17:36:30 --> Session: Class initialized using 'CodeIgniter\Session\Handlers\FileHandler' driver.
WARNING - 2021-12-17 17:36:30 --> Session: Sessions is enabled, and one exists.Please don't $session->start();
INFO - 2021-12-17 17:36:33 --> Session: Class initialized using 'CodeIgniter\Session\Handlers\FileHandler' driver.
INFO - 2021-12-17 17:36:37 --> Session: Class initialized using 'CodeIgniter\Session\Handlers\FileHandler' driver.
INFO - 2021-12-17 17:36:37 --> Session: Class initialized using 'CodeIgniter\Session\Handlers\FileHandler' driver.
INFO - 2021-12-17 17:36:38 --> Session: Class initialized using 'CodeIgniter\Session\Handlers\FileHandler' driver.
CRITICAL - 2021-12-17 17:36:38 --> Trying to get property 'id' of non-object
#0 /var/www/html/mymisdiagnosis/app/Views/home.php(12): CodeIgniter\Debug\Exceptions->errorHandler(8, 'Trying to get p...', '/var/www/html/m...', 12, Array)
#1 /var/www/html/mymisdiagnosis/system/View/View.php(220): include('/var/www/html/m...')
#2 /var/www/html/mymisdiagnosis/system/View/View.php(222): CodeIgniter\View\View->CodeIgniter\View\{closure}()
#3 /var/www/html/mymisdiagnosis/system/Common.php(1217): CodeIgniter\View\View->render('home', Array, true)
#4 /var/www/html/mymisdiagnosis/app/Controllers/Home.php(42): view('home', Array)
#5 /var/www/html/mymisdiagnosis/system/CodeIgniter.php(936): App\Controllers\Home->index()
#6 /var/www/html/mymisdiagnosis/system/CodeIgniter.php(432): CodeIgniter\CodeIgniter->runController(Object(App\Controllers\Home))
#7 /var/www/html/mymisdiagnosis/system/CodeIgniter.php(333): CodeIgniter\CodeIgniter->handleRequest(NULL, Object(Config\Cache), false)
#8 /var/www/html/mymisdiagnosis/index.php(44): CodeIgniter\CodeIgniter->run()
#9 {main}
INFO - 2021-12-17 17:36:44 --> Session: Class initialized using 'CodeIgniter\Session\Handlers\FileHandler' driver.
WARNING - 2021-12-17 17:36:44 --> Session: Sessions is enabled, and one exists.Please don't $session->start();
INFO - 2021-12-17 17:36:46 --> Session: Class initialized using 'CodeIgniter\Session\Handlers\FileHandler' driver.
WARNING - 2021-12-17 17:36:46 --> Session: Sessions is enabled, and one exists.Please don't $session->start();
CRITICAL - 2021-12-17 17:36:46 --> Trying to get property 'id' of non-object
#0 /var/www/html/mymisdiagnosis/app/Views/post_individual.php(12): CodeIgniter\Debug\Exceptions->errorHandler(8, 'Trying to get p...', '/var/www/html/m...', 12, Array)
#1 /var/www/html/mymisdiagnosis/system/View/View.php(220): include('/var/www/html/m...')
#2 /var/www/html/mymisdiagnosis/system/View/View.php(222): CodeIgniter\View\View->CodeIgniter\View\{closure}()
#3 /var/www/html/mymisdiagnosis/system/Common.php(1217): CodeIgniter\View\View->render('post_individual', Array, true)
#4 /var/www/html/mymisdiagnosis/app/Controllers/Post.php(105): view('post_individual', Array)
#5 /var/www/html/mymisdiagnosis/system/CodeIgniter.php(936): App\Controllers\Post->display('121')
#6 /var/www/html/mymisdiagnosis/system/CodeIgniter.php(432): CodeIgniter\CodeIgniter->runController(Object(App\Controllers\Post))
#7 /var/www/html/mymisdiagnosis/system/CodeIgniter.php(333): CodeIgniter\CodeIgniter->handleRequest(NULL, Object(Config\Cache), false)
#8 /var/www/html/mymisdiagnosis/index.php(44): CodeIgniter\CodeIgniter->run()
#9 {main}
INFO - 2021-12-17 17:36:48 --> Session: Class initialized using 'CodeIgniter\Session\Handlers\FileHandler' driver.
CRITICAL - 2021-12-17 17:36:48 --> Trying to get property 'id' of non-object
#0 /var/www/html/mymisdiagnosis/app/Views/home.php(12): CodeIgniter\Debug\Exceptions->errorHandler(8, 'Trying to get p...', '/var/www/html/m...', 12, Array)
#1 /var/www/html/mymisdiagnosis/system/View/View.php(220): include('/var/www/html/m...')
#2 /var/www/html/mymisdiagnosis/system/View/View.php(222): CodeIgniter\View\View->CodeIgniter\View\{closure}()
#3 /var/www/html/mymisdiagnosis/system/Common.php(1217): CodeIgniter\View\View->render('home', Array, true)
#4 /var/www/html/mymisdiagnosis/app/Controllers/Home.php(42): view('home', Array)
#5 /var/www/html/mymisdiagnosis/system/CodeIgniter.php(936): App\Controllers\Home->index()
#6 /var/www/html/mymisdiagnosis/system/CodeIgniter.php(432): CodeIgniter\CodeIgniter->runController(Object(App\Controllers\Home))
#7 /var/www/html/mymisdiagnosis/system/CodeIgniter.php(333): CodeIgniter\CodeIgniter->handleRequest(NULL, Object(Config\Cache), false)
#8 /var/www/html/mymisdiagnosis/index.php(44): CodeIgniter\CodeIgniter->run()
#9 {main}
INFO - 2021-12-17 17:37:34 --> Session: Class initialized using 'CodeIgniter\Session\Handlers\FileHandler' driver.
INFO - 2021-12-17 17:37:36 --> Session: Class initialized using 'CodeIgniter\Session\Handlers\FileHandler' driver.
WARNING - 2021-12-17 17:37:36 --> Session: Sessions is enabled, and one exists.Please don't $session->start();
INFO - 2021-12-17 17:37:37 --> Session: Class initialized using 'CodeIgniter\Session\Handlers\FileHandler' driver.
WARNING - 2021-12-17 17:37:37 --> Session: Sessions is enabled, and one exists.Please don't $session->start();
CRITICAL - 2021-12-17 17:37:37 --> Trying to get property 'id' of non-object
#0 /var/www/html/mymisdiagnosis/app/Views/post_individual.php(12): CodeIgniter\Debug\Exceptions->errorHandler(8, 'Trying to get p...', '/var/www/html/m...', 12, Array)
#1 /var/www/html/mymisdiagnosis/system/View/View.php(220): include('/var/www/html/m...')
#2 /var/www/html/mymisdiagnosis/system/View/View.php(222): CodeIgniter\View\View->CodeIgniter\View\{closure}()
#3 /var/www/html/mymisdiagnosis/system/Common.php(1217): CodeIgniter\View\View->render('post_individual', Array, true)
#4 /var/www/html/mymisdiagnosis/app/Controllers/Post.php(105): view('post_individual', Array)
#5 /var/www/html/mymisdiagnosis/system/CodeIgniter.php(936): App\Controllers\Post->display('121')
#6 /var/www/html/mymisdiagnosis/system/CodeIgniter.php(432): CodeIgniter\CodeIgniter->runController(Object(App\Controllers\Post))
#7 /var/www/html/mymisdiagnosis/system/CodeIgniter.php(333): CodeIgniter\CodeIgniter->handleRequest(NULL, Object(Config\Cache), false)
#8 /var/www/html/mymisdiagnosis/index.php(44): CodeIgniter\CodeIgniter->run()
#9 {main}
