INFO - 2022-02-21 06:50:32 --> Session: Class initialized using 'CodeIgniter\Session\Handlers\FileHandler' driver.
WARNING - 2022-02-21 06:50:32 --> Session: Sessions is enabled, and one exists.Please don't $session->start();
INFO - 2022-02-21 06:50:39 --> Session: Class initialized using 'CodeIgniter\Session\Handlers\FileHandler' driver.
INFO - 2022-02-21 06:50:40 --> Session: Class initialized using 'CodeIgniter\Session\Handlers\FileHandler' driver.
INFO - 2022-02-21 06:50:42 --> Session: Class initialized using 'CodeIgniter\Session\Handlers\FileHandler' driver.
INFO - 2022-02-21 06:50:50 --> Session: Class initialized using 'CodeIgniter\Session\Handlers\FileHandler' driver.
INFO - 2022-02-21 06:51:12 --> Session: Class initialized using 'CodeIgniter\Session\Handlers\FileHandler' driver.
INFO - 2022-02-21 06:51:39 --> Session: Class initialized using 'CodeIgniter\Session\Handlers\FileHandler' driver.
INFO - 2022-02-21 06:52:11 --> Session: Class initialized using 'CodeIgniter\Session\Handlers\FileHandler' driver.
INFO - 2022-02-21 06:54:19 --> Session: Class initialized using 'CodeIgniter\Session\Handlers\FileHandler' driver.
INFO - 2022-02-21 06:54:52 --> Session: Class initialized using 'CodeIgniter\Session\Handlers\FileHandler' driver.
INFO - 2022-02-21 06:54:53 --> Session: Class initialized using 'CodeIgniter\Session\Handlers\FileHandler' driver.
INFO - 2022-02-21 07:01:31 --> Session: Class initialized using 'CodeIgniter\Session\Handlers\FileHandler' driver.
INFO - 2022-02-21 07:02:52 --> Session: Class initialized using 'CodeIgniter\Session\Handlers\FileHandler' driver.
INFO - 2022-02-21 07:03:05 --> Session: Class initialized using 'CodeIgniter\Session\Handlers\FileHandler' driver.
INFO - 2022-02-21 07:03:06 --> Session: Class initialized using 'CodeIgniter\Session\Handlers\FileHandler' driver.
INFO - 2022-02-21 07:04:12 --> Session: Class initialized using 'CodeIgniter\Session\Handlers\FileHandler' driver.
INFO - 2022-02-21 07:04:13 --> Session: Class initialized using 'CodeIgniter\Session\Handlers\FileHandler' driver.
INFO - 2022-02-21 07:04:40 --> Session: Class initialized using 'CodeIgniter\Session\Handlers\FileHandler' driver.
INFO - 2022-02-21 07:05:10 --> Session: Class initialized using 'CodeIgniter\Session\Handlers\FileHandler' driver.
INFO - 2022-02-21 07:05:39 --> Session: Class initialized using 'CodeIgniter\Session\Handlers\FileHandler' driver.
INFO - 2022-02-21 07:05:40 --> Session: Class initialized using 'CodeIgniter\Session\Handlers\FileHandler' driver.
INFO - 2022-02-21 07:06:03 --> Session: Class initialized using 'CodeIgniter\Session\Handlers\FileHandler' driver.
INFO - 2022-02-21 07:07:07 --> Session: Class initialized using 'CodeIgniter\Session\Handlers\FileHandler' driver.
INFO - 2022-02-21 07:07:07 --> Session: Class initialized using 'CodeIgniter\Session\Handlers\FileHandler' driver.
INFO - 2022-02-21 07:07:21 --> Session: Class initialized using 'CodeIgniter\Session\Handlers\FileHandler' driver.
INFO - 2022-02-21 07:07:23 --> Session: Class initialized using 'CodeIgniter\Session\Handlers\FileHandler' driver.
INFO - 2022-02-21 07:07:25 --> Session: Class initialized using 'CodeIgniter\Session\Handlers\FileHandler' driver.
INFO - 2022-02-21 07:07:26 --> Session: Class initialized using 'CodeIgniter\Session\Handlers\FileHandler' driver.
INFO - 2022-02-21 07:07:30 --> Session: Class initialized using 'CodeIgniter\Session\Handlers\FileHandler' driver.
INFO - 2022-02-21 07:07:46 --> Session: Class initialized using 'CodeIgniter\Session\Handlers\FileHandler' driver.
INFO - 2022-02-21 07:08:33 --> Session: Class initialized using 'CodeIgniter\Session\Handlers\FileHandler' driver.
INFO - 2022-02-21 07:08:33 --> Session: Class initialized using 'CodeIgniter\Session\Handlers\FileHandler' driver.
INFO - 2022-02-21 07:08:37 --> Session: Class initialized using 'CodeIgniter\Session\Handlers\FileHandler' driver.
INFO - 2022-02-21 07:08:45 --> Session: Class initialized using 'CodeIgniter\Session\Handlers\FileHandler' driver.
INFO - 2022-02-21 07:08:49 --> Session: Class initialized using 'CodeIgniter\Session\Handlers\FileHandler' driver.
INFO - 2022-02-21 07:08:50 --> Session: Class initialized using 'CodeIgniter\Session\Handlers\FileHandler' driver.
INFO - 2022-02-21 07:08:52 --> Session: Class initialized using 'CodeIgniter\Session\Handlers\FileHandler' driver.
INFO - 2022-02-21 07:08:57 --> Session: Class initialized using 'CodeIgniter\Session\Handlers\FileHandler' driver.
INFO - 2022-02-21 07:08:57 --> Session: Class initialized using 'CodeIgniter\Session\Handlers\FileHandler' driver.
INFO - 2022-02-21 09:23:52 --> Session: Class initialized using 'CodeIgniter\Session\Handlers\FileHandler' driver.
WARNING - 2022-02-21 09:23:52 --> Session: Sessions is enabled, and one exists.Please don't $session->start();
INFO - 2022-02-21 09:23:57 --> Session: Class initialized using 'CodeIgniter\Session\Handlers\FileHandler' driver.
INFO - 2022-02-21 09:23:58 --> Session: Class initialized using 'CodeIgniter\Session\Handlers\FileHandler' driver.
INFO - 2022-02-21 09:24:05 --> Session: Class initialized using 'CodeIgniter\Session\Handlers\FileHandler' driver.
INFO - 2022-02-21 09:24:06 --> Session: Class initialized using 'CodeIgniter\Session\Handlers\FileHandler' driver.
INFO - 2022-02-21 09:24:30 --> Session: Class initialized using 'CodeIgniter\Session\Handlers\FileHandler' driver.
INFO - 2022-02-21 09:24:31 --> Session: Class initialized using 'CodeIgniter\Session\Handlers\FileHandler' driver.
INFO - 2022-02-21 09:24:34 --> Session: Class initialized using 'CodeIgniter\Session\Handlers\FileHandler' driver.
INFO - 2022-02-21 09:24:34 --> Session: Class initialized using 'CodeIgniter\Session\Handlers\FileHandler' driver.
INFO - 2022-02-21 09:26:48 --> Session: Class initialized using 'CodeIgniter\Session\Handlers\FileHandler' driver.
INFO - 2022-02-21 09:27:24 --> Session: Class initialized using 'CodeIgniter\Session\Handlers\FileHandler' driver.
INFO - 2022-02-21 09:27:34 --> Session: Class initialized using 'CodeIgniter\Session\Handlers\FileHandler' driver.
WARNING - 2022-02-21 09:27:34 --> Session: Sessions is enabled, and one exists.Please don't $session->start();
INFO - 2022-02-21 09:34:26 --> Session: Class initialized using 'CodeIgniter\Session\Handlers\FileHandler' driver.
WARNING - 2022-02-21 09:34:26 --> Session: Sessions is enabled, and one exists.Please don't $session->start();
INFO - 2022-02-21 09:35:15 --> Session: Class initialized using 'CodeIgniter\Session\Handlers\FileHandler' driver.
WARNING - 2022-02-21 09:35:15 --> Session: Sessions is enabled, and one exists.Please don't $session->start();
INFO - 2022-02-21 09:35:19 --> Session: Class initialized using 'CodeIgniter\Session\Handlers\FileHandler' driver.
INFO - 2022-02-21 09:35:21 --> Session: Class initialized using 'CodeIgniter\Session\Handlers\FileHandler' driver.
WARNING - 2022-02-21 09:35:21 --> Session: Sessions is enabled, and one exists.Please don't $session->start();
INFO - 2022-02-21 09:36:00 --> Session: Class initialized using 'CodeIgniter\Session\Handlers\FileHandler' driver.
INFO - 2022-02-21 09:36:00 --> Session: Class initialized using 'CodeIgniter\Session\Handlers\FileHandler' driver.
INFO - 2022-02-21 09:36:14 --> Session: Class initialized using 'CodeIgniter\Session\Handlers\FileHandler' driver.
INFO - 2022-02-21 09:36:18 --> Session: Class initialized using 'CodeIgniter\Session\Handlers\FileHandler' driver.
INFO - 2022-02-21 09:36:21 --> Session: Class initialized using 'CodeIgniter\Session\Handlers\FileHandler' driver.
INFO - 2022-02-21 09:36:23 --> Session: Class initialized using 'CodeIgniter\Session\Handlers\FileHandler' driver.
WARNING - 2022-02-21 09:36:23 --> Session: Sessions is enabled, and one exists.Please don't $session->start();
INFO - 2022-02-21 09:36:50 --> Session: Class initialized using 'CodeIgniter\Session\Handlers\FileHandler' driver.
WARNING - 2022-02-21 09:36:50 --> Session: Sessions is enabled, and one exists.Please don't $session->start();
INFO - 2022-02-21 09:37:59 --> Session: Class initialized using 'CodeIgniter\Session\Handlers\FileHandler' driver.
WARNING - 2022-02-21 09:37:59 --> Session: Sessions is enabled, and one exists.Please don't $session->start();
INFO - 2022-02-21 09:38:26 --> Session: Class initialized using 'CodeIgniter\Session\Handlers\FileHandler' driver.
WARNING - 2022-02-21 09:38:26 --> Session: Sessions is enabled, and one exists.Please don't $session->start();
INFO - 2022-02-21 09:39:18 --> Session: Class initialized using 'CodeIgniter\Session\Handlers\FileHandler' driver.
WARNING - 2022-02-21 09:39:18 --> Session: Sessions is enabled, and one exists.Please don't $session->start();
INFO - 2022-02-21 09:39:56 --> Session: Class initialized using 'CodeIgniter\Session\Handlers\FileHandler' driver.
WARNING - 2022-02-21 09:39:56 --> Session: Sessions is enabled, and one exists.Please don't $session->start();
INFO - 2022-02-21 09:40:13 --> Session: Class initialized using 'CodeIgniter\Session\Handlers\FileHandler' driver.
INFO - 2022-02-21 09:41:11 --> Session: Class initialized using 'CodeIgniter\Session\Handlers\FileHandler' driver.
INFO - 2022-02-21 09:41:17 --> Session: Class initialized using 'CodeIgniter\Session\Handlers\FileHandler' driver.
WARNING - 2022-02-21 09:41:17 --> Session: Sessions is enabled, and one exists.Please don't $session->start();
INFO - 2022-02-21 09:41:34 --> Session: Class initialized using 'CodeIgniter\Session\Handlers\FileHandler' driver.
INFO - 2022-02-21 09:43:38 --> Session: Class initialized using 'CodeIgniter\Session\Handlers\FileHandler' driver.
INFO - 2022-02-21 09:43:44 --> Session: Class initialized using 'CodeIgniter\Session\Handlers\FileHandler' driver.
INFO - 2022-02-21 09:43:48 --> Session: Class initialized using 'CodeIgniter\Session\Handlers\FileHandler' driver.
WARNING - 2022-02-21 09:43:48 --> Session: Sessions is enabled, and one exists.Please don't $session->start();
INFO - 2022-02-21 09:44:17 --> Session: Class initialized using 'CodeIgniter\Session\Handlers\FileHandler' driver.
INFO - 2022-02-21 09:44:24 --> Session: Class initialized using 'CodeIgniter\Session\Handlers\FileHandler' driver.
WARNING - 2022-02-21 09:44:24 --> Session: Sessions is enabled, and one exists.Please don't $session->start();
INFO - 2022-02-21 09:44:26 --> Session: Class initialized using 'CodeIgniter\Session\Handlers\FileHandler' driver.
INFO - 2022-02-21 09:44:29 --> Session: Class initialized using 'CodeIgniter\Session\Handlers\FileHandler' driver.
INFO - 2022-02-21 09:44:34 --> Session: Class initialized using 'CodeIgniter\Session\Handlers\FileHandler' driver.
INFO - 2022-02-21 09:44:36 --> Session: Class initialized using 'CodeIgniter\Session\Handlers\FileHandler' driver.
WARNING - 2022-02-21 09:44:36 --> Session: Sessions is enabled, and one exists.Please don't $session->start();
INFO - 2022-02-21 09:44:39 --> Session: Class initialized using 'CodeIgniter\Session\Handlers\FileHandler' driver.
INFO - 2022-02-21 09:44:45 --> Session: Class initialized using 'CodeIgniter\Session\Handlers\FileHandler' driver.
WARNING - 2022-02-21 09:44:45 --> Session: Sessions is enabled, and one exists.Please don't $session->start();
INFO - 2022-02-21 09:44:57 --> Session: Class initialized using 'CodeIgniter\Session\Handlers\FileHandler' driver.
INFO - 2022-02-21 09:45:32 --> Session: Class initialized using 'CodeIgniter\Session\Handlers\FileHandler' driver.
WARNING - 2022-02-21 09:45:32 --> Session: Sessions is enabled, and one exists.Please don't $session->start();
INFO - 2022-02-21 09:45:52 --> Session: Class initialized using 'CodeIgniter\Session\Handlers\FileHandler' driver.
WARNING - 2022-02-21 09:45:52 --> Session: Sessions is enabled, and one exists.Please don't $session->start();
INFO - 2022-02-21 09:46:20 --> Session: Class initialized using 'CodeIgniter\Session\Handlers\FileHandler' driver.
INFO - 2022-02-21 09:48:29 --> Session: Class initialized using 'CodeIgniter\Session\Handlers\FileHandler' driver.
INFO - 2022-02-21 09:48:59 --> Session: Class initialized using 'CodeIgniter\Session\Handlers\FileHandler' driver.
INFO - 2022-02-21 09:58:21 --> Session: Class initialized using 'CodeIgniter\Session\Handlers\FileHandler' driver.
WARNING - 2022-02-21 09:58:21 --> Session: Sessions is enabled, and one exists.Please don't $session->start();
INFO - 2022-02-21 09:58:39 --> Session: Class initialized using 'CodeIgniter\Session\Handlers\FileHandler' driver.
WARNING - 2022-02-21 09:58:39 --> Session: Sessions is enabled, and one exists.Please don't $session->start();
INFO - 2022-02-21 09:59:07 --> Session: Class initialized using 'CodeIgniter\Session\Handlers\FileHandler' driver.
WARNING - 2022-02-21 09:59:07 --> Session: Sessions is enabled, and one exists.Please don't $session->start();
INFO - 2022-02-21 10:00:08 --> Session: Class initialized using 'CodeIgniter\Session\Handlers\FileHandler' driver.
WARNING - 2022-02-21 10:00:08 --> Session: Sessions is enabled, and one exists.Please don't $session->start();
INFO - 2022-02-21 10:00:33 --> Session: Class initialized using 'CodeIgniter\Session\Handlers\FileHandler' driver.
WARNING - 2022-02-21 10:00:33 --> Session: Sessions is enabled, and one exists.Please don't $session->start();
INFO - 2022-02-21 10:01:38 --> Session: Class initialized using 'CodeIgniter\Session\Handlers\FileHandler' driver.
WARNING - 2022-02-21 10:01:38 --> Session: Sessions is enabled, and one exists.Please don't $session->start();
INFO - 2022-02-21 10:01:55 --> Session: Class initialized using 'CodeIgniter\Session\Handlers\FileHandler' driver.
WARNING - 2022-02-21 10:01:55 --> Session: Sessions is enabled, and one exists.Please don't $session->start();
INFO - 2022-02-21 10:02:08 --> Session: Class initialized using 'CodeIgniter\Session\Handlers\FileHandler' driver.
WARNING - 2022-02-21 10:02:08 --> Session: Sessions is enabled, and one exists.Please don't $session->start();
INFO - 2022-02-21 10:54:06 --> Session: Class initialized using 'CodeIgniter\Session\Handlers\FileHandler' driver.
WARNING - 2022-02-21 10:54:06 --> Session: Sessions is enabled, and one exists.Please don't $session->start();
INFO - 2022-02-21 10:55:38 --> Session: Class initialized using 'CodeIgniter\Session\Handlers\FileHandler' driver.
INFO - 2022-02-21 12:17:08 --> Session: Class initialized using 'CodeIgniter\Session\Handlers\FileHandler' driver.
INFO - 2022-02-21 12:17:24 --> Session: Class initialized using 'CodeIgniter\Session\Handlers\FileHandler' driver.
INFO - 2022-02-21 12:19:01 --> Session: Class initialized using 'CodeIgniter\Session\Handlers\FileHandler' driver.
ERROR - 2022-02-21 12:22:20 --> mysqli_sql_exception: Unknown column 'record_diagnosis' in 'order clause' in /var/www/html/mymisdiagnosis/system/Database/MySQLi/Connection.php:314
Stack trace:
#0 /var/www/html/mymisdiagnosis/system/Database/MySQLi/Connection.php(314): mysqli->query('SELECT *\nFROM `...')
#1 /var/www/html/mymisdiagnosis/system/Database/BaseConnection.php(713): CodeIgniter\Database\MySQLi\Connection->execute('SELECT *\nFROM `...')
#2 /var/www/html/mymisdiagnosis/system/Database/BaseConnection.php(641): CodeIgniter\Database\BaseConnection->simpleQuery('SELECT *\nFROM `...')
#3 /var/www/html/mymisdiagnosis/system/Database/BaseBuilder.php(1866): CodeIgniter\Database\BaseConnection->query('SELECT *\nFROM `...', Array, false)
#4 /var/www/html/mymisdiagnosis/system/Model.php(213): CodeIgniter\Database\BaseBuilder->get()
#5 /var/www/html/mymisdiagnosis/system/BaseModel.php(583): CodeIgniter\Model->doFindAll(10, 0)
#6 /var/www/html/mymisdiagnosis/system/BaseModel.php(1144): CodeIgniter\BaseModel->findAll(10, 0)
#7 /var/www/html/mymisdiagnosis/app/Controllers/Record.php(82): CodeIgniter\BaseModel->paginate(10)
#8 /var/www/html/mymisdiagnosis/system/CodeIgniter.php(936): App\Controllers\Record->index()
#9 /var/www/html/mymisdiagnosis/system/CodeIgniter.php(432): CodeIgniter\CodeIgniter->runController(Object(App\Controllers\Record))
#10 /var/www/html/mymisdiagnosis/system/CodeIgniter.php(333): CodeIgniter\CodeIgniter->handleRequest(NULL, Object(Config\Cache), false)
#11 /var/www/html/mymisdiagnosis/index.php(44): CodeIgniter\CodeIgniter->run()
#12 {main}
CRITICAL - 2022-02-21 12:22:20 --> Unknown column 'record_diagnosis' in 'order clause'
#0 /var/www/html/mymisdiagnosis/system/Database/MySQLi/Connection.php(314): mysqli->query('SELECT *\nFROM `...')
#1 /var/www/html/mymisdiagnosis/system/Database/BaseConnection.php(713): CodeIgniter\Database\MySQLi\Connection->execute('SELECT *\nFROM `...')
#2 /var/www/html/mymisdiagnosis/system/Database/BaseConnection.php(641): CodeIgniter\Database\BaseConnection->simpleQuery('SELECT *\nFROM `...')
#3 /var/www/html/mymisdiagnosis/system/Database/BaseBuilder.php(1866): CodeIgniter\Database\BaseConnection->query('SELECT *\nFROM `...', Array, false)
#4 /var/www/html/mymisdiagnosis/system/Model.php(213): CodeIgniter\Database\BaseBuilder->get()
#5 /var/www/html/mymisdiagnosis/system/BaseModel.php(583): CodeIgniter\Model->doFindAll(10, 0)
#6 /var/www/html/mymisdiagnosis/system/BaseModel.php(1144): CodeIgniter\BaseModel->findAll(10, 0)
#7 /var/www/html/mymisdiagnosis/app/Controllers/Record.php(82): CodeIgniter\BaseModel->paginate(10)
#8 /var/www/html/mymisdiagnosis/system/CodeIgniter.php(936): App\Controllers\Record->index()
#9 /var/www/html/mymisdiagnosis/system/CodeIgniter.php(432): CodeIgniter\CodeIgniter->runController(Object(App\Controllers\Record))
#10 /var/www/html/mymisdiagnosis/system/CodeIgniter.php(333): CodeIgniter\CodeIgniter->handleRequest(NULL, Object(Config\Cache), false)
#11 /var/www/html/mymisdiagnosis/index.php(44): CodeIgniter\CodeIgniter->run()
#12 {main}
INFO - 2022-02-21 12:22:37 --> Session: Class initialized using 'CodeIgniter\Session\Handlers\FileHandler' driver.
INFO - 2022-02-21 12:22:46 --> Session: Class initialized using 'CodeIgniter\Session\Handlers\FileHandler' driver.
INFO - 2022-02-21 12:22:48 --> Session: Class initialized using 'CodeIgniter\Session\Handlers\FileHandler' driver.
WARNING - 2022-02-21 12:22:48 --> Session: Sessions is enabled, and one exists.Please don't $session->start();
INFO - 2022-02-21 12:22:55 --> Session: Class initialized using 'CodeIgniter\Session\Handlers\FileHandler' driver.
INFO - 2022-02-21 12:23:02 --> Session: Class initialized using 'CodeIgniter\Session\Handlers\FileHandler' driver.
INFO - 2022-02-21 12:23:07 --> Session: Class initialized using 'CodeIgniter\Session\Handlers\FileHandler' driver.
INFO - 2022-02-21 12:23:09 --> Session: Class initialized using 'CodeIgniter\Session\Handlers\FileHandler' driver.
WARNING - 2022-02-21 12:23:09 --> Session: Sessions is enabled, and one exists.Please don't $session->start();
INFO - 2022-02-21 12:23:40 --> Session: Class initialized using 'CodeIgniter\Session\Handlers\FileHandler' driver.
INFO - 2022-02-21 12:23:43 --> Session: Class initialized using 'CodeIgniter\Session\Handlers\FileHandler' driver.
INFO - 2022-02-21 12:26:28 --> Session: Class initialized using 'CodeIgniter\Session\Handlers\FileHandler' driver.
INFO - 2022-02-21 12:26:31 --> Session: Class initialized using 'CodeIgniter\Session\Handlers\FileHandler' driver.
INFO - 2022-02-21 12:26:50 --> Session: Class initialized using 'CodeIgniter\Session\Handlers\FileHandler' driver.
INFO - 2022-02-21 12:27:12 --> Session: Class initialized using 'CodeIgniter\Session\Handlers\FileHandler' driver.
INFO - 2022-02-21 12:28:32 --> Session: Class initialized using 'CodeIgniter\Session\Handlers\FileHandler' driver.
INFO - 2022-02-21 12:29:09 --> Session: Class initialized using 'CodeIgniter\Session\Handlers\FileHandler' driver.
INFO - 2022-02-21 12:29:11 --> Session: Class initialized using 'CodeIgniter\Session\Handlers\FileHandler' driver.
INFO - 2022-02-21 12:30:32 --> Session: Class initialized using 'CodeIgniter\Session\Handlers\FileHandler' driver.
INFO - 2022-02-21 12:30:34 --> Session: Class initialized using 'CodeIgniter\Session\Handlers\FileHandler' driver.
INFO - 2022-02-21 12:30:39 --> Session: Class initialized using 'CodeIgniter\Session\Handlers\FileHandler' driver.
WARNING - 2022-02-21 12:30:39 --> Session: Sessions is enabled, and one exists.Please don't $session->start();
INFO - 2022-02-21 12:30:43 --> Session: Class initialized using 'CodeIgniter\Session\Handlers\FileHandler' driver.
INFO - 2022-02-21 12:30:45 --> Session: Class initialized using 'CodeIgniter\Session\Handlers\FileHandler' driver.
INFO - 2022-02-21 12:30:58 --> Session: Class initialized using 'CodeIgniter\Session\Handlers\FileHandler' driver.
WARNING - 2022-02-21 12:30:58 --> Session: Sessions is enabled, and one exists.Please don't $session->start();
INFO - 2022-02-21 12:31:00 --> Session: Class initialized using 'CodeIgniter\Session\Handlers\FileHandler' driver.
INFO - 2022-02-21 12:31:03 --> Session: Class initialized using 'CodeIgniter\Session\Handlers\FileHandler' driver.
INFO - 2022-02-21 12:31:09 --> Session: Class initialized using 'CodeIgniter\Session\Handlers\FileHandler' driver.
INFO - 2022-02-21 12:31:41 --> Session: Class initialized using 'CodeIgniter\Session\Handlers\FileHandler' driver.
INFO - 2022-02-21 12:31:47 --> Session: Class initialized using 'CodeIgniter\Session\Handlers\FileHandler' driver.
INFO - 2022-02-21 12:32:57 --> Session: Class initialized using 'CodeIgniter\Session\Handlers\FileHandler' driver.
INFO - 2022-02-21 12:33:38 --> Session: Class initialized using 'CodeIgniter\Session\Handlers\FileHandler' driver.
INFO - 2022-02-21 12:33:45 --> Session: Class initialized using 'CodeIgniter\Session\Handlers\FileHandler' driver.
INFO - 2022-02-21 12:33:57 --> Session: Class initialized using 'CodeIgniter\Session\Handlers\FileHandler' driver.
INFO - 2022-02-21 12:34:00 --> Session: Class initialized using 'CodeIgniter\Session\Handlers\FileHandler' driver.
INFO - 2022-02-21 12:34:14 --> Session: Class initialized using 'CodeIgniter\Session\Handlers\FileHandler' driver.
INFO - 2022-02-21 12:34:58 --> Session: Class initialized using 'CodeIgniter\Session\Handlers\FileHandler' driver.
INFO - 2022-02-21 12:35:01 --> Session: Class initialized using 'CodeIgniter\Session\Handlers\FileHandler' driver.
INFO - 2022-02-21 12:35:13 --> Session: Class initialized using 'CodeIgniter\Session\Handlers\FileHandler' driver.
INFO - 2022-02-21 12:35:16 --> Session: Class initialized using 'CodeIgniter\Session\Handlers\FileHandler' driver.
INFO - 2022-02-21 12:35:20 --> Session: Class initialized using 'CodeIgniter\Session\Handlers\FileHandler' driver.
INFO - 2022-02-21 12:35:23 --> Session: Class initialized using 'CodeIgniter\Session\Handlers\FileHandler' driver.
INFO - 2022-02-21 12:35:50 --> Session: Class initialized using 'CodeIgniter\Session\Handlers\FileHandler' driver.
INFO - 2022-02-21 12:35:53 --> Session: Class initialized using 'CodeIgniter\Session\Handlers\FileHandler' driver.
INFO - 2022-02-21 12:35:55 --> Session: Class initialized using 'CodeIgniter\Session\Handlers\FileHandler' driver.
INFO - 2022-02-21 12:35:58 --> Session: Class initialized using 'CodeIgniter\Session\Handlers\FileHandler' driver.
INFO - 2022-02-21 12:36:20 --> Session: Class initialized using 'CodeIgniter\Session\Handlers\FileHandler' driver.
INFO - 2022-02-21 12:36:42 --> Session: Class initialized using 'CodeIgniter\Session\Handlers\FileHandler' driver.
INFO - 2022-02-21 12:37:17 --> Session: Class initialized using 'CodeIgniter\Session\Handlers\FileHandler' driver.
INFO - 2022-02-21 12:38:03 --> Session: Class initialized using 'CodeIgniter\Session\Handlers\FileHandler' driver.
INFO - 2022-02-21 12:38:17 --> Session: Class initialized using 'CodeIgniter\Session\Handlers\FileHandler' driver.
INFO - 2022-02-21 12:39:00 --> Session: Class initialized using 'CodeIgniter\Session\Handlers\FileHandler' driver.
INFO - 2022-02-21 12:39:36 --> Session: Class initialized using 'CodeIgniter\Session\Handlers\FileHandler' driver.
INFO - 2022-02-21 12:40:59 --> Session: Class initialized using 'CodeIgniter\Session\Handlers\FileHandler' driver.
INFO - 2022-02-21 12:41:40 --> Session: Class initialized using 'CodeIgniter\Session\Handlers\FileHandler' driver.
INFO - 2022-02-21 12:43:50 --> Session: Class initialized using 'CodeIgniter\Session\Handlers\FileHandler' driver.
INFO - 2022-02-21 12:46:07 --> Session: Class initialized using 'CodeIgniter\Session\Handlers\FileHandler' driver.
INFO - 2022-02-21 12:46:54 --> Session: Class initialized using 'CodeIgniter\Session\Handlers\FileHandler' driver.
INFO - 2022-02-21 12:47:09 --> Session: Class initialized using 'CodeIgniter\Session\Handlers\FileHandler' driver.
INFO - 2022-02-21 12:47:48 --> Session: Class initialized using 'CodeIgniter\Session\Handlers\FileHandler' driver.
INFO - 2022-02-21 12:47:50 --> Session: Class initialized using 'CodeIgniter\Session\Handlers\FileHandler' driver.
INFO - 2022-02-21 13:01:35 --> Session: Class initialized using 'CodeIgniter\Session\Handlers\FileHandler' driver.
INFO - 2022-02-21 13:02:28 --> Session: Class initialized using 'CodeIgniter\Session\Handlers\FileHandler' driver.
INFO - 2022-02-21 13:02:40 --> Session: Class initialized using 'CodeIgniter\Session\Handlers\FileHandler' driver.
INFO - 2022-02-21 13:02:45 --> Session: Class initialized using 'CodeIgniter\Session\Handlers\FileHandler' driver.
INFO - 2022-02-21 13:03:21 --> Session: Class initialized using 'CodeIgniter\Session\Handlers\FileHandler' driver.
INFO - 2022-02-21 13:03:47 --> Session: Class initialized using 'CodeIgniter\Session\Handlers\FileHandler' driver.
INFO - 2022-02-21 13:04:45 --> Session: Class initialized using 'CodeIgniter\Session\Handlers\FileHandler' driver.
INFO - 2022-02-21 13:04:54 --> Session: Class initialized using 'CodeIgniter\Session\Handlers\FileHandler' driver.
ERROR - 2022-02-21 13:09:19 --> mysqli_sql_exception: Expression #1 of SELECT list is not in GROUP BY clause and contains nonaggregated column 'mymisdiagnosis_app.record_database.record_id' which is not functionally dependent on columns in GROUP BY clause; this is incompatible with sql_mode=only_full_group_by in /var/www/html/mymisdiagnosis/system/Database/MySQLi/Connection.php:314
Stack trace:
#0 /var/www/html/mymisdiagnosis/system/Database/MySQLi/Connection.php(314): mysqli->query('SELECT COUNT(*)...')
#1 /var/www/html/mymisdiagnosis/system/Database/BaseConnection.php(713): CodeIgniter\Database\MySQLi\Connection->execute('SELECT COUNT(*)...')
#2 /var/www/html/mymisdiagnosis/system/Database/BaseConnection.php(641): CodeIgniter\Database\BaseConnection->simpleQuery('SELECT COUNT(*)...')
#3 /var/www/html/mymisdiagnosis/system/Database/BaseBuilder.php(1966): CodeIgniter\Database\BaseConnection->query('SELECT COUNT(*)...', Array, false)
#4 /var/www/html/mymisdiagnosis/system/Model.php(570): CodeIgniter\Database\BaseBuilder->countAllResults(false)
#5 /var/www/html/mymisdiagnosis/system/BaseModel.php(1140): CodeIgniter\Model->countAllResults(false)
#6 /var/www/html/mymisdiagnosis/app/Controllers/Record.php(83): CodeIgniter\BaseModel->paginate(100000)
#7 /var/www/html/mymisdiagnosis/system/CodeIgniter.php(936): App\Controllers\Record->index()
#8 /var/www/html/mymisdiagnosis/system/CodeIgniter.php(432): CodeIgniter\CodeIgniter->runController(Object(App\Controllers\Record))
#9 /var/www/html/mymisdiagnosis/system/CodeIgniter.php(333): CodeIgniter\CodeIgniter->handleRequest(NULL, Object(Config\Cache), false)
#10 /var/www/html/mymisdiagnosis/index.php(44): CodeIgniter\CodeIgniter->run()
#11 {main}
CRITICAL - 2022-02-21 13:09:19 --> Expression #1 of SELECT list is not in GROUP BY clause and contains nonaggregated column 'mymisdiagnosis_app.record_database.record_id' which is not functionally dependent on columns in GROUP BY clause; this is incompatible with sql_mode=only_full_group_by
#0 /var/www/html/mymisdiagnosis/system/Database/MySQLi/Connection.php(314): mysqli->query('SELECT COUNT(*)...')
#1 /var/www/html/mymisdiagnosis/system/Database/BaseConnection.php(713): CodeIgniter\Database\MySQLi\Connection->execute('SELECT COUNT(*)...')
#2 /var/www/html/mymisdiagnosis/system/Database/BaseConnection.php(641): CodeIgniter\Database\BaseConnection->simpleQuery('SELECT COUNT(*)...')
#3 /var/www/html/mymisdiagnosis/system/Database/BaseBuilder.php(1966): CodeIgniter\Database\BaseConnection->query('SELECT COUNT(*)...', Array, false)
#4 /var/www/html/mymisdiagnosis/system/Model.php(570): CodeIgniter\Database\BaseBuilder->countAllResults(false)
#5 /var/www/html/mymisdiagnosis/system/BaseModel.php(1140): CodeIgniter\Model->countAllResults(false)
#6 /var/www/html/mymisdiagnosis/app/Controllers/Record.php(83): CodeIgniter\BaseModel->paginate(100000)
#7 /var/www/html/mymisdiagnosis/system/CodeIgniter.php(936): App\Controllers\Record->index()
#8 /var/www/html/mymisdiagnosis/system/CodeIgniter.php(432): CodeIgniter\CodeIgniter->runController(Object(App\Controllers\Record))
#9 /var/www/html/mymisdiagnosis/system/CodeIgniter.php(333): CodeIgniter\CodeIgniter->handleRequest(NULL, Object(Config\Cache), false)
#10 /var/www/html/mymisdiagnosis/index.php(44): CodeIgniter\CodeIgniter->run()
#11 {main}
ERROR - 2022-02-21 13:09:39 --> mysqli_sql_exception: Expression #1 of SELECT list is not in GROUP BY clause and contains nonaggregated column 'mymisdiagnosis_app.record_database.record_id' which is not functionally dependent on columns in GROUP BY clause; this is incompatible with sql_mode=only_full_group_by in /var/www/html/mymisdiagnosis/system/Database/MySQLi/Connection.php:314
Stack trace:
#0 /var/www/html/mymisdiagnosis/system/Database/MySQLi/Connection.php(314): mysqli->query('SELECT COUNT(*)...')
#1 /var/www/html/mymisdiagnosis/system/Database/BaseConnection.php(713): CodeIgniter\Database\MySQLi\Connection->execute('SELECT COUNT(*)...')
#2 /var/www/html/mymisdiagnosis/system/Database/BaseConnection.php(641): CodeIgniter\Database\BaseConnection->simpleQuery('SELECT COUNT(*)...')
#3 /var/www/html/mymisdiagnosis/system/Database/BaseBuilder.php(1966): CodeIgniter\Database\BaseConnection->query('SELECT COUNT(*)...', Array, false)
#4 /var/www/html/mymisdiagnosis/system/Model.php(570): CodeIgniter\Database\BaseBuilder->countAllResults(false)
#5 /var/www/html/mymisdiagnosis/system/BaseModel.php(1140): CodeIgniter\Model->countAllResults(false)
#6 /var/www/html/mymisdiagnosis/app/Controllers/Record.php(84): CodeIgniter\BaseModel->paginate(100000)
#7 /var/www/html/mymisdiagnosis/system/CodeIgniter.php(936): App\Controllers\Record->index()
#8 /var/www/html/mymisdiagnosis/system/CodeIgniter.php(432): CodeIgniter\CodeIgniter->runController(Object(App\Controllers\Record))
#9 /var/www/html/mymisdiagnosis/system/CodeIgniter.php(333): CodeIgniter\CodeIgniter->handleRequest(NULL, Object(Config\Cache), false)
#10 /var/www/html/mymisdiagnosis/index.php(44): CodeIgniter\CodeIgniter->run()
#11 {main}
CRITICAL - 2022-02-21 13:09:39 --> Expression #1 of SELECT list is not in GROUP BY clause and contains nonaggregated column 'mymisdiagnosis_app.record_database.record_id' which is not functionally dependent on columns in GROUP BY clause; this is incompatible with sql_mode=only_full_group_by
#0 /var/www/html/mymisdiagnosis/system/Database/MySQLi/Connection.php(314): mysqli->query('SELECT COUNT(*)...')
#1 /var/www/html/mymisdiagnosis/system/Database/BaseConnection.php(713): CodeIgniter\Database\MySQLi\Connection->execute('SELECT COUNT(*)...')
#2 /var/www/html/mymisdiagnosis/system/Database/BaseConnection.php(641): CodeIgniter\Database\BaseConnection->simpleQuery('SELECT COUNT(*)...')
#3 /var/www/html/mymisdiagnosis/system/Database/BaseBuilder.php(1966): CodeIgniter\Database\BaseConnection->query('SELECT COUNT(*)...', Array, false)
#4 /var/www/html/mymisdiagnosis/system/Model.php(570): CodeIgniter\Database\BaseBuilder->countAllResults(false)
#5 /var/www/html/mymisdiagnosis/system/BaseModel.php(1140): CodeIgniter\Model->countAllResults(false)
#6 /var/www/html/mymisdiagnosis/app/Controllers/Record.php(84): CodeIgniter\BaseModel->paginate(100000)
#7 /var/www/html/mymisdiagnosis/system/CodeIgniter.php(936): App\Controllers\Record->index()
#8 /var/www/html/mymisdiagnosis/system/CodeIgniter.php(432): CodeIgniter\CodeIgniter->runController(Object(App\Controllers\Record))
#9 /var/www/html/mymisdiagnosis/system/CodeIgniter.php(333): CodeIgniter\CodeIgniter->handleRequest(NULL, Object(Config\Cache), false)
#10 /var/www/html/mymisdiagnosis/index.php(44): CodeIgniter\CodeIgniter->run()
#11 {main}
ERROR - 2022-02-21 13:11:28 --> mysqli_sql_exception: Expression #1 of SELECT list is not in GROUP BY clause and contains nonaggregated column 'mymisdiagnosis_app.record_database.record_id' which is not functionally dependent on columns in GROUP BY clause; this is incompatible with sql_mode=only_full_group_by in /var/www/html/mymisdiagnosis/system/Database/MySQLi/Connection.php:314
Stack trace:
#0 /var/www/html/mymisdiagnosis/system/Database/MySQLi/Connection.php(314): mysqli->query('SELECT COUNT(*)...')
#1 /var/www/html/mymisdiagnosis/system/Database/BaseConnection.php(713): CodeIgniter\Database\MySQLi\Connection->execute('SELECT COUNT(*)...')
#2 /var/www/html/mymisdiagnosis/system/Database/BaseConnection.php(641): CodeIgniter\Database\BaseConnection->simpleQuery('SELECT COUNT(*)...')
#3 /var/www/html/mymisdiagnosis/system/Database/BaseBuilder.php(1966): CodeIgniter\Database\BaseConnection->query('SELECT COUNT(*)...', Array, false)
#4 /var/www/html/mymisdiagnosis/system/Model.php(570): CodeIgniter\Database\BaseBuilder->countAllResults(false)
#5 /var/www/html/mymisdiagnosis/system/BaseModel.php(1140): CodeIgniter\Model->countAllResults(false)
#6 /var/www/html/mymisdiagnosis/app/Controllers/Record.php(84): CodeIgniter\BaseModel->paginate(100000)
#7 /var/www/html/mymisdiagnosis/system/CodeIgniter.php(936): App\Controllers\Record->index()
#8 /var/www/html/mymisdiagnosis/system/CodeIgniter.php(432): CodeIgniter\CodeIgniter->runController(Object(App\Controllers\Record))
#9 /var/www/html/mymisdiagnosis/system/CodeIgniter.php(333): CodeIgniter\CodeIgniter->handleRequest(NULL, Object(Config\Cache), false)
#10 /var/www/html/mymisdiagnosis/index.php(44): CodeIgniter\CodeIgniter->run()
#11 {main}
CRITICAL - 2022-02-21 13:11:28 --> Expression #1 of SELECT list is not in GROUP BY clause and contains nonaggregated column 'mymisdiagnosis_app.record_database.record_id' which is not functionally dependent on columns in GROUP BY clause; this is incompatible with sql_mode=only_full_group_by
#0 /var/www/html/mymisdiagnosis/system/Database/MySQLi/Connection.php(314): mysqli->query('SELECT COUNT(*)...')
#1 /var/www/html/mymisdiagnosis/system/Database/BaseConnection.php(713): CodeIgniter\Database\MySQLi\Connection->execute('SELECT COUNT(*)...')
#2 /var/www/html/mymisdiagnosis/system/Database/BaseConnection.php(641): CodeIgniter\Database\BaseConnection->simpleQuery('SELECT COUNT(*)...')
#3 /var/www/html/mymisdiagnosis/system/Database/BaseBuilder.php(1966): CodeIgniter\Database\BaseConnection->query('SELECT COUNT(*)...', Array, false)
#4 /var/www/html/mymisdiagnosis/system/Model.php(570): CodeIgniter\Database\BaseBuilder->countAllResults(false)
#5 /var/www/html/mymisdiagnosis/system/BaseModel.php(1140): CodeIgniter\Model->countAllResults(false)
#6 /var/www/html/mymisdiagnosis/app/Controllers/Record.php(84): CodeIgniter\BaseModel->paginate(100000)
#7 /var/www/html/mymisdiagnosis/system/CodeIgniter.php(936): App\Controllers\Record->index()
#8 /var/www/html/mymisdiagnosis/system/CodeIgniter.php(432): CodeIgniter\CodeIgniter->runController(Object(App\Controllers\Record))
#9 /var/www/html/mymisdiagnosis/system/CodeIgniter.php(333): CodeIgniter\CodeIgniter->handleRequest(NULL, Object(Config\Cache), false)
#10 /var/www/html/mymisdiagnosis/index.php(44): CodeIgniter\CodeIgniter->run()
#11 {main}
CRITICAL - 2022-02-21 13:12:24 --> syntax error, unexpected '->' (T_OBJECT_OPERATOR)
#0 /var/www/html/mymisdiagnosis/system/Autoloader/Autoloader.php(265): CodeIgniter\Autoloader\Autoloader->includeFile('/var/www/html/m...')
#1 /var/www/html/mymisdiagnosis/system/Autoloader/Autoloader.php(228): CodeIgniter\Autoloader\Autoloader->loadInNamespace('App\\Controllers...')
#2 [internal function]: CodeIgniter\Autoloader\Autoloader->loadClass('App\\Controllers...')
#3 [internal function]: spl_autoload_call('App\\Controllers...')
#4 /var/www/html/mymisdiagnosis/system/CodeIgniter.php(893): class_exists('\\App\\Controller...', true)
#5 /var/www/html/mymisdiagnosis/system/CodeIgniter.php(417): CodeIgniter\CodeIgniter->startController()
#6 /var/www/html/mymisdiagnosis/system/CodeIgniter.php(333): CodeIgniter\CodeIgniter->handleRequest(NULL, Object(Config\Cache), false)
#7 /var/www/html/mymisdiagnosis/index.php(44): CodeIgniter\CodeIgniter->run()
#8 {main}
INFO - 2022-02-21 13:13:01 --> Session: Class initialized using 'CodeIgniter\Session\Handlers\FileHandler' driver.
ERROR - 2022-02-21 13:16:50 --> mysqli_sql_exception: Expression #1 of SELECT list is not in GROUP BY clause and contains nonaggregated column 'mymisdiagnosis_app.record_database.record_id' which is not functionally dependent on columns in GROUP BY clause; this is incompatible with sql_mode=only_full_group_by in /var/www/html/mymisdiagnosis/system/Database/MySQLi/Connection.php:314
Stack trace:
#0 /var/www/html/mymisdiagnosis/system/Database/MySQLi/Connection.php(314): mysqli->query('SELECT COUNT(*)...')
#1 /var/www/html/mymisdiagnosis/system/Database/BaseConnection.php(713): CodeIgniter\Database\MySQLi\Connection->execute('SELECT COUNT(*)...')
#2 /var/www/html/mymisdiagnosis/system/Database/BaseConnection.php(641): CodeIgniter\Database\BaseConnection->simpleQuery('SELECT COUNT(*)...')
#3 /var/www/html/mymisdiagnosis/system/Database/BaseBuilder.php(1966): CodeIgniter\Database\BaseConnection->query('SELECT COUNT(*)...', Array, false)
#4 /var/www/html/mymisdiagnosis/system/Model.php(570): CodeIgniter\Database\BaseBuilder->countAllResults(false)
#5 /var/www/html/mymisdiagnosis/system/BaseModel.php(1140): CodeIgniter\Model->countAllResults(false)
#6 /var/www/html/mymisdiagnosis/app/Controllers/Record.php(84): CodeIgniter\BaseModel->paginate(100000)
#7 /var/www/html/mymisdiagnosis/system/CodeIgniter.php(936): App\Controllers\Record->index()
#8 /var/www/html/mymisdiagnosis/system/CodeIgniter.php(432): CodeIgniter\CodeIgniter->runController(Object(App\Controllers\Record))
#9 /var/www/html/mymisdiagnosis/system/CodeIgniter.php(333): CodeIgniter\CodeIgniter->handleRequest(NULL, Object(Config\Cache), false)
#10 /var/www/html/mymisdiagnosis/index.php(44): CodeIgniter\CodeIgniter->run()
#11 {main}
CRITICAL - 2022-02-21 13:16:50 --> Expression #1 of SELECT list is not in GROUP BY clause and contains nonaggregated column 'mymisdiagnosis_app.record_database.record_id' which is not functionally dependent on columns in GROUP BY clause; this is incompatible with sql_mode=only_full_group_by
#0 /var/www/html/mymisdiagnosis/system/Database/MySQLi/Connection.php(314): mysqli->query('SELECT COUNT(*)...')
#1 /var/www/html/mymisdiagnosis/system/Database/BaseConnection.php(713): CodeIgniter\Database\MySQLi\Connection->execute('SELECT COUNT(*)...')
#2 /var/www/html/mymisdiagnosis/system/Database/BaseConnection.php(641): CodeIgniter\Database\BaseConnection->simpleQuery('SELECT COUNT(*)...')
#3 /var/www/html/mymisdiagnosis/system/Database/BaseBuilder.php(1966): CodeIgniter\Database\BaseConnection->query('SELECT COUNT(*)...', Array, false)
#4 /var/www/html/mymisdiagnosis/system/Model.php(570): CodeIgniter\Database\BaseBuilder->countAllResults(false)
#5 /var/www/html/mymisdiagnosis/system/BaseModel.php(1140): CodeIgniter\Model->countAllResults(false)
#6 /var/www/html/mymisdiagnosis/app/Controllers/Record.php(84): CodeIgniter\BaseModel->paginate(100000)
#7 /var/www/html/mymisdiagnosis/system/CodeIgniter.php(936): App\Controllers\Record->index()
#8 /var/www/html/mymisdiagnosis/system/CodeIgniter.php(432): CodeIgniter\CodeIgniter->runController(Object(App\Controllers\Record))
#9 /var/www/html/mymisdiagnosis/system/CodeIgniter.php(333): CodeIgniter\CodeIgniter->handleRequest(NULL, Object(Config\Cache), false)
#10 /var/www/html/mymisdiagnosis/index.php(44): CodeIgniter\CodeIgniter->run()
#11 {main}
CRITICAL - 2022-02-21 13:17:28 --> Call to undefined method App\Models\RecordModel::fullGroupBy
#0 /var/www/html/mymisdiagnosis/app/Controllers/Record.php(82): CodeIgniter\Model->__call('fullGroupBy', Array)
#1 /var/www/html/mymisdiagnosis/system/CodeIgniter.php(936): App\Controllers\Record->index()
#2 /var/www/html/mymisdiagnosis/system/CodeIgniter.php(432): CodeIgniter\CodeIgniter->runController(Object(App\Controllers\Record))
#3 /var/www/html/mymisdiagnosis/system/CodeIgniter.php(333): CodeIgniter\CodeIgniter->handleRequest(NULL, Object(Config\Cache), false)
#4 /var/www/html/mymisdiagnosis/index.php(44): CodeIgniter\CodeIgniter->run()
#5 {main}
ERROR - 2022-02-21 13:17:48 --> mysqli_sql_exception: Expression #1 of SELECT list is not in GROUP BY clause and contains nonaggregated column 'mymisdiagnosis_app.record_database.record_id' which is not functionally dependent on columns in GROUP BY clause; this is incompatible with sql_mode=only_full_group_by in /var/www/html/mymisdiagnosis/system/Database/MySQLi/Connection.php:314
Stack trace:
#0 /var/www/html/mymisdiagnosis/system/Database/MySQLi/Connection.php(314): mysqli->query('SELECT COUNT(*)...')
#1 /var/www/html/mymisdiagnosis/system/Database/BaseConnection.php(713): CodeIgniter\Database\MySQLi\Connection->execute('SELECT COUNT(*)...')
#2 /var/www/html/mymisdiagnosis/system/Database/BaseConnection.php(641): CodeIgniter\Database\BaseConnection->simpleQuery('SELECT COUNT(*)...')
#3 /var/www/html/mymisdiagnosis/system/Database/BaseBuilder.php(1966): CodeIgniter\Database\BaseConnection->query('SELECT COUNT(*)...', Array, false)
#4 /var/www/html/mymisdiagnosis/system/Model.php(570): CodeIgniter\Database\BaseBuilder->countAllResults(false)
#5 /var/www/html/mymisdiagnosis/system/BaseModel.php(1140): CodeIgniter\Model->countAllResults(false)
#6 /var/www/html/mymisdiagnosis/app/Controllers/Record.php(83): CodeIgniter\BaseModel->paginate(100000)
#7 /var/www/html/mymisdiagnosis/system/CodeIgniter.php(936): App\Controllers\Record->index()
#8 /var/www/html/mymisdiagnosis/system/CodeIgniter.php(432): CodeIgniter\CodeIgniter->runController(Object(App\Controllers\Record))
#9 /var/www/html/mymisdiagnosis/system/CodeIgniter.php(333): CodeIgniter\CodeIgniter->handleRequest(NULL, Object(Config\Cache), false)
#10 /var/www/html/mymisdiagnosis/index.php(44): CodeIgniter\CodeIgniter->run()
#11 {main}
CRITICAL - 2022-02-21 13:17:48 --> Expression #1 of SELECT list is not in GROUP BY clause and contains nonaggregated column 'mymisdiagnosis_app.record_database.record_id' which is not functionally dependent on columns in GROUP BY clause; this is incompatible with sql_mode=only_full_group_by
#0 /var/www/html/mymisdiagnosis/system/Database/MySQLi/Connection.php(314): mysqli->query('SELECT COUNT(*)...')
#1 /var/www/html/mymisdiagnosis/system/Database/BaseConnection.php(713): CodeIgniter\Database\MySQLi\Connection->execute('SELECT COUNT(*)...')
#2 /var/www/html/mymisdiagnosis/system/Database/BaseConnection.php(641): CodeIgniter\Database\BaseConnection->simpleQuery('SELECT COUNT(*)...')
#3 /var/www/html/mymisdiagnosis/system/Database/BaseBuilder.php(1966): CodeIgniter\Database\BaseConnection->query('SELECT COUNT(*)...', Array, false)
#4 /var/www/html/mymisdiagnosis/system/Model.php(570): CodeIgniter\Database\BaseBuilder->countAllResults(false)
#5 /var/www/html/mymisdiagnosis/system/BaseModel.php(1140): CodeIgniter\Model->countAllResults(false)
#6 /var/www/html/mymisdiagnosis/app/Controllers/Record.php(83): CodeIgniter\BaseModel->paginate(100000)
#7 /var/www/html/mymisdiagnosis/system/CodeIgniter.php(936): App\Controllers\Record->index()
#8 /var/www/html/mymisdiagnosis/system/CodeIgniter.php(432): CodeIgniter\CodeIgniter->runController(Object(App\Controllers\Record))
#9 /var/www/html/mymisdiagnosis/system/CodeIgniter.php(333): CodeIgniter\CodeIgniter->handleRequest(NULL, Object(Config\Cache), false)
#10 /var/www/html/mymisdiagnosis/index.php(44): CodeIgniter\CodeIgniter->run()
#11 {main}
ERROR - 2022-02-21 13:22:41 --> mysqli_sql_exception: Expression #1 of SELECT list is not in GROUP BY clause and contains nonaggregated column 'mymisdiagnosis_app.record_database.record_id' which is not functionally dependent on columns in GROUP BY clause; this is incompatible with sql_mode=only_full_group_by in /var/www/html/mymisdiagnosis/system/Database/MySQLi/Connection.php:314
Stack trace:
#0 /var/www/html/mymisdiagnosis/system/Database/MySQLi/Connection.php(314): mysqli->query('SELECT COUNT(*)...')
#1 /var/www/html/mymisdiagnosis/system/Database/BaseConnection.php(713): CodeIgniter\Database\MySQLi\Connection->execute('SELECT COUNT(*)...')
#2 /var/www/html/mymisdiagnosis/system/Database/BaseConnection.php(641): CodeIgniter\Database\BaseConnection->simpleQuery('SELECT COUNT(*)...')
#3 /var/www/html/mymisdiagnosis/system/Database/BaseBuilder.php(1966): CodeIgniter\Database\BaseConnection->query('SELECT COUNT(*)...', Array, false)
#4 /var/www/html/mymisdiagnosis/system/Model.php(570): CodeIgniter\Database\BaseBuilder->countAllResults(false)
#5 /var/www/html/mymisdiagnosis/system/BaseModel.php(1140): CodeIgniter\Model->countAllResults(false)
#6 /var/www/html/mymisdiagnosis/app/Controllers/Record.php(84): CodeIgniter\BaseModel->paginate(100000)
#7 /var/www/html/mymisdiagnosis/system/CodeIgniter.php(936): App\Controllers\Record->index()
#8 /var/www/html/mymisdiagnosis/system/CodeIgniter.php(432): CodeIgniter\CodeIgniter->runController(Object(App\Controllers\Record))
#9 /var/www/html/mymisdiagnosis/system/CodeIgniter.php(333): CodeIgniter\CodeIgniter->handleRequest(NULL, Object(Config\Cache), false)
#10 /var/www/html/mymisdiagnosis/index.php(44): CodeIgniter\CodeIgniter->run()
#11 {main}
CRITICAL - 2022-02-21 13:22:41 --> Expression #1 of SELECT list is not in GROUP BY clause and contains nonaggregated column 'mymisdiagnosis_app.record_database.record_id' which is not functionally dependent on columns in GROUP BY clause; this is incompatible with sql_mode=only_full_group_by
#0 /var/www/html/mymisdiagnosis/system/Database/MySQLi/Connection.php(314): mysqli->query('SELECT COUNT(*)...')
#1 /var/www/html/mymisdiagnosis/system/Database/BaseConnection.php(713): CodeIgniter\Database\MySQLi\Connection->execute('SELECT COUNT(*)...')
#2 /var/www/html/mymisdiagnosis/system/Database/BaseConnection.php(641): CodeIgniter\Database\BaseConnection->simpleQuery('SELECT COUNT(*)...')
#3 /var/www/html/mymisdiagnosis/system/Database/BaseBuilder.php(1966): CodeIgniter\Database\BaseConnection->query('SELECT COUNT(*)...', Array, false)
#4 /var/www/html/mymisdiagnosis/system/Model.php(570): CodeIgniter\Database\BaseBuilder->countAllResults(false)
#5 /var/www/html/mymisdiagnosis/system/BaseModel.php(1140): CodeIgniter\Model->countAllResults(false)
#6 /var/www/html/mymisdiagnosis/app/Controllers/Record.php(84): CodeIgniter\BaseModel->paginate(100000)
#7 /var/www/html/mymisdiagnosis/system/CodeIgniter.php(936): App\Controllers\Record->index()
#8 /var/www/html/mymisdiagnosis/system/CodeIgniter.php(432): CodeIgniter\CodeIgniter->runController(Object(App\Controllers\Record))
#9 /var/www/html/mymisdiagnosis/system/CodeIgniter.php(333): CodeIgniter\CodeIgniter->handleRequest(NULL, Object(Config\Cache), false)
#10 /var/www/html/mymisdiagnosis/index.php(44): CodeIgniter\CodeIgniter->run()
#11 {main}
INFO - 2022-02-21 13:22:57 --> Session: Class initialized using 'CodeIgniter\Session\Handlers\FileHandler' driver.
INFO - 2022-02-21 13:24:18 --> Session: Class initialized using 'CodeIgniter\Session\Handlers\FileHandler' driver.
CRITICAL - 2022-02-21 13:28:21 --> Use of undefined constant DISTINCT - assumed 'DISTINCT' (this will throw an Error in a future version of PHP)
#0 /var/www/html/mymisdiagnosis/app/Controllers/Record.php(81): CodeIgniter\Debug\Exceptions->errorHandler(2, 'Use of undefine...', '/var/www/html/m...', 81, Array)
#1 /var/www/html/mymisdiagnosis/system/CodeIgniter.php(936): App\Controllers\Record->index()
#2 /var/www/html/mymisdiagnosis/system/CodeIgniter.php(432): CodeIgniter\CodeIgniter->runController(Object(App\Controllers\Record))
#3 /var/www/html/mymisdiagnosis/system/CodeIgniter.php(333): CodeIgniter\CodeIgniter->handleRequest(NULL, Object(Config\Cache), false)
#4 /var/www/html/mymisdiagnosis/index.php(44): CodeIgniter\CodeIgniter->run()
#5 {main}
ERROR - 2022-02-21 13:29:01 --> mysqli_sql_exception: You have an error in your SQL syntax; check the manual that corresponds to your MySQL server version for the right syntax to use near 'FROM `record_database`
GROUP BY `record_correct_diagnosis`, `record_id`
) CI_cou' at line 4 in /var/www/html/mymisdiagnosis/system/Database/MySQLi/Connection.php:314
Stack trace:
#0 /var/www/html/mymisdiagnosis/system/Database/MySQLi/Connection.php(314): mysqli->query('SELECT COUNT(*)...')
#1 /var/www/html/mymisdiagnosis/system/Database/BaseConnection.php(713): CodeIgniter\Database\MySQLi\Connection->execute('SELECT COUNT(*)...')
#2 /var/www/html/mymisdiagnosis/system/Database/BaseConnection.php(641): CodeIgniter\Database\BaseConnection->simpleQuery('SELECT COUNT(*)...')
#3 /var/www/html/mymisdiagnosis/system/Database/BaseBuilder.php(1966): CodeIgniter\Database\BaseConnection->query('SELECT COUNT(*)...', Array, false)
#4 /var/www/html/mymisdiagnosis/system/Model.php(570): CodeIgniter\Database\BaseBuilder->countAllResults(false)
#5 /var/www/html/mymisdiagnosis/system/BaseModel.php(1140): CodeIgniter\Model->countAllResults(false)
#6 /var/www/html/mymisdiagnosis/app/Controllers/Record.php(84): CodeIgniter\BaseModel->paginate(100000)
#7 /var/www/html/mymisdiagnosis/system/CodeIgniter.php(936): App\Controllers\Record->index()
#8 /var/www/html/mymisdiagnosis/system/CodeIgniter.php(432): CodeIgniter\CodeIgniter->runController(Object(App\Controllers\Record))
#9 /var/www/html/mymisdiagnosis/system/CodeIgniter.php(333): CodeIgniter\CodeIgniter->handleRequest(NULL, Object(Config\Cache), false)
#10 /var/www/html/mymisdiagnosis/index.php(44): CodeIgniter\CodeIgniter->run()
#11 {main}
CRITICAL - 2022-02-21 13:29:01 --> You have an error in your SQL syntax; check the manual that corresponds to your MySQL server version for the right syntax to use near 'FROM `record_database`
GROUP BY `record_correct_diagnosis`, `record_id`
) CI_cou' at line 4
#0 /var/www/html/mymisdiagnosis/system/Database/MySQLi/Connection.php(314): mysqli->query('SELECT COUNT(*)...')
#1 /var/www/html/mymisdiagnosis/system/Database/BaseConnection.php(713): CodeIgniter\Database\MySQLi\Connection->execute('SELECT COUNT(*)...')
#2 /var/www/html/mymisdiagnosis/system/Database/BaseConnection.php(641): CodeIgniter\Database\BaseConnection->simpleQuery('SELECT COUNT(*)...')
#3 /var/www/html/mymisdiagnosis/system/Database/BaseBuilder.php(1966): CodeIgniter\Database\BaseConnection->query('SELECT COUNT(*)...', Array, false)
#4 /var/www/html/mymisdiagnosis/system/Model.php(570): CodeIgniter\Database\BaseBuilder->countAllResults(false)
#5 /var/www/html/mymisdiagnosis/system/BaseModel.php(1140): CodeIgniter\Model->countAllResults(false)
#6 /var/www/html/mymisdiagnosis/app/Controllers/Record.php(84): CodeIgniter\BaseModel->paginate(100000)
#7 /var/www/html/mymisdiagnosis/system/CodeIgniter.php(936): App\Controllers\Record->index()
#8 /var/www/html/mymisdiagnosis/system/CodeIgniter.php(432): CodeIgniter\CodeIgniter->runController(Object(App\Controllers\Record))
#9 /var/www/html/mymisdiagnosis/system/CodeIgniter.php(333): CodeIgniter\CodeIgniter->handleRequest(NULL, Object(Config\Cache), false)
#10 /var/www/html/mymisdiagnosis/index.php(44): CodeIgniter\CodeIgniter->run()
#11 {main}
CRITICAL - 2022-02-21 13:29:47 --> syntax error, unexpected '->' (T_OBJECT_OPERATOR)
#0 /var/www/html/mymisdiagnosis/system/Autoloader/Autoloader.php(265): CodeIgniter\Autoloader\Autoloader->includeFile('/var/www/html/m...')
#1 /var/www/html/mymisdiagnosis/system/Autoloader/Autoloader.php(228): CodeIgniter\Autoloader\Autoloader->loadInNamespace('App\\Controllers...')
#2 [internal function]: CodeIgniter\Autoloader\Autoloader->loadClass('App\\Controllers...')
#3 [internal function]: spl_autoload_call('App\\Controllers...')
#4 /var/www/html/mymisdiagnosis/system/CodeIgniter.php(893): class_exists('\\App\\Controller...', true)
#5 /var/www/html/mymisdiagnosis/system/CodeIgniter.php(417): CodeIgniter\CodeIgniter->startController()
#6 /var/www/html/mymisdiagnosis/system/CodeIgniter.php(333): CodeIgniter\CodeIgniter->handleRequest(NULL, Object(Config\Cache), false)
#7 /var/www/html/mymisdiagnosis/index.php(44): CodeIgniter\CodeIgniter->run()
#8 {main}
INFO - 2022-02-21 13:29:57 --> Session: Class initialized using 'CodeIgniter\Session\Handlers\FileHandler' driver.
INFO - 2022-02-21 13:30:12 --> Session: Class initialized using 'CodeIgniter\Session\Handlers\FileHandler' driver.
CRITICAL - 2022-02-21 13:30:12 --> Undefined index: record_id
#0 /var/www/html/mymisdiagnosis/app/Views/record_list.php(117): CodeIgniter\Debug\Exceptions->errorHandler(8, 'Undefined index...', '/var/www/html/m...', 117, Array)
#1 /var/www/html/mymisdiagnosis/system/View/View.php(220): include('/var/www/html/m...')
#2 /var/www/html/mymisdiagnosis/system/View/View.php(222): CodeIgniter\View\View->CodeIgniter\View\{closure}()
#3 /var/www/html/mymisdiagnosis/system/Common.php(1217): CodeIgniter\View\View->render('record_list', Array, true)
#4 /var/www/html/mymisdiagnosis/app/Controllers/Record.php(135): view('record_list', Array)
#5 /var/www/html/mymisdiagnosis/system/CodeIgniter.php(936): App\Controllers\Record->index()
#6 /var/www/html/mymisdiagnosis/system/CodeIgniter.php(432): CodeIgniter\CodeIgniter->runController(Object(App\Controllers\Record))
#7 /var/www/html/mymisdiagnosis/system/CodeIgniter.php(333): CodeIgniter\CodeIgniter->handleRequest(NULL, Object(Config\Cache), false)
#8 /var/www/html/mymisdiagnosis/index.php(44): CodeIgniter\CodeIgniter->run()
#9 {main}
INFO - 2022-02-21 13:30:43 --> Session: Class initialized using 'CodeIgniter\Session\Handlers\FileHandler' driver.
INFO - 2022-02-21 16:28:45 --> Session: Class initialized using 'CodeIgniter\Session\Handlers\FileHandler' driver.
INFO - 2022-02-21 16:29:04 --> Session: Class initialized using 'CodeIgniter\Session\Handlers\FileHandler' driver.
INFO - 2022-02-21 16:32:55 --> Session: Class initialized using 'CodeIgniter\Session\Handlers\FileHandler' driver.
INFO - 2022-02-21 16:33:49 --> Session: Class initialized using 'CodeIgniter\Session\Handlers\FileHandler' driver.
CRITICAL - 2022-02-21 16:33:49 --> Undefined index: record_id
#0 /var/www/html/mymisdiagnosis/app/Views/record_list.php(117): CodeIgniter\Debug\Exceptions->errorHandler(8, 'Undefined index...', '/var/www/html/m...', 117, Array)
#1 /var/www/html/mymisdiagnosis/system/View/View.php(220): include('/var/www/html/m...')
#2 /var/www/html/mymisdiagnosis/system/View/View.php(222): CodeIgniter\View\View->CodeIgniter\View\{closure}()
#3 /var/www/html/mymisdiagnosis/system/Common.php(1217): CodeIgniter\View\View->render('record_list', Array, true)
#4 /var/www/html/mymisdiagnosis/app/Controllers/Record.php(135): view('record_list', Array)
#5 /var/www/html/mymisdiagnosis/system/CodeIgniter.php(936): App\Controllers\Record->index()
#6 /var/www/html/mymisdiagnosis/system/CodeIgniter.php(432): CodeIgniter\CodeIgniter->runController(Object(App\Controllers\Record))
#7 /var/www/html/mymisdiagnosis/system/CodeIgniter.php(333): CodeIgniter\CodeIgniter->handleRequest(NULL, Object(Config\Cache), false)
#8 /var/www/html/mymisdiagnosis/index.php(44): CodeIgniter\CodeIgniter->run()
#9 {main}
INFO - 2022-02-21 16:34:04 --> Session: Class initialized using 'CodeIgniter\Session\Handlers\FileHandler' driver.
CRITICAL - 2022-02-21 16:34:04 --> Undefined index: record_misdiagnosis
#0 /var/www/html/mymisdiagnosis/app/Views/record_list.php(118): CodeIgniter\Debug\Exceptions->errorHandler(8, 'Undefined index...', '/var/www/html/m...', 118, Array)
#1 /var/www/html/mymisdiagnosis/system/View/View.php(220): include('/var/www/html/m...')
#2 /var/www/html/mymisdiagnosis/system/View/View.php(222): CodeIgniter\View\View->CodeIgniter\View\{closure}()
#3 /var/www/html/mymisdiagnosis/system/Common.php(1217): CodeIgniter\View\View->render('record_list', Array, true)
#4 /var/www/html/mymisdiagnosis/app/Controllers/Record.php(135): view('record_list', Array)
#5 /var/www/html/mymisdiagnosis/system/CodeIgniter.php(936): App\Controllers\Record->index()
#6 /var/www/html/mymisdiagnosis/system/CodeIgniter.php(432): CodeIgniter\CodeIgniter->runController(Object(App\Controllers\Record))
#7 /var/www/html/mymisdiagnosis/system/CodeIgniter.php(333): CodeIgniter\CodeIgniter->handleRequest(NULL, Object(Config\Cache), false)
#8 /var/www/html/mymisdiagnosis/index.php(44): CodeIgniter\CodeIgniter->run()
#9 {main}
INFO - 2022-02-21 16:34:42 --> Session: Class initialized using 'CodeIgniter\Session\Handlers\FileHandler' driver.
CRITICAL - 2022-02-21 16:34:42 --> Trying to access array offset on value of type null
#0 /var/www/html/mymisdiagnosis/app/Views/record_list.php(117): CodeIgniter\Debug\Exceptions->errorHandler(8, 'Trying to acces...', '/var/www/html/m...', 117, Array)
#1 /var/www/html/mymisdiagnosis/system/View/View.php(220): include('/var/www/html/m...')
#2 /var/www/html/mymisdiagnosis/system/View/View.php(222): CodeIgniter\View\View->CodeIgniter\View\{closure}()
#3 /var/www/html/mymisdiagnosis/system/Common.php(1217): CodeIgniter\View\View->render('record_list', Array, true)
#4 /var/www/html/mymisdiagnosis/app/Controllers/Record.php(134): view('record_list', Array)
#5 /var/www/html/mymisdiagnosis/system/CodeIgniter.php(936): App\Controllers\Record->index()
#6 /var/www/html/mymisdiagnosis/system/CodeIgniter.php(432): CodeIgniter\CodeIgniter->runController(Object(App\Controllers\Record))
#7 /var/www/html/mymisdiagnosis/system/CodeIgniter.php(333): CodeIgniter\CodeIgniter->handleRequest(NULL, Object(Config\Cache), false)
#8 /var/www/html/mymisdiagnosis/index.php(44): CodeIgniter\CodeIgniter->run()
#9 {main}
INFO - 2022-02-21 16:35:19 --> Session: Class initialized using 'CodeIgniter\Session\Handlers\FileHandler' driver.
CRITICAL - 2022-02-21 16:35:19 --> Cannot use object of type mysqli as array
#0 /var/www/html/mymisdiagnosis/system/View/View.php(220): include()
#1 /var/www/html/mymisdiagnosis/system/View/View.php(222): CodeIgniter\View\View->CodeIgniter\View\{closure}()
#2 /var/www/html/mymisdiagnosis/system/Common.php(1217): CodeIgniter\View\View->render('record_list', Array, true)
#3 /var/www/html/mymisdiagnosis/app/Controllers/Record.php(135): view('record_list', Array)
#4 /var/www/html/mymisdiagnosis/system/CodeIgniter.php(936): App\Controllers\Record->index()
#5 /var/www/html/mymisdiagnosis/system/CodeIgniter.php(432): CodeIgniter\CodeIgniter->runController(Object(App\Controllers\Record))
#6 /var/www/html/mymisdiagnosis/system/CodeIgniter.php(333): CodeIgniter\CodeIgniter->handleRequest(NULL, Object(Config\Cache), false)
#7 /var/www/html/mymisdiagnosis/index.php(44): CodeIgniter\CodeIgniter->run()
#8 {main}
INFO - 2022-02-21 16:43:38 --> Session: Class initialized using 'CodeIgniter\Session\Handlers\FileHandler' driver.
INFO - 2022-02-21 16:45:32 --> Session: Class initialized using 'CodeIgniter\Session\Handlers\FileHandler' driver.
CRITICAL - 2022-02-21 16:52:11 --> syntax error, unexpected '$builder' (T_VARIABLE)
#0 /var/www/html/mymisdiagnosis/system/Autoloader/Autoloader.php(265): CodeIgniter\Autoloader\Autoloader->includeFile('/var/www/html/m...')
#1 /var/www/html/mymisdiagnosis/system/Autoloader/Autoloader.php(228): CodeIgniter\Autoloader\Autoloader->loadInNamespace('App\\Controllers...')
#2 [internal function]: CodeIgniter\Autoloader\Autoloader->loadClass('App\\Controllers...')
#3 [internal function]: spl_autoload_call('App\\Controllers...')
#4 /var/www/html/mymisdiagnosis/system/CodeIgniter.php(893): class_exists('\\App\\Controller...', true)
#5 /var/www/html/mymisdiagnosis/system/CodeIgniter.php(417): CodeIgniter\CodeIgniter->startController()
#6 /var/www/html/mymisdiagnosis/system/CodeIgniter.php(333): CodeIgniter\CodeIgniter->handleRequest(NULL, Object(Config\Cache), false)
#7 /var/www/html/mymisdiagnosis/index.php(44): CodeIgniter\CodeIgniter->run()
#8 {main}
INFO - 2022-02-21 16:52:48 --> Session: Class initialized using 'CodeIgniter\Session\Handlers\FileHandler' driver.
INFO - 2022-02-21 16:53:49 --> Session: Class initialized using 'CodeIgniter\Session\Handlers\FileHandler' driver.
CRITICAL - 2022-02-21 16:53:49 --> Trying to access array offset on value of type null
#0 /var/www/html/mymisdiagnosis/app/Views/record_list.php(117): CodeIgniter\Debug\Exceptions->errorHandler(8, 'Trying to acces...', '/var/www/html/m...', 117, Array)
#1 /var/www/html/mymisdiagnosis/system/View/View.php(220): include('/var/www/html/m...')
#2 /var/www/html/mymisdiagnosis/system/View/View.php(222): CodeIgniter\View\View->CodeIgniter\View\{closure}()
#3 /var/www/html/mymisdiagnosis/system/Common.php(1217): CodeIgniter\View\View->render('record_list', Array, true)
#4 /var/www/html/mymisdiagnosis/app/Controllers/Record.php(135): view('record_list', Array)
#5 /var/www/html/mymisdiagnosis/system/CodeIgniter.php(936): App\Controllers\Record->index()
#6 /var/www/html/mymisdiagnosis/system/CodeIgniter.php(432): CodeIgniter\CodeIgniter->runController(Object(App\Controllers\Record))
#7 /var/www/html/mymisdiagnosis/system/CodeIgniter.php(333): CodeIgniter\CodeIgniter->handleRequest(NULL, Object(Config\Cache), false)
#8 /var/www/html/mymisdiagnosis/index.php(44): CodeIgniter\CodeIgniter->run()
#9 {main}
INFO - 2022-02-21 16:54:18 --> Session: Class initialized using 'CodeIgniter\Session\Handlers\FileHandler' driver.
CRITICAL - 2022-02-21 16:54:18 --> Trying to access array offset on value of type null
#0 /var/www/html/mymisdiagnosis/app/Views/record_list.php(117): CodeIgniter\Debug\Exceptions->errorHandler(8, 'Trying to acces...', '/var/www/html/m...', 117, Array)
#1 /var/www/html/mymisdiagnosis/system/View/View.php(220): include('/var/www/html/m...')
#2 /var/www/html/mymisdiagnosis/system/View/View.php(222): CodeIgniter\View\View->CodeIgniter\View\{closure}()
#3 /var/www/html/mymisdiagnosis/system/Common.php(1217): CodeIgniter\View\View->render('record_list', Array, true)
#4 /var/www/html/mymisdiagnosis/app/Controllers/Record.php(134): view('record_list', Array)
#5 /var/www/html/mymisdiagnosis/system/CodeIgniter.php(936): App\Controllers\Record->index()
#6 /var/www/html/mymisdiagnosis/system/CodeIgniter.php(432): CodeIgniter\CodeIgniter->runController(Object(App\Controllers\Record))
#7 /var/www/html/mymisdiagnosis/system/CodeIgniter.php(333): CodeIgniter\CodeIgniter->handleRequest(NULL, Object(Config\Cache), false)
#8 /var/www/html/mymisdiagnosis/index.php(44): CodeIgniter\CodeIgniter->run()
#9 {main}
INFO - 2022-02-21 16:54:20 --> Session: Class initialized using 'CodeIgniter\Session\Handlers\FileHandler' driver.
CRITICAL - 2022-02-21 16:54:20 --> Trying to access array offset on value of type null
#0 /var/www/html/mymisdiagnosis/app/Views/record_list.php(117): CodeIgniter\Debug\Exceptions->errorHandler(8, 'Trying to acces...', '/var/www/html/m...', 117, Array)
#1 /var/www/html/mymisdiagnosis/system/View/View.php(220): include('/var/www/html/m...')
#2 /var/www/html/mymisdiagnosis/system/View/View.php(222): CodeIgniter\View\View->CodeIgniter\View\{closure}()
#3 /var/www/html/mymisdiagnosis/system/Common.php(1217): CodeIgniter\View\View->render('record_list', Array, true)
#4 /var/www/html/mymisdiagnosis/app/Controllers/Record.php(134): view('record_list', Array)
#5 /var/www/html/mymisdiagnosis/system/CodeIgniter.php(936): App\Controllers\Record->index()
#6 /var/www/html/mymisdiagnosis/system/CodeIgniter.php(432): CodeIgniter\CodeIgniter->runController(Object(App\Controllers\Record))
#7 /var/www/html/mymisdiagnosis/system/CodeIgniter.php(333): CodeIgniter\CodeIgniter->handleRequest(NULL, Object(Config\Cache), false)
#8 /var/www/html/mymisdiagnosis/index.php(44): CodeIgniter\CodeIgniter->run()
#9 {main}
INFO - 2022-02-21 16:54:46 --> Session: Class initialized using 'CodeIgniter\Session\Handlers\FileHandler' driver.
CRITICAL - 2022-02-21 16:56:26 --> syntax error, unexpected '->' (T_OBJECT_OPERATOR)
#0 /var/www/html/mymisdiagnosis/system/Autoloader/Autoloader.php(265): CodeIgniter\Autoloader\Autoloader->includeFile('/var/www/html/m...')
#1 /var/www/html/mymisdiagnosis/system/Autoloader/Autoloader.php(228): CodeIgniter\Autoloader\Autoloader->loadInNamespace('App\\Controllers...')
#2 [internal function]: CodeIgniter\Autoloader\Autoloader->loadClass('App\\Controllers...')
#3 [internal function]: spl_autoload_call('App\\Controllers...')
#4 /var/www/html/mymisdiagnosis/system/CodeIgniter.php(893): class_exists('\\App\\Controller...', true)
#5 /var/www/html/mymisdiagnosis/system/CodeIgniter.php(417): CodeIgniter\CodeIgniter->startController()
#6 /var/www/html/mymisdiagnosis/system/CodeIgniter.php(333): CodeIgniter\CodeIgniter->handleRequest(NULL, Object(Config\Cache), false)
#7 /var/www/html/mymisdiagnosis/index.php(44): CodeIgniter\CodeIgniter->run()
#8 {main}
ERROR - 2022-02-21 16:59:15 --> mysqli_sql_exception: Not unique table/alias: 'record_database' in /var/www/html/mymisdiagnosis/system/Database/MySQLi/Connection.php:314
Stack trace:
#0 /var/www/html/mymisdiagnosis/system/Database/MySQLi/Connection.php(314): mysqli->query('SELECT DISTINCT...')
#1 /var/www/html/mymisdiagnosis/system/Database/BaseConnection.php(713): CodeIgniter\Database\MySQLi\Connection->execute('SELECT DISTINCT...')
#2 /var/www/html/mymisdiagnosis/system/Database/BaseConnection.php(641): CodeIgniter\Database\BaseConnection->simpleQuery('SELECT DISTINCT...')
#3 /var/www/html/mymisdiagnosis/system/Database/BaseBuilder.php(1866): CodeIgniter\Database\BaseConnection->query('SELECT DISTINCT...', Array, false)
#4 /var/www/html/mymisdiagnosis/system/Model.php(836): CodeIgniter\Database\BaseBuilder->get()
#5 /var/www/html/mymisdiagnosis/app/Controllers/Record.php(90): CodeIgniter\Model->__call('get', Array)
#6 /var/www/html/mymisdiagnosis/system/CodeIgniter.php(936): App\Controllers\Record->index()
#7 /var/www/html/mymisdiagnosis/system/CodeIgniter.php(432): CodeIgniter\CodeIgniter->runController(Object(App\Controllers\Record))
#8 /var/www/html/mymisdiagnosis/system/CodeIgniter.php(333): CodeIgniter\CodeIgniter->handleRequest(NULL, Object(Config\Cache), false)
#9 /var/www/html/mymisdiagnosis/index.php(44): CodeIgniter\CodeIgniter->run()
#10 {main}
CRITICAL - 2022-02-21 16:59:15 --> Not unique table/alias: 'record_database'
#0 /var/www/html/mymisdiagnosis/system/Database/MySQLi/Connection.php(314): mysqli->query('SELECT DISTINCT...')
#1 /var/www/html/mymisdiagnosis/system/Database/BaseConnection.php(713): CodeIgniter\Database\MySQLi\Connection->execute('SELECT DISTINCT...')
#2 /var/www/html/mymisdiagnosis/system/Database/BaseConnection.php(641): CodeIgniter\Database\BaseConnection->simpleQuery('SELECT DISTINCT...')
#3 /var/www/html/mymisdiagnosis/system/Database/BaseBuilder.php(1866): CodeIgniter\Database\BaseConnection->query('SELECT DISTINCT...', Array, false)
#4 /var/www/html/mymisdiagnosis/system/Model.php(836): CodeIgniter\Database\BaseBuilder->get()
#5 /var/www/html/mymisdiagnosis/app/Controllers/Record.php(90): CodeIgniter\Model->__call('get', Array)
#6 /var/www/html/mymisdiagnosis/system/CodeIgniter.php(936): App\Controllers\Record->index()
#7 /var/www/html/mymisdiagnosis/system/CodeIgniter.php(432): CodeIgniter\CodeIgniter->runController(Object(App\Controllers\Record))
#8 /var/www/html/mymisdiagnosis/system/CodeIgniter.php(333): CodeIgniter\CodeIgniter->handleRequest(NULL, Object(Config\Cache), false)
#9 /var/www/html/mymisdiagnosis/index.php(44): CodeIgniter\CodeIgniter->run()
#10 {main}
INFO - 2022-02-21 16:59:31 --> Session: Class initialized using 'CodeIgniter\Session\Handlers\FileHandler' driver.
CRITICAL - 2022-02-21 16:59:31 --> Cannot use object of type mysqli as array
#0 /var/www/html/mymisdiagnosis/system/View/View.php(220): include()
#1 /var/www/html/mymisdiagnosis/system/View/View.php(222): CodeIgniter\View\View->CodeIgniter\View\{closure}()
#2 /var/www/html/mymisdiagnosis/system/Common.php(1217): CodeIgniter\View\View->render('record_list', Array, true)
#3 /var/www/html/mymisdiagnosis/app/Controllers/Record.php(140): view('record_list', Array)
#4 /var/www/html/mymisdiagnosis/system/CodeIgniter.php(936): App\Controllers\Record->index()
#5 /var/www/html/mymisdiagnosis/system/CodeIgniter.php(432): CodeIgniter\CodeIgniter->runController(Object(App\Controllers\Record))
#6 /var/www/html/mymisdiagnosis/system/CodeIgniter.php(333): CodeIgniter\CodeIgniter->handleRequest(NULL, Object(Config\Cache), false)
#7 /var/www/html/mymisdiagnosis/index.php(44): CodeIgniter\CodeIgniter->run()
#8 {main}
ERROR - 2022-02-21 17:00:08 --> mysqli_sql_exception: You have an error in your SQL syntax; check the manual that corresponds to your MySQL server version for the right syntax to use near ')
ORDER BY `record_correct_diagnosis` ASC' at line 4 in /var/www/html/mymisdiagnosis/system/Database/MySQLi/Connection.php:314
Stack trace:
#0 /var/www/html/mymisdiagnosis/system/Database/MySQLi/Connection.php(314): mysqli->query('SELECT DISTINCT...')
#1 /var/www/html/mymisdiagnosis/system/Database/BaseConnection.php(713): CodeIgniter\Database\MySQLi\Connection->execute('SELECT DISTINCT...')
#2 /var/www/html/mymisdiagnosis/system/Database/BaseConnection.php(641): CodeIgniter\Database\BaseConnection->simpleQuery('SELECT DISTINCT...')
#3 /var/www/html/mymisdiagnosis/system/Database/BaseBuilder.php(1866): CodeIgniter\Database\BaseConnection->query('SELECT DISTINCT...', Array, false)
#4 /var/www/html/mymisdiagnosis/system/Model.php(836): CodeIgniter\Database\BaseBuilder->get()
#5 /var/www/html/mymisdiagnosis/app/Controllers/Record.php(91): CodeIgniter\Model->__call('get', Array)
#6 /var/www/html/mymisdiagnosis/system/CodeIgniter.php(936): App\Controllers\Record->index()
#7 /var/www/html/mymisdiagnosis/system/CodeIgniter.php(432): CodeIgniter\CodeIgniter->runController(Object(App\Controllers\Record))
#8 /var/www/html/mymisdiagnosis/system/CodeIgniter.php(333): CodeIgniter\CodeIgniter->handleRequest(NULL, Object(Config\Cache), false)
#9 /var/www/html/mymisdiagnosis/index.php(44): CodeIgniter\CodeIgniter->run()
#10 {main}
CRITICAL - 2022-02-21 17:00:08 --> You have an error in your SQL syntax; check the manual that corresponds to your MySQL server version for the right syntax to use near ')
ORDER BY `record_correct_diagnosis` ASC' at line 4
#0 /var/www/html/mymisdiagnosis/system/Database/MySQLi/Connection.php(314): mysqli->query('SELECT DISTINCT...')
#1 /var/www/html/mymisdiagnosis/system/Database/BaseConnection.php(713): CodeIgniter\Database\MySQLi\Connection->execute('SELECT DISTINCT...')
#2 /var/www/html/mymisdiagnosis/system/Database/BaseConnection.php(641): CodeIgniter\Database\BaseConnection->simpleQuery('SELECT DISTINCT...')
#3 /var/www/html/mymisdiagnosis/system/Database/BaseBuilder.php(1866): CodeIgniter\Database\BaseConnection->query('SELECT DISTINCT...', Array, false)
#4 /var/www/html/mymisdiagnosis/system/Model.php(836): CodeIgniter\Database\BaseBuilder->get()
#5 /var/www/html/mymisdiagnosis/app/Controllers/Record.php(91): CodeIgniter\Model->__call('get', Array)
#6 /var/www/html/mymisdiagnosis/system/CodeIgniter.php(936): App\Controllers\Record->index()
#7 /var/www/html/mymisdiagnosis/system/CodeIgniter.php(432): CodeIgniter\CodeIgniter->runController(Object(App\Controllers\Record))
#8 /var/www/html/mymisdiagnosis/system/CodeIgniter.php(333): CodeIgniter\CodeIgniter->handleRequest(NULL, Object(Config\Cache), false)
#9 /var/www/html/mymisdiagnosis/index.php(44): CodeIgniter\CodeIgniter->run()
#10 {main}
INFO - 2022-02-21 17:00:45 --> Session: Class initialized using 'CodeIgniter\Session\Handlers\FileHandler' driver.
ERROR - 2022-02-21 17:03:29 --> mysqli_sql_exception: Expression #1 of SELECT list is not in GROUP BY clause and contains nonaggregated column 'mymisdiagnosis_app.record_database.record_id' which is not functionally dependent on columns in GROUP BY clause; this is incompatible with sql_mode=only_full_group_by in /var/www/html/mymisdiagnosis/system/Database/MySQLi/Connection.php:314
Stack trace:
#0 /var/www/html/mymisdiagnosis/system/Database/MySQLi/Connection.php(314): mysqli->query('SELECT COUNT(*)...')
#1 /var/www/html/mymisdiagnosis/system/Database/BaseConnection.php(713): CodeIgniter\Database\MySQLi\Connection->execute('SELECT COUNT(*)...')
#2 /var/www/html/mymisdiagnosis/system/Database/BaseConnection.php(641): CodeIgniter\Database\BaseConnection->simpleQuery('SELECT COUNT(*)...')
#3 /var/www/html/mymisdiagnosis/system/Database/BaseBuilder.php(1966): CodeIgniter\Database\BaseConnection->query('SELECT COUNT(*)...', Array, false)
#4 /var/www/html/mymisdiagnosis/system/Model.php(570): CodeIgniter\Database\BaseBuilder->countAllResults(false)
#5 /var/www/html/mymisdiagnosis/system/BaseModel.php(1140): CodeIgniter\Model->countAllResults(false)
#6 /var/www/html/mymisdiagnosis/app/Controllers/Record.php(86): CodeIgniter\BaseModel->paginate(100000)
#7 /var/www/html/mymisdiagnosis/system/CodeIgniter.php(936): App\Controllers\Record->index()
#8 /var/www/html/mymisdiagnosis/system/CodeIgniter.php(432): CodeIgniter\CodeIgniter->runController(Object(App\Controllers\Record))
#9 /var/www/html/mymisdiagnosis/system/CodeIgniter.php(333): CodeIgniter\CodeIgniter->handleRequest(NULL, Object(Config\Cache), false)
#10 /var/www/html/mymisdiagnosis/index.php(44): CodeIgniter\CodeIgniter->run()
#11 {main}
CRITICAL - 2022-02-21 17:03:29 --> Expression #1 of SELECT list is not in GROUP BY clause and contains nonaggregated column 'mymisdiagnosis_app.record_database.record_id' which is not functionally dependent on columns in GROUP BY clause; this is incompatible with sql_mode=only_full_group_by
#0 /var/www/html/mymisdiagnosis/system/Database/MySQLi/Connection.php(314): mysqli->query('SELECT COUNT(*)...')
#1 /var/www/html/mymisdiagnosis/system/Database/BaseConnection.php(713): CodeIgniter\Database\MySQLi\Connection->execute('SELECT COUNT(*)...')
#2 /var/www/html/mymisdiagnosis/system/Database/BaseConnection.php(641): CodeIgniter\Database\BaseConnection->simpleQuery('SELECT COUNT(*)...')
#3 /var/www/html/mymisdiagnosis/system/Database/BaseBuilder.php(1966): CodeIgniter\Database\BaseConnection->query('SELECT COUNT(*)...', Array, false)
#4 /var/www/html/mymisdiagnosis/system/Model.php(570): CodeIgniter\Database\BaseBuilder->countAllResults(false)
#5 /var/www/html/mymisdiagnosis/system/BaseModel.php(1140): CodeIgniter\Model->countAllResults(false)
#6 /var/www/html/mymisdiagnosis/app/Controllers/Record.php(86): CodeIgniter\BaseModel->paginate(100000)
#7 /var/www/html/mymisdiagnosis/system/CodeIgniter.php(936): App\Controllers\Record->index()
#8 /var/www/html/mymisdiagnosis/system/CodeIgniter.php(432): CodeIgniter\CodeIgniter->runController(Object(App\Controllers\Record))
#9 /var/www/html/mymisdiagnosis/system/CodeIgniter.php(333): CodeIgniter\CodeIgniter->handleRequest(NULL, Object(Config\Cache), false)
#10 /var/www/html/mymisdiagnosis/index.php(44): CodeIgniter\CodeIgniter->run()
#11 {main}
INFO - 2022-02-21 17:03:55 --> Session: Class initialized using 'CodeIgniter\Session\Handlers\FileHandler' driver.
CRITICAL - 2022-02-21 17:03:55 --> Undefined index: record_id
#0 /var/www/html/mymisdiagnosis/app/Views/record_list.php(117): CodeIgniter\Debug\Exceptions->errorHandler(8, 'Undefined index...', '/var/www/html/m...', 117, Array)
#1 /var/www/html/mymisdiagnosis/system/View/View.php(220): include('/var/www/html/m...')
#2 /var/www/html/mymisdiagnosis/system/View/View.php(222): CodeIgniter\View\View->CodeIgniter\View\{closure}()
#3 /var/www/html/mymisdiagnosis/system/Common.php(1217): CodeIgniter\View\View->render('record_list', Array, true)
#4 /var/www/html/mymisdiagnosis/app/Controllers/Record.php(137): view('record_list', Array)
#5 /var/www/html/mymisdiagnosis/system/CodeIgniter.php(936): App\Controllers\Record->index()
#6 /var/www/html/mymisdiagnosis/system/CodeIgniter.php(432): CodeIgniter\CodeIgniter->runController(Object(App\Controllers\Record))
#7 /var/www/html/mymisdiagnosis/system/CodeIgniter.php(333): CodeIgniter\CodeIgniter->handleRequest(NULL, Object(Config\Cache), false)
#8 /var/www/html/mymisdiagnosis/index.php(44): CodeIgniter\CodeIgniter->run()
#9 {main}
ERROR - 2022-02-21 17:04:11 --> mysqli_sql_exception: Expression #1 of SELECT list is not in GROUP BY clause and contains nonaggregated column 'mymisdiagnosis_app.record_database.record_id' which is not functionally dependent on columns in GROUP BY clause; this is incompatible with sql_mode=only_full_group_by in /var/www/html/mymisdiagnosis/system/Database/MySQLi/Connection.php:314
Stack trace:
#0 /var/www/html/mymisdiagnosis/system/Database/MySQLi/Connection.php(314): mysqli->query('SELECT COUNT(*)...')
#1 /var/www/html/mymisdiagnosis/system/Database/BaseConnection.php(713): CodeIgniter\Database\MySQLi\Connection->execute('SELECT COUNT(*)...')
#2 /var/www/html/mymisdiagnosis/system/Database/BaseConnection.php(641): CodeIgniter\Database\BaseConnection->simpleQuery('SELECT COUNT(*)...')
#3 /var/www/html/mymisdiagnosis/system/Database/BaseBuilder.php(1966): CodeIgniter\Database\BaseConnection->query('SELECT COUNT(*)...', Array, false)
#4 /var/www/html/mymisdiagnosis/system/Model.php(570): CodeIgniter\Database\BaseBuilder->countAllResults(false)
#5 /var/www/html/mymisdiagnosis/system/BaseModel.php(1140): CodeIgniter\Model->countAllResults(false)
#6 /var/www/html/mymisdiagnosis/app/Controllers/Record.php(86): CodeIgniter\BaseModel->paginate(100000)
#7 /var/www/html/mymisdiagnosis/system/CodeIgniter.php(936): App\Controllers\Record->index()
#8 /var/www/html/mymisdiagnosis/system/CodeIgniter.php(432): CodeIgniter\CodeIgniter->runController(Object(App\Controllers\Record))
#9 /var/www/html/mymisdiagnosis/system/CodeIgniter.php(333): CodeIgniter\CodeIgniter->handleRequest(NULL, Object(Config\Cache), false)
#10 /var/www/html/mymisdiagnosis/index.php(44): CodeIgniter\CodeIgniter->run()
#11 {main}
CRITICAL - 2022-02-21 17:04:11 --> Expression #1 of SELECT list is not in GROUP BY clause and contains nonaggregated column 'mymisdiagnosis_app.record_database.record_id' which is not functionally dependent on columns in GROUP BY clause; this is incompatible with sql_mode=only_full_group_by
#0 /var/www/html/mymisdiagnosis/system/Database/MySQLi/Connection.php(314): mysqli->query('SELECT COUNT(*)...')
#1 /var/www/html/mymisdiagnosis/system/Database/BaseConnection.php(713): CodeIgniter\Database\MySQLi\Connection->execute('SELECT COUNT(*)...')
#2 /var/www/html/mymisdiagnosis/system/Database/BaseConnection.php(641): CodeIgniter\Database\BaseConnection->simpleQuery('SELECT COUNT(*)...')
#3 /var/www/html/mymisdiagnosis/system/Database/BaseBuilder.php(1966): CodeIgniter\Database\BaseConnection->query('SELECT COUNT(*)...', Array, false)
#4 /var/www/html/mymisdiagnosis/system/Model.php(570): CodeIgniter\Database\BaseBuilder->countAllResults(false)
#5 /var/www/html/mymisdiagnosis/system/BaseModel.php(1140): CodeIgniter\Model->countAllResults(false)
#6 /var/www/html/mymisdiagnosis/app/Controllers/Record.php(86): CodeIgniter\BaseModel->paginate(100000)
#7 /var/www/html/mymisdiagnosis/system/CodeIgniter.php(936): App\Controllers\Record->index()
#8 /var/www/html/mymisdiagnosis/system/CodeIgniter.php(432): CodeIgniter\CodeIgniter->runController(Object(App\Controllers\Record))
#9 /var/www/html/mymisdiagnosis/system/CodeIgniter.php(333): CodeIgniter\CodeIgniter->handleRequest(NULL, Object(Config\Cache), false)
#10 /var/www/html/mymisdiagnosis/index.php(44): CodeIgniter\CodeIgniter->run()
#11 {main}
INFO - 2022-02-21 17:08:02 --> Session: Class initialized using 'CodeIgniter\Session\Handlers\FileHandler' driver.
ERROR - 2022-02-21 17:12:40 --> mysqli_sql_exception: You have an error in your SQL syntax; check the manual that corresponds to your MySQL server version for the right syntax to use near 'FROM `record_database`
) CI_count_all_results' at line 4 in /var/www/html/mymisdiagnosis/system/Database/MySQLi/Connection.php:314
Stack trace:
#0 /var/www/html/mymisdiagnosis/system/Database/MySQLi/Connection.php(314): mysqli->query('SELECT COUNT(*)...')
#1 /var/www/html/mymisdiagnosis/system/Database/BaseConnection.php(713): CodeIgniter\Database\MySQLi\Connection->execute('SELECT COUNT(*)...')
#2 /var/www/html/mymisdiagnosis/system/Database/BaseConnection.php(641): CodeIgniter\Database\BaseConnection->simpleQuery('SELECT COUNT(*)...')
#3 /var/www/html/mymisdiagnosis/system/Database/BaseBuilder.php(1966): CodeIgniter\Database\BaseConnection->query('SELECT COUNT(*)...', Array, false)
#4 /var/www/html/mymisdiagnosis/system/Model.php(570): CodeIgniter\Database\BaseBuilder->countAllResults(false)
#5 /var/www/html/mymisdiagnosis/system/BaseModel.php(1140): CodeIgniter\Model->countAllResults(false)
#6 /var/www/html/mymisdiagnosis/app/Controllers/Record.php(85): CodeIgniter\BaseModel->paginate(100000)
#7 /var/www/html/mymisdiagnosis/system/CodeIgniter.php(936): App\Controllers\Record->index()
#8 /var/www/html/mymisdiagnosis/system/CodeIgniter.php(432): CodeIgniter\CodeIgniter->runController(Object(App\Controllers\Record))
#9 /var/www/html/mymisdiagnosis/system/CodeIgniter.php(333): CodeIgniter\CodeIgniter->handleRequest(NULL, Object(Config\Cache), false)
#10 /var/www/html/mymisdiagnosis/index.php(44): CodeIgniter\CodeIgniter->run()
#11 {main}
CRITICAL - 2022-02-21 17:12:40 --> You have an error in your SQL syntax; check the manual that corresponds to your MySQL server version for the right syntax to use near 'FROM `record_database`
) CI_count_all_results' at line 4
#0 /var/www/html/mymisdiagnosis/system/Database/MySQLi/Connection.php(314): mysqli->query('SELECT COUNT(*)...')
#1 /var/www/html/mymisdiagnosis/system/Database/BaseConnection.php(713): CodeIgniter\Database\MySQLi\Connection->execute('SELECT COUNT(*)...')
#2 /var/www/html/mymisdiagnosis/system/Database/BaseConnection.php(641): CodeIgniter\Database\BaseConnection->simpleQuery('SELECT COUNT(*)...')
#3 /var/www/html/mymisdiagnosis/system/Database/BaseBuilder.php(1966): CodeIgniter\Database\BaseConnection->query('SELECT COUNT(*)...', Array, false)
#4 /var/www/html/mymisdiagnosis/system/Model.php(570): CodeIgniter\Database\BaseBuilder->countAllResults(false)
#5 /var/www/html/mymisdiagnosis/system/BaseModel.php(1140): CodeIgniter\Model->countAllResults(false)
#6 /var/www/html/mymisdiagnosis/app/Controllers/Record.php(85): CodeIgniter\BaseModel->paginate(100000)
#7 /var/www/html/mymisdiagnosis/system/CodeIgniter.php(936): App\Controllers\Record->index()
#8 /var/www/html/mymisdiagnosis/system/CodeIgniter.php(432): CodeIgniter\CodeIgniter->runController(Object(App\Controllers\Record))
#9 /var/www/html/mymisdiagnosis/system/CodeIgniter.php(333): CodeIgniter\CodeIgniter->handleRequest(NULL, Object(Config\Cache), false)
#10 /var/www/html/mymisdiagnosis/index.php(44): CodeIgniter\CodeIgniter->run()
#11 {main}
ERROR - 2022-02-21 17:13:00 --> mysqli_sql_exception: Unknown column 'DISTINCT' in 'field list' in /var/www/html/mymisdiagnosis/system/Database/MySQLi/Connection.php:314
Stack trace:
#0 /var/www/html/mymisdiagnosis/system/Database/MySQLi/Connection.php(314): mysqli->query('SELECT COUNT(*)...')
#1 /var/www/html/mymisdiagnosis/system/Database/BaseConnection.php(713): CodeIgniter\Database\MySQLi\Connection->execute('SELECT COUNT(*)...')
#2 /var/www/html/mymisdiagnosis/system/Database/BaseConnection.php(641): CodeIgniter\Database\BaseConnection->simpleQuery('SELECT COUNT(*)...')
#3 /var/www/html/mymisdiagnosis/system/Database/BaseBuilder.php(1966): CodeIgniter\Database\BaseConnection->query('SELECT COUNT(*)...', Array, false)
#4 /var/www/html/mymisdiagnosis/system/Model.php(570): CodeIgniter\Database\BaseBuilder->countAllResults(false)
#5 /var/www/html/mymisdiagnosis/system/BaseModel.php(1140): CodeIgniter\Model->countAllResults(false)
#6 /var/www/html/mymisdiagnosis/app/Controllers/Record.php(85): CodeIgniter\BaseModel->paginate(100000)
#7 /var/www/html/mymisdiagnosis/system/CodeIgniter.php(936): App\Controllers\Record->index()
#8 /var/www/html/mymisdiagnosis/system/CodeIgniter.php(432): CodeIgniter\CodeIgniter->runController(Object(App\Controllers\Record))
#9 /var/www/html/mymisdiagnosis/system/CodeIgniter.php(333): CodeIgniter\CodeIgniter->handleRequest(NULL, Object(Config\Cache), false)
#10 /var/www/html/mymisdiagnosis/index.php(44): CodeIgniter\CodeIgniter->run()
#11 {main}
CRITICAL - 2022-02-21 17:13:00 --> Unknown column 'DISTINCT' in 'field list'
#0 /var/www/html/mymisdiagnosis/system/Database/MySQLi/Connection.php(314): mysqli->query('SELECT COUNT(*)...')
#1 /var/www/html/mymisdiagnosis/system/Database/BaseConnection.php(713): CodeIgniter\Database\MySQLi\Connection->execute('SELECT COUNT(*)...')
#2 /var/www/html/mymisdiagnosis/system/Database/BaseConnection.php(641): CodeIgniter\Database\BaseConnection->simpleQuery('SELECT COUNT(*)...')
#3 /var/www/html/mymisdiagnosis/system/Database/BaseBuilder.php(1966): CodeIgniter\Database\BaseConnection->query('SELECT COUNT(*)...', Array, false)
#4 /var/www/html/mymisdiagnosis/system/Model.php(570): CodeIgniter\Database\BaseBuilder->countAllResults(false)
#5 /var/www/html/mymisdiagnosis/system/BaseModel.php(1140): CodeIgniter\Model->countAllResults(false)
#6 /var/www/html/mymisdiagnosis/app/Controllers/Record.php(85): CodeIgniter\BaseModel->paginate(100000)
#7 /var/www/html/mymisdiagnosis/system/CodeIgniter.php(936): App\Controllers\Record->index()
#8 /var/www/html/mymisdiagnosis/system/CodeIgniter.php(432): CodeIgniter\CodeIgniter->runController(Object(App\Controllers\Record))
#9 /var/www/html/mymisdiagnosis/system/CodeIgniter.php(333): CodeIgniter\CodeIgniter->handleRequest(NULL, Object(Config\Cache), false)
#10 /var/www/html/mymisdiagnosis/index.php(44): CodeIgniter\CodeIgniter->run()
#11 {main}
INFO - 2022-02-21 17:13:27 --> Session: Class initialized using 'CodeIgniter\Session\Handlers\FileHandler' driver.
INFO - 2022-02-21 17:13:50 --> Session: Class initialized using 'CodeIgniter\Session\Handlers\FileHandler' driver.
INFO - 2022-02-21 17:13:56 --> Session: Class initialized using 'CodeIgniter\Session\Handlers\FileHandler' driver.
INFO - 2022-02-21 17:13:57 --> Session: Class initialized using 'CodeIgniter\Session\Handlers\FileHandler' driver.
INFO - 2022-02-21 17:16:01 --> Session: Class initialized using 'CodeIgniter\Session\Handlers\FileHandler' driver.
INFO - 2022-02-21 17:16:15 --> Session: Class initialized using 'CodeIgniter\Session\Handlers\FileHandler' driver.
CRITICAL - 2022-02-21 17:16:15 --> Undefined variable: pager
#0 /var/www/html/mymisdiagnosis/app/Views/record_list.php(93): CodeIgniter\Debug\Exceptions->errorHandler(8, 'Undefined varia...', '/var/www/html/m...', 93, Array)
#1 /var/www/html/mymisdiagnosis/system/View/View.php(220): include('/var/www/html/m...')
#2 /var/www/html/mymisdiagnosis/system/View/View.php(222): CodeIgniter\View\View->CodeIgniter\View\{closure}()
#3 /var/www/html/mymisdiagnosis/system/Common.php(1217): CodeIgniter\View\View->render('record_list', Array, true)
#4 /var/www/html/mymisdiagnosis/app/Controllers/Record.php(135): view('record_list', Array)
#5 /var/www/html/mymisdiagnosis/system/CodeIgniter.php(936): App\Controllers\Record->index()
#6 /var/www/html/mymisdiagnosis/system/CodeIgniter.php(432): CodeIgniter\CodeIgniter->runController(Object(App\Controllers\Record))
#7 /var/www/html/mymisdiagnosis/system/CodeIgniter.php(333): CodeIgniter\CodeIgniter->handleRequest(NULL, Object(Config\Cache), false)
#8 /var/www/html/mymisdiagnosis/index.php(44): CodeIgniter\CodeIgniter->run()
#9 {main}
INFO - 2022-02-21 17:16:23 --> Session: Class initialized using 'CodeIgniter\Session\Handlers\FileHandler' driver.
INFO - 2022-02-21 17:17:46 --> Session: Class initialized using 'CodeIgniter\Session\Handlers\FileHandler' driver.
CRITICAL - 2022-02-21 17:17:46 --> Cannot use object of type mysqli as array
#0 /var/www/html/mymisdiagnosis/system/View/View.php(220): include()
#1 /var/www/html/mymisdiagnosis/system/View/View.php(222): CodeIgniter\View\View->CodeIgniter\View\{closure}()
#2 /var/www/html/mymisdiagnosis/system/Common.php(1217): CodeIgniter\View\View->render('record_list', Array, true)
#3 /var/www/html/mymisdiagnosis/app/Controllers/Record.php(135): view('record_list', Array)
#4 /var/www/html/mymisdiagnosis/system/CodeIgniter.php(936): App\Controllers\Record->index()
#5 /var/www/html/mymisdiagnosis/system/CodeIgniter.php(432): CodeIgniter\CodeIgniter->runController(Object(App\Controllers\Record))
#6 /var/www/html/mymisdiagnosis/system/CodeIgniter.php(333): CodeIgniter\CodeIgniter->handleRequest(NULL, Object(Config\Cache), false)
#7 /var/www/html/mymisdiagnosis/index.php(44): CodeIgniter\CodeIgniter->run()
#8 {main}
INFO - 2022-02-21 17:21:34 --> Session: Class initialized using 'CodeIgniter\Session\Handlers\FileHandler' driver.
CRITICAL - 2022-02-21 17:21:34 --> Trying to access array offset on value of type null
#0 /var/www/html/mymisdiagnosis/app/Views/record_list.php(117): CodeIgniter\Debug\Exceptions->errorHandler(8, 'Trying to acces...', '/var/www/html/m...', 117, Array)
#1 /var/www/html/mymisdiagnosis/system/View/View.php(220): include('/var/www/html/m...')
#2 /var/www/html/mymisdiagnosis/system/View/View.php(222): CodeIgniter\View\View->CodeIgniter\View\{closure}()
#3 /var/www/html/mymisdiagnosis/system/Common.php(1217): CodeIgniter\View\View->render('record_list', Array, true)
#4 /var/www/html/mymisdiagnosis/app/Controllers/Record.php(134): view('record_list', Array)
#5 /var/www/html/mymisdiagnosis/system/CodeIgniter.php(936): App\Controllers\Record->index()
#6 /var/www/html/mymisdiagnosis/system/CodeIgniter.php(432): CodeIgniter\CodeIgniter->runController(Object(App\Controllers\Record))
#7 /var/www/html/mymisdiagnosis/system/CodeIgniter.php(333): CodeIgniter\CodeIgniter->handleRequest(NULL, Object(Config\Cache), false)
#8 /var/www/html/mymisdiagnosis/index.php(44): CodeIgniter\CodeIgniter->run()
#9 {main}
CRITICAL - 2022-02-21 17:23:09 --> syntax error, unexpected '$query' (T_VARIABLE)
#0 /var/www/html/mymisdiagnosis/system/Autoloader/Autoloader.php(265): CodeIgniter\Autoloader\Autoloader->includeFile('/var/www/html/m...')
#1 /var/www/html/mymisdiagnosis/system/Autoloader/Autoloader.php(228): CodeIgniter\Autoloader\Autoloader->loadInNamespace('App\\Controllers...')
#2 [internal function]: CodeIgniter\Autoloader\Autoloader->loadClass('App\\Controllers...')
#3 [internal function]: spl_autoload_call('App\\Controllers...')
#4 /var/www/html/mymisdiagnosis/system/CodeIgniter.php(893): class_exists('\\App\\Controller...', true)
#5 /var/www/html/mymisdiagnosis/system/CodeIgniter.php(417): CodeIgniter\CodeIgniter->startController()
#6 /var/www/html/mymisdiagnosis/system/CodeIgniter.php(333): CodeIgniter\CodeIgniter->handleRequest(NULL, Object(Config\Cache), false)
#7 /var/www/html/mymisdiagnosis/index.php(44): CodeIgniter\CodeIgniter->run()
#8 {main}
CRITICAL - 2022-02-21 17:23:25 --> syntax error, unexpected '$query' (T_VARIABLE)
#0 /var/www/html/mymisdiagnosis/system/Autoloader/Autoloader.php(265): CodeIgniter\Autoloader\Autoloader->includeFile('/var/www/html/m...')
#1 /var/www/html/mymisdiagnosis/system/Autoloader/Autoloader.php(228): CodeIgniter\Autoloader\Autoloader->loadInNamespace('App\\Controllers...')
#2 [internal function]: CodeIgniter\Autoloader\Autoloader->loadClass('App\\Controllers...')
#3 [internal function]: spl_autoload_call('App\\Controllers...')
#4 /var/www/html/mymisdiagnosis/system/CodeIgniter.php(893): class_exists('\\App\\Controller...', true)
#5 /var/www/html/mymisdiagnosis/system/CodeIgniter.php(417): CodeIgniter\CodeIgniter->startController()
#6 /var/www/html/mymisdiagnosis/system/CodeIgniter.php(333): CodeIgniter\CodeIgniter->handleRequest(NULL, Object(Config\Cache), false)
#7 /var/www/html/mymisdiagnosis/index.php(44): CodeIgniter\CodeIgniter->run()
#8 {main}
CRITICAL - 2022-02-21 17:23:56 --> syntax error, unexpected '$data' (T_VARIABLE)
#0 /var/www/html/mymisdiagnosis/system/Autoloader/Autoloader.php(265): CodeIgniter\Autoloader\Autoloader->includeFile('/var/www/html/m...')
#1 /var/www/html/mymisdiagnosis/system/Autoloader/Autoloader.php(228): CodeIgniter\Autoloader\Autoloader->loadInNamespace('App\\Controllers...')
#2 [internal function]: CodeIgniter\Autoloader\Autoloader->loadClass('App\\Controllers...')
#3 [internal function]: spl_autoload_call('App\\Controllers...')
#4 /var/www/html/mymisdiagnosis/system/CodeIgniter.php(893): class_exists('\\App\\Controller...', true)
#5 /var/www/html/mymisdiagnosis/system/CodeIgniter.php(417): CodeIgniter\CodeIgniter->startController()
#6 /var/www/html/mymisdiagnosis/system/CodeIgniter.php(333): CodeIgniter\CodeIgniter->handleRequest(NULL, Object(Config\Cache), false)
#7 /var/www/html/mymisdiagnosis/index.php(44): CodeIgniter\CodeIgniter->run()
#8 {main}
INFO - 2022-02-21 17:24:10 --> Session: Class initialized using 'CodeIgniter\Session\Handlers\FileHandler' driver.
ERROR - 2022-02-21 17:25:26 --> mysqli_sql_exception: Expression #1 of SELECT list is not in GROUP BY clause and contains nonaggregated column 'mymisdiagnosis_app.record_database.record_id' which is not functionally dependent on columns in GROUP BY clause; this is incompatible with sql_mode=only_full_group_by in /var/www/html/mymisdiagnosis/system/Database/MySQLi/Connection.php:314
Stack trace:
#0 /var/www/html/mymisdiagnosis/system/Database/MySQLi/Connection.php(314): mysqli->query('SELECT COUNT(*)...')
#1 /var/www/html/mymisdiagnosis/system/Database/BaseConnection.php(713): CodeIgniter\Database\MySQLi\Connection->execute('SELECT COUNT(*)...')
#2 /var/www/html/mymisdiagnosis/system/Database/BaseConnection.php(641): CodeIgniter\Database\BaseConnection->simpleQuery('SELECT COUNT(*)...')
#3 /var/www/html/mymisdiagnosis/system/Database/BaseBuilder.php(1966): CodeIgniter\Database\BaseConnection->query('SELECT COUNT(*)...', Array, false)
#4 /var/www/html/mymisdiagnosis/system/Model.php(570): CodeIgniter\Database\BaseBuilder->countAllResults(false)
#5 /var/www/html/mymisdiagnosis/system/BaseModel.php(1140): CodeIgniter\Model->countAllResults(false)
#6 /var/www/html/mymisdiagnosis/app/Controllers/Record.php(85): CodeIgniter\BaseModel->paginate(100000)
#7 /var/www/html/mymisdiagnosis/system/CodeIgniter.php(936): App\Controllers\Record->index()
#8 /var/www/html/mymisdiagnosis/system/CodeIgniter.php(432): CodeIgniter\CodeIgniter->runController(Object(App\Controllers\Record))
#9 /var/www/html/mymisdiagnosis/system/CodeIgniter.php(333): CodeIgniter\CodeIgniter->handleRequest(NULL, Object(Config\Cache), false)
#10 /var/www/html/mymisdiagnosis/index.php(44): CodeIgniter\CodeIgniter->run()
#11 {main}
CRITICAL - 2022-02-21 17:25:26 --> Expression #1 of SELECT list is not in GROUP BY clause and contains nonaggregated column 'mymisdiagnosis_app.record_database.record_id' which is not functionally dependent on columns in GROUP BY clause; this is incompatible with sql_mode=only_full_group_by
#0 /var/www/html/mymisdiagnosis/system/Database/MySQLi/Connection.php(314): mysqli->query('SELECT COUNT(*)...')
#1 /var/www/html/mymisdiagnosis/system/Database/BaseConnection.php(713): CodeIgniter\Database\MySQLi\Connection->execute('SELECT COUNT(*)...')
#2 /var/www/html/mymisdiagnosis/system/Database/BaseConnection.php(641): CodeIgniter\Database\BaseConnection->simpleQuery('SELECT COUNT(*)...')
#3 /var/www/html/mymisdiagnosis/system/Database/BaseBuilder.php(1966): CodeIgniter\Database\BaseConnection->query('SELECT COUNT(*)...', Array, false)
#4 /var/www/html/mymisdiagnosis/system/Model.php(570): CodeIgniter\Database\BaseBuilder->countAllResults(false)
#5 /var/www/html/mymisdiagnosis/system/BaseModel.php(1140): CodeIgniter\Model->countAllResults(false)
#6 /var/www/html/mymisdiagnosis/app/Controllers/Record.php(85): CodeIgniter\BaseModel->paginate(100000)
#7 /var/www/html/mymisdiagnosis/system/CodeIgniter.php(936): App\Controllers\Record->index()
#8 /var/www/html/mymisdiagnosis/system/CodeIgniter.php(432): CodeIgniter\CodeIgniter->runController(Object(App\Controllers\Record))
#9 /var/www/html/mymisdiagnosis/system/CodeIgniter.php(333): CodeIgniter\CodeIgniter->handleRequest(NULL, Object(Config\Cache), false)
#10 /var/www/html/mymisdiagnosis/index.php(44): CodeIgniter\CodeIgniter->run()
#11 {main}
INFO - 2022-02-21 17:25:44 --> Session: Class initialized using 'CodeIgniter\Session\Handlers\FileHandler' driver.
INFO - 2022-02-21 17:26:08 --> Session: Class initialized using 'CodeIgniter\Session\Handlers\FileHandler' driver.
INFO - 2022-02-21 17:30:02 --> Session: Class initialized using 'CodeIgniter\Session\Handlers\FileHandler' driver.
ERROR - 2022-02-21 17:30:30 --> mysqli_sql_exception: Expression #1 of SELECT list is not in GROUP BY clause and contains nonaggregated column 'mymisdiagnosis_app.record_database.record_id' which is not functionally dependent on columns in GROUP BY clause; this is incompatible with sql_mode=only_full_group_by in /var/www/html/mymisdiagnosis/system/Database/MySQLi/Connection.php:314
Stack trace:
#0 /var/www/html/mymisdiagnosis/system/Database/MySQLi/Connection.php(314): mysqli->query('SELECT COUNT(*)...')
#1 /var/www/html/mymisdiagnosis/system/Database/BaseConnection.php(713): CodeIgniter\Database\MySQLi\Connection->execute('SELECT COUNT(*)...')
#2 /var/www/html/mymisdiagnosis/system/Database/BaseConnection.php(641): CodeIgniter\Database\BaseConnection->simpleQuery('SELECT COUNT(*)...')
#3 /var/www/html/mymisdiagnosis/system/Database/BaseBuilder.php(1966): CodeIgniter\Database\BaseConnection->query('SELECT COUNT(*)...', Array, false)
#4 /var/www/html/mymisdiagnosis/system/Model.php(570): CodeIgniter\Database\BaseBuilder->countAllResults(false)
#5 /var/www/html/mymisdiagnosis/system/BaseModel.php(1140): CodeIgniter\Model->countAllResults(false)
#6 /var/www/html/mymisdiagnosis/app/Controllers/Record.php(85): CodeIgniter\BaseModel->paginate(100000)
#7 /var/www/html/mymisdiagnosis/system/CodeIgniter.php(936): App\Controllers\Record->index()
#8 /var/www/html/mymisdiagnosis/system/CodeIgniter.php(432): CodeIgniter\CodeIgniter->runController(Object(App\Controllers\Record))
#9 /var/www/html/mymisdiagnosis/system/CodeIgniter.php(333): CodeIgniter\CodeIgniter->handleRequest(NULL, Object(Config\Cache), false)
#10 /var/www/html/mymisdiagnosis/index.php(44): CodeIgniter\CodeIgniter->run()
#11 {main}
CRITICAL - 2022-02-21 17:30:30 --> Expression #1 of SELECT list is not in GROUP BY clause and contains nonaggregated column 'mymisdiagnosis_app.record_database.record_id' which is not functionally dependent on columns in GROUP BY clause; this is incompatible with sql_mode=only_full_group_by
#0 /var/www/html/mymisdiagnosis/system/Database/MySQLi/Connection.php(314): mysqli->query('SELECT COUNT(*)...')
#1 /var/www/html/mymisdiagnosis/system/Database/BaseConnection.php(713): CodeIgniter\Database\MySQLi\Connection->execute('SELECT COUNT(*)...')
#2 /var/www/html/mymisdiagnosis/system/Database/BaseConnection.php(641): CodeIgniter\Database\BaseConnection->simpleQuery('SELECT COUNT(*)...')
#3 /var/www/html/mymisdiagnosis/system/Database/BaseBuilder.php(1966): CodeIgniter\Database\BaseConnection->query('SELECT COUNT(*)...', Array, false)
#4 /var/www/html/mymisdiagnosis/system/Model.php(570): CodeIgniter\Database\BaseBuilder->countAllResults(false)
#5 /var/www/html/mymisdiagnosis/system/BaseModel.php(1140): CodeIgniter\Model->countAllResults(false)
#6 /var/www/html/mymisdiagnosis/app/Controllers/Record.php(85): CodeIgniter\BaseModel->paginate(100000)
#7 /var/www/html/mymisdiagnosis/system/CodeIgniter.php(936): App\Controllers\Record->index()
#8 /var/www/html/mymisdiagnosis/system/CodeIgniter.php(432): CodeIgniter\CodeIgniter->runController(Object(App\Controllers\Record))
#9 /var/www/html/mymisdiagnosis/system/CodeIgniter.php(333): CodeIgniter\CodeIgniter->handleRequest(NULL, Object(Config\Cache), false)
#10 /var/www/html/mymisdiagnosis/index.php(44): CodeIgniter\CodeIgniter->run()
#11 {main}
ERROR - 2022-02-21 17:32:10 --> mysqli_sql_exception: Expression #1 of SELECT list is not in GROUP BY clause and contains nonaggregated column 'mymisdiagnosis_app.record_database.record_id' which is not functionally dependent on columns in GROUP BY clause; this is incompatible with sql_mode=only_full_group_by in /var/www/html/mymisdiagnosis/system/Database/MySQLi/Connection.php:314
Stack trace:
#0 /var/www/html/mymisdiagnosis/system/Database/MySQLi/Connection.php(314): mysqli->query('SELECT COUNT(*)...')
#1 /var/www/html/mymisdiagnosis/system/Database/BaseConnection.php(713): CodeIgniter\Database\MySQLi\Connection->execute('SELECT COUNT(*)...')
#2 /var/www/html/mymisdiagnosis/system/Database/BaseConnection.php(641): CodeIgniter\Database\BaseConnection->simpleQuery('SELECT COUNT(*)...')
#3 /var/www/html/mymisdiagnosis/system/Database/BaseBuilder.php(1966): CodeIgniter\Database\BaseConnection->query('SELECT COUNT(*)...', Array, false)
#4 /var/www/html/mymisdiagnosis/system/Model.php(570): CodeIgniter\Database\BaseBuilder->countAllResults(false)
#5 /var/www/html/mymisdiagnosis/system/BaseModel.php(1140): CodeIgniter\Model->countAllResults(false)
#6 /var/www/html/mymisdiagnosis/app/Controllers/Record.php(85): CodeIgniter\BaseModel->paginate(100000)
#7 /var/www/html/mymisdiagnosis/system/CodeIgniter.php(936): App\Controllers\Record->index()
#8 /var/www/html/mymisdiagnosis/system/CodeIgniter.php(432): CodeIgniter\CodeIgniter->runController(Object(App\Controllers\Record))
#9 /var/www/html/mymisdiagnosis/system/CodeIgniter.php(333): CodeIgniter\CodeIgniter->handleRequest(NULL, Object(Config\Cache), false)
#10 /var/www/html/mymisdiagnosis/index.php(44): CodeIgniter\CodeIgniter->run()
#11 {main}
CRITICAL - 2022-02-21 17:32:10 --> Expression #1 of SELECT list is not in GROUP BY clause and contains nonaggregated column 'mymisdiagnosis_app.record_database.record_id' which is not functionally dependent on columns in GROUP BY clause; this is incompatible with sql_mode=only_full_group_by
#0 /var/www/html/mymisdiagnosis/system/Database/MySQLi/Connection.php(314): mysqli->query('SELECT COUNT(*)...')
#1 /var/www/html/mymisdiagnosis/system/Database/BaseConnection.php(713): CodeIgniter\Database\MySQLi\Connection->execute('SELECT COUNT(*)...')
#2 /var/www/html/mymisdiagnosis/system/Database/BaseConnection.php(641): CodeIgniter\Database\BaseConnection->simpleQuery('SELECT COUNT(*)...')
#3 /var/www/html/mymisdiagnosis/system/Database/BaseBuilder.php(1966): CodeIgniter\Database\BaseConnection->query('SELECT COUNT(*)...', Array, false)
#4 /var/www/html/mymisdiagnosis/system/Model.php(570): CodeIgniter\Database\BaseBuilder->countAllResults(false)
#5 /var/www/html/mymisdiagnosis/system/BaseModel.php(1140): CodeIgniter\Model->countAllResults(false)
#6 /var/www/html/mymisdiagnosis/app/Controllers/Record.php(85): CodeIgniter\BaseModel->paginate(100000)
#7 /var/www/html/mymisdiagnosis/system/CodeIgniter.php(936): App\Controllers\Record->index()
#8 /var/www/html/mymisdiagnosis/system/CodeIgniter.php(432): CodeIgniter\CodeIgniter->runController(Object(App\Controllers\Record))
#9 /var/www/html/mymisdiagnosis/system/CodeIgniter.php(333): CodeIgniter\CodeIgniter->handleRequest(NULL, Object(Config\Cache), false)
#10 /var/www/html/mymisdiagnosis/index.php(44): CodeIgniter\CodeIgniter->run()
#11 {main}
ERROR - 2022-02-21 17:32:28 --> mysqli_sql_exception: Expression #1 of SELECT list is not in GROUP BY clause and contains nonaggregated column 'mymisdiagnosis_app.record_database.record_id' which is not functionally dependent on columns in GROUP BY clause; this is incompatible with sql_mode=only_full_group_by in /var/www/html/mymisdiagnosis/system/Database/MySQLi/Connection.php:314
Stack trace:
#0 /var/www/html/mymisdiagnosis/system/Database/MySQLi/Connection.php(314): mysqli->query('SELECT COUNT(*)...')
#1 /var/www/html/mymisdiagnosis/system/Database/BaseConnection.php(713): CodeIgniter\Database\MySQLi\Connection->execute('SELECT COUNT(*)...')
#2 /var/www/html/mymisdiagnosis/system/Database/BaseConnection.php(641): CodeIgniter\Database\BaseConnection->simpleQuery('SELECT COUNT(*)...')
#3 /var/www/html/mymisdiagnosis/system/Database/BaseBuilder.php(1966): CodeIgniter\Database\BaseConnection->query('SELECT COUNT(*)...', Array, false)
#4 /var/www/html/mymisdiagnosis/system/Model.php(570): CodeIgniter\Database\BaseBuilder->countAllResults(false)
#5 /var/www/html/mymisdiagnosis/system/BaseModel.php(1140): CodeIgniter\Model->countAllResults(false)
#6 /var/www/html/mymisdiagnosis/app/Controllers/Record.php(85): CodeIgniter\BaseModel->paginate(100000)
#7 /var/www/html/mymisdiagnosis/system/CodeIgniter.php(936): App\Controllers\Record->index()
#8 /var/www/html/mymisdiagnosis/system/CodeIgniter.php(432): CodeIgniter\CodeIgniter->runController(Object(App\Controllers\Record))
#9 /var/www/html/mymisdiagnosis/system/CodeIgniter.php(333): CodeIgniter\CodeIgniter->handleRequest(NULL, Object(Config\Cache), false)
#10 /var/www/html/mymisdiagnosis/index.php(44): CodeIgniter\CodeIgniter->run()
#11 {main}
CRITICAL - 2022-02-21 17:32:28 --> Expression #1 of SELECT list is not in GROUP BY clause and contains nonaggregated column 'mymisdiagnosis_app.record_database.record_id' which is not functionally dependent on columns in GROUP BY clause; this is incompatible with sql_mode=only_full_group_by
#0 /var/www/html/mymisdiagnosis/system/Database/MySQLi/Connection.php(314): mysqli->query('SELECT COUNT(*)...')
#1 /var/www/html/mymisdiagnosis/system/Database/BaseConnection.php(713): CodeIgniter\Database\MySQLi\Connection->execute('SELECT COUNT(*)...')
#2 /var/www/html/mymisdiagnosis/system/Database/BaseConnection.php(641): CodeIgniter\Database\BaseConnection->simpleQuery('SELECT COUNT(*)...')
#3 /var/www/html/mymisdiagnosis/system/Database/BaseBuilder.php(1966): CodeIgniter\Database\BaseConnection->query('SELECT COUNT(*)...', Array, false)
#4 /var/www/html/mymisdiagnosis/system/Model.php(570): CodeIgniter\Database\BaseBuilder->countAllResults(false)
#5 /var/www/html/mymisdiagnosis/system/BaseModel.php(1140): CodeIgniter\Model->countAllResults(false)
#6 /var/www/html/mymisdiagnosis/app/Controllers/Record.php(85): CodeIgniter\BaseModel->paginate(100000)
#7 /var/www/html/mymisdiagnosis/system/CodeIgniter.php(936): App\Controllers\Record->index()
#8 /var/www/html/mymisdiagnosis/system/CodeIgniter.php(432): CodeIgniter\CodeIgniter->runController(Object(App\Controllers\Record))
#9 /var/www/html/mymisdiagnosis/system/CodeIgniter.php(333): CodeIgniter\CodeIgniter->handleRequest(NULL, Object(Config\Cache), false)
#10 /var/www/html/mymisdiagnosis/index.php(44): CodeIgniter\CodeIgniter->run()
#11 {main}
INFO - 2022-02-21 17:33:06 --> Session: Class initialized using 'CodeIgniter\Session\Handlers\FileHandler' driver.
CRITICAL - 2022-02-21 17:33:06 --> Undefined index: record_id
#0 /var/www/html/mymisdiagnosis/app/Views/record_list.php(117): CodeIgniter\Debug\Exceptions->errorHandler(8, 'Undefined index...', '/var/www/html/m...', 117, Array)
#1 /var/www/html/mymisdiagnosis/system/View/View.php(220): include('/var/www/html/m...')
#2 /var/www/html/mymisdiagnosis/system/View/View.php(222): CodeIgniter\View\View->CodeIgniter\View\{closure}()
#3 /var/www/html/mymisdiagnosis/system/Common.php(1217): CodeIgniter\View\View->render('record_list', Array, true)
#4 /var/www/html/mymisdiagnosis/app/Controllers/Record.php(136): view('record_list', Array)
#5 /var/www/html/mymisdiagnosis/system/CodeIgniter.php(936): App\Controllers\Record->index()
#6 /var/www/html/mymisdiagnosis/system/CodeIgniter.php(432): CodeIgniter\CodeIgniter->runController(Object(App\Controllers\Record))
#7 /var/www/html/mymisdiagnosis/system/CodeIgniter.php(333): CodeIgniter\CodeIgniter->handleRequest(NULL, Object(Config\Cache), false)
#8 /var/www/html/mymisdiagnosis/index.php(44): CodeIgniter\CodeIgniter->run()
#9 {main}
ERROR - 2022-02-21 17:33:33 --> mysqli_sql_exception: Expression #2 of SELECT list is not in GROUP BY clause and contains nonaggregated column 'mymisdiagnosis_app.record_database.record_id' which is not functionally dependent on columns in GROUP BY clause; this is incompatible with sql_mode=only_full_group_by in /var/www/html/mymisdiagnosis/system/Database/MySQLi/Connection.php:314
Stack trace:
#0 /var/www/html/mymisdiagnosis/system/Database/MySQLi/Connection.php(314): mysqli->query('SELECT COUNT(*)...')
#1 /var/www/html/mymisdiagnosis/system/Database/BaseConnection.php(713): CodeIgniter\Database\MySQLi\Connection->execute('SELECT COUNT(*)...')
#2 /var/www/html/mymisdiagnosis/system/Database/BaseConnection.php(641): CodeIgniter\Database\BaseConnection->simpleQuery('SELECT COUNT(*)...')
#3 /var/www/html/mymisdiagnosis/system/Database/BaseBuilder.php(1966): CodeIgniter\Database\BaseConnection->query('SELECT COUNT(*)...', Array, false)
#4 /var/www/html/mymisdiagnosis/system/Model.php(570): CodeIgniter\Database\BaseBuilder->countAllResults(false)
#5 /var/www/html/mymisdiagnosis/system/BaseModel.php(1140): CodeIgniter\Model->countAllResults(false)
#6 /var/www/html/mymisdiagnosis/app/Controllers/Record.php(85): CodeIgniter\BaseModel->paginate(100000)
#7 /var/www/html/mymisdiagnosis/system/CodeIgniter.php(936): App\Controllers\Record->index()
#8 /var/www/html/mymisdiagnosis/system/CodeIgniter.php(432): CodeIgniter\CodeIgniter->runController(Object(App\Controllers\Record))
#9 /var/www/html/mymisdiagnosis/system/CodeIgniter.php(333): CodeIgniter\CodeIgniter->handleRequest(NULL, Object(Config\Cache), false)
#10 /var/www/html/mymisdiagnosis/index.php(44): CodeIgniter\CodeIgniter->run()
#11 {main}
CRITICAL - 2022-02-21 17:33:33 --> Expression #2 of SELECT list is not in GROUP BY clause and contains nonaggregated column 'mymisdiagnosis_app.record_database.record_id' which is not functionally dependent on columns in GROUP BY clause; this is incompatible with sql_mode=only_full_group_by
#0 /var/www/html/mymisdiagnosis/system/Database/MySQLi/Connection.php(314): mysqli->query('SELECT COUNT(*)...')
#1 /var/www/html/mymisdiagnosis/system/Database/BaseConnection.php(713): CodeIgniter\Database\MySQLi\Connection->execute('SELECT COUNT(*)...')
#2 /var/www/html/mymisdiagnosis/system/Database/BaseConnection.php(641): CodeIgniter\Database\BaseConnection->simpleQuery('SELECT COUNT(*)...')
#3 /var/www/html/mymisdiagnosis/system/Database/BaseBuilder.php(1966): CodeIgniter\Database\BaseConnection->query('SELECT COUNT(*)...', Array, false)
#4 /var/www/html/mymisdiagnosis/system/Model.php(570): CodeIgniter\Database\BaseBuilder->countAllResults(false)
#5 /var/www/html/mymisdiagnosis/system/BaseModel.php(1140): CodeIgniter\Model->countAllResults(false)
#6 /var/www/html/mymisdiagnosis/app/Controllers/Record.php(85): CodeIgniter\BaseModel->paginate(100000)
#7 /var/www/html/mymisdiagnosis/system/CodeIgniter.php(936): App\Controllers\Record->index()
#8 /var/www/html/mymisdiagnosis/system/CodeIgniter.php(432): CodeIgniter\CodeIgniter->runController(Object(App\Controllers\Record))
#9 /var/www/html/mymisdiagnosis/system/CodeIgniter.php(333): CodeIgniter\CodeIgniter->handleRequest(NULL, Object(Config\Cache), false)
#10 /var/www/html/mymisdiagnosis/index.php(44): CodeIgniter\CodeIgniter->run()
#11 {main}
INFO - 2022-02-21 17:34:07 --> Session: Class initialized using 'CodeIgniter\Session\Handlers\FileHandler' driver.
CRITICAL - 2022-02-21 17:34:07 --> Undefined index: record_misdiagnosis
#0 /var/www/html/mymisdiagnosis/app/Views/record_list.php(118): CodeIgniter\Debug\Exceptions->errorHandler(8, 'Undefined index...', '/var/www/html/m...', 118, Array)
#1 /var/www/html/mymisdiagnosis/system/View/View.php(220): include('/var/www/html/m...')
#2 /var/www/html/mymisdiagnosis/system/View/View.php(222): CodeIgniter\View\View->CodeIgniter\View\{closure}()
#3 /var/www/html/mymisdiagnosis/system/Common.php(1217): CodeIgniter\View\View->render('record_list', Array, true)
#4 /var/www/html/mymisdiagnosis/app/Controllers/Record.php(136): view('record_list', Array)
#5 /var/www/html/mymisdiagnosis/system/CodeIgniter.php(936): App\Controllers\Record->index()
#6 /var/www/html/mymisdiagnosis/system/CodeIgniter.php(432): CodeIgniter\CodeIgniter->runController(Object(App\Controllers\Record))
#7 /var/www/html/mymisdiagnosis/system/CodeIgniter.php(333): CodeIgniter\CodeIgniter->handleRequest(NULL, Object(Config\Cache), false)
#8 /var/www/html/mymisdiagnosis/index.php(44): CodeIgniter\CodeIgniter->run()
#9 {main}
INFO - 2022-02-21 17:34:27 --> Session: Class initialized using 'CodeIgniter\Session\Handlers\FileHandler' driver.
ERROR - 2022-02-21 17:34:48 --> mysqli_sql_exception: Expression #1 of SELECT list is not in GROUP BY clause and contains nonaggregated column 'mymisdiagnosis_app.record_database.record_id' which is not functionally dependent on columns in GROUP BY clause; this is incompatible with sql_mode=only_full_group_by in /var/www/html/mymisdiagnosis/system/Database/MySQLi/Connection.php:314
Stack trace:
#0 /var/www/html/mymisdiagnosis/system/Database/MySQLi/Connection.php(314): mysqli->query('SELECT COUNT(*)...')
#1 /var/www/html/mymisdiagnosis/system/Database/BaseConnection.php(713): CodeIgniter\Database\MySQLi\Connection->execute('SELECT COUNT(*)...')
#2 /var/www/html/mymisdiagnosis/system/Database/BaseConnection.php(641): CodeIgniter\Database\BaseConnection->simpleQuery('SELECT COUNT(*)...')
#3 /var/www/html/mymisdiagnosis/system/Database/BaseBuilder.php(1966): CodeIgniter\Database\BaseConnection->query('SELECT COUNT(*)...', Array, false)
#4 /var/www/html/mymisdiagnosis/system/Model.php(570): CodeIgniter\Database\BaseBuilder->countAllResults(false)
#5 /var/www/html/mymisdiagnosis/system/BaseModel.php(1140): CodeIgniter\Model->countAllResults(false)
#6 /var/www/html/mymisdiagnosis/app/Controllers/Record.php(85): CodeIgniter\BaseModel->paginate(100000)
#7 /var/www/html/mymisdiagnosis/system/CodeIgniter.php(936): App\Controllers\Record->index()
#8 /var/www/html/mymisdiagnosis/system/CodeIgniter.php(432): CodeIgniter\CodeIgniter->runController(Object(App\Controllers\Record))
#9 /var/www/html/mymisdiagnosis/system/CodeIgniter.php(333): CodeIgniter\CodeIgniter->handleRequest(NULL, Object(Config\Cache), false)
#10 /var/www/html/mymisdiagnosis/index.php(44): CodeIgniter\CodeIgniter->run()
#11 {main}
CRITICAL - 2022-02-21 17:34:48 --> Expression #1 of SELECT list is not in GROUP BY clause and contains nonaggregated column 'mymisdiagnosis_app.record_database.record_id' which is not functionally dependent on columns in GROUP BY clause; this is incompatible with sql_mode=only_full_group_by
#0 /var/www/html/mymisdiagnosis/system/Database/MySQLi/Connection.php(314): mysqli->query('SELECT COUNT(*)...')
#1 /var/www/html/mymisdiagnosis/system/Database/BaseConnection.php(713): CodeIgniter\Database\MySQLi\Connection->execute('SELECT COUNT(*)...')
#2 /var/www/html/mymisdiagnosis/system/Database/BaseConnection.php(641): CodeIgniter\Database\BaseConnection->simpleQuery('SELECT COUNT(*)...')
#3 /var/www/html/mymisdiagnosis/system/Database/BaseBuilder.php(1966): CodeIgniter\Database\BaseConnection->query('SELECT COUNT(*)...', Array, false)
#4 /var/www/html/mymisdiagnosis/system/Model.php(570): CodeIgniter\Database\BaseBuilder->countAllResults(false)
#5 /var/www/html/mymisdiagnosis/system/BaseModel.php(1140): CodeIgniter\Model->countAllResults(false)
#6 /var/www/html/mymisdiagnosis/app/Controllers/Record.php(85): CodeIgniter\BaseModel->paginate(100000)
#7 /var/www/html/mymisdiagnosis/system/CodeIgniter.php(936): App\Controllers\Record->index()
#8 /var/www/html/mymisdiagnosis/system/CodeIgniter.php(432): CodeIgniter\CodeIgniter->runController(Object(App\Controllers\Record))
#9 /var/www/html/mymisdiagnosis/system/CodeIgniter.php(333): CodeIgniter\CodeIgniter->handleRequest(NULL, Object(Config\Cache), false)
#10 /var/www/html/mymisdiagnosis/index.php(44): CodeIgniter\CodeIgniter->run()
#11 {main}
ERROR - 2022-02-21 17:38:44 --> mysqli_sql_exception: Expression #3 of SELECT list is not in GROUP BY clause and contains nonaggregated column 'mymisdiagnosis_app.record_database.record_misdiagnosis' which is not functionally dependent on columns in GROUP BY clause; this is incompatible with sql_mode=only_full_group_by in /var/www/html/mymisdiagnosis/system/Database/MySQLi/Connection.php:314
Stack trace:
#0 /var/www/html/mymisdiagnosis/system/Database/MySQLi/Connection.php(314): mysqli->query('SELECT COUNT(*)...')
#1 /var/www/html/mymisdiagnosis/system/Database/BaseConnection.php(713): CodeIgniter\Database\MySQLi\Connection->execute('SELECT COUNT(*)...')
#2 /var/www/html/mymisdiagnosis/system/Database/BaseConnection.php(641): CodeIgniter\Database\BaseConnection->simpleQuery('SELECT COUNT(*)...')
#3 /var/www/html/mymisdiagnosis/system/Database/BaseBuilder.php(1966): CodeIgniter\Database\BaseConnection->query('SELECT COUNT(*)...', Array, false)
#4 /var/www/html/mymisdiagnosis/system/Model.php(570): CodeIgniter\Database\BaseBuilder->countAllResults(false)
#5 /var/www/html/mymisdiagnosis/system/BaseModel.php(1140): CodeIgniter\Model->countAllResults(false)
#6 /var/www/html/mymisdiagnosis/app/Controllers/Record.php(85): CodeIgniter\BaseModel->paginate(100000)
#7 /var/www/html/mymisdiagnosis/system/CodeIgniter.php(936): App\Controllers\Record->index()
#8 /var/www/html/mymisdiagnosis/system/CodeIgniter.php(432): CodeIgniter\CodeIgniter->runController(Object(App\Controllers\Record))
#9 /var/www/html/mymisdiagnosis/system/CodeIgniter.php(333): CodeIgniter\CodeIgniter->handleRequest(NULL, Object(Config\Cache), false)
#10 /var/www/html/mymisdiagnosis/index.php(44): CodeIgniter\CodeIgniter->run()
#11 {main}
CRITICAL - 2022-02-21 17:38:44 --> Expression #3 of SELECT list is not in GROUP BY clause and contains nonaggregated column 'mymisdiagnosis_app.record_database.record_misdiagnosis' which is not functionally dependent on columns in GROUP BY clause; this is incompatible with sql_mode=only_full_group_by
#0 /var/www/html/mymisdiagnosis/system/Database/MySQLi/Connection.php(314): mysqli->query('SELECT COUNT(*)...')
#1 /var/www/html/mymisdiagnosis/system/Database/BaseConnection.php(713): CodeIgniter\Database\MySQLi\Connection->execute('SELECT COUNT(*)...')
#2 /var/www/html/mymisdiagnosis/system/Database/BaseConnection.php(641): CodeIgniter\Database\BaseConnection->simpleQuery('SELECT COUNT(*)...')
#3 /var/www/html/mymisdiagnosis/system/Database/BaseBuilder.php(1966): CodeIgniter\Database\BaseConnection->query('SELECT COUNT(*)...', Array, false)
#4 /var/www/html/mymisdiagnosis/system/Model.php(570): CodeIgniter\Database\BaseBuilder->countAllResults(false)
#5 /var/www/html/mymisdiagnosis/system/BaseModel.php(1140): CodeIgniter\Model->countAllResults(false)
#6 /var/www/html/mymisdiagnosis/app/Controllers/Record.php(85): CodeIgniter\BaseModel->paginate(100000)
#7 /var/www/html/mymisdiagnosis/system/CodeIgniter.php(936): App\Controllers\Record->index()
#8 /var/www/html/mymisdiagnosis/system/CodeIgniter.php(432): CodeIgniter\CodeIgniter->runController(Object(App\Controllers\Record))
#9 /var/www/html/mymisdiagnosis/system/CodeIgniter.php(333): CodeIgniter\CodeIgniter->handleRequest(NULL, Object(Config\Cache), false)
#10 /var/www/html/mymisdiagnosis/index.php(44): CodeIgniter\CodeIgniter->run()
#11 {main}
INFO - 2022-02-21 17:39:12 --> Session: Class initialized using 'CodeIgniter\Session\Handlers\FileHandler' driver.
CRITICAL - 2022-02-21 17:39:12 --> Undefined index: record_id
#0 /var/www/html/mymisdiagnosis/app/Views/record_list.php(117): CodeIgniter\Debug\Exceptions->errorHandler(8, 'Undefined index...', '/var/www/html/m...', 117, Array)
#1 /var/www/html/mymisdiagnosis/system/View/View.php(220): include('/var/www/html/m...')
#2 /var/www/html/mymisdiagnosis/system/View/View.php(222): CodeIgniter\View\View->CodeIgniter\View\{closure}()
#3 /var/www/html/mymisdiagnosis/system/Common.php(1217): CodeIgniter\View\View->render('record_list', Array, true)
#4 /var/www/html/mymisdiagnosis/app/Controllers/Record.php(136): view('record_list', Array)
#5 /var/www/html/mymisdiagnosis/system/CodeIgniter.php(936): App\Controllers\Record->index()
#6 /var/www/html/mymisdiagnosis/system/CodeIgniter.php(432): CodeIgniter\CodeIgniter->runController(Object(App\Controllers\Record))
#7 /var/www/html/mymisdiagnosis/system/CodeIgniter.php(333): CodeIgniter\CodeIgniter->handleRequest(NULL, Object(Config\Cache), false)
#8 /var/www/html/mymisdiagnosis/index.php(44): CodeIgniter\CodeIgniter->run()
#9 {main}
CRITICAL - 2022-02-21 17:40:05 --> Call to undefined function App\Controllers\any_value()
#0 /var/www/html/mymisdiagnosis/system/CodeIgniter.php(936): App\Controllers\Record->index()
#1 /var/www/html/mymisdiagnosis/system/CodeIgniter.php(432): CodeIgniter\CodeIgniter->runController(Object(App\Controllers\Record))
#2 /var/www/html/mymisdiagnosis/system/CodeIgniter.php(333): CodeIgniter\CodeIgniter->handleRequest(NULL, Object(Config\Cache), false)
#3 /var/www/html/mymisdiagnosis/index.php(44): CodeIgniter\CodeIgniter->run()
#4 {main}
INFO - 2022-02-21 17:40:56 --> Session: Class initialized using 'CodeIgniter\Session\Handlers\FileHandler' driver.
CRITICAL - 2022-02-21 17:44:01 --> Undefined variable: db
#0 /var/www/html/mymisdiagnosis/app/Controllers/Record.php(83): CodeIgniter\Debug\Exceptions->errorHandler(8, 'Undefined varia...', '/var/www/html/m...', 83, Array)
#1 /var/www/html/mymisdiagnosis/system/CodeIgniter.php(936): App\Controllers\Record->index()
#2 /var/www/html/mymisdiagnosis/system/CodeIgniter.php(432): CodeIgniter\CodeIgniter->runController(Object(App\Controllers\Record))
#3 /var/www/html/mymisdiagnosis/system/CodeIgniter.php(333): CodeIgniter\CodeIgniter->handleRequest(NULL, Object(Config\Cache), false)
#4 /var/www/html/mymisdiagnosis/index.php(44): CodeIgniter\CodeIgniter->run()
#5 {main}
ERROR - 2022-02-21 17:44:34 --> mysqli_sql_exception: You have an error in your SQL syntax; check the manual that corresponds to your MySQL server version for the right syntax to use near '*' at line 1 in /var/www/html/mymisdiagnosis/system/Database/MySQLi/Connection.php:314
Stack trace:
#0 /var/www/html/mymisdiagnosis/system/Database/MySQLi/Connection.php(314): mysqli->query('*')
#1 /var/www/html/mymisdiagnosis/system/Database/BaseConnection.php(713): CodeIgniter\Database\MySQLi\Connection->execute('*')
#2 /var/www/html/mymisdiagnosis/system/Database/BaseConnection.php(641): CodeIgniter\Database\BaseConnection->simpleQuery('*')
#3 /var/www/html/mymisdiagnosis/system/BaseModel.php(1772): CodeIgniter\Database\BaseConnection->query('*')
#4 /var/www/html/mymisdiagnosis/system/Model.php(832): CodeIgniter\BaseModel->__call('query', Array)
#5 /var/www/html/mymisdiagnosis/app/Controllers/Record.php(84): CodeIgniter\Model->__call('query', Array)
#6 /var/www/html/mymisdiagnosis/system/CodeIgniter.php(936): App\Controllers\Record->index()
#7 /var/www/html/mymisdiagnosis/system/CodeIgniter.php(432): CodeIgniter\CodeIgniter->runController(Object(App\Controllers\Record))
#8 /var/www/html/mymisdiagnosis/system/CodeIgniter.php(333): CodeIgniter\CodeIgniter->handleRequest(NULL, Object(Config\Cache), false)
#9 /var/www/html/mymisdiagnosis/index.php(44): CodeIgniter\CodeIgniter->run()
#10 {main}
CRITICAL - 2022-02-21 17:44:34 --> You have an error in your SQL syntax; check the manual that corresponds to your MySQL server version for the right syntax to use near '*' at line 1
#0 /var/www/html/mymisdiagnosis/system/Database/MySQLi/Connection.php(314): mysqli->query('*')
#1 /var/www/html/mymisdiagnosis/system/Database/BaseConnection.php(713): CodeIgniter\Database\MySQLi\Connection->execute('*')
#2 /var/www/html/mymisdiagnosis/system/Database/BaseConnection.php(641): CodeIgniter\Database\BaseConnection->simpleQuery('*')
#3 /var/www/html/mymisdiagnosis/system/BaseModel.php(1772): CodeIgniter\Database\BaseConnection->query('*')
#4 /var/www/html/mymisdiagnosis/system/Model.php(832): CodeIgniter\BaseModel->__call('query', Array)
#5 /var/www/html/mymisdiagnosis/app/Controllers/Record.php(84): CodeIgniter\Model->__call('query', Array)
#6 /var/www/html/mymisdiagnosis/system/CodeIgniter.php(936): App\Controllers\Record->index()
#7 /var/www/html/mymisdiagnosis/system/CodeIgniter.php(432): CodeIgniter\CodeIgniter->runController(Object(App\Controllers\Record))
#8 /var/www/html/mymisdiagnosis/system/CodeIgniter.php(333): CodeIgniter\CodeIgniter->handleRequest(NULL, Object(Config\Cache), false)
#9 /var/www/html/mymisdiagnosis/index.php(44): CodeIgniter\CodeIgniter->run()
#10 {main}
ERROR - 2022-02-21 17:46:18 --> mysqli_sql_exception: You have an error in your SQL syntax; check the manual that corresponds to your MySQL server version for the right syntax to use near '*' at line 1 in /var/www/html/mymisdiagnosis/system/Database/MySQLi/Connection.php:314
Stack trace:
#0 /var/www/html/mymisdiagnosis/system/Database/MySQLi/Connection.php(314): mysqli->query('*')
#1 /var/www/html/mymisdiagnosis/system/Database/BaseConnection.php(713): CodeIgniter\Database\MySQLi\Connection->execute('*')
#2 /var/www/html/mymisdiagnosis/system/Database/BaseConnection.php(641): CodeIgniter\Database\BaseConnection->simpleQuery('*')
#3 /var/www/html/mymisdiagnosis/system/BaseModel.php(1772): CodeIgniter\Database\BaseConnection->query('*')
#4 /var/www/html/mymisdiagnosis/system/Model.php(832): CodeIgniter\BaseModel->__call('query', Array)
#5 /var/www/html/mymisdiagnosis/app/Controllers/Record.php(84): CodeIgniter\Model->__call('query', Array)
#6 /var/www/html/mymisdiagnosis/system/CodeIgniter.php(936): App\Controllers\Record->index()
#7 /var/www/html/mymisdiagnosis/system/CodeIgniter.php(432): CodeIgniter\CodeIgniter->runController(Object(App\Controllers\Record))
#8 /var/www/html/mymisdiagnosis/system/CodeIgniter.php(333): CodeIgniter\CodeIgniter->handleRequest(NULL, Object(Config\Cache), false)
#9 /var/www/html/mymisdiagnosis/index.php(44): CodeIgniter\CodeIgniter->run()
#10 {main}
CRITICAL - 2022-02-21 17:46:18 --> You have an error in your SQL syntax; check the manual that corresponds to your MySQL server version for the right syntax to use near '*' at line 1
#0 /var/www/html/mymisdiagnosis/system/Database/MySQLi/Connection.php(314): mysqli->query('*')
#1 /var/www/html/mymisdiagnosis/system/Database/BaseConnection.php(713): CodeIgniter\Database\MySQLi\Connection->execute('*')
#2 /var/www/html/mymisdiagnosis/system/Database/BaseConnection.php(641): CodeIgniter\Database\BaseConnection->simpleQuery('*')
#3 /var/www/html/mymisdiagnosis/system/BaseModel.php(1772): CodeIgniter\Database\BaseConnection->query('*')
#4 /var/www/html/mymisdiagnosis/system/Model.php(832): CodeIgniter\BaseModel->__call('query', Array)
#5 /var/www/html/mymisdiagnosis/app/Controllers/Record.php(84): CodeIgniter\Model->__call('query', Array)
#6 /var/www/html/mymisdiagnosis/system/CodeIgniter.php(936): App\Controllers\Record->index()
#7 /var/www/html/mymisdiagnosis/system/CodeIgniter.php(432): CodeIgniter\CodeIgniter->runController(Object(App\Controllers\Record))
#8 /var/www/html/mymisdiagnosis/system/CodeIgniter.php(333): CodeIgniter\CodeIgniter->handleRequest(NULL, Object(Config\Cache), false)
#9 /var/www/html/mymisdiagnosis/index.php(44): CodeIgniter\CodeIgniter->run()
#10 {main}
ERROR - 2022-02-21 17:46:20 --> mysqli_sql_exception: You have an error in your SQL syntax; check the manual that corresponds to your MySQL server version for the right syntax to use near '*' at line 1 in /var/www/html/mymisdiagnosis/system/Database/MySQLi/Connection.php:314
Stack trace:
#0 /var/www/html/mymisdiagnosis/system/Database/MySQLi/Connection.php(314): mysqli->query('*')
#1 /var/www/html/mymisdiagnosis/system/Database/BaseConnection.php(713): CodeIgniter\Database\MySQLi\Connection->execute('*')
#2 /var/www/html/mymisdiagnosis/system/Database/BaseConnection.php(641): CodeIgniter\Database\BaseConnection->simpleQuery('*')
#3 /var/www/html/mymisdiagnosis/system/BaseModel.php(1772): CodeIgniter\Database\BaseConnection->query('*')
#4 /var/www/html/mymisdiagnosis/system/Model.php(832): CodeIgniter\BaseModel->__call('query', Array)
#5 /var/www/html/mymisdiagnosis/app/Controllers/Record.php(84): CodeIgniter\Model->__call('query', Array)
#6 /var/www/html/mymisdiagnosis/system/CodeIgniter.php(936): App\Controllers\Record->index()
#7 /var/www/html/mymisdiagnosis/system/CodeIgniter.php(432): CodeIgniter\CodeIgniter->runController(Object(App\Controllers\Record))
#8 /var/www/html/mymisdiagnosis/system/CodeIgniter.php(333): CodeIgniter\CodeIgniter->handleRequest(NULL, Object(Config\Cache), false)
#9 /var/www/html/mymisdiagnosis/index.php(44): CodeIgniter\CodeIgniter->run()
#10 {main}
CRITICAL - 2022-02-21 17:46:20 --> You have an error in your SQL syntax; check the manual that corresponds to your MySQL server version for the right syntax to use near '*' at line 1
#0 /var/www/html/mymisdiagnosis/system/Database/MySQLi/Connection.php(314): mysqli->query('*')
#1 /var/www/html/mymisdiagnosis/system/Database/BaseConnection.php(713): CodeIgniter\Database\MySQLi\Connection->execute('*')
#2 /var/www/html/mymisdiagnosis/system/Database/BaseConnection.php(641): CodeIgniter\Database\BaseConnection->simpleQuery('*')
#3 /var/www/html/mymisdiagnosis/system/BaseModel.php(1772): CodeIgniter\Database\BaseConnection->query('*')
#4 /var/www/html/mymisdiagnosis/system/Model.php(832): CodeIgniter\BaseModel->__call('query', Array)
#5 /var/www/html/mymisdiagnosis/app/Controllers/Record.php(84): CodeIgniter\Model->__call('query', Array)
#6 /var/www/html/mymisdiagnosis/system/CodeIgniter.php(936): App\Controllers\Record->index()
#7 /var/www/html/mymisdiagnosis/system/CodeIgniter.php(432): CodeIgniter\CodeIgniter->runController(Object(App\Controllers\Record))
#8 /var/www/html/mymisdiagnosis/system/CodeIgniter.php(333): CodeIgniter\CodeIgniter->handleRequest(NULL, Object(Config\Cache), false)
#9 /var/www/html/mymisdiagnosis/index.php(44): CodeIgniter\CodeIgniter->run()
#10 {main}
ERROR - 2022-02-21 17:47:02 --> mysqli_sql_exception: No tables used in /var/www/html/mymisdiagnosis/system/Database/MySQLi/Connection.php:314
Stack trace:
#0 /var/www/html/mymisdiagnosis/system/Database/MySQLi/Connection.php(314): mysqli->query('SELECT *')
#1 /var/www/html/mymisdiagnosis/system/Database/BaseConnection.php(713): CodeIgniter\Database\MySQLi\Connection->execute('SELECT *')
#2 /var/www/html/mymisdiagnosis/system/Database/BaseConnection.php(641): CodeIgniter\Database\BaseConnection->simpleQuery('SELECT *')
#3 /var/www/html/mymisdiagnosis/system/BaseModel.php(1772): CodeIgniter\Database\BaseConnection->query('SELECT *')
#4 /var/www/html/mymisdiagnosis/system/Model.php(832): CodeIgniter\BaseModel->__call('query', Array)
#5 /var/www/html/mymisdiagnosis/app/Controllers/Record.php(84): CodeIgniter\Model->__call('query', Array)
#6 /var/www/html/mymisdiagnosis/system/CodeIgniter.php(936): App\Controllers\Record->index()
#7 /var/www/html/mymisdiagnosis/system/CodeIgniter.php(432): CodeIgniter\CodeIgniter->runController(Object(App\Controllers\Record))
#8 /var/www/html/mymisdiagnosis/system/CodeIgniter.php(333): CodeIgniter\CodeIgniter->handleRequest(NULL, Object(Config\Cache), false)
#9 /var/www/html/mymisdiagnosis/index.php(44): CodeIgniter\CodeIgniter->run()
#10 {main}
CRITICAL - 2022-02-21 17:47:02 --> No tables used
#0 /var/www/html/mymisdiagnosis/system/Database/MySQLi/Connection.php(314): mysqli->query('SELECT *')
#1 /var/www/html/mymisdiagnosis/system/Database/BaseConnection.php(713): CodeIgniter\Database\MySQLi\Connection->execute('SELECT *')
#2 /var/www/html/mymisdiagnosis/system/Database/BaseConnection.php(641): CodeIgniter\Database\BaseConnection->simpleQuery('SELECT *')
#3 /var/www/html/mymisdiagnosis/system/BaseModel.php(1772): CodeIgniter\Database\BaseConnection->query('SELECT *')
#4 /var/www/html/mymisdiagnosis/system/Model.php(832): CodeIgniter\BaseModel->__call('query', Array)
#5 /var/www/html/mymisdiagnosis/app/Controllers/Record.php(84): CodeIgniter\Model->__call('query', Array)
#6 /var/www/html/mymisdiagnosis/system/CodeIgniter.php(936): App\Controllers\Record->index()
#7 /var/www/html/mymisdiagnosis/system/CodeIgniter.php(432): CodeIgniter\CodeIgniter->runController(Object(App\Controllers\Record))
#8 /var/www/html/mymisdiagnosis/system/CodeIgniter.php(333): CodeIgniter\CodeIgniter->handleRequest(NULL, Object(Config\Cache), false)
#9 /var/www/html/mymisdiagnosis/index.php(44): CodeIgniter\CodeIgniter->run()
#10 {main}
ERROR - 2022-02-21 17:47:44 --> mysqli_sql_exception: No tables used in /var/www/html/mymisdiagnosis/system/Database/MySQLi/Connection.php:314
Stack trace:
#0 /var/www/html/mymisdiagnosis/system/Database/MySQLi/Connection.php(314): mysqli->query('SELECT *')
#1 /var/www/html/mymisdiagnosis/system/Database/BaseConnection.php(713): CodeIgniter\Database\MySQLi\Connection->execute('SELECT *')
#2 /var/www/html/mymisdiagnosis/system/Database/BaseConnection.php(641): CodeIgniter\Database\BaseConnection->simpleQuery('SELECT *')
#3 /var/www/html/mymisdiagnosis/system/BaseModel.php(1772): CodeIgniter\Database\BaseConnection->query('SELECT *')
#4 /var/www/html/mymisdiagnosis/system/Model.php(832): CodeIgniter\BaseModel->__call('query', Array)
#5 /var/www/html/mymisdiagnosis/app/Controllers/Record.php(84): CodeIgniter\Model->__call('query', Array)
#6 /var/www/html/mymisdiagnosis/system/CodeIgniter.php(936): App\Controllers\Record->index()
#7 /var/www/html/mymisdiagnosis/system/CodeIgniter.php(432): CodeIgniter\CodeIgniter->runController(Object(App\Controllers\Record))
#8 /var/www/html/mymisdiagnosis/system/CodeIgniter.php(333): CodeIgniter\CodeIgniter->handleRequest(NULL, Object(Config\Cache), false)
#9 /var/www/html/mymisdiagnosis/index.php(44): CodeIgniter\CodeIgniter->run()
#10 {main}
CRITICAL - 2022-02-21 17:47:44 --> No tables used
#0 /var/www/html/mymisdiagnosis/system/Database/MySQLi/Connection.php(314): mysqli->query('SELECT *')
#1 /var/www/html/mymisdiagnosis/system/Database/BaseConnection.php(713): CodeIgniter\Database\MySQLi\Connection->execute('SELECT *')
#2 /var/www/html/mymisdiagnosis/system/Database/BaseConnection.php(641): CodeIgniter\Database\BaseConnection->simpleQuery('SELECT *')
#3 /var/www/html/mymisdiagnosis/system/BaseModel.php(1772): CodeIgniter\Database\BaseConnection->query('SELECT *')
#4 /var/www/html/mymisdiagnosis/system/Model.php(832): CodeIgniter\BaseModel->__call('query', Array)
#5 /var/www/html/mymisdiagnosis/app/Controllers/Record.php(84): CodeIgniter\Model->__call('query', Array)
#6 /var/www/html/mymisdiagnosis/system/CodeIgniter.php(936): App\Controllers\Record->index()
#7 /var/www/html/mymisdiagnosis/system/CodeIgniter.php(432): CodeIgniter\CodeIgniter->runController(Object(App\Controllers\Record))
#8 /var/www/html/mymisdiagnosis/system/CodeIgniter.php(333): CodeIgniter\CodeIgniter->handleRequest(NULL, Object(Config\Cache), false)
#9 /var/www/html/mymisdiagnosis/index.php(44): CodeIgniter\CodeIgniter->run()
#10 {main}
INFO - 2022-02-21 17:48:13 --> Session: Class initialized using 'CodeIgniter\Session\Handlers\FileHandler' driver.
CRITICAL - 2022-02-21 17:48:13 --> Cannot use object of type stdClass as array
#0 /var/www/html/mymisdiagnosis/system/View/View.php(220): include()
#1 /var/www/html/mymisdiagnosis/system/View/View.php(222): CodeIgniter\View\View->CodeIgniter\View\{closure}()
#2 /var/www/html/mymisdiagnosis/system/Common.php(1217): CodeIgniter\View\View->render('record_list', Array, true)
#3 /var/www/html/mymisdiagnosis/app/Controllers/Record.php(138): view('record_list', Array)
#4 /var/www/html/mymisdiagnosis/system/CodeIgniter.php(936): App\Controllers\Record->index()
#5 /var/www/html/mymisdiagnosis/system/CodeIgniter.php(432): CodeIgniter\CodeIgniter->runController(Object(App\Controllers\Record))
#6 /var/www/html/mymisdiagnosis/system/CodeIgniter.php(333): CodeIgniter\CodeIgniter->handleRequest(NULL, Object(Config\Cache), false)
#7 /var/www/html/mymisdiagnosis/index.php(44): CodeIgniter\CodeIgniter->run()
#8 {main}
INFO - 2022-02-21 17:48:32 --> Session: Class initialized using 'CodeIgniter\Session\Handlers\FileHandler' driver.
INFO - 2022-02-21 17:50:47 --> Session: Class initialized using 'CodeIgniter\Session\Handlers\FileHandler' driver.
INFO - 2022-02-21 17:51:08 --> Session: Class initialized using 'CodeIgniter\Session\Handlers\FileHandler' driver.
ERROR - 2022-02-21 17:52:14 --> mysqli_sql_exception: You have an error in your SQL syntax; check the manual that corresponds to your MySQL server version for the right syntax to use near 'GROUP BY record_correct_diagnosis' at line 1 in /var/www/html/mymisdiagnosis/system/Database/MySQLi/Connection.php:314
Stack trace:
#0 /var/www/html/mymisdiagnosis/system/Database/MySQLi/Connection.php(314): mysqli->query('SELECT DISTINCT...')
#1 /var/www/html/mymisdiagnosis/system/Database/BaseConnection.php(713): CodeIgniter\Database\MySQLi\Connection->execute('SELECT DISTINCT...')
#2 /var/www/html/mymisdiagnosis/system/Database/BaseConnection.php(641): CodeIgniter\Database\BaseConnection->simpleQuery('SELECT DISTINCT...')
#3 /var/www/html/mymisdiagnosis/system/BaseModel.php(1772): CodeIgniter\Database\BaseConnection->query('SELECT DISTINCT...')
#4 /var/www/html/mymisdiagnosis/system/Model.php(832): CodeIgniter\BaseModel->__call('query', Array)
#5 /var/www/html/mymisdiagnosis/app/Controllers/Record.php(84): CodeIgniter\Model->__call('query', Array)
#6 /var/www/html/mymisdiagnosis/system/CodeIgniter.php(936): App\Controllers\Record->index()
#7 /var/www/html/mymisdiagnosis/system/CodeIgniter.php(432): CodeIgniter\CodeIgniter->runController(Object(App\Controllers\Record))
#8 /var/www/html/mymisdiagnosis/system/CodeIgniter.php(333): CodeIgniter\CodeIgniter->handleRequest(NULL, Object(Config\Cache), false)
#9 /var/www/html/mymisdiagnosis/index.php(44): CodeIgniter\CodeIgniter->run()
#10 {main}
CRITICAL - 2022-02-21 17:52:14 --> You have an error in your SQL syntax; check the manual that corresponds to your MySQL server version for the right syntax to use near 'GROUP BY record_correct_diagnosis' at line 1
#0 /var/www/html/mymisdiagnosis/system/Database/MySQLi/Connection.php(314): mysqli->query('SELECT DISTINCT...')
#1 /var/www/html/mymisdiagnosis/system/Database/BaseConnection.php(713): CodeIgniter\Database\MySQLi\Connection->execute('SELECT DISTINCT...')
#2 /var/www/html/mymisdiagnosis/system/Database/BaseConnection.php(641): CodeIgniter\Database\BaseConnection->simpleQuery('SELECT DISTINCT...')
#3 /var/www/html/mymisdiagnosis/system/BaseModel.php(1772): CodeIgniter\Database\BaseConnection->query('SELECT DISTINCT...')
#4 /var/www/html/mymisdiagnosis/system/Model.php(832): CodeIgniter\BaseModel->__call('query', Array)
#5 /var/www/html/mymisdiagnosis/app/Controllers/Record.php(84): CodeIgniter\Model->__call('query', Array)
#6 /var/www/html/mymisdiagnosis/system/CodeIgniter.php(936): App\Controllers\Record->index()
#7 /var/www/html/mymisdiagnosis/system/CodeIgniter.php(432): CodeIgniter\CodeIgniter->runController(Object(App\Controllers\Record))
#8 /var/www/html/mymisdiagnosis/system/CodeIgniter.php(333): CodeIgniter\CodeIgniter->handleRequest(NULL, Object(Config\Cache), false)
#9 /var/www/html/mymisdiagnosis/index.php(44): CodeIgniter\CodeIgniter->run()
#10 {main}
ERROR - 2022-02-21 17:52:35 --> mysqli_sql_exception: Expression #1 of SELECT list is not in GROUP BY clause and contains nonaggregated column 'mymisdiagnosis_app.record_database.record_id' which is not functionally dependent on columns in GROUP BY clause; this is incompatible with sql_mode=only_full_group_by in /var/www/html/mymisdiagnosis/system/Database/MySQLi/Connection.php:314
Stack trace:
#0 /var/www/html/mymisdiagnosis/system/Database/MySQLi/Connection.php(314): mysqli->query('SELECT DISTINCT...')
#1 /var/www/html/mymisdiagnosis/system/Database/BaseConnection.php(713): CodeIgniter\Database\MySQLi\Connection->execute('SELECT DISTINCT...')
#2 /var/www/html/mymisdiagnosis/system/Database/BaseConnection.php(641): CodeIgniter\Database\BaseConnection->simpleQuery('SELECT DISTINCT...')
#3 /var/www/html/mymisdiagnosis/system/BaseModel.php(1772): CodeIgniter\Database\BaseConnection->query('SELECT DISTINCT...')
#4 /var/www/html/mymisdiagnosis/system/Model.php(832): CodeIgniter\BaseModel->__call('query', Array)
#5 /var/www/html/mymisdiagnosis/app/Controllers/Record.php(84): CodeIgniter\Model->__call('query', Array)
#6 /var/www/html/mymisdiagnosis/system/CodeIgniter.php(936): App\Controllers\Record->index()
#7 /var/www/html/mymisdiagnosis/system/CodeIgniter.php(432): CodeIgniter\CodeIgniter->runController(Object(App\Controllers\Record))
#8 /var/www/html/mymisdiagnosis/system/CodeIgniter.php(333): CodeIgniter\CodeIgniter->handleRequest(NULL, Object(Config\Cache), false)
#9 /var/www/html/mymisdiagnosis/index.php(44): CodeIgniter\CodeIgniter->run()
#10 {main}
CRITICAL - 2022-02-21 17:52:35 --> Expression #1 of SELECT list is not in GROUP BY clause and contains nonaggregated column 'mymisdiagnosis_app.record_database.record_id' which is not functionally dependent on columns in GROUP BY clause; this is incompatible with sql_mode=only_full_group_by
#0 /var/www/html/mymisdiagnosis/system/Database/MySQLi/Connection.php(314): mysqli->query('SELECT DISTINCT...')
#1 /var/www/html/mymisdiagnosis/system/Database/BaseConnection.php(713): CodeIgniter\Database\MySQLi\Connection->execute('SELECT DISTINCT...')
#2 /var/www/html/mymisdiagnosis/system/Database/BaseConnection.php(641): CodeIgniter\Database\BaseConnection->simpleQuery('SELECT DISTINCT...')
#3 /var/www/html/mymisdiagnosis/system/BaseModel.php(1772): CodeIgniter\Database\BaseConnection->query('SELECT DISTINCT...')
#4 /var/www/html/mymisdiagnosis/system/Model.php(832): CodeIgniter\BaseModel->__call('query', Array)
#5 /var/www/html/mymisdiagnosis/app/Controllers/Record.php(84): CodeIgniter\Model->__call('query', Array)
#6 /var/www/html/mymisdiagnosis/system/CodeIgniter.php(936): App\Controllers\Record->index()
#7 /var/www/html/mymisdiagnosis/system/CodeIgniter.php(432): CodeIgniter\CodeIgniter->runController(Object(App\Controllers\Record))
#8 /var/www/html/mymisdiagnosis/system/CodeIgniter.php(333): CodeIgniter\CodeIgniter->handleRequest(NULL, Object(Config\Cache), false)
#9 /var/www/html/mymisdiagnosis/index.php(44): CodeIgniter\CodeIgniter->run()
#10 {main}
ERROR - 2022-02-21 17:53:10 --> mysqli_sql_exception: You have an error in your SQL syntax; check the manual that corresponds to your MySQL server version for the right syntax to use near 'DISTINCT SELECT * FROM record_database ORDER BY record_correct_diagnosis ASC' at line 1 in /var/www/html/mymisdiagnosis/system/Database/MySQLi/Connection.php:314
Stack trace:
#0 /var/www/html/mymisdiagnosis/system/Database/MySQLi/Connection.php(314): mysqli->query('DISTINCT SELECT...')
#1 /var/www/html/mymisdiagnosis/system/Database/BaseConnection.php(713): CodeIgniter\Database\MySQLi\Connection->execute('DISTINCT SELECT...')
#2 /var/www/html/mymisdiagnosis/system/Database/BaseConnection.php(641): CodeIgniter\Database\BaseConnection->simpleQuery('DISTINCT SELECT...')
#3 /var/www/html/mymisdiagnosis/system/BaseModel.php(1772): CodeIgniter\Database\BaseConnection->query('DISTINCT SELECT...')
#4 /var/www/html/mymisdiagnosis/system/Model.php(832): CodeIgniter\BaseModel->__call('query', Array)
#5 /var/www/html/mymisdiagnosis/app/Controllers/Record.php(84): CodeIgniter\Model->__call('query', Array)
#6 /var/www/html/mymisdiagnosis/system/CodeIgniter.php(936): App\Controllers\Record->index()
#7 /var/www/html/mymisdiagnosis/system/CodeIgniter.php(432): CodeIgniter\CodeIgniter->runController(Object(App\Controllers\Record))
#8 /var/www/html/mymisdiagnosis/system/CodeIgniter.php(333): CodeIgniter\CodeIgniter->handleRequest(NULL, Object(Config\Cache), false)
#9 /var/www/html/mymisdiagnosis/index.php(44): CodeIgniter\CodeIgniter->run()
#10 {main}
CRITICAL - 2022-02-21 17:53:10 --> You have an error in your SQL syntax; check the manual that corresponds to your MySQL server version for the right syntax to use near 'DISTINCT SELECT * FROM record_database ORDER BY record_correct_diagnosis ASC' at line 1
#0 /var/www/html/mymisdiagnosis/system/Database/MySQLi/Connection.php(314): mysqli->query('DISTINCT SELECT...')
#1 /var/www/html/mymisdiagnosis/system/Database/BaseConnection.php(713): CodeIgniter\Database\MySQLi\Connection->execute('DISTINCT SELECT...')
#2 /var/www/html/mymisdiagnosis/system/Database/BaseConnection.php(641): CodeIgniter\Database\BaseConnection->simpleQuery('DISTINCT SELECT...')
#3 /var/www/html/mymisdiagnosis/system/BaseModel.php(1772): CodeIgniter\Database\BaseConnection->query('DISTINCT SELECT...')
#4 /var/www/html/mymisdiagnosis/system/Model.php(832): CodeIgniter\BaseModel->__call('query', Array)
#5 /var/www/html/mymisdiagnosis/app/Controllers/Record.php(84): CodeIgniter\Model->__call('query', Array)
#6 /var/www/html/mymisdiagnosis/system/CodeIgniter.php(936): App\Controllers\Record->index()
#7 /var/www/html/mymisdiagnosis/system/CodeIgniter.php(432): CodeIgniter\CodeIgniter->runController(Object(App\Controllers\Record))
#8 /var/www/html/mymisdiagnosis/system/CodeIgniter.php(333): CodeIgniter\CodeIgniter->handleRequest(NULL, Object(Config\Cache), false)
#9 /var/www/html/mymisdiagnosis/index.php(44): CodeIgniter\CodeIgniter->run()
#10 {main}
INFO - 2022-02-21 17:53:20 --> Session: Class initialized using 'CodeIgniter\Session\Handlers\FileHandler' driver.
ERROR - 2022-02-21 17:55:08 --> mysqli_sql_exception: Expression #1 of SELECT list is not in GROUP BY clause and contains nonaggregated column 'mymisdiagnosis_app.record_database.record_id' which is not functionally dependent on columns in GROUP BY clause; this is incompatible with sql_mode=only_full_group_by in /var/www/html/mymisdiagnosis/system/Database/MySQLi/Connection.php:314
Stack trace:
#0 /var/www/html/mymisdiagnosis/system/Database/MySQLi/Connection.php(314): mysqli->query('SELECT * FROM r...')
#1 /var/www/html/mymisdiagnosis/system/Database/BaseConnection.php(713): CodeIgniter\Database\MySQLi\Connection->execute('SELECT * FROM r...')
#2 /var/www/html/mymisdiagnosis/system/Database/BaseConnection.php(641): CodeIgniter\Database\BaseConnection->simpleQuery('SELECT * FROM r...')
#3 /var/www/html/mymisdiagnosis/system/BaseModel.php(1772): CodeIgniter\Database\BaseConnection->query('SELECT * FROM r...')
#4 /var/www/html/mymisdiagnosis/system/Model.php(832): CodeIgniter\BaseModel->__call('query', Array)
#5 /var/www/html/mymisdiagnosis/app/Controllers/Record.php(84): CodeIgniter\Model->__call('query', Array)
#6 /var/www/html/mymisdiagnosis/system/CodeIgniter.php(936): App\Controllers\Record->index()
#7 /var/www/html/mymisdiagnosis/system/CodeIgniter.php(432): CodeIgniter\CodeIgniter->runController(Object(App\Controllers\Record))
#8 /var/www/html/mymisdiagnosis/system/CodeIgniter.php(333): CodeIgniter\CodeIgniter->handleRequest(NULL, Object(Config\Cache), false)
#9 /var/www/html/mymisdiagnosis/index.php(44): CodeIgniter\CodeIgniter->run()
#10 {main}
CRITICAL - 2022-02-21 17:55:08 --> Expression #1 of SELECT list is not in GROUP BY clause and contains nonaggregated column 'mymisdiagnosis_app.record_database.record_id' which is not functionally dependent on columns in GROUP BY clause; this is incompatible with sql_mode=only_full_group_by
#0 /var/www/html/mymisdiagnosis/system/Database/MySQLi/Connection.php(314): mysqli->query('SELECT * FROM r...')
#1 /var/www/html/mymisdiagnosis/system/Database/BaseConnection.php(713): CodeIgniter\Database\MySQLi\Connection->execute('SELECT * FROM r...')
#2 /var/www/html/mymisdiagnosis/system/Database/BaseConnection.php(641): CodeIgniter\Database\BaseConnection->simpleQuery('SELECT * FROM r...')
#3 /var/www/html/mymisdiagnosis/system/BaseModel.php(1772): CodeIgniter\Database\BaseConnection->query('SELECT * FROM r...')
#4 /var/www/html/mymisdiagnosis/system/Model.php(832): CodeIgniter\BaseModel->__call('query', Array)
#5 /var/www/html/mymisdiagnosis/app/Controllers/Record.php(84): CodeIgniter\Model->__call('query', Array)
#6 /var/www/html/mymisdiagnosis/system/CodeIgniter.php(936): App\Controllers\Record->index()
#7 /var/www/html/mymisdiagnosis/system/CodeIgniter.php(432): CodeIgniter\CodeIgniter->runController(Object(App\Controllers\Record))
#8 /var/www/html/mymisdiagnosis/system/CodeIgniter.php(333): CodeIgniter\CodeIgniter->handleRequest(NULL, Object(Config\Cache), false)
#9 /var/www/html/mymisdiagnosis/index.php(44): CodeIgniter\CodeIgniter->run()
#10 {main}
ERROR - 2022-02-21 17:57:04 --> mysqli_sql_exception: You have an error in your SQL syntax; check the manual that corresponds to your MySQL server version for the right syntax to use near 'DISTINCT record_correct_diagnosis, record_misdiagnosis FROM record_database ORDE' at line 1 in /var/www/html/mymisdiagnosis/system/Database/MySQLi/Connection.php:314
Stack trace:
#0 /var/www/html/mymisdiagnosis/system/Database/MySQLi/Connection.php(314): mysqli->query('SELECT record_i...')
#1 /var/www/html/mymisdiagnosis/system/Database/BaseConnection.php(713): CodeIgniter\Database\MySQLi\Connection->execute('SELECT record_i...')
#2 /var/www/html/mymisdiagnosis/system/Database/BaseConnection.php(641): CodeIgniter\Database\BaseConnection->simpleQuery('SELECT record_i...')
#3 /var/www/html/mymisdiagnosis/system/BaseModel.php(1772): CodeIgniter\Database\BaseConnection->query('SELECT record_i...')
#4 /var/www/html/mymisdiagnosis/system/Model.php(832): CodeIgniter\BaseModel->__call('query', Array)
#5 /var/www/html/mymisdiagnosis/app/Controllers/Record.php(84): CodeIgniter\Model->__call('query', Array)
#6 /var/www/html/mymisdiagnosis/system/CodeIgniter.php(936): App\Controllers\Record->index()
#7 /var/www/html/mymisdiagnosis/system/CodeIgniter.php(432): CodeIgniter\CodeIgniter->runController(Object(App\Controllers\Record))
#8 /var/www/html/mymisdiagnosis/system/CodeIgniter.php(333): CodeIgniter\CodeIgniter->handleRequest(NULL, Object(Config\Cache), false)
#9 /var/www/html/mymisdiagnosis/index.php(44): CodeIgniter\CodeIgniter->run()
#10 {main}
CRITICAL - 2022-02-21 17:57:04 --> You have an error in your SQL syntax; check the manual that corresponds to your MySQL server version for the right syntax to use near 'DISTINCT record_correct_diagnosis, record_misdiagnosis FROM record_database ORDE' at line 1
#0 /var/www/html/mymisdiagnosis/system/Database/MySQLi/Connection.php(314): mysqli->query('SELECT record_i...')
#1 /var/www/html/mymisdiagnosis/system/Database/BaseConnection.php(713): CodeIgniter\Database\MySQLi\Connection->execute('SELECT record_i...')
#2 /var/www/html/mymisdiagnosis/system/Database/BaseConnection.php(641): CodeIgniter\Database\BaseConnection->simpleQuery('SELECT record_i...')
#3 /var/www/html/mymisdiagnosis/system/BaseModel.php(1772): CodeIgniter\Database\BaseConnection->query('SELECT record_i...')
#4 /var/www/html/mymisdiagnosis/system/Model.php(832): CodeIgniter\BaseModel->__call('query', Array)
#5 /var/www/html/mymisdiagnosis/app/Controllers/Record.php(84): CodeIgniter\Model->__call('query', Array)
#6 /var/www/html/mymisdiagnosis/system/CodeIgniter.php(936): App\Controllers\Record->index()
#7 /var/www/html/mymisdiagnosis/system/CodeIgniter.php(432): CodeIgniter\CodeIgniter->runController(Object(App\Controllers\Record))
#8 /var/www/html/mymisdiagnosis/system/CodeIgniter.php(333): CodeIgniter\CodeIgniter->handleRequest(NULL, Object(Config\Cache), false)
#9 /var/www/html/mymisdiagnosis/index.php(44): CodeIgniter\CodeIgniter->run()
#10 {main}
INFO - 2022-02-21 17:59:00 --> Session: Class initialized using 'CodeIgniter\Session\Handlers\FileHandler' driver.
INFO - 2022-02-21 18:36:18 --> Session: Class initialized using 'CodeIgniter\Session\Handlers\FileHandler' driver.
INFO - 2022-02-21 18:36:49 --> Session: Class initialized using 'CodeIgniter\Session\Handlers\FileHandler' driver.
INFO - 2022-02-21 18:37:10 --> Session: Class initialized using 'CodeIgniter\Session\Handlers\FileHandler' driver.
INFO - 2022-02-21 18:37:14 --> Session: Class initialized using 'CodeIgniter\Session\Handlers\FileHandler' driver.
INFO - 2022-02-21 19:33:40 --> Session: Class initialized using 'CodeIgniter\Session\Handlers\FileHandler' driver.
CRITICAL - 2022-02-21 19:33:40 --> Call to a member function links() on null
#0 /var/www/html/mymisdiagnosis/system/View/View.php(220): include()
#1 /var/www/html/mymisdiagnosis/system/View/View.php(222): CodeIgniter\View\View->CodeIgniter\View\{closure}()
#2 /var/www/html/mymisdiagnosis/system/Common.php(1217): CodeIgniter\View\View->render('record_list', Array, true)
#3 /var/www/html/mymisdiagnosis/app/Controllers/Record.php(138): view('record_list', Array)
#4 /var/www/html/mymisdiagnosis/system/CodeIgniter.php(936): App\Controllers\Record->index()
#5 /var/www/html/mymisdiagnosis/system/CodeIgniter.php(432): CodeIgniter\CodeIgniter->runController(Object(App\Controllers\Record))
#6 /var/www/html/mymisdiagnosis/system/CodeIgniter.php(333): CodeIgniter\CodeIgniter->handleRequest(NULL, Object(Config\Cache), false)
#7 /var/www/html/mymisdiagnosis/index.php(44): CodeIgniter\CodeIgniter->run()
#8 {main}
INFO - 2022-02-21 19:33:56 --> Session: Class initialized using 'CodeIgniter\Session\Handlers\FileHandler' driver.
INFO - 2022-02-21 19:34:12 --> Session: Class initialized using 'CodeIgniter\Session\Handlers\FileHandler' driver.
WARNING - 2022-02-21 19:34:12 --> Session: Sessions is enabled, and one exists.Please don't $session->start();
INFO - 2022-02-21 19:34:59 --> Session: Class initialized using 'CodeIgniter\Session\Handlers\FileHandler' driver.
CRITICAL - 2022-02-21 19:34:59 --> Call to a member function links() on null
#0 /var/www/html/mymisdiagnosis/system/View/View.php(220): include()
#1 /var/www/html/mymisdiagnosis/system/View/View.php(222): CodeIgniter\View\View->CodeIgniter\View\{closure}()
#2 /var/www/html/mymisdiagnosis/system/Common.php(1217): CodeIgniter\View\View->render('record_list', Array, true)
#3 /var/www/html/mymisdiagnosis/app/Controllers/Record.php(138): view('record_list', Array)
#4 /var/www/html/mymisdiagnosis/system/CodeIgniter.php(936): App\Controllers\Record->index()
#5 /var/www/html/mymisdiagnosis/system/CodeIgniter.php(432): CodeIgniter\CodeIgniter->runController(Object(App\Controllers\Record))
#6 /var/www/html/mymisdiagnosis/system/CodeIgniter.php(333): CodeIgniter\CodeIgniter->handleRequest(NULL, Object(Config\Cache), false)
#7 /var/www/html/mymisdiagnosis/index.php(44): CodeIgniter\CodeIgniter->run()
#8 {main}
INFO - 2022-02-21 19:35:05 --> Session: Class initialized using 'CodeIgniter\Session\Handlers\FileHandler' driver.
INFO - 2022-02-21 19:35:36 --> Session: Class initialized using 'CodeIgniter\Session\Handlers\FileHandler' driver.
INFO - 2022-02-21 19:35:39 --> Session: Class initialized using 'CodeIgniter\Session\Handlers\FileHandler' driver.
INFO - 2022-02-21 19:35:49 --> Session: Class initialized using 'CodeIgniter\Session\Handlers\FileHandler' driver.
CRITICAL - 2022-02-21 19:35:49 --> Call to a member function links() on null
#0 /var/www/html/mymisdiagnosis/system/View/View.php(220): include()
#1 /var/www/html/mymisdiagnosis/system/View/View.php(222): CodeIgniter\View\View->CodeIgniter\View\{closure}()
#2 /var/www/html/mymisdiagnosis/system/Common.php(1217): CodeIgniter\View\View->render('record_list', Array, true)
#3 /var/www/html/mymisdiagnosis/app/Controllers/Record.php(138): view('record_list', Array)
#4 /var/www/html/mymisdiagnosis/system/CodeIgniter.php(936): App\Controllers\Record->index()
#5 /var/www/html/mymisdiagnosis/system/CodeIgniter.php(432): CodeIgniter\CodeIgniter->runController(Object(App\Controllers\Record))
#6 /var/www/html/mymisdiagnosis/system/CodeIgniter.php(333): CodeIgniter\CodeIgniter->handleRequest(NULL, Object(Config\Cache), false)
#7 /var/www/html/mymisdiagnosis/index.php(44): CodeIgniter\CodeIgniter->run()
#8 {main}
INFO - 2022-02-21 19:35:58 --> Session: Class initialized using 'CodeIgniter\Session\Handlers\FileHandler' driver.
INFO - 2022-02-21 19:36:02 --> Session: Class initialized using 'CodeIgniter\Session\Handlers\FileHandler' driver.
CRITICAL - 2022-02-21 19:36:02 --> Call to a member function links() on null
#0 /var/www/html/mymisdiagnosis/system/View/View.php(220): include()
#1 /var/www/html/mymisdiagnosis/system/View/View.php(222): CodeIgniter\View\View->CodeIgniter\View\{closure}()
#2 /var/www/html/mymisdiagnosis/system/Common.php(1217): CodeIgniter\View\View->render('record_list', Array, true)
#3 /var/www/html/mymisdiagnosis/app/Controllers/Record.php(138): view('record_list', Array)
#4 /var/www/html/mymisdiagnosis/system/CodeIgniter.php(936): App\Controllers\Record->index()
#5 /var/www/html/mymisdiagnosis/system/CodeIgniter.php(432): CodeIgniter\CodeIgniter->runController(Object(App\Controllers\Record))
#6 /var/www/html/mymisdiagnosis/system/CodeIgniter.php(333): CodeIgniter\CodeIgniter->handleRequest(NULL, Object(Config\Cache), false)
#7 /var/www/html/mymisdiagnosis/index.php(44): CodeIgniter\CodeIgniter->run()
#8 {main}
INFO - 2022-02-21 19:36:24 --> Session: Class initialized using 'CodeIgniter\Session\Handlers\FileHandler' driver.
INFO - 2022-02-21 19:57:07 --> Session: Class initialized using 'CodeIgniter\Session\Handlers\FileHandler' driver.
INFO - 2022-02-21 19:57:27 --> Session: Class initialized using 'CodeIgniter\Session\Handlers\FileHandler' driver.
INFO - 2022-02-21 19:57:52 --> Session: Class initialized using 'CodeIgniter\Session\Handlers\FileHandler' driver.
INFO - 2022-02-21 20:02:24 --> Session: Class initialized using 'CodeIgniter\Session\Handlers\FileHandler' driver.
INFO - 2022-02-21 20:07:04 --> Session: Class initialized using 'CodeIgniter\Session\Handlers\FileHandler' driver.
INFO - 2022-02-21 20:09:26 --> Session: Class initialized using 'CodeIgniter\Session\Handlers\FileHandler' driver.
INFO - 2022-02-21 20:10:42 --> Session: Class initialized using 'CodeIgniter\Session\Handlers\FileHandler' driver.
INFO - 2022-02-21 20:11:40 --> Session: Class initialized using 'CodeIgniter\Session\Handlers\FileHandler' driver.
INFO - 2022-02-21 20:15:38 --> Session: Class initialized using 'CodeIgniter\Session\Handlers\FileHandler' driver.
INFO - 2022-02-21 20:24:55 --> Session: Class initialized using 'CodeIgniter\Session\Handlers\FileHandler' driver.
INFO - 2022-02-21 20:25:08 --> Session: Class initialized using 'CodeIgniter\Session\Handlers\FileHandler' driver.
INFO - 2022-02-21 20:29:16 --> Session: Class initialized using 'CodeIgniter\Session\Handlers\FileHandler' driver.
INFO - 2022-02-21 20:29:30 --> Session: Class initialized using 'CodeIgniter\Session\Handlers\FileHandler' driver.
INFO - 2022-02-21 20:29:59 --> Session: Class initialized using 'CodeIgniter\Session\Handlers\FileHandler' driver.
INFO - 2022-02-21 20:30:15 --> Session: Class initialized using 'CodeIgniter\Session\Handlers\FileHandler' driver.
INFO - 2022-02-21 20:30:50 --> Session: Class initialized using 'CodeIgniter\Session\Handlers\FileHandler' driver.
INFO - 2022-02-21 20:31:08 --> Session: Class initialized using 'CodeIgniter\Session\Handlers\FileHandler' driver.
INFO - 2022-02-21 20:31:48 --> Session: Class initialized using 'CodeIgniter\Session\Handlers\FileHandler' driver.
INFO - 2022-02-21 20:38:43 --> Session: Class initialized using 'CodeIgniter\Session\Handlers\FileHandler' driver.
INFO - 2022-02-21 20:39:56 --> Session: Class initialized using 'CodeIgniter\Session\Handlers\FileHandler' driver.
INFO - 2022-02-21 20:42:59 --> Session: Class initialized using 'CodeIgniter\Session\Handlers\FileHandler' driver.
INFO - 2022-02-21 20:43:22 --> Session: Class initialized using 'CodeIgniter\Session\Handlers\FileHandler' driver.
INFO - 2022-02-21 20:44:02 --> Session: Class initialized using 'CodeIgniter\Session\Handlers\FileHandler' driver.
INFO - 2022-02-21 20:45:09 --> Session: Class initialized using 'CodeIgniter\Session\Handlers\FileHandler' driver.
INFO - 2022-02-21 20:46:08 --> Session: Class initialized using 'CodeIgniter\Session\Handlers\FileHandler' driver.
INFO - 2022-02-21 20:47:02 --> Session: Class initialized using 'CodeIgniter\Session\Handlers\FileHandler' driver.
INFO - 2022-02-21 20:47:46 --> Session: Class initialized using 'CodeIgniter\Session\Handlers\FileHandler' driver.
INFO - 2022-02-21 20:47:50 --> Session: Class initialized using 'CodeIgniter\Session\Handlers\FileHandler' driver.
INFO - 2022-02-21 20:48:00 --> Session: Class initialized using 'CodeIgniter\Session\Handlers\FileHandler' driver.
INFO - 2022-02-21 20:48:03 --> Session: Class initialized using 'CodeIgniter\Session\Handlers\FileHandler' driver.
WARNING - 2022-02-21 20:48:03 --> Session: Sessions is enabled, and one exists.Please don't $session->start();
INFO - 2022-02-21 20:48:09 --> Session: Class initialized using 'CodeIgniter\Session\Handlers\FileHandler' driver.
INFO - 2022-02-21 20:49:45 --> Session: Class initialized using 'CodeIgniter\Session\Handlers\FileHandler' driver.
INFO - 2022-02-21 20:52:49 --> Session: Class initialized using 'CodeIgniter\Session\Handlers\FileHandler' driver.
INFO - 2022-02-21 20:58:06 --> Session: Class initialized using 'CodeIgniter\Session\Handlers\FileHandler' driver.
INFO - 2022-02-21 20:58:17 --> Session: Class initialized using 'CodeIgniter\Session\Handlers\FileHandler' driver.
INFO - 2022-02-21 20:59:39 --> Session: Class initialized using 'CodeIgniter\Session\Handlers\FileHandler' driver.
INFO - 2022-02-21 21:00:22 --> Session: Class initialized using 'CodeIgniter\Session\Handlers\FileHandler' driver.
INFO - 2022-02-21 21:01:04 --> Session: Class initialized using 'CodeIgniter\Session\Handlers\FileHandler' driver.
INFO - 2022-02-21 21:01:07 --> Session: Class initialized using 'CodeIgniter\Session\Handlers\FileHandler' driver.
INFO - 2022-02-21 21:01:10 --> Session: Class initialized using 'CodeIgniter\Session\Handlers\FileHandler' driver.
INFO - 2022-02-21 21:01:21 --> Session: Class initialized using 'CodeIgniter\Session\Handlers\FileHandler' driver.
INFO - 2022-02-21 21:01:39 --> Session: Class initialized using 'CodeIgniter\Session\Handlers\FileHandler' driver.
INFO - 2022-02-21 21:01:42 --> Session: Class initialized using 'CodeIgniter\Session\Handlers\FileHandler' driver.
INFO - 2022-02-21 21:01:54 --> Session: Class initialized using 'CodeIgniter\Session\Handlers\FileHandler' driver.
WARNING - 2022-02-21 21:01:54 --> Session: Sessions is enabled, and one exists.Please don't $session->start();
INFO - 2022-02-21 21:03:00 --> Session: Class initialized using 'CodeIgniter\Session\Handlers\FileHandler' driver.
INFO - 2022-02-21 21:03:02 --> Session: Class initialized using 'CodeIgniter\Session\Handlers\FileHandler' driver.
INFO - 2022-02-21 21:04:15 --> Session: Class initialized using 'CodeIgniter\Session\Handlers\FileHandler' driver.
INFO - 2022-02-21 21:09:06 --> Session: Class initialized using 'CodeIgniter\Session\Handlers\FileHandler' driver.
INFO - 2022-02-21 21:10:25 --> Session: Class initialized using 'CodeIgniter\Session\Handlers\FileHandler' driver.
INFO - 2022-02-21 21:10:32 --> Session: Class initialized using 'CodeIgniter\Session\Handlers\FileHandler' driver.
INFO - 2022-02-21 21:10:35 --> Session: Class initialized using 'CodeIgniter\Session\Handlers\FileHandler' driver.
WARNING - 2022-02-21 21:10:35 --> Session: Sessions is enabled, and one exists.Please don't $session->start();
INFO - 2022-02-21 21:10:37 --> Session: Class initialized using 'CodeIgniter\Session\Handlers\FileHandler' driver.
INFO - 2022-02-21 21:10:39 --> Session: Class initialized using 'CodeIgniter\Session\Handlers\FileHandler' driver.
INFO - 2022-02-21 21:10:47 --> Session: Class initialized using 'CodeIgniter\Session\Handlers\FileHandler' driver.
CRITICAL - 2022-02-21 21:10:47 --> Call to a member function links() on null
#0 /var/www/html/mymisdiagnosis/system/View/View.php(220): include()
#1 /var/www/html/mymisdiagnosis/system/View/View.php(222): CodeIgniter\View\View->CodeIgniter\View\{closure}()
#2 /var/www/html/mymisdiagnosis/system/Common.php(1217): CodeIgniter\View\View->render('record_list', Array, true)
#3 /var/www/html/mymisdiagnosis/app/Controllers/Record.php(138): view('record_list', Array)
#4 /var/www/html/mymisdiagnosis/system/CodeIgniter.php(936): App\Controllers\Record->index()
#5 /var/www/html/mymisdiagnosis/system/CodeIgniter.php(432): CodeIgniter\CodeIgniter->runController(Object(App\Controllers\Record))
#6 /var/www/html/mymisdiagnosis/system/CodeIgniter.php(333): CodeIgniter\CodeIgniter->handleRequest(NULL, Object(Config\Cache), false)
#7 /var/www/html/mymisdiagnosis/index.php(44): CodeIgniter\CodeIgniter->run()
#8 {main}
INFO - 2022-02-21 21:11:00 --> Session: Class initialized using 'CodeIgniter\Session\Handlers\FileHandler' driver.
INFO - 2022-02-21 21:11:12 --> Session: Class initialized using 'CodeIgniter\Session\Handlers\FileHandler' driver.
CRITICAL - 2022-02-21 21:11:12 --> Call to a member function links() on null
#0 /var/www/html/mymisdiagnosis/system/View/View.php(220): include()
#1 /var/www/html/mymisdiagnosis/system/View/View.php(222): CodeIgniter\View\View->CodeIgniter\View\{closure}()
#2 /var/www/html/mymisdiagnosis/system/Common.php(1217): CodeIgniter\View\View->render('record_list', Array, true)
#3 /var/www/html/mymisdiagnosis/app/Controllers/Record.php(138): view('record_list', Array)
#4 /var/www/html/mymisdiagnosis/system/CodeIgniter.php(936): App\Controllers\Record->index()
#5 /var/www/html/mymisdiagnosis/system/CodeIgniter.php(432): CodeIgniter\CodeIgniter->runController(Object(App\Controllers\Record))
#6 /var/www/html/mymisdiagnosis/system/CodeIgniter.php(333): CodeIgniter\CodeIgniter->handleRequest(NULL, Object(Config\Cache), false)
#7 /var/www/html/mymisdiagnosis/index.php(44): CodeIgniter\CodeIgniter->run()
#8 {main}
INFO - 2022-02-21 21:11:55 --> Session: Class initialized using 'CodeIgniter\Session\Handlers\FileHandler' driver.
CRITICAL - 2022-02-21 21:11:55 --> Call to a member function links() on null
#0 /var/www/html/mymisdiagnosis/system/View/View.php(220): include()
#1 /var/www/html/mymisdiagnosis/system/View/View.php(222): CodeIgniter\View\View->CodeIgniter\View\{closure}()
#2 /var/www/html/mymisdiagnosis/system/Common.php(1217): CodeIgniter\View\View->render('record_list', Array, true)
#3 /var/www/html/mymisdiagnosis/app/Controllers/Record.php(138): view('record_list', Array)
#4 /var/www/html/mymisdiagnosis/system/CodeIgniter.php(936): App\Controllers\Record->index()
#5 /var/www/html/mymisdiagnosis/system/CodeIgniter.php(432): CodeIgniter\CodeIgniter->runController(Object(App\Controllers\Record))
#6 /var/www/html/mymisdiagnosis/system/CodeIgniter.php(333): CodeIgniter\CodeIgniter->handleRequest(NULL, Object(Config\Cache), false)
#7 /var/www/html/mymisdiagnosis/index.php(44): CodeIgniter\CodeIgniter->run()
#8 {main}
INFO - 2022-02-21 21:11:58 --> Session: Class initialized using 'CodeIgniter\Session\Handlers\FileHandler' driver.
INFO - 2022-02-21 21:11:59 --> Session: Class initialized using 'CodeIgniter\Session\Handlers\FileHandler' driver.
INFO - 2022-02-21 21:12:02 --> Session: Class initialized using 'CodeIgniter\Session\Handlers\FileHandler' driver.
INFO - 2022-02-21 21:12:04 --> Session: Class initialized using 'CodeIgniter\Session\Handlers\FileHandler' driver.
CRITICAL - 2022-02-21 21:12:04 --> Call to a member function links() on null
#0 /var/www/html/mymisdiagnosis/system/View/View.php(220): include()
#1 /var/www/html/mymisdiagnosis/system/View/View.php(222): CodeIgniter\View\View->CodeIgniter\View\{closure}()
#2 /var/www/html/mymisdiagnosis/system/Common.php(1217): CodeIgniter\View\View->render('record_list', Array, true)
#3 /var/www/html/mymisdiagnosis/app/Controllers/Record.php(138): view('record_list', Array)
#4 /var/www/html/mymisdiagnosis/system/CodeIgniter.php(936): App\Controllers\Record->index()
#5 /var/www/html/mymisdiagnosis/system/CodeIgniter.php(432): CodeIgniter\CodeIgniter->runController(Object(App\Controllers\Record))
#6 /var/www/html/mymisdiagnosis/system/CodeIgniter.php(333): CodeIgniter\CodeIgniter->handleRequest(NULL, Object(Config\Cache), false)
#7 /var/www/html/mymisdiagnosis/index.php(44): CodeIgniter\CodeIgniter->run()
#8 {main}
INFO - 2022-02-21 21:12:42 --> Session: Class initialized using 'CodeIgniter\Session\Handlers\FileHandler' driver.
INFO - 2022-02-21 21:12:45 --> Session: Class initialized using 'CodeIgniter\Session\Handlers\FileHandler' driver.
INFO - 2022-02-21 21:14:48 --> Session: Class initialized using 'CodeIgniter\Session\Handlers\FileHandler' driver.
CRITICAL - 2022-02-21 21:14:48 --> syntax error, unexpected '$listing' (T_VARIABLE), expecting '('
#0 /var/www/html/mymisdiagnosis/system/View/View.php(222): CodeIgniter\View\View->CodeIgniter\View\{closure}()
#1 /var/www/html/mymisdiagnosis/system/Common.php(1217): CodeIgniter\View\View->render('record_list', Array, true)
#2 /var/www/html/mymisdiagnosis/app/Controllers/Record.php(138): view('record_list', Array)
#3 /var/www/html/mymisdiagnosis/system/CodeIgniter.php(936): App\Controllers\Record->index()
#4 /var/www/html/mymisdiagnosis/system/CodeIgniter.php(432): CodeIgniter\CodeIgniter->runController(Object(App\Controllers\Record))
#5 /var/www/html/mymisdiagnosis/system/CodeIgniter.php(333): CodeIgniter\CodeIgniter->handleRequest(NULL, Object(Config\Cache), false)
#6 /var/www/html/mymisdiagnosis/index.php(44): CodeIgniter\CodeIgniter->run()
#7 {main}
INFO - 2022-02-21 21:15:02 --> Session: Class initialized using 'CodeIgniter\Session\Handlers\FileHandler' driver.
CRITICAL - 2022-02-21 21:15:02 --> syntax error, unexpected '$listings' (T_VARIABLE), expecting '('
#0 /var/www/html/mymisdiagnosis/system/View/View.php(222): CodeIgniter\View\View->CodeIgniter\View\{closure}()
#1 /var/www/html/mymisdiagnosis/system/Common.php(1217): CodeIgniter\View\View->render('record_list', Array, true)
#2 /var/www/html/mymisdiagnosis/app/Controllers/Record.php(138): view('record_list', Array)
#3 /var/www/html/mymisdiagnosis/system/CodeIgniter.php(936): App\Controllers\Record->index()
#4 /var/www/html/mymisdiagnosis/system/CodeIgniter.php(432): CodeIgniter\CodeIgniter->runController(Object(App\Controllers\Record))
#5 /var/www/html/mymisdiagnosis/system/CodeIgniter.php(333): CodeIgniter\CodeIgniter->handleRequest(NULL, Object(Config\Cache), false)
#6 /var/www/html/mymisdiagnosis/index.php(44): CodeIgniter\CodeIgniter->run()
#7 {main}
INFO - 2022-02-21 21:15:30 --> Session: Class initialized using 'CodeIgniter\Session\Handlers\FileHandler' driver.
CRITICAL - 2022-02-21 21:15:30 --> Call to a member function links() on null
#0 /var/www/html/mymisdiagnosis/system/View/View.php(220): include()
#1 /var/www/html/mymisdiagnosis/system/View/View.php(222): CodeIgniter\View\View->CodeIgniter\View\{closure}()
#2 /var/www/html/mymisdiagnosis/system/Common.php(1217): CodeIgniter\View\View->render('record_list', Array, true)
#3 /var/www/html/mymisdiagnosis/app/Controllers/Record.php(138): view('record_list', Array)
#4 /var/www/html/mymisdiagnosis/system/CodeIgniter.php(936): App\Controllers\Record->index()
#5 /var/www/html/mymisdiagnosis/system/CodeIgniter.php(432): CodeIgniter\CodeIgniter->runController(Object(App\Controllers\Record))
#6 /var/www/html/mymisdiagnosis/system/CodeIgniter.php(333): CodeIgniter\CodeIgniter->handleRequest(NULL, Object(Config\Cache), false)
#7 /var/www/html/mymisdiagnosis/index.php(44): CodeIgniter\CodeIgniter->run()
#8 {main}
INFO - 2022-02-21 21:15:45 --> Session: Class initialized using 'CodeIgniter\Session\Handlers\FileHandler' driver.
CRITICAL - 2022-02-21 21:15:45 --> Call to a member function links() on null
#0 /var/www/html/mymisdiagnosis/system/View/View.php(220): include()
#1 /var/www/html/mymisdiagnosis/system/View/View.php(222): CodeIgniter\View\View->CodeIgniter\View\{closure}()
#2 /var/www/html/mymisdiagnosis/system/Common.php(1217): CodeIgniter\View\View->render('record_list', Array, true)
#3 /var/www/html/mymisdiagnosis/app/Controllers/Record.php(138): view('record_list', Array)
#4 /var/www/html/mymisdiagnosis/system/CodeIgniter.php(936): App\Controllers\Record->index()
#5 /var/www/html/mymisdiagnosis/system/CodeIgniter.php(432): CodeIgniter\CodeIgniter->runController(Object(App\Controllers\Record))
#6 /var/www/html/mymisdiagnosis/system/CodeIgniter.php(333): CodeIgniter\CodeIgniter->handleRequest(NULL, Object(Config\Cache), false)
#7 /var/www/html/mymisdiagnosis/index.php(44): CodeIgniter\CodeIgniter->run()
#8 {main}
INFO - 2022-02-21 21:16:50 --> Session: Class initialized using 'CodeIgniter\Session\Handlers\FileHandler' driver.
CRITICAL - 2022-02-21 21:16:50 --> Undefined variable: listing_total
#0 /var/www/html/mymisdiagnosis/app/Views/record_list.php(92): CodeIgniter\Debug\Exceptions->errorHandler(8, 'Undefined varia...', '/var/www/html/m...', 92, Array)
#1 /var/www/html/mymisdiagnosis/system/View/View.php(220): include('/var/www/html/m...')
#2 /var/www/html/mymisdiagnosis/system/View/View.php(222): CodeIgniter\View\View->CodeIgniter\View\{closure}()
#3 /var/www/html/mymisdiagnosis/system/Common.php(1217): CodeIgniter\View\View->render('record_list', Array, true)
#4 /var/www/html/mymisdiagnosis/app/Controllers/Record.php(138): view('record_list', Array)
#5 /var/www/html/mymisdiagnosis/system/CodeIgniter.php(936): App\Controllers\Record->index()
#6 /var/www/html/mymisdiagnosis/system/CodeIgniter.php(432): CodeIgniter\CodeIgniter->runController(Object(App\Controllers\Record))
#7 /var/www/html/mymisdiagnosis/system/CodeIgniter.php(333): CodeIgniter\CodeIgniter->handleRequest(NULL, Object(Config\Cache), false)
#8 /var/www/html/mymisdiagnosis/index.php(44): CodeIgniter\CodeIgniter->run()
#9 {main}
INFO - 2022-02-21 21:17:09 --> Session: Class initialized using 'CodeIgniter\Session\Handlers\FileHandler' driver.
CRITICAL - 2022-02-21 21:17:09 --> Undefined variable: listing_total
#0 /var/www/html/mymisdiagnosis/app/Views/record_list.php(92): CodeIgniter\Debug\Exceptions->errorHandler(8, 'Undefined varia...', '/var/www/html/m...', 92, Array)
#1 /var/www/html/mymisdiagnosis/system/View/View.php(220): include('/var/www/html/m...')
#2 /var/www/html/mymisdiagnosis/system/View/View.php(222): CodeIgniter\View\View->CodeIgniter\View\{closure}()
#3 /var/www/html/mymisdiagnosis/system/Common.php(1217): CodeIgniter\View\View->render('record_list', Array, true)
#4 /var/www/html/mymisdiagnosis/app/Controllers/Record.php(138): view('record_list', Array)
#5 /var/www/html/mymisdiagnosis/system/CodeIgniter.php(936): App\Controllers\Record->index()
#6 /var/www/html/mymisdiagnosis/system/CodeIgniter.php(432): CodeIgniter\CodeIgniter->runController(Object(App\Controllers\Record))
#7 /var/www/html/mymisdiagnosis/system/CodeIgniter.php(333): CodeIgniter\CodeIgniter->handleRequest(NULL, Object(Config\Cache), false)
#8 /var/www/html/mymisdiagnosis/index.php(44): CodeIgniter\CodeIgniter->run()
#9 {main}
INFO - 2022-02-21 21:17:41 --> Session: Class initialized using 'CodeIgniter\Session\Handlers\FileHandler' driver.
CRITICAL - 2022-02-21 21:17:41 --> Call to a member function links() on null
#0 /var/www/html/mymisdiagnosis/system/View/View.php(220): include()
#1 /var/www/html/mymisdiagnosis/system/View/View.php(222): CodeIgniter\View\View->CodeIgniter\View\{closure}()
#2 /var/www/html/mymisdiagnosis/system/Common.php(1217): CodeIgniter\View\View->render('record_list', Array, true)
#3 /var/www/html/mymisdiagnosis/app/Controllers/Record.php(138): view('record_list', Array)
#4 /var/www/html/mymisdiagnosis/system/CodeIgniter.php(936): App\Controllers\Record->index()
#5 /var/www/html/mymisdiagnosis/system/CodeIgniter.php(432): CodeIgniter\CodeIgniter->runController(Object(App\Controllers\Record))
#6 /var/www/html/mymisdiagnosis/system/CodeIgniter.php(333): CodeIgniter\CodeIgniter->handleRequest(NULL, Object(Config\Cache), false)
#7 /var/www/html/mymisdiagnosis/index.php(44): CodeIgniter\CodeIgniter->run()
#8 {main}
INFO - 2022-02-21 21:18:23 --> Session: Class initialized using 'CodeIgniter\Session\Handlers\FileHandler' driver.
CRITICAL - 2022-02-21 21:18:23 --> Call to a member function links() on null
#0 /var/www/html/mymisdiagnosis/system/View/View.php(220): include()
#1 /var/www/html/mymisdiagnosis/system/View/View.php(222): CodeIgniter\View\View->CodeIgniter\View\{closure}()
#2 /var/www/html/mymisdiagnosis/system/Common.php(1217): CodeIgniter\View\View->render('record_list', Array, true)
#3 /var/www/html/mymisdiagnosis/app/Controllers/Record.php(138): view('record_list', Array)
#4 /var/www/html/mymisdiagnosis/system/CodeIgniter.php(936): App\Controllers\Record->index()
#5 /var/www/html/mymisdiagnosis/system/CodeIgniter.php(432): CodeIgniter\CodeIgniter->runController(Object(App\Controllers\Record))
#6 /var/www/html/mymisdiagnosis/system/CodeIgniter.php(333): CodeIgniter\CodeIgniter->handleRequest(NULL, Object(Config\Cache), false)
#7 /var/www/html/mymisdiagnosis/index.php(44): CodeIgniter\CodeIgniter->run()
#8 {main}
INFO - 2022-02-21 21:18:34 --> Session: Class initialized using 'CodeIgniter\Session\Handlers\FileHandler' driver.
INFO - 2022-02-21 21:18:36 --> Session: Class initialized using 'CodeIgniter\Session\Handlers\FileHandler' driver.
INFO - 2022-02-21 21:18:41 --> Session: Class initialized using 'CodeIgniter\Session\Handlers\FileHandler' driver.
INFO - 2022-02-21 21:19:58 --> Session: Class initialized using 'CodeIgniter\Session\Handlers\FileHandler' driver.
INFO - 2022-02-21 21:20:01 --> Session: Class initialized using 'CodeIgniter\Session\Handlers\FileHandler' driver.
INFO - 2022-02-21 21:21:28 --> Session: Class initialized using 'CodeIgniter\Session\Handlers\FileHandler' driver.
CRITICAL - 2022-02-21 21:21:28 --> Call to a member function num_rows() on array
#0 /var/www/html/mymisdiagnosis/system/View/View.php(220): include()
#1 /var/www/html/mymisdiagnosis/system/View/View.php(222): CodeIgniter\View\View->CodeIgniter\View\{closure}()
#2 /var/www/html/mymisdiagnosis/system/Common.php(1217): CodeIgniter\View\View->render('record_list', Array, true)
#3 /var/www/html/mymisdiagnosis/app/Controllers/Record.php(138): view('record_list', Array)
#4 /var/www/html/mymisdiagnosis/system/CodeIgniter.php(936): App\Controllers\Record->index()
#5 /var/www/html/mymisdiagnosis/system/CodeIgniter.php(432): CodeIgniter\CodeIgniter->runController(Object(App\Controllers\Record))
#6 /var/www/html/mymisdiagnosis/system/CodeIgniter.php(333): CodeIgniter\CodeIgniter->handleRequest(NULL, Object(Config\Cache), false)
#7 /var/www/html/mymisdiagnosis/index.php(44): CodeIgniter\CodeIgniter->run()
#8 {main}
INFO - 2022-02-21 21:21:38 --> Session: Class initialized using 'CodeIgniter\Session\Handlers\FileHandler' driver.
CRITICAL - 2022-02-21 21:21:38 --> Call to a member function num_rows() on array
#0 /var/www/html/mymisdiagnosis/system/View/View.php(220): include()
#1 /var/www/html/mymisdiagnosis/system/View/View.php(222): CodeIgniter\View\View->CodeIgniter\View\{closure}()
#2 /var/www/html/mymisdiagnosis/system/Common.php(1217): CodeIgniter\View\View->render('record_list', Array, true)
#3 /var/www/html/mymisdiagnosis/app/Controllers/Record.php(138): view('record_list', Array)
#4 /var/www/html/mymisdiagnosis/system/CodeIgniter.php(936): App\Controllers\Record->index()
#5 /var/www/html/mymisdiagnosis/system/CodeIgniter.php(432): CodeIgniter\CodeIgniter->runController(Object(App\Controllers\Record))
#6 /var/www/html/mymisdiagnosis/system/CodeIgniter.php(333): CodeIgniter\CodeIgniter->handleRequest(NULL, Object(Config\Cache), false)
#7 /var/www/html/mymisdiagnosis/index.php(44): CodeIgniter\CodeIgniter->run()
#8 {main}
INFO - 2022-02-21 21:21:48 --> Session: Class initialized using 'CodeIgniter\Session\Handlers\FileHandler' driver.
CRITICAL - 2022-02-21 21:21:48 --> Undefined variable: listing
#0 /var/www/html/mymisdiagnosis/app/Views/record_list.php(57): CodeIgniter\Debug\Exceptions->errorHandler(8, 'Undefined varia...', '/var/www/html/m...', 57, Array)
#1 /var/www/html/mymisdiagnosis/system/View/View.php(220): include('/var/www/html/m...')
#2 /var/www/html/mymisdiagnosis/system/View/View.php(222): CodeIgniter\View\View->CodeIgniter\View\{closure}()
#3 /var/www/html/mymisdiagnosis/system/Common.php(1217): CodeIgniter\View\View->render('record_list', Array, true)
#4 /var/www/html/mymisdiagnosis/app/Controllers/Record.php(138): view('record_list', Array)
#5 /var/www/html/mymisdiagnosis/system/CodeIgniter.php(936): App\Controllers\Record->index()
#6 /var/www/html/mymisdiagnosis/system/CodeIgniter.php(432): CodeIgniter\CodeIgniter->runController(Object(App\Controllers\Record))
#7 /var/www/html/mymisdiagnosis/system/CodeIgniter.php(333): CodeIgniter\CodeIgniter->handleRequest(NULL, Object(Config\Cache), false)
#8 /var/www/html/mymisdiagnosis/index.php(44): CodeIgniter\CodeIgniter->run()
#9 {main}
INFO - 2022-02-21 21:23:51 --> Session: Class initialized using 'CodeIgniter\Session\Handlers\FileHandler' driver.
INFO - 2022-02-21 21:24:36 --> Session: Class initialized using 'CodeIgniter\Session\Handlers\FileHandler' driver.
INFO - 2022-02-21 21:25:40 --> Session: Class initialized using 'CodeIgniter\Session\Handlers\FileHandler' driver.
INFO - 2022-02-21 21:25:45 --> Session: Class initialized using 'CodeIgniter\Session\Handlers\FileHandler' driver.
CRITICAL - 2022-02-21 21:25:45 --> Call to a member function links() on null
#0 /var/www/html/mymisdiagnosis/system/View/View.php(220): include()
#1 /var/www/html/mymisdiagnosis/system/View/View.php(222): CodeIgniter\View\View->CodeIgniter\View\{closure}()
#2 /var/www/html/mymisdiagnosis/system/Common.php(1217): CodeIgniter\View\View->render('record_list', Array, true)
#3 /var/www/html/mymisdiagnosis/app/Controllers/Record.php(138): view('record_list', Array)
#4 /var/www/html/mymisdiagnosis/system/CodeIgniter.php(936): App\Controllers\Record->index()
#5 /var/www/html/mymisdiagnosis/system/CodeIgniter.php(432): CodeIgniter\CodeIgniter->runController(Object(App\Controllers\Record))
#6 /var/www/html/mymisdiagnosis/system/CodeIgniter.php(333): CodeIgniter\CodeIgniter->handleRequest(NULL, Object(Config\Cache), false)
#7 /var/www/html/mymisdiagnosis/index.php(44): CodeIgniter\CodeIgniter->run()
#8 {main}
INFO - 2022-02-21 21:27:34 --> Session: Class initialized using 'CodeIgniter\Session\Handlers\FileHandler' driver.
CRITICAL - 2022-02-21 21:27:34 --> Call to a member function links() on null
#0 /var/www/html/mymisdiagnosis/system/View/View.php(220): include()
#1 /var/www/html/mymisdiagnosis/system/View/View.php(222): CodeIgniter\View\View->CodeIgniter\View\{closure}()
#2 /var/www/html/mymisdiagnosis/system/Common.php(1217): CodeIgniter\View\View->render('record_list', Array, true)
#3 /var/www/html/mymisdiagnosis/app/Controllers/Record.php(138): view('record_list', Array)
#4 /var/www/html/mymisdiagnosis/system/CodeIgniter.php(936): App\Controllers\Record->index()
#5 /var/www/html/mymisdiagnosis/system/CodeIgniter.php(432): CodeIgniter\CodeIgniter->runController(Object(App\Controllers\Record))
#6 /var/www/html/mymisdiagnosis/system/CodeIgniter.php(333): CodeIgniter\CodeIgniter->handleRequest(NULL, Object(Config\Cache), false)
#7 /var/www/html/mymisdiagnosis/index.php(44): CodeIgniter\CodeIgniter->run()
#8 {main}
INFO - 2022-02-21 21:27:37 --> Session: Class initialized using 'CodeIgniter\Session\Handlers\FileHandler' driver.
CRITICAL - 2022-02-21 21:27:37 --> Call to a member function links() on null
#0 /var/www/html/mymisdiagnosis/system/View/View.php(220): include()
#1 /var/www/html/mymisdiagnosis/system/View/View.php(222): CodeIgniter\View\View->CodeIgniter\View\{closure}()
#2 /var/www/html/mymisdiagnosis/system/Common.php(1217): CodeIgniter\View\View->render('record_list', Array, true)
#3 /var/www/html/mymisdiagnosis/app/Controllers/Record.php(138): view('record_list', Array)
#4 /var/www/html/mymisdiagnosis/system/CodeIgniter.php(936): App\Controllers\Record->index()
#5 /var/www/html/mymisdiagnosis/system/CodeIgniter.php(432): CodeIgniter\CodeIgniter->runController(Object(App\Controllers\Record))
#6 /var/www/html/mymisdiagnosis/system/CodeIgniter.php(333): CodeIgniter\CodeIgniter->handleRequest(NULL, Object(Config\Cache), false)
#7 /var/www/html/mymisdiagnosis/index.php(44): CodeIgniter\CodeIgniter->run()
#8 {main}
INFO - 2022-02-21 21:27:48 --> Session: Class initialized using 'CodeIgniter\Session\Handlers\FileHandler' driver.
INFO - 2022-02-21 21:27:52 --> Session: Class initialized using 'CodeIgniter\Session\Handlers\FileHandler' driver.
INFO - 2022-02-21 21:28:01 --> Session: Class initialized using 'CodeIgniter\Session\Handlers\FileHandler' driver.
INFO - 2022-02-21 21:28:03 --> Session: Class initialized using 'CodeIgniter\Session\Handlers\FileHandler' driver.
INFO - 2022-02-21 21:28:09 --> Session: Class initialized using 'CodeIgniter\Session\Handlers\FileHandler' driver.
INFO - 2022-02-21 21:28:13 --> Session: Class initialized using 'CodeIgniter\Session\Handlers\FileHandler' driver.
INFO - 2022-02-21 21:28:14 --> Session: Class initialized using 'CodeIgniter\Session\Handlers\FileHandler' driver.
INFO - 2022-02-21 21:28:24 --> Session: Class initialized using 'CodeIgniter\Session\Handlers\FileHandler' driver.
INFO - 2022-02-21 21:28:28 --> Session: Class initialized using 'CodeIgniter\Session\Handlers\FileHandler' driver.
INFO - 2022-02-21 21:28:29 --> Session: Class initialized using 'CodeIgniter\Session\Handlers\FileHandler' driver.
INFO - 2022-02-21 21:28:37 --> Session: Class initialized using 'CodeIgniter\Session\Handlers\FileHandler' driver.
INFO - 2022-02-21 21:28:39 --> Session: Class initialized using 'CodeIgniter\Session\Handlers\FileHandler' driver.
INFO - 2022-02-21 21:29:00 --> Session: Class initialized using 'CodeIgniter\Session\Handlers\FileHandler' driver.
INFO - 2022-02-21 21:29:40 --> Session: Class initialized using 'CodeIgniter\Session\Handlers\FileHandler' driver.
CRITICAL - 2022-02-21 21:29:40 --> Call to a member function links() on null
#0 /var/www/html/mymisdiagnosis/system/View/View.php(220): include()
#1 /var/www/html/mymisdiagnosis/system/View/View.php(222): CodeIgniter\View\View->CodeIgniter\View\{closure}()
#2 /var/www/html/mymisdiagnosis/system/Common.php(1217): CodeIgniter\View\View->render('record_list', Array, true)
#3 /var/www/html/mymisdiagnosis/app/Controllers/Record.php(138): view('record_list', Array)
#4 /var/www/html/mymisdiagnosis/system/CodeIgniter.php(936): App\Controllers\Record->index()
#5 /var/www/html/mymisdiagnosis/system/CodeIgniter.php(432): CodeIgniter\CodeIgniter->runController(Object(App\Controllers\Record))
#6 /var/www/html/mymisdiagnosis/system/CodeIgniter.php(333): CodeIgniter\CodeIgniter->handleRequest(NULL, Object(Config\Cache), false)
#7 /var/www/html/mymisdiagnosis/index.php(44): CodeIgniter\CodeIgniter->run()
#8 {main}
INFO - 2022-02-21 21:32:24 --> Session: Class initialized using 'CodeIgniter\Session\Handlers\FileHandler' driver.
INFO - 2022-02-21 21:32:30 --> Session: Class initialized using 'CodeIgniter\Session\Handlers\FileHandler' driver.
INFO - 2022-02-21 21:32:36 --> Session: Class initialized using 'CodeIgniter\Session\Handlers\FileHandler' driver.
CRITICAL - 2022-02-21 21:32:36 --> Call to a member function links() on null
#0 /var/www/html/mymisdiagnosis/system/View/View.php(220): include()
#1 /var/www/html/mymisdiagnosis/system/View/View.php(222): CodeIgniter\View\View->CodeIgniter\View\{closure}()
#2 /var/www/html/mymisdiagnosis/system/Common.php(1217): CodeIgniter\View\View->render('record_list', Array, true)
#3 /var/www/html/mymisdiagnosis/app/Controllers/Record.php(138): view('record_list', Array)
#4 /var/www/html/mymisdiagnosis/system/CodeIgniter.php(936): App\Controllers\Record->index()
#5 /var/www/html/mymisdiagnosis/system/CodeIgniter.php(432): CodeIgniter\CodeIgniter->runController(Object(App\Controllers\Record))
#6 /var/www/html/mymisdiagnosis/system/CodeIgniter.php(333): CodeIgniter\CodeIgniter->handleRequest(NULL, Object(Config\Cache), false)
#7 /var/www/html/mymisdiagnosis/index.php(44): CodeIgniter\CodeIgniter->run()
#8 {main}
INFO - 2022-02-21 21:33:22 --> Session: Class initialized using 'CodeIgniter\Session\Handlers\FileHandler' driver.
CRITICAL - 2022-02-21 21:33:22 --> Call to a member function links() on null
#0 /var/www/html/mymisdiagnosis/system/View/View.php(220): include()
#1 /var/www/html/mymisdiagnosis/system/View/View.php(222): CodeIgniter\View\View->CodeIgniter\View\{closure}()
#2 /var/www/html/mymisdiagnosis/system/Common.php(1217): CodeIgniter\View\View->render('record_list', Array, true)
#3 /var/www/html/mymisdiagnosis/app/Controllers/Record.php(138): view('record_list', Array)
#4 /var/www/html/mymisdiagnosis/system/CodeIgniter.php(936): App\Controllers\Record->index()
#5 /var/www/html/mymisdiagnosis/system/CodeIgniter.php(432): CodeIgniter\CodeIgniter->runController(Object(App\Controllers\Record))
#6 /var/www/html/mymisdiagnosis/system/CodeIgniter.php(333): CodeIgniter\CodeIgniter->handleRequest(NULL, Object(Config\Cache), false)
#7 /var/www/html/mymisdiagnosis/index.php(44): CodeIgniter\CodeIgniter->run()
#8 {main}
INFO - 2022-02-21 21:33:29 --> Session: Class initialized using 'CodeIgniter\Session\Handlers\FileHandler' driver.
INFO - 2022-02-21 21:33:32 --> Session: Class initialized using 'CodeIgniter\Session\Handlers\FileHandler' driver.
CRITICAL - 2022-02-21 21:33:32 --> Call to a member function links() on null
#0 /var/www/html/mymisdiagnosis/system/View/View.php(220): include()
#1 /var/www/html/mymisdiagnosis/system/View/View.php(222): CodeIgniter\View\View->CodeIgniter\View\{closure}()
#2 /var/www/html/mymisdiagnosis/system/Common.php(1217): CodeIgniter\View\View->render('record_list', Array, true)
#3 /var/www/html/mymisdiagnosis/app/Controllers/Record.php(138): view('record_list', Array)
#4 /var/www/html/mymisdiagnosis/system/CodeIgniter.php(936): App\Controllers\Record->index()
#5 /var/www/html/mymisdiagnosis/system/CodeIgniter.php(432): CodeIgniter\CodeIgniter->runController(Object(App\Controllers\Record))
#6 /var/www/html/mymisdiagnosis/system/CodeIgniter.php(333): CodeIgniter\CodeIgniter->handleRequest(NULL, Object(Config\Cache), false)
#7 /var/www/html/mymisdiagnosis/index.php(44): CodeIgniter\CodeIgniter->run()
#8 {main}
