INFO - 2022-01-04 08:08:26 --> Session: Class initialized using 'CodeIgniter\Session\Handlers\FileHandler' driver.
INFO - 2022-01-04 08:08:29 --> Session: Class initialized using 'CodeIgniter\Session\Handlers\FileHandler' driver.
WARNING - 2022-01-04 08:08:29 --> Session: Sessions is enabled, and one exists.Please don't $session->start();
INFO - 2022-01-04 08:08:34 --> Session: Class initialized using 'CodeIgniter\Session\Handlers\FileHandler' driver.
WARNING - 2022-01-04 08:08:34 --> Session: Sessions is enabled, and one exists.Please don't $session->start();
INFO - 2022-01-04 08:08:57 --> Session: Class initialized using 'CodeIgniter\Session\Handlers\FileHandler' driver.
INFO - 2022-01-04 08:09:13 --> Session: Class initialized using 'CodeIgniter\Session\Handlers\FileHandler' driver.
CRITICAL - 2022-01-04 08:09:13 --> Undefined variable: title
#0 /var/www/html/mymisdiagnosis/app/Views/home.php(19): CodeIgniter\Debug\Exceptions->errorHandler(8, 'Undefined varia...', '/var/www/html/m...', 19, Array)
#1 /var/www/html/mymisdiagnosis/system/View/View.php(220): include('/var/www/html/m...')
#2 /var/www/html/mymisdiagnosis/system/View/View.php(222): CodeIgniter\View\View->CodeIgniter\View\{closure}()
#3 /var/www/html/mymisdiagnosis/system/Common.php(1217): CodeIgniter\View\View->render('home', Array, true)
#4 /var/www/html/mymisdiagnosis/app/Controllers/Autocompletesearch.php(10): view('home')
#5 /var/www/html/mymisdiagnosis/system/CodeIgniter.php(936): App\Controllers\AutocompleteSearch->index()
#6 /var/www/html/mymisdiagnosis/system/CodeIgniter.php(432): CodeIgniter\CodeIgniter->runController(Object(App\Controllers\AutocompleteSearch))
#7 /var/www/html/mymisdiagnosis/system/CodeIgniter.php(333): CodeIgniter\CodeIgniter->handleRequest(NULL, Object(Config\Cache), false)
#8 /var/www/html/mymisdiagnosis/index.php(44): CodeIgniter\CodeIgniter->run()
#9 {main}
INFO - 2022-01-04 08:10:08 --> Session: Class initialized using 'CodeIgniter\Session\Handlers\FileHandler' driver.
CRITICAL - 2022-01-04 08:10:08 --> Undefined variable: title
#0 /var/www/html/mymisdiagnosis/app/Views/home.php(19): CodeIgniter\Debug\Exceptions->errorHandler(8, 'Undefined varia...', '/var/www/html/m...', 19, Array)
#1 /var/www/html/mymisdiagnosis/system/View/View.php(220): include('/var/www/html/m...')
#2 /var/www/html/mymisdiagnosis/system/View/View.php(222): CodeIgniter\View\View->CodeIgniter\View\{closure}()
#3 /var/www/html/mymisdiagnosis/system/Common.php(1217): CodeIgniter\View\View->render('home', Array, true)
#4 /var/www/html/mymisdiagnosis/app/Controllers/Autocompletesearch.php(10): view('home')
#5 /var/www/html/mymisdiagnosis/system/CodeIgniter.php(936): App\Controllers\AutocompleteSearch->index()
#6 /var/www/html/mymisdiagnosis/system/CodeIgniter.php(432): CodeIgniter\CodeIgniter->runController(Object(App\Controllers\AutocompleteSearch))
#7 /var/www/html/mymisdiagnosis/system/CodeIgniter.php(333): CodeIgniter\CodeIgniter->handleRequest(NULL, Object(Config\Cache), false)
#8 /var/www/html/mymisdiagnosis/index.php(44): CodeIgniter\CodeIgniter->run()
#9 {main}
INFO - 2022-01-04 08:11:37 --> Session: Class initialized using 'CodeIgniter\Session\Handlers\FileHandler' driver.
CRITICAL - 2022-01-04 08:11:38 --> Undefined variable: title
#0 /var/www/html/mymisdiagnosis/app/Views/home.php(19): CodeIgniter\Debug\Exceptions->errorHandler(8, 'Undefined varia...', '/var/www/html/m...', 19, Array)
#1 /var/www/html/mymisdiagnosis/system/View/View.php(220): include('/var/www/html/m...')
#2 /var/www/html/mymisdiagnosis/system/View/View.php(222): CodeIgniter\View\View->CodeIgniter\View\{closure}()
#3 /var/www/html/mymisdiagnosis/system/Common.php(1217): CodeIgniter\View\View->render('home', Array, true)
#4 /var/www/html/mymisdiagnosis/app/Controllers/Autocompletesearch.php(10): view('home')
#5 /var/www/html/mymisdiagnosis/system/CodeIgniter.php(936): App\Controllers\AutocompleteSearch->index()
#6 /var/www/html/mymisdiagnosis/system/CodeIgniter.php(432): CodeIgniter\CodeIgniter->runController(Object(App\Controllers\AutocompleteSearch))
#7 /var/www/html/mymisdiagnosis/system/CodeIgniter.php(333): CodeIgniter\CodeIgniter->handleRequest(NULL, Object(Config\Cache), false)
#8 /var/www/html/mymisdiagnosis/index.php(44): CodeIgniter\CodeIgniter->run()
#9 {main}
INFO - 2022-01-04 08:15:17 --> Session: Class initialized using 'CodeIgniter\Session\Handlers\FileHandler' driver.
CRITICAL - 2022-01-04 08:15:17 --> Undefined variable: title
#0 /var/www/html/mymisdiagnosis/app/Views/home.php(19): CodeIgniter\Debug\Exceptions->errorHandler(8, 'Undefined varia...', '/var/www/html/m...', 19, Array)
#1 /var/www/html/mymisdiagnosis/system/View/View.php(220): include('/var/www/html/m...')
#2 /var/www/html/mymisdiagnosis/system/View/View.php(222): CodeIgniter\View\View->CodeIgniter\View\{closure}()
#3 /var/www/html/mymisdiagnosis/system/Common.php(1217): CodeIgniter\View\View->render('home', Array, true)
#4 /var/www/html/mymisdiagnosis/app/Controllers/Autocompletesearch.php(10): view('home')
#5 /var/www/html/mymisdiagnosis/system/CodeIgniter.php(936): App\Controllers\AutocompleteSearch->index()
#6 /var/www/html/mymisdiagnosis/system/CodeIgniter.php(432): CodeIgniter\CodeIgniter->runController(Object(App\Controllers\AutocompleteSearch))
#7 /var/www/html/mymisdiagnosis/system/CodeIgniter.php(333): CodeIgniter\CodeIgniter->handleRequest(NULL, Object(Config\Cache), false)
#8 /var/www/html/mymisdiagnosis/index.php(44): CodeIgniter\CodeIgniter->run()
#9 {main}
INFO - 2022-01-04 08:15:38 --> Session: Class initialized using 'CodeIgniter\Session\Handlers\FileHandler' driver.
CRITICAL - 2022-01-04 08:15:38 --> Undefined variable: title
#0 /var/www/html/mymisdiagnosis/app/Views/home.php(19): CodeIgniter\Debug\Exceptions->errorHandler(8, 'Undefined varia...', '/var/www/html/m...', 19, Array)
#1 /var/www/html/mymisdiagnosis/system/View/View.php(220): include('/var/www/html/m...')
#2 /var/www/html/mymisdiagnosis/system/View/View.php(222): CodeIgniter\View\View->CodeIgniter\View\{closure}()
#3 /var/www/html/mymisdiagnosis/system/Common.php(1217): CodeIgniter\View\View->render('home', Array, true)
#4 /var/www/html/mymisdiagnosis/app/Controllers/Autocompletesearch.php(10): view('home')
#5 /var/www/html/mymisdiagnosis/system/CodeIgniter.php(936): App\Controllers\AutocompleteSearch->index()
#6 /var/www/html/mymisdiagnosis/system/CodeIgniter.php(432): CodeIgniter\CodeIgniter->runController(Object(App\Controllers\AutocompleteSearch))
#7 /var/www/html/mymisdiagnosis/system/CodeIgniter.php(333): CodeIgniter\CodeIgniter->handleRequest(NULL, Object(Config\Cache), false)
#8 /var/www/html/mymisdiagnosis/index.php(44): CodeIgniter\CodeIgniter->run()
#9 {main}
CRITICAL - 2022-01-04 08:18:16 --> Argument 2 passed to CodeIgniter\Database\BaseBuilder::like() must be of the type string, null given, called in /var/www/html/mymisdiagnosis/app/Controllers/AutocompleteSearch.php on line 22
#0 /var/www/html/mymisdiagnosis/app/Controllers/AutocompleteSearch.php(22): CodeIgniter\Database\BaseBuilder->like('username', NULL)
#1 /var/www/html/mymisdiagnosis/system/CodeIgniter.php(936): App\Controllers\AutocompleteSearch->ajaxSearch()
#2 /var/www/html/mymisdiagnosis/system/CodeIgniter.php(432): CodeIgniter\CodeIgniter->runController(Object(App\Controllers\AutocompleteSearch))
#3 /var/www/html/mymisdiagnosis/system/CodeIgniter.php(333): CodeIgniter\CodeIgniter->handleRequest(NULL, Object(Config\Cache), false)
#4 /var/www/html/mymisdiagnosis/index.php(44): CodeIgniter\CodeIgniter->run()
#5 {main}
CRITICAL - 2022-01-04 08:18:26 --> Argument 2 passed to CodeIgniter\Database\BaseBuilder::like() must be of the type string, null given, called in /var/www/html/mymisdiagnosis/app/Controllers/AutocompleteSearch.php on line 22
#0 /var/www/html/mymisdiagnosis/app/Controllers/AutocompleteSearch.php(22): CodeIgniter\Database\BaseBuilder->like('username', NULL)
#1 /var/www/html/mymisdiagnosis/system/CodeIgniter.php(936): App\Controllers\AutocompleteSearch->ajaxSearch()
#2 /var/www/html/mymisdiagnosis/system/CodeIgniter.php(432): CodeIgniter\CodeIgniter->runController(Object(App\Controllers\AutocompleteSearch))
#3 /var/www/html/mymisdiagnosis/system/CodeIgniter.php(333): CodeIgniter\CodeIgniter->handleRequest(NULL, Object(Config\Cache), false)
#4 /var/www/html/mymisdiagnosis/index.php(44): CodeIgniter\CodeIgniter->run()
#5 {main}
CRITICAL - 2022-01-04 08:18:33 --> Argument 2 passed to CodeIgniter\Database\BaseBuilder::like() must be of the type string, null given, called in /var/www/html/mymisdiagnosis/app/Controllers/AutocompleteSearch.php on line 22
#0 /var/www/html/mymisdiagnosis/app/Controllers/AutocompleteSearch.php(22): CodeIgniter\Database\BaseBuilder->like('username', NULL)
#1 /var/www/html/mymisdiagnosis/system/CodeIgniter.php(936): App\Controllers\AutocompleteSearch->ajaxSearch()
#2 /var/www/html/mymisdiagnosis/system/CodeIgniter.php(432): CodeIgniter\CodeIgniter->runController(Object(App\Controllers\AutocompleteSearch))
#3 /var/www/html/mymisdiagnosis/system/CodeIgniter.php(333): CodeIgniter\CodeIgniter->handleRequest(NULL, Object(Config\Cache), false)
#4 /var/www/html/mymisdiagnosis/index.php(44): CodeIgniter\CodeIgniter->run()
#5 {main}
CRITICAL - 2022-01-04 08:18:58 --> Argument 2 passed to CodeIgniter\Database\BaseBuilder::like() must be of the type string, null given, called in /var/www/html/mymisdiagnosis/app/Controllers/AutocompleteSearch.php on line 22
#0 /var/www/html/mymisdiagnosis/app/Controllers/AutocompleteSearch.php(22): CodeIgniter\Database\BaseBuilder->like('username', NULL)
#1 /var/www/html/mymisdiagnosis/system/CodeIgniter.php(936): App\Controllers\AutocompleteSearch->ajaxSearch()
#2 /var/www/html/mymisdiagnosis/system/CodeIgniter.php(432): CodeIgniter\CodeIgniter->runController(Object(App\Controllers\AutocompleteSearch))
#3 /var/www/html/mymisdiagnosis/system/CodeIgniter.php(333): CodeIgniter\CodeIgniter->handleRequest(NULL, Object(Config\Cache), false)
#4 /var/www/html/mymisdiagnosis/index.php(44): CodeIgniter\CodeIgniter->run()
#5 {main}
CRITICAL - 2022-01-04 08:19:37 --> Argument 2 passed to CodeIgniter\Database\BaseBuilder::like() must be of the type string, null given, called in /var/www/html/mymisdiagnosis/app/Controllers/AutocompleteSearch.php on line 22
#0 /var/www/html/mymisdiagnosis/app/Controllers/AutocompleteSearch.php(22): CodeIgniter\Database\BaseBuilder->like('username', NULL)
#1 /var/www/html/mymisdiagnosis/system/CodeIgniter.php(936): App\Controllers\AutocompleteSearch->ajaxSearch()
#2 /var/www/html/mymisdiagnosis/system/CodeIgniter.php(432): CodeIgniter\CodeIgniter->runController(Object(App\Controllers\AutocompleteSearch))
#3 /var/www/html/mymisdiagnosis/system/CodeIgniter.php(333): CodeIgniter\CodeIgniter->handleRequest(NULL, Object(Config\Cache), false)
#4 /var/www/html/mymisdiagnosis/index.php(44): CodeIgniter\CodeIgniter->run()
#5 {main}
INFO - 2022-01-04 08:33:05 --> Session: Class initialized using 'CodeIgniter\Session\Handlers\FileHandler' driver.
WARNING - 2022-01-04 08:33:05 --> Session: Sessions is enabled, and one exists.Please don't $session->start();
INFO - 2022-01-04 08:33:11 --> Session: Class initialized using 'CodeIgniter\Session\Handlers\FileHandler' driver.
CRITICAL - 2022-01-04 08:33:17 --> Argument 2 passed to CodeIgniter\Database\BaseBuilder::like() must be of the type string, null given, called in /var/www/html/mymisdiagnosis/app/Controllers/AutocompleteSearch.php on line 27
#0 /var/www/html/mymisdiagnosis/app/Controllers/AutocompleteSearch.php(27): CodeIgniter\Database\BaseBuilder->like('username', NULL)
#1 /var/www/html/mymisdiagnosis/system/CodeIgniter.php(936): App\Controllers\AutocompleteSearch->ajaxSearch()
#2 /var/www/html/mymisdiagnosis/system/CodeIgniter.php(432): CodeIgniter\CodeIgniter->runController(Object(App\Controllers\AutocompleteSearch))
#3 /var/www/html/mymisdiagnosis/system/CodeIgniter.php(333): CodeIgniter\CodeIgniter->handleRequest(NULL, Object(Config\Cache), false)
#4 /var/www/html/mymisdiagnosis/index.php(44): CodeIgniter\CodeIgniter->run()
#5 {main}
CRITICAL - 2022-01-04 08:33:22 --> Argument 2 passed to CodeIgniter\Database\BaseBuilder::like() must be of the type string, null given, called in /var/www/html/mymisdiagnosis/app/Controllers/AutocompleteSearch.php on line 27
#0 /var/www/html/mymisdiagnosis/app/Controllers/AutocompleteSearch.php(27): CodeIgniter\Database\BaseBuilder->like('username', NULL)
#1 /var/www/html/mymisdiagnosis/system/CodeIgniter.php(936): App\Controllers\AutocompleteSearch->ajaxSearch()
#2 /var/www/html/mymisdiagnosis/system/CodeIgniter.php(432): CodeIgniter\CodeIgniter->runController(Object(App\Controllers\AutocompleteSearch))
#3 /var/www/html/mymisdiagnosis/system/CodeIgniter.php(333): CodeIgniter\CodeIgniter->handleRequest(NULL, Object(Config\Cache), false)
#4 /var/www/html/mymisdiagnosis/index.php(44): CodeIgniter\CodeIgniter->run()
#5 {main}
CRITICAL - 2022-01-04 08:33:41 --> Argument 2 passed to CodeIgniter\Database\BaseBuilder::like() must be of the type string, null given, called in /var/www/html/mymisdiagnosis/app/Controllers/AutocompleteSearch.php on line 27
#0 /var/www/html/mymisdiagnosis/app/Controllers/AutocompleteSearch.php(27): CodeIgniter\Database\BaseBuilder->like('username', NULL)
#1 /var/www/html/mymisdiagnosis/system/CodeIgniter.php(936): App\Controllers\AutocompleteSearch->ajaxSearch()
#2 /var/www/html/mymisdiagnosis/system/CodeIgniter.php(432): CodeIgniter\CodeIgniter->runController(Object(App\Controllers\AutocompleteSearch))
#3 /var/www/html/mymisdiagnosis/system/CodeIgniter.php(333): CodeIgniter\CodeIgniter->handleRequest(NULL, Object(Config\Cache), false)
#4 /var/www/html/mymisdiagnosis/index.php(44): CodeIgniter\CodeIgniter->run()
#5 {main}
CRITICAL - 2022-01-04 08:34:18 --> Argument 2 passed to CodeIgniter\Database\BaseBuilder::like() must be of the type string, null given, called in /var/www/html/mymisdiagnosis/app/Controllers/AutocompleteSearch.php on line 27
#0 /var/www/html/mymisdiagnosis/app/Controllers/AutocompleteSearch.php(27): CodeIgniter\Database\BaseBuilder->like('username', NULL)
#1 /var/www/html/mymisdiagnosis/system/CodeIgniter.php(936): App\Controllers\AutocompleteSearch->ajaxSearch()
#2 /var/www/html/mymisdiagnosis/system/CodeIgniter.php(432): CodeIgniter\CodeIgniter->runController(Object(App\Controllers\AutocompleteSearch))
#3 /var/www/html/mymisdiagnosis/system/CodeIgniter.php(333): CodeIgniter\CodeIgniter->handleRequest(NULL, Object(Config\Cache), false)
#4 /var/www/html/mymisdiagnosis/index.php(44): CodeIgniter\CodeIgniter->run()
#5 {main}
CRITICAL - 2022-01-04 08:34:30 --> Argument 2 passed to CodeIgniter\Database\BaseBuilder::like() must be of the type string, null given, called in /var/www/html/mymisdiagnosis/app/Controllers/AutocompleteSearch.php on line 27
#0 /var/www/html/mymisdiagnosis/app/Controllers/AutocompleteSearch.php(27): CodeIgniter\Database\BaseBuilder->like('username', NULL)
#1 /var/www/html/mymisdiagnosis/system/CodeIgniter.php(936): App\Controllers\AutocompleteSearch->ajaxSearch()
#2 /var/www/html/mymisdiagnosis/system/CodeIgniter.php(432): CodeIgniter\CodeIgniter->runController(Object(App\Controllers\AutocompleteSearch))
#3 /var/www/html/mymisdiagnosis/system/CodeIgniter.php(333): CodeIgniter\CodeIgniter->handleRequest(NULL, Object(Config\Cache), false)
#4 /var/www/html/mymisdiagnosis/index.php(44): CodeIgniter\CodeIgniter->run()
#5 {main}
CRITICAL - 2022-01-04 08:39:20 --> Argument 2 passed to CodeIgniter\Database\BaseBuilder::like() must be of the type string, null given, called in /var/www/html/mymisdiagnosis/app/Controllers/AutocompleteSearch.php on line 27
#0 /var/www/html/mymisdiagnosis/app/Controllers/AutocompleteSearch.php(27): CodeIgniter\Database\BaseBuilder->like('username', NULL)
#1 /var/www/html/mymisdiagnosis/system/CodeIgniter.php(936): App\Controllers\AutocompleteSearch->ajaxSearch()
#2 /var/www/html/mymisdiagnosis/system/CodeIgniter.php(432): CodeIgniter\CodeIgniter->runController(Object(App\Controllers\AutocompleteSearch))
#3 /var/www/html/mymisdiagnosis/system/CodeIgniter.php(333): CodeIgniter\CodeIgniter->handleRequest(NULL, Object(Config\Cache), false)
#4 /var/www/html/mymisdiagnosis/index.php(44): CodeIgniter\CodeIgniter->run()
#5 {main}
CRITICAL - 2022-01-04 08:39:32 --> Argument 2 passed to CodeIgniter\Database\BaseBuilder::like() must be of the type string, null given, called in /var/www/html/mymisdiagnosis/app/Controllers/AutocompleteSearch.php on line 27
#0 /var/www/html/mymisdiagnosis/app/Controllers/AutocompleteSearch.php(27): CodeIgniter\Database\BaseBuilder->like('username', NULL)
#1 /var/www/html/mymisdiagnosis/system/CodeIgniter.php(936): App\Controllers\AutocompleteSearch->ajaxSearch()
#2 /var/www/html/mymisdiagnosis/system/CodeIgniter.php(432): CodeIgniter\CodeIgniter->runController(Object(App\Controllers\AutocompleteSearch))
#3 /var/www/html/mymisdiagnosis/system/CodeIgniter.php(333): CodeIgniter\CodeIgniter->handleRequest(NULL, Object(Config\Cache), false)
#4 /var/www/html/mymisdiagnosis/index.php(44): CodeIgniter\CodeIgniter->run()
#5 {main}
CRITICAL - 2022-01-04 08:42:56 --> Argument 2 passed to CodeIgniter\Database\BaseBuilder::like() must be of the type string, null given, called in /var/www/html/mymisdiagnosis/app/Controllers/AutocompleteSearch.php on line 27
#0 /var/www/html/mymisdiagnosis/app/Controllers/AutocompleteSearch.php(27): CodeIgniter\Database\BaseBuilder->like('username', NULL)
#1 /var/www/html/mymisdiagnosis/system/CodeIgniter.php(936): App\Controllers\AutocompleteSearch->ajaxSearch()
#2 /var/www/html/mymisdiagnosis/system/CodeIgniter.php(432): CodeIgniter\CodeIgniter->runController(Object(App\Controllers\AutocompleteSearch))
#3 /var/www/html/mymisdiagnosis/system/CodeIgniter.php(333): CodeIgniter\CodeIgniter->handleRequest(NULL, Object(Config\Cache), false)
#4 /var/www/html/mymisdiagnosis/index.php(44): CodeIgniter\CodeIgniter->run()
#5 {main}
INFO - 2022-01-04 08:43:20 --> Session: Class initialized using 'CodeIgniter\Session\Handlers\FileHandler' driver.
WARNING - 2022-01-04 08:43:20 --> Session: Sessions is enabled, and one exists.Please don't $session->start();
CRITICAL - 2022-01-04 08:43:37 --> Argument 2 passed to CodeIgniter\Database\BaseBuilder::like() must be of the type string, null given, called in /var/www/html/mymisdiagnosis/app/Controllers/AutocompleteSearch.php on line 27
#0 /var/www/html/mymisdiagnosis/app/Controllers/AutocompleteSearch.php(27): CodeIgniter\Database\BaseBuilder->like('username', NULL)
#1 /var/www/html/mymisdiagnosis/system/CodeIgniter.php(936): App\Controllers\AutocompleteSearch->ajaxSearch()
#2 /var/www/html/mymisdiagnosis/system/CodeIgniter.php(432): CodeIgniter\CodeIgniter->runController(Object(App\Controllers\AutocompleteSearch))
#3 /var/www/html/mymisdiagnosis/system/CodeIgniter.php(333): CodeIgniter\CodeIgniter->handleRequest(NULL, Object(Config\Cache), false)
#4 /var/www/html/mymisdiagnosis/index.php(44): CodeIgniter\CodeIgniter->run()
#5 {main}
CRITICAL - 2022-01-04 08:43:48 --> Argument 2 passed to CodeIgniter\Database\BaseBuilder::like() must be of the type string, null given, called in /var/www/html/mymisdiagnosis/app/Controllers/AutocompleteSearch.php on line 27
#0 /var/www/html/mymisdiagnosis/app/Controllers/AutocompleteSearch.php(27): CodeIgniter\Database\BaseBuilder->like('username', NULL)
#1 /var/www/html/mymisdiagnosis/system/CodeIgniter.php(936): App\Controllers\AutocompleteSearch->ajaxSearch()
#2 /var/www/html/mymisdiagnosis/system/CodeIgniter.php(432): CodeIgniter\CodeIgniter->runController(Object(App\Controllers\AutocompleteSearch))
#3 /var/www/html/mymisdiagnosis/system/CodeIgniter.php(333): CodeIgniter\CodeIgniter->handleRequest(NULL, Object(Config\Cache), false)
#4 /var/www/html/mymisdiagnosis/index.php(44): CodeIgniter\CodeIgniter->run()
#5 {main}
CRITICAL - 2022-01-04 08:44:00 --> Argument 2 passed to CodeIgniter\Database\BaseBuilder::like() must be of the type string, null given, called in /var/www/html/mymisdiagnosis/app/Controllers/AutocompleteSearch.php on line 27
#0 /var/www/html/mymisdiagnosis/app/Controllers/AutocompleteSearch.php(27): CodeIgniter\Database\BaseBuilder->like('username', NULL)
#1 /var/www/html/mymisdiagnosis/system/CodeIgniter.php(936): App\Controllers\AutocompleteSearch->ajaxSearch()
#2 /var/www/html/mymisdiagnosis/system/CodeIgniter.php(432): CodeIgniter\CodeIgniter->runController(Object(App\Controllers\AutocompleteSearch))
#3 /var/www/html/mymisdiagnosis/system/CodeIgniter.php(333): CodeIgniter\CodeIgniter->handleRequest(NULL, Object(Config\Cache), false)
#4 /var/www/html/mymisdiagnosis/index.php(44): CodeIgniter\CodeIgniter->run()
#5 {main}
CRITICAL - 2022-01-04 08:45:20 --> Argument 2 passed to CodeIgniter\Database\BaseBuilder::like() must be of the type string, null given, called in /var/www/html/mymisdiagnosis/app/Controllers/AutocompleteSearch.php on line 34
#0 /var/www/html/mymisdiagnosis/app/Controllers/AutocompleteSearch.php(34): CodeIgniter\Database\BaseBuilder->like('username', NULL)
#1 /var/www/html/mymisdiagnosis/system/CodeIgniter.php(936): App\Controllers\AutocompleteSearch->ajaxSearch()
#2 /var/www/html/mymisdiagnosis/system/CodeIgniter.php(432): CodeIgniter\CodeIgniter->runController(Object(App\Controllers\AutocompleteSearch))
#3 /var/www/html/mymisdiagnosis/system/CodeIgniter.php(333): CodeIgniter\CodeIgniter->handleRequest(NULL, Object(Config\Cache), false)
#4 /var/www/html/mymisdiagnosis/index.php(44): CodeIgniter\CodeIgniter->run()
#5 {main}
CRITICAL - 2022-01-04 08:45:26 --> Argument 2 passed to CodeIgniter\Database\BaseBuilder::like() must be of the type string, null given, called in /var/www/html/mymisdiagnosis/app/Controllers/AutocompleteSearch.php on line 34
#0 /var/www/html/mymisdiagnosis/app/Controllers/AutocompleteSearch.php(34): CodeIgniter\Database\BaseBuilder->like('username', NULL)
#1 /var/www/html/mymisdiagnosis/system/CodeIgniter.php(936): App\Controllers\AutocompleteSearch->ajaxSearch()
#2 /var/www/html/mymisdiagnosis/system/CodeIgniter.php(432): CodeIgniter\CodeIgniter->runController(Object(App\Controllers\AutocompleteSearch))
#3 /var/www/html/mymisdiagnosis/system/CodeIgniter.php(333): CodeIgniter\CodeIgniter->handleRequest(NULL, Object(Config\Cache), false)
#4 /var/www/html/mymisdiagnosis/index.php(44): CodeIgniter\CodeIgniter->run()
#5 {main}
CRITICAL - 2022-01-04 08:45:27 --> Argument 2 passed to CodeIgniter\Database\BaseBuilder::like() must be of the type string, null given, called in /var/www/html/mymisdiagnosis/app/Controllers/AutocompleteSearch.php on line 34
#0 /var/www/html/mymisdiagnosis/app/Controllers/AutocompleteSearch.php(34): CodeIgniter\Database\BaseBuilder->like('username', NULL)
#1 /var/www/html/mymisdiagnosis/system/CodeIgniter.php(936): App\Controllers\AutocompleteSearch->ajaxSearch()
#2 /var/www/html/mymisdiagnosis/system/CodeIgniter.php(432): CodeIgniter\CodeIgniter->runController(Object(App\Controllers\AutocompleteSearch))
#3 /var/www/html/mymisdiagnosis/system/CodeIgniter.php(333): CodeIgniter\CodeIgniter->handleRequest(NULL, Object(Config\Cache), false)
#4 /var/www/html/mymisdiagnosis/index.php(44): CodeIgniter\CodeIgniter->run()
#5 {main}
CRITICAL - 2022-01-04 08:50:16 --> Argument 2 passed to CodeIgniter\Database\BaseBuilder::like() must be of the type string, null given, called in /var/www/html/mymisdiagnosis/app/Controllers/AutocompleteSearch.php on line 34
#0 /var/www/html/mymisdiagnosis/app/Controllers/AutocompleteSearch.php(34): CodeIgniter\Database\BaseBuilder->like('username', NULL)
#1 /var/www/html/mymisdiagnosis/system/CodeIgniter.php(936): App\Controllers\AutocompleteSearch->ajaxSearch()
#2 /var/www/html/mymisdiagnosis/system/CodeIgniter.php(432): CodeIgniter\CodeIgniter->runController(Object(App\Controllers\AutocompleteSearch))
#3 /var/www/html/mymisdiagnosis/system/CodeIgniter.php(333): CodeIgniter\CodeIgniter->handleRequest(NULL, Object(Config\Cache), false)
#4 /var/www/html/mymisdiagnosis/index.php(44): CodeIgniter\CodeIgniter->run()
#5 {main}
CRITICAL - 2022-01-04 08:51:32 --> Argument 2 passed to CodeIgniter\Database\BaseBuilder::like() must be of the type string, null given, called in /var/www/html/mymisdiagnosis/app/Controllers/AutocompleteSearch.php on line 34
#0 /var/www/html/mymisdiagnosis/app/Controllers/AutocompleteSearch.php(34): CodeIgniter\Database\BaseBuilder->like('username', NULL)
#1 /var/www/html/mymisdiagnosis/system/CodeIgniter.php(936): App\Controllers\AutocompleteSearch->ajaxSearch()
#2 /var/www/html/mymisdiagnosis/system/CodeIgniter.php(432): CodeIgniter\CodeIgniter->runController(Object(App\Controllers\AutocompleteSearch))
#3 /var/www/html/mymisdiagnosis/system/CodeIgniter.php(333): CodeIgniter\CodeIgniter->handleRequest(NULL, Object(Config\Cache), false)
#4 /var/www/html/mymisdiagnosis/index.php(44): CodeIgniter\CodeIgniter->run()
#5 {main}
CRITICAL - 2022-01-04 08:51:48 --> Argument 2 passed to CodeIgniter\Database\BaseBuilder::like() must be of the type string, null given, called in /var/www/html/mymisdiagnosis/app/Controllers/AutocompleteSearch.php on line 34
#0 /var/www/html/mymisdiagnosis/app/Controllers/AutocompleteSearch.php(34): CodeIgniter\Database\BaseBuilder->like('username', NULL)
#1 /var/www/html/mymisdiagnosis/system/CodeIgniter.php(936): App\Controllers\AutocompleteSearch->ajaxSearch()
#2 /var/www/html/mymisdiagnosis/system/CodeIgniter.php(432): CodeIgniter\CodeIgniter->runController(Object(App\Controllers\AutocompleteSearch))
#3 /var/www/html/mymisdiagnosis/system/CodeIgniter.php(333): CodeIgniter\CodeIgniter->handleRequest(NULL, Object(Config\Cache), false)
#4 /var/www/html/mymisdiagnosis/index.php(44): CodeIgniter\CodeIgniter->run()
#5 {main}
CRITICAL - 2022-01-04 08:55:07 --> Argument 2 passed to CodeIgniter\Database\BaseBuilder::like() must be of the type string, null given, called in /var/www/html/mymisdiagnosis/app/Controllers/AutocompleteSearch.php on line 34
#0 /var/www/html/mymisdiagnosis/app/Controllers/AutocompleteSearch.php(34): CodeIgniter\Database\BaseBuilder->like('username', NULL)
#1 /var/www/html/mymisdiagnosis/system/CodeIgniter.php(936): App\Controllers\AutocompleteSearch->ajaxSearch()
#2 /var/www/html/mymisdiagnosis/system/CodeIgniter.php(432): CodeIgniter\CodeIgniter->runController(Object(App\Controllers\AutocompleteSearch))
#3 /var/www/html/mymisdiagnosis/system/CodeIgniter.php(333): CodeIgniter\CodeIgniter->handleRequest(NULL, Object(Config\Cache), false)
#4 /var/www/html/mymisdiagnosis/index.php(44): CodeIgniter\CodeIgniter->run()
#5 {main}
CRITICAL - 2022-01-04 08:55:08 --> Array to string conversion
#0 /var/www/html/mymisdiagnosis/app/Controllers/AutocompleteSearch.php(37): CodeIgniter\Debug\Exceptions->errorHandler(8, 'Array to string...', '/var/www/html/m...', 37, Array)
#1 /var/www/html/mymisdiagnosis/system/CodeIgniter.php(936): App\Controllers\AutocompleteSearch->ajaxSearch()
#2 /var/www/html/mymisdiagnosis/system/CodeIgniter.php(432): CodeIgniter\CodeIgniter->runController(Object(App\Controllers\AutocompleteSearch))
#3 /var/www/html/mymisdiagnosis/system/CodeIgniter.php(333): CodeIgniter\CodeIgniter->handleRequest(NULL, Object(Config\Cache), false)
#4 /var/www/html/mymisdiagnosis/index.php(44): CodeIgniter\CodeIgniter->run()
#5 {main}
CRITICAL - 2022-01-04 08:55:33 --> Array to string conversion
#0 /var/www/html/mymisdiagnosis/app/Controllers/AutocompleteSearch.php(37): CodeIgniter\Debug\Exceptions->errorHandler(8, 'Array to string...', '/var/www/html/m...', 37, Array)
#1 /var/www/html/mymisdiagnosis/system/CodeIgniter.php(936): App\Controllers\AutocompleteSearch->ajaxSearch()
#2 /var/www/html/mymisdiagnosis/system/CodeIgniter.php(432): CodeIgniter\CodeIgniter->runController(Object(App\Controllers\AutocompleteSearch))
#3 /var/www/html/mymisdiagnosis/system/CodeIgniter.php(333): CodeIgniter\CodeIgniter->handleRequest(NULL, Object(Config\Cache), false)
#4 /var/www/html/mymisdiagnosis/index.php(44): CodeIgniter\CodeIgniter->run()
#5 {main}
CRITICAL - 2022-01-04 08:55:50 --> Argument 2 passed to CodeIgniter\Database\BaseBuilder::like() must be of the type string, null given, called in /var/www/html/mymisdiagnosis/app/Controllers/AutocompleteSearch.php on line 34
#0 /var/www/html/mymisdiagnosis/app/Controllers/AutocompleteSearch.php(34): CodeIgniter\Database\BaseBuilder->like('username', NULL)
#1 /var/www/html/mymisdiagnosis/system/CodeIgniter.php(936): App\Controllers\AutocompleteSearch->ajaxSearch()
#2 /var/www/html/mymisdiagnosis/system/CodeIgniter.php(432): CodeIgniter\CodeIgniter->runController(Object(App\Controllers\AutocompleteSearch))
#3 /var/www/html/mymisdiagnosis/system/CodeIgniter.php(333): CodeIgniter\CodeIgniter->handleRequest(NULL, Object(Config\Cache), false)
#4 /var/www/html/mymisdiagnosis/index.php(44): CodeIgniter\CodeIgniter->run()
#5 {main}
INFO - 2022-01-04 09:02:42 --> Session: Class initialized using 'CodeIgniter\Session\Handlers\FileHandler' driver.
WARNING - 2022-01-04 09:02:42 --> Session: Sessions is enabled, and one exists.Please don't $session->start();
INFO - 2022-01-04 10:18:09 --> Session: Class initialized using 'CodeIgniter\Session\Handlers\FileHandler' driver.
WARNING - 2022-01-04 10:18:09 --> Session: Sessions is enabled, and one exists.Please don't $session->start();
INFO - 2022-01-04 12:05:37 --> Session: Class initialized using 'CodeIgniter\Session\Handlers\FileHandler' driver.
INFO - 2022-01-04 12:05:38 --> Session: Class initialized using 'CodeIgniter\Session\Handlers\FileHandler' driver.
INFO - 2022-01-04 12:05:43 --> Session: Class initialized using 'CodeIgniter\Session\Handlers\FileHandler' driver.
WARNING - 2022-01-04 12:05:43 --> Session: Sessions is enabled, and one exists.Please don't $session->start();
INFO - 2022-01-04 12:08:18 --> Session: Class initialized using 'CodeIgniter\Session\Handlers\FileHandler' driver.
WARNING - 2022-01-04 12:08:18 --> Session: Sessions is enabled, and one exists.Please don't $session->start();
INFO - 2022-01-04 12:08:24 --> Session: Class initialized using 'CodeIgniter\Session\Handlers\FileHandler' driver.
WARNING - 2022-01-04 12:08:24 --> Session: Sessions is enabled, and one exists.Please don't $session->start();
INFO - 2022-01-04 12:08:28 --> Session: Class initialized using 'CodeIgniter\Session\Handlers\FileHandler' driver.
WARNING - 2022-01-04 12:08:28 --> Session: Sessions is enabled, and one exists.Please don't $session->start();
INFO - 2022-01-04 12:08:44 --> Session: Class initialized using 'CodeIgniter\Session\Handlers\FileHandler' driver.
INFO - 2022-01-04 12:08:45 --> Session: Class initialized using 'CodeIgniter\Session\Handlers\FileHandler' driver.
INFO - 2022-01-04 12:08:48 --> Session: Class initialized using 'CodeIgniter\Session\Handlers\FileHandler' driver.
INFO - 2022-01-04 12:09:14 --> Session: Class initialized using 'CodeIgniter\Session\Handlers\FileHandler' driver.
WARNING - 2022-01-04 12:09:14 --> Session: Sessions is enabled, and one exists.Please don't $session->start();
INFO - 2022-01-04 12:09:22 --> Session: Class initialized using 'CodeIgniter\Session\Handlers\FileHandler' driver.
WARNING - 2022-01-04 12:09:22 --> Session: Sessions is enabled, and one exists.Please don't $session->start();
INFO - 2022-01-04 12:09:22 --> Session: Class initialized using 'CodeIgniter\Session\Handlers\FileHandler' driver.
WARNING - 2022-01-04 12:09:22 --> Session: Sessions is enabled, and one exists.Please don't $session->start();
INFO - 2022-01-04 12:09:22 --> Session: Class initialized using 'CodeIgniter\Session\Handlers\FileHandler' driver.
WARNING - 2022-01-04 12:09:22 --> Session: Sessions is enabled, and one exists.Please don't $session->start();
CRITICAL - 2022-01-04 12:09:22 --> Undefined variable: meta_title
#0 /var/www/html/mymisdiagnosis/app/Views/auth_internetics/header_open_with_scripts.php(7): CodeIgniter\Debug\Exceptions->errorHandler(8, 'Undefined varia...', '/var/www/html/m...', 7, Array)
#1 /var/www/html/mymisdiagnosis/system/View/View.php(220): include('/var/www/html/m...')
#2 /var/www/html/mymisdiagnosis/system/View/View.php(222): CodeIgniter\View\View->CodeIgniter\View\{closure}()
#3 /var/www/html/mymisdiagnosis/system/Common.php(1217): CodeIgniter\View\View->render('auth_internetic...', Array, true)
#4 /var/www/html/mymisdiagnosis/app/Controllers/Post.php(116): view('auth_internetic...', Array)
#5 /var/www/html/mymisdiagnosis/system/CodeIgniter.php(936): App\Controllers\Post->display('123')
#6 /var/www/html/mymisdiagnosis/system/CodeIgniter.php(432): CodeIgniter\CodeIgniter->runController(Object(App\Controllers\Post))
#7 /var/www/html/mymisdiagnosis/system/CodeIgniter.php(333): CodeIgniter\CodeIgniter->handleRequest(NULL, Object(Config\Cache), false)
#8 /var/www/html/mymisdiagnosis/index.php(44): CodeIgniter\CodeIgniter->run()
#9 {main}
INFO - 2022-01-04 12:09:23 --> Session: Class initialized using 'CodeIgniter\Session\Handlers\FileHandler' driver.
WARNING - 2022-01-04 12:09:23 --> Session: Sessions is enabled, and one exists.Please don't $session->start();
CRITICAL - 2022-01-04 12:09:23 --> Undefined variable: meta_title
#0 /var/www/html/mymisdiagnosis/app/Views/auth_internetics/header_open_with_scripts.php(7): CodeIgniter\Debug\Exceptions->errorHandler(8, 'Undefined varia...', '/var/www/html/m...', 7, Array)
#1 /var/www/html/mymisdiagnosis/system/View/View.php(220): include('/var/www/html/m...')
#2 /var/www/html/mymisdiagnosis/system/View/View.php(222): CodeIgniter\View\View->CodeIgniter\View\{closure}()
#3 /var/www/html/mymisdiagnosis/system/Common.php(1217): CodeIgniter\View\View->render('auth_internetic...', Array, true)
#4 /var/www/html/mymisdiagnosis/app/Controllers/Post.php(116): view('auth_internetic...', Array)
#5 /var/www/html/mymisdiagnosis/system/CodeIgniter.php(936): App\Controllers\Post->display('150')
#6 /var/www/html/mymisdiagnosis/system/CodeIgniter.php(432): CodeIgniter\CodeIgniter->runController(Object(App\Controllers\Post))
#7 /var/www/html/mymisdiagnosis/system/CodeIgniter.php(333): CodeIgniter\CodeIgniter->handleRequest(NULL, Object(Config\Cache), false)
#8 /var/www/html/mymisdiagnosis/index.php(44): CodeIgniter\CodeIgniter->run()
#9 {main}
INFO - 2022-01-04 12:10:10 --> Session: Class initialized using 'CodeIgniter\Session\Handlers\FileHandler' driver.
WARNING - 2022-01-04 12:10:10 --> Session: Sessions is enabled, and one exists.Please don't $session->start();
INFO - 2022-01-04 12:10:12 --> Session: Class initialized using 'CodeIgniter\Session\Handlers\FileHandler' driver.
WARNING - 2022-01-04 12:10:12 --> Session: Sessions is enabled, and one exists.Please don't $session->start();
INFO - 2022-01-04 12:10:13 --> Session: Class initialized using 'CodeIgniter\Session\Handlers\FileHandler' driver.
INFO - 2022-01-04 12:10:13 --> Session: Class initialized using 'CodeIgniter\Session\Handlers\FileHandler' driver.
INFO - 2022-01-04 12:10:34 --> Session: Class initialized using 'CodeIgniter\Session\Handlers\FileHandler' driver.
INFO - 2022-01-04 12:10:35 --> Session: Class initialized using 'CodeIgniter\Session\Handlers\FileHandler' driver.
INFO - 2022-01-04 12:10:36 --> Session: Class initialized using 'CodeIgniter\Session\Handlers\FileHandler' driver.
WARNING - 2022-01-04 12:10:36 --> Session: Sessions is enabled, and one exists.Please don't $session->start();
INFO - 2022-01-04 12:10:38 --> Session: Class initialized using 'CodeIgniter\Session\Handlers\FileHandler' driver.
WARNING - 2022-01-04 12:10:38 --> Session: Sessions is enabled, and one exists.Please don't $session->start();
INFO - 2022-01-04 12:10:39 --> Session: Class initialized using 'CodeIgniter\Session\Handlers\FileHandler' driver.
WARNING - 2022-01-04 12:10:39 --> Session: Sessions is enabled, and one exists.Please don't $session->start();
INFO - 2022-01-04 12:11:04 --> Session: Class initialized using 'CodeIgniter\Session\Handlers\FileHandler' driver.
ERROR - 2022-01-04 12:30:33 --> mysqli_sql_exception: Unknown column 'id' in 'field list' in /var/www/html/mymisdiagnosis/system/Database/MySQLi/Connection.php:314
Stack trace:
#0 /var/www/html/mymisdiagnosis/system/Database/MySQLi/Connection.php(314): mysqli->query('SELECT `id`, `u...')
#1 /var/www/html/mymisdiagnosis/system/Database/BaseConnection.php(713): CodeIgniter\Database\MySQLi\Connection->execute('SELECT `id`, `u...')
#2 /var/www/html/mymisdiagnosis/system/Database/BaseConnection.php(641): CodeIgniter\Database\BaseConnection->simpleQuery('SELECT `id`, `u...')
#3 /var/www/html/mymisdiagnosis/system/Database/BaseBuilder.php(1866): CodeIgniter\Database\BaseConnection->query('SELECT `id`, `u...', Array, false)
#4 /var/www/html/mymisdiagnosis/app/Controllers/AutocompleteSearch.php(36): CodeIgniter\Database\BaseBuilder->get()
#5 /var/www/html/mymisdiagnosis/system/CodeIgniter.php(936): App\Controllers\AutocompleteSearch->getTerm()
#6 /var/www/html/mymisdiagnosis/system/CodeIgniter.php(432): CodeIgniter\CodeIgniter->runController(Object(App\Controllers\AutocompleteSearch))
#7 /var/www/html/mymisdiagnosis/system/CodeIgniter.php(333): CodeIgniter\CodeIgniter->handleRequest(NULL, Object(Config\Cache), false)
#8 /var/www/html/mymisdiagnosis/index.php(44): CodeIgniter\CodeIgniter->run()
#9 {main}
CRITICAL - 2022-01-04 12:30:33 --> Unknown column 'id' in 'field list'
#0 /var/www/html/mymisdiagnosis/system/Database/MySQLi/Connection.php(314): mysqli->query('SELECT `id`, `u...')
#1 /var/www/html/mymisdiagnosis/system/Database/BaseConnection.php(713): CodeIgniter\Database\MySQLi\Connection->execute('SELECT `id`, `u...')
#2 /var/www/html/mymisdiagnosis/system/Database/BaseConnection.php(641): CodeIgniter\Database\BaseConnection->simpleQuery('SELECT `id`, `u...')
#3 /var/www/html/mymisdiagnosis/system/Database/BaseBuilder.php(1866): CodeIgniter\Database\BaseConnection->query('SELECT `id`, `u...', Array, false)
#4 /var/www/html/mymisdiagnosis/app/Controllers/AutocompleteSearch.php(36): CodeIgniter\Database\BaseBuilder->get()
#5 /var/www/html/mymisdiagnosis/system/CodeIgniter.php(936): App\Controllers\AutocompleteSearch->getTerm()
#6 /var/www/html/mymisdiagnosis/system/CodeIgniter.php(432): CodeIgniter\CodeIgniter->runController(Object(App\Controllers\AutocompleteSearch))
#7 /var/www/html/mymisdiagnosis/system/CodeIgniter.php(333): CodeIgniter\CodeIgniter->handleRequest(NULL, Object(Config\Cache), false)
#8 /var/www/html/mymisdiagnosis/index.php(44): CodeIgniter\CodeIgniter->run()
#9 {main}
ERROR - 2022-01-04 12:30:50 --> mysqli_sql_exception: Unknown column 'id' in 'field list' in /var/www/html/mymisdiagnosis/system/Database/MySQLi/Connection.php:314
Stack trace:
#0 /var/www/html/mymisdiagnosis/system/Database/MySQLi/Connection.php(314): mysqli->query('SELECT `id`, `u...')
#1 /var/www/html/mymisdiagnosis/system/Database/BaseConnection.php(713): CodeIgniter\Database\MySQLi\Connection->execute('SELECT `id`, `u...')
#2 /var/www/html/mymisdiagnosis/system/Database/BaseConnection.php(641): CodeIgniter\Database\BaseConnection->simpleQuery('SELECT `id`, `u...')
#3 /var/www/html/mymisdiagnosis/system/Database/BaseBuilder.php(1866): CodeIgniter\Database\BaseConnection->query('SELECT `id`, `u...', Array, false)
#4 /var/www/html/mymisdiagnosis/app/Controllers/AutocompleteSearch.php(36): CodeIgniter\Database\BaseBuilder->get()
#5 /var/www/html/mymisdiagnosis/system/CodeIgniter.php(936): App\Controllers\AutocompleteSearch->getTerm()
#6 /var/www/html/mymisdiagnosis/system/CodeIgniter.php(432): CodeIgniter\CodeIgniter->runController(Object(App\Controllers\AutocompleteSearch))
#7 /var/www/html/mymisdiagnosis/system/CodeIgniter.php(333): CodeIgniter\CodeIgniter->handleRequest(NULL, Object(Config\Cache), false)
#8 /var/www/html/mymisdiagnosis/index.php(44): CodeIgniter\CodeIgniter->run()
#9 {main}
CRITICAL - 2022-01-04 12:30:50 --> Unknown column 'id' in 'field list'
#0 /var/www/html/mymisdiagnosis/system/Database/MySQLi/Connection.php(314): mysqli->query('SELECT `id`, `u...')
#1 /var/www/html/mymisdiagnosis/system/Database/BaseConnection.php(713): CodeIgniter\Database\MySQLi\Connection->execute('SELECT `id`, `u...')
#2 /var/www/html/mymisdiagnosis/system/Database/BaseConnection.php(641): CodeIgniter\Database\BaseConnection->simpleQuery('SELECT `id`, `u...')
#3 /var/www/html/mymisdiagnosis/system/Database/BaseBuilder.php(1866): CodeIgniter\Database\BaseConnection->query('SELECT `id`, `u...', Array, false)
#4 /var/www/html/mymisdiagnosis/app/Controllers/AutocompleteSearch.php(36): CodeIgniter\Database\BaseBuilder->get()
#5 /var/www/html/mymisdiagnosis/system/CodeIgniter.php(936): App\Controllers\AutocompleteSearch->getTerm()
#6 /var/www/html/mymisdiagnosis/system/CodeIgniter.php(432): CodeIgniter\CodeIgniter->runController(Object(App\Controllers\AutocompleteSearch))
#7 /var/www/html/mymisdiagnosis/system/CodeIgniter.php(333): CodeIgniter\CodeIgniter->handleRequest(NULL, Object(Config\Cache), false)
#8 /var/www/html/mymisdiagnosis/index.php(44): CodeIgniter\CodeIgniter->run()
#9 {main}
ERROR - 2022-01-04 12:35:36 --> mysqli_sql_exception: Table 'mymisdiagnosis_app.pposts' doesn't exist in /var/www/html/mymisdiagnosis/system/Database/MySQLi/Connection.php:314
Stack trace:
#0 /var/www/html/mymisdiagnosis/system/Database/MySQLi/Connection.php(314): mysqli->query('SELECT `slug`, ...')
#1 /var/www/html/mymisdiagnosis/system/Database/BaseConnection.php(713): CodeIgniter\Database\MySQLi\Connection->execute('SELECT `slug`, ...')
#2 /var/www/html/mymisdiagnosis/system/Database/BaseConnection.php(641): CodeIgniter\Database\BaseConnection->simpleQuery('SELECT `slug`, ...')
#3 /var/www/html/mymisdiagnosis/system/Database/BaseBuilder.php(1866): CodeIgniter\Database\BaseConnection->query('SELECT `slug`, ...', Array, false)
#4 /var/www/html/mymisdiagnosis/app/Controllers/AutocompleteSearch.php(36): CodeIgniter\Database\BaseBuilder->get()
#5 /var/www/html/mymisdiagnosis/system/CodeIgniter.php(936): App\Controllers\AutocompleteSearch->getTerm()
#6 /var/www/html/mymisdiagnosis/system/CodeIgniter.php(432): CodeIgniter\CodeIgniter->runController(Object(App\Controllers\AutocompleteSearch))
#7 /var/www/html/mymisdiagnosis/system/CodeIgniter.php(333): CodeIgniter\CodeIgniter->handleRequest(NULL, Object(Config\Cache), false)
#8 /var/www/html/mymisdiagnosis/index.php(44): CodeIgniter\CodeIgniter->run()
#9 {main}
CRITICAL - 2022-01-04 12:35:36 --> Table 'mymisdiagnosis_app.pposts' doesn't exist
#0 /var/www/html/mymisdiagnosis/system/Database/MySQLi/Connection.php(314): mysqli->query('SELECT `slug`, ...')
#1 /var/www/html/mymisdiagnosis/system/Database/BaseConnection.php(713): CodeIgniter\Database\MySQLi\Connection->execute('SELECT `slug`, ...')
#2 /var/www/html/mymisdiagnosis/system/Database/BaseConnection.php(641): CodeIgniter\Database\BaseConnection->simpleQuery('SELECT `slug`, ...')
#3 /var/www/html/mymisdiagnosis/system/Database/BaseBuilder.php(1866): CodeIgniter\Database\BaseConnection->query('SELECT `slug`, ...', Array, false)
#4 /var/www/html/mymisdiagnosis/app/Controllers/AutocompleteSearch.php(36): CodeIgniter\Database\BaseBuilder->get()
#5 /var/www/html/mymisdiagnosis/system/CodeIgniter.php(936): App\Controllers\AutocompleteSearch->getTerm()
#6 /var/www/html/mymisdiagnosis/system/CodeIgniter.php(432): CodeIgniter\CodeIgniter->runController(Object(App\Controllers\AutocompleteSearch))
#7 /var/www/html/mymisdiagnosis/system/CodeIgniter.php(333): CodeIgniter\CodeIgniter->handleRequest(NULL, Object(Config\Cache), false)
#8 /var/www/html/mymisdiagnosis/index.php(44): CodeIgniter\CodeIgniter->run()
#9 {main}
INFO - 2022-01-04 12:36:56 --> Session: Class initialized using 'CodeIgniter\Session\Handlers\FileHandler' driver.
INFO - 2022-01-04 12:37:00 --> Session: Class initialized using 'CodeIgniter\Session\Handlers\FileHandler' driver.
WARNING - 2022-01-04 12:37:00 --> Session: Sessions is enabled, and one exists.Please don't $session->start();
INFO - 2022-01-04 12:37:04 --> Session: Class initialized using 'CodeIgniter\Session\Handlers\FileHandler' driver.
WARNING - 2022-01-04 12:37:05 --> Session: Sessions is enabled, and one exists.Please don't $session->start();
INFO - 2022-01-04 12:38:58 --> Session: Class initialized using 'CodeIgniter\Session\Handlers\FileHandler' driver.
WARNING - 2022-01-04 12:38:58 --> Session: Sessions is enabled, and one exists.Please don't $session->start();
INFO - 2022-01-04 12:40:49 --> Session: Class initialized using 'CodeIgniter\Session\Handlers\FileHandler' driver.
WARNING - 2022-01-04 12:40:49 --> Session: Sessions is enabled, and one exists.Please don't $session->start();
CRITICAL - 2022-01-04 12:40:49 --> Undefined variable: meta_title
#0 /var/www/html/mymisdiagnosis/app/Views/auth_internetics/header_open_with_scripts.php(7): CodeIgniter\Debug\Exceptions->errorHandler(8, 'Undefined varia...', '/var/www/html/m...', 7, Array)
#1 /var/www/html/mymisdiagnosis/system/View/View.php(220): include('/var/www/html/m...')
#2 /var/www/html/mymisdiagnosis/system/View/View.php(222): CodeIgniter\View\View->CodeIgniter\View\{closure}()
#3 /var/www/html/mymisdiagnosis/system/Common.php(1217): CodeIgniter\View\View->render('auth_internetic...', Array, true)
#4 /var/www/html/mymisdiagnosis/app/Controllers/Post.php(116): view('auth_internetic...', Array)
#5 /var/www/html/mymisdiagnosis/system/CodeIgniter.php(936): App\Controllers\Post->display('About us')
#6 /var/www/html/mymisdiagnosis/system/CodeIgniter.php(432): CodeIgniter\CodeIgniter->runController(Object(App\Controllers\Post))
#7 /var/www/html/mymisdiagnosis/system/CodeIgniter.php(333): CodeIgniter\CodeIgniter->handleRequest(NULL, Object(Config\Cache), false)
#8 /var/www/html/mymisdiagnosis/index.php(44): CodeIgniter\CodeIgniter->run()
#9 {main}
INFO - 2022-01-04 12:41:13 --> Session: Class initialized using 'CodeIgniter\Session\Handlers\FileHandler' driver.
WARNING - 2022-01-04 12:41:13 --> Session: Sessions is enabled, and one exists.Please don't $session->start();
CRITICAL - 2022-01-04 12:41:13 --> Undefined variable: meta_title
#0 /var/www/html/mymisdiagnosis/app/Views/auth_internetics/header_open_with_scripts.php(7): CodeIgniter\Debug\Exceptions->errorHandler(8, 'Undefined varia...', '/var/www/html/m...', 7, Array)
#1 /var/www/html/mymisdiagnosis/system/View/View.php(220): include('/var/www/html/m...')
#2 /var/www/html/mymisdiagnosis/system/View/View.php(222): CodeIgniter\View\View->CodeIgniter\View\{closure}()
#3 /var/www/html/mymisdiagnosis/system/Common.php(1217): CodeIgniter\View\View->render('auth_internetic...', Array, true)
#4 /var/www/html/mymisdiagnosis/app/Controllers/Post.php(116): view('auth_internetic...', Array)
#5 /var/www/html/mymisdiagnosis/system/CodeIgniter.php(936): App\Controllers\Post->display('About us')
#6 /var/www/html/mymisdiagnosis/system/CodeIgniter.php(432): CodeIgniter\CodeIgniter->runController(Object(App\Controllers\Post))
#7 /var/www/html/mymisdiagnosis/system/CodeIgniter.php(333): CodeIgniter\CodeIgniter->handleRequest(NULL, Object(Config\Cache), false)
#8 /var/www/html/mymisdiagnosis/index.php(44): CodeIgniter\CodeIgniter->run()
#9 {main}
INFO - 2022-01-04 12:41:52 --> Session: Class initialized using 'CodeIgniter\Session\Handlers\FileHandler' driver.
WARNING - 2022-01-04 12:41:52 --> Session: Sessions is enabled, and one exists.Please don't $session->start();
CRITICAL - 2022-01-04 12:41:52 --> Undefined variable: meta_title
#0 /var/www/html/mymisdiagnosis/app/Views/auth_internetics/header_open_with_scripts.php(7): CodeIgniter\Debug\Exceptions->errorHandler(8, 'Undefined varia...', '/var/www/html/m...', 7, Array)
#1 /var/www/html/mymisdiagnosis/system/View/View.php(220): include('/var/www/html/m...')
#2 /var/www/html/mymisdiagnosis/system/View/View.php(222): CodeIgniter\View\View->CodeIgniter\View\{closure}()
#3 /var/www/html/mymisdiagnosis/system/Common.php(1217): CodeIgniter\View\View->render('auth_internetic...', Array, true)
#4 /var/www/html/mymisdiagnosis/app/Controllers/Post.php(116): view('auth_internetic...', Array)
#5 /var/www/html/mymisdiagnosis/system/CodeIgniter.php(936): App\Controllers\Post->display('How to use this...')
#6 /var/www/html/mymisdiagnosis/system/CodeIgniter.php(432): CodeIgniter\CodeIgniter->runController(Object(App\Controllers\Post))
#7 /var/www/html/mymisdiagnosis/system/CodeIgniter.php(333): CodeIgniter\CodeIgniter->handleRequest(NULL, Object(Config\Cache), false)
#8 /var/www/html/mymisdiagnosis/index.php(44): CodeIgniter\CodeIgniter->run()
#9 {main}
INFO - 2022-01-04 12:42:38 --> Session: Class initialized using 'CodeIgniter\Session\Handlers\FileHandler' driver.
WARNING - 2022-01-04 12:42:38 --> Session: Sessions is enabled, and one exists.Please don't $session->start();
INFO - 2022-01-04 12:42:52 --> Session: Class initialized using 'CodeIgniter\Session\Handlers\FileHandler' driver.
WARNING - 2022-01-04 12:42:52 --> Session: Sessions is enabled, and one exists.Please don't $session->start();
INFO - 2022-01-04 12:42:59 --> Session: Class initialized using 'CodeIgniter\Session\Handlers\FileHandler' driver.
WARNING - 2022-01-04 12:42:59 --> Session: Sessions is enabled, and one exists.Please don't $session->start();
INFO - 2022-01-04 12:43:51 --> Session: Class initialized using 'CodeIgniter\Session\Handlers\FileHandler' driver.
WARNING - 2022-01-04 12:43:51 --> Session: Sessions is enabled, and one exists.Please don't $session->start();
INFO - 2022-01-04 12:44:00 --> Session: Class initialized using 'CodeIgniter\Session\Handlers\FileHandler' driver.
WARNING - 2022-01-04 12:44:00 --> Session: Sessions is enabled, and one exists.Please don't $session->start();
INFO - 2022-01-04 13:38:32 --> Session: Class initialized using 'CodeIgniter\Session\Handlers\FileHandler' driver.
WARNING - 2022-01-04 13:38:32 --> Session: Sessions is enabled, and one exists.Please don't $session->start();
INFO - 2022-01-04 13:39:19 --> Session: Class initialized using 'CodeIgniter\Session\Handlers\FileHandler' driver.
WARNING - 2022-01-04 13:39:19 --> Session: Sessions is enabled, and one exists.Please don't $session->start();
CRITICAL - 2022-01-04 13:39:19 --> Class 'App\Controllers\PostModel' not found
#0 /var/www/html/mymisdiagnosis/system/CodeIgniter.php(936): App\Controllers\Misdiagnosis->index('$1')
#1 /var/www/html/mymisdiagnosis/system/CodeIgniter.php(432): CodeIgniter\CodeIgniter->runController(Object(App\Controllers\Misdiagnosis))
#2 /var/www/html/mymisdiagnosis/system/CodeIgniter.php(333): CodeIgniter\CodeIgniter->handleRequest(NULL, Object(Config\Cache), false)
#3 /var/www/html/mymisdiagnosis/index.php(44): CodeIgniter\CodeIgniter->run()
#4 {main}
INFO - 2022-01-04 13:40:35 --> Session: Class initialized using 'CodeIgniter\Session\Handlers\FileHandler' driver.
WARNING - 2022-01-04 13:40:35 --> Session: Sessions is enabled, and one exists.Please don't $session->start();
CRITICAL - 2022-01-04 13:40:35 --> Class 'App\Controllers\MisdiagnosisModel' not found
#0 /var/www/html/mymisdiagnosis/system/CodeIgniter.php(936): App\Controllers\Misdiagnosis->index('$1')
#1 /var/www/html/mymisdiagnosis/system/CodeIgniter.php(432): CodeIgniter\CodeIgniter->runController(Object(App\Controllers\Misdiagnosis))
#2 /var/www/html/mymisdiagnosis/system/CodeIgniter.php(333): CodeIgniter\CodeIgniter->handleRequest(NULL, Object(Config\Cache), false)
#3 /var/www/html/mymisdiagnosis/index.php(44): CodeIgniter\CodeIgniter->run()
#4 {main}
INFO - 2022-01-04 13:43:03 --> Session: Class initialized using 'CodeIgniter\Session\Handlers\FileHandler' driver.
WARNING - 2022-01-04 13:43:03 --> Session: Sessions is enabled, and one exists.Please don't $session->start();
CRITICAL - 2022-01-04 13:43:03 --> Class 'App\Controllers\MisdiagnosisModel' not found
#0 /var/www/html/mymisdiagnosis/system/CodeIgniter.php(936): App\Controllers\Misdiagnosis->index('$1')
#1 /var/www/html/mymisdiagnosis/system/CodeIgniter.php(432): CodeIgniter\CodeIgniter->runController(Object(App\Controllers\Misdiagnosis))
#2 /var/www/html/mymisdiagnosis/system/CodeIgniter.php(333): CodeIgniter\CodeIgniter->handleRequest(NULL, Object(Config\Cache), false)
#3 /var/www/html/mymisdiagnosis/index.php(44): CodeIgniter\CodeIgniter->run()
#4 {main}
INFO - 2022-01-04 13:44:17 --> Session: Class initialized using 'CodeIgniter\Session\Handlers\FileHandler' driver.
WARNING - 2022-01-04 13:44:17 --> Session: Sessions is enabled, and one exists.Please don't $session->start();
CRITICAL - 2022-01-04 13:44:17 --> Class 'App\Controllers\MisdiagnosisModel' not found
#0 /var/www/html/mymisdiagnosis/system/CodeIgniter.php(936): App\Controllers\Misdiagnosis->index()
#1 /var/www/html/mymisdiagnosis/system/CodeIgniter.php(432): CodeIgniter\CodeIgniter->runController(Object(App\Controllers\Misdiagnosis))
#2 /var/www/html/mymisdiagnosis/system/CodeIgniter.php(333): CodeIgniter\CodeIgniter->handleRequest(NULL, Object(Config\Cache), false)
#3 /var/www/html/mymisdiagnosis/index.php(44): CodeIgniter\CodeIgniter->run()
#4 {main}
INFO - 2022-01-04 13:45:59 --> Session: Class initialized using 'CodeIgniter\Session\Handlers\FileHandler' driver.
WARNING - 2022-01-04 13:45:59 --> Session: Sessions is enabled, and one exists.Please don't $session->start();
ERROR - 2022-01-04 13:45:59 --> mysqli_sql_exception: Unknown column 'post_id' in 'field list' in /var/www/html/mymisdiagnosis/system/Database/MySQLi/Connection.php:314
Stack trace:
#0 /var/www/html/mymisdiagnosis/system/Database/MySQLi/Connection.php(314): mysqli->query('SELECT `post_id...')
#1 /var/www/html/mymisdiagnosis/system/Database/BaseConnection.php(713): CodeIgniter\Database\MySQLi\Connection->execute('SELECT `post_id...')
#2 /var/www/html/mymisdiagnosis/system/Database/BaseConnection.php(641): CodeIgniter\Database\BaseConnection->simpleQuery('SELECT `post_id...')
#3 /var/www/html/mymisdiagnosis/system/Database/BaseBuilder.php(1866): CodeIgniter\Database\BaseConnection->query('SELECT `post_id...', Array, false)
#4 /var/www/html/mymisdiagnosis/app/Models/MisdiagnosisModel.php(32): CodeIgniter\Database\BaseBuilder->get()
#5 /var/www/html/mymisdiagnosis/app/Controllers/Misdiagnosis.php(58): App\Models\MisdiagnosisModel->getAllMisdiagnosis('default', 'news')
#6 /var/www/html/mymisdiagnosis/system/CodeIgniter.php(936): App\Controllers\Misdiagnosis->index()
#7 /var/www/html/mymisdiagnosis/system/CodeIgniter.php(432): CodeIgniter\CodeIgniter->runController(Object(App\Controllers\Misdiagnosis))
#8 /var/www/html/mymisdiagnosis/system/CodeIgniter.php(333): CodeIgniter\CodeIgniter->handleRequest(NULL, Object(Config\Cache), false)
#9 /var/www/html/mymisdiagnosis/index.php(44): CodeIgniter\CodeIgniter->run()
#10 {main}
CRITICAL - 2022-01-04 13:45:59 --> Unknown column 'post_id' in 'field list'
#0 /var/www/html/mymisdiagnosis/system/Database/MySQLi/Connection.php(314): mysqli->query('SELECT `post_id...')
#1 /var/www/html/mymisdiagnosis/system/Database/BaseConnection.php(713): CodeIgniter\Database\MySQLi\Connection->execute('SELECT `post_id...')
#2 /var/www/html/mymisdiagnosis/system/Database/BaseConnection.php(641): CodeIgniter\Database\BaseConnection->simpleQuery('SELECT `post_id...')
#3 /var/www/html/mymisdiagnosis/system/Database/BaseBuilder.php(1866): CodeIgniter\Database\BaseConnection->query('SELECT `post_id...', Array, false)
#4 /var/www/html/mymisdiagnosis/app/Models/MisdiagnosisModel.php(32): CodeIgniter\Database\BaseBuilder->get()
#5 /var/www/html/mymisdiagnosis/app/Controllers/Misdiagnosis.php(58): App\Models\MisdiagnosisModel->getAllMisdiagnosis('default', 'news')
#6 /var/www/html/mymisdiagnosis/system/CodeIgniter.php(936): App\Controllers\Misdiagnosis->index()
#7 /var/www/html/mymisdiagnosis/system/CodeIgniter.php(432): CodeIgniter\CodeIgniter->runController(Object(App\Controllers\Misdiagnosis))
#8 /var/www/html/mymisdiagnosis/system/CodeIgniter.php(333): CodeIgniter\CodeIgniter->handleRequest(NULL, Object(Config\Cache), false)
#9 /var/www/html/mymisdiagnosis/index.php(44): CodeIgniter\CodeIgniter->run()
#10 {main}
INFO - 2022-01-04 13:50:03 --> Session: Class initialized using 'CodeIgniter\Session\Handlers\FileHandler' driver.
WARNING - 2022-01-04 13:50:03 --> Session: Sessions is enabled, and one exists.Please don't $session->start();
ERROR - 2022-01-04 13:50:03 --> mysqli_sql_exception: Unknown column 'post_category' in 'where clause' in /var/www/html/mymisdiagnosis/system/Database/MySQLi/Connection.php:314
Stack trace:
#0 /var/www/html/mymisdiagnosis/system/Database/MySQLi/Connection.php(314): mysqli->query('SELECT `data_id...')
#1 /var/www/html/mymisdiagnosis/system/Database/BaseConnection.php(713): CodeIgniter\Database\MySQLi\Connection->execute('SELECT `data_id...')
#2 /var/www/html/mymisdiagnosis/system/Database/BaseConnection.php(641): CodeIgniter\Database\BaseConnection->simpleQuery('SELECT `data_id...')
#3 /var/www/html/mymisdiagnosis/system/Database/BaseBuilder.php(1866): CodeIgniter\Database\BaseConnection->query('SELECT `data_id...', Array, false)
#4 /var/www/html/mymisdiagnosis/app/Models/MisdiagnosisModel.php(32): CodeIgniter\Database\BaseBuilder->get()
#5 /var/www/html/mymisdiagnosis/app/Controllers/Misdiagnosis.php(58): App\Models\MisdiagnosisModel->getAllMisdiagnosis('default', 'news')
#6 /var/www/html/mymisdiagnosis/system/CodeIgniter.php(936): App\Controllers\Misdiagnosis->index()
#7 /var/www/html/mymisdiagnosis/system/CodeIgniter.php(432): CodeIgniter\CodeIgniter->runController(Object(App\Controllers\Misdiagnosis))
#8 /var/www/html/mymisdiagnosis/system/CodeIgniter.php(333): CodeIgniter\CodeIgniter->handleRequest(NULL, Object(Config\Cache), false)
#9 /var/www/html/mymisdiagnosis/index.php(44): CodeIgniter\CodeIgniter->run()
#10 {main}
CRITICAL - 2022-01-04 13:50:03 --> Unknown column 'post_category' in 'where clause'
#0 /var/www/html/mymisdiagnosis/system/Database/MySQLi/Connection.php(314): mysqli->query('SELECT `data_id...')
#1 /var/www/html/mymisdiagnosis/system/Database/BaseConnection.php(713): CodeIgniter\Database\MySQLi\Connection->execute('SELECT `data_id...')
#2 /var/www/html/mymisdiagnosis/system/Database/BaseConnection.php(641): CodeIgniter\Database\BaseConnection->simpleQuery('SELECT `data_id...')
#3 /var/www/html/mymisdiagnosis/system/Database/BaseBuilder.php(1866): CodeIgniter\Database\BaseConnection->query('SELECT `data_id...', Array, false)
#4 /var/www/html/mymisdiagnosis/app/Models/MisdiagnosisModel.php(32): CodeIgniter\Database\BaseBuilder->get()
#5 /var/www/html/mymisdiagnosis/app/Controllers/Misdiagnosis.php(58): App\Models\MisdiagnosisModel->getAllMisdiagnosis('default', 'news')
#6 /var/www/html/mymisdiagnosis/system/CodeIgniter.php(936): App\Controllers\Misdiagnosis->index()
#7 /var/www/html/mymisdiagnosis/system/CodeIgniter.php(432): CodeIgniter\CodeIgniter->runController(Object(App\Controllers\Misdiagnosis))
#8 /var/www/html/mymisdiagnosis/system/CodeIgniter.php(333): CodeIgniter\CodeIgniter->handleRequest(NULL, Object(Config\Cache), false)
#9 /var/www/html/mymisdiagnosis/index.php(44): CodeIgniter\CodeIgniter->run()
#10 {main}
INFO - 2022-01-04 13:50:40 --> Session: Class initialized using 'CodeIgniter\Session\Handlers\FileHandler' driver.
WARNING - 2022-01-04 13:50:40 --> Session: Sessions is enabled, and one exists.Please don't $session->start();
ERROR - 2022-01-04 13:50:40 --> mysqli_sql_exception: Unknown column 'post_category' in 'where clause' in /var/www/html/mymisdiagnosis/system/Database/MySQLi/Connection.php:314
Stack trace:
#0 /var/www/html/mymisdiagnosis/system/Database/MySQLi/Connection.php(314): mysqli->query('SELECT `data_id...')
#1 /var/www/html/mymisdiagnosis/system/Database/BaseConnection.php(713): CodeIgniter\Database\MySQLi\Connection->execute('SELECT `data_id...')
#2 /var/www/html/mymisdiagnosis/system/Database/BaseConnection.php(641): CodeIgniter\Database\BaseConnection->simpleQuery('SELECT `data_id...')
#3 /var/www/html/mymisdiagnosis/system/Database/BaseBuilder.php(1866): CodeIgniter\Database\BaseConnection->query('SELECT `data_id...', Array, false)
#4 /var/www/html/mymisdiagnosis/app/Models/MisdiagnosisModel.php(32): CodeIgniter\Database\BaseBuilder->get()
#5 /var/www/html/mymisdiagnosis/app/Controllers/Misdiagnosis.php(58): App\Models\MisdiagnosisModel->getAllMisdiagnosis('default', 'news')
#6 /var/www/html/mymisdiagnosis/system/CodeIgniter.php(936): App\Controllers\Misdiagnosis->index()
#7 /var/www/html/mymisdiagnosis/system/CodeIgniter.php(432): CodeIgniter\CodeIgniter->runController(Object(App\Controllers\Misdiagnosis))
#8 /var/www/html/mymisdiagnosis/system/CodeIgniter.php(333): CodeIgniter\CodeIgniter->handleRequest(NULL, Object(Config\Cache), false)
#9 /var/www/html/mymisdiagnosis/index.php(44): CodeIgniter\CodeIgniter->run()
#10 {main}
CRITICAL - 2022-01-04 13:50:40 --> Unknown column 'post_category' in 'where clause'
#0 /var/www/html/mymisdiagnosis/system/Database/MySQLi/Connection.php(314): mysqli->query('SELECT `data_id...')
#1 /var/www/html/mymisdiagnosis/system/Database/BaseConnection.php(713): CodeIgniter\Database\MySQLi\Connection->execute('SELECT `data_id...')
#2 /var/www/html/mymisdiagnosis/system/Database/BaseConnection.php(641): CodeIgniter\Database\BaseConnection->simpleQuery('SELECT `data_id...')
#3 /var/www/html/mymisdiagnosis/system/Database/BaseBuilder.php(1866): CodeIgniter\Database\BaseConnection->query('SELECT `data_id...', Array, false)
#4 /var/www/html/mymisdiagnosis/app/Models/MisdiagnosisModel.php(32): CodeIgniter\Database\BaseBuilder->get()
#5 /var/www/html/mymisdiagnosis/app/Controllers/Misdiagnosis.php(58): App\Models\MisdiagnosisModel->getAllMisdiagnosis('default', 'news')
#6 /var/www/html/mymisdiagnosis/system/CodeIgniter.php(936): App\Controllers\Misdiagnosis->index()
#7 /var/www/html/mymisdiagnosis/system/CodeIgniter.php(432): CodeIgniter\CodeIgniter->runController(Object(App\Controllers\Misdiagnosis))
#8 /var/www/html/mymisdiagnosis/system/CodeIgniter.php(333): CodeIgniter\CodeIgniter->handleRequest(NULL, Object(Config\Cache), false)
#9 /var/www/html/mymisdiagnosis/index.php(44): CodeIgniter\CodeIgniter->run()
#10 {main}
INFO - 2022-01-04 13:52:00 --> Session: Class initialized using 'CodeIgniter\Session\Handlers\FileHandler' driver.
WARNING - 2022-01-04 13:52:00 --> Session: Sessions is enabled, and one exists.Please don't $session->start();
CRITICAL - 2022-01-04 13:52:00 --> Undefined variable: category
#0 /var/www/html/mymisdiagnosis/app/Models/MisdiagnosisModel.php(23): CodeIgniter\Debug\Exceptions->errorHandler(8, 'Undefined varia...', '/var/www/html/m...', 23, Array)
#1 /var/www/html/mymisdiagnosis/app/Controllers/Misdiagnosis.php(58): App\Models\MisdiagnosisModel->getAllMisdiagnosis('default', 'news')
#2 /var/www/html/mymisdiagnosis/system/CodeIgniter.php(936): App\Controllers\Misdiagnosis->index()
#3 /var/www/html/mymisdiagnosis/system/CodeIgniter.php(432): CodeIgniter\CodeIgniter->runController(Object(App\Controllers\Misdiagnosis))
#4 /var/www/html/mymisdiagnosis/system/CodeIgniter.php(333): CodeIgniter\CodeIgniter->handleRequest(NULL, Object(Config\Cache), false)
#5 /var/www/html/mymisdiagnosis/index.php(44): CodeIgniter\CodeIgniter->run()
#6 {main}
INFO - 2022-01-04 13:52:32 --> Session: Class initialized using 'CodeIgniter\Session\Handlers\FileHandler' driver.
WARNING - 2022-01-04 13:52:32 --> Session: Sessions is enabled, and one exists.Please don't $session->start();
CRITICAL - 2022-01-04 13:52:32 --> Undefined variable: category
#0 /var/www/html/mymisdiagnosis/app/Models/MisdiagnosisModel.php(24): CodeIgniter\Debug\Exceptions->errorHandler(8, 'Undefined varia...', '/var/www/html/m...', 24, Array)
#1 /var/www/html/mymisdiagnosis/app/Controllers/Misdiagnosis.php(58): App\Models\MisdiagnosisModel->getAllMisdiagnosis('default', 'news')
#2 /var/www/html/mymisdiagnosis/system/CodeIgniter.php(936): App\Controllers\Misdiagnosis->index()
#3 /var/www/html/mymisdiagnosis/system/CodeIgniter.php(432): CodeIgniter\CodeIgniter->runController(Object(App\Controllers\Misdiagnosis))
#4 /var/www/html/mymisdiagnosis/system/CodeIgniter.php(333): CodeIgniter\CodeIgniter->handleRequest(NULL, Object(Config\Cache), false)
#5 /var/www/html/mymisdiagnosis/index.php(44): CodeIgniter\CodeIgniter->run()
#6 {main}
INFO - 2022-01-04 13:53:03 --> Session: Class initialized using 'CodeIgniter\Session\Handlers\FileHandler' driver.
WARNING - 2022-01-04 13:53:03 --> Session: Sessions is enabled, and one exists.Please don't $session->start();
CRITICAL - 2022-01-04 13:53:03 --> Undefined variable: post_user_id
#0 /var/www/html/mymisdiagnosis/app/Models/MisdiagnosisModel.php(31): CodeIgniter\Debug\Exceptions->errorHandler(8, 'Undefined varia...', '/var/www/html/m...', 31, Array)
#1 /var/www/html/mymisdiagnosis/app/Controllers/Misdiagnosis.php(58): App\Models\MisdiagnosisModel->getAllMisdiagnosis('default', 'news')
#2 /var/www/html/mymisdiagnosis/system/CodeIgniter.php(936): App\Controllers\Misdiagnosis->index()
#3 /var/www/html/mymisdiagnosis/system/CodeIgniter.php(432): CodeIgniter\CodeIgniter->runController(Object(App\Controllers\Misdiagnosis))
#4 /var/www/html/mymisdiagnosis/system/CodeIgniter.php(333): CodeIgniter\CodeIgniter->handleRequest(NULL, Object(Config\Cache), false)
#5 /var/www/html/mymisdiagnosis/index.php(44): CodeIgniter\CodeIgniter->run()
#6 {main}
INFO - 2022-01-04 13:53:21 --> Session: Class initialized using 'CodeIgniter\Session\Handlers\FileHandler' driver.
WARNING - 2022-01-04 13:53:21 --> Session: Sessions is enabled, and one exists.Please don't $session->start();
ERROR - 2022-01-04 13:53:21 --> mysqli_sql_exception: Unknown column 'date_of_post' in 'order clause' in /var/www/html/mymisdiagnosis/system/Database/MySQLi/Connection.php:314
Stack trace:
#0 /var/www/html/mymisdiagnosis/system/Database/MySQLi/Connection.php(314): mysqli->query('SELECT `data_id...')
#1 /var/www/html/mymisdiagnosis/system/Database/BaseConnection.php(713): CodeIgniter\Database\MySQLi\Connection->execute('SELECT `data_id...')
#2 /var/www/html/mymisdiagnosis/system/Database/BaseConnection.php(641): CodeIgniter\Database\BaseConnection->simpleQuery('SELECT `data_id...')
#3 /var/www/html/mymisdiagnosis/system/Database/BaseBuilder.php(1866): CodeIgniter\Database\BaseConnection->query('SELECT `data_id...', Array, false)
#4 /var/www/html/mymisdiagnosis/app/Models/MisdiagnosisModel.php(32): CodeIgniter\Database\BaseBuilder->get()
#5 /var/www/html/mymisdiagnosis/app/Controllers/Misdiagnosis.php(58): App\Models\MisdiagnosisModel->getAllMisdiagnosis('default', 'news')
#6 /var/www/html/mymisdiagnosis/system/CodeIgniter.php(936): App\Controllers\Misdiagnosis->index()
#7 /var/www/html/mymisdiagnosis/system/CodeIgniter.php(432): CodeIgniter\CodeIgniter->runController(Object(App\Controllers\Misdiagnosis))
#8 /var/www/html/mymisdiagnosis/system/CodeIgniter.php(333): CodeIgniter\CodeIgniter->handleRequest(NULL, Object(Config\Cache), false)
#9 /var/www/html/mymisdiagnosis/index.php(44): CodeIgniter\CodeIgniter->run()
#10 {main}
CRITICAL - 2022-01-04 13:53:21 --> Unknown column 'date_of_post' in 'order clause'
#0 /var/www/html/mymisdiagnosis/system/Database/MySQLi/Connection.php(314): mysqli->query('SELECT `data_id...')
#1 /var/www/html/mymisdiagnosis/system/Database/BaseConnection.php(713): CodeIgniter\Database\MySQLi\Connection->execute('SELECT `data_id...')
#2 /var/www/html/mymisdiagnosis/system/Database/BaseConnection.php(641): CodeIgniter\Database\BaseConnection->simpleQuery('SELECT `data_id...')
#3 /var/www/html/mymisdiagnosis/system/Database/BaseBuilder.php(1866): CodeIgniter\Database\BaseConnection->query('SELECT `data_id...', Array, false)
#4 /var/www/html/mymisdiagnosis/app/Models/MisdiagnosisModel.php(32): CodeIgniter\Database\BaseBuilder->get()
#5 /var/www/html/mymisdiagnosis/app/Controllers/Misdiagnosis.php(58): App\Models\MisdiagnosisModel->getAllMisdiagnosis('default', 'news')
#6 /var/www/html/mymisdiagnosis/system/CodeIgniter.php(936): App\Controllers\Misdiagnosis->index()
#7 /var/www/html/mymisdiagnosis/system/CodeIgniter.php(432): CodeIgniter\CodeIgniter->runController(Object(App\Controllers\Misdiagnosis))
#8 /var/www/html/mymisdiagnosis/system/CodeIgniter.php(333): CodeIgniter\CodeIgniter->handleRequest(NULL, Object(Config\Cache), false)
#9 /var/www/html/mymisdiagnosis/index.php(44): CodeIgniter\CodeIgniter->run()
#10 {main}
INFO - 2022-01-04 13:54:20 --> Session: Class initialized using 'CodeIgniter\Session\Handlers\FileHandler' driver.
WARNING - 2022-01-04 13:54:20 --> Session: Sessions is enabled, and one exists.Please don't $session->start();
CRITICAL - 2022-01-04 13:54:20 --> Undefined variable: posts
#0 /var/www/html/mymisdiagnosis/app/Controllers/Misdiagnosis.php(59): CodeIgniter\Debug\Exceptions->errorHandler(8, 'Undefined varia...', '/var/www/html/m...', 59, Array)
#1 /var/www/html/mymisdiagnosis/system/CodeIgniter.php(936): App\Controllers\Misdiagnosis->index()
#2 /var/www/html/mymisdiagnosis/system/CodeIgniter.php(432): CodeIgniter\CodeIgniter->runController(Object(App\Controllers\Misdiagnosis))
#3 /var/www/html/mymisdiagnosis/system/CodeIgniter.php(333): CodeIgniter\CodeIgniter->handleRequest(NULL, Object(Config\Cache), false)
#4 /var/www/html/mymisdiagnosis/index.php(44): CodeIgniter\CodeIgniter->run()
#5 {main}
INFO - 2022-01-04 13:55:03 --> Session: Class initialized using 'CodeIgniter\Session\Handlers\FileHandler' driver.
WARNING - 2022-01-04 13:55:03 --> Session: Sessions is enabled, and one exists.Please don't $session->start();
CRITICAL - 2022-01-04 13:55:03 --> Undefined variable: posts
#0 /var/www/html/mymisdiagnosis/app/Views/misdiagnosis_list.php(10): CodeIgniter\Debug\Exceptions->errorHandler(8, 'Undefined varia...', '/var/www/html/m...', 10, Array)
#1 /var/www/html/mymisdiagnosis/system/View/View.php(220): include('/var/www/html/m...')
#2 /var/www/html/mymisdiagnosis/system/View/View.php(222): CodeIgniter\View\View->CodeIgniter\View\{closure}()
#3 /var/www/html/mymisdiagnosis/system/Common.php(1217): CodeIgniter\View\View->render('misdiagnosis_li...', Array, true)
#4 /var/www/html/mymisdiagnosis/app/Controllers/Misdiagnosis.php(67): view('misdiagnosis_li...', Array)
#5 /var/www/html/mymisdiagnosis/system/CodeIgniter.php(936): App\Controllers\Misdiagnosis->index()
#6 /var/www/html/mymisdiagnosis/system/CodeIgniter.php(432): CodeIgniter\CodeIgniter->runController(Object(App\Controllers\Misdiagnosis))
#7 /var/www/html/mymisdiagnosis/system/CodeIgniter.php(333): CodeIgniter\CodeIgniter->handleRequest(NULL, Object(Config\Cache), false)
#8 /var/www/html/mymisdiagnosis/index.php(44): CodeIgniter\CodeIgniter->run()
#9 {main}
INFO - 2022-01-04 13:55:44 --> Session: Class initialized using 'CodeIgniter\Session\Handlers\FileHandler' driver.
WARNING - 2022-01-04 13:55:44 --> Session: Sessions is enabled, and one exists.Please don't $session->start();
INFO - 2022-01-04 13:57:14 --> Session: Class initialized using 'CodeIgniter\Session\Handlers\FileHandler' driver.
WARNING - 2022-01-04 13:57:14 --> Session: Sessions is enabled, and one exists.Please don't $session->start();
INFO - 2022-01-04 13:59:18 --> Session: Class initialized using 'CodeIgniter\Session\Handlers\FileHandler' driver.
WARNING - 2022-01-04 13:59:18 --> Session: Sessions is enabled, and one exists.Please don't $session->start();
INFO - 2022-01-04 14:00:46 --> Session: Class initialized using 'CodeIgniter\Session\Handlers\FileHandler' driver.
WARNING - 2022-01-04 14:00:46 --> Session: Sessions is enabled, and one exists.Please don't $session->start();
CRITICAL - 2022-01-04 14:00:46 --> Undefined variable: posts
#0 /var/www/html/mymisdiagnosis/app/Models/MisdiagnosisModel.php(37): CodeIgniter\Debug\Exceptions->errorHandler(8, 'Undefined varia...', '/var/www/html/m...', 37, Array)
#1 /var/www/html/mymisdiagnosis/app/Controllers/Misdiagnosis.php(58): App\Models\MisdiagnosisModel->getAllMisdiagnosis('default', 'news')
#2 /var/www/html/mymisdiagnosis/system/CodeIgniter.php(936): App\Controllers\Misdiagnosis->index()
#3 /var/www/html/mymisdiagnosis/system/CodeIgniter.php(432): CodeIgniter\CodeIgniter->runController(Object(App\Controllers\Misdiagnosis))
#4 /var/www/html/mymisdiagnosis/system/CodeIgniter.php(333): CodeIgniter\CodeIgniter->handleRequest(NULL, Object(Config\Cache), false)
#5 /var/www/html/mymisdiagnosis/index.php(44): CodeIgniter\CodeIgniter->run()
#6 {main}
INFO - 2022-01-04 14:01:03 --> Session: Class initialized using 'CodeIgniter\Session\Handlers\FileHandler' driver.
WARNING - 2022-01-04 14:01:03 --> Session: Sessions is enabled, and one exists.Please don't $session->start();
INFO - 2022-01-04 14:01:05 --> Session: Class initialized using 'CodeIgniter\Session\Handlers\FileHandler' driver.
INFO - 2022-01-04 14:02:42 --> Session: Class initialized using 'CodeIgniter\Session\Handlers\FileHandler' driver.
WARNING - 2022-01-04 14:02:42 --> Session: Sessions is enabled, and one exists.Please don't $session->start();
INFO - 2022-01-04 14:03:37 --> Session: Class initialized using 'CodeIgniter\Session\Handlers\FileHandler' driver.
WARNING - 2022-01-04 14:03:37 --> Session: Sessions is enabled, and one exists.Please don't $session->start();
INFO - 2022-01-04 14:06:42 --> Session: Class initialized using 'CodeIgniter\Session\Handlers\FileHandler' driver.
WARNING - 2022-01-04 14:06:42 --> Session: Sessions is enabled, and one exists.Please don't $session->start();
INFO - 2022-01-04 14:09:00 --> Session: Class initialized using 'CodeIgniter\Session\Handlers\FileHandler' driver.
WARNING - 2022-01-04 14:09:00 --> Session: Sessions is enabled, and one exists.Please don't $session->start();
CRITICAL - 2022-01-04 14:09:00 --> Undefined variable: misdiagnosis
#0 /var/www/html/mymisdiagnosis/app/Controllers/Misdiagnosis.php(59): CodeIgniter\Debug\Exceptions->errorHandler(8, 'Undefined varia...', '/var/www/html/m...', 59, Array)
#1 /var/www/html/mymisdiagnosis/system/CodeIgniter.php(936): App\Controllers\Misdiagnosis->index()
#2 /var/www/html/mymisdiagnosis/system/CodeIgniter.php(432): CodeIgniter\CodeIgniter->runController(Object(App\Controllers\Misdiagnosis))
#3 /var/www/html/mymisdiagnosis/system/CodeIgniter.php(333): CodeIgniter\CodeIgniter->handleRequest(NULL, Object(Config\Cache), false)
#4 /var/www/html/mymisdiagnosis/index.php(44): CodeIgniter\CodeIgniter->run()
#5 {main}
INFO - 2022-01-04 14:09:49 --> Session: Class initialized using 'CodeIgniter\Session\Handlers\FileHandler' driver.
WARNING - 2022-01-04 14:09:49 --> Session: Sessions is enabled, and one exists.Please don't $session->start();
INFO - 2022-01-04 14:27:05 --> Session: Class initialized using 'CodeIgniter\Session\Handlers\FileHandler' driver.
WARNING - 2022-01-04 14:27:05 --> Session: Sessions is enabled, and one exists.Please don't $session->start();
CRITICAL - 2022-01-04 14:27:05 --> Class 'App\Controllers\PostModel' not found
#0 /var/www/html/mymisdiagnosis/system/CodeIgniter.php(936): App\Controllers\Data->index()
#1 /var/www/html/mymisdiagnosis/system/CodeIgniter.php(432): CodeIgniter\CodeIgniter->runController(Object(App\Controllers\Data))
#2 /var/www/html/mymisdiagnosis/system/CodeIgniter.php(333): CodeIgniter\CodeIgniter->handleRequest(NULL, Object(Config\Cache), false)
#3 /var/www/html/mymisdiagnosis/index.php(44): CodeIgniter\CodeIgniter->run()
#4 {main}
INFO - 2022-01-04 14:27:54 --> Session: Class initialized using 'CodeIgniter\Session\Handlers\FileHandler' driver.
WARNING - 2022-01-04 14:27:54 --> Session: Sessions is enabled, and one exists.Please don't $session->start();
INFO - 2022-01-04 14:28:04 --> Session: Class initialized using 'CodeIgniter\Session\Handlers\FileHandler' driver.
WARNING - 2022-01-04 14:28:04 --> Session: Sessions is enabled, and one exists.Please don't $session->start();
INFO - 2022-01-04 14:28:11 --> Session: Class initialized using 'CodeIgniter\Session\Handlers\FileHandler' driver.
WARNING - 2022-01-04 14:28:11 --> Session: Sessions is enabled, and one exists.Please don't $session->start();
INFO - 2022-01-04 14:28:51 --> Session: Class initialized using 'CodeIgniter\Session\Handlers\FileHandler' driver.
WARNING - 2022-01-04 14:28:51 --> Session: Sessions is enabled, and one exists.Please don't $session->start();
INFO - 2022-01-04 14:36:21 --> Session: Class initialized using 'CodeIgniter\Session\Handlers\FileHandler' driver.
WARNING - 2022-01-04 14:36:21 --> Session: Sessions is enabled, and one exists.Please don't $session->start();
INFO - 2022-01-04 14:36:33 --> Session: Class initialized using 'CodeIgniter\Session\Handlers\FileHandler' driver.
WARNING - 2022-01-04 14:36:33 --> Session: Sessions is enabled, and one exists.Please don't $session->start();
INFO - 2022-01-04 14:36:37 --> Session: Class initialized using 'CodeIgniter\Session\Handlers\FileHandler' driver.
WARNING - 2022-01-04 14:36:37 --> Session: Sessions is enabled, and one exists.Please don't $session->start();
INFO - 2022-01-04 14:48:26 --> Session: Class initialized using 'CodeIgniter\Session\Handlers\FileHandler' driver.
WARNING - 2022-01-04 14:48:26 --> Session: Sessions is enabled, and one exists.Please don't $session->start();
INFO - 2022-01-04 14:50:11 --> Session: Class initialized using 'CodeIgniter\Session\Handlers\FileHandler' driver.
WARNING - 2022-01-04 14:50:11 --> Session: Sessions is enabled, and one exists.Please don't $session->start();
INFO - 2022-01-04 14:50:20 --> Session: Class initialized using 'CodeIgniter\Session\Handlers\FileHandler' driver.
WARNING - 2022-01-04 14:50:20 --> Session: Sessions is enabled, and one exists.Please don't $session->start();
INFO - 2022-01-04 14:50:40 --> Session: Class initialized using 'CodeIgniter\Session\Handlers\FileHandler' driver.
WARNING - 2022-01-04 14:50:40 --> Session: Sessions is enabled, and one exists.Please don't $session->start();
INFO - 2022-01-04 14:51:04 --> Session: Class initialized using 'CodeIgniter\Session\Handlers\FileHandler' driver.
WARNING - 2022-01-04 14:51:04 --> Session: Sessions is enabled, and one exists.Please don't $session->start();
INFO - 2022-01-04 14:51:16 --> Session: Class initialized using 'CodeIgniter\Session\Handlers\FileHandler' driver.
WARNING - 2022-01-04 14:51:16 --> Session: Sessions is enabled, and one exists.Please don't $session->start();
INFO - 2022-01-04 14:56:05 --> Session: Class initialized using 'CodeIgniter\Session\Handlers\FileHandler' driver.
WARNING - 2022-01-04 14:56:05 --> Session: Sessions is enabled, and one exists.Please don't $session->start();
CRITICAL - 2022-01-04 14:56:05 --> Undefined variable: meta_title
#0 /var/www/html/mymisdiagnosis/app/Views/auth_internetics/header_open_with_scripts.php(7): CodeIgniter\Debug\Exceptions->errorHandler(8, 'Undefined varia...', '/var/www/html/m...', 7, Array)
#1 /var/www/html/mymisdiagnosis/system/View/View.php(220): include('/var/www/html/m...')
#2 /var/www/html/mymisdiagnosis/system/View/View.php(222): CodeIgniter\View\View->CodeIgniter\View\{closure}()
#3 /var/www/html/mymisdiagnosis/system/Common.php(1217): CodeIgniter\View\View->render('auth_internetic...', Array, true)
#4 /var/www/html/mymisdiagnosis/app/Controllers/Record.php(116): view('auth_internetic...', Array)
#5 /var/www/html/mymisdiagnosis/system/CodeIgniter.php(936): App\Controllers\Record->display('website-terms-a...')
#6 /var/www/html/mymisdiagnosis/system/CodeIgniter.php(432): CodeIgniter\CodeIgniter->runController(Object(App\Controllers\Record))
#7 /var/www/html/mymisdiagnosis/system/CodeIgniter.php(333): CodeIgniter\CodeIgniter->handleRequest(NULL, Object(Config\Cache), false)
#8 /var/www/html/mymisdiagnosis/index.php(44): CodeIgniter\CodeIgniter->run()
#9 {main}
INFO - 2022-01-04 14:56:31 --> Session: Class initialized using 'CodeIgniter\Session\Handlers\FileHandler' driver.
WARNING - 2022-01-04 14:56:31 --> Session: Sessions is enabled, and one exists.Please don't $session->start();
INFO - 2022-01-04 15:36:43 --> Session: Class initialized using 'CodeIgniter\Session\Handlers\FileHandler' driver.
WARNING - 2022-01-04 15:36:43 --> Session: Sessions is enabled, and one exists.Please don't $session->start();
INFO - 2022-01-04 15:39:06 --> Session: Class initialized using 'CodeIgniter\Session\Handlers\FileHandler' driver.
WARNING - 2022-01-04 15:39:06 --> Session: Sessions is enabled, and one exists.Please don't $session->start();
ERROR - 2022-01-04 15:39:06 --> mysqli_sql_exception: Unknown column 'post_id' in 'where clause' in /var/www/html/mymisdiagnosis/system/Database/MySQLi/Connection.php:314
Stack trace:
#0 /var/www/html/mymisdiagnosis/system/Database/MySQLi/Connection.php(314): mysqli->query('SELECT `data_id...')
#1 /var/www/html/mymisdiagnosis/system/Database/BaseConnection.php(713): CodeIgniter\Database\MySQLi\Connection->execute('SELECT `data_id...')
#2 /var/www/html/mymisdiagnosis/system/Database/BaseConnection.php(641): CodeIgniter\Database\BaseConnection->simpleQuery('SELECT `data_id...')
#3 /var/www/html/mymisdiagnosis/system/Database/BaseBuilder.php(1866): CodeIgniter\Database\BaseConnection->query('SELECT `data_id...', Array, false)
#4 /var/www/html/mymisdiagnosis/app/Models/RecordModel.php(59): CodeIgniter\Database\BaseBuilder->get()
#5 /var/www/html/mymisdiagnosis/app/Controllers/Record.php(90): App\Models\RecordModel->getIndividualPost('123')
#6 /var/www/html/mymisdiagnosis/system/CodeIgniter.php(936): App\Controllers\Record->display('123')
#7 /var/www/html/mymisdiagnosis/system/CodeIgniter.php(432): CodeIgniter\CodeIgniter->runController(Object(App\Controllers\Record))
#8 /var/www/html/mymisdiagnosis/system/CodeIgniter.php(333): CodeIgniter\CodeIgniter->handleRequest(NULL, Object(Config\Cache), false)
#9 /var/www/html/mymisdiagnosis/index.php(44): CodeIgniter\CodeIgniter->run()
#10 {main}
CRITICAL - 2022-01-04 15:39:06 --> Unknown column 'post_id' in 'where clause'
#0 /var/www/html/mymisdiagnosis/system/Database/MySQLi/Connection.php(314): mysqli->query('SELECT `data_id...')
#1 /var/www/html/mymisdiagnosis/system/Database/BaseConnection.php(713): CodeIgniter\Database\MySQLi\Connection->execute('SELECT `data_id...')
#2 /var/www/html/mymisdiagnosis/system/Database/BaseConnection.php(641): CodeIgniter\Database\BaseConnection->simpleQuery('SELECT `data_id...')
#3 /var/www/html/mymisdiagnosis/system/Database/BaseBuilder.php(1866): CodeIgniter\Database\BaseConnection->query('SELECT `data_id...', Array, false)
#4 /var/www/html/mymisdiagnosis/app/Models/RecordModel.php(59): CodeIgniter\Database\BaseBuilder->get()
#5 /var/www/html/mymisdiagnosis/app/Controllers/Record.php(90): App\Models\RecordModel->getIndividualPost('123')
#6 /var/www/html/mymisdiagnosis/system/CodeIgniter.php(936): App\Controllers\Record->display('123')
#7 /var/www/html/mymisdiagnosis/system/CodeIgniter.php(432): CodeIgniter\CodeIgniter->runController(Object(App\Controllers\Record))
#8 /var/www/html/mymisdiagnosis/system/CodeIgniter.php(333): CodeIgniter\CodeIgniter->handleRequest(NULL, Object(Config\Cache), false)
#9 /var/www/html/mymisdiagnosis/index.php(44): CodeIgniter\CodeIgniter->run()
#10 {main}
INFO - 2022-01-04 15:40:18 --> Session: Class initialized using 'CodeIgniter\Session\Handlers\FileHandler' driver.
WARNING - 2022-01-04 15:40:18 --> Session: Sessions is enabled, and one exists.Please don't $session->start();
CRITICAL - 2022-01-04 15:40:18 --> Undefined variable: data_id
#0 /var/www/html/mymisdiagnosis/app/Models/RecordModel.php(59): CodeIgniter\Debug\Exceptions->errorHandler(8, 'Undefined varia...', '/var/www/html/m...', 59, Array)
#1 /var/www/html/mymisdiagnosis/app/Controllers/Record.php(90): App\Models\RecordModel->getIndividualPost('123')
#2 /var/www/html/mymisdiagnosis/system/CodeIgniter.php(936): App\Controllers\Record->display('123')
#3 /var/www/html/mymisdiagnosis/system/CodeIgniter.php(432): CodeIgniter\CodeIgniter->runController(Object(App\Controllers\Record))
#4 /var/www/html/mymisdiagnosis/system/CodeIgniter.php(333): CodeIgniter\CodeIgniter->handleRequest(NULL, Object(Config\Cache), false)
#5 /var/www/html/mymisdiagnosis/index.php(44): CodeIgniter\CodeIgniter->run()
#6 {main}
INFO - 2022-01-04 15:40:41 --> Session: Class initialized using 'CodeIgniter\Session\Handlers\FileHandler' driver.
WARNING - 2022-01-04 15:40:41 --> Session: Sessions is enabled, and one exists.Please don't $session->start();
CRITICAL - 2022-01-04 15:40:41 --> Undefined variable: data_user_id
#0 /var/www/html/mymisdiagnosis/app/Models/RecordModel.php(59): CodeIgniter\Debug\Exceptions->errorHandler(8, 'Undefined varia...', '/var/www/html/m...', 59, Array)
#1 /var/www/html/mymisdiagnosis/app/Controllers/Record.php(90): App\Models\RecordModel->getIndividualPost('123')
#2 /var/www/html/mymisdiagnosis/system/CodeIgniter.php(936): App\Controllers\Record->display('123')
#3 /var/www/html/mymisdiagnosis/system/CodeIgniter.php(432): CodeIgniter\CodeIgniter->runController(Object(App\Controllers\Record))
#4 /var/www/html/mymisdiagnosis/system/CodeIgniter.php(333): CodeIgniter\CodeIgniter->handleRequest(NULL, Object(Config\Cache), false)
#5 /var/www/html/mymisdiagnosis/index.php(44): CodeIgniter\CodeIgniter->run()
#6 {main}
INFO - 2022-01-04 15:41:21 --> Session: Class initialized using 'CodeIgniter\Session\Handlers\FileHandler' driver.
WARNING - 2022-01-04 15:41:21 --> Session: Sessions is enabled, and one exists.Please don't $session->start();
CRITICAL - 2022-01-04 15:41:21 --> Undefined variable: data_user_id
#0 /var/www/html/mymisdiagnosis/app/Models/RecordModel.php(59): CodeIgniter\Debug\Exceptions->errorHandler(8, 'Undefined varia...', '/var/www/html/m...', 59, Array)
#1 /var/www/html/mymisdiagnosis/app/Controllers/Record.php(90): App\Models\RecordModel->getIndividualPost('1')
#2 /var/www/html/mymisdiagnosis/system/CodeIgniter.php(936): App\Controllers\Record->display('1')
#3 /var/www/html/mymisdiagnosis/system/CodeIgniter.php(432): CodeIgniter\CodeIgniter->runController(Object(App\Controllers\Record))
#4 /var/www/html/mymisdiagnosis/system/CodeIgniter.php(333): CodeIgniter\CodeIgniter->handleRequest(NULL, Object(Config\Cache), false)
#5 /var/www/html/mymisdiagnosis/index.php(44): CodeIgniter\CodeIgniter->run()
#6 {main}
INFO - 2022-01-04 15:42:12 --> Session: Class initialized using 'CodeIgniter\Session\Handlers\FileHandler' driver.
WARNING - 2022-01-04 15:42:12 --> Session: Sessions is enabled, and one exists.Please don't $session->start();
CRITICAL - 2022-01-04 15:42:12 --> Undefined index: post_title
#0 /var/www/html/mymisdiagnosis/app/Controllers/Record.php(100): CodeIgniter\Debug\Exceptions->errorHandler(8, 'Undefined index...', '/var/www/html/m...', 100, Array)
#1 /var/www/html/mymisdiagnosis/system/CodeIgniter.php(936): App\Controllers\Record->display('1')
#2 /var/www/html/mymisdiagnosis/system/CodeIgniter.php(432): CodeIgniter\CodeIgniter->runController(Object(App\Controllers\Record))
#3 /var/www/html/mymisdiagnosis/system/CodeIgniter.php(333): CodeIgniter\CodeIgniter->handleRequest(NULL, Object(Config\Cache), false)
#4 /var/www/html/mymisdiagnosis/index.php(44): CodeIgniter\CodeIgniter->run()
#5 {main}
INFO - 2022-01-04 15:46:52 --> Session: Class initialized using 'CodeIgniter\Session\Handlers\FileHandler' driver.
WARNING - 2022-01-04 15:46:52 --> Session: Sessions is enabled, and one exists.Please don't $session->start();
CRITICAL - 2022-01-04 15:46:52 --> Undefined index: data_update
#0 /var/www/html/mymisdiagnosis/app/Controllers/Record.php(109): CodeIgniter\Debug\Exceptions->errorHandler(8, 'Undefined index...', '/var/www/html/m...', 109, Array)
#1 /var/www/html/mymisdiagnosis/system/CodeIgniter.php(936): App\Controllers\Record->display('1')
#2 /var/www/html/mymisdiagnosis/system/CodeIgniter.php(432): CodeIgniter\CodeIgniter->runController(Object(App\Controllers\Record))
#3 /var/www/html/mymisdiagnosis/system/CodeIgniter.php(333): CodeIgniter\CodeIgniter->handleRequest(NULL, Object(Config\Cache), false)
#4 /var/www/html/mymisdiagnosis/index.php(44): CodeIgniter\CodeIgniter->run()
#5 {main}
INFO - 2022-01-04 15:47:21 --> Session: Class initialized using 'CodeIgniter\Session\Handlers\FileHandler' driver.
WARNING - 2022-01-04 15:47:21 --> Session: Sessions is enabled, and one exists.Please don't $session->start();
CRITICAL - 2022-01-04 15:47:21 --> Undefined variable: meta_title
#0 /var/www/html/mymisdiagnosis/app/Views/auth_internetics/header_open_with_scripts.php(7): CodeIgniter\Debug\Exceptions->errorHandler(8, 'Undefined varia...', '/var/www/html/m...', 7, Array)
#1 /var/www/html/mymisdiagnosis/system/View/View.php(220): include('/var/www/html/m...')
#2 /var/www/html/mymisdiagnosis/system/View/View.php(222): CodeIgniter\View\View->CodeIgniter\View\{closure}()
#3 /var/www/html/mymisdiagnosis/system/Common.php(1217): CodeIgniter\View\View->render('auth_internetic...', Array, true)
#4 /var/www/html/mymisdiagnosis/app/Controllers/Record.php(117): view('auth_internetic...', Array)
#5 /var/www/html/mymisdiagnosis/system/CodeIgniter.php(936): App\Controllers\Record->display('1')
#6 /var/www/html/mymisdiagnosis/system/CodeIgniter.php(432): CodeIgniter\CodeIgniter->runController(Object(App\Controllers\Record))
#7 /var/www/html/mymisdiagnosis/system/CodeIgniter.php(333): CodeIgniter\CodeIgniter->handleRequest(NULL, Object(Config\Cache), false)
#8 /var/www/html/mymisdiagnosis/index.php(44): CodeIgniter\CodeIgniter->run()
#9 {main}
INFO - 2022-01-04 15:49:15 --> Session: Class initialized using 'CodeIgniter\Session\Handlers\FileHandler' driver.
WARNING - 2022-01-04 15:49:15 --> Session: Sessions is enabled, and one exists.Please don't $session->start();
CRITICAL - 2022-01-04 15:49:16 --> Undefined variable: meta_title
#0 /var/www/html/mymisdiagnosis/app/Views/auth_internetics/header_open_with_scripts.php(7): CodeIgniter\Debug\Exceptions->errorHandler(8, 'Undefined varia...', '/var/www/html/m...', 7, Array)
#1 /var/www/html/mymisdiagnosis/system/View/View.php(220): include('/var/www/html/m...')
#2 /var/www/html/mymisdiagnosis/system/View/View.php(222): CodeIgniter\View\View->CodeIgniter\View\{closure}()
#3 /var/www/html/mymisdiagnosis/system/Common.php(1217): CodeIgniter\View\View->render('auth_internetic...', Array, true)
#4 /var/www/html/mymisdiagnosis/app/Controllers/Record.php(117): view('auth_internetic...', Array)
#5 /var/www/html/mymisdiagnosis/system/CodeIgniter.php(936): App\Controllers\Record->display('123')
#6 /var/www/html/mymisdiagnosis/system/CodeIgniter.php(432): CodeIgniter\CodeIgniter->runController(Object(App\Controllers\Record))
#7 /var/www/html/mymisdiagnosis/system/CodeIgniter.php(333): CodeIgniter\CodeIgniter->handleRequest(NULL, Object(Config\Cache), false)
#8 /var/www/html/mymisdiagnosis/index.php(44): CodeIgniter\CodeIgniter->run()
#9 {main}
INFO - 2022-01-04 15:49:53 --> Session: Class initialized using 'CodeIgniter\Session\Handlers\FileHandler' driver.
WARNING - 2022-01-04 15:49:53 --> Session: Sessions is enabled, and one exists.Please don't $session->start();
CRITICAL - 2022-01-04 15:49:53 --> Undefined variable: meta_title
#0 /var/www/html/mymisdiagnosis/app/Views/auth_internetics/header_open_with_scripts.php(7): CodeIgniter\Debug\Exceptions->errorHandler(8, 'Undefined varia...', '/var/www/html/m...', 7, Array)
#1 /var/www/html/mymisdiagnosis/system/View/View.php(220): include('/var/www/html/m...')
#2 /var/www/html/mymisdiagnosis/system/View/View.php(222): CodeIgniter\View\View->CodeIgniter\View\{closure}()
#3 /var/www/html/mymisdiagnosis/system/Common.php(1217): CodeIgniter\View\View->render('auth_internetic...', Array, true)
#4 /var/www/html/mymisdiagnosis/app/Controllers/Record.php(118): view('auth_internetic...', Array)
#5 /var/www/html/mymisdiagnosis/system/CodeIgniter.php(936): App\Controllers\Record->display('123')
#6 /var/www/html/mymisdiagnosis/system/CodeIgniter.php(432): CodeIgniter\CodeIgniter->runController(Object(App\Controllers\Record))
#7 /var/www/html/mymisdiagnosis/system/CodeIgniter.php(333): CodeIgniter\CodeIgniter->handleRequest(NULL, Object(Config\Cache), false)
#8 /var/www/html/mymisdiagnosis/index.php(44): CodeIgniter\CodeIgniter->run()
#9 {main}
INFO - 2022-01-04 15:52:50 --> Session: Class initialized using 'CodeIgniter\Session\Handlers\FileHandler' driver.
WARNING - 2022-01-04 15:52:50 --> Session: Sessions is enabled, and one exists.Please don't $session->start();
CRITICAL - 2022-01-04 15:52:50 --> Undefined variable: meta_title
#0 /var/www/html/mymisdiagnosis/app/Views/auth_internetics/header_open_with_scripts.php(7): CodeIgniter\Debug\Exceptions->errorHandler(8, 'Undefined varia...', '/var/www/html/m...', 7, Array)
#1 /var/www/html/mymisdiagnosis/system/View/View.php(220): include('/var/www/html/m...')
#2 /var/www/html/mymisdiagnosis/system/View/View.php(222): CodeIgniter\View\View->CodeIgniter\View\{closure}()
#3 /var/www/html/mymisdiagnosis/system/Common.php(1217): CodeIgniter\View\View->render('auth_internetic...', Array, true)
#4 /var/www/html/mymisdiagnosis/app/Controllers/Record.php(117): view('auth_internetic...', Array)
#5 /var/www/html/mymisdiagnosis/system/CodeIgniter.php(936): App\Controllers\Record->display('123')
#6 /var/www/html/mymisdiagnosis/system/CodeIgniter.php(432): CodeIgniter\CodeIgniter->runController(Object(App\Controllers\Record))
#7 /var/www/html/mymisdiagnosis/system/CodeIgniter.php(333): CodeIgniter\CodeIgniter->handleRequest(NULL, Object(Config\Cache), false)
#8 /var/www/html/mymisdiagnosis/index.php(44): CodeIgniter\CodeIgniter->run()
#9 {main}
INFO - 2022-01-04 15:53:45 --> Session: Class initialized using 'CodeIgniter\Session\Handlers\FileHandler' driver.
WARNING - 2022-01-04 15:53:45 --> Session: Sessions is enabled, and one exists.Please don't $session->start();
CRITICAL - 2022-01-04 15:53:45 --> Undefined variable: meta_title
#0 /var/www/html/mymisdiagnosis/app/Views/auth_internetics/header_open_with_scripts.php(7): CodeIgniter\Debug\Exceptions->errorHandler(8, 'Undefined varia...', '/var/www/html/m...', 7, Array)
#1 /var/www/html/mymisdiagnosis/system/View/View.php(220): include('/var/www/html/m...')
#2 /var/www/html/mymisdiagnosis/system/View/View.php(222): CodeIgniter\View\View->CodeIgniter\View\{closure}()
#3 /var/www/html/mymisdiagnosis/system/Common.php(1217): CodeIgniter\View\View->render('auth_internetic...', Array, true)
#4 /var/www/html/mymisdiagnosis/app/Controllers/Record.php(116): view('auth_internetic...', Array)
#5 /var/www/html/mymisdiagnosis/system/CodeIgniter.php(936): App\Controllers\Record->display('123')
#6 /var/www/html/mymisdiagnosis/system/CodeIgniter.php(432): CodeIgniter\CodeIgniter->runController(Object(App\Controllers\Record))
#7 /var/www/html/mymisdiagnosis/system/CodeIgniter.php(333): CodeIgniter\CodeIgniter->handleRequest(NULL, Object(Config\Cache), false)
#8 /var/www/html/mymisdiagnosis/index.php(44): CodeIgniter\CodeIgniter->run()
#9 {main}
INFO - 2022-01-04 15:54:10 --> Session: Class initialized using 'CodeIgniter\Session\Handlers\FileHandler' driver.
WARNING - 2022-01-04 15:54:10 --> Session: Sessions is enabled, and one exists.Please don't $session->start();
INFO - 2022-01-04 15:54:32 --> Session: Class initialized using 'CodeIgniter\Session\Handlers\FileHandler' driver.
WARNING - 2022-01-04 15:54:32 --> Session: Sessions is enabled, and one exists.Please don't $session->start();
INFO - 2022-01-04 15:54:37 --> Session: Class initialized using 'CodeIgniter\Session\Handlers\FileHandler' driver.
WARNING - 2022-01-04 15:54:37 --> Session: Sessions is enabled, and one exists.Please don't $session->start();
CRITICAL - 2022-01-04 15:54:37 --> Undefined variable: meta_title
#0 /var/www/html/mymisdiagnosis/app/Views/auth_internetics/header_open_with_scripts.php(7): CodeIgniter\Debug\Exceptions->errorHandler(8, 'Undefined varia...', '/var/www/html/m...', 7, Array)
#1 /var/www/html/mymisdiagnosis/system/View/View.php(220): include('/var/www/html/m...')
#2 /var/www/html/mymisdiagnosis/system/View/View.php(222): CodeIgniter\View\View->CodeIgniter\View\{closure}()
#3 /var/www/html/mymisdiagnosis/system/Common.php(1217): CodeIgniter\View\View->render('auth_internetic...', Array, true)
#4 /var/www/html/mymisdiagnosis/app/Controllers/Record.php(116): view('auth_internetic...', Array)
#5 /var/www/html/mymisdiagnosis/system/CodeIgniter.php(936): App\Controllers\Record->display('website-terms-a...')
#6 /var/www/html/mymisdiagnosis/system/CodeIgniter.php(432): CodeIgniter\CodeIgniter->runController(Object(App\Controllers\Record))
#7 /var/www/html/mymisdiagnosis/system/CodeIgniter.php(333): CodeIgniter\CodeIgniter->handleRequest(NULL, Object(Config\Cache), false)
#8 /var/www/html/mymisdiagnosis/index.php(44): CodeIgniter\CodeIgniter->run()
#9 {main}
INFO - 2022-01-04 15:55:04 --> Session: Class initialized using 'CodeIgniter\Session\Handlers\FileHandler' driver.
WARNING - 2022-01-04 15:55:04 --> Session: Sessions is enabled, and one exists.Please don't $session->start();
CRITICAL - 2022-01-04 15:55:04 --> Undefined variable: meta_title
#0 /var/www/html/mymisdiagnosis/app/Views/auth_internetics/header_open_with_scripts.php(7): CodeIgniter\Debug\Exceptions->errorHandler(8, 'Undefined varia...', '/var/www/html/m...', 7, Array)
#1 /var/www/html/mymisdiagnosis/system/View/View.php(220): include('/var/www/html/m...')
#2 /var/www/html/mymisdiagnosis/system/View/View.php(222): CodeIgniter\View\View->CodeIgniter\View\{closure}()
#3 /var/www/html/mymisdiagnosis/system/Common.php(1217): CodeIgniter\View\View->render('auth_internetic...', Array, true)
#4 /var/www/html/mymisdiagnosis/app/Controllers/Record.php(116): view('auth_internetic...', Array)
#5 /var/www/html/mymisdiagnosis/system/CodeIgniter.php(936): App\Controllers\Record->display('website-terms-a...')
#6 /var/www/html/mymisdiagnosis/system/CodeIgniter.php(432): CodeIgniter\CodeIgniter->runController(Object(App\Controllers\Record))
#7 /var/www/html/mymisdiagnosis/system/CodeIgniter.php(333): CodeIgniter\CodeIgniter->handleRequest(NULL, Object(Config\Cache), false)
#8 /var/www/html/mymisdiagnosis/index.php(44): CodeIgniter\CodeIgniter->run()
#9 {main}
INFO - 2022-01-04 15:55:46 --> Session: Class initialized using 'CodeIgniter\Session\Handlers\FileHandler' driver.
WARNING - 2022-01-04 15:55:46 --> Session: Sessions is enabled, and one exists.Please don't $session->start();
CRITICAL - 2022-01-04 15:55:46 --> Class 'App\Models\RecordModel' not found
#0 /var/www/html/mymisdiagnosis/system/CodeIgniter.php(936): App\Controllers\Record->display('website-terms-a...')
#1 /var/www/html/mymisdiagnosis/system/CodeIgniter.php(432): CodeIgniter\CodeIgniter->runController(Object(App\Controllers\Record))
#2 /var/www/html/mymisdiagnosis/system/CodeIgniter.php(333): CodeIgniter\CodeIgniter->handleRequest(NULL, Object(Config\Cache), false)
#3 /var/www/html/mymisdiagnosis/index.php(44): CodeIgniter\CodeIgniter->run()
#4 {main}
INFO - 2022-01-04 15:56:01 --> Session: Class initialized using 'CodeIgniter\Session\Handlers\FileHandler' driver.
WARNING - 2022-01-04 15:56:01 --> Session: Sessions is enabled, and one exists.Please don't $session->start();
CRITICAL - 2022-01-04 15:56:01 --> Class 'App\Models\RecordModel' not found
#0 /var/www/html/mymisdiagnosis/system/CodeIgniter.php(936): App\Controllers\Record->display('website-terms-a...')
#1 /var/www/html/mymisdiagnosis/system/CodeIgniter.php(432): CodeIgniter\CodeIgniter->runController(Object(App\Controllers\Record))
#2 /var/www/html/mymisdiagnosis/system/CodeIgniter.php(333): CodeIgniter\CodeIgniter->handleRequest(NULL, Object(Config\Cache), false)
#3 /var/www/html/mymisdiagnosis/index.php(44): CodeIgniter\CodeIgniter->run()
#4 {main}
INFO - 2022-01-04 15:56:18 --> Session: Class initialized using 'CodeIgniter\Session\Handlers\FileHandler' driver.
WARNING - 2022-01-04 15:56:18 --> Session: Sessions is enabled, and one exists.Please don't $session->start();
INFO - 2022-01-04 15:59:57 --> Session: Class initialized using 'CodeIgniter\Session\Handlers\FileHandler' driver.
WARNING - 2022-01-04 15:59:57 --> Session: Sessions is enabled, and one exists.Please don't $session->start();
CRITICAL - 2022-01-04 15:59:57 --> Undefined variable: data_user_id
#0 /var/www/html/mymisdiagnosis/app/Models/RecordModel.php(59): CodeIgniter\Debug\Exceptions->errorHandler(8, 'Undefined varia...', '/var/www/html/m...', 59, Array)
#1 /var/www/html/mymisdiagnosis/app/Controllers/Record.php(90): App\Models\RecordModel->getIndividualPost('website-terms-a...')
#2 /var/www/html/mymisdiagnosis/system/CodeIgniter.php(936): App\Controllers\Record->display('website-terms-a...')
#3 /var/www/html/mymisdiagnosis/system/CodeIgniter.php(432): CodeIgniter\CodeIgniter->runController(Object(App\Controllers\Record))
#4 /var/www/html/mymisdiagnosis/system/CodeIgniter.php(333): CodeIgniter\CodeIgniter->handleRequest(NULL, Object(Config\Cache), false)
#5 /var/www/html/mymisdiagnosis/index.php(44): CodeIgniter\CodeIgniter->run()
#6 {main}
INFO - 2022-01-04 16:01:20 --> Session: Class initialized using 'CodeIgniter\Session\Handlers\FileHandler' driver.
WARNING - 2022-01-04 16:01:20 --> Session: Sessions is enabled, and one exists.Please don't $session->start();
CRITICAL - 2022-01-04 16:01:20 --> Undefined variable: meta_title
#0 /var/www/html/mymisdiagnosis/app/Views/auth_internetics/header_open_with_scripts.php(7): CodeIgniter\Debug\Exceptions->errorHandler(8, 'Undefined varia...', '/var/www/html/m...', 7, Array)
#1 /var/www/html/mymisdiagnosis/system/View/View.php(220): include('/var/www/html/m...')
#2 /var/www/html/mymisdiagnosis/system/View/View.php(222): CodeIgniter\View\View->CodeIgniter\View\{closure}()
#3 /var/www/html/mymisdiagnosis/system/Common.php(1217): CodeIgniter\View\View->render('auth_internetic...', Array, true)
#4 /var/www/html/mymisdiagnosis/app/Controllers/Record.php(116): view('auth_internetic...', Array)
#5 /var/www/html/mymisdiagnosis/system/CodeIgniter.php(936): App\Controllers\Record->display('website-terms-a...')
#6 /var/www/html/mymisdiagnosis/system/CodeIgniter.php(432): CodeIgniter\CodeIgniter->runController(Object(App\Controllers\Record))
#7 /var/www/html/mymisdiagnosis/system/CodeIgniter.php(333): CodeIgniter\CodeIgniter->handleRequest(NULL, Object(Config\Cache), false)
#8 /var/www/html/mymisdiagnosis/index.php(44): CodeIgniter\CodeIgniter->run()
#9 {main}
INFO - 2022-01-04 16:02:04 --> Session: Class initialized using 'CodeIgniter\Session\Handlers\FileHandler' driver.
WARNING - 2022-01-04 16:02:04 --> Session: Sessions is enabled, and one exists.Please don't $session->start();
CRITICAL - 2022-01-04 16:02:04 --> Undefined variable: meta_title
#0 /var/www/html/mymisdiagnosis/app/Views/auth_internetics/header_open_with_scripts.php(7): CodeIgniter\Debug\Exceptions->errorHandler(8, 'Undefined varia...', '/var/www/html/m...', 7, Array)
#1 /var/www/html/mymisdiagnosis/system/View/View.php(220): include('/var/www/html/m...')
#2 /var/www/html/mymisdiagnosis/system/View/View.php(222): CodeIgniter\View\View->CodeIgniter\View\{closure}()
#3 /var/www/html/mymisdiagnosis/system/Common.php(1217): CodeIgniter\View\View->render('auth_internetic...', Array, true)
#4 /var/www/html/mymisdiagnosis/app/Controllers/Record.php(117): view('auth_internetic...', Array)
#5 /var/www/html/mymisdiagnosis/system/CodeIgniter.php(936): App\Controllers\Record->display('website-terms-a...')
#6 /var/www/html/mymisdiagnosis/system/CodeIgniter.php(432): CodeIgniter\CodeIgniter->runController(Object(App\Controllers\Record))
#7 /var/www/html/mymisdiagnosis/system/CodeIgniter.php(333): CodeIgniter\CodeIgniter->handleRequest(NULL, Object(Config\Cache), false)
#8 /var/www/html/mymisdiagnosis/index.php(44): CodeIgniter\CodeIgniter->run()
#9 {main}
INFO - 2022-01-04 16:04:05 --> Session: Class initialized using 'CodeIgniter\Session\Handlers\FileHandler' driver.
WARNING - 2022-01-04 16:04:05 --> Session: Sessions is enabled, and one exists.Please don't $session->start();
CRITICAL - 2022-01-04 16:04:05 --> Undefined variable: uri
#0 /var/www/html/mymisdiagnosis/app/Views/auth_internetics/header_open_with_scripts.php(22): CodeIgniter\Debug\Exceptions->errorHandler(8, 'Undefined varia...', '/var/www/html/m...', 22, Array)
#1 /var/www/html/mymisdiagnosis/system/View/View.php(220): include('/var/www/html/m...')
#2 /var/www/html/mymisdiagnosis/system/View/View.php(222): CodeIgniter\View\View->CodeIgniter\View\{closure}()
#3 /var/www/html/mymisdiagnosis/system/Common.php(1217): CodeIgniter\View\View->render('auth_internetic...', Array, true)
#4 /var/www/html/mymisdiagnosis/app/Controllers/Record.php(116): view('auth_internetic...', Array)
#5 /var/www/html/mymisdiagnosis/system/CodeIgniter.php(936): App\Controllers\Record->display('website-terms-a...')
#6 /var/www/html/mymisdiagnosis/system/CodeIgniter.php(432): CodeIgniter\CodeIgniter->runController(Object(App\Controllers\Record))
#7 /var/www/html/mymisdiagnosis/system/CodeIgniter.php(333): CodeIgniter\CodeIgniter->handleRequest(NULL, Object(Config\Cache), false)
#8 /var/www/html/mymisdiagnosis/index.php(44): CodeIgniter\CodeIgniter->run()
#9 {main}
INFO - 2022-01-04 16:04:29 --> Session: Class initialized using 'CodeIgniter\Session\Handlers\FileHandler' driver.
WARNING - 2022-01-04 16:04:29 --> Session: Sessions is enabled, and one exists.Please don't $session->start();
CRITICAL - 2022-01-04 16:04:29 --> Undefined variable: type_of_page
#0 /var/www/html/mymisdiagnosis/app/Views/auth_internetics/header_open_with_scripts.php(42): CodeIgniter\Debug\Exceptions->errorHandler(8, 'Undefined varia...', '/var/www/html/m...', 42, Array)
#1 /var/www/html/mymisdiagnosis/system/View/View.php(220): include('/var/www/html/m...')
#2 /var/www/html/mymisdiagnosis/system/View/View.php(222): CodeIgniter\View\View->CodeIgniter\View\{closure}()
#3 /var/www/html/mymisdiagnosis/system/Common.php(1217): CodeIgniter\View\View->render('auth_internetic...', Array, true)
#4 /var/www/html/mymisdiagnosis/app/Controllers/Record.php(116): view('auth_internetic...', Array)
#5 /var/www/html/mymisdiagnosis/system/CodeIgniter.php(936): App\Controllers\Record->display('website-terms-a...')
#6 /var/www/html/mymisdiagnosis/system/CodeIgniter.php(432): CodeIgniter\CodeIgniter->runController(Object(App\Controllers\Record))
#7 /var/www/html/mymisdiagnosis/system/CodeIgniter.php(333): CodeIgniter\CodeIgniter->handleRequest(NULL, Object(Config\Cache), false)
#8 /var/www/html/mymisdiagnosis/index.php(44): CodeIgniter\CodeIgniter->run()
#9 {main}
INFO - 2022-01-04 16:16:28 --> Session: Class initialized using 'CodeIgniter\Session\Handlers\FileHandler' driver.
WARNING - 2022-01-04 16:16:28 --> Session: Sessions is enabled, and one exists.Please don't $session->start();
CRITICAL - 2022-01-04 16:16:28 --> Undefined variable: meta_title
#0 /var/www/html/mymisdiagnosis/app/Views/auth_internetics/header_open_with_scripts.php(7): CodeIgniter\Debug\Exceptions->errorHandler(8, 'Undefined varia...', '/var/www/html/m...', 7, Array)
#1 /var/www/html/mymisdiagnosis/system/View/View.php(220): include('/var/www/html/m...')
#2 /var/www/html/mymisdiagnosis/system/View/View.php(222): CodeIgniter\View\View->CodeIgniter\View\{closure}()
#3 /var/www/html/mymisdiagnosis/system/Common.php(1217): CodeIgniter\View\View->render('auth_internetic...', Array, true)
#4 /var/www/html/mymisdiagnosis/app/Controllers/Record.php(116): view('auth_internetic...', Array)
#5 /var/www/html/mymisdiagnosis/system/CodeIgniter.php(936): App\Controllers\Record->display('website-terms-a...')
#6 /var/www/html/mymisdiagnosis/system/CodeIgniter.php(432): CodeIgniter\CodeIgniter->runController(Object(App\Controllers\Record))
#7 /var/www/html/mymisdiagnosis/system/CodeIgniter.php(333): CodeIgniter\CodeIgniter->handleRequest(NULL, Object(Config\Cache), false)
#8 /var/www/html/mymisdiagnosis/index.php(44): CodeIgniter\CodeIgniter->run()
#9 {main}
INFO - 2022-01-04 16:16:35 --> Session: Class initialized using 'CodeIgniter\Session\Handlers\FileHandler' driver.
WARNING - 2022-01-04 16:16:35 --> Session: Sessions is enabled, and one exists.Please don't $session->start();
CRITICAL - 2022-01-04 16:16:35 --> Undefined variable: meta_title
#0 /var/www/html/mymisdiagnosis/app/Views/auth_internetics/header_open_with_scripts.php(7): CodeIgniter\Debug\Exceptions->errorHandler(8, 'Undefined varia...', '/var/www/html/m...', 7, Array)
#1 /var/www/html/mymisdiagnosis/system/View/View.php(220): include('/var/www/html/m...')
#2 /var/www/html/mymisdiagnosis/system/View/View.php(222): CodeIgniter\View\View->CodeIgniter\View\{closure}()
#3 /var/www/html/mymisdiagnosis/system/Common.php(1217): CodeIgniter\View\View->render('auth_internetic...', Array, true)
#4 /var/www/html/mymisdiagnosis/app/Controllers/Record.php(116): view('auth_internetic...', Array)
#5 /var/www/html/mymisdiagnosis/system/CodeIgniter.php(936): App\Controllers\Record->display('123')
#6 /var/www/html/mymisdiagnosis/system/CodeIgniter.php(432): CodeIgniter\CodeIgniter->runController(Object(App\Controllers\Record))
#7 /var/www/html/mymisdiagnosis/system/CodeIgniter.php(333): CodeIgniter\CodeIgniter->handleRequest(NULL, Object(Config\Cache), false)
#8 /var/www/html/mymisdiagnosis/index.php(44): CodeIgniter\CodeIgniter->run()
#9 {main}
INFO - 2022-01-04 16:19:30 --> Session: Class initialized using 'CodeIgniter\Session\Handlers\FileHandler' driver.
WARNING - 2022-01-04 16:19:30 --> Session: Sessions is enabled, and one exists.Please don't $session->start();
CRITICAL - 2022-01-04 16:19:30 --> Undefined variable: post_id
#0 /var/www/html/mymisdiagnosis/app/Models/RecordModel.php(59): CodeIgniter\Debug\Exceptions->errorHandler(8, 'Undefined varia...', '/var/www/html/m...', 59, Array)
#1 /var/www/html/mymisdiagnosis/app/Controllers/Record.php(90): App\Models\RecordModel->getIndividualPost('123')
#2 /var/www/html/mymisdiagnosis/system/CodeIgniter.php(936): App\Controllers\Record->display('123')
#3 /var/www/html/mymisdiagnosis/system/CodeIgniter.php(432): CodeIgniter\CodeIgniter->runController(Object(App\Controllers\Record))
#4 /var/www/html/mymisdiagnosis/system/CodeIgniter.php(333): CodeIgniter\CodeIgniter->handleRequest(NULL, Object(Config\Cache), false)
#5 /var/www/html/mymisdiagnosis/index.php(44): CodeIgniter\CodeIgniter->run()
#6 {main}
INFO - 2022-01-04 16:20:07 --> Session: Class initialized using 'CodeIgniter\Session\Handlers\FileHandler' driver.
WARNING - 2022-01-04 16:20:07 --> Session: Sessions is enabled, and one exists.Please don't $session->start();
CRITICAL - 2022-01-04 16:20:07 --> Undefined variable: meta_title
#0 /var/www/html/mymisdiagnosis/app/Views/auth_internetics/header_open_with_scripts.php(7): CodeIgniter\Debug\Exceptions->errorHandler(8, 'Undefined varia...', '/var/www/html/m...', 7, Array)
#1 /var/www/html/mymisdiagnosis/system/View/View.php(220): include('/var/www/html/m...')
#2 /var/www/html/mymisdiagnosis/system/View/View.php(222): CodeIgniter\View\View->CodeIgniter\View\{closure}()
#3 /var/www/html/mymisdiagnosis/system/Common.php(1217): CodeIgniter\View\View->render('auth_internetic...', Array, true)
#4 /var/www/html/mymisdiagnosis/app/Controllers/Record.php(116): view('auth_internetic...', Array)
#5 /var/www/html/mymisdiagnosis/system/CodeIgniter.php(936): App\Controllers\Record->display('123')
#6 /var/www/html/mymisdiagnosis/system/CodeIgniter.php(432): CodeIgniter\CodeIgniter->runController(Object(App\Controllers\Record))
#7 /var/www/html/mymisdiagnosis/system/CodeIgniter.php(333): CodeIgniter\CodeIgniter->handleRequest(NULL, Object(Config\Cache), false)
#8 /var/www/html/mymisdiagnosis/index.php(44): CodeIgniter\CodeIgniter->run()
#9 {main}
INFO - 2022-01-04 16:20:15 --> Session: Class initialized using 'CodeIgniter\Session\Handlers\FileHandler' driver.
WARNING - 2022-01-04 16:20:15 --> Session: Sessions is enabled, and one exists.Please don't $session->start();
INFO - 2022-01-04 16:20:27 --> Session: Class initialized using 'CodeIgniter\Session\Handlers\FileHandler' driver.
WARNING - 2022-01-04 16:20:27 --> Session: Sessions is enabled, and one exists.Please don't $session->start();
INFO - 2022-01-04 16:20:48 --> Session: Class initialized using 'CodeIgniter\Session\Handlers\FileHandler' driver.
WARNING - 2022-01-04 16:20:48 --> Session: Sessions is enabled, and one exists.Please don't $session->start();
CRITICAL - 2022-01-04 16:20:48 --> Undefined variable: meta_title
#0 /var/www/html/mymisdiagnosis/app/Views/auth_internetics/header_open_with_scripts.php(7): CodeIgniter\Debug\Exceptions->errorHandler(8, 'Undefined varia...', '/var/www/html/m...', 7, Array)
#1 /var/www/html/mymisdiagnosis/system/View/View.php(220): include('/var/www/html/m...')
#2 /var/www/html/mymisdiagnosis/system/View/View.php(222): CodeIgniter\View\View->CodeIgniter\View\{closure}()
#3 /var/www/html/mymisdiagnosis/system/Common.php(1217): CodeIgniter\View\View->render('auth_internetic...', Array, true)
#4 /var/www/html/mymisdiagnosis/app/Controllers/Record.php(116): view('auth_internetic...', Array)
#5 /var/www/html/mymisdiagnosis/system/CodeIgniter.php(936): App\Controllers\Record->display('website-terms-a...')
#6 /var/www/html/mymisdiagnosis/system/CodeIgniter.php(432): CodeIgniter\CodeIgniter->runController(Object(App\Controllers\Record))
#7 /var/www/html/mymisdiagnosis/system/CodeIgniter.php(333): CodeIgniter\CodeIgniter->handleRequest(NULL, Object(Config\Cache), false)
#8 /var/www/html/mymisdiagnosis/index.php(44): CodeIgniter\CodeIgniter->run()
#9 {main}
INFO - 2022-01-04 16:20:56 --> Session: Class initialized using 'CodeIgniter\Session\Handlers\FileHandler' driver.
WARNING - 2022-01-04 16:20:56 --> Session: Sessions is enabled, and one exists.Please don't $session->start();
INFO - 2022-01-04 16:22:02 --> Session: Class initialized using 'CodeIgniter\Session\Handlers\FileHandler' driver.
WARNING - 2022-01-04 16:22:02 --> Session: Sessions is enabled, and one exists.Please don't $session->start();
ERROR - 2022-01-04 16:22:02 --> mysqli_sql_exception: Unknown column 'post_id' in 'where clause' in /var/www/html/mymisdiagnosis/system/Database/MySQLi/Connection.php:314
Stack trace:
#0 /var/www/html/mymisdiagnosis/system/Database/MySQLi/Connection.php(314): mysqli->query('SELECT `data_id...')
#1 /var/www/html/mymisdiagnosis/system/Database/BaseConnection.php(713): CodeIgniter\Database\MySQLi\Connection->execute('SELECT `data_id...')
#2 /var/www/html/mymisdiagnosis/system/Database/BaseConnection.php(641): CodeIgniter\Database\BaseConnection->simpleQuery('SELECT `data_id...')
#3 /var/www/html/mymisdiagnosis/system/Database/BaseBuilder.php(1866): CodeIgniter\Database\BaseConnection->query('SELECT `data_id...', Array, false)
#4 /var/www/html/mymisdiagnosis/app/Models/RecordModel.php(59): CodeIgniter\Database\BaseBuilder->get()
#5 /var/www/html/mymisdiagnosis/app/Controllers/Record.php(90): App\Models\RecordModel->getIndividualPost('123')
#6 /var/www/html/mymisdiagnosis/system/CodeIgniter.php(936): App\Controllers\Record->display('123')
#7 /var/www/html/mymisdiagnosis/system/CodeIgniter.php(432): CodeIgniter\CodeIgniter->runController(Object(App\Controllers\Record))
#8 /var/www/html/mymisdiagnosis/system/CodeIgniter.php(333): CodeIgniter\CodeIgniter->handleRequest(NULL, Object(Config\Cache), false)
#9 /var/www/html/mymisdiagnosis/index.php(44): CodeIgniter\CodeIgniter->run()
#10 {main}
CRITICAL - 2022-01-04 16:22:02 --> Unknown column 'post_id' in 'where clause'
#0 /var/www/html/mymisdiagnosis/system/Database/MySQLi/Connection.php(314): mysqli->query('SELECT `data_id...')
#1 /var/www/html/mymisdiagnosis/system/Database/BaseConnection.php(713): CodeIgniter\Database\MySQLi\Connection->execute('SELECT `data_id...')
#2 /var/www/html/mymisdiagnosis/system/Database/BaseConnection.php(641): CodeIgniter\Database\BaseConnection->simpleQuery('SELECT `data_id...')
#3 /var/www/html/mymisdiagnosis/system/Database/BaseBuilder.php(1866): CodeIgniter\Database\BaseConnection->query('SELECT `data_id...', Array, false)
#4 /var/www/html/mymisdiagnosis/app/Models/RecordModel.php(59): CodeIgniter\Database\BaseBuilder->get()
#5 /var/www/html/mymisdiagnosis/app/Controllers/Record.php(90): App\Models\RecordModel->getIndividualPost('123')
#6 /var/www/html/mymisdiagnosis/system/CodeIgniter.php(936): App\Controllers\Record->display('123')
#7 /var/www/html/mymisdiagnosis/system/CodeIgniter.php(432): CodeIgniter\CodeIgniter->runController(Object(App\Controllers\Record))
#8 /var/www/html/mymisdiagnosis/system/CodeIgniter.php(333): CodeIgniter\CodeIgniter->handleRequest(NULL, Object(Config\Cache), false)
#9 /var/www/html/mymisdiagnosis/index.php(44): CodeIgniter\CodeIgniter->run()
#10 {main}
INFO - 2022-01-04 16:22:26 --> Session: Class initialized using 'CodeIgniter\Session\Handlers\FileHandler' driver.
WARNING - 2022-01-04 16:22:26 --> Session: Sessions is enabled, and one exists.Please don't $session->start();
CRITICAL - 2022-01-04 16:22:26 --> Undefined variable: meta_title
#0 /var/www/html/mymisdiagnosis/app/Views/auth_internetics/header_open_with_scripts.php(7): CodeIgniter\Debug\Exceptions->errorHandler(8, 'Undefined varia...', '/var/www/html/m...', 7, Array)
#1 /var/www/html/mymisdiagnosis/system/View/View.php(220): include('/var/www/html/m...')
#2 /var/www/html/mymisdiagnosis/system/View/View.php(222): CodeIgniter\View\View->CodeIgniter\View\{closure}()
#3 /var/www/html/mymisdiagnosis/system/Common.php(1217): CodeIgniter\View\View->render('auth_internetic...', Array, true)
#4 /var/www/html/mymisdiagnosis/app/Controllers/Record.php(116): view('auth_internetic...', Array)
#5 /var/www/html/mymisdiagnosis/system/CodeIgniter.php(936): App\Controllers\Record->display('123')
#6 /var/www/html/mymisdiagnosis/system/CodeIgniter.php(432): CodeIgniter\CodeIgniter->runController(Object(App\Controllers\Record))
#7 /var/www/html/mymisdiagnosis/system/CodeIgniter.php(333): CodeIgniter\CodeIgniter->handleRequest(NULL, Object(Config\Cache), false)
#8 /var/www/html/mymisdiagnosis/index.php(44): CodeIgniter\CodeIgniter->run()
#9 {main}
INFO - 2022-01-04 16:22:41 --> Session: Class initialized using 'CodeIgniter\Session\Handlers\FileHandler' driver.
WARNING - 2022-01-04 16:22:41 --> Session: Sessions is enabled, and one exists.Please don't $session->start();
CRITICAL - 2022-01-04 16:22:41 --> Undefined index: post_title
#0 /var/www/html/mymisdiagnosis/app/Controllers/Record.php(100): CodeIgniter\Debug\Exceptions->errorHandler(8, 'Undefined index...', '/var/www/html/m...', 100, Array)
#1 /var/www/html/mymisdiagnosis/system/CodeIgniter.php(936): App\Controllers\Record->display('248')
#2 /var/www/html/mymisdiagnosis/system/CodeIgniter.php(432): CodeIgniter\CodeIgniter->runController(Object(App\Controllers\Record))
#3 /var/www/html/mymisdiagnosis/system/CodeIgniter.php(333): CodeIgniter\CodeIgniter->handleRequest(NULL, Object(Config\Cache), false)
#4 /var/www/html/mymisdiagnosis/index.php(44): CodeIgniter\CodeIgniter->run()
#5 {main}
INFO - 2022-01-04 16:23:16 --> Session: Class initialized using 'CodeIgniter\Session\Handlers\FileHandler' driver.
WARNING - 2022-01-04 16:23:16 --> Session: Sessions is enabled, and one exists.Please don't $session->start();
CRITICAL - 2022-01-04 16:23:16 --> Undefined variable: meta_title
#0 /var/www/html/mymisdiagnosis/app/Views/auth_internetics/header_open_with_scripts.php(7): CodeIgniter\Debug\Exceptions->errorHandler(8, 'Undefined varia...', '/var/www/html/m...', 7, Array)
#1 /var/www/html/mymisdiagnosis/system/View/View.php(220): include('/var/www/html/m...')
#2 /var/www/html/mymisdiagnosis/system/View/View.php(222): CodeIgniter\View\View->CodeIgniter\View\{closure}()
#3 /var/www/html/mymisdiagnosis/system/Common.php(1217): CodeIgniter\View\View->render('auth_internetic...', Array, true)
#4 /var/www/html/mymisdiagnosis/app/Controllers/Record.php(116): view('auth_internetic...', Array)
#5 /var/www/html/mymisdiagnosis/system/CodeIgniter.php(936): App\Controllers\Record->display('248')
#6 /var/www/html/mymisdiagnosis/system/CodeIgniter.php(432): CodeIgniter\CodeIgniter->runController(Object(App\Controllers\Record))
#7 /var/www/html/mymisdiagnosis/system/CodeIgniter.php(333): CodeIgniter\CodeIgniter->handleRequest(NULL, Object(Config\Cache), false)
#8 /var/www/html/mymisdiagnosis/index.php(44): CodeIgniter\CodeIgniter->run()
#9 {main}
INFO - 2022-01-04 16:24:16 --> Session: Class initialized using 'CodeIgniter\Session\Handlers\FileHandler' driver.
WARNING - 2022-01-04 16:24:16 --> Session: Sessions is enabled, and one exists.Please don't $session->start();
CRITICAL - 2022-01-04 16:24:16 --> Undefined variable: meta_description
#0 /var/www/html/mymisdiagnosis/app/Views/auth_internetics/header_open_with_scripts.php(67): CodeIgniter\Debug\Exceptions->errorHandler(8, 'Undefined varia...', '/var/www/html/m...', 67, Array)
#1 /var/www/html/mymisdiagnosis/system/View/View.php(220): include('/var/www/html/m...')
#2 /var/www/html/mymisdiagnosis/system/View/View.php(222): CodeIgniter\View\View->CodeIgniter\View\{closure}()
#3 /var/www/html/mymisdiagnosis/system/Common.php(1217): CodeIgniter\View\View->render('auth_internetic...', Array, true)
#4 /var/www/html/mymisdiagnosis/app/Controllers/Record.php(117): view('auth_internetic...', Array)
#5 /var/www/html/mymisdiagnosis/system/CodeIgniter.php(936): App\Controllers\Record->display('248')
#6 /var/www/html/mymisdiagnosis/system/CodeIgniter.php(432): CodeIgniter\CodeIgniter->runController(Object(App\Controllers\Record))
#7 /var/www/html/mymisdiagnosis/system/CodeIgniter.php(333): CodeIgniter\CodeIgniter->handleRequest(NULL, Object(Config\Cache), false)
#8 /var/www/html/mymisdiagnosis/index.php(44): CodeIgniter\CodeIgniter->run()
#9 {main}
INFO - 2022-01-04 16:24:52 --> Session: Class initialized using 'CodeIgniter\Session\Handlers\FileHandler' driver.
WARNING - 2022-01-04 16:24:52 --> Session: Sessions is enabled, and one exists.Please don't $session->start();
CRITICAL - 2022-01-04 16:24:52 --> Undefined index: post_title
#0 /var/www/html/mymisdiagnosis/app/Views/record_individual.php(15): CodeIgniter\Debug\Exceptions->errorHandler(8, 'Undefined index...', '/var/www/html/m...', 15, Array)
#1 /var/www/html/mymisdiagnosis/system/View/View.php(220): include('/var/www/html/m...')
#2 /var/www/html/mymisdiagnosis/system/View/View.php(222): CodeIgniter\View\View->CodeIgniter\View\{closure}()
#3 /var/www/html/mymisdiagnosis/system/Common.php(1217): CodeIgniter\View\View->render('record_individu...', Array, true)
#4 /var/www/html/mymisdiagnosis/app/Controllers/Record.php(121): view('record_individu...', Array)
#5 /var/www/html/mymisdiagnosis/system/CodeIgniter.php(936): App\Controllers\Record->display('248')
#6 /var/www/html/mymisdiagnosis/system/CodeIgniter.php(432): CodeIgniter\CodeIgniter->runController(Object(App\Controllers\Record))
#7 /var/www/html/mymisdiagnosis/system/CodeIgniter.php(333): CodeIgniter\CodeIgniter->handleRequest(NULL, Object(Config\Cache), false)
#8 /var/www/html/mymisdiagnosis/index.php(44): CodeIgniter\CodeIgniter->run()
#9 {main}
INFO - 2022-01-04 16:25:50 --> Session: Class initialized using 'CodeIgniter\Session\Handlers\FileHandler' driver.
WARNING - 2022-01-04 16:25:50 --> Session: Sessions is enabled, and one exists.Please don't $session->start();
CRITICAL - 2022-01-04 16:25:50 --> Undefined index: post_title
#0 /var/www/html/mymisdiagnosis/app/Views/record_individual.php(15): CodeIgniter\Debug\Exceptions->errorHandler(8, 'Undefined index...', '/var/www/html/m...', 15, Array)
#1 /var/www/html/mymisdiagnosis/system/View/View.php(220): include('/var/www/html/m...')
#2 /var/www/html/mymisdiagnosis/system/View/View.php(222): CodeIgniter\View\View->CodeIgniter\View\{closure}()
#3 /var/www/html/mymisdiagnosis/system/Common.php(1217): CodeIgniter\View\View->render('record_individu...', Array, true)
#4 /var/www/html/mymisdiagnosis/app/Controllers/Record.php(122): view('record_individu...', Array)
#5 /var/www/html/mymisdiagnosis/system/CodeIgniter.php(936): App\Controllers\Record->display('248')
#6 /var/www/html/mymisdiagnosis/system/CodeIgniter.php(432): CodeIgniter\CodeIgniter->runController(Object(App\Controllers\Record))
#7 /var/www/html/mymisdiagnosis/system/CodeIgniter.php(333): CodeIgniter\CodeIgniter->handleRequest(NULL, Object(Config\Cache), false)
#8 /var/www/html/mymisdiagnosis/index.php(44): CodeIgniter\CodeIgniter->run()
#9 {main}
INFO - 2022-01-04 16:28:04 --> Session: Class initialized using 'CodeIgniter\Session\Handlers\FileHandler' driver.
WARNING - 2022-01-04 16:28:04 --> Session: Sessions is enabled, and one exists.Please don't $session->start();
CRITICAL - 2022-01-04 16:28:04 --> Undefined index: post_image
#0 /var/www/html/mymisdiagnosis/app/Views/record_individual.php(18): CodeIgniter\Debug\Exceptions->errorHandler(8, 'Undefined index...', '/var/www/html/m...', 18, Array)
#1 /var/www/html/mymisdiagnosis/system/View/View.php(220): include('/var/www/html/m...')
#2 /var/www/html/mymisdiagnosis/system/View/View.php(222): CodeIgniter\View\View->CodeIgniter\View\{closure}()
#3 /var/www/html/mymisdiagnosis/system/Common.php(1217): CodeIgniter\View\View->render('record_individu...', Array, true)
#4 /var/www/html/mymisdiagnosis/app/Controllers/Record.php(122): view('record_individu...', Array)
#5 /var/www/html/mymisdiagnosis/system/CodeIgniter.php(936): App\Controllers\Record->display('248')
#6 /var/www/html/mymisdiagnosis/system/CodeIgniter.php(432): CodeIgniter\CodeIgniter->runController(Object(App\Controllers\Record))
#7 /var/www/html/mymisdiagnosis/system/CodeIgniter.php(333): CodeIgniter\CodeIgniter->handleRequest(NULL, Object(Config\Cache), false)
#8 /var/www/html/mymisdiagnosis/index.php(44): CodeIgniter\CodeIgniter->run()
#9 {main}
INFO - 2022-01-04 16:31:19 --> Session: Class initialized using 'CodeIgniter\Session\Handlers\FileHandler' driver.
WARNING - 2022-01-04 16:31:19 --> Session: Sessions is enabled, and one exists.Please don't $session->start();
CRITICAL - 2022-01-04 16:31:19 --> Undefined index: post_title
#0 /var/www/html/mymisdiagnosis/app/Views/record_individual.php(15): CodeIgniter\Debug\Exceptions->errorHandler(8, 'Undefined index...', '/var/www/html/m...', 15, Array)
#1 /var/www/html/mymisdiagnosis/system/View/View.php(220): include('/var/www/html/m...')
#2 /var/www/html/mymisdiagnosis/system/View/View.php(222): CodeIgniter\View\View->CodeIgniter\View\{closure}()
#3 /var/www/html/mymisdiagnosis/system/Common.php(1217): CodeIgniter\View\View->render('record_individu...', Array, true)
#4 /var/www/html/mymisdiagnosis/app/Controllers/Record.php(122): view('record_individu...', Array)
#5 /var/www/html/mymisdiagnosis/system/CodeIgniter.php(936): App\Controllers\Record->display('248')
#6 /var/www/html/mymisdiagnosis/system/CodeIgniter.php(432): CodeIgniter\CodeIgniter->runController(Object(App\Controllers\Record))
#7 /var/www/html/mymisdiagnosis/system/CodeIgniter.php(333): CodeIgniter\CodeIgniter->handleRequest(NULL, Object(Config\Cache), false)
#8 /var/www/html/mymisdiagnosis/index.php(44): CodeIgniter\CodeIgniter->run()
#9 {main}
INFO - 2022-01-04 16:31:46 --> Session: Class initialized using 'CodeIgniter\Session\Handlers\FileHandler' driver.
WARNING - 2022-01-04 16:31:46 --> Session: Sessions is enabled, and one exists.Please don't $session->start();
CRITICAL - 2022-01-04 16:31:47 --> Undefined index: post_title
#0 /var/www/html/mymisdiagnosis/app/Views/record_individual.php(15): CodeIgniter\Debug\Exceptions->errorHandler(8, 'Undefined index...', '/var/www/html/m...', 15, Array)
#1 /var/www/html/mymisdiagnosis/system/View/View.php(220): include('/var/www/html/m...')
#2 /var/www/html/mymisdiagnosis/system/View/View.php(222): CodeIgniter\View\View->CodeIgniter\View\{closure}()
#3 /var/www/html/mymisdiagnosis/system/Common.php(1217): CodeIgniter\View\View->render('record_individu...', Array, true)
#4 /var/www/html/mymisdiagnosis/app/Controllers/Record.php(122): view('record_individu...', Array)
#5 /var/www/html/mymisdiagnosis/system/CodeIgniter.php(936): App\Controllers\Record->display('248')
#6 /var/www/html/mymisdiagnosis/system/CodeIgniter.php(432): CodeIgniter\CodeIgniter->runController(Object(App\Controllers\Record))
#7 /var/www/html/mymisdiagnosis/system/CodeIgniter.php(333): CodeIgniter\CodeIgniter->handleRequest(NULL, Object(Config\Cache), false)
#8 /var/www/html/mymisdiagnosis/index.php(44): CodeIgniter\CodeIgniter->run()
#9 {main}
INFO - 2022-01-04 16:32:56 --> Session: Class initialized using 'CodeIgniter\Session\Handlers\FileHandler' driver.
WARNING - 2022-01-04 16:32:56 --> Session: Sessions is enabled, and one exists.Please don't $session->start();
CRITICAL - 2022-01-04 16:32:56 --> Undefined index: post_body
#0 /var/www/html/mymisdiagnosis/app/Views/record_individual.php(26): CodeIgniter\Debug\Exceptions->errorHandler(8, 'Undefined index...', '/var/www/html/m...', 26, Array)
#1 /var/www/html/mymisdiagnosis/system/View/View.php(220): include('/var/www/html/m...')
#2 /var/www/html/mymisdiagnosis/system/View/View.php(222): CodeIgniter\View\View->CodeIgniter\View\{closure}()
#3 /var/www/html/mymisdiagnosis/system/Common.php(1217): CodeIgniter\View\View->render('record_individu...', Array, true)
#4 /var/www/html/mymisdiagnosis/app/Controllers/Record.php(122): view('record_individu...', Array)
#5 /var/www/html/mymisdiagnosis/system/CodeIgniter.php(936): App\Controllers\Record->display('248')
#6 /var/www/html/mymisdiagnosis/system/CodeIgniter.php(432): CodeIgniter\CodeIgniter->runController(Object(App\Controllers\Record))
#7 /var/www/html/mymisdiagnosis/system/CodeIgniter.php(333): CodeIgniter\CodeIgniter->handleRequest(NULL, Object(Config\Cache), false)
#8 /var/www/html/mymisdiagnosis/index.php(44): CodeIgniter\CodeIgniter->run()
#9 {main}
INFO - 2022-01-04 16:33:36 --> Session: Class initialized using 'CodeIgniter\Session\Handlers\FileHandler' driver.
WARNING - 2022-01-04 16:33:36 --> Session: Sessions is enabled, and one exists.Please don't $session->start();
CRITICAL - 2022-01-04 16:33:36 --> Undefined index: post_user_id
#0 /var/www/html/mymisdiagnosis/app/Views/record_individual.php(29): CodeIgniter\Debug\Exceptions->errorHandler(8, 'Undefined index...', '/var/www/html/m...', 29, Array)
#1 /var/www/html/mymisdiagnosis/system/View/View.php(220): include('/var/www/html/m...')
#2 /var/www/html/mymisdiagnosis/system/View/View.php(222): CodeIgniter\View\View->CodeIgniter\View\{closure}()
#3 /var/www/html/mymisdiagnosis/system/Common.php(1217): CodeIgniter\View\View->render('record_individu...', Array, true)
#4 /var/www/html/mymisdiagnosis/app/Controllers/Record.php(122): view('record_individu...', Array)
#5 /var/www/html/mymisdiagnosis/system/CodeIgniter.php(936): App\Controllers\Record->display('248')
#6 /var/www/html/mymisdiagnosis/system/CodeIgniter.php(432): CodeIgniter\CodeIgniter->runController(Object(App\Controllers\Record))
#7 /var/www/html/mymisdiagnosis/system/CodeIgniter.php(333): CodeIgniter\CodeIgniter->handleRequest(NULL, Object(Config\Cache), false)
#8 /var/www/html/mymisdiagnosis/index.php(44): CodeIgniter\CodeIgniter->run()
#9 {main}
INFO - 2022-01-04 16:33:53 --> Session: Class initialized using 'CodeIgniter\Session\Handlers\FileHandler' driver.
WARNING - 2022-01-04 16:33:53 --> Session: Sessions is enabled, and one exists.Please don't $session->start();
CRITICAL - 2022-01-04 16:33:53 --> Undefined index: post_id
#0 /var/www/html/mymisdiagnosis/app/Views/record_individual.php(31): CodeIgniter\Debug\Exceptions->errorHandler(8, 'Undefined index...', '/var/www/html/m...', 31, Array)
#1 /var/www/html/mymisdiagnosis/system/View/View.php(220): include('/var/www/html/m...')
#2 /var/www/html/mymisdiagnosis/system/View/View.php(222): CodeIgniter\View\View->CodeIgniter\View\{closure}()
#3 /var/www/html/mymisdiagnosis/system/Common.php(1217): CodeIgniter\View\View->render('record_individu...', Array, true)
#4 /var/www/html/mymisdiagnosis/app/Controllers/Record.php(122): view('record_individu...', Array)
#5 /var/www/html/mymisdiagnosis/system/CodeIgniter.php(936): App\Controllers\Record->display('248')
#6 /var/www/html/mymisdiagnosis/system/CodeIgniter.php(432): CodeIgniter\CodeIgniter->runController(Object(App\Controllers\Record))
#7 /var/www/html/mymisdiagnosis/system/CodeIgniter.php(333): CodeIgniter\CodeIgniter->handleRequest(NULL, Object(Config\Cache), false)
#8 /var/www/html/mymisdiagnosis/index.php(44): CodeIgniter\CodeIgniter->run()
#9 {main}
INFO - 2022-01-04 16:34:09 --> Session: Class initialized using 'CodeIgniter\Session\Handlers\FileHandler' driver.
WARNING - 2022-01-04 16:34:09 --> Session: Sessions is enabled, and one exists.Please don't $session->start();
INFO - 2022-01-04 16:35:49 --> Session: Class initialized using 'CodeIgniter\Session\Handlers\FileHandler' driver.
INFO - 2022-01-04 16:35:55 --> Session: Class initialized using 'CodeIgniter\Session\Handlers\FileHandler' driver.
INFO - 2022-01-04 16:35:57 --> Session: Class initialized using 'CodeIgniter\Session\Handlers\FileHandler' driver.
INFO - 2022-01-04 16:36:22 --> Session: Class initialized using 'CodeIgniter\Session\Handlers\FileHandler' driver.
WARNING - 2022-01-04 16:36:22 --> Session: Sessions is enabled, and one exists.Please don't $session->start();
INFO - 2022-01-04 16:36:26 --> Session: Class initialized using 'CodeIgniter\Session\Handlers\FileHandler' driver.
INFO - 2022-01-04 16:36:47 --> Session: Class initialized using 'CodeIgniter\Session\Handlers\FileHandler' driver.
WARNING - 2022-01-04 16:36:47 --> Session: Sessions is enabled, and one exists.Please don't $session->start();
INFO - 2022-01-04 16:38:35 --> Session: Class initialized using 'CodeIgniter\Session\Handlers\FileHandler' driver.
WARNING - 2022-01-04 16:38:35 --> Session: Sessions is enabled, and one exists.Please don't $session->start();
CRITICAL - 2022-01-04 16:38:35 --> Undefined variable: post_user_id
#0 /var/www/html/mymisdiagnosis/app/Models/RecordModel.php(31): CodeIgniter\Debug\Exceptions->errorHandler(8, 'Undefined varia...', '/var/www/html/m...', 31, Array)
#1 /var/www/html/mymisdiagnosis/app/Controllers/Record.php(58): App\Models\RecordModel->getAllPosts('default', 'news')
#2 /var/www/html/mymisdiagnosis/system/CodeIgniter.php(936): App\Controllers\Record->index('$1')
#3 /var/www/html/mymisdiagnosis/system/CodeIgniter.php(432): CodeIgniter\CodeIgniter->runController(Object(App\Controllers\Record))
#4 /var/www/html/mymisdiagnosis/system/CodeIgniter.php(333): CodeIgniter\CodeIgniter->handleRequest(NULL, Object(Config\Cache), false)
#5 /var/www/html/mymisdiagnosis/index.php(44): CodeIgniter\CodeIgniter->run()
#6 {main}
INFO - 2022-01-04 16:39:10 --> Session: Class initialized using 'CodeIgniter\Session\Handlers\FileHandler' driver.
WARNING - 2022-01-04 16:39:10 --> Session: Sessions is enabled, and one exists.Please don't $session->start();
ERROR - 2022-01-04 16:39:10 --> mysqli_sql_exception: Unknown column 'post_category' in 'where clause' in /var/www/html/mymisdiagnosis/system/Database/MySQLi/Connection.php:314
Stack trace:
#0 /var/www/html/mymisdiagnosis/system/Database/MySQLi/Connection.php(314): mysqli->query('SELECT `data_id...')
#1 /var/www/html/mymisdiagnosis/system/Database/BaseConnection.php(713): CodeIgniter\Database\MySQLi\Connection->execute('SELECT `data_id...')
#2 /var/www/html/mymisdiagnosis/system/Database/BaseConnection.php(641): CodeIgniter\Database\BaseConnection->simpleQuery('SELECT `data_id...')
#3 /var/www/html/mymisdiagnosis/system/Database/BaseBuilder.php(1866): CodeIgniter\Database\BaseConnection->query('SELECT `data_id...', Array, false)
#4 /var/www/html/mymisdiagnosis/app/Models/RecordModel.php(32): CodeIgniter\Database\BaseBuilder->get()
#5 /var/www/html/mymisdiagnosis/app/Controllers/Record.php(58): App\Models\RecordModel->getAllPosts('default', 'news')
#6 /var/www/html/mymisdiagnosis/system/CodeIgniter.php(936): App\Controllers\Record->index('$1')
#7 /var/www/html/mymisdiagnosis/system/CodeIgniter.php(432): CodeIgniter\CodeIgniter->runController(Object(App\Controllers\Record))
#8 /var/www/html/mymisdiagnosis/system/CodeIgniter.php(333): CodeIgniter\CodeIgniter->handleRequest(NULL, Object(Config\Cache), false)
#9 /var/www/html/mymisdiagnosis/index.php(44): CodeIgniter\CodeIgniter->run()
#10 {main}
CRITICAL - 2022-01-04 16:39:10 --> Unknown column 'post_category' in 'where clause'
#0 /var/www/html/mymisdiagnosis/system/Database/MySQLi/Connection.php(314): mysqli->query('SELECT `data_id...')
#1 /var/www/html/mymisdiagnosis/system/Database/BaseConnection.php(713): CodeIgniter\Database\MySQLi\Connection->execute('SELECT `data_id...')
#2 /var/www/html/mymisdiagnosis/system/Database/BaseConnection.php(641): CodeIgniter\Database\BaseConnection->simpleQuery('SELECT `data_id...')
#3 /var/www/html/mymisdiagnosis/system/Database/BaseBuilder.php(1866): CodeIgniter\Database\BaseConnection->query('SELECT `data_id...', Array, false)
#4 /var/www/html/mymisdiagnosis/app/Models/RecordModel.php(32): CodeIgniter\Database\BaseBuilder->get()
#5 /var/www/html/mymisdiagnosis/app/Controllers/Record.php(58): App\Models\RecordModel->getAllPosts('default', 'news')
#6 /var/www/html/mymisdiagnosis/system/CodeIgniter.php(936): App\Controllers\Record->index('$1')
#7 /var/www/html/mymisdiagnosis/system/CodeIgniter.php(432): CodeIgniter\CodeIgniter->runController(Object(App\Controllers\Record))
#8 /var/www/html/mymisdiagnosis/system/CodeIgniter.php(333): CodeIgniter\CodeIgniter->handleRequest(NULL, Object(Config\Cache), false)
#9 /var/www/html/mymisdiagnosis/index.php(44): CodeIgniter\CodeIgniter->run()
#10 {main}
INFO - 2022-01-04 16:39:44 --> Session: Class initialized using 'CodeIgniter\Session\Handlers\FileHandler' driver.
WARNING - 2022-01-04 16:39:44 --> Session: Sessions is enabled, and one exists.Please don't $session->start();
ERROR - 2022-01-04 16:39:44 --> mysqli_sql_exception: Unknown column 'date_of_post' in 'order clause' in /var/www/html/mymisdiagnosis/system/Database/MySQLi/Connection.php:314
Stack trace:
#0 /var/www/html/mymisdiagnosis/system/Database/MySQLi/Connection.php(314): mysqli->query('SELECT `data_id...')
#1 /var/www/html/mymisdiagnosis/system/Database/BaseConnection.php(713): CodeIgniter\Database\MySQLi\Connection->execute('SELECT `data_id...')
#2 /var/www/html/mymisdiagnosis/system/Database/BaseConnection.php(641): CodeIgniter\Database\BaseConnection->simpleQuery('SELECT `data_id...')
#3 /var/www/html/mymisdiagnosis/system/Database/BaseBuilder.php(1866): CodeIgniter\Database\BaseConnection->query('SELECT `data_id...', Array, false)
#4 /var/www/html/mymisdiagnosis/app/Models/RecordModel.php(32): CodeIgniter\Database\BaseBuilder->get()
#5 /var/www/html/mymisdiagnosis/app/Controllers/Record.php(58): App\Models\RecordModel->getAllPosts('default', 'news')
#6 /var/www/html/mymisdiagnosis/system/CodeIgniter.php(936): App\Controllers\Record->index('$1')
#7 /var/www/html/mymisdiagnosis/system/CodeIgniter.php(432): CodeIgniter\CodeIgniter->runController(Object(App\Controllers\Record))
#8 /var/www/html/mymisdiagnosis/system/CodeIgniter.php(333): CodeIgniter\CodeIgniter->handleRequest(NULL, Object(Config\Cache), false)
#9 /var/www/html/mymisdiagnosis/index.php(44): CodeIgniter\CodeIgniter->run()
#10 {main}
CRITICAL - 2022-01-04 16:39:44 --> Unknown column 'date_of_post' in 'order clause'
#0 /var/www/html/mymisdiagnosis/system/Database/MySQLi/Connection.php(314): mysqli->query('SELECT `data_id...')
#1 /var/www/html/mymisdiagnosis/system/Database/BaseConnection.php(713): CodeIgniter\Database\MySQLi\Connection->execute('SELECT `data_id...')
#2 /var/www/html/mymisdiagnosis/system/Database/BaseConnection.php(641): CodeIgniter\Database\BaseConnection->simpleQuery('SELECT `data_id...')
#3 /var/www/html/mymisdiagnosis/system/Database/BaseBuilder.php(1866): CodeIgniter\Database\BaseConnection->query('SELECT `data_id...', Array, false)
#4 /var/www/html/mymisdiagnosis/app/Models/RecordModel.php(32): CodeIgniter\Database\BaseBuilder->get()
#5 /var/www/html/mymisdiagnosis/app/Controllers/Record.php(58): App\Models\RecordModel->getAllPosts('default', 'news')
#6 /var/www/html/mymisdiagnosis/system/CodeIgniter.php(936): App\Controllers\Record->index('$1')
#7 /var/www/html/mymisdiagnosis/system/CodeIgniter.php(432): CodeIgniter\CodeIgniter->runController(Object(App\Controllers\Record))
#8 /var/www/html/mymisdiagnosis/system/CodeIgniter.php(333): CodeIgniter\CodeIgniter->handleRequest(NULL, Object(Config\Cache), false)
#9 /var/www/html/mymisdiagnosis/index.php(44): CodeIgniter\CodeIgniter->run()
#10 {main}
INFO - 2022-01-04 16:41:10 --> Session: Class initialized using 'CodeIgniter\Session\Handlers\FileHandler' driver.
WARNING - 2022-01-04 16:41:10 --> Session: Sessions is enabled, and one exists.Please don't $session->start();
INFO - 2022-01-04 16:41:44 --> Session: Class initialized using 'CodeIgniter\Session\Handlers\FileHandler' driver.
WARNING - 2022-01-04 16:41:44 --> Session: Sessions is enabled, and one exists.Please don't $session->start();
INFO - 2022-01-04 16:45:09 --> Session: Class initialized using 'CodeIgniter\Session\Handlers\FileHandler' driver.
WARNING - 2022-01-04 16:45:09 --> Session: Sessions is enabled, and one exists.Please don't $session->start();
INFO - 2022-01-04 16:47:32 --> Session: Class initialized using 'CodeIgniter\Session\Handlers\FileHandler' driver.
WARNING - 2022-01-04 16:47:32 --> Session: Sessions is enabled, and one exists.Please don't $session->start();
CRITICAL - 2022-01-04 16:47:32 --> Undefined variable: post_user_id
#0 /var/www/html/mymisdiagnosis/app/Models/RecordModel.php(31): CodeIgniter\Debug\Exceptions->errorHandler(8, 'Undefined varia...', '/var/www/html/m...', 31, Array)
#1 /var/www/html/mymisdiagnosis/app/Controllers/Record.php(58): App\Models\RecordModel->getAllPosts('default', 'news')
#2 /var/www/html/mymisdiagnosis/system/CodeIgniter.php(936): App\Controllers\Record->index('$1')
#3 /var/www/html/mymisdiagnosis/system/CodeIgniter.php(432): CodeIgniter\CodeIgniter->runController(Object(App\Controllers\Record))
#4 /var/www/html/mymisdiagnosis/system/CodeIgniter.php(333): CodeIgniter\CodeIgniter->handleRequest(NULL, Object(Config\Cache), false)
#5 /var/www/html/mymisdiagnosis/index.php(44): CodeIgniter\CodeIgniter->run()
#6 {main}
INFO - 2022-01-04 16:47:49 --> Session: Class initialized using 'CodeIgniter\Session\Handlers\FileHandler' driver.
WARNING - 2022-01-04 16:47:49 --> Session: Sessions is enabled, and one exists.Please don't $session->start();
CRITICAL - 2022-01-04 16:47:49 --> Undefined index: data_misdiagnosis
#0 /var/www/html/mymisdiagnosis/app/Views/record_list.php(35): CodeIgniter\Debug\Exceptions->errorHandler(8, 'Undefined index...', '/var/www/html/m...', 35, Array)
#1 /var/www/html/mymisdiagnosis/system/View/View.php(220): include('/var/www/html/m...')
#2 /var/www/html/mymisdiagnosis/system/View/View.php(222): CodeIgniter\View\View->CodeIgniter\View\{closure}()
#3 /var/www/html/mymisdiagnosis/system/Common.php(1217): CodeIgniter\View\View->render('record_list', Array, true)
#4 /var/www/html/mymisdiagnosis/app/Controllers/Record.php(67): view('record_list', Array)
#5 /var/www/html/mymisdiagnosis/system/CodeIgniter.php(936): App\Controllers\Record->index('$1')
#6 /var/www/html/mymisdiagnosis/system/CodeIgniter.php(432): CodeIgniter\CodeIgniter->runController(Object(App\Controllers\Record))
#7 /var/www/html/mymisdiagnosis/system/CodeIgniter.php(333): CodeIgniter\CodeIgniter->handleRequest(NULL, Object(Config\Cache), false)
#8 /var/www/html/mymisdiagnosis/index.php(44): CodeIgniter\CodeIgniter->run()
#9 {main}
INFO - 2022-01-04 16:48:11 --> Session: Class initialized using 'CodeIgniter\Session\Handlers\FileHandler' driver.
WARNING - 2022-01-04 16:48:11 --> Session: Sessions is enabled, and one exists.Please don't $session->start();
CRITICAL - 2022-01-04 16:48:11 --> Undefined index: data_title
#0 /var/www/html/mymisdiagnosis/app/Views/record_list.php(35): CodeIgniter\Debug\Exceptions->errorHandler(8, 'Undefined index...', '/var/www/html/m...', 35, Array)
#1 /var/www/html/mymisdiagnosis/system/View/View.php(220): include('/var/www/html/m...')
#2 /var/www/html/mymisdiagnosis/system/View/View.php(222): CodeIgniter\View\View->CodeIgniter\View\{closure}()
#3 /var/www/html/mymisdiagnosis/system/Common.php(1217): CodeIgniter\View\View->render('record_list', Array, true)
#4 /var/www/html/mymisdiagnosis/app/Controllers/Record.php(67): view('record_list', Array)
#5 /var/www/html/mymisdiagnosis/system/CodeIgniter.php(936): App\Controllers\Record->index('$1')
#6 /var/www/html/mymisdiagnosis/system/CodeIgniter.php(432): CodeIgniter\CodeIgniter->runController(Object(App\Controllers\Record))
#7 /var/www/html/mymisdiagnosis/system/CodeIgniter.php(333): CodeIgniter\CodeIgniter->handleRequest(NULL, Object(Config\Cache), false)
#8 /var/www/html/mymisdiagnosis/index.php(44): CodeIgniter\CodeIgniter->run()
#9 {main}
INFO - 2022-01-04 16:48:28 --> Session: Class initialized using 'CodeIgniter\Session\Handlers\FileHandler' driver.
WARNING - 2022-01-04 16:48:28 --> Session: Sessions is enabled, and one exists.Please don't $session->start();
INFO - 2022-01-04 16:52:07 --> Session: Class initialized using 'CodeIgniter\Session\Handlers\FileHandler' driver.
WARNING - 2022-01-04 16:52:07 --> Session: Sessions is enabled, and one exists.Please don't $session->start();
CRITICAL - 2022-01-04 16:52:07 --> Undefined variable: post_user_id
#0 /var/www/html/mymisdiagnosis/app/Models/RecordModel.php(31): CodeIgniter\Debug\Exceptions->errorHandler(8, 'Undefined varia...', '/var/www/html/m...', 31, Array)
#1 /var/www/html/mymisdiagnosis/app/Controllers/Record.php(58): App\Models\RecordModel->getAllPosts('default', 'news')
#2 /var/www/html/mymisdiagnosis/system/CodeIgniter.php(936): App\Controllers\Record->index('$1')
#3 /var/www/html/mymisdiagnosis/system/CodeIgniter.php(432): CodeIgniter\CodeIgniter->runController(Object(App\Controllers\Record))
#4 /var/www/html/mymisdiagnosis/system/CodeIgniter.php(333): CodeIgniter\CodeIgniter->handleRequest(NULL, Object(Config\Cache), false)
#5 /var/www/html/mymisdiagnosis/index.php(44): CodeIgniter\CodeIgniter->run()
#6 {main}
INFO - 2022-01-04 16:52:52 --> Session: Class initialized using 'CodeIgniter\Session\Handlers\FileHandler' driver.
WARNING - 2022-01-04 16:52:52 --> Session: Sessions is enabled, and one exists.Please don't $session->start();
ERROR - 2022-01-04 16:52:52 --> mysqli_sql_exception: Unknown column 'category' in 'where clause' in /var/www/html/mymisdiagnosis/system/Database/MySQLi/Connection.php:314
Stack trace:
#0 /var/www/html/mymisdiagnosis/system/Database/MySQLi/Connection.php(314): mysqli->query('SELECT `data_id...')
#1 /var/www/html/mymisdiagnosis/system/Database/BaseConnection.php(713): CodeIgniter\Database\MySQLi\Connection->execute('SELECT `data_id...')
#2 /var/www/html/mymisdiagnosis/system/Database/BaseConnection.php(641): CodeIgniter\Database\BaseConnection->simpleQuery('SELECT `data_id...')
#3 /var/www/html/mymisdiagnosis/system/Database/BaseBuilder.php(1866): CodeIgniter\Database\BaseConnection->query('SELECT `data_id...', Array, false)
#4 /var/www/html/mymisdiagnosis/app/Models/RecordModel.php(32): CodeIgniter\Database\BaseBuilder->get()
#5 /var/www/html/mymisdiagnosis/app/Controllers/Record.php(58): App\Models\RecordModel->getAllPosts('default', 'news')
#6 /var/www/html/mymisdiagnosis/system/CodeIgniter.php(936): App\Controllers\Record->index('$1')
#7 /var/www/html/mymisdiagnosis/system/CodeIgniter.php(432): CodeIgniter\CodeIgniter->runController(Object(App\Controllers\Record))
#8 /var/www/html/mymisdiagnosis/system/CodeIgniter.php(333): CodeIgniter\CodeIgniter->handleRequest(NULL, Object(Config\Cache), false)
#9 /var/www/html/mymisdiagnosis/index.php(44): CodeIgniter\CodeIgniter->run()
#10 {main}
CRITICAL - 2022-01-04 16:52:52 --> Unknown column 'category' in 'where clause'
#0 /var/www/html/mymisdiagnosis/system/Database/MySQLi/Connection.php(314): mysqli->query('SELECT `data_id...')
#1 /var/www/html/mymisdiagnosis/system/Database/BaseConnection.php(713): CodeIgniter\Database\MySQLi\Connection->execute('SELECT `data_id...')
#2 /var/www/html/mymisdiagnosis/system/Database/BaseConnection.php(641): CodeIgniter\Database\BaseConnection->simpleQuery('SELECT `data_id...')
#3 /var/www/html/mymisdiagnosis/system/Database/BaseBuilder.php(1866): CodeIgniter\Database\BaseConnection->query('SELECT `data_id...', Array, false)
#4 /var/www/html/mymisdiagnosis/app/Models/RecordModel.php(32): CodeIgniter\Database\BaseBuilder->get()
#5 /var/www/html/mymisdiagnosis/app/Controllers/Record.php(58): App\Models\RecordModel->getAllPosts('default', 'news')
#6 /var/www/html/mymisdiagnosis/system/CodeIgniter.php(936): App\Controllers\Record->index('$1')
#7 /var/www/html/mymisdiagnosis/system/CodeIgniter.php(432): CodeIgniter\CodeIgniter->runController(Object(App\Controllers\Record))
#8 /var/www/html/mymisdiagnosis/system/CodeIgniter.php(333): CodeIgniter\CodeIgniter->handleRequest(NULL, Object(Config\Cache), false)
#9 /var/www/html/mymisdiagnosis/index.php(44): CodeIgniter\CodeIgniter->run()
#10 {main}
INFO - 2022-01-04 16:53:12 --> Session: Class initialized using 'CodeIgniter\Session\Handlers\FileHandler' driver.
WARNING - 2022-01-04 16:53:12 --> Session: Sessions is enabled, and one exists.Please don't $session->start();
INFO - 2022-01-04 16:53:51 --> Session: Class initialized using 'CodeIgniter\Session\Handlers\FileHandler' driver.
WARNING - 2022-01-04 16:53:51 --> Session: Sessions is enabled, and one exists.Please don't $session->start();
INFO - 2022-01-04 16:54:17 --> Session: Class initialized using 'CodeIgniter\Session\Handlers\FileHandler' driver.
WARNING - 2022-01-04 16:54:17 --> Session: Sessions is enabled, and one exists.Please don't $session->start();
INFO - 2022-01-04 16:54:32 --> Session: Class initialized using 'CodeIgniter\Session\Handlers\FileHandler' driver.
WARNING - 2022-01-04 16:54:33 --> Session: Sessions is enabled, and one exists.Please don't $session->start();
INFO - 2022-01-04 16:57:02 --> Session: Class initialized using 'CodeIgniter\Session\Handlers\FileHandler' driver.
WARNING - 2022-01-04 16:57:02 --> Session: Sessions is enabled, and one exists.Please don't $session->start();
INFO - 2022-01-04 16:58:05 --> Session: Class initialized using 'CodeIgniter\Session\Handlers\FileHandler' driver.
WARNING - 2022-01-04 16:58:05 --> Session: Sessions is enabled, and one exists.Please don't $session->start();
INFO - 2022-01-04 16:58:23 --> Session: Class initialized using 'CodeIgniter\Session\Handlers\FileHandler' driver.
WARNING - 2022-01-04 16:58:23 --> Session: Sessions is enabled, and one exists.Please don't $session->start();
CRITICAL - 2022-01-04 16:58:23 --> Too few arguments to function App\Models\RecordModel::getAllPosts(), 0 passed in /var/www/html/mymisdiagnosis/app/Controllers/Record.php on line 58 and exactly 2 expected
#0 /var/www/html/mymisdiagnosis/app/Controllers/Record.php(58): App\Models\RecordModel->getAllPosts()
#1 /var/www/html/mymisdiagnosis/system/CodeIgniter.php(936): App\Controllers\Record->index('$1')
#2 /var/www/html/mymisdiagnosis/system/CodeIgniter.php(432): CodeIgniter\CodeIgniter->runController(Object(App\Controllers\Record))
#3 /var/www/html/mymisdiagnosis/system/CodeIgniter.php(333): CodeIgniter\CodeIgniter->handleRequest(NULL, Object(Config\Cache), false)
#4 /var/www/html/mymisdiagnosis/index.php(44): CodeIgniter\CodeIgniter->run()
#5 {main}
INFO - 2022-01-04 16:58:52 --> Session: Class initialized using 'CodeIgniter\Session\Handlers\FileHandler' driver.
WARNING - 2022-01-04 16:58:52 --> Session: Sessions is enabled, and one exists.Please don't $session->start();
CRITICAL - 2022-01-04 16:58:53 --> Undefined index: post_thumb
#0 /var/www/html/mymisdiagnosis/app/Views/record_list.php(32): CodeIgniter\Debug\Exceptions->errorHandler(8, 'Undefined index...', '/var/www/html/m...', 32, Array)
#1 /var/www/html/mymisdiagnosis/system/View/View.php(220): include('/var/www/html/m...')
#2 /var/www/html/mymisdiagnosis/system/View/View.php(222): CodeIgniter\View\View->CodeIgniter\View\{closure}()
#3 /var/www/html/mymisdiagnosis/system/Common.php(1217): CodeIgniter\View\View->render('record_list', Array, true)
#4 /var/www/html/mymisdiagnosis/app/Controllers/Record.php(67): view('record_list', Array)
#5 /var/www/html/mymisdiagnosis/system/CodeIgniter.php(936): App\Controllers\Record->index('$1')
#6 /var/www/html/mymisdiagnosis/system/CodeIgniter.php(432): CodeIgniter\CodeIgniter->runController(Object(App\Controllers\Record))
#7 /var/www/html/mymisdiagnosis/system/CodeIgniter.php(333): CodeIgniter\CodeIgniter->handleRequest(NULL, Object(Config\Cache), false)
#8 /var/www/html/mymisdiagnosis/index.php(44): CodeIgniter\CodeIgniter->run()
#9 {main}
INFO - 2022-01-04 16:59:49 --> Session: Class initialized using 'CodeIgniter\Session\Handlers\FileHandler' driver.
WARNING - 2022-01-04 16:59:49 --> Session: Sessions is enabled, and one exists.Please don't $session->start();
CRITICAL - 2022-01-04 16:59:49 --> Undefined index: data_thumb
#0 /var/www/html/mymisdiagnosis/app/Views/record_list.php(32): CodeIgniter\Debug\Exceptions->errorHandler(8, 'Undefined index...', '/var/www/html/m...', 32, Array)
#1 /var/www/html/mymisdiagnosis/system/View/View.php(220): include('/var/www/html/m...')
#2 /var/www/html/mymisdiagnosis/system/View/View.php(222): CodeIgniter\View\View->CodeIgniter\View\{closure}()
#3 /var/www/html/mymisdiagnosis/system/Common.php(1217): CodeIgniter\View\View->render('record_list', Array, true)
#4 /var/www/html/mymisdiagnosis/app/Controllers/Record.php(67): view('record_list', Array)
#5 /var/www/html/mymisdiagnosis/system/CodeIgniter.php(936): App\Controllers\Record->index('$1')
#6 /var/www/html/mymisdiagnosis/system/CodeIgniter.php(432): CodeIgniter\CodeIgniter->runController(Object(App\Controllers\Record))
#7 /var/www/html/mymisdiagnosis/system/CodeIgniter.php(333): CodeIgniter\CodeIgniter->handleRequest(NULL, Object(Config\Cache), false)
#8 /var/www/html/mymisdiagnosis/index.php(44): CodeIgniter\CodeIgniter->run()
#9 {main}
INFO - 2022-01-04 17:00:24 --> Session: Class initialized using 'CodeIgniter\Session\Handlers\FileHandler' driver.
WARNING - 2022-01-04 17:00:25 --> Session: Sessions is enabled, and one exists.Please don't $session->start();
CRITICAL - 2022-01-04 17:00:26 --> Undefined index: data_thumb
#0 /var/www/html/mymisdiagnosis/app/Views/record_list.php(32): CodeIgniter\Debug\Exceptions->errorHandler(8, 'Undefined index...', '/var/www/html/m...', 32, Array)
#1 /var/www/html/mymisdiagnosis/system/View/View.php(220): include('/var/www/html/m...')
#2 /var/www/html/mymisdiagnosis/system/View/View.php(222): CodeIgniter\View\View->CodeIgniter\View\{closure}()
#3 /var/www/html/mymisdiagnosis/system/Common.php(1217): CodeIgniter\View\View->render('record_list', Array, true)
#4 /var/www/html/mymisdiagnosis/app/Controllers/Record.php(67): view('record_list', Array)
#5 /var/www/html/mymisdiagnosis/system/CodeIgniter.php(936): App\Controllers\Record->index('$1')
#6 /var/www/html/mymisdiagnosis/system/CodeIgniter.php(432): CodeIgniter\CodeIgniter->runController(Object(App\Controllers\Record))
#7 /var/www/html/mymisdiagnosis/system/CodeIgniter.php(333): CodeIgniter\CodeIgniter->handleRequest(NULL, Object(Config\Cache), false)
#8 /var/www/html/mymisdiagnosis/index.php(44): CodeIgniter\CodeIgniter->run()
#9 {main}
INFO - 2022-01-04 17:02:14 --> Session: Class initialized using 'CodeIgniter\Session\Handlers\FileHandler' driver.
WARNING - 2022-01-04 17:02:14 --> Session: Sessions is enabled, and one exists.Please don't $session->start();
CRITICAL - 2022-01-04 17:02:14 --> Undefined index: data+id
#0 /var/www/html/mymisdiagnosis/app/Views/record_list.php(35): CodeIgniter\Debug\Exceptions->errorHandler(8, 'Undefined index...', '/var/www/html/m...', 35, Array)
#1 /var/www/html/mymisdiagnosis/system/View/View.php(220): include('/var/www/html/m...')
#2 /var/www/html/mymisdiagnosis/system/View/View.php(222): CodeIgniter\View\View->CodeIgniter\View\{closure}()
#3 /var/www/html/mymisdiagnosis/system/Common.php(1217): CodeIgniter\View\View->render('record_list', Array, true)
#4 /var/www/html/mymisdiagnosis/app/Controllers/Record.php(67): view('record_list', Array)
#5 /var/www/html/mymisdiagnosis/system/CodeIgniter.php(936): App\Controllers\Record->index('$1')
#6 /var/www/html/mymisdiagnosis/system/CodeIgniter.php(432): CodeIgniter\CodeIgniter->runController(Object(App\Controllers\Record))
#7 /var/www/html/mymisdiagnosis/system/CodeIgniter.php(333): CodeIgniter\CodeIgniter->handleRequest(NULL, Object(Config\Cache), false)
#8 /var/www/html/mymisdiagnosis/index.php(44): CodeIgniter\CodeIgniter->run()
#9 {main}
INFO - 2022-01-04 17:02:44 --> Session: Class initialized using 'CodeIgniter\Session\Handlers\FileHandler' driver.
WARNING - 2022-01-04 17:02:44 --> Session: Sessions is enabled, and one exists.Please don't $session->start();
CRITICAL - 2022-01-04 17:02:44 --> Undefined index: post_snippet
#0 /var/www/html/mymisdiagnosis/app/Views/record_list.php(43): CodeIgniter\Debug\Exceptions->errorHandler(8, 'Undefined index...', '/var/www/html/m...', 43, Array)
#1 /var/www/html/mymisdiagnosis/system/View/View.php(220): include('/var/www/html/m...')
#2 /var/www/html/mymisdiagnosis/system/View/View.php(222): CodeIgniter\View\View->CodeIgniter\View\{closure}()
#3 /var/www/html/mymisdiagnosis/system/Common.php(1217): CodeIgniter\View\View->render('record_list', Array, true)
#4 /var/www/html/mymisdiagnosis/app/Controllers/Record.php(67): view('record_list', Array)
#5 /var/www/html/mymisdiagnosis/system/CodeIgniter.php(936): App\Controllers\Record->index('$1')
#6 /var/www/html/mymisdiagnosis/system/CodeIgniter.php(432): CodeIgniter\CodeIgniter->runController(Object(App\Controllers\Record))
#7 /var/www/html/mymisdiagnosis/system/CodeIgniter.php(333): CodeIgniter\CodeIgniter->handleRequest(NULL, Object(Config\Cache), false)
#8 /var/www/html/mymisdiagnosis/index.php(44): CodeIgniter\CodeIgniter->run()
#9 {main}
INFO - 2022-01-04 17:03:24 --> Session: Class initialized using 'CodeIgniter\Session\Handlers\FileHandler' driver.
WARNING - 2022-01-04 17:03:24 --> Session: Sessions is enabled, and one exists.Please don't $session->start();
INFO - 2022-01-04 17:03:32 --> Session: Class initialized using 'CodeIgniter\Session\Handlers\FileHandler' driver.
WARNING - 2022-01-04 17:03:32 --> Session: Sessions is enabled, and one exists.Please don't $session->start();
INFO - 2022-01-04 17:03:38 --> Session: Class initialized using 'CodeIgniter\Session\Handlers\FileHandler' driver.
WARNING - 2022-01-04 17:03:38 --> Session: Sessions is enabled, and one exists.Please don't $session->start();
INFO - 2022-01-04 17:04:22 --> Session: Class initialized using 'CodeIgniter\Session\Handlers\FileHandler' driver.
WARNING - 2022-01-04 17:04:22 --> Session: Sessions is enabled, and one exists.Please don't $session->start();
INFO - 2022-01-04 17:04:31 --> Session: Class initialized using 'CodeIgniter\Session\Handlers\FileHandler' driver.
WARNING - 2022-01-04 17:04:31 --> Session: Sessions is enabled, and one exists.Please don't $session->start();
INFO - 2022-01-04 17:04:35 --> Session: Class initialized using 'CodeIgniter\Session\Handlers\FileHandler' driver.
WARNING - 2022-01-04 17:04:35 --> Session: Sessions is enabled, and one exists.Please don't $session->start();
INFO - 2022-01-04 17:11:55 --> Session: Class initialized using 'CodeIgniter\Session\Handlers\FileHandler' driver.
INFO - 2022-01-04 17:12:04 --> Session: Class initialized using 'CodeIgniter\Session\Handlers\FileHandler' driver.
INFO - 2022-01-04 17:12:11 --> Session: Class initialized using 'CodeIgniter\Session\Handlers\FileHandler' driver.
INFO - 2022-01-04 17:12:11 --> Session: Class initialized using 'CodeIgniter\Session\Handlers\FileHandler' driver.
INFO - 2022-01-04 17:12:15 --> Session: Class initialized using 'CodeIgniter\Session\Handlers\FileHandler' driver.
INFO - 2022-01-04 17:13:43 --> Session: Class initialized using 'CodeIgniter\Session\Handlers\FileHandler' driver.
INFO - 2022-01-04 17:13:45 --> Session: Class initialized using 'CodeIgniter\Session\Handlers\FileHandler' driver.
INFO - 2022-01-04 17:13:48 --> Session: Class initialized using 'CodeIgniter\Session\Handlers\FileHandler' driver.
INFO - 2022-01-04 17:16:30 --> Session: Class initialized using 'CodeIgniter\Session\Handlers\FileHandler' driver.
INFO - 2022-01-04 17:16:32 --> Session: Class initialized using 'CodeIgniter\Session\Handlers\FileHandler' driver.
INFO - 2022-01-04 17:16:35 --> Session: Class initialized using 'CodeIgniter\Session\Handlers\FileHandler' driver.
INFO - 2022-01-04 17:16:42 --> Session: Class initialized using 'CodeIgniter\Session\Handlers\FileHandler' driver.
INFO - 2022-01-04 17:16:50 --> Session: Class initialized using 'CodeIgniter\Session\Handlers\FileHandler' driver.
INFO - 2022-01-04 17:16:50 --> Session: Class initialized using 'CodeIgniter\Session\Handlers\FileHandler' driver.
INFO - 2022-01-04 17:16:53 --> Session: Class initialized using 'CodeIgniter\Session\Handlers\FileHandler' driver.
INFO - 2022-01-04 17:17:17 --> Session: Class initialized using 'CodeIgniter\Session\Handlers\FileHandler' driver.
WARNING - 2022-01-04 17:17:17 --> Session: Sessions is enabled, and one exists.Please don't $session->start();
CRITICAL - 2022-01-04 17:17:17 --> Undefined variable: meta_title
#0 /var/www/html/mymisdiagnosis/app/Views/auth_internetics/header_open_with_scripts.php(7): CodeIgniter\Debug\Exceptions->errorHandler(8, 'Undefined varia...', '/var/www/html/m...', 7, Array)
#1 /var/www/html/mymisdiagnosis/system/View/View.php(220): include('/var/www/html/m...')
#2 /var/www/html/mymisdiagnosis/system/View/View.php(222): CodeIgniter\View\View->CodeIgniter\View\{closure}()
#3 /var/www/html/mymisdiagnosis/system/Common.php(1217): CodeIgniter\View\View->render('auth_internetic...', Array, true)
#4 /var/www/html/mymisdiagnosis/app/Controllers/Post.php(116): view('auth_internetic...', Array)
#5 /var/www/html/mymisdiagnosis/system/CodeIgniter.php(936): App\Controllers\Post->display('123')
#6 /var/www/html/mymisdiagnosis/system/CodeIgniter.php(432): CodeIgniter\CodeIgniter->runController(Object(App\Controllers\Post))
#7 /var/www/html/mymisdiagnosis/system/CodeIgniter.php(333): CodeIgniter\CodeIgniter->handleRequest(NULL, Object(Config\Cache), false)
#8 /var/www/html/mymisdiagnosis/index.php(44): CodeIgniter\CodeIgniter->run()
#9 {main}
INFO - 2022-01-04 17:17:26 --> Session: Class initialized using 'CodeIgniter\Session\Handlers\FileHandler' driver.
WARNING - 2022-01-04 17:17:26 --> Session: Sessions is enabled, and one exists.Please don't $session->start();
INFO - 2022-01-04 17:17:32 --> Session: Class initialized using 'CodeIgniter\Session\Handlers\FileHandler' driver.
WARNING - 2022-01-04 17:17:32 --> Session: Sessions is enabled, and one exists.Please don't $session->start();
INFO - 2022-01-04 17:17:40 --> Session: Class initialized using 'CodeIgniter\Session\Handlers\FileHandler' driver.
WARNING - 2022-01-04 17:17:40 --> Session: Sessions is enabled, and one exists.Please don't $session->start();
INFO - 2022-01-04 17:20:27 --> Session: Class initialized using 'CodeIgniter\Session\Handlers\FileHandler' driver.
INFO - 2022-01-04 17:20:34 --> Session: Class initialized using 'CodeIgniter\Session\Handlers\FileHandler' driver.
INFO - 2022-01-04 17:20:41 --> Session: Class initialized using 'CodeIgniter\Session\Handlers\FileHandler' driver.
INFO - 2022-01-04 17:20:43 --> Session: Class initialized using 'CodeIgniter\Session\Handlers\FileHandler' driver.
INFO - 2022-01-04 17:20:46 --> Session: Class initialized using 'CodeIgniter\Session\Handlers\FileHandler' driver.
INFO - 2022-01-04 17:21:11 --> Session: Class initialized using 'CodeIgniter\Session\Handlers\FileHandler' driver.
INFO - 2022-01-04 17:21:59 --> Session: Class initialized using 'CodeIgniter\Session\Handlers\FileHandler' driver.
INFO - 2022-01-04 17:22:14 --> Session: Class initialized using 'CodeIgniter\Session\Handlers\FileHandler' driver.
INFO - 2022-01-04 17:22:14 --> Session: Class initialized using 'CodeIgniter\Session\Handlers\FileHandler' driver.
INFO - 2022-01-04 17:22:16 --> Session: Class initialized using 'CodeIgniter\Session\Handlers\FileHandler' driver.
INFO - 2022-01-04 17:22:28 --> Session: Class initialized using 'CodeIgniter\Session\Handlers\FileHandler' driver.
INFO - 2022-01-04 17:23:22 --> Session: Class initialized using 'CodeIgniter\Session\Handlers\FileHandler' driver.
INFO - 2022-01-04 17:23:22 --> Session: Class initialized using 'CodeIgniter\Session\Handlers\FileHandler' driver.
INFO - 2022-01-04 17:23:24 --> Session: Class initialized using 'CodeIgniter\Session\Handlers\FileHandler' driver.
INFO - 2022-01-04 17:23:30 --> Session: Class initialized using 'CodeIgniter\Session\Handlers\FileHandler' driver.
INFO - 2022-01-04 17:23:36 --> Session: Class initialized using 'CodeIgniter\Session\Handlers\FileHandler' driver.
INFO - 2022-01-04 17:23:38 --> Session: Class initialized using 'CodeIgniter\Session\Handlers\FileHandler' driver.
INFO - 2022-01-04 17:23:50 --> Session: Class initialized using 'CodeIgniter\Session\Handlers\FileHandler' driver.
INFO - 2022-01-04 17:23:50 --> Session: Class initialized using 'CodeIgniter\Session\Handlers\FileHandler' driver.
INFO - 2022-01-04 17:23:53 --> Session: Class initialized using 'CodeIgniter\Session\Handlers\FileHandler' driver.
INFO - 2022-01-04 17:24:15 --> Session: Class initialized using 'CodeIgniter\Session\Handlers\FileHandler' driver.
INFO - 2022-01-04 17:24:32 --> Session: Class initialized using 'CodeIgniter\Session\Handlers\FileHandler' driver.
INFO - 2022-01-04 17:24:32 --> Session: Class initialized using 'CodeIgniter\Session\Handlers\FileHandler' driver.
INFO - 2022-01-04 17:24:34 --> Session: Class initialized using 'CodeIgniter\Session\Handlers\FileHandler' driver.
INFO - 2022-01-04 17:24:45 --> Session: Class initialized using 'CodeIgniter\Session\Handlers\FileHandler' driver.
INFO - 2022-01-04 17:26:13 --> Session: Class initialized using 'CodeIgniter\Session\Handlers\FileHandler' driver.
WARNING - 2022-01-04 17:26:13 --> Session: Sessions is enabled, and one exists.Please don't $session->start();
ERROR - 2022-01-04 17:26:13 --> mysqli_sql_exception: Unknown column 'data_id' in 'field list' in /var/www/html/mymisdiagnosis/system/Database/MySQLi/Connection.php:314
Stack trace:
#0 /var/www/html/mymisdiagnosis/system/Database/MySQLi/Connection.php(314): mysqli->query('SELECT `data_id...')
#1 /var/www/html/mymisdiagnosis/system/Database/BaseConnection.php(713): CodeIgniter\Database\MySQLi\Connection->execute('SELECT `data_id...')
#2 /var/www/html/mymisdiagnosis/system/Database/BaseConnection.php(641): CodeIgniter\Database\BaseConnection->simpleQuery('SELECT `data_id...')
#3 /var/www/html/mymisdiagnosis/system/Database/BaseBuilder.php(1866): CodeIgniter\Database\BaseConnection->query('SELECT `data_id...', Array, false)
#4 /var/www/html/mymisdiagnosis/app/Models/RecordModel.php(32): CodeIgniter\Database\BaseBuilder->get()
#5 /var/www/html/mymisdiagnosis/app/Controllers/Record.php(58): App\Models\RecordModel->getAllPosts('default', '')
#6 /var/www/html/mymisdiagnosis/system/CodeIgniter.php(936): App\Controllers\Record->index('$1')
#7 /var/www/html/mymisdiagnosis/system/CodeIgniter.php(432): CodeIgniter\CodeIgniter->runController(Object(App\Controllers\Record))
#8 /var/www/html/mymisdiagnosis/system/CodeIgniter.php(333): CodeIgniter\CodeIgniter->handleRequest(NULL, Object(Config\Cache), false)
#9 /var/www/html/mymisdiagnosis/index.php(44): CodeIgniter\CodeIgniter->run()
#10 {main}
CRITICAL - 2022-01-04 17:26:13 --> Unknown column 'data_id' in 'field list'
#0 /var/www/html/mymisdiagnosis/system/Database/MySQLi/Connection.php(314): mysqli->query('SELECT `data_id...')
#1 /var/www/html/mymisdiagnosis/system/Database/BaseConnection.php(713): CodeIgniter\Database\MySQLi\Connection->execute('SELECT `data_id...')
#2 /var/www/html/mymisdiagnosis/system/Database/BaseConnection.php(641): CodeIgniter\Database\BaseConnection->simpleQuery('SELECT `data_id...')
#3 /var/www/html/mymisdiagnosis/system/Database/BaseBuilder.php(1866): CodeIgniter\Database\BaseConnection->query('SELECT `data_id...', Array, false)
#4 /var/www/html/mymisdiagnosis/app/Models/RecordModel.php(32): CodeIgniter\Database\BaseBuilder->get()
#5 /var/www/html/mymisdiagnosis/app/Controllers/Record.php(58): App\Models\RecordModel->getAllPosts('default', '')
#6 /var/www/html/mymisdiagnosis/system/CodeIgniter.php(936): App\Controllers\Record->index('$1')
#7 /var/www/html/mymisdiagnosis/system/CodeIgniter.php(432): CodeIgniter\CodeIgniter->runController(Object(App\Controllers\Record))
#8 /var/www/html/mymisdiagnosis/system/CodeIgniter.php(333): CodeIgniter\CodeIgniter->handleRequest(NULL, Object(Config\Cache), false)
#9 /var/www/html/mymisdiagnosis/index.php(44): CodeIgniter\CodeIgniter->run()
#10 {main}
INFO - 2022-01-04 17:28:07 --> Session: Class initialized using 'CodeIgniter\Session\Handlers\FileHandler' driver.
WARNING - 2022-01-04 17:28:07 --> Session: Sessions is enabled, and one exists.Please don't $session->start();
INFO - 2022-01-04 17:28:13 --> Session: Class initialized using 'CodeIgniter\Session\Handlers\FileHandler' driver.
WARNING - 2022-01-04 17:28:14 --> Session: Sessions is enabled, and one exists.Please don't $session->start();
INFO - 2022-01-04 17:35:48 --> Session: Class initialized using 'CodeIgniter\Session\Handlers\FileHandler' driver.
WARNING - 2022-01-04 17:35:48 --> Session: Sessions is enabled, and one exists.Please don't $session->start();
INFO - 2022-01-04 17:35:50 --> Session: Class initialized using 'CodeIgniter\Session\Handlers\FileHandler' driver.
INFO - 2022-01-04 17:36:36 --> Session: Class initialized using 'CodeIgniter\Session\Handlers\FileHandler' driver.
WARNING - 2022-01-04 17:36:36 --> Session: Sessions is enabled, and one exists.Please don't $session->start();
INFO - 2022-01-04 17:37:01 --> Session: Class initialized using 'CodeIgniter\Session\Handlers\FileHandler' driver.
INFO - 2022-01-04 17:37:10 --> Session: Class initialized using 'CodeIgniter\Session\Handlers\FileHandler' driver.
WARNING - 2022-01-04 17:37:10 --> Session: Sessions is enabled, and one exists.Please don't $session->start();
INFO - 2022-01-04 17:39:59 --> Session: Class initialized using 'CodeIgniter\Session\Handlers\FileHandler' driver.
WARNING - 2022-01-04 17:39:59 --> Session: Sessions is enabled, and one exists.Please don't $session->start();
INFO - 2022-01-04 17:40:20 --> Session: Class initialized using 'CodeIgniter\Session\Handlers\FileHandler' driver.
WARNING - 2022-01-04 17:40:20 --> Session: Sessions is enabled, and one exists.Please don't $session->start();
INFO - 2022-01-04 17:40:26 --> Session: Class initialized using 'CodeIgniter\Session\Handlers\FileHandler' driver.
INFO - 2022-01-04 17:59:22 --> Session: Class initialized using 'CodeIgniter\Session\Handlers\FileHandler' driver.
WARNING - 2022-01-04 17:59:22 --> Session: Sessions is enabled, and one exists.Please don't $session->start();
INFO - 2022-01-04 17:59:26 --> Session: Class initialized using 'CodeIgniter\Session\Handlers\FileHandler' driver.
INFO - 2022-01-04 17:59:26 --> Session: Class initialized using 'CodeIgniter\Session\Handlers\FileHandler' driver.
INFO - 2022-01-04 17:59:28 --> Session: Class initialized using 'CodeIgniter\Session\Handlers\FileHandler' driver.
WARNING - 2022-01-04 17:59:28 --> Session: Sessions is enabled, and one exists.Please don't $session->start();
INFO - 2022-01-04 17:59:32 --> Session: Class initialized using 'CodeIgniter\Session\Handlers\FileHandler' driver.
INFO - 2022-01-04 17:59:37 --> Session: Class initialized using 'CodeIgniter\Session\Handlers\FileHandler' driver.
INFO - 2022-01-04 17:59:39 --> Session: Class initialized using 'CodeIgniter\Session\Handlers\FileHandler' driver.
INFO - 2022-01-04 17:59:44 --> Session: Class initialized using 'CodeIgniter\Session\Handlers\FileHandler' driver.
WARNING - 2022-01-04 17:59:44 --> Session: Sessions is enabled, and one exists.Please don't $session->start();
INFO - 2022-01-04 18:00:08 --> Session: Class initialized using 'CodeIgniter\Session\Handlers\FileHandler' driver.
WARNING - 2022-01-04 18:00:08 --> Session: Sessions is enabled, and one exists.Please don't $session->start();
INFO - 2022-01-04 18:00:59 --> Session: Class initialized using 'CodeIgniter\Session\Handlers\FileHandler' driver.
WARNING - 2022-01-04 18:00:59 --> Session: Sessions is enabled, and one exists.Please don't $session->start();
INFO - 2022-01-04 18:01:13 --> Session: Class initialized using 'CodeIgniter\Session\Handlers\FileHandler' driver.
INFO - 2022-01-04 18:01:13 --> Session: Class initialized using 'CodeIgniter\Session\Handlers\FileHandler' driver.
INFO - 2022-01-04 18:01:21 --> Session: Class initialized using 'CodeIgniter\Session\Handlers\FileHandler' driver.
INFO - 2022-01-04 18:01:21 --> Session: Class initialized using 'CodeIgniter\Session\Handlers\FileHandler' driver.
INFO - 2022-01-04 18:01:27 --> Session: Class initialized using 'CodeIgniter\Session\Handlers\FileHandler' driver.
WARNING - 2022-01-04 18:01:27 --> Session: Sessions is enabled, and one exists.Please don't $session->start();
INFO - 2022-01-04 18:01:30 --> Session: Class initialized using 'CodeIgniter\Session\Handlers\FileHandler' driver.
INFO - 2022-01-04 18:01:31 --> Session: Class initialized using 'CodeIgniter\Session\Handlers\FileHandler' driver.
INFO - 2022-01-04 18:01:43 --> Session: Class initialized using 'CodeIgniter\Session\Handlers\FileHandler' driver.
INFO - 2022-01-04 18:01:43 --> Session: Class initialized using 'CodeIgniter\Session\Handlers\FileHandler' driver.
INFO - 2022-01-04 18:01:46 --> Session: Class initialized using 'CodeIgniter\Session\Handlers\FileHandler' driver.
WARNING - 2022-01-04 18:01:46 --> Session: Sessions is enabled, and one exists.Please don't $session->start();
INFO - 2022-01-04 22:29:28 --> Session: Class initialized using 'CodeIgniter\Session\Handlers\FileHandler' driver.
INFO - 2022-01-04 22:29:31 --> Session: Class initialized using 'CodeIgniter\Session\Handlers\FileHandler' driver.
WARNING - 2022-01-04 22:29:31 --> Session: Sessions is enabled, and one exists.Please don't $session->start();
INFO - 2022-01-04 22:30:15 --> Session: Class initialized using 'CodeIgniter\Session\Handlers\FileHandler' driver.
WARNING - 2022-01-04 22:30:15 --> Session: Sessions is enabled, and one exists.Please don't $session->start();
INFO - 2022-01-04 22:30:48 --> Session: Class initialized using 'CodeIgniter\Session\Handlers\FileHandler' driver.
WARNING - 2022-01-04 22:30:48 --> Session: Sessions is enabled, and one exists.Please don't $session->start();
INFO - 2022-01-04 22:32:14 --> Session: Class initialized using 'CodeIgniter\Session\Handlers\FileHandler' driver.
WARNING - 2022-01-04 22:32:14 --> Session: Sessions is enabled, and one exists.Please don't $session->start();
INFO - 2022-01-04 22:33:48 --> Session: Class initialized using 'CodeIgniter\Session\Handlers\FileHandler' driver.
WARNING - 2022-01-04 22:33:48 --> Session: Sessions is enabled, and one exists.Please don't $session->start();
INFO - 2022-01-04 22:35:02 --> Session: Class initialized using 'CodeIgniter\Session\Handlers\FileHandler' driver.
WARNING - 2022-01-04 22:35:02 --> Session: Sessions is enabled, and one exists.Please don't $session->start();
INFO - 2022-01-04 22:35:39 --> Session: Class initialized using 'CodeIgniter\Session\Handlers\FileHandler' driver.
WARNING - 2022-01-04 22:35:39 --> Session: Sessions is enabled, and one exists.Please don't $session->start();
INFO - 2022-01-04 22:38:01 --> Session: Class initialized using 'CodeIgniter\Session\Handlers\FileHandler' driver.
WARNING - 2022-01-04 22:38:01 --> Session: Sessions is enabled, and one exists.Please don't $session->start();
INFO - 2022-01-04 22:38:54 --> Session: Class initialized using 'CodeIgniter\Session\Handlers\FileHandler' driver.
WARNING - 2022-01-04 22:38:54 --> Session: Sessions is enabled, and one exists.Please don't $session->start();
INFO - 2022-01-04 22:42:34 --> Session: Class initialized using 'CodeIgniter\Session\Handlers\FileHandler' driver.
WARNING - 2022-01-04 22:42:34 --> Session: Sessions is enabled, and one exists.Please don't $session->start();
INFO - 2022-01-04 22:43:12 --> Session: Class initialized using 'CodeIgniter\Session\Handlers\FileHandler' driver.
WARNING - 2022-01-04 22:43:12 --> Session: Sessions is enabled, and one exists.Please don't $session->start();
INFO - 2022-01-04 22:44:38 --> Session: Class initialized using 'CodeIgniter\Session\Handlers\FileHandler' driver.
WARNING - 2022-01-04 22:44:38 --> Session: Sessions is enabled, and one exists.Please don't $session->start();
CRITICAL - 2022-01-04 22:45:49 --> Argument 2 passed to CodeIgniter\Database\BaseBuilder::like() must be of the type string, null given, called in /var/www/html/mymisdiagnosis/app/Controllers/Home.php on line 69
#0 /var/www/html/mymisdiagnosis/app/Controllers/Home.php(69): CodeIgniter\Database\BaseBuilder->like('record_misdiagn...', NULL)
#1 /var/www/html/mymisdiagnosis/system/CodeIgniter.php(936): App\Controllers\Home->getTerm()
#2 /var/www/html/mymisdiagnosis/system/CodeIgniter.php(432): CodeIgniter\CodeIgniter->runController(Object(App\Controllers\Home))
#3 /var/www/html/mymisdiagnosis/system/CodeIgniter.php(333): CodeIgniter\CodeIgniter->handleRequest(NULL, Object(Config\Cache), false)
#4 /var/www/html/mymisdiagnosis/index.php(44): CodeIgniter\CodeIgniter->run()
#5 {main}
CRITICAL - 2022-01-04 22:46:00 --> Argument 2 passed to CodeIgniter\Database\BaseBuilder::like() must be of the type string, null given, called in /var/www/html/mymisdiagnosis/app/Controllers/Home.php on line 69
#0 /var/www/html/mymisdiagnosis/app/Controllers/Home.php(69): CodeIgniter\Database\BaseBuilder->like('record_misdiagn...', NULL)
#1 /var/www/html/mymisdiagnosis/system/CodeIgniter.php(936): App\Controllers\Home->getTerm()
#2 /var/www/html/mymisdiagnosis/system/CodeIgniter.php(432): CodeIgniter\CodeIgniter->runController(Object(App\Controllers\Home))
#3 /var/www/html/mymisdiagnosis/system/CodeIgniter.php(333): CodeIgniter\CodeIgniter->handleRequest(NULL, Object(Config\Cache), false)
#4 /var/www/html/mymisdiagnosis/index.php(44): CodeIgniter\CodeIgniter->run()
#5 {main}
INFO - 2022-01-04 22:46:45 --> Session: Class initialized using 'CodeIgniter\Session\Handlers\FileHandler' driver.
WARNING - 2022-01-04 22:46:45 --> Session: Sessions is enabled, and one exists.Please don't $session->start();
INFO - 2022-01-04 22:46:50 --> Session: Class initialized using 'CodeIgniter\Session\Handlers\FileHandler' driver.
WARNING - 2022-01-04 22:46:50 --> Session: Sessions is enabled, and one exists.Please don't $session->start();
INFO - 2022-01-04 22:46:54 --> Session: Class initialized using 'CodeIgniter\Session\Handlers\FileHandler' driver.
WARNING - 2022-01-04 22:46:54 --> Session: Sessions is enabled, and one exists.Please don't $session->start();
INFO - 2022-01-04 22:48:09 --> Session: Class initialized using 'CodeIgniter\Session\Handlers\FileHandler' driver.
WARNING - 2022-01-04 22:48:09 --> Session: Sessions is enabled, and one exists.Please don't $session->start();
INFO - 2022-01-04 22:49:42 --> Session: Class initialized using 'CodeIgniter\Session\Handlers\FileHandler' driver.
WARNING - 2022-01-04 22:49:42 --> Session: Sessions is enabled, and one exists.Please don't $session->start();
INFO - 2022-01-04 22:50:51 --> Session: Class initialized using 'CodeIgniter\Session\Handlers\FileHandler' driver.
WARNING - 2022-01-04 22:50:51 --> Session: Sessions is enabled, and one exists.Please don't $session->start();
INFO - 2022-01-04 22:51:42 --> Session: Class initialized using 'CodeIgniter\Session\Handlers\FileHandler' driver.
WARNING - 2022-01-04 22:51:42 --> Session: Sessions is enabled, and one exists.Please don't $session->start();
INFO - 2022-01-04 22:52:38 --> Session: Class initialized using 'CodeIgniter\Session\Handlers\FileHandler' driver.
WARNING - 2022-01-04 22:52:38 --> Session: Sessions is enabled, and one exists.Please don't $session->start();
INFO - 2022-01-04 22:54:13 --> Session: Class initialized using 'CodeIgniter\Session\Handlers\FileHandler' driver.
WARNING - 2022-01-04 22:54:13 --> Session: Sessions is enabled, and one exists.Please don't $session->start();
INFO - 2022-01-04 22:56:00 --> Session: Class initialized using 'CodeIgniter\Session\Handlers\FileHandler' driver.
WARNING - 2022-01-04 22:56:00 --> Session: Sessions is enabled, and one exists.Please don't $session->start();
INFO - 2022-01-04 22:59:46 --> Session: Class initialized using 'CodeIgniter\Session\Handlers\FileHandler' driver.
WARNING - 2022-01-04 22:59:46 --> Session: Sessions is enabled, and one exists.Please don't $session->start();
INFO - 2022-01-04 23:05:29 --> Session: Class initialized using 'CodeIgniter\Session\Handlers\FileHandler' driver.
WARNING - 2022-01-04 23:05:29 --> Session: Sessions is enabled, and one exists.Please don't $session->start();
INFO - 2022-01-04 23:05:34 --> Session: Class initialized using 'CodeIgniter\Session\Handlers\FileHandler' driver.
INFO - 2022-01-04 23:05:37 --> Session: Class initialized using 'CodeIgniter\Session\Handlers\FileHandler' driver.
INFO - 2022-01-04 23:05:37 --> Session: Class initialized using 'CodeIgniter\Session\Handlers\FileHandler' driver.
INFO - 2022-01-04 23:05:56 --> Session: Class initialized using 'CodeIgniter\Session\Handlers\FileHandler' driver.
INFO - 2022-01-04 23:05:57 --> Session: Class initialized using 'CodeIgniter\Session\Handlers\FileHandler' driver.
INFO - 2022-01-04 23:06:17 --> Session: Class initialized using 'CodeIgniter\Session\Handlers\FileHandler' driver.
INFO - 2022-01-04 23:06:17 --> Session: Class initialized using 'CodeIgniter\Session\Handlers\FileHandler' driver.
INFO - 2022-01-04 23:06:26 --> Session: Class initialized using 'CodeIgniter\Session\Handlers\FileHandler' driver.
INFO - 2022-01-04 23:06:26 --> Session: Class initialized using 'CodeIgniter\Session\Handlers\FileHandler' driver.
INFO - 2022-01-04 23:06:34 --> Session: Class initialized using 'CodeIgniter\Session\Handlers\FileHandler' driver.
INFO - 2022-01-04 23:06:34 --> Session: Class initialized using 'CodeIgniter\Session\Handlers\FileHandler' driver.
INFO - 2022-01-04 23:06:44 --> Session: Class initialized using 'CodeIgniter\Session\Handlers\FileHandler' driver.
INFO - 2022-01-04 23:06:44 --> Session: Class initialized using 'CodeIgniter\Session\Handlers\FileHandler' driver.
INFO - 2022-01-04 23:07:40 --> Session: Class initialized using 'CodeIgniter\Session\Handlers\FileHandler' driver.
INFO - 2022-01-04 23:07:40 --> Session: Class initialized using 'CodeIgniter\Session\Handlers\FileHandler' driver.
INFO - 2022-01-04 23:08:07 --> Session: Class initialized using 'CodeIgniter\Session\Handlers\FileHandler' driver.
INFO - 2022-01-04 23:08:19 --> Session: Class initialized using 'CodeIgniter\Session\Handlers\FileHandler' driver.
INFO - 2022-01-04 23:08:19 --> Session: Class initialized using 'CodeIgniter\Session\Handlers\FileHandler' driver.
INFO - 2022-01-04 23:08:23 --> Session: Class initialized using 'CodeIgniter\Session\Handlers\FileHandler' driver.
INFO - 2022-01-04 23:08:23 --> Session: Class initialized using 'CodeIgniter\Session\Handlers\FileHandler' driver.
INFO - 2022-01-04 23:08:31 --> Session: Class initialized using 'CodeIgniter\Session\Handlers\FileHandler' driver.
INFO - 2022-01-04 23:08:32 --> Session: Class initialized using 'CodeIgniter\Session\Handlers\FileHandler' driver.
INFO - 2022-01-04 23:08:44 --> Session: Class initialized using 'CodeIgniter\Session\Handlers\FileHandler' driver.
INFO - 2022-01-04 23:08:44 --> Session: Class initialized using 'CodeIgniter\Session\Handlers\FileHandler' driver.
INFO - 2022-01-04 23:08:52 --> Session: Class initialized using 'CodeIgniter\Session\Handlers\FileHandler' driver.
INFO - 2022-01-04 23:08:53 --> Session: Class initialized using 'CodeIgniter\Session\Handlers\FileHandler' driver.
INFO - 2022-01-04 23:08:55 --> Session: Class initialized using 'CodeIgniter\Session\Handlers\FileHandler' driver.
INFO - 2022-01-04 23:08:56 --> Session: Class initialized using 'CodeIgniter\Session\Handlers\FileHandler' driver.
INFO - 2022-01-04 23:08:58 --> Session: Class initialized using 'CodeIgniter\Session\Handlers\FileHandler' driver.
WARNING - 2022-01-04 23:08:58 --> Session: Sessions is enabled, and one exists.Please don't $session->start();
INFO - 2022-01-04 23:08:59 --> Session: Class initialized using 'CodeIgniter\Session\Handlers\FileHandler' driver.
WARNING - 2022-01-04 23:08:59 --> Session: Sessions is enabled, and one exists.Please don't $session->start();
