ERROR - 2021-03-28 03:16:34 --> mysqli_sql_exception: Unknown column 'available_equipment_1_link_table.available_equipment_1_id' in 'on clause' in /home/wwwinte/public_html/screening/system/Database/MySQLi/Connection.php:314
Stack trace:
#0 /home/wwwinte/public_html/screening/system/Database/MySQLi/Connection.php(314): mysqli->query('SELECT *, name ...')
#1 /home/wwwinte/public_html/screening/system/Database/BaseConnection.php(713): CodeIgniter\Database\MySQLi\Connection->execute('SELECT *, name ...')
#2 /home/wwwinte/public_html/screening/system/Database/BaseConnection.php(641): CodeIgniter\Database\BaseConnection->simpleQuery('SELECT *, name ...')
#3 /home/wwwinte/public_html/screening/system/Database/BaseBuilder.php(1866): CodeIgniter\Database\BaseConnection->query('SELECT *, name ...', Array, false)
#4 /home/wwwinte/public_html/screening/app/Models/GroceryCrudModel.php(339): CodeIgniter\Database\BaseBuilder->get()
#5 /home/wwwinte/public_html/screening/app/Libraries/GroceryCrud.php(1421): App\Models\GroceryCrudModel->get_relation_n_n_selection_array('1001', Object(stdClass))
#6 /home/wwwinte/public_html/screening/app/Libraries/GroceryCrud.php(1397): App\Libraries\grocery_CRUD_Model_Driver->get_relation_n_n_selection_array('1001', Object(stdClass))
#7 /home/wwwinte/public_html/screening/app/Libraries/GroceryCrud.php(1825): App\Libraries\grocery_CRUD_Model_Driver->get_edit_values('1001')
#8 /home/wwwinte/public_html/screening/app/Libraries/GroceryCrud.php(4532): App\Libraries\grocery_CRUD_Layout->showEditForm(Object(stdClass))
#9 /home/wwwinte/public_html/screening/app/Controllers/Product.php(177): App\Libraries\GroceryCrud->render()
#10 /home/wwwinte/public_html/screening/system/CodeIgniter.php(936): App\Controllers\Product->screening_management('edit', '1001')
#11 /home/wwwinte/public_html/screening/system/CodeIgniter.php(432): CodeIgniter\CodeIgniter->runController(Object(App\Controllers\Product))
#12 /home/wwwinte/public_html/screening/system/CodeIgniter.php(333): CodeIgniter\CodeIgniter->handleRequest(NULL, Object(Config\Cache), false)
#13 /home/wwwinte/public_html/screening/public/index.php(44): CodeIgniter\CodeIgniter->run()
#14 {main}
CRITICAL - 2021-03-28 03:16:34 --> Unknown column 'available_equipment_1_link_table.available_equipment_1_id' in 'on clause'
#0 /home/wwwinte/public_html/screening/system/Database/MySQLi/Connection.php(314): mysqli->query('SELECT *, name ...')
#1 /home/wwwinte/public_html/screening/system/Database/BaseConnection.php(713): CodeIgniter\Database\MySQLi\Connection->execute('SELECT *, name ...')
#2 /home/wwwinte/public_html/screening/system/Database/BaseConnection.php(641): CodeIgniter\Database\BaseConnection->simpleQuery('SELECT *, name ...')
#3 /home/wwwinte/public_html/screening/system/Database/BaseBuilder.php(1866): CodeIgniter\Database\BaseConnection->query('SELECT *, name ...', Array, false)
#4 /home/wwwinte/public_html/screening/app/Models/GroceryCrudModel.php(339): CodeIgniter\Database\BaseBuilder->get()
#5 /home/wwwinte/public_html/screening/app/Libraries/GroceryCrud.php(1421): App\Models\GroceryCrudModel->get_relation_n_n_selection_array('1001', Object(stdClass))
#6 /home/wwwinte/public_html/screening/app/Libraries/GroceryCrud.php(1397): App\Libraries\grocery_CRUD_Model_Driver->get_relation_n_n_selection_array('1001', Object(stdClass))
#7 /home/wwwinte/public_html/screening/app/Libraries/GroceryCrud.php(1825): App\Libraries\grocery_CRUD_Model_Driver->get_edit_values('1001')
#8 /home/wwwinte/public_html/screening/app/Libraries/GroceryCrud.php(4532): App\Libraries\grocery_CRUD_Layout->showEditForm(Object(stdClass))
#9 /home/wwwinte/public_html/screening/app/Controllers/Product.php(177): App\Libraries\GroceryCrud->render()
#10 /home/wwwinte/public_html/screening/system/CodeIgniter.php(936): App\Controllers\Product->screening_management('edit', '1001')
#11 /home/wwwinte/public_html/screening/system/CodeIgniter.php(432): CodeIgniter\CodeIgniter->runController(Object(App\Controllers\Product))
#12 /home/wwwinte/public_html/screening/system/CodeIgniter.php(333): CodeIgniter\CodeIgniter->handleRequest(NULL, Object(Config\Cache), false)
#13 /home/wwwinte/public_html/screening/public/index.php(44): CodeIgniter\CodeIgniter->run()
#14 {main}
ERROR - 2021-03-28 03:22:50 --> mysqli_sql_exception: Unknown column 'available_equipment_1_link_table.available_equipment_1_id' in 'on clause' in /home/wwwinte/public_html/screening/system/Database/MySQLi/Connection.php:314
Stack trace:
#0 /home/wwwinte/public_html/screening/system/Database/MySQLi/Connection.php(314): mysqli->query('SELECT *, name ...')
#1 /home/wwwinte/public_html/screening/system/Database/BaseConnection.php(713): CodeIgniter\Database\MySQLi\Connection->execute('SELECT *, name ...')
#2 /home/wwwinte/public_html/screening/system/Database/BaseConnection.php(641): CodeIgniter\Database\BaseConnection->simpleQuery('SELECT *, name ...')
#3 /home/wwwinte/public_html/screening/system/Database/BaseBuilder.php(1866): CodeIgniter\Database\BaseConnection->query('SELECT *, name ...', Array, false)
#4 /home/wwwinte/public_html/screening/app/Models/GroceryCrudModel.php(339): CodeIgniter\Database\BaseBuilder->get()
#5 /home/wwwinte/public_html/screening/app/Libraries/GroceryCrud.php(1421): App\Models\GroceryCrudModel->get_relation_n_n_selection_array('1001', Object(stdClass))
#6 /home/wwwinte/public_html/screening/app/Libraries/GroceryCrud.php(1397): App\Libraries\grocery_CRUD_Model_Driver->get_relation_n_n_selection_array('1001', Object(stdClass))
#7 /home/wwwinte/public_html/screening/app/Libraries/GroceryCrud.php(1825): App\Libraries\grocery_CRUD_Model_Driver->get_edit_values('1001')
#8 /home/wwwinte/public_html/screening/app/Libraries/GroceryCrud.php(4532): App\Libraries\grocery_CRUD_Layout->showEditForm(Object(stdClass))
#9 /home/wwwinte/public_html/screening/app/Controllers/Product.php(179): App\Libraries\GroceryCrud->render()
#10 /home/wwwinte/public_html/screening/system/CodeIgniter.php(936): App\Controllers\Product->screening_management('edit', '1001')
#11 /home/wwwinte/public_html/screening/system/CodeIgniter.php(432): CodeIgniter\CodeIgniter->runController(Object(App\Controllers\Product))
#12 /home/wwwinte/public_html/screening/system/CodeIgniter.php(333): CodeIgniter\CodeIgniter->handleRequest(NULL, Object(Config\Cache), false)
#13 /home/wwwinte/public_html/screening/public/index.php(44): CodeIgniter\CodeIgniter->run()
#14 {main}
CRITICAL - 2021-03-28 03:22:50 --> Unknown column 'available_equipment_1_link_table.available_equipment_1_id' in 'on clause'
#0 /home/wwwinte/public_html/screening/system/Database/MySQLi/Connection.php(314): mysqli->query('SELECT *, name ...')
#1 /home/wwwinte/public_html/screening/system/Database/BaseConnection.php(713): CodeIgniter\Database\MySQLi\Connection->execute('SELECT *, name ...')
#2 /home/wwwinte/public_html/screening/system/Database/BaseConnection.php(641): CodeIgniter\Database\BaseConnection->simpleQuery('SELECT *, name ...')
#3 /home/wwwinte/public_html/screening/system/Database/BaseBuilder.php(1866): CodeIgniter\Database\BaseConnection->query('SELECT *, name ...', Array, false)
#4 /home/wwwinte/public_html/screening/app/Models/GroceryCrudModel.php(339): CodeIgniter\Database\BaseBuilder->get()
#5 /home/wwwinte/public_html/screening/app/Libraries/GroceryCrud.php(1421): App\Models\GroceryCrudModel->get_relation_n_n_selection_array('1001', Object(stdClass))
#6 /home/wwwinte/public_html/screening/app/Libraries/GroceryCrud.php(1397): App\Libraries\grocery_CRUD_Model_Driver->get_relation_n_n_selection_array('1001', Object(stdClass))
#7 /home/wwwinte/public_html/screening/app/Libraries/GroceryCrud.php(1825): App\Libraries\grocery_CRUD_Model_Driver->get_edit_values('1001')
#8 /home/wwwinte/public_html/screening/app/Libraries/GroceryCrud.php(4532): App\Libraries\grocery_CRUD_Layout->showEditForm(Object(stdClass))
#9 /home/wwwinte/public_html/screening/app/Controllers/Product.php(179): App\Libraries\GroceryCrud->render()
#10 /home/wwwinte/public_html/screening/system/CodeIgniter.php(936): App\Controllers\Product->screening_management('edit', '1001')
#11 /home/wwwinte/public_html/screening/system/CodeIgniter.php(432): CodeIgniter\CodeIgniter->runController(Object(App\Controllers\Product))
#12 /home/wwwinte/public_html/screening/system/CodeIgniter.php(333): CodeIgniter\CodeIgniter->handleRequest(NULL, Object(Config\Cache), false)
#13 /home/wwwinte/public_html/screening/public/index.php(44): CodeIgniter\CodeIgniter->run()
#14 {main}
ERROR - 2021-03-28 03:25:29 --> mysqli_sql_exception: Unknown column 'available_equipment_1_link_table.available_equipment_1_id' in 'on clause' in /home/wwwinte/public_html/screening/system/Database/MySQLi/Connection.php:314
Stack trace:
#0 /home/wwwinte/public_html/screening/system/Database/MySQLi/Connection.php(314): mysqli->query('SELECT *, name ...')
#1 /home/wwwinte/public_html/screening/system/Database/BaseConnection.php(713): CodeIgniter\Database\MySQLi\Connection->execute('SELECT *, name ...')
#2 /home/wwwinte/public_html/screening/system/Database/BaseConnection.php(641): CodeIgniter\Database\BaseConnection->simpleQuery('SELECT *, name ...')
#3 /home/wwwinte/public_html/screening/system/Database/BaseBuilder.php(1866): CodeIgniter\Database\BaseConnection->query('SELECT *, name ...', Array, false)
#4 /home/wwwinte/public_html/screening/app/Models/GroceryCrudModel.php(339): CodeIgniter\Database\BaseBuilder->get()
#5 /home/wwwinte/public_html/screening/app/Libraries/GroceryCrud.php(1421): App\Models\GroceryCrudModel->get_relation_n_n_selection_array('1001', Object(stdClass))
#6 /home/wwwinte/public_html/screening/app/Libraries/GroceryCrud.php(1397): App\Libraries\grocery_CRUD_Model_Driver->get_relation_n_n_selection_array('1001', Object(stdClass))
#7 /home/wwwinte/public_html/screening/app/Libraries/GroceryCrud.php(1825): App\Libraries\grocery_CRUD_Model_Driver->get_edit_values('1001')
#8 /home/wwwinte/public_html/screening/app/Libraries/GroceryCrud.php(4532): App\Libraries\grocery_CRUD_Layout->showEditForm(Object(stdClass))
#9 /home/wwwinte/public_html/screening/app/Controllers/Product.php(193): App\Libraries\GroceryCrud->render()
#10 /home/wwwinte/public_html/screening/system/CodeIgniter.php(936): App\Controllers\Product->screening_management('edit', '1001')
#11 /home/wwwinte/public_html/screening/system/CodeIgniter.php(432): CodeIgniter\CodeIgniter->runController(Object(App\Controllers\Product))
#12 /home/wwwinte/public_html/screening/system/CodeIgniter.php(333): CodeIgniter\CodeIgniter->handleRequest(NULL, Object(Config\Cache), false)
#13 /home/wwwinte/public_html/screening/public/index.php(44): CodeIgniter\CodeIgniter->run()
#14 {main}
CRITICAL - 2021-03-28 03:25:29 --> Unknown column 'available_equipment_1_link_table.available_equipment_1_id' in 'on clause'
#0 /home/wwwinte/public_html/screening/system/Database/MySQLi/Connection.php(314): mysqli->query('SELECT *, name ...')
#1 /home/wwwinte/public_html/screening/system/Database/BaseConnection.php(713): CodeIgniter\Database\MySQLi\Connection->execute('SELECT *, name ...')
#2 /home/wwwinte/public_html/screening/system/Database/BaseConnection.php(641): CodeIgniter\Database\BaseConnection->simpleQuery('SELECT *, name ...')
#3 /home/wwwinte/public_html/screening/system/Database/BaseBuilder.php(1866): CodeIgniter\Database\BaseConnection->query('SELECT *, name ...', Array, false)
#4 /home/wwwinte/public_html/screening/app/Models/GroceryCrudModel.php(339): CodeIgniter\Database\BaseBuilder->get()
#5 /home/wwwinte/public_html/screening/app/Libraries/GroceryCrud.php(1421): App\Models\GroceryCrudModel->get_relation_n_n_selection_array('1001', Object(stdClass))
#6 /home/wwwinte/public_html/screening/app/Libraries/GroceryCrud.php(1397): App\Libraries\grocery_CRUD_Model_Driver->get_relation_n_n_selection_array('1001', Object(stdClass))
#7 /home/wwwinte/public_html/screening/app/Libraries/GroceryCrud.php(1825): App\Libraries\grocery_CRUD_Model_Driver->get_edit_values('1001')
#8 /home/wwwinte/public_html/screening/app/Libraries/GroceryCrud.php(4532): App\Libraries\grocery_CRUD_Layout->showEditForm(Object(stdClass))
#9 /home/wwwinte/public_html/screening/app/Controllers/Product.php(193): App\Libraries\GroceryCrud->render()
#10 /home/wwwinte/public_html/screening/system/CodeIgniter.php(936): App\Controllers\Product->screening_management('edit', '1001')
#11 /home/wwwinte/public_html/screening/system/CodeIgniter.php(432): CodeIgniter\CodeIgniter->runController(Object(App\Controllers\Product))
#12 /home/wwwinte/public_html/screening/system/CodeIgniter.php(333): CodeIgniter\CodeIgniter->handleRequest(NULL, Object(Config\Cache), false)
#13 /home/wwwinte/public_html/screening/public/index.php(44): CodeIgniter\CodeIgniter->run()
#14 {main}
ERROR - 2021-03-28 03:26:28 --> mysqli_sql_exception: Unknown column 'available_equipment_1_link_table.available_equipment_1_id' in 'on clause' in /home/wwwinte/public_html/screening/system/Database/MySQLi/Connection.php:314
Stack trace:
#0 /home/wwwinte/public_html/screening/system/Database/MySQLi/Connection.php(314): mysqli->query('SELECT *, name ...')
#1 /home/wwwinte/public_html/screening/system/Database/BaseConnection.php(713): CodeIgniter\Database\MySQLi\Connection->execute('SELECT *, name ...')
#2 /home/wwwinte/public_html/screening/system/Database/BaseConnection.php(641): CodeIgniter\Database\BaseConnection->simpleQuery('SELECT *, name ...')
#3 /home/wwwinte/public_html/screening/system/Database/BaseBuilder.php(1866): CodeIgniter\Database\BaseConnection->query('SELECT *, name ...', Array, false)
#4 /home/wwwinte/public_html/screening/app/Models/GroceryCrudModel.php(339): CodeIgniter\Database\BaseBuilder->get()
#5 /home/wwwinte/public_html/screening/app/Libraries/GroceryCrud.php(1421): App\Models\GroceryCrudModel->get_relation_n_n_selection_array('1001', Object(stdClass))
#6 /home/wwwinte/public_html/screening/app/Libraries/GroceryCrud.php(1397): App\Libraries\grocery_CRUD_Model_Driver->get_relation_n_n_selection_array('1001', Object(stdClass))
#7 /home/wwwinte/public_html/screening/app/Libraries/GroceryCrud.php(1825): App\Libraries\grocery_CRUD_Model_Driver->get_edit_values('1001')
#8 /home/wwwinte/public_html/screening/app/Libraries/GroceryCrud.php(4532): App\Libraries\grocery_CRUD_Layout->showEditForm(Object(stdClass))
#9 /home/wwwinte/public_html/screening/app/Controllers/Product.php(192): App\Libraries\GroceryCrud->render()
#10 /home/wwwinte/public_html/screening/system/CodeIgniter.php(936): App\Controllers\Product->screening_management('edit', '1001')
#11 /home/wwwinte/public_html/screening/system/CodeIgniter.php(432): CodeIgniter\CodeIgniter->runController(Object(App\Controllers\Product))
#12 /home/wwwinte/public_html/screening/system/CodeIgniter.php(333): CodeIgniter\CodeIgniter->handleRequest(NULL, Object(Config\Cache), false)
#13 /home/wwwinte/public_html/screening/public/index.php(44): CodeIgniter\CodeIgniter->run()
#14 {main}
CRITICAL - 2021-03-28 03:26:28 --> Unknown column 'available_equipment_1_link_table.available_equipment_1_id' in 'on clause'
#0 /home/wwwinte/public_html/screening/system/Database/MySQLi/Connection.php(314): mysqli->query('SELECT *, name ...')
#1 /home/wwwinte/public_html/screening/system/Database/BaseConnection.php(713): CodeIgniter\Database\MySQLi\Connection->execute('SELECT *, name ...')
#2 /home/wwwinte/public_html/screening/system/Database/BaseConnection.php(641): CodeIgniter\Database\BaseConnection->simpleQuery('SELECT *, name ...')
#3 /home/wwwinte/public_html/screening/system/Database/BaseBuilder.php(1866): CodeIgniter\Database\BaseConnection->query('SELECT *, name ...', Array, false)
#4 /home/wwwinte/public_html/screening/app/Models/GroceryCrudModel.php(339): CodeIgniter\Database\BaseBuilder->get()
#5 /home/wwwinte/public_html/screening/app/Libraries/GroceryCrud.php(1421): App\Models\GroceryCrudModel->get_relation_n_n_selection_array('1001', Object(stdClass))
#6 /home/wwwinte/public_html/screening/app/Libraries/GroceryCrud.php(1397): App\Libraries\grocery_CRUD_Model_Driver->get_relation_n_n_selection_array('1001', Object(stdClass))
#7 /home/wwwinte/public_html/screening/app/Libraries/GroceryCrud.php(1825): App\Libraries\grocery_CRUD_Model_Driver->get_edit_values('1001')
#8 /home/wwwinte/public_html/screening/app/Libraries/GroceryCrud.php(4532): App\Libraries\grocery_CRUD_Layout->showEditForm(Object(stdClass))
#9 /home/wwwinte/public_html/screening/app/Controllers/Product.php(192): App\Libraries\GroceryCrud->render()
#10 /home/wwwinte/public_html/screening/system/CodeIgniter.php(936): App\Controllers\Product->screening_management('edit', '1001')
#11 /home/wwwinte/public_html/screening/system/CodeIgniter.php(432): CodeIgniter\CodeIgniter->runController(Object(App\Controllers\Product))
#12 /home/wwwinte/public_html/screening/system/CodeIgniter.php(333): CodeIgniter\CodeIgniter->handleRequest(NULL, Object(Config\Cache), false)
#13 /home/wwwinte/public_html/screening/public/index.php(44): CodeIgniter\CodeIgniter->run()
#14 {main}
ERROR - 2021-03-28 04:29:32 --> mysqli_sql_exception: Unknown column 'available_equipment_1_link_table.available_equipment_1_id' in 'on clause' in /home/wwwinte/public_html/screening/system/Database/MySQLi/Connection.php:314
Stack trace:
#0 /home/wwwinte/public_html/screening/system/Database/MySQLi/Connection.php(314): mysqli->query('SELECT *, name ...')
#1 /home/wwwinte/public_html/screening/system/Database/BaseConnection.php(713): CodeIgniter\Database\MySQLi\Connection->execute('SELECT *, name ...')
#2 /home/wwwinte/public_html/screening/system/Database/BaseConnection.php(641): CodeIgniter\Database\BaseConnection->simpleQuery('SELECT *, name ...')
#3 /home/wwwinte/public_html/screening/system/Database/BaseBuilder.php(1866): CodeIgniter\Database\BaseConnection->query('SELECT *, name ...', Array, false)
#4 /home/wwwinte/public_html/screening/app/Models/GroceryCrudModel.php(339): CodeIgniter\Database\BaseBuilder->get()
#5 /home/wwwinte/public_html/screening/app/Libraries/GroceryCrud.php(1421): App\Models\GroceryCrudModel->get_relation_n_n_selection_array('1001', Object(stdClass))
#6 /home/wwwinte/public_html/screening/app/Libraries/GroceryCrud.php(1397): App\Libraries\grocery_CRUD_Model_Driver->get_relation_n_n_selection_array('1001', Object(stdClass))
#7 /home/wwwinte/public_html/screening/app/Libraries/GroceryCrud.php(1825): App\Libraries\grocery_CRUD_Model_Driver->get_edit_values('1001')
#8 /home/wwwinte/public_html/screening/app/Libraries/GroceryCrud.php(4532): App\Libraries\grocery_CRUD_Layout->showEditForm(Object(stdClass))
#9 /home/wwwinte/public_html/screening/app/Controllers/Product.php(192): App\Libraries\GroceryCrud->render()
#10 /home/wwwinte/public_html/screening/system/CodeIgniter.php(936): App\Controllers\Product->screening_management('edit', '1001')
#11 /home/wwwinte/public_html/screening/system/CodeIgniter.php(432): CodeIgniter\CodeIgniter->runController(Object(App\Controllers\Product))
#12 /home/wwwinte/public_html/screening/system/CodeIgniter.php(333): CodeIgniter\CodeIgniter->handleRequest(NULL, Object(Config\Cache), false)
#13 /home/wwwinte/public_html/screening/public/index.php(44): CodeIgniter\CodeIgniter->run()
#14 {main}
CRITICAL - 2021-03-28 04:29:32 --> Unknown column 'available_equipment_1_link_table.available_equipment_1_id' in 'on clause'
#0 /home/wwwinte/public_html/screening/system/Database/MySQLi/Connection.php(314): mysqli->query('SELECT *, name ...')
#1 /home/wwwinte/public_html/screening/system/Database/BaseConnection.php(713): CodeIgniter\Database\MySQLi\Connection->execute('SELECT *, name ...')
#2 /home/wwwinte/public_html/screening/system/Database/BaseConnection.php(641): CodeIgniter\Database\BaseConnection->simpleQuery('SELECT *, name ...')
#3 /home/wwwinte/public_html/screening/system/Database/BaseBuilder.php(1866): CodeIgniter\Database\BaseConnection->query('SELECT *, name ...', Array, false)
#4 /home/wwwinte/public_html/screening/app/Models/GroceryCrudModel.php(339): CodeIgniter\Database\BaseBuilder->get()
#5 /home/wwwinte/public_html/screening/app/Libraries/GroceryCrud.php(1421): App\Models\GroceryCrudModel->get_relation_n_n_selection_array('1001', Object(stdClass))
#6 /home/wwwinte/public_html/screening/app/Libraries/GroceryCrud.php(1397): App\Libraries\grocery_CRUD_Model_Driver->get_relation_n_n_selection_array('1001', Object(stdClass))
#7 /home/wwwinte/public_html/screening/app/Libraries/GroceryCrud.php(1825): App\Libraries\grocery_CRUD_Model_Driver->get_edit_values('1001')
#8 /home/wwwinte/public_html/screening/app/Libraries/GroceryCrud.php(4532): App\Libraries\grocery_CRUD_Layout->showEditForm(Object(stdClass))
#9 /home/wwwinte/public_html/screening/app/Controllers/Product.php(192): App\Libraries\GroceryCrud->render()
#10 /home/wwwinte/public_html/screening/system/CodeIgniter.php(936): App\Controllers\Product->screening_management('edit', '1001')
#11 /home/wwwinte/public_html/screening/system/CodeIgniter.php(432): CodeIgniter\CodeIgniter->runController(Object(App\Controllers\Product))
#12 /home/wwwinte/public_html/screening/system/CodeIgniter.php(333): CodeIgniter\CodeIgniter->handleRequest(NULL, Object(Config\Cache), false)
#13 /home/wwwinte/public_html/screening/public/index.php(44): CodeIgniter\CodeIgniter->run()
#14 {main}
ERROR - 2021-03-28 04:30:30 --> mysqli_sql_exception: Unknown column 'available_equipment_1_link_table.available_equipment_1_id' in 'on clause' in /home/wwwinte/public_html/screening/system/Database/MySQLi/Connection.php:314
Stack trace:
#0 /home/wwwinte/public_html/screening/system/Database/MySQLi/Connection.php(314): mysqli->query('SELECT *, name ...')
#1 /home/wwwinte/public_html/screening/system/Database/BaseConnection.php(713): CodeIgniter\Database\MySQLi\Connection->execute('SELECT *, name ...')
#2 /home/wwwinte/public_html/screening/system/Database/BaseConnection.php(641): CodeIgniter\Database\BaseConnection->simpleQuery('SELECT *, name ...')
#3 /home/wwwinte/public_html/screening/system/Database/BaseBuilder.php(1866): CodeIgniter\Database\BaseConnection->query('SELECT *, name ...', Array, false)
#4 /home/wwwinte/public_html/screening/app/Models/GroceryCrudModel.php(339): CodeIgniter\Database\BaseBuilder->get()
#5 /home/wwwinte/public_html/screening/app/Libraries/GroceryCrud.php(1421): App\Models\GroceryCrudModel->get_relation_n_n_selection_array('1001', Object(stdClass))
#6 /home/wwwinte/public_html/screening/app/Libraries/GroceryCrud.php(1397): App\Libraries\grocery_CRUD_Model_Driver->get_relation_n_n_selection_array('1001', Object(stdClass))
#7 /home/wwwinte/public_html/screening/app/Libraries/GroceryCrud.php(1825): App\Libraries\grocery_CRUD_Model_Driver->get_edit_values('1001')
#8 /home/wwwinte/public_html/screening/app/Libraries/GroceryCrud.php(4532): App\Libraries\grocery_CRUD_Layout->showEditForm(Object(stdClass))
#9 /home/wwwinte/public_html/screening/app/Controllers/Product.php(192): App\Libraries\GroceryCrud->render()
#10 /home/wwwinte/public_html/screening/system/CodeIgniter.php(936): App\Controllers\Product->screening_management('edit', '1001')
#11 /home/wwwinte/public_html/screening/system/CodeIgniter.php(432): CodeIgniter\CodeIgniter->runController(Object(App\Controllers\Product))
#12 /home/wwwinte/public_html/screening/system/CodeIgniter.php(333): CodeIgniter\CodeIgniter->handleRequest(NULL, Object(Config\Cache), false)
#13 /home/wwwinte/public_html/screening/public/index.php(44): CodeIgniter\CodeIgniter->run()
#14 {main}
CRITICAL - 2021-03-28 04:30:30 --> Unknown column 'available_equipment_1_link_table.available_equipment_1_id' in 'on clause'
#0 /home/wwwinte/public_html/screening/system/Database/MySQLi/Connection.php(314): mysqli->query('SELECT *, name ...')
#1 /home/wwwinte/public_html/screening/system/Database/BaseConnection.php(713): CodeIgniter\Database\MySQLi\Connection->execute('SELECT *, name ...')
#2 /home/wwwinte/public_html/screening/system/Database/BaseConnection.php(641): CodeIgniter\Database\BaseConnection->simpleQuery('SELECT *, name ...')
#3 /home/wwwinte/public_html/screening/system/Database/BaseBuilder.php(1866): CodeIgniter\Database\BaseConnection->query('SELECT *, name ...', Array, false)
#4 /home/wwwinte/public_html/screening/app/Models/GroceryCrudModel.php(339): CodeIgniter\Database\BaseBuilder->get()
#5 /home/wwwinte/public_html/screening/app/Libraries/GroceryCrud.php(1421): App\Models\GroceryCrudModel->get_relation_n_n_selection_array('1001', Object(stdClass))
#6 /home/wwwinte/public_html/screening/app/Libraries/GroceryCrud.php(1397): App\Libraries\grocery_CRUD_Model_Driver->get_relation_n_n_selection_array('1001', Object(stdClass))
#7 /home/wwwinte/public_html/screening/app/Libraries/GroceryCrud.php(1825): App\Libraries\grocery_CRUD_Model_Driver->get_edit_values('1001')
#8 /home/wwwinte/public_html/screening/app/Libraries/GroceryCrud.php(4532): App\Libraries\grocery_CRUD_Layout->showEditForm(Object(stdClass))
#9 /home/wwwinte/public_html/screening/app/Controllers/Product.php(192): App\Libraries\GroceryCrud->render()
#10 /home/wwwinte/public_html/screening/system/CodeIgniter.php(936): App\Controllers\Product->screening_management('edit', '1001')
#11 /home/wwwinte/public_html/screening/system/CodeIgniter.php(432): CodeIgniter\CodeIgniter->runController(Object(App\Controllers\Product))
#12 /home/wwwinte/public_html/screening/system/CodeIgniter.php(333): CodeIgniter\CodeIgniter->handleRequest(NULL, Object(Config\Cache), false)
#13 /home/wwwinte/public_html/screening/public/index.php(44): CodeIgniter\CodeIgniter->run()
#14 {main}
CRITICAL - 2021-03-28 04:49:34 --> syntax error, unexpected end of file, expecting function (T_FUNCTION) or const (T_CONST)
#0 /home/wwwinte/public_html/screening/system/Autoloader/Autoloader.php(265): CodeIgniter\Autoloader\Autoloader->includeFile('/home/wwwinte/p...')
#1 /home/wwwinte/public_html/screening/system/Autoloader/Autoloader.php(228): CodeIgniter\Autoloader\Autoloader->loadInNamespace('App\\Libraries\\I...')
#2 [internal function]: CodeIgniter\Autoloader\Autoloader->loadClass('App\\Libraries\\I...')
#3 /home/wwwinte/public_html/screening/app/Controllers/Product.php(146): spl_autoload_call('App\\Libraries\\I...')
#4 /home/wwwinte/public_html/screening/system/CodeIgniter.php(936): App\Controllers\Product->screening_management('edit', '1004')
#5 /home/wwwinte/public_html/screening/system/CodeIgniter.php(432): CodeIgniter\CodeIgniter->runController(Object(App\Controllers\Product))
#6 /home/wwwinte/public_html/screening/system/CodeIgniter.php(333): CodeIgniter\CodeIgniter->handleRequest(NULL, Object(Config\Cache), false)
#7 /home/wwwinte/public_html/screening/public/index.php(44): CodeIgniter\CodeIgniter->run()
#8 {main}
CRITICAL - 2021-03-28 04:50:23 --> Undefined variable: field_info
#0 /home/wwwinte/public_html/screening/app/Libraries/InterneticsLibrary.php(54): CodeIgniter\Debug\Exceptions->errorHandler(8, 'Undefined varia...', '/home/wwwinte/p...', 54, Array)
#1 /home/wwwinte/public_html/screening/app/Libraries/GroceryCrud.php(231): App\Libraries\InterneticsLibrary->get_relation_n_n_input(Object(stdClass), Array)
#2 /home/wwwinte/public_html/screening/app/Libraries/GroceryCrud.php(2591): App\Libraries\grocery_CRUD_Field_Types->get_field_input(Object(stdClass), Array)
#3 /home/wwwinte/public_html/screening/app/Libraries/GroceryCrud.php(1832): App\Libraries\grocery_CRUD_Layout->get_edit_input_fields(Object(stdClass))
#4 /home/wwwinte/public_html/screening/app/Libraries/GroceryCrud.php(4532): App\Libraries\grocery_CRUD_Layout->showEditForm(Object(stdClass))
#5 /home/wwwinte/public_html/screening/app/Controllers/Product.php(194): App\Libraries\GroceryCrud->render()
#6 /home/wwwinte/public_html/screening/system/CodeIgniter.php(936): App\Controllers\Product->screening_management('edit', '1004')
#7 /home/wwwinte/public_html/screening/system/CodeIgniter.php(432): CodeIgniter\CodeIgniter->runController(Object(App\Controllers\Product))
#8 /home/wwwinte/public_html/screening/system/CodeIgniter.php(333): CodeIgniter\CodeIgniter->handleRequest(NULL, Object(Config\Cache), false)
#9 /home/wwwinte/public_html/screening/public/index.php(44): CodeIgniter\CodeIgniter->run()
#10 {main}
CRITICAL - 2021-03-28 04:50:38 --> Undefined variable: selected
#0 /home/wwwinte/public_html/screening/app/Libraries/InterneticsLibrary.php(65): CodeIgniter\Debug\Exceptions->errorHandler(8, 'Undefined varia...', '/home/wwwinte/p...', 65, Array)
#1 /home/wwwinte/public_html/screening/app/Libraries/GroceryCrud.php(231): App\Libraries\InterneticsLibrary->get_relation_n_n_input(Object(stdClass), Array)
#2 /home/wwwinte/public_html/screening/app/Libraries/GroceryCrud.php(2591): App\Libraries\grocery_CRUD_Field_Types->get_field_input(Object(stdClass), Array)
#3 /home/wwwinte/public_html/screening/app/Libraries/GroceryCrud.php(1832): App\Libraries\grocery_CRUD_Layout->get_edit_input_fields(Object(stdClass))
#4 /home/wwwinte/public_html/screening/app/Libraries/GroceryCrud.php(4532): App\Libraries\grocery_CRUD_Layout->showEditForm(Object(stdClass))
#5 /home/wwwinte/public_html/screening/app/Controllers/Product.php(194): App\Libraries\GroceryCrud->render()
#6 /home/wwwinte/public_html/screening/system/CodeIgniter.php(936): App\Controllers\Product->screening_management('edit', '1004')
#7 /home/wwwinte/public_html/screening/system/CodeIgniter.php(432): CodeIgniter\CodeIgniter->runController(Object(App\Controllers\Product))
#8 /home/wwwinte/public_html/screening/system/CodeIgniter.php(333): CodeIgniter\CodeIgniter->handleRequest(NULL, Object(Config\Cache), false)
#9 /home/wwwinte/public_html/screening/public/index.php(44): CodeIgniter\CodeIgniter->run()
#10 {main}
CRITICAL - 2021-03-28 04:53:26 --> Undefined variable: option_label
#0 /home/wwwinte/public_html/screening/app/Libraries/InterneticsLibrary.php(72): CodeIgniter\Debug\Exceptions->errorHandler(8, 'Undefined varia...', '/home/wwwinte/p...', 72, Array)
#1 /home/wwwinte/public_html/screening/app/Libraries/GroceryCrud.php(231): App\Libraries\InterneticsLibrary->get_relation_n_n_input(Object(stdClass), Array)
#2 /home/wwwinte/public_html/screening/app/Libraries/GroceryCrud.php(2591): App\Libraries\grocery_CRUD_Field_Types->get_field_input(Object(stdClass), Array)
#3 /home/wwwinte/public_html/screening/app/Libraries/GroceryCrud.php(1832): App\Libraries\grocery_CRUD_Layout->get_edit_input_fields(Object(stdClass))
#4 /home/wwwinte/public_html/screening/app/Libraries/GroceryCrud.php(4532): App\Libraries\grocery_CRUD_Layout->showEditForm(Object(stdClass))
#5 /home/wwwinte/public_html/screening/app/Controllers/Product.php(194): App\Libraries\GroceryCrud->render()
#6 /home/wwwinte/public_html/screening/system/CodeIgniter.php(936): App\Controllers\Product->screening_management('edit', '1004')
#7 /home/wwwinte/public_html/screening/system/CodeIgniter.php(432): CodeIgniter\CodeIgniter->runController(Object(App\Controllers\Product))
#8 /home/wwwinte/public_html/screening/system/CodeIgniter.php(333): CodeIgniter\CodeIgniter->handleRequest(NULL, Object(Config\Cache), false)
#9 /home/wwwinte/public_html/screening/public/index.php(44): CodeIgniter\CodeIgniter->run()
#10 {main}
CRITICAL - 2021-03-28 04:54:01 --> Undefined property: stdClass::$extras
#0 /home/wwwinte/public_html/screening/app/Libraries/InterneticsLibrary.php(56): CodeIgniter\Debug\Exceptions->errorHandler(8, 'Undefined prope...', '/home/wwwinte/p...', 56, Array)
#1 /home/wwwinte/public_html/screening/app/Libraries/GroceryCrud.php(231): App\Libraries\InterneticsLibrary->get_relation_n_n_input(Object(stdClass), Array)
#2 /home/wwwinte/public_html/screening/app/Libraries/GroceryCrud.php(2591): App\Libraries\grocery_CRUD_Field_Types->get_field_input(Object(stdClass), Array)
#3 /home/wwwinte/public_html/screening/app/Libraries/GroceryCrud.php(1832): App\Libraries\grocery_CRUD_Layout->get_edit_input_fields(Object(stdClass))
#4 /home/wwwinte/public_html/screening/app/Libraries/GroceryCrud.php(4532): App\Libraries\grocery_CRUD_Layout->showEditForm(Object(stdClass))
#5 /home/wwwinte/public_html/screening/app/Controllers/Product.php(194): App\Libraries\GroceryCrud->render()
#6 /home/wwwinte/public_html/screening/system/CodeIgniter.php(936): App\Controllers\Product->screening_management('edit', '1004')
#7 /home/wwwinte/public_html/screening/system/CodeIgniter.php(432): CodeIgniter\CodeIgniter->runController(Object(App\Controllers\Product))
#8 /home/wwwinte/public_html/screening/system/CodeIgniter.php(333): CodeIgniter\CodeIgniter->handleRequest(NULL, Object(Config\Cache), false)
#9 /home/wwwinte/public_html/screening/public/index.php(44): CodeIgniter\CodeIgniter->run()
#10 {main}
CRITICAL - 2021-03-28 05:17:07 --> syntax error, unexpected '{'
#0 /home/wwwinte/public_html/screening/system/Autoloader/Autoloader.php(265): CodeIgniter\Autoloader\Autoloader->includeFile('/home/wwwinte/p...')
#1 /home/wwwinte/public_html/screening/system/Autoloader/Autoloader.php(228): CodeIgniter\Autoloader\Autoloader->loadInNamespace('App\\Libraries\\I...')
#2 [internal function]: CodeIgniter\Autoloader\Autoloader->loadClass('App\\Libraries\\I...')
#3 /home/wwwinte/public_html/screening/app/Controllers/Product.php(146): spl_autoload_call('App\\Libraries\\I...')
#4 /home/wwwinte/public_html/screening/system/CodeIgniter.php(936): App\Controllers\Product->screening_management('edit', '1001')
#5 /home/wwwinte/public_html/screening/system/CodeIgniter.php(432): CodeIgniter\CodeIgniter->runController(Object(App\Controllers\Product))
#6 /home/wwwinte/public_html/screening/system/CodeIgniter.php(333): CodeIgniter\CodeIgniter->handleRequest(NULL, Object(Config\Cache), false)
#7 /home/wwwinte/public_html/screening/public/index.php(44): CodeIgniter\CodeIgniter->run()
#8 {main}
CRITICAL - 2021-03-28 05:21:15 --> Undefined variable: name
#0 /home/wwwinte/public_html/screening/app/Libraries/InterneticsLibrary.php(78): CodeIgniter\Debug\Exceptions->errorHandler(8, 'Undefined varia...', '/home/wwwinte/p...', 78, Array)
#1 /home/wwwinte/public_html/screening/app/Libraries/GroceryCrud.php(231): App\Libraries\InterneticsLibrary->get_relation_n_n_input(Object(stdClass), Array)
#2 /home/wwwinte/public_html/screening/app/Libraries/GroceryCrud.php(2591): App\Libraries\grocery_CRUD_Field_Types->get_field_input(Object(stdClass), Array)
#3 /home/wwwinte/public_html/screening/app/Libraries/GroceryCrud.php(1832): App\Libraries\grocery_CRUD_Layout->get_edit_input_fields(Object(stdClass))
#4 /home/wwwinte/public_html/screening/app/Libraries/GroceryCrud.php(4532): App\Libraries\grocery_CRUD_Layout->showEditForm(Object(stdClass))
#5 /home/wwwinte/public_html/screening/app/Controllers/Product.php(194): App\Libraries\GroceryCrud->render()
#6 /home/wwwinte/public_html/screening/system/CodeIgniter.php(936): App\Controllers\Product->screening_management('edit', '1001')
#7 /home/wwwinte/public_html/screening/system/CodeIgniter.php(432): CodeIgniter\CodeIgniter->runController(Object(App\Controllers\Product))
#8 /home/wwwinte/public_html/screening/system/CodeIgniter.php(333): CodeIgniter\CodeIgniter->handleRequest(NULL, Object(Config\Cache), false)
#9 /home/wwwinte/public_html/screening/public/index.php(44): CodeIgniter\CodeIgniter->run()
#10 {main}
CRITICAL - 2021-03-28 05:27:58 --> syntax error, unexpected ']', expecting '-' or identifier (T_STRING) or variable (T_VARIABLE) or number (T_NUM_STRING)
#0 /home/wwwinte/public_html/screening/system/Autoloader/Autoloader.php(265): CodeIgniter\Autoloader\Autoloader->includeFile('/home/wwwinte/p...')
#1 /home/wwwinte/public_html/screening/system/Autoloader/Autoloader.php(228): CodeIgniter\Autoloader\Autoloader->loadInNamespace('App\\Libraries\\I...')
#2 [internal function]: CodeIgniter\Autoloader\Autoloader->loadClass('App\\Libraries\\I...')
#3 /home/wwwinte/public_html/screening/app/Controllers/Product.php(146): spl_autoload_call('App\\Libraries\\I...')
#4 /home/wwwinte/public_html/screening/system/CodeIgniter.php(936): App\Controllers\Product->screening_management('edit', '1001')
#5 /home/wwwinte/public_html/screening/system/CodeIgniter.php(432): CodeIgniter\CodeIgniter->runController(Object(App\Controllers\Product))
#6 /home/wwwinte/public_html/screening/system/CodeIgniter.php(333): CodeIgniter\CodeIgniter->handleRequest(NULL, Object(Config\Cache), false)
#7 /home/wwwinte/public_html/screening/public/index.php(44): CodeIgniter\CodeIgniter->run()
#8 {main}
CRITICAL - 2021-03-28 05:29:09 --> Undefined property: stdClass::$name
#0 /home/wwwinte/public_html/screening/app/Libraries/InterneticsLibrary.php(72): CodeIgniter\Debug\Exceptions->errorHandler(8, 'Undefined prope...', '/home/wwwinte/p...', 72, Array)
#1 /home/wwwinte/public_html/screening/app/Libraries/GroceryCrud.php(231): App\Libraries\InterneticsLibrary->get_relation_n_n_input(Object(stdClass), Array)
#2 /home/wwwinte/public_html/screening/app/Libraries/GroceryCrud.php(2591): App\Libraries\grocery_CRUD_Field_Types->get_field_input(Object(stdClass), Array)
#3 /home/wwwinte/public_html/screening/app/Libraries/GroceryCrud.php(1832): App\Libraries\grocery_CRUD_Layout->get_edit_input_fields(Object(stdClass))
#4 /home/wwwinte/public_html/screening/app/Libraries/GroceryCrud.php(4532): App\Libraries\grocery_CRUD_Layout->showEditForm(Object(stdClass))
#5 /home/wwwinte/public_html/screening/app/Controllers/Product.php(194): App\Libraries\GroceryCrud->render()
#6 /home/wwwinte/public_html/screening/system/CodeIgniter.php(936): App\Controllers\Product->screening_management('edit', '1001')
#7 /home/wwwinte/public_html/screening/system/CodeIgniter.php(432): CodeIgniter\CodeIgniter->runController(Object(App\Controllers\Product))
#8 /home/wwwinte/public_html/screening/system/CodeIgniter.php(333): CodeIgniter\CodeIgniter->handleRequest(NULL, Object(Config\Cache), false)
#9 /home/wwwinte/public_html/screening/public/index.php(44): CodeIgniter\CodeIgniter->run()
#10 {main}
CRITICAL - 2021-03-28 05:50:06 --> Undefined variable: name
#0 /home/wwwinte/public_html/screening/app/Libraries/InterneticsLibrary.php(74): CodeIgniter\Debug\Exceptions->errorHandler(8, 'Undefined varia...', '/home/wwwinte/p...', 74, Array)
#1 /home/wwwinte/public_html/screening/app/Libraries/GroceryCrud.php(231): App\Libraries\InterneticsLibrary->get_relation_n_n_input(Object(stdClass), Array)
#2 /home/wwwinte/public_html/screening/app/Libraries/GroceryCrud.php(2591): App\Libraries\grocery_CRUD_Field_Types->get_field_input(Object(stdClass), Array)
#3 /home/wwwinte/public_html/screening/app/Libraries/GroceryCrud.php(1832): App\Libraries\grocery_CRUD_Layout->get_edit_input_fields(Object(stdClass))
#4 /home/wwwinte/public_html/screening/app/Libraries/GroceryCrud.php(4532): App\Libraries\grocery_CRUD_Layout->showEditForm(Object(stdClass))
#5 /home/wwwinte/public_html/screening/app/Controllers/Product.php(194): App\Libraries\GroceryCrud->render()
#6 /home/wwwinte/public_html/screening/system/CodeIgniter.php(936): App\Controllers\Product->screening_management('edit', '1002')
#7 /home/wwwinte/public_html/screening/system/CodeIgniter.php(432): CodeIgniter\CodeIgniter->runController(Object(App\Controllers\Product))
#8 /home/wwwinte/public_html/screening/system/CodeIgniter.php(333): CodeIgniter\CodeIgniter->handleRequest(NULL, Object(Config\Cache), false)
#9 /home/wwwinte/public_html/screening/public/index.php(44): CodeIgniter\CodeIgniter->run()
#10 {main}
CRITICAL - 2021-03-28 05:53:57 --> Undefined variable: name
#0 /home/wwwinte/public_html/screening/app/Libraries/InterneticsLibrary.php(74): CodeIgniter\Debug\Exceptions->errorHandler(8, 'Undefined varia...', '/home/wwwinte/p...', 74, Array)
#1 /home/wwwinte/public_html/screening/app/Libraries/GroceryCrud.php(231): App\Libraries\InterneticsLibrary->get_relation_n_n_input(Object(stdClass), Array)
#2 /home/wwwinte/public_html/screening/app/Libraries/GroceryCrud.php(2591): App\Libraries\grocery_CRUD_Field_Types->get_field_input(Object(stdClass), Array)
#3 /home/wwwinte/public_html/screening/app/Libraries/GroceryCrud.php(1832): App\Libraries\grocery_CRUD_Layout->get_edit_input_fields(Object(stdClass))
#4 /home/wwwinte/public_html/screening/app/Libraries/GroceryCrud.php(4532): App\Libraries\grocery_CRUD_Layout->showEditForm(Object(stdClass))
#5 /home/wwwinte/public_html/screening/app/Controllers/Product.php(194): App\Libraries\GroceryCrud->render()
#6 /home/wwwinte/public_html/screening/system/CodeIgniter.php(936): App\Controllers\Product->screening_management('edit', '1002')
#7 /home/wwwinte/public_html/screening/system/CodeIgniter.php(432): CodeIgniter\CodeIgniter->runController(Object(App\Controllers\Product))
#8 /home/wwwinte/public_html/screening/system/CodeIgniter.php(333): CodeIgniter\CodeIgniter->handleRequest(NULL, Object(Config\Cache), false)
#9 /home/wwwinte/public_html/screening/public/index.php(44): CodeIgniter\CodeIgniter->run()
#10 {main}
CRITICAL - 2021-03-28 06:02:09 --> syntax error, unexpected '{', expecting ')'
#0 /home/wwwinte/public_html/screening/system/Router/Router.php(170): CodeIgniter\Router\Router->autoRoute('product/screeni...')
#1 /home/wwwinte/public_html/screening/system/CodeIgniter.php(816): CodeIgniter\Router\Router->handle('product/screeni...')
#2 /home/wwwinte/public_html/screening/system/CodeIgniter.php(385): CodeIgniter\CodeIgniter->tryToRouteIt(Object(CodeIgniter\Router\RouteCollection))
#3 /home/wwwinte/public_html/screening/system/CodeIgniter.php(333): CodeIgniter\CodeIgniter->handleRequest(NULL, Object(Config\Cache), false)
#4 /home/wwwinte/public_html/screening/public/index.php(44): CodeIgniter\CodeIgniter->run()
#5 {main}
CRITICAL - 2021-03-28 06:02:39 --> syntax error, unexpected 'available_equipment_1_id' (T_STRING), expecting ')'
#0 /home/wwwinte/public_html/screening/system/Router/Router.php(170): CodeIgniter\Router\Router->autoRoute('product/screeni...')
#1 /home/wwwinte/public_html/screening/system/CodeIgniter.php(816): CodeIgniter\Router\Router->handle('product/screeni...')
#2 /home/wwwinte/public_html/screening/system/CodeIgniter.php(385): CodeIgniter\CodeIgniter->tryToRouteIt(Object(CodeIgniter\Router\RouteCollection))
#3 /home/wwwinte/public_html/screening/system/CodeIgniter.php(333): CodeIgniter\CodeIgniter->handleRequest(NULL, Object(Config\Cache), false)
#4 /home/wwwinte/public_html/screening/public/index.php(44): CodeIgniter\CodeIgniter->run()
#5 {main}
ERROR - 2021-03-28 06:03:02 --> mysqli_sql_exception: Unknown column '{available_equipment_1_id}' in 'where clause' in /home/wwwinte/public_html/screening/system/Database/MySQLi/Connection.php:314
Stack trace:
#0 /home/wwwinte/public_html/screening/system/Database/MySQLi/Connection.php(314): mysqli->query('SELECT *, name ...')
#1 /home/wwwinte/public_html/screening/system/Database/BaseConnection.php(713): CodeIgniter\Database\MySQLi\Connection->execute('SELECT *, name ...')
#2 /home/wwwinte/public_html/screening/system/Database/BaseConnection.php(641): CodeIgniter\Database\BaseConnection->simpleQuery('SELECT *, name ...')
#3 /home/wwwinte/public_html/screening/system/Database/BaseBuilder.php(1866): CodeIgniter\Database\BaseConnection->query('SELECT *, name ...', Array, false)
#4 /home/wwwinte/public_html/screening/app/Models/GroceryCrudModel.php(382): CodeIgniter\Database\BaseBuilder->get()
#5 /home/wwwinte/public_html/screening/app/Libraries/GroceryCrud.php(1426): App\Models\GroceryCrudModel->get_relation_n_n_unselected_array(Object(stdClass), Array)
#6 /home/wwwinte/public_html/screening/app/Libraries/InterneticsLibrary.php(54): App\Libraries\grocery_CRUD_Model_Driver->get_relation_n_n_unselected_array(Object(stdClass), Array)
#7 /home/wwwinte/public_html/screening/app/Libraries/GroceryCrud.php(231): App\Libraries\InterneticsLibrary->get_relation_n_n_input(Object(stdClass), Array)
#8 /home/wwwinte/public_html/screening/app/Libraries/GroceryCrud.php(2591): App\Libraries\grocery_CRUD_Field_Types->get_field_input(Object(stdClass), Array)
#9 /home/wwwinte/public_html/screening/app/Libraries/GroceryCrud.php(1832): App\Libraries\grocery_CRUD_Layout->get_edit_input_fields(Object(stdClass))
#10 /home/wwwinte/public_html/screening/app/Libraries/GroceryCrud.php(4532): App\Libraries\grocery_CRUD_Layout->showEditForm(Object(stdClass))
#11 /home/wwwinte/public_html/screening/app/Controllers/Product.php(194): App\Libraries\GroceryCrud->render()
#12 /home/wwwinte/public_html/screening/system/CodeIgniter.php(936): App\Controllers\Product->screening_management('edit', '1002')
#13 /home/wwwinte/public_html/screening/system/CodeIgniter.php(432): CodeIgniter\CodeIgniter->runController(Object(App\Controllers\Product))
#14 /home/wwwinte/public_html/screening/system/CodeIgniter.php(333): CodeIgniter\CodeIgniter->handleRequest(NULL, Object(Config\Cache), false)
#15 /home/wwwinte/public_html/screening/public/index.php(44): CodeIgniter\CodeIgniter->run()
#16 {main}
CRITICAL - 2021-03-28 06:03:02 --> Unknown column '{available_equipment_1_id}' in 'where clause'
#0 /home/wwwinte/public_html/screening/system/Database/MySQLi/Connection.php(314): mysqli->query('SELECT *, name ...')
#1 /home/wwwinte/public_html/screening/system/Database/BaseConnection.php(713): CodeIgniter\Database\MySQLi\Connection->execute('SELECT *, name ...')
#2 /home/wwwinte/public_html/screening/system/Database/BaseConnection.php(641): CodeIgniter\Database\BaseConnection->simpleQuery('SELECT *, name ...')
#3 /home/wwwinte/public_html/screening/system/Database/BaseBuilder.php(1866): CodeIgniter\Database\BaseConnection->query('SELECT *, name ...', Array, false)
#4 /home/wwwinte/public_html/screening/app/Models/GroceryCrudModel.php(382): CodeIgniter\Database\BaseBuilder->get()
#5 /home/wwwinte/public_html/screening/app/Libraries/GroceryCrud.php(1426): App\Models\GroceryCrudModel->get_relation_n_n_unselected_array(Object(stdClass), Array)
#6 /home/wwwinte/public_html/screening/app/Libraries/InterneticsLibrary.php(54): App\Libraries\grocery_CRUD_Model_Driver->get_relation_n_n_unselected_array(Object(stdClass), Array)
#7 /home/wwwinte/public_html/screening/app/Libraries/GroceryCrud.php(231): App\Libraries\InterneticsLibrary->get_relation_n_n_input(Object(stdClass), Array)
#8 /home/wwwinte/public_html/screening/app/Libraries/GroceryCrud.php(2591): App\Libraries\grocery_CRUD_Field_Types->get_field_input(Object(stdClass), Array)
#9 /home/wwwinte/public_html/screening/app/Libraries/GroceryCrud.php(1832): App\Libraries\grocery_CRUD_Layout->get_edit_input_fields(Object(stdClass))
#10 /home/wwwinte/public_html/screening/app/Libraries/GroceryCrud.php(4532): App\Libraries\grocery_CRUD_Layout->showEditForm(Object(stdClass))
#11 /home/wwwinte/public_html/screening/app/Controllers/Product.php(194): App\Libraries\GroceryCrud->render()
#12 /home/wwwinte/public_html/screening/system/CodeIgniter.php(936): App\Controllers\Product->screening_management('edit', '1002')
#13 /home/wwwinte/public_html/screening/system/CodeIgniter.php(432): CodeIgniter\CodeIgniter->runController(Object(App\Controllers\Product))
#14 /home/wwwinte/public_html/screening/system/CodeIgniter.php(333): CodeIgniter\CodeIgniter->handleRequest(NULL, Object(Config\Cache), false)
#15 /home/wwwinte/public_html/screening/public/index.php(44): CodeIgniter\CodeIgniter->run()
#16 {main}
ERROR - 2021-03-28 06:04:23 --> mysqli_sql_exception: Unknown column '{name}' in 'where clause' in /home/wwwinte/public_html/screening/system/Database/MySQLi/Connection.php:314
Stack trace:
#0 /home/wwwinte/public_html/screening/system/Database/MySQLi/Connection.php(314): mysqli->query('SELECT *, name ...')
#1 /home/wwwinte/public_html/screening/system/Database/BaseConnection.php(713): CodeIgniter\Database\MySQLi\Connection->execute('SELECT *, name ...')
#2 /home/wwwinte/public_html/screening/system/Database/BaseConnection.php(641): CodeIgniter\Database\BaseConnection->simpleQuery('SELECT *, name ...')
#3 /home/wwwinte/public_html/screening/system/Database/BaseBuilder.php(1866): CodeIgniter\Database\BaseConnection->query('SELECT *, name ...', Array, false)
#4 /home/wwwinte/public_html/screening/app/Models/GroceryCrudModel.php(382): CodeIgniter\Database\BaseBuilder->get()
#5 /home/wwwinte/public_html/screening/app/Libraries/GroceryCrud.php(1426): App\Models\GroceryCrudModel->get_relation_n_n_unselected_array(Object(stdClass), Array)
#6 /home/wwwinte/public_html/screening/app/Libraries/InterneticsLibrary.php(54): App\Libraries\grocery_CRUD_Model_Driver->get_relation_n_n_unselected_array(Object(stdClass), Array)
#7 /home/wwwinte/public_html/screening/app/Libraries/GroceryCrud.php(231): App\Libraries\InterneticsLibrary->get_relation_n_n_input(Object(stdClass), Array)
#8 /home/wwwinte/public_html/screening/app/Libraries/GroceryCrud.php(2591): App\Libraries\grocery_CRUD_Field_Types->get_field_input(Object(stdClass), Array)
#9 /home/wwwinte/public_html/screening/app/Libraries/GroceryCrud.php(1832): App\Libraries\grocery_CRUD_Layout->get_edit_input_fields(Object(stdClass))
#10 /home/wwwinte/public_html/screening/app/Libraries/GroceryCrud.php(4532): App\Libraries\grocery_CRUD_Layout->showEditForm(Object(stdClass))
#11 /home/wwwinte/public_html/screening/app/Controllers/Product.php(194): App\Libraries\GroceryCrud->render()
#12 /home/wwwinte/public_html/screening/system/CodeIgniter.php(936): App\Controllers\Product->screening_management('edit', '1002')
#13 /home/wwwinte/public_html/screening/system/CodeIgniter.php(432): CodeIgniter\CodeIgniter->runController(Object(App\Controllers\Product))
#14 /home/wwwinte/public_html/screening/system/CodeIgniter.php(333): CodeIgniter\CodeIgniter->handleRequest(NULL, Object(Config\Cache), false)
#15 /home/wwwinte/public_html/screening/public/index.php(44): CodeIgniter\CodeIgniter->run()
#16 {main}
CRITICAL - 2021-03-28 06:04:23 --> Unknown column '{name}' in 'where clause'
#0 /home/wwwinte/public_html/screening/system/Database/MySQLi/Connection.php(314): mysqli->query('SELECT *, name ...')
#1 /home/wwwinte/public_html/screening/system/Database/BaseConnection.php(713): CodeIgniter\Database\MySQLi\Connection->execute('SELECT *, name ...')
#2 /home/wwwinte/public_html/screening/system/Database/BaseConnection.php(641): CodeIgniter\Database\BaseConnection->simpleQuery('SELECT *, name ...')
#3 /home/wwwinte/public_html/screening/system/Database/BaseBuilder.php(1866): CodeIgniter\Database\BaseConnection->query('SELECT *, name ...', Array, false)
#4 /home/wwwinte/public_html/screening/app/Models/GroceryCrudModel.php(382): CodeIgniter\Database\BaseBuilder->get()
#5 /home/wwwinte/public_html/screening/app/Libraries/GroceryCrud.php(1426): App\Models\GroceryCrudModel->get_relation_n_n_unselected_array(Object(stdClass), Array)
#6 /home/wwwinte/public_html/screening/app/Libraries/InterneticsLibrary.php(54): App\Libraries\grocery_CRUD_Model_Driver->get_relation_n_n_unselected_array(Object(stdClass), Array)
#7 /home/wwwinte/public_html/screening/app/Libraries/GroceryCrud.php(231): App\Libraries\InterneticsLibrary->get_relation_n_n_input(Object(stdClass), Array)
#8 /home/wwwinte/public_html/screening/app/Libraries/GroceryCrud.php(2591): App\Libraries\grocery_CRUD_Field_Types->get_field_input(Object(stdClass), Array)
#9 /home/wwwinte/public_html/screening/app/Libraries/GroceryCrud.php(1832): App\Libraries\grocery_CRUD_Layout->get_edit_input_fields(Object(stdClass))
#10 /home/wwwinte/public_html/screening/app/Libraries/GroceryCrud.php(4532): App\Libraries\grocery_CRUD_Layout->showEditForm(Object(stdClass))
#11 /home/wwwinte/public_html/screening/app/Controllers/Product.php(194): App\Libraries\GroceryCrud->render()
#12 /home/wwwinte/public_html/screening/system/CodeIgniter.php(936): App\Controllers\Product->screening_management('edit', '1002')
#13 /home/wwwinte/public_html/screening/system/CodeIgniter.php(432): CodeIgniter\CodeIgniter->runController(Object(App\Controllers\Product))
#14 /home/wwwinte/public_html/screening/system/CodeIgniter.php(333): CodeIgniter\CodeIgniter->handleRequest(NULL, Object(Config\Cache), false)
#15 /home/wwwinte/public_html/screening/public/index.php(44): CodeIgniter\CodeIgniter->run()
#16 {main}
ERROR - 2021-03-28 06:07:58 --> mysqli_sql_exception: Column 'available_equipment_1_id' in field list is ambiguous in /home/wwwinte/public_html/screening/system/Database/MySQLi/Connection.php:314
Stack trace:
#0 /home/wwwinte/public_html/screening/system/Database/MySQLi/Connection.php(314): mysqli->query('SELECT *, avail...')
#1 /home/wwwinte/public_html/screening/system/Database/BaseConnection.php(713): CodeIgniter\Database\MySQLi\Connection->execute('SELECT *, avail...')
#2 /home/wwwinte/public_html/screening/system/Database/BaseConnection.php(641): CodeIgniter\Database\BaseConnection->simpleQuery('SELECT *, avail...')
#3 /home/wwwinte/public_html/screening/system/Database/BaseBuilder.php(1866): CodeIgniter\Database\BaseConnection->query('SELECT *, avail...', Array, false)
#4 /home/wwwinte/public_html/screening/app/Models/GroceryCrudModel.php(339): CodeIgniter\Database\BaseBuilder->get()
#5 /home/wwwinte/public_html/screening/app/Libraries/GroceryCrud.php(1421): App\Models\GroceryCrudModel->get_relation_n_n_selection_array('1002', Object(stdClass))
#6 /home/wwwinte/public_html/screening/app/Libraries/GroceryCrud.php(1397): App\Libraries\grocery_CRUD_Model_Driver->get_relation_n_n_selection_array('1002', Object(stdClass))
#7 /home/wwwinte/public_html/screening/app/Libraries/GroceryCrud.php(1825): App\Libraries\grocery_CRUD_Model_Driver->get_edit_values('1002')
#8 /home/wwwinte/public_html/screening/app/Libraries/GroceryCrud.php(4532): App\Libraries\grocery_CRUD_Layout->showEditForm(Object(stdClass))
#9 /home/wwwinte/public_html/screening/app/Controllers/Product.php(194): App\Libraries\GroceryCrud->render()
#10 /home/wwwinte/public_html/screening/system/CodeIgniter.php(936): App\Controllers\Product->screening_management('edit', '1002')
#11 /home/wwwinte/public_html/screening/system/CodeIgniter.php(432): CodeIgniter\CodeIgniter->runController(Object(App\Controllers\Product))
#12 /home/wwwinte/public_html/screening/system/CodeIgniter.php(333): CodeIgniter\CodeIgniter->handleRequest(NULL, Object(Config\Cache), false)
#13 /home/wwwinte/public_html/screening/public/index.php(44): CodeIgniter\CodeIgniter->run()
#14 {main}
CRITICAL - 2021-03-28 06:07:58 --> Column 'available_equipment_1_id' in field list is ambiguous
#0 /home/wwwinte/public_html/screening/system/Database/MySQLi/Connection.php(314): mysqli->query('SELECT *, avail...')
#1 /home/wwwinte/public_html/screening/system/Database/BaseConnection.php(713): CodeIgniter\Database\MySQLi\Connection->execute('SELECT *, avail...')
#2 /home/wwwinte/public_html/screening/system/Database/BaseConnection.php(641): CodeIgniter\Database\BaseConnection->simpleQuery('SELECT *, avail...')
#3 /home/wwwinte/public_html/screening/system/Database/BaseBuilder.php(1866): CodeIgniter\Database\BaseConnection->query('SELECT *, avail...', Array, false)
#4 /home/wwwinte/public_html/screening/app/Models/GroceryCrudModel.php(339): CodeIgniter\Database\BaseBuilder->get()
#5 /home/wwwinte/public_html/screening/app/Libraries/GroceryCrud.php(1421): App\Models\GroceryCrudModel->get_relation_n_n_selection_array('1002', Object(stdClass))
#6 /home/wwwinte/public_html/screening/app/Libraries/GroceryCrud.php(1397): App\Libraries\grocery_CRUD_Model_Driver->get_relation_n_n_selection_array('1002', Object(stdClass))
#7 /home/wwwinte/public_html/screening/app/Libraries/GroceryCrud.php(1825): App\Libraries\grocery_CRUD_Model_Driver->get_edit_values('1002')
#8 /home/wwwinte/public_html/screening/app/Libraries/GroceryCrud.php(4532): App\Libraries\grocery_CRUD_Layout->showEditForm(Object(stdClass))
#9 /home/wwwinte/public_html/screening/app/Controllers/Product.php(194): App\Libraries\GroceryCrud->render()
#10 /home/wwwinte/public_html/screening/system/CodeIgniter.php(936): App\Controllers\Product->screening_management('edit', '1002')
#11 /home/wwwinte/public_html/screening/system/CodeIgniter.php(432): CodeIgniter\CodeIgniter->runController(Object(App\Controllers\Product))
#12 /home/wwwinte/public_html/screening/system/CodeIgniter.php(333): CodeIgniter\CodeIgniter->handleRequest(NULL, Object(Config\Cache), false)
#13 /home/wwwinte/public_html/screening/public/index.php(44): CodeIgniter\CodeIgniter->run()
#14 {main}
ERROR - 2021-03-28 06:09:29 --> mysqli_sql_exception: Column 'available_equipment_1_id' in field list is ambiguous in /home/wwwinte/public_html/screening/system/Database/MySQLi/Connection.php:314
Stack trace:
#0 /home/wwwinte/public_html/screening/system/Database/MySQLi/Connection.php(314): mysqli->query('SELECT *, avail...')
#1 /home/wwwinte/public_html/screening/system/Database/BaseConnection.php(713): CodeIgniter\Database\MySQLi\Connection->execute('SELECT *, avail...')
#2 /home/wwwinte/public_html/screening/system/Database/BaseConnection.php(641): CodeIgniter\Database\BaseConnection->simpleQuery('SELECT *, avail...')
#3 /home/wwwinte/public_html/screening/system/Database/BaseBuilder.php(1866): CodeIgniter\Database\BaseConnection->query('SELECT *, avail...', Array, false)
#4 /home/wwwinte/public_html/screening/app/Models/GroceryCrudModel.php(339): CodeIgniter\Database\BaseBuilder->get()
#5 /home/wwwinte/public_html/screening/app/Libraries/GroceryCrud.php(1421): App\Models\GroceryCrudModel->get_relation_n_n_selection_array('1002', Object(stdClass))
#6 /home/wwwinte/public_html/screening/app/Libraries/GroceryCrud.php(1397): App\Libraries\grocery_CRUD_Model_Driver->get_relation_n_n_selection_array('1002', Object(stdClass))
#7 /home/wwwinte/public_html/screening/app/Libraries/GroceryCrud.php(1825): App\Libraries\grocery_CRUD_Model_Driver->get_edit_values('1002')
#8 /home/wwwinte/public_html/screening/app/Libraries/GroceryCrud.php(4532): App\Libraries\grocery_CRUD_Layout->showEditForm(Object(stdClass))
#9 /home/wwwinte/public_html/screening/app/Controllers/Product.php(194): App\Libraries\GroceryCrud->render()
#10 /home/wwwinte/public_html/screening/system/CodeIgniter.php(936): App\Controllers\Product->screening_management('edit', '1002')
#11 /home/wwwinte/public_html/screening/system/CodeIgniter.php(432): CodeIgniter\CodeIgniter->runController(Object(App\Controllers\Product))
#12 /home/wwwinte/public_html/screening/system/CodeIgniter.php(333): CodeIgniter\CodeIgniter->handleRequest(NULL, Object(Config\Cache), false)
#13 /home/wwwinte/public_html/screening/public/index.php(44): CodeIgniter\CodeIgniter->run()
#14 {main}
CRITICAL - 2021-03-28 06:09:29 --> Column 'available_equipment_1_id' in field list is ambiguous
#0 /home/wwwinte/public_html/screening/system/Database/MySQLi/Connection.php(314): mysqli->query('SELECT *, avail...')
#1 /home/wwwinte/public_html/screening/system/Database/BaseConnection.php(713): CodeIgniter\Database\MySQLi\Connection->execute('SELECT *, avail...')
#2 /home/wwwinte/public_html/screening/system/Database/BaseConnection.php(641): CodeIgniter\Database\BaseConnection->simpleQuery('SELECT *, avail...')
#3 /home/wwwinte/public_html/screening/system/Database/BaseBuilder.php(1866): CodeIgniter\Database\BaseConnection->query('SELECT *, avail...', Array, false)
#4 /home/wwwinte/public_html/screening/app/Models/GroceryCrudModel.php(339): CodeIgniter\Database\BaseBuilder->get()
#5 /home/wwwinte/public_html/screening/app/Libraries/GroceryCrud.php(1421): App\Models\GroceryCrudModel->get_relation_n_n_selection_array('1002', Object(stdClass))
#6 /home/wwwinte/public_html/screening/app/Libraries/GroceryCrud.php(1397): App\Libraries\grocery_CRUD_Model_Driver->get_relation_n_n_selection_array('1002', Object(stdClass))
#7 /home/wwwinte/public_html/screening/app/Libraries/GroceryCrud.php(1825): App\Libraries\grocery_CRUD_Model_Driver->get_edit_values('1002')
#8 /home/wwwinte/public_html/screening/app/Libraries/GroceryCrud.php(4532): App\Libraries\grocery_CRUD_Layout->showEditForm(Object(stdClass))
#9 /home/wwwinte/public_html/screening/app/Controllers/Product.php(194): App\Libraries\GroceryCrud->render()
#10 /home/wwwinte/public_html/screening/system/CodeIgniter.php(936): App\Controllers\Product->screening_management('edit', '1002')
#11 /home/wwwinte/public_html/screening/system/CodeIgniter.php(432): CodeIgniter\CodeIgniter->runController(Object(App\Controllers\Product))
#12 /home/wwwinte/public_html/screening/system/CodeIgniter.php(333): CodeIgniter\CodeIgniter->handleRequest(NULL, Object(Config\Cache), false)
#13 /home/wwwinte/public_html/screening/public/index.php(44): CodeIgniter\CodeIgniter->run()
#14 {main}
ERROR - 2021-03-28 06:09:56 --> mysqli_sql_exception: Unknown column 'available_equipment_1_data.available_equipment_1_link_id' in 'order clause' in /home/wwwinte/public_html/screening/system/Database/MySQLi/Connection.php:314
Stack trace:
#0 /home/wwwinte/public_html/screening/system/Database/MySQLi/Connection.php(314): mysqli->query('SELECT *, avail...')
#1 /home/wwwinte/public_html/screening/system/Database/BaseConnection.php(713): CodeIgniter\Database\MySQLi\Connection->execute('SELECT *, avail...')
#2 /home/wwwinte/public_html/screening/system/Database/BaseConnection.php(641): CodeIgniter\Database\BaseConnection->simpleQuery('SELECT *, avail...')
#3 /home/wwwinte/public_html/screening/system/Database/BaseBuilder.php(1866): CodeIgniter\Database\BaseConnection->query('SELECT *, avail...', Array, false)
#4 /home/wwwinte/public_html/screening/app/Models/GroceryCrudModel.php(339): CodeIgniter\Database\BaseBuilder->get()
#5 /home/wwwinte/public_html/screening/app/Libraries/GroceryCrud.php(1421): App\Models\GroceryCrudModel->get_relation_n_n_selection_array('1002', Object(stdClass))
#6 /home/wwwinte/public_html/screening/app/Libraries/GroceryCrud.php(1397): App\Libraries\grocery_CRUD_Model_Driver->get_relation_n_n_selection_array('1002', Object(stdClass))
#7 /home/wwwinte/public_html/screening/app/Libraries/GroceryCrud.php(1825): App\Libraries\grocery_CRUD_Model_Driver->get_edit_values('1002')
#8 /home/wwwinte/public_html/screening/app/Libraries/GroceryCrud.php(4532): App\Libraries\grocery_CRUD_Layout->showEditForm(Object(stdClass))
#9 /home/wwwinte/public_html/screening/app/Controllers/Product.php(194): App\Libraries\GroceryCrud->render()
#10 /home/wwwinte/public_html/screening/system/CodeIgniter.php(936): App\Controllers\Product->screening_management('edit', '1002')
#11 /home/wwwinte/public_html/screening/system/CodeIgniter.php(432): CodeIgniter\CodeIgniter->runController(Object(App\Controllers\Product))
#12 /home/wwwinte/public_html/screening/system/CodeIgniter.php(333): CodeIgniter\CodeIgniter->handleRequest(NULL, Object(Config\Cache), false)
#13 /home/wwwinte/public_html/screening/public/index.php(44): CodeIgniter\CodeIgniter->run()
#14 {main}
CRITICAL - 2021-03-28 06:09:56 --> Unknown column 'available_equipment_1_data.available_equipment_1_link_id' in 'order clause'
#0 /home/wwwinte/public_html/screening/system/Database/MySQLi/Connection.php(314): mysqli->query('SELECT *, avail...')
#1 /home/wwwinte/public_html/screening/system/Database/BaseConnection.php(713): CodeIgniter\Database\MySQLi\Connection->execute('SELECT *, avail...')
#2 /home/wwwinte/public_html/screening/system/Database/BaseConnection.php(641): CodeIgniter\Database\BaseConnection->simpleQuery('SELECT *, avail...')
#3 /home/wwwinte/public_html/screening/system/Database/BaseBuilder.php(1866): CodeIgniter\Database\BaseConnection->query('SELECT *, avail...', Array, false)
#4 /home/wwwinte/public_html/screening/app/Models/GroceryCrudModel.php(339): CodeIgniter\Database\BaseBuilder->get()
#5 /home/wwwinte/public_html/screening/app/Libraries/GroceryCrud.php(1421): App\Models\GroceryCrudModel->get_relation_n_n_selection_array('1002', Object(stdClass))
#6 /home/wwwinte/public_html/screening/app/Libraries/GroceryCrud.php(1397): App\Libraries\grocery_CRUD_Model_Driver->get_relation_n_n_selection_array('1002', Object(stdClass))
#7 /home/wwwinte/public_html/screening/app/Libraries/GroceryCrud.php(1825): App\Libraries\grocery_CRUD_Model_Driver->get_edit_values('1002')
#8 /home/wwwinte/public_html/screening/app/Libraries/GroceryCrud.php(4532): App\Libraries\grocery_CRUD_Layout->showEditForm(Object(stdClass))
#9 /home/wwwinte/public_html/screening/app/Controllers/Product.php(194): App\Libraries\GroceryCrud->render()
#10 /home/wwwinte/public_html/screening/system/CodeIgniter.php(936): App\Controllers\Product->screening_management('edit', '1002')
#11 /home/wwwinte/public_html/screening/system/CodeIgniter.php(432): CodeIgniter\CodeIgniter->runController(Object(App\Controllers\Product))
#12 /home/wwwinte/public_html/screening/system/CodeIgniter.php(333): CodeIgniter\CodeIgniter->handleRequest(NULL, Object(Config\Cache), false)
#13 /home/wwwinte/public_html/screening/public/index.php(44): CodeIgniter\CodeIgniter->run()
#14 {main}
ERROR - 2021-03-28 06:13:22 --> mysqli_sql_exception: Unknown column 'available_equipment_1_link_table.available_equipment_1_data_id' in 'on clause' in /home/wwwinte/public_html/screening/system/Database/MySQLi/Connection.php:314
Stack trace:
#0 /home/wwwinte/public_html/screening/system/Database/MySQLi/Connection.php(314): mysqli->query('SELECT *, name ...')
#1 /home/wwwinte/public_html/screening/system/Database/BaseConnection.php(713): CodeIgniter\Database\MySQLi\Connection->execute('SELECT *, name ...')
#2 /home/wwwinte/public_html/screening/system/Database/BaseConnection.php(641): CodeIgniter\Database\BaseConnection->simpleQuery('SELECT *, name ...')
#3 /home/wwwinte/public_html/screening/system/Database/BaseBuilder.php(1866): CodeIgniter\Database\BaseConnection->query('SELECT *, name ...', Array, false)
#4 /home/wwwinte/public_html/screening/app/Models/GroceryCrudModel.php(339): CodeIgniter\Database\BaseBuilder->get()
#5 /home/wwwinte/public_html/screening/app/Libraries/GroceryCrud.php(1421): App\Models\GroceryCrudModel->get_relation_n_n_selection_array('1002', Object(stdClass))
#6 /home/wwwinte/public_html/screening/app/Libraries/GroceryCrud.php(1397): App\Libraries\grocery_CRUD_Model_Driver->get_relation_n_n_selection_array('1002', Object(stdClass))
#7 /home/wwwinte/public_html/screening/app/Libraries/GroceryCrud.php(1825): App\Libraries\grocery_CRUD_Model_Driver->get_edit_values('1002')
#8 /home/wwwinte/public_html/screening/app/Libraries/GroceryCrud.php(4532): App\Libraries\grocery_CRUD_Layout->showEditForm(Object(stdClass))
#9 /home/wwwinte/public_html/screening/app/Controllers/Product.php(194): App\Libraries\GroceryCrud->render()
#10 /home/wwwinte/public_html/screening/system/CodeIgniter.php(936): App\Controllers\Product->screening_management('edit', '1002')
#11 /home/wwwinte/public_html/screening/system/CodeIgniter.php(432): CodeIgniter\CodeIgniter->runController(Object(App\Controllers\Product))
#12 /home/wwwinte/public_html/screening/system/CodeIgniter.php(333): CodeIgniter\CodeIgniter->handleRequest(NULL, Object(Config\Cache), false)
#13 /home/wwwinte/public_html/screening/public/index.php(44): CodeIgniter\CodeIgniter->run()
#14 {main}
CRITICAL - 2021-03-28 06:13:22 --> Unknown column 'available_equipment_1_link_table.available_equipment_1_data_id' in 'on clause'
#0 /home/wwwinte/public_html/screening/system/Database/MySQLi/Connection.php(314): mysqli->query('SELECT *, name ...')
#1 /home/wwwinte/public_html/screening/system/Database/BaseConnection.php(713): CodeIgniter\Database\MySQLi\Connection->execute('SELECT *, name ...')
#2 /home/wwwinte/public_html/screening/system/Database/BaseConnection.php(641): CodeIgniter\Database\BaseConnection->simpleQuery('SELECT *, name ...')
#3 /home/wwwinte/public_html/screening/system/Database/BaseBuilder.php(1866): CodeIgniter\Database\BaseConnection->query('SELECT *, name ...', Array, false)
#4 /home/wwwinte/public_html/screening/app/Models/GroceryCrudModel.php(339): CodeIgniter\Database\BaseBuilder->get()
#5 /home/wwwinte/public_html/screening/app/Libraries/GroceryCrud.php(1421): App\Models\GroceryCrudModel->get_relation_n_n_selection_array('1002', Object(stdClass))
#6 /home/wwwinte/public_html/screening/app/Libraries/GroceryCrud.php(1397): App\Libraries\grocery_CRUD_Model_Driver->get_relation_n_n_selection_array('1002', Object(stdClass))
#7 /home/wwwinte/public_html/screening/app/Libraries/GroceryCrud.php(1825): App\Libraries\grocery_CRUD_Model_Driver->get_edit_values('1002')
#8 /home/wwwinte/public_html/screening/app/Libraries/GroceryCrud.php(4532): App\Libraries\grocery_CRUD_Layout->showEditForm(Object(stdClass))
#9 /home/wwwinte/public_html/screening/app/Controllers/Product.php(194): App\Libraries\GroceryCrud->render()
#10 /home/wwwinte/public_html/screening/system/CodeIgniter.php(936): App\Controllers\Product->screening_management('edit', '1002')
#11 /home/wwwinte/public_html/screening/system/CodeIgniter.php(432): CodeIgniter\CodeIgniter->runController(Object(App\Controllers\Product))
#12 /home/wwwinte/public_html/screening/system/CodeIgniter.php(333): CodeIgniter\CodeIgniter->handleRequest(NULL, Object(Config\Cache), false)
#13 /home/wwwinte/public_html/screening/public/index.php(44): CodeIgniter\CodeIgniter->run()
#14 {main}
ERROR - 2021-03-28 06:21:19 --> mysqli_sql_exception: Unknown column 'available_equipment_1_link_table.available_equipment_1_id' in 'on clause' in /home/wwwinte/public_html/screening/system/Database/MySQLi/Connection.php:314
Stack trace:
#0 /home/wwwinte/public_html/screening/system/Database/MySQLi/Connection.php(314): mysqli->query('SELECT *, name ...')
#1 /home/wwwinte/public_html/screening/system/Database/BaseConnection.php(713): CodeIgniter\Database\MySQLi\Connection->execute('SELECT *, name ...')
#2 /home/wwwinte/public_html/screening/system/Database/BaseConnection.php(641): CodeIgniter\Database\BaseConnection->simpleQuery('SELECT *, name ...')
#3 /home/wwwinte/public_html/screening/system/Database/BaseBuilder.php(1866): CodeIgniter\Database\BaseConnection->query('SELECT *, name ...', Array, false)
#4 /home/wwwinte/public_html/screening/app/Models/GroceryCrudModel.php(339): CodeIgniter\Database\BaseBuilder->get()
#5 /home/wwwinte/public_html/screening/app/Libraries/GroceryCrud.php(1421): App\Models\GroceryCrudModel->get_relation_n_n_selection_array('1002', Object(stdClass))
#6 /home/wwwinte/public_html/screening/app/Libraries/GroceryCrud.php(1397): App\Libraries\grocery_CRUD_Model_Driver->get_relation_n_n_selection_array('1002', Object(stdClass))
#7 /home/wwwinte/public_html/screening/app/Libraries/GroceryCrud.php(1825): App\Libraries\grocery_CRUD_Model_Driver->get_edit_values('1002')
#8 /home/wwwinte/public_html/screening/app/Libraries/GroceryCrud.php(4532): App\Libraries\grocery_CRUD_Layout->showEditForm(Object(stdClass))
#9 /home/wwwinte/public_html/screening/app/Controllers/Product.php(194): App\Libraries\GroceryCrud->render()
#10 /home/wwwinte/public_html/screening/system/CodeIgniter.php(936): App\Controllers\Product->screening_management('edit', '1002')
#11 /home/wwwinte/public_html/screening/system/CodeIgniter.php(432): CodeIgniter\CodeIgniter->runController(Object(App\Controllers\Product))
#12 /home/wwwinte/public_html/screening/system/CodeIgniter.php(333): CodeIgniter\CodeIgniter->handleRequest(NULL, Object(Config\Cache), false)
#13 /home/wwwinte/public_html/screening/public/index.php(44): CodeIgniter\CodeIgniter->run()
#14 {main}
CRITICAL - 2021-03-28 06:21:19 --> Unknown column 'available_equipment_1_link_table.available_equipment_1_id' in 'on clause'
#0 /home/wwwinte/public_html/screening/system/Database/MySQLi/Connection.php(314): mysqli->query('SELECT *, name ...')
#1 /home/wwwinte/public_html/screening/system/Database/BaseConnection.php(713): CodeIgniter\Database\MySQLi\Connection->execute('SELECT *, name ...')
#2 /home/wwwinte/public_html/screening/system/Database/BaseConnection.php(641): CodeIgniter\Database\BaseConnection->simpleQuery('SELECT *, name ...')
#3 /home/wwwinte/public_html/screening/system/Database/BaseBuilder.php(1866): CodeIgniter\Database\BaseConnection->query('SELECT *, name ...', Array, false)
#4 /home/wwwinte/public_html/screening/app/Models/GroceryCrudModel.php(339): CodeIgniter\Database\BaseBuilder->get()
#5 /home/wwwinte/public_html/screening/app/Libraries/GroceryCrud.php(1421): App\Models\GroceryCrudModel->get_relation_n_n_selection_array('1002', Object(stdClass))
#6 /home/wwwinte/public_html/screening/app/Libraries/GroceryCrud.php(1397): App\Libraries\grocery_CRUD_Model_Driver->get_relation_n_n_selection_array('1002', Object(stdClass))
#7 /home/wwwinte/public_html/screening/app/Libraries/GroceryCrud.php(1825): App\Libraries\grocery_CRUD_Model_Driver->get_edit_values('1002')
#8 /home/wwwinte/public_html/screening/app/Libraries/GroceryCrud.php(4532): App\Libraries\grocery_CRUD_Layout->showEditForm(Object(stdClass))
#9 /home/wwwinte/public_html/screening/app/Controllers/Product.php(194): App\Libraries\GroceryCrud->render()
#10 /home/wwwinte/public_html/screening/system/CodeIgniter.php(936): App\Controllers\Product->screening_management('edit', '1002')
#11 /home/wwwinte/public_html/screening/system/CodeIgniter.php(432): CodeIgniter\CodeIgniter->runController(Object(App\Controllers\Product))
#12 /home/wwwinte/public_html/screening/system/CodeIgniter.php(333): CodeIgniter\CodeIgniter->handleRequest(NULL, Object(Config\Cache), false)
#13 /home/wwwinte/public_html/screening/public/index.php(44): CodeIgniter\CodeIgniter->run()
#14 {main}
ERROR - 2021-03-28 06:26:03 --> mysqli_sql_exception: Unknown column 'avail_equipment_1_id' in 'where clause' in /home/wwwinte/public_html/screening/system/Database/MySQLi/Connection.php:314
Stack trace:
#0 /home/wwwinte/public_html/screening/system/Database/MySQLi/Connection.php(314): mysqli->query('SELECT *, name ...')
#1 /home/wwwinte/public_html/screening/system/Database/BaseConnection.php(713): CodeIgniter\Database\MySQLi\Connection->execute('SELECT *, name ...')
#2 /home/wwwinte/public_html/screening/system/Database/BaseConnection.php(641): CodeIgniter\Database\BaseConnection->simpleQuery('SELECT *, name ...')
#3 /home/wwwinte/public_html/screening/system/Database/BaseBuilder.php(1866): CodeIgniter\Database\BaseConnection->query('SELECT *, name ...', Array, false)
#4 /home/wwwinte/public_html/screening/app/Models/GroceryCrudModel.php(382): CodeIgniter\Database\BaseBuilder->get()
#5 /home/wwwinte/public_html/screening/app/Libraries/GroceryCrud.php(1426): App\Models\GroceryCrudModel->get_relation_n_n_unselected_array(Object(stdClass), Array)
#6 /home/wwwinte/public_html/screening/app/Libraries/InterneticsLibrary.php(54): App\Libraries\grocery_CRUD_Model_Driver->get_relation_n_n_unselected_array(Object(stdClass), Array)
#7 /home/wwwinte/public_html/screening/app/Libraries/GroceryCrud.php(231): App\Libraries\InterneticsLibrary->get_relation_n_n_input(Object(stdClass), Array)
#8 /home/wwwinte/public_html/screening/app/Libraries/GroceryCrud.php(2591): App\Libraries\grocery_CRUD_Field_Types->get_field_input(Object(stdClass), Array)
#9 /home/wwwinte/public_html/screening/app/Libraries/GroceryCrud.php(1832): App\Libraries\grocery_CRUD_Layout->get_edit_input_fields(Object(stdClass))
#10 /home/wwwinte/public_html/screening/app/Libraries/GroceryCrud.php(4532): App\Libraries\grocery_CRUD_Layout->showEditForm(Object(stdClass))
#11 /home/wwwinte/public_html/screening/app/Controllers/Product.php(194): App\Libraries\GroceryCrud->render()
#12 /home/wwwinte/public_html/screening/system/CodeIgniter.php(936): App\Controllers\Product->screening_management('edit', '1003')
#13 /home/wwwinte/public_html/screening/system/CodeIgniter.php(432): CodeIgniter\CodeIgniter->runController(Object(App\Controllers\Product))
#14 /home/wwwinte/public_html/screening/system/CodeIgniter.php(333): CodeIgniter\CodeIgniter->handleRequest(NULL, Object(Config\Cache), false)
#15 /home/wwwinte/public_html/screening/public/index.php(44): CodeIgniter\CodeIgniter->run()
#16 {main}
CRITICAL - 2021-03-28 06:26:03 --> Unknown column 'avail_equipment_1_id' in 'where clause'
#0 /home/wwwinte/public_html/screening/system/Database/MySQLi/Connection.php(314): mysqli->query('SELECT *, name ...')
#1 /home/wwwinte/public_html/screening/system/Database/BaseConnection.php(713): CodeIgniter\Database\MySQLi\Connection->execute('SELECT *, name ...')
#2 /home/wwwinte/public_html/screening/system/Database/BaseConnection.php(641): CodeIgniter\Database\BaseConnection->simpleQuery('SELECT *, name ...')
#3 /home/wwwinte/public_html/screening/system/Database/BaseBuilder.php(1866): CodeIgniter\Database\BaseConnection->query('SELECT *, name ...', Array, false)
#4 /home/wwwinte/public_html/screening/app/Models/GroceryCrudModel.php(382): CodeIgniter\Database\BaseBuilder->get()
#5 /home/wwwinte/public_html/screening/app/Libraries/GroceryCrud.php(1426): App\Models\GroceryCrudModel->get_relation_n_n_unselected_array(Object(stdClass), Array)
#6 /home/wwwinte/public_html/screening/app/Libraries/InterneticsLibrary.php(54): App\Libraries\grocery_CRUD_Model_Driver->get_relation_n_n_unselected_array(Object(stdClass), Array)
#7 /home/wwwinte/public_html/screening/app/Libraries/GroceryCrud.php(231): App\Libraries\InterneticsLibrary->get_relation_n_n_input(Object(stdClass), Array)
#8 /home/wwwinte/public_html/screening/app/Libraries/GroceryCrud.php(2591): App\Libraries\grocery_CRUD_Field_Types->get_field_input(Object(stdClass), Array)
#9 /home/wwwinte/public_html/screening/app/Libraries/GroceryCrud.php(1832): App\Libraries\grocery_CRUD_Layout->get_edit_input_fields(Object(stdClass))
#10 /home/wwwinte/public_html/screening/app/Libraries/GroceryCrud.php(4532): App\Libraries\grocery_CRUD_Layout->showEditForm(Object(stdClass))
#11 /home/wwwinte/public_html/screening/app/Controllers/Product.php(194): App\Libraries\GroceryCrud->render()
#12 /home/wwwinte/public_html/screening/system/CodeIgniter.php(936): App\Controllers\Product->screening_management('edit', '1003')
#13 /home/wwwinte/public_html/screening/system/CodeIgniter.php(432): CodeIgniter\CodeIgniter->runController(Object(App\Controllers\Product))
#14 /home/wwwinte/public_html/screening/system/CodeIgniter.php(333): CodeIgniter\CodeIgniter->handleRequest(NULL, Object(Config\Cache), false)
#15 /home/wwwinte/public_html/screening/public/index.php(44): CodeIgniter\CodeIgniter->run()
#16 {main}
CRITICAL - 2021-03-28 06:28:21 --> syntax error, unexpected ',', expecting ']'
#0 /home/wwwinte/public_html/screening/system/Router/Router.php(170): CodeIgniter\Router\Router->autoRoute('product/screeni...')
#1 /home/wwwinte/public_html/screening/system/CodeIgniter.php(816): CodeIgniter\Router\Router->handle('product/screeni...')
#2 /home/wwwinte/public_html/screening/system/CodeIgniter.php(385): CodeIgniter\CodeIgniter->tryToRouteIt(Object(CodeIgniter\Router\RouteCollection))
#3 /home/wwwinte/public_html/screening/system/CodeIgniter.php(333): CodeIgniter\CodeIgniter->handleRequest(NULL, Object(Config\Cache), false)
#4 /home/wwwinte/public_html/screening/public/index.php(44): CodeIgniter\CodeIgniter->run()
#5 {main}
CRITICAL - 2021-03-28 06:28:55 --> syntax error, unexpected ',', expecting ']'
#0 /home/wwwinte/public_html/screening/system/Router/Router.php(170): CodeIgniter\Router\Router->autoRoute('product/screeni...')
#1 /home/wwwinte/public_html/screening/system/CodeIgniter.php(816): CodeIgniter\Router\Router->handle('product/screeni...')
#2 /home/wwwinte/public_html/screening/system/CodeIgniter.php(385): CodeIgniter\CodeIgniter->tryToRouteIt(Object(CodeIgniter\Router\RouteCollection))
#3 /home/wwwinte/public_html/screening/system/CodeIgniter.php(333): CodeIgniter\CodeIgniter->handleRequest(NULL, Object(Config\Cache), false)
#4 /home/wwwinte/public_html/screening/public/index.php(44): CodeIgniter\CodeIgniter->run()
#5 {main}
CRITICAL - 2021-03-28 06:30:40 --> syntax error, unexpected ',', expecting ']'
#0 /home/wwwinte/public_html/screening/system/Router/Router.php(170): CodeIgniter\Router\Router->autoRoute('product/screeni...')
#1 /home/wwwinte/public_html/screening/system/CodeIgniter.php(816): CodeIgniter\Router\Router->handle('product/screeni...')
#2 /home/wwwinte/public_html/screening/system/CodeIgniter.php(385): CodeIgniter\CodeIgniter->tryToRouteIt(Object(CodeIgniter\Router\RouteCollection))
#3 /home/wwwinte/public_html/screening/system/CodeIgniter.php(333): CodeIgniter\CodeIgniter->handleRequest(NULL, Object(Config\Cache), false)
#4 /home/wwwinte/public_html/screening/public/index.php(44): CodeIgniter\CodeIgniter->run()
#5 {main}
CRITICAL - 2021-03-28 06:31:00 --> Illegal string offset 'available_equipment_1_id'
#0 /home/wwwinte/public_html/screening/app/Controllers/Product.php(179): CodeIgniter\Debug\Exceptions->errorHandler(2, 'Illegal string ...', '/home/wwwinte/p...', 179, Array)
#1 /home/wwwinte/public_html/screening/system/CodeIgniter.php(936): App\Controllers\Product->screening_management('edit', '1003')
#2 /home/wwwinte/public_html/screening/system/CodeIgniter.php(432): CodeIgniter\CodeIgniter->runController(Object(App\Controllers\Product))
#3 /home/wwwinte/public_html/screening/system/CodeIgniter.php(333): CodeIgniter\CodeIgniter->handleRequest(NULL, Object(Config\Cache), false)
#4 /home/wwwinte/public_html/screening/public/index.php(44): CodeIgniter\CodeIgniter->run()
#5 {main}
CRITICAL - 2021-03-28 06:43:10 --> syntax error, unexpected '=>' (T_DOUBLE_ARROW), expecting ')'
#0 /home/wwwinte/public_html/screening/system/Router/Router.php(170): CodeIgniter\Router\Router->autoRoute('product/screeni...')
#1 /home/wwwinte/public_html/screening/system/CodeIgniter.php(816): CodeIgniter\Router\Router->handle('product/screeni...')
#2 /home/wwwinte/public_html/screening/system/CodeIgniter.php(385): CodeIgniter\CodeIgniter->tryToRouteIt(Object(CodeIgniter\Router\RouteCollection))
#3 /home/wwwinte/public_html/screening/system/CodeIgniter.php(333): CodeIgniter\CodeIgniter->handleRequest(NULL, Object(Config\Cache), false)
#4 /home/wwwinte/public_html/screening/public/index.php(44): CodeIgniter\CodeIgniter->run()
#5 {main}
CRITICAL - 2021-03-28 15:47:55 --> Undefined property: stdClass::$extras
#0 /home/wwwinte/public_html/screening/app/Libraries/InterneticsLibrary.php(56): CodeIgniter\Debug\Exceptions->errorHandler(8, 'Undefined prope...', '/home/wwwinte/p...', 56, Array)
#1 /home/wwwinte/public_html/screening/app/Libraries/GroceryCrud.php(231): App\Libraries\InterneticsLibrary->get_relation_n_n_input(Object(stdClass), Array)
#2 /home/wwwinte/public_html/screening/app/Libraries/GroceryCrud.php(2591): App\Libraries\grocery_CRUD_Field_Types->get_field_input(Object(stdClass), Array)
#3 /home/wwwinte/public_html/screening/app/Libraries/GroceryCrud.php(1832): App\Libraries\grocery_CRUD_Layout->get_edit_input_fields(Object(stdClass))
#4 /home/wwwinte/public_html/screening/app/Libraries/GroceryCrud.php(4532): App\Libraries\grocery_CRUD_Layout->showEditForm(Object(stdClass))
#5 /home/wwwinte/public_html/screening/app/Controllers/Product.php(194): App\Libraries\GroceryCrud->render()
#6 /home/wwwinte/public_html/screening/system/CodeIgniter.php(936): App\Controllers\Product->screening_management('edit', '1001')
#7 /home/wwwinte/public_html/screening/system/CodeIgniter.php(432): CodeIgniter\CodeIgniter->runController(Object(App\Controllers\Product))
#8 /home/wwwinte/public_html/screening/system/CodeIgniter.php(333): CodeIgniter\CodeIgniter->handleRequest(NULL, Object(Config\Cache), false)
#9 /home/wwwinte/public_html/screening/public/index.php(44): CodeIgniter\CodeIgniter->run()
#10 {main}
CRITICAL - 2021-03-28 15:52:32 --> Illegal offset type
#0 /home/wwwinte/public_html/screening/app/Libraries/InterneticsLibrary.php(53): CodeIgniter\Debug\Exceptions->errorHandler(2, 'Illegal offset ...', '/home/wwwinte/p...', 53, Array)
#1 /home/wwwinte/public_html/screening/app/Libraries/GroceryCrud.php(231): App\Libraries\InterneticsLibrary->get_relation_n_n_input(Object(stdClass), Array)
#2 /home/wwwinte/public_html/screening/app/Libraries/GroceryCrud.php(2591): App\Libraries\grocery_CRUD_Field_Types->get_field_input(Object(stdClass), Array)
#3 /home/wwwinte/public_html/screening/app/Libraries/GroceryCrud.php(1832): App\Libraries\grocery_CRUD_Layout->get_edit_input_fields(Object(stdClass))
#4 /home/wwwinte/public_html/screening/app/Libraries/GroceryCrud.php(4532): App\Libraries\grocery_CRUD_Layout->showEditForm(Object(stdClass))
#5 /home/wwwinte/public_html/screening/app/Controllers/Product.php(194): App\Libraries\GroceryCrud->render()
#6 /home/wwwinte/public_html/screening/system/CodeIgniter.php(936): App\Controllers\Product->screening_management('edit', '1001')
#7 /home/wwwinte/public_html/screening/system/CodeIgniter.php(432): CodeIgniter\CodeIgniter->runController(Object(App\Controllers\Product))
#8 /home/wwwinte/public_html/screening/system/CodeIgniter.php(333): CodeIgniter\CodeIgniter->handleRequest(NULL, Object(Config\Cache), false)
#9 /home/wwwinte/public_html/screening/public/index.php(44): CodeIgniter\CodeIgniter->run()
#10 {main}
CRITICAL - 2021-03-28 18:49:47 --> Call to undefined method App\Libraries\InterneticsLibrary::get_relation_n_n_selected_array()
#0 /home/wwwinte/public_html/screening/app/Libraries/GroceryCrud.php(231): App\Libraries\InterneticsLibrary->get_relation_n_n_input(Object(stdClass), Array)
#1 /home/wwwinte/public_html/screening/app/Libraries/GroceryCrud.php(2591): App\Libraries\grocery_CRUD_Field_Types->get_field_input(Object(stdClass), Array)
#2 /home/wwwinte/public_html/screening/app/Libraries/GroceryCrud.php(1832): App\Libraries\grocery_CRUD_Layout->get_edit_input_fields(Object(stdClass))
#3 /home/wwwinte/public_html/screening/app/Libraries/GroceryCrud.php(4532): App\Libraries\grocery_CRUD_Layout->showEditForm(Object(stdClass))
#4 /home/wwwinte/public_html/screening/app/Controllers/Product.php(194): App\Libraries\GroceryCrud->render()
#5 /home/wwwinte/public_html/screening/system/CodeIgniter.php(936): App\Controllers\Product->screening_management('edit', '1001')
#6 /home/wwwinte/public_html/screening/system/CodeIgniter.php(432): CodeIgniter\CodeIgniter->runController(Object(App\Controllers\Product))
#7 /home/wwwinte/public_html/screening/system/CodeIgniter.php(333): CodeIgniter\CodeIgniter->handleRequest(NULL, Object(Config\Cache), false)
#8 /home/wwwinte/public_html/screening/public/index.php(44): CodeIgniter\CodeIgniter->run()
#9 {main}
CRITICAL - 2021-03-28 18:50:18 --> Object of class stdClass could not be converted to string
#0 [internal function]: CodeIgniter\Debug\Exceptions->errorHandler(4096, 'Object of class...', '/home/wwwinte/p...', 426, Array)
#1 /home/wwwinte/public_html/screening/system/Database/Query.php(426): strtr('SELECT *, name ...', Array)
#2 /home/wwwinte/public_html/screening/system/Database/Query.php(387): CodeIgniter\Database\Query->matchNamedBinds('SELECT *, name ...', Array)
#3 /home/wwwinte/public_html/screening/system/Database/Query.php(178): CodeIgniter\Database\Query->compileBinds()
#4 /home/wwwinte/public_html/screening/system/Database/BaseConnection.php(641): CodeIgniter\Database\Query->getQuery()
#5 /home/wwwinte/public_html/screening/system/Database/BaseBuilder.php(1866): CodeIgniter\Database\BaseConnection->query('SELECT *, name ...', Array, false)
#6 /home/wwwinte/public_html/screening/app/Models/GroceryCrudModel.php(339): CodeIgniter\Database\BaseBuilder->get()
#7 /home/wwwinte/public_html/screening/app/Libraries/InterneticsLibrary.php(50): App\Models\GroceryCrudModel->get_relation_n_n_selection_array(Object(stdClass), Object(stdClass))
#8 /home/wwwinte/public_html/screening/app/Libraries/InterneticsLibrary.php(72): App\Libraries\InterneticsLibrary->get_relation_n_n_selection_array(Object(stdClass), Object(stdClass))
#9 /home/wwwinte/public_html/screening/app/Libraries/GroceryCrud.php(231): App\Libraries\InterneticsLibrary->get_relation_n_n_input(Object(stdClass), Array)
#10 /home/wwwinte/public_html/screening/app/Libraries/GroceryCrud.php(2591): App\Libraries\grocery_CRUD_Field_Types->get_field_input(Object(stdClass), Array)
#11 /home/wwwinte/public_html/screening/app/Libraries/GroceryCrud.php(1832): App\Libraries\grocery_CRUD_Layout->get_edit_input_fields(Object(stdClass))
#12 /home/wwwinte/public_html/screening/app/Libraries/GroceryCrud.php(4532): App\Libraries\grocery_CRUD_Layout->showEditForm(Object(stdClass))
#13 /home/wwwinte/public_html/screening/app/Controllers/Product.php(194): App\Libraries\GroceryCrud->render()
#14 /home/wwwinte/public_html/screening/system/CodeIgniter.php(936): App\Controllers\Product->screening_management('edit', '1001')
#15 /home/wwwinte/public_html/screening/system/CodeIgniter.php(432): CodeIgniter\CodeIgniter->runController(Object(App\Controllers\Product))
#16 /home/wwwinte/public_html/screening/system/CodeIgniter.php(333): CodeIgniter\CodeIgniter->handleRequest(NULL, Object(Config\Cache), false)
#17 /home/wwwinte/public_html/screening/public/index.php(44): CodeIgniter\CodeIgniter->run()
#18 {main}
CRITICAL - 2021-03-28 18:51:09 --> Undefined variable: primary_key_value
#0 /home/wwwinte/public_html/screening/app/Libraries/InterneticsLibrary.php(72): CodeIgniter\Debug\Exceptions->errorHandler(8, 'Undefined varia...', '/home/wwwinte/p...', 72, Array)
#1 /home/wwwinte/public_html/screening/app/Libraries/GroceryCrud.php(231): App\Libraries\InterneticsLibrary->get_relation_n_n_input(Object(stdClass), Array)
#2 /home/wwwinte/public_html/screening/app/Libraries/GroceryCrud.php(2591): App\Libraries\grocery_CRUD_Field_Types->get_field_input(Object(stdClass), Array)
#3 /home/wwwinte/public_html/screening/app/Libraries/GroceryCrud.php(1832): App\Libraries\grocery_CRUD_Layout->get_edit_input_fields(Object(stdClass))
#4 /home/wwwinte/public_html/screening/app/Libraries/GroceryCrud.php(4532): App\Libraries\grocery_CRUD_Layout->showEditForm(Object(stdClass))
#5 /home/wwwinte/public_html/screening/app/Controllers/Product.php(194): App\Libraries\GroceryCrud->render()
#6 /home/wwwinte/public_html/screening/system/CodeIgniter.php(936): App\Controllers\Product->screening_management('edit', '1001')
#7 /home/wwwinte/public_html/screening/system/CodeIgniter.php(432): CodeIgniter\CodeIgniter->runController(Object(App\Controllers\Product))
#8 /home/wwwinte/public_html/screening/system/CodeIgniter.php(333): CodeIgniter\CodeIgniter->handleRequest(NULL, Object(Config\Cache), false)
#9 /home/wwwinte/public_html/screening/public/index.php(44): CodeIgniter\CodeIgniter->run()
#10 {main}
CRITICAL - 2021-03-28 19:13:33 --> Cannot redeclare App\Libraries\InterneticsLibrary::get_relation_n_n_selection_array()
#0 [internal function]: CodeIgniter\Debug\Exceptions->shutdownHandler()
#1 {main}
CRITICAL - 2021-03-28 19:14:23 --> Cannot redeclare App\Libraries\InterneticsLibrary::get_relation_n_n_selection_array()
#0 [internal function]: CodeIgniter\Debug\Exceptions->shutdownHandler()
#1 {main}
CRITICAL - 2021-03-28 19:15:05 --> Undefined variable: unselected_values
#0 /home/wwwinte/public_html/screening/app/Libraries/InterneticsLibrary.php(57): CodeIgniter\Debug\Exceptions->errorHandler(8, 'Undefined varia...', '/home/wwwinte/p...', 57, Array)
#1 /home/wwwinte/public_html/screening/app/Libraries/InterneticsLibrary.php(74): App\Libraries\InterneticsLibrary->get_relation_n_n_unselected_array(Object(stdClass), Array)
#2 /home/wwwinte/public_html/screening/app/Libraries/GroceryCrud.php(231): App\Libraries\InterneticsLibrary->get_relation_n_n_input(Object(stdClass), Array)
#3 /home/wwwinte/public_html/screening/app/Libraries/GroceryCrud.php(2591): App\Libraries\grocery_CRUD_Field_Types->get_field_input(Object(stdClass), Array)
#4 /home/wwwinte/public_html/screening/app/Libraries/GroceryCrud.php(1832): App\Libraries\grocery_CRUD_Layout->get_edit_input_fields(Object(stdClass))
#5 /home/wwwinte/public_html/screening/app/Libraries/GroceryCrud.php(4532): App\Libraries\grocery_CRUD_Layout->showEditForm(Object(stdClass))
#6 /home/wwwinte/public_html/screening/app/Controllers/Product.php(194): App\Libraries\GroceryCrud->render()
#7 /home/wwwinte/public_html/screening/system/CodeIgniter.php(936): App\Controllers\Product->screening_management('edit', '1002')
#8 /home/wwwinte/public_html/screening/system/CodeIgniter.php(432): CodeIgniter\CodeIgniter->runController(Object(App\Controllers\Product))
#9 /home/wwwinte/public_html/screening/system/CodeIgniter.php(333): CodeIgniter\CodeIgniter->handleRequest(NULL, Object(Config\Cache), false)
#10 /home/wwwinte/public_html/screening/public/index.php(44): CodeIgniter\CodeIgniter->run()
#11 {main}
CRITICAL - 2021-03-28 19:15:34 --> Array to string conversion
#0 /home/wwwinte/public_html/screening/app/Libraries/InterneticsLibrary.php(57): CodeIgniter\Debug\Exceptions->errorHandler(8, 'Array to string...', '/home/wwwinte/p...', 57, Array)
#1 /home/wwwinte/public_html/screening/app/Libraries/InterneticsLibrary.php(74): App\Libraries\InterneticsLibrary->get_relation_n_n_unselected_array(Object(stdClass), Array)
#2 /home/wwwinte/public_html/screening/app/Libraries/GroceryCrud.php(231): App\Libraries\InterneticsLibrary->get_relation_n_n_input(Object(stdClass), Array)
#3 /home/wwwinte/public_html/screening/app/Libraries/GroceryCrud.php(2591): App\Libraries\grocery_CRUD_Field_Types->get_field_input(Object(stdClass), Array)
#4 /home/wwwinte/public_html/screening/app/Libraries/GroceryCrud.php(1832): App\Libraries\grocery_CRUD_Layout->get_edit_input_fields(Object(stdClass))
#5 /home/wwwinte/public_html/screening/app/Libraries/GroceryCrud.php(4532): App\Libraries\grocery_CRUD_Layout->showEditForm(Object(stdClass))
#6 /home/wwwinte/public_html/screening/app/Controllers/Product.php(194): App\Libraries\GroceryCrud->render()
#7 /home/wwwinte/public_html/screening/system/CodeIgniter.php(936): App\Controllers\Product->screening_management('edit', '1002')
#8 /home/wwwinte/public_html/screening/system/CodeIgniter.php(432): CodeIgniter\CodeIgniter->runController(Object(App\Controllers\Product))
#9 /home/wwwinte/public_html/screening/system/CodeIgniter.php(333): CodeIgniter\CodeIgniter->handleRequest(NULL, Object(Config\Cache), false)
#10 /home/wwwinte/public_html/screening/public/index.php(44): CodeIgniter\CodeIgniter->run()
#11 {main}
CRITICAL - 2021-03-28 19:16:07 --> Object of class stdClass could not be converted to string
#0 /home/wwwinte/public_html/screening/app/Libraries/InterneticsLibrary.php(57): CodeIgniter\Debug\Exceptions->errorHandler(4096, 'Object of class...', '/home/wwwinte/p...', 57, Array)
#1 /home/wwwinte/public_html/screening/app/Libraries/InterneticsLibrary.php(74): App\Libraries\InterneticsLibrary->get_relation_n_n_unselected_array(Object(stdClass), Array)
#2 /home/wwwinte/public_html/screening/app/Libraries/GroceryCrud.php(231): App\Libraries\InterneticsLibrary->get_relation_n_n_input(Object(stdClass), Array)
#3 /home/wwwinte/public_html/screening/app/Libraries/GroceryCrud.php(2591): App\Libraries\grocery_CRUD_Field_Types->get_field_input(Object(stdClass), Array)
#4 /home/wwwinte/public_html/screening/app/Libraries/GroceryCrud.php(1832): App\Libraries\grocery_CRUD_Layout->get_edit_input_fields(Object(stdClass))
#5 /home/wwwinte/public_html/screening/app/Libraries/GroceryCrud.php(4532): App\Libraries\grocery_CRUD_Layout->showEditForm(Object(stdClass))
#6 /home/wwwinte/public_html/screening/app/Controllers/Product.php(194): App\Libraries\GroceryCrud->render()
#7 /home/wwwinte/public_html/screening/system/CodeIgniter.php(936): App\Controllers\Product->screening_management('edit', '1002')
#8 /home/wwwinte/public_html/screening/system/CodeIgniter.php(432): CodeIgniter\CodeIgniter->runController(Object(App\Controllers\Product))
#9 /home/wwwinte/public_html/screening/system/CodeIgniter.php(333): CodeIgniter\CodeIgniter->handleRequest(NULL, Object(Config\Cache), false)
#10 /home/wwwinte/public_html/screening/public/index.php(44): CodeIgniter\CodeIgniter->run()
#11 {main}
CRITICAL - 2021-03-28 19:36:59 --> Object of class stdClass could not be converted to string
#0 /home/wwwinte/public_html/screening/app/Libraries/GroceryCrud.php(123): CodeIgniter\Debug\Exceptions->errorHandler(4096, 'Object of class...', '/home/wwwinte/p...', 123, Array)
#1 /home/wwwinte/public_html/screening/app/Libraries/GroceryCrud.php(1825): App\Libraries\grocery_CRUD_Field_Types->get_field_types()
#2 /home/wwwinte/public_html/screening/app/Libraries/GroceryCrud.php(4534): App\Libraries\grocery_CRUD_Layout->showEditForm(Object(stdClass))
#3 /home/wwwinte/public_html/screening/app/Controllers/Product.php(194): App\Libraries\GroceryCrud->render()
#4 /home/wwwinte/public_html/screening/system/CodeIgniter.php(936): App\Controllers\Product->screening_management('edit', '1002')
#5 /home/wwwinte/public_html/screening/system/CodeIgniter.php(432): CodeIgniter\CodeIgniter->runController(Object(App\Controllers\Product))
#6 /home/wwwinte/public_html/screening/system/CodeIgniter.php(333): CodeIgniter\CodeIgniter->handleRequest(NULL, Object(Config\Cache), false)
#7 /home/wwwinte/public_html/screening/public/index.php(44): CodeIgniter\CodeIgniter->run()
#8 {main}
ERROR - 2021-03-28 19:46:08 --> mysqli_sql_exception: Unknown column 'order' in 'where clause' in /home/wwwinte/public_html/screening/system/Database/MySQLi/Connection.php:314
Stack trace:
#0 /home/wwwinte/public_html/screening/system/Database/MySQLi/Connection.php(314): mysqli->query('SELECT *, CONCA...')
#1 /home/wwwinte/public_html/screening/system/Database/BaseConnection.php(713): CodeIgniter\Database\MySQLi\Connection->execute('SELECT *, CONCA...')
#2 /home/wwwinte/public_html/screening/system/Database/BaseConnection.php(641): CodeIgniter\Database\BaseConnection->simpleQuery('SELECT *, CONCA...')
#3 /home/wwwinte/public_html/screening/system/Database/BaseBuilder.php(1866): CodeIgniter\Database\BaseConnection->query('SELECT *, CONCA...', Array, false)
#4 /home/wwwinte/public_html/screening/app/Models/GroceryCrudModel.php(382): CodeIgniter\Database\BaseBuilder->get()
#5 /home/wwwinte/public_html/screening/app/Libraries/GroceryCrud.php(1426): App\Models\GroceryCrudModel->get_relation_n_n_unselected_array(Object(stdClass), Array)
#6 /home/wwwinte/public_html/screening/app/Libraries/InterneticsLibrary.php(60): App\Libraries\grocery_CRUD_Model_Driver->get_relation_n_n_unselected_array(Object(stdClass), Array)
#7 /home/wwwinte/public_html/screening/app/Libraries/GroceryCrud.php(231): App\Libraries\InterneticsLibrary->get_relation_n_n_input(Object(stdClass), Array)
#8 /home/wwwinte/public_html/screening/app/Libraries/GroceryCrud.php(2591): App\Libraries\grocery_CRUD_Field_Types->get_field_input(Object(stdClass), Array)
#9 /home/wwwinte/public_html/screening/app/Libraries/GroceryCrud.php(1832): App\Libraries\grocery_CRUD_Layout->get_edit_input_fields(Object(stdClass))
#10 /home/wwwinte/public_html/screening/app/Libraries/GroceryCrud.php(4532): App\Libraries\grocery_CRUD_Layout->showEditForm(Object(stdClass))
#11 /home/wwwinte/public_html/screening/app/Controllers/Product.php(194): App\Libraries\GroceryCrud->render()
#12 /home/wwwinte/public_html/screening/system/CodeIgniter.php(936): App\Controllers\Product->screening_management('edit', '1002')
#13 /home/wwwinte/public_html/screening/system/CodeIgniter.php(432): CodeIgniter\CodeIgniter->runController(Object(App\Controllers\Product))
#14 /home/wwwinte/public_html/screening/system/CodeIgniter.php(333): CodeIgniter\CodeIgniter->handleRequest(NULL, Object(Config\Cache), false)
#15 /home/wwwinte/public_html/screening/public/index.php(44): CodeIgniter\CodeIgniter->run()
#16 {main}
CRITICAL - 2021-03-28 19:46:08 --> Unknown column 'order' in 'where clause'
#0 /home/wwwinte/public_html/screening/system/Database/MySQLi/Connection.php(314): mysqli->query('SELECT *, CONCA...')
#1 /home/wwwinte/public_html/screening/system/Database/BaseConnection.php(713): CodeIgniter\Database\MySQLi\Connection->execute('SELECT *, CONCA...')
#2 /home/wwwinte/public_html/screening/system/Database/BaseConnection.php(641): CodeIgniter\Database\BaseConnection->simpleQuery('SELECT *, CONCA...')
#3 /home/wwwinte/public_html/screening/system/Database/BaseBuilder.php(1866): CodeIgniter\Database\BaseConnection->query('SELECT *, CONCA...', Array, false)
#4 /home/wwwinte/public_html/screening/app/Models/GroceryCrudModel.php(382): CodeIgniter\Database\BaseBuilder->get()
#5 /home/wwwinte/public_html/screening/app/Libraries/GroceryCrud.php(1426): App\Models\GroceryCrudModel->get_relation_n_n_unselected_array(Object(stdClass), Array)
#6 /home/wwwinte/public_html/screening/app/Libraries/InterneticsLibrary.php(60): App\Libraries\grocery_CRUD_Model_Driver->get_relation_n_n_unselected_array(Object(stdClass), Array)
#7 /home/wwwinte/public_html/screening/app/Libraries/GroceryCrud.php(231): App\Libraries\InterneticsLibrary->get_relation_n_n_input(Object(stdClass), Array)
#8 /home/wwwinte/public_html/screening/app/Libraries/GroceryCrud.php(2591): App\Libraries\grocery_CRUD_Field_Types->get_field_input(Object(stdClass), Array)
#9 /home/wwwinte/public_html/screening/app/Libraries/GroceryCrud.php(1832): App\Libraries\grocery_CRUD_Layout->get_edit_input_fields(Object(stdClass))
#10 /home/wwwinte/public_html/screening/app/Libraries/GroceryCrud.php(4532): App\Libraries\grocery_CRUD_Layout->showEditForm(Object(stdClass))
#11 /home/wwwinte/public_html/screening/app/Controllers/Product.php(194): App\Libraries\GroceryCrud->render()
#12 /home/wwwinte/public_html/screening/system/CodeIgniter.php(936): App\Controllers\Product->screening_management('edit', '1002')
#13 /home/wwwinte/public_html/screening/system/CodeIgniter.php(432): CodeIgniter\CodeIgniter->runController(Object(App\Controllers\Product))
#14 /home/wwwinte/public_html/screening/system/CodeIgniter.php(333): CodeIgniter\CodeIgniter->handleRequest(NULL, Object(Config\Cache), false)
#15 /home/wwwinte/public_html/screening/public/index.php(44): CodeIgniter\CodeIgniter->run()
#16 {main}
ERROR - 2021-03-28 19:48:09 --> mysqli_sql_exception: Unknown column 'avail_equipment_1_id' in 'field list' in /home/wwwinte/public_html/screening/system/Database/MySQLi/Connection.php:314
Stack trace:
#0 /home/wwwinte/public_html/screening/system/Database/MySQLi/Connection.php(314): mysqli->query('SELECT *, CONCA...')
#1 /home/wwwinte/public_html/screening/system/Database/BaseConnection.php(713): CodeIgniter\Database\MySQLi\Connection->execute('SELECT *, CONCA...')
#2 /home/wwwinte/public_html/screening/system/Database/BaseConnection.php(641): CodeIgniter\Database\BaseConnection->simpleQuery('SELECT *, CONCA...')
#3 /home/wwwinte/public_html/screening/system/Database/BaseBuilder.php(1866): CodeIgniter\Database\BaseConnection->query('SELECT *, CONCA...', Array, false)
#4 /home/wwwinte/public_html/screening/app/Models/GroceryCrudModel.php(382): CodeIgniter\Database\BaseBuilder->get()
#5 /home/wwwinte/public_html/screening/app/Libraries/GroceryCrud.php(1426): App\Models\GroceryCrudModel->get_relation_n_n_unselected_array(Object(stdClass), Array)
#6 /home/wwwinte/public_html/screening/app/Libraries/InterneticsLibrary.php(60): App\Libraries\grocery_CRUD_Model_Driver->get_relation_n_n_unselected_array(Object(stdClass), Array)
#7 /home/wwwinte/public_html/screening/app/Libraries/GroceryCrud.php(231): App\Libraries\InterneticsLibrary->get_relation_n_n_input(Object(stdClass), Array)
#8 /home/wwwinte/public_html/screening/app/Libraries/GroceryCrud.php(2591): App\Libraries\grocery_CRUD_Field_Types->get_field_input(Object(stdClass), Array)
#9 /home/wwwinte/public_html/screening/app/Libraries/GroceryCrud.php(1832): App\Libraries\grocery_CRUD_Layout->get_edit_input_fields(Object(stdClass))
#10 /home/wwwinte/public_html/screening/app/Libraries/GroceryCrud.php(4532): App\Libraries\grocery_CRUD_Layout->showEditForm(Object(stdClass))
#11 /home/wwwinte/public_html/screening/app/Controllers/Product.php(194): App\Libraries\GroceryCrud->render()
#12 /home/wwwinte/public_html/screening/system/CodeIgniter.php(936): App\Controllers\Product->screening_management('edit', '1003')
#13 /home/wwwinte/public_html/screening/system/CodeIgniter.php(432): CodeIgniter\CodeIgniter->runController(Object(App\Controllers\Product))
#14 /home/wwwinte/public_html/screening/system/CodeIgniter.php(333): CodeIgniter\CodeIgniter->handleRequest(NULL, Object(Config\Cache), false)
#15 /home/wwwinte/public_html/screening/public/index.php(44): CodeIgniter\CodeIgniter->run()
#16 {main}
CRITICAL - 2021-03-28 19:48:09 --> Unknown column 'avail_equipment_1_id' in 'field list'
#0 /home/wwwinte/public_html/screening/system/Database/MySQLi/Connection.php(314): mysqli->query('SELECT *, CONCA...')
#1 /home/wwwinte/public_html/screening/system/Database/BaseConnection.php(713): CodeIgniter\Database\MySQLi\Connection->execute('SELECT *, CONCA...')
#2 /home/wwwinte/public_html/screening/system/Database/BaseConnection.php(641): CodeIgniter\Database\BaseConnection->simpleQuery('SELECT *, CONCA...')
#3 /home/wwwinte/public_html/screening/system/Database/BaseBuilder.php(1866): CodeIgniter\Database\BaseConnection->query('SELECT *, CONCA...', Array, false)
#4 /home/wwwinte/public_html/screening/app/Models/GroceryCrudModel.php(382): CodeIgniter\Database\BaseBuilder->get()
#5 /home/wwwinte/public_html/screening/app/Libraries/GroceryCrud.php(1426): App\Models\GroceryCrudModel->get_relation_n_n_unselected_array(Object(stdClass), Array)
#6 /home/wwwinte/public_html/screening/app/Libraries/InterneticsLibrary.php(60): App\Libraries\grocery_CRUD_Model_Driver->get_relation_n_n_unselected_array(Object(stdClass), Array)
#7 /home/wwwinte/public_html/screening/app/Libraries/GroceryCrud.php(231): App\Libraries\InterneticsLibrary->get_relation_n_n_input(Object(stdClass), Array)
#8 /home/wwwinte/public_html/screening/app/Libraries/GroceryCrud.php(2591): App\Libraries\grocery_CRUD_Field_Types->get_field_input(Object(stdClass), Array)
#9 /home/wwwinte/public_html/screening/app/Libraries/GroceryCrud.php(1832): App\Libraries\grocery_CRUD_Layout->get_edit_input_fields(Object(stdClass))
#10 /home/wwwinte/public_html/screening/app/Libraries/GroceryCrud.php(4532): App\Libraries\grocery_CRUD_Layout->showEditForm(Object(stdClass))
#11 /home/wwwinte/public_html/screening/app/Controllers/Product.php(194): App\Libraries\GroceryCrud->render()
#12 /home/wwwinte/public_html/screening/system/CodeIgniter.php(936): App\Controllers\Product->screening_management('edit', '1003')
#13 /home/wwwinte/public_html/screening/system/CodeIgniter.php(432): CodeIgniter\CodeIgniter->runController(Object(App\Controllers\Product))
#14 /home/wwwinte/public_html/screening/system/CodeIgniter.php(333): CodeIgniter\CodeIgniter->handleRequest(NULL, Object(Config\Cache), false)
#15 /home/wwwinte/public_html/screening/public/index.php(44): CodeIgniter\CodeIgniter->run()
#16 {main}
ERROR - 2021-03-28 19:52:54 --> mysqli_sql_exception: You have an error in your SQL syntax; check the manual that corresponds to your MariaDB server version for the right syntax to use near ' ''), '') as s99914b93
FROM `available_equipment_1_link_table`
JOIN `available_e' at line 1 in /home/wwwinte/public_html/screening/system/Database/MySQLi/Connection.php:314
Stack trace:
#0 /home/wwwinte/public_html/screening/system/Database/MySQLi/Connection.php(314): mysqli->query('SELECT *, CONCA...')
#1 /home/wwwinte/public_html/screening/system/Database/BaseConnection.php(713): CodeIgniter\Database\MySQLi\Connection->execute('SELECT *, CONCA...')
#2 /home/wwwinte/public_html/screening/system/Database/BaseConnection.php(641): CodeIgniter\Database\BaseConnection->simpleQuery('SELECT *, CONCA...')
#3 /home/wwwinte/public_html/screening/system/Database/BaseBuilder.php(1866): CodeIgniter\Database\BaseConnection->query('SELECT *, CONCA...', Array, false)
#4 /home/wwwinte/public_html/screening/app/Models/GroceryCrudModel.php(339): CodeIgniter\Database\BaseBuilder->get()
#5 /home/wwwinte/public_html/screening/app/Libraries/GroceryCrud.php(1421): App\Models\GroceryCrudModel->get_relation_n_n_selection_array('1005', Object(stdClass))
#6 /home/wwwinte/public_html/screening/app/Libraries/GroceryCrud.php(1397): App\Libraries\grocery_CRUD_Model_Driver->get_relation_n_n_selection_array('1005', Object(stdClass))
#7 /home/wwwinte/public_html/screening/app/Libraries/GroceryCrud.php(1825): App\Libraries\grocery_CRUD_Model_Driver->get_edit_values('1005')
#8 /home/wwwinte/public_html/screening/app/Libraries/GroceryCrud.php(4532): App\Libraries\grocery_CRUD_Layout->showEditForm(Object(stdClass))
#9 /home/wwwinte/public_html/screening/app/Controllers/Product.php(194): App\Libraries\GroceryCrud->render()
#10 /home/wwwinte/public_html/screening/system/CodeIgniter.php(936): App\Controllers\Product->screening_management('edit', '1005')
#11 /home/wwwinte/public_html/screening/system/CodeIgniter.php(432): CodeIgniter\CodeIgniter->runController(Object(App\Controllers\Product))
#12 /home/wwwinte/public_html/screening/system/CodeIgniter.php(333): CodeIgniter\CodeIgniter->handleRequest(NULL, Object(Config\Cache), false)
#13 /home/wwwinte/public_html/screening/public/index.php(44): CodeIgniter\CodeIgniter->run()
#14 {main}
CRITICAL - 2021-03-28 19:52:54 --> You have an error in your SQL syntax; check the manual that corresponds to your MariaDB server version for the right syntax to use near ' ''), '') as s99914b93
FROM `available_equipment_1_link_table`
JOIN `available_e' at line 1
#0 /home/wwwinte/public_html/screening/system/Database/MySQLi/Connection.php(314): mysqli->query('SELECT *, CONCA...')
#1 /home/wwwinte/public_html/screening/system/Database/BaseConnection.php(713): CodeIgniter\Database\MySQLi\Connection->execute('SELECT *, CONCA...')
#2 /home/wwwinte/public_html/screening/system/Database/BaseConnection.php(641): CodeIgniter\Database\BaseConnection->simpleQuery('SELECT *, CONCA...')
#3 /home/wwwinte/public_html/screening/system/Database/BaseBuilder.php(1866): CodeIgniter\Database\BaseConnection->query('SELECT *, CONCA...', Array, false)
#4 /home/wwwinte/public_html/screening/app/Models/GroceryCrudModel.php(339): CodeIgniter\Database\BaseBuilder->get()
#5 /home/wwwinte/public_html/screening/app/Libraries/GroceryCrud.php(1421): App\Models\GroceryCrudModel->get_relation_n_n_selection_array('1005', Object(stdClass))
#6 /home/wwwinte/public_html/screening/app/Libraries/GroceryCrud.php(1397): App\Libraries\grocery_CRUD_Model_Driver->get_relation_n_n_selection_array('1005', Object(stdClass))
#7 /home/wwwinte/public_html/screening/app/Libraries/GroceryCrud.php(1825): App\Libraries\grocery_CRUD_Model_Driver->get_edit_values('1005')
#8 /home/wwwinte/public_html/screening/app/Libraries/GroceryCrud.php(4532): App\Libraries\grocery_CRUD_Layout->showEditForm(Object(stdClass))
#9 /home/wwwinte/public_html/screening/app/Controllers/Product.php(194): App\Libraries\GroceryCrud->render()
#10 /home/wwwinte/public_html/screening/system/CodeIgniter.php(936): App\Controllers\Product->screening_management('edit', '1005')
#11 /home/wwwinte/public_html/screening/system/CodeIgniter.php(432): CodeIgniter\CodeIgniter->runController(Object(App\Controllers\Product))
#12 /home/wwwinte/public_html/screening/system/CodeIgniter.php(333): CodeIgniter\CodeIgniter->handleRequest(NULL, Object(Config\Cache), false)
#13 /home/wwwinte/public_html/screening/public/index.php(44): CodeIgniter\CodeIgniter->run()
#14 {main}
ERROR - 2021-03-28 20:19:51 --> mysqli_sql_exception: Unknown column 'available_equipment_1_relations.item_related_1_id' in 'on clause' in /home/wwwinte/public_html/screening/system/Database/MySQLi/Connection.php:314
Stack trace:
#0 /home/wwwinte/public_html/screening/system/Database/MySQLi/Connection.php(314): mysqli->query('SELECT *, CONCA...')
#1 /home/wwwinte/public_html/screening/system/Database/BaseConnection.php(713): CodeIgniter\Database\MySQLi\Connection->execute('SELECT *, CONCA...')
#2 /home/wwwinte/public_html/screening/system/Database/BaseConnection.php(641): CodeIgniter\Database\BaseConnection->simpleQuery('SELECT *, CONCA...')
#3 /home/wwwinte/public_html/screening/system/Database/BaseBuilder.php(1866): CodeIgniter\Database\BaseConnection->query('SELECT *, CONCA...', Array, false)
#4 /home/wwwinte/public_html/screening/app/Models/GroceryCrudModel.php(339): CodeIgniter\Database\BaseBuilder->get()
#5 /home/wwwinte/public_html/screening/app/Libraries/GroceryCrud.php(1421): App\Models\GroceryCrudModel->get_relation_n_n_selection_array('1004', Object(stdClass))
#6 /home/wwwinte/public_html/screening/app/Libraries/GroceryCrud.php(1397): App\Libraries\grocery_CRUD_Model_Driver->get_relation_n_n_selection_array('1004', Object(stdClass))
#7 /home/wwwinte/public_html/screening/app/Libraries/GroceryCrud.php(1825): App\Libraries\grocery_CRUD_Model_Driver->get_edit_values('1004')
#8 /home/wwwinte/public_html/screening/app/Libraries/GroceryCrud.php(4532): App\Libraries\grocery_CRUD_Layout->showEditForm(Object(stdClass))
#9 /home/wwwinte/public_html/screening/app/Controllers/Product.php(194): App\Libraries\GroceryCrud->render()
#10 /home/wwwinte/public_html/screening/system/CodeIgniter.php(936): App\Controllers\Product->screening_management('edit', '1004')
#11 /home/wwwinte/public_html/screening/system/CodeIgniter.php(432): CodeIgniter\CodeIgniter->runController(Object(App\Controllers\Product))
#12 /home/wwwinte/public_html/screening/system/CodeIgniter.php(333): CodeIgniter\CodeIgniter->handleRequest(NULL, Object(Config\Cache), false)
#13 /home/wwwinte/public_html/screening/public/index.php(44): CodeIgniter\CodeIgniter->run()
#14 {main}
CRITICAL - 2021-03-28 20:19:51 --> Unknown column 'available_equipment_1_relations.item_related_1_id' in 'on clause'
#0 /home/wwwinte/public_html/screening/system/Database/MySQLi/Connection.php(314): mysqli->query('SELECT *, CONCA...')
#1 /home/wwwinte/public_html/screening/system/Database/BaseConnection.php(713): CodeIgniter\Database\MySQLi\Connection->execute('SELECT *, CONCA...')
#2 /home/wwwinte/public_html/screening/system/Database/BaseConnection.php(641): CodeIgniter\Database\BaseConnection->simpleQuery('SELECT *, CONCA...')
#3 /home/wwwinte/public_html/screening/system/Database/BaseBuilder.php(1866): CodeIgniter\Database\BaseConnection->query('SELECT *, CONCA...', Array, false)
#4 /home/wwwinte/public_html/screening/app/Models/GroceryCrudModel.php(339): CodeIgniter\Database\BaseBuilder->get()
#5 /home/wwwinte/public_html/screening/app/Libraries/GroceryCrud.php(1421): App\Models\GroceryCrudModel->get_relation_n_n_selection_array('1004', Object(stdClass))
#6 /home/wwwinte/public_html/screening/app/Libraries/GroceryCrud.php(1397): App\Libraries\grocery_CRUD_Model_Driver->get_relation_n_n_selection_array('1004', Object(stdClass))
#7 /home/wwwinte/public_html/screening/app/Libraries/GroceryCrud.php(1825): App\Libraries\grocery_CRUD_Model_Driver->get_edit_values('1004')
#8 /home/wwwinte/public_html/screening/app/Libraries/GroceryCrud.php(4532): App\Libraries\grocery_CRUD_Layout->showEditForm(Object(stdClass))
#9 /home/wwwinte/public_html/screening/app/Controllers/Product.php(194): App\Libraries\GroceryCrud->render()
#10 /home/wwwinte/public_html/screening/system/CodeIgniter.php(936): App\Controllers\Product->screening_management('edit', '1004')
#11 /home/wwwinte/public_html/screening/system/CodeIgniter.php(432): CodeIgniter\CodeIgniter->runController(Object(App\Controllers\Product))
#12 /home/wwwinte/public_html/screening/system/CodeIgniter.php(333): CodeIgniter\CodeIgniter->handleRequest(NULL, Object(Config\Cache), false)
#13 /home/wwwinte/public_html/screening/public/index.php(44): CodeIgniter\CodeIgniter->run()
#14 {main}
ERROR - 2021-03-28 20:31:36 --> mysqli_sql_exception: Table 'wwwinte_screening.relations_available_equipment' doesn't exist in /home/wwwinte/public_html/screening/system/Database/MySQLi/Connection.php:314
Stack trace:
#0 /home/wwwinte/public_html/screening/system/Database/MySQLi/Connection.php(314): mysqli->query('SELECT *, CONCA...')
#1 /home/wwwinte/public_html/screening/system/Database/BaseConnection.php(713): CodeIgniter\Database\MySQLi\Connection->execute('SELECT *, CONCA...')
#2 /home/wwwinte/public_html/screening/system/Database/BaseConnection.php(641): CodeIgniter\Database\BaseConnection->simpleQuery('SELECT *, CONCA...')
#3 /home/wwwinte/public_html/screening/system/Database/BaseBuilder.php(1866): CodeIgniter\Database\BaseConnection->query('SELECT *, CONCA...', Array, false)
#4 /home/wwwinte/public_html/screening/app/Models/GroceryCrudModel.php(339): CodeIgniter\Database\BaseBuilder->get()
#5 /home/wwwinte/public_html/screening/app/Libraries/GroceryCrud.php(1421): App\Models\GroceryCrudModel->get_relation_n_n_selection_array('1003', Object(stdClass))
#6 /home/wwwinte/public_html/screening/app/Libraries/GroceryCrud.php(1397): App\Libraries\grocery_CRUD_Model_Driver->get_relation_n_n_selection_array('1003', Object(stdClass))
#7 /home/wwwinte/public_html/screening/app/Libraries/GroceryCrud.php(1825): App\Libraries\grocery_CRUD_Model_Driver->get_edit_values('1003')
#8 /home/wwwinte/public_html/screening/app/Libraries/GroceryCrud.php(4532): App\Libraries\grocery_CRUD_Layout->showEditForm(Object(stdClass))
#9 /home/wwwinte/public_html/screening/app/Controllers/Product.php(195): App\Libraries\GroceryCrud->render()
#10 /home/wwwinte/public_html/screening/system/CodeIgniter.php(936): App\Controllers\Product->screening_management('edit', '1003')
#11 /home/wwwinte/public_html/screening/system/CodeIgniter.php(432): CodeIgniter\CodeIgniter->runController(Object(App\Controllers\Product))
#12 /home/wwwinte/public_html/screening/system/CodeIgniter.php(333): CodeIgniter\CodeIgniter->handleRequest(NULL, Object(Config\Cache), false)
#13 /home/wwwinte/public_html/screening/public/index.php(44): CodeIgniter\CodeIgniter->run()
#14 {main}
CRITICAL - 2021-03-28 20:31:36 --> Table 'wwwinte_screening.relations_available_equipment' doesn't exist
#0 /home/wwwinte/public_html/screening/system/Database/MySQLi/Connection.php(314): mysqli->query('SELECT *, CONCA...')
#1 /home/wwwinte/public_html/screening/system/Database/BaseConnection.php(713): CodeIgniter\Database\MySQLi\Connection->execute('SELECT *, CONCA...')
#2 /home/wwwinte/public_html/screening/system/Database/BaseConnection.php(641): CodeIgniter\Database\BaseConnection->simpleQuery('SELECT *, CONCA...')
#3 /home/wwwinte/public_html/screening/system/Database/BaseBuilder.php(1866): CodeIgniter\Database\BaseConnection->query('SELECT *, CONCA...', Array, false)
#4 /home/wwwinte/public_html/screening/app/Models/GroceryCrudModel.php(339): CodeIgniter\Database\BaseBuilder->get()
#5 /home/wwwinte/public_html/screening/app/Libraries/GroceryCrud.php(1421): App\Models\GroceryCrudModel->get_relation_n_n_selection_array('1003', Object(stdClass))
#6 /home/wwwinte/public_html/screening/app/Libraries/GroceryCrud.php(1397): App\Libraries\grocery_CRUD_Model_Driver->get_relation_n_n_selection_array('1003', Object(stdClass))
#7 /home/wwwinte/public_html/screening/app/Libraries/GroceryCrud.php(1825): App\Libraries\grocery_CRUD_Model_Driver->get_edit_values('1003')
#8 /home/wwwinte/public_html/screening/app/Libraries/GroceryCrud.php(4532): App\Libraries\grocery_CRUD_Layout->showEditForm(Object(stdClass))
#9 /home/wwwinte/public_html/screening/app/Controllers/Product.php(195): App\Libraries\GroceryCrud->render()
#10 /home/wwwinte/public_html/screening/system/CodeIgniter.php(936): App\Controllers\Product->screening_management('edit', '1003')
#11 /home/wwwinte/public_html/screening/system/CodeIgniter.php(432): CodeIgniter\CodeIgniter->runController(Object(App\Controllers\Product))
#12 /home/wwwinte/public_html/screening/system/CodeIgniter.php(333): CodeIgniter\CodeIgniter->handleRequest(NULL, Object(Config\Cache), false)
#13 /home/wwwinte/public_html/screening/public/index.php(44): CodeIgniter\CodeIgniter->run()
#14 {main}
CRITICAL - 2021-03-28 20:35:49 --> Cannot use empty array elements in arrays
#0 [internal function]: CodeIgniter\Debug\Exceptions->shutdownHandler()
#1 {main}
CRITICAL - 2021-03-28 21:56:55 --> syntax error, unexpected '$countfields' (T_VARIABLE), expecting '('
#0 /home/wwwinte/public_html/screening/app/Libraries/GroceryCrud.php(1850): App\Libraries\grocery_CRUD_Layout->_theme_view('edit.php', Array)
#1 /home/wwwinte/public_html/screening/app/Libraries/GroceryCrud.php(4532): App\Libraries\grocery_CRUD_Layout->showEditForm(Object(stdClass))
#2 /home/wwwinte/public_html/screening/app/Controllers/Product.php(188): App\Libraries\GroceryCrud->render()
#3 /home/wwwinte/public_html/screening/system/CodeIgniter.php(936): App\Controllers\Product->screening_management('edit', '1002')
#4 /home/wwwinte/public_html/screening/system/CodeIgniter.php(432): CodeIgniter\CodeIgniter->runController(Object(App\Controllers\Product))
#5 /home/wwwinte/public_html/screening/system/CodeIgniter.php(333): CodeIgniter\CodeIgniter->handleRequest(NULL, Object(Config\Cache), false)
#6 /home/wwwinte/public_html/screening/public/index.php(44): CodeIgniter\CodeIgniter->run()
#7 {main}
CRITICAL - 2021-03-28 22:31:19 --> Creating default object from empty value
#0 /home/wwwinte/public_html/screening/app/Libraries/GroceryCrud.php(1397): CodeIgniter\Debug\Exceptions->errorHandler(2, 'Creating defaul...', '/home/wwwinte/p...', 1397, Array)
#1 /home/wwwinte/public_html/screening/app/Libraries/GroceryCrud.php(1825): App\Libraries\grocery_CRUD_Model_Driver->get_edit_values('...')
#2 /home/wwwinte/public_html/screening/app/Libraries/GroceryCrud.php(4532): App\Libraries\grocery_CRUD_Layout->showEditForm(Object(stdClass))
#3 /home/wwwinte/public_html/screening/app/Controllers/Product.php(188): App\Libraries\GroceryCrud->render()
#4 /home/wwwinte/public_html/screening/system/CodeIgniter.php(936): App\Controllers\Product->screening_management('edit', '...')
#5 /home/wwwinte/public_html/screening/system/CodeIgniter.php(432): CodeIgniter\CodeIgniter->runController(Object(App\Controllers\Product))
#6 /home/wwwinte/public_html/screening/system/CodeIgniter.php(333): CodeIgniter\CodeIgniter->handleRequest(NULL, Object(Config\Cache), false)
#7 /home/wwwinte/public_html/screening/public/index.php(44): CodeIgniter\CodeIgniter->run()
#8 {main}
CRITICAL - 2021-03-28 22:31:43 --> Creating default object from empty value
#0 /home/wwwinte/public_html/screening/app/Libraries/GroceryCrud.php(1397): CodeIgniter\Debug\Exceptions->errorHandler(2, 'Creating defaul...', '/home/wwwinte/p...', 1397, Array)
#1 /home/wwwinte/public_html/screening/app/Libraries/GroceryCrud.php(1825): App\Libraries\grocery_CRUD_Model_Driver->get_edit_values('...')
#2 /home/wwwinte/public_html/screening/app/Libraries/GroceryCrud.php(4532): App\Libraries\grocery_CRUD_Layout->showEditForm(Object(stdClass))
#3 /home/wwwinte/public_html/screening/app/Controllers/Product.php(188): App\Libraries\GroceryCrud->render()
#4 /home/wwwinte/public_html/screening/system/CodeIgniter.php(936): App\Controllers\Product->screening_management('edit', '...')
#5 /home/wwwinte/public_html/screening/system/CodeIgniter.php(432): CodeIgniter\CodeIgniter->runController(Object(App\Controllers\Product))
#6 /home/wwwinte/public_html/screening/system/CodeIgniter.php(333): CodeIgniter\CodeIgniter->handleRequest(NULL, Object(Config\Cache), false)
#7 /home/wwwinte/public_html/screening/public/index.php(44): CodeIgniter\CodeIgniter->run()
#8 {main}
CRITICAL - 2021-03-28 22:31:56 --> Creating default object from empty value
#0 /home/wwwinte/public_html/screening/app/Libraries/GroceryCrud.php(1397): CodeIgniter\Debug\Exceptions->errorHandler(2, 'Creating defaul...', '/home/wwwinte/p...', 1397, Array)
#1 /home/wwwinte/public_html/screening/app/Libraries/GroceryCrud.php(1825): App\Libraries\grocery_CRUD_Model_Driver->get_edit_values('...')
#2 /home/wwwinte/public_html/screening/app/Libraries/GroceryCrud.php(4532): App\Libraries\grocery_CRUD_Layout->showEditForm(Object(stdClass))
#3 /home/wwwinte/public_html/screening/app/Controllers/Product.php(188): App\Libraries\GroceryCrud->render()
#4 /home/wwwinte/public_html/screening/system/CodeIgniter.php(936): App\Controllers\Product->screening_management('edit', '...')
#5 /home/wwwinte/public_html/screening/system/CodeIgniter.php(432): CodeIgniter\CodeIgniter->runController(Object(App\Controllers\Product))
#6 /home/wwwinte/public_html/screening/system/CodeIgniter.php(333): CodeIgniter\CodeIgniter->handleRequest(NULL, Object(Config\Cache), false)
#7 /home/wwwinte/public_html/screening/public/index.php(44): CodeIgniter\CodeIgniter->run()
#8 {main}
CRITICAL - 2021-03-28 22:35:17 --> Creating default object from empty value
#0 /home/wwwinte/public_html/screening/app/Libraries/GroceryCrud.php(1397): CodeIgniter\Debug\Exceptions->errorHandler(2, 'Creating defaul...', '/home/wwwinte/p...', 1397, Array)
#1 /home/wwwinte/public_html/screening/app/Libraries/GroceryCrud.php(1825): App\Libraries\grocery_CRUD_Model_Driver->get_edit_values('...')
#2 /home/wwwinte/public_html/screening/app/Libraries/GroceryCrud.php(4532): App\Libraries\grocery_CRUD_Layout->showEditForm(Object(stdClass))
#3 /home/wwwinte/public_html/screening/app/Controllers/Product.php(188): App\Libraries\GroceryCrud->render()
#4 /home/wwwinte/public_html/screening/system/CodeIgniter.php(936): App\Controllers\Product->screening_management('edit', '...')
#5 /home/wwwinte/public_html/screening/system/CodeIgniter.php(432): CodeIgniter\CodeIgniter->runController(Object(App\Controllers\Product))
#6 /home/wwwinte/public_html/screening/system/CodeIgniter.php(333): CodeIgniter\CodeIgniter->handleRequest(NULL, Object(Config\Cache), false)
#7 /home/wwwinte/public_html/screening/public/index.php(44): CodeIgniter\CodeIgniter->run()
#8 {main}
CRITICAL - 2021-03-28 22:35:18 --> Creating default object from empty value
#0 /home/wwwinte/public_html/screening/app/Libraries/GroceryCrud.php(1397): CodeIgniter\Debug\Exceptions->errorHandler(2, 'Creating defaul...', '/home/wwwinte/p...', 1397, Array)
#1 /home/wwwinte/public_html/screening/app/Libraries/GroceryCrud.php(1825): App\Libraries\grocery_CRUD_Model_Driver->get_edit_values('...')
#2 /home/wwwinte/public_html/screening/app/Libraries/GroceryCrud.php(4532): App\Libraries\grocery_CRUD_Layout->showEditForm(Object(stdClass))
#3 /home/wwwinte/public_html/screening/app/Controllers/Product.php(188): App\Libraries\GroceryCrud->render()
#4 /home/wwwinte/public_html/screening/system/CodeIgniter.php(936): App\Controllers\Product->screening_management('edit', '...')
#5 /home/wwwinte/public_html/screening/system/CodeIgniter.php(432): CodeIgniter\CodeIgniter->runController(Object(App\Controllers\Product))
#6 /home/wwwinte/public_html/screening/system/CodeIgniter.php(333): CodeIgniter\CodeIgniter->handleRequest(NULL, Object(Config\Cache), false)
#7 /home/wwwinte/public_html/screening/public/index.php(44): CodeIgniter\CodeIgniter->run()
#8 {main}
CRITICAL - 2021-03-28 22:36:40 --> Creating default object from empty value
#0 /home/wwwinte/public_html/screening/app/Libraries/GroceryCrud.php(1397): CodeIgniter\Debug\Exceptions->errorHandler(2, 'Creating defaul...', '/home/wwwinte/p...', 1397, Array)
#1 /home/wwwinte/public_html/screening/app/Libraries/GroceryCrud.php(1825): App\Libraries\grocery_CRUD_Model_Driver->get_edit_values('...')
#2 /home/wwwinte/public_html/screening/app/Libraries/GroceryCrud.php(4532): App\Libraries\grocery_CRUD_Layout->showEditForm(Object(stdClass))
#3 /home/wwwinte/public_html/screening/app/Controllers/Product.php(188): App\Libraries\GroceryCrud->render()
#4 /home/wwwinte/public_html/screening/system/CodeIgniter.php(936): App\Controllers\Product->screening_management('edit', '...')
#5 /home/wwwinte/public_html/screening/system/CodeIgniter.php(432): CodeIgniter\CodeIgniter->runController(Object(App\Controllers\Product))
#6 /home/wwwinte/public_html/screening/system/CodeIgniter.php(333): CodeIgniter\CodeIgniter->handleRequest(NULL, Object(Config\Cache), false)
#7 /home/wwwinte/public_html/screening/public/index.php(44): CodeIgniter\CodeIgniter->run()
#8 {main}
CRITICAL - 2021-03-28 22:36:43 --> Creating default object from empty value
#0 /home/wwwinte/public_html/screening/app/Libraries/GroceryCrud.php(1397): CodeIgniter\Debug\Exceptions->errorHandler(2, 'Creating defaul...', '/home/wwwinte/p...', 1397, Array)
#1 /home/wwwinte/public_html/screening/app/Libraries/GroceryCrud.php(1825): App\Libraries\grocery_CRUD_Model_Driver->get_edit_values('...')
#2 /home/wwwinte/public_html/screening/app/Libraries/GroceryCrud.php(4532): App\Libraries\grocery_CRUD_Layout->showEditForm(Object(stdClass))
#3 /home/wwwinte/public_html/screening/app/Controllers/Product.php(188): App\Libraries\GroceryCrud->render()
#4 /home/wwwinte/public_html/screening/system/CodeIgniter.php(936): App\Controllers\Product->screening_management('edit', '...')
#5 /home/wwwinte/public_html/screening/system/CodeIgniter.php(432): CodeIgniter\CodeIgniter->runController(Object(App\Controllers\Product))
#6 /home/wwwinte/public_html/screening/system/CodeIgniter.php(333): CodeIgniter\CodeIgniter->handleRequest(NULL, Object(Config\Cache), false)
#7 /home/wwwinte/public_html/screening/public/index.php(44): CodeIgniter\CodeIgniter->run()
#8 {main}
CRITICAL - 2021-03-28 22:37:47 --> Creating default object from empty value
#0 /home/wwwinte/public_html/screening/app/Libraries/GroceryCrud.php(1397): CodeIgniter\Debug\Exceptions->errorHandler(2, 'Creating defaul...', '/home/wwwinte/p...', 1397, Array)
#1 /home/wwwinte/public_html/screening/app/Libraries/GroceryCrud.php(1825): App\Libraries\grocery_CRUD_Model_Driver->get_edit_values('...')
#2 /home/wwwinte/public_html/screening/app/Libraries/GroceryCrud.php(4532): App\Libraries\grocery_CRUD_Layout->showEditForm(Object(stdClass))
#3 /home/wwwinte/public_html/screening/app/Controllers/Product.php(188): App\Libraries\GroceryCrud->render()
#4 /home/wwwinte/public_html/screening/system/CodeIgniter.php(936): App\Controllers\Product->screening_management('edit', '...')
#5 /home/wwwinte/public_html/screening/system/CodeIgniter.php(432): CodeIgniter\CodeIgniter->runController(Object(App\Controllers\Product))
#6 /home/wwwinte/public_html/screening/system/CodeIgniter.php(333): CodeIgniter\CodeIgniter->handleRequest(NULL, Object(Config\Cache), false)
#7 /home/wwwinte/public_html/screening/public/index.php(44): CodeIgniter\CodeIgniter->run()
#8 {main}
CRITICAL - 2021-03-28 22:37:51 --> Creating default object from empty value
#0 /home/wwwinte/public_html/screening/app/Libraries/GroceryCrud.php(1397): CodeIgniter\Debug\Exceptions->errorHandler(2, 'Creating defaul...', '/home/wwwinte/p...', 1397, Array)
#1 /home/wwwinte/public_html/screening/app/Libraries/GroceryCrud.php(1825): App\Libraries\grocery_CRUD_Model_Driver->get_edit_values('...')
#2 /home/wwwinte/public_html/screening/app/Libraries/GroceryCrud.php(4532): App\Libraries\grocery_CRUD_Layout->showEditForm(Object(stdClass))
#3 /home/wwwinte/public_html/screening/app/Controllers/Product.php(188): App\Libraries\GroceryCrud->render()
#4 /home/wwwinte/public_html/screening/system/CodeIgniter.php(936): App\Controllers\Product->screening_management('edit', '...')
#5 /home/wwwinte/public_html/screening/system/CodeIgniter.php(432): CodeIgniter\CodeIgniter->runController(Object(App\Controllers\Product))
#6 /home/wwwinte/public_html/screening/system/CodeIgniter.php(333): CodeIgniter\CodeIgniter->handleRequest(NULL, Object(Config\Cache), false)
#7 /home/wwwinte/public_html/screening/public/index.php(44): CodeIgniter\CodeIgniter->run()
#8 {main}
CRITICAL - 2021-03-28 22:39:02 --> syntax error, unexpected 'else' (T_ELSE)
#0 /home/wwwinte/public_html/screening/app/Libraries/GroceryCrud.php(1850): App\Libraries\grocery_CRUD_Layout->_theme_view('edit.php', Array)
#1 /home/wwwinte/public_html/screening/app/Libraries/GroceryCrud.php(4532): App\Libraries\grocery_CRUD_Layout->showEditForm(Object(stdClass))
#2 /home/wwwinte/public_html/screening/app/Controllers/Product.php(188): App\Libraries\GroceryCrud->render()
#3 /home/wwwinte/public_html/screening/system/CodeIgniter.php(936): App\Controllers\Product->screening_management('edit', '1002')
#4 /home/wwwinte/public_html/screening/system/CodeIgniter.php(432): CodeIgniter\CodeIgniter->runController(Object(App\Controllers\Product))
#5 /home/wwwinte/public_html/screening/system/CodeIgniter.php(333): CodeIgniter\CodeIgniter->handleRequest(NULL, Object(Config\Cache), false)
#6 /home/wwwinte/public_html/screening/public/index.php(44): CodeIgniter\CodeIgniter->run()
#7 {main}
CRITICAL - 2021-03-28 22:43:38 --> syntax error, unexpected '}'
#0 /home/wwwinte/public_html/screening/app/Libraries/GroceryCrud.php(1850): App\Libraries\grocery_CRUD_Layout->_theme_view('edit.php', Array)
#1 /home/wwwinte/public_html/screening/app/Libraries/GroceryCrud.php(4532): App\Libraries\grocery_CRUD_Layout->showEditForm(Object(stdClass))
#2 /home/wwwinte/public_html/screening/app/Controllers/Product.php(188): App\Libraries\GroceryCrud->render()
#3 /home/wwwinte/public_html/screening/system/CodeIgniter.php(936): App\Controllers\Product->screening_management('edit', '1002')
#4 /home/wwwinte/public_html/screening/system/CodeIgniter.php(432): CodeIgniter\CodeIgniter->runController(Object(App\Controllers\Product))
#5 /home/wwwinte/public_html/screening/system/CodeIgniter.php(333): CodeIgniter\CodeIgniter->handleRequest(NULL, Object(Config\Cache), false)
#6 /home/wwwinte/public_html/screening/public/index.php(44): CodeIgniter\CodeIgniter->run()
#7 {main}
