CRITICAL - 2021-04-26 00:00:18 --> Undefined index: pack
#0 /home/interne1/public_html/mymisdiagnosis/app/Controllers/Product.php(190): CodeIgniter\Debug\Exceptions->errorHandler(8, 'Undefined index...', '/home/interne1/...', 190, Array)
#1 /home/interne1/public_html/mymisdiagnosis/system/CodeIgniter.php(936): App\Controllers\Product->cards('ajax_list')
#2 /home/interne1/public_html/mymisdiagnosis/system/CodeIgniter.php(432): CodeIgniter\CodeIgniter->runController(Object(App\Controllers\Product))
#3 /home/interne1/public_html/mymisdiagnosis/system/CodeIgniter.php(333): CodeIgniter\CodeIgniter->handleRequest(NULL, Object(Config\Cache), false)
#4 /home/interne1/public_html/mymisdiagnosis/public/index.php(44): CodeIgniter\CodeIgniter->run()
#5 {main}
CRITICAL - 2021-04-26 00:00:34 --> Undefined index: pack
#0 /home/interne1/public_html/mymisdiagnosis/app/Controllers/Product.php(190): CodeIgniter\Debug\Exceptions->errorHandler(8, 'Undefined index...', '/home/interne1/...', 190, Array)
#1 /home/interne1/public_html/mymisdiagnosis/system/CodeIgniter.php(936): App\Controllers\Product->cards('ajax_list')
#2 /home/interne1/public_html/mymisdiagnosis/system/CodeIgniter.php(432): CodeIgniter\CodeIgniter->runController(Object(App\Controllers\Product))
#3 /home/interne1/public_html/mymisdiagnosis/system/CodeIgniter.php(333): CodeIgniter\CodeIgniter->handleRequest(NULL, Object(Config\Cache), false)
#4 /home/interne1/public_html/mymisdiagnosis/public/index.php(44): CodeIgniter\CodeIgniter->run()
#5 {main}
CRITICAL - 2021-04-26 00:01:03 --> Undefined index: pack
#0 /home/interne1/public_html/mymisdiagnosis/app/Controllers/Product.php(190): CodeIgniter\Debug\Exceptions->errorHandler(8, 'Undefined index...', '/home/interne1/...', 190, Array)
#1 /home/interne1/public_html/mymisdiagnosis/system/CodeIgniter.php(936): App\Controllers\Product->cards()
#2 /home/interne1/public_html/mymisdiagnosis/system/CodeIgniter.php(432): CodeIgniter\CodeIgniter->runController(Object(App\Controllers\Product))
#3 /home/interne1/public_html/mymisdiagnosis/system/CodeIgniter.php(333): CodeIgniter\CodeIgniter->handleRequest(NULL, Object(Config\Cache), false)
#4 /home/interne1/public_html/mymisdiagnosis/public/index.php(44): CodeIgniter\CodeIgniter->run()
#5 {main}
CRITICAL - 2021-04-26 00:01:16 --> Undefined index: pack
#0 /home/interne1/public_html/mymisdiagnosis/app/Controllers/Product.php(190): CodeIgniter\Debug\Exceptions->errorHandler(8, 'Undefined index...', '/home/interne1/...', 190, Array)
#1 /home/interne1/public_html/mymisdiagnosis/system/CodeIgniter.php(936): App\Controllers\Product->cards('ajax_list')
#2 /home/interne1/public_html/mymisdiagnosis/system/CodeIgniter.php(432): CodeIgniter\CodeIgniter->runController(Object(App\Controllers\Product))
#3 /home/interne1/public_html/mymisdiagnosis/system/CodeIgniter.php(333): CodeIgniter\CodeIgniter->handleRequest(NULL, Object(Config\Cache), false)
#4 /home/interne1/public_html/mymisdiagnosis/public/index.php(44): CodeIgniter\CodeIgniter->run()
#5 {main}
CRITICAL - 2021-04-26 00:01:18 --> Undefined index: pack
#0 /home/interne1/public_html/mymisdiagnosis/app/Controllers/Product.php(190): CodeIgniter\Debug\Exceptions->errorHandler(8, 'Undefined index...', '/home/interne1/...', 190, Array)
#1 /home/interne1/public_html/mymisdiagnosis/system/CodeIgniter.php(936): App\Controllers\Product->cards('ajax_list')
#2 /home/interne1/public_html/mymisdiagnosis/system/CodeIgniter.php(432): CodeIgniter\CodeIgniter->runController(Object(App\Controllers\Product))
#3 /home/interne1/public_html/mymisdiagnosis/system/CodeIgniter.php(333): CodeIgniter\CodeIgniter->handleRequest(NULL, Object(Config\Cache), false)
#4 /home/interne1/public_html/mymisdiagnosis/public/index.php(44): CodeIgniter\CodeIgniter->run()
#5 {main}
CRITICAL - 2021-04-26 00:01:20 --> Undefined index: pack
#0 /home/interne1/public_html/mymisdiagnosis/app/Controllers/Product.php(190): CodeIgniter\Debug\Exceptions->errorHandler(8, 'Undefined index...', '/home/interne1/...', 190, Array)
#1 /home/interne1/public_html/mymisdiagnosis/system/CodeIgniter.php(936): App\Controllers\Product->cards('ajax_list')
#2 /home/interne1/public_html/mymisdiagnosis/system/CodeIgniter.php(432): CodeIgniter\CodeIgniter->runController(Object(App\Controllers\Product))
#3 /home/interne1/public_html/mymisdiagnosis/system/CodeIgniter.php(333): CodeIgniter\CodeIgniter->handleRequest(NULL, Object(Config\Cache), false)
#4 /home/interne1/public_html/mymisdiagnosis/public/index.php(44): CodeIgniter\CodeIgniter->run()
#5 {main}
CRITICAL - 2021-04-26 00:01:25 --> Undefined index: pack
#0 /home/interne1/public_html/mymisdiagnosis/app/Controllers/Product.php(190): CodeIgniter\Debug\Exceptions->errorHandler(8, 'Undefined index...', '/home/interne1/...', 190, Array)
#1 /home/interne1/public_html/mymisdiagnosis/system/CodeIgniter.php(936): App\Controllers\Product->cards('ajax_list')
#2 /home/interne1/public_html/mymisdiagnosis/system/CodeIgniter.php(432): CodeIgniter\CodeIgniter->runController(Object(App\Controllers\Product))
#3 /home/interne1/public_html/mymisdiagnosis/system/CodeIgniter.php(333): CodeIgniter\CodeIgniter->handleRequest(NULL, Object(Config\Cache), false)
#4 /home/interne1/public_html/mymisdiagnosis/public/index.php(44): CodeIgniter\CodeIgniter->run()
#5 {main}
CRITICAL - 2021-04-26 00:01:26 --> Undefined index: pack
#0 /home/interne1/public_html/mymisdiagnosis/app/Controllers/Product.php(190): CodeIgniter\Debug\Exceptions->errorHandler(8, 'Undefined index...', '/home/interne1/...', 190, Array)
#1 /home/interne1/public_html/mymisdiagnosis/system/CodeIgniter.php(936): App\Controllers\Product->cards('ajax_list')
#2 /home/interne1/public_html/mymisdiagnosis/system/CodeIgniter.php(432): CodeIgniter\CodeIgniter->runController(Object(App\Controllers\Product))
#3 /home/interne1/public_html/mymisdiagnosis/system/CodeIgniter.php(333): CodeIgniter\CodeIgniter->handleRequest(NULL, Object(Config\Cache), false)
#4 /home/interne1/public_html/mymisdiagnosis/public/index.php(44): CodeIgniter\CodeIgniter->run()
#5 {main}
CRITICAL - 2021-04-26 00:04:37 --> Undefined index: pack
#0 /home/interne1/public_html/mymisdiagnosis/app/Controllers/Product.php(190): CodeIgniter\Debug\Exceptions->errorHandler(8, 'Undefined index...', '/home/interne1/...', 190, Array)
#1 /home/interne1/public_html/mymisdiagnosis/system/CodeIgniter.php(936): App\Controllers\Product->cards('ajax_list')
#2 /home/interne1/public_html/mymisdiagnosis/system/CodeIgniter.php(432): CodeIgniter\CodeIgniter->runController(Object(App\Controllers\Product))
#3 /home/interne1/public_html/mymisdiagnosis/system/CodeIgniter.php(333): CodeIgniter\CodeIgniter->handleRequest(NULL, Object(Config\Cache), false)
#4 /home/interne1/public_html/mymisdiagnosis/public/index.php(44): CodeIgniter\CodeIgniter->run()
#5 {main}
CRITICAL - 2021-04-26 00:04:59 --> Undefined index: pack
#0 /home/interne1/public_html/mymisdiagnosis/app/Controllers/Product.php(190): CodeIgniter\Debug\Exceptions->errorHandler(8, 'Undefined index...', '/home/interne1/...', 190, Array)
#1 /home/interne1/public_html/mymisdiagnosis/system/CodeIgniter.php(936): App\Controllers\Product->cards()
#2 /home/interne1/public_html/mymisdiagnosis/system/CodeIgniter.php(432): CodeIgniter\CodeIgniter->runController(Object(App\Controllers\Product))
#3 /home/interne1/public_html/mymisdiagnosis/system/CodeIgniter.php(333): CodeIgniter\CodeIgniter->handleRequest(NULL, Object(Config\Cache), false)
#4 /home/interne1/public_html/mymisdiagnosis/public/index.php(44): CodeIgniter\CodeIgniter->run()
#5 {main}
CRITICAL - 2021-04-26 00:05:31 --> Undefined index: pack
#0 /home/interne1/public_html/mymisdiagnosis/app/Controllers/Product.php(190): CodeIgniter\Debug\Exceptions->errorHandler(8, 'Undefined index...', '/home/interne1/...', 190, Array)
#1 /home/interne1/public_html/mymisdiagnosis/system/CodeIgniter.php(936): App\Controllers\Product->cards('ajax_list')
#2 /home/interne1/public_html/mymisdiagnosis/system/CodeIgniter.php(432): CodeIgniter\CodeIgniter->runController(Object(App\Controllers\Product))
#3 /home/interne1/public_html/mymisdiagnosis/system/CodeIgniter.php(333): CodeIgniter\CodeIgniter->handleRequest(NULL, Object(Config\Cache), false)
#4 /home/interne1/public_html/mymisdiagnosis/public/index.php(44): CodeIgniter\CodeIgniter->run()
#5 {main}
CRITICAL - 2021-04-26 00:05:31 --> Undefined index: pack
#0 /home/interne1/public_html/mymisdiagnosis/app/Controllers/Product.php(190): CodeIgniter\Debug\Exceptions->errorHandler(8, 'Undefined index...', '/home/interne1/...', 190, Array)
#1 /home/interne1/public_html/mymisdiagnosis/system/CodeIgniter.php(936): App\Controllers\Product->cards('ajax_list')
#2 /home/interne1/public_html/mymisdiagnosis/system/CodeIgniter.php(432): CodeIgniter\CodeIgniter->runController(Object(App\Controllers\Product))
#3 /home/interne1/public_html/mymisdiagnosis/system/CodeIgniter.php(333): CodeIgniter\CodeIgniter->handleRequest(NULL, Object(Config\Cache), false)
#4 /home/interne1/public_html/mymisdiagnosis/public/index.php(44): CodeIgniter\CodeIgniter->run()
#5 {main}
CRITICAL - 2021-04-26 00:08:21 --> Undefined index: pack
#0 /home/interne1/public_html/mymisdiagnosis/app/Controllers/Product.php(190): CodeIgniter\Debug\Exceptions->errorHandler(8, 'Undefined index...', '/home/interne1/...', 190, Array)
#1 /home/interne1/public_html/mymisdiagnosis/system/CodeIgniter.php(936): App\Controllers\Product->cards('ajax_list')
#2 /home/interne1/public_html/mymisdiagnosis/system/CodeIgniter.php(432): CodeIgniter\CodeIgniter->runController(Object(App\Controllers\Product))
#3 /home/interne1/public_html/mymisdiagnosis/system/CodeIgniter.php(333): CodeIgniter\CodeIgniter->handleRequest(NULL, Object(Config\Cache), false)
#4 /home/interne1/public_html/mymisdiagnosis/public/index.php(44): CodeIgniter\CodeIgniter->run()
#5 {main}
CRITICAL - 2021-04-26 00:08:26 --> Undefined index: pack
#0 /home/interne1/public_html/mymisdiagnosis/app/Controllers/Product.php(190): CodeIgniter\Debug\Exceptions->errorHandler(8, 'Undefined index...', '/home/interne1/...', 190, Array)
#1 /home/interne1/public_html/mymisdiagnosis/system/CodeIgniter.php(936): App\Controllers\Product->cards('ajax_list')
#2 /home/interne1/public_html/mymisdiagnosis/system/CodeIgniter.php(432): CodeIgniter\CodeIgniter->runController(Object(App\Controllers\Product))
#3 /home/interne1/public_html/mymisdiagnosis/system/CodeIgniter.php(333): CodeIgniter\CodeIgniter->handleRequest(NULL, Object(Config\Cache), false)
#4 /home/interne1/public_html/mymisdiagnosis/public/index.php(44): CodeIgniter\CodeIgniter->run()
#5 {main}
CRITICAL - 2021-04-26 00:21:38 --> Undefined index: pack
#0 /home/interne1/public_html/mymisdiagnosis/app/Controllers/Product.php(190): CodeIgniter\Debug\Exceptions->errorHandler(8, 'Undefined index...', '/home/interne1/...', 190, Array)
#1 /home/interne1/public_html/mymisdiagnosis/system/CodeIgniter.php(936): App\Controllers\Product->cards('ajax_list')
#2 /home/interne1/public_html/mymisdiagnosis/system/CodeIgniter.php(432): CodeIgniter\CodeIgniter->runController(Object(App\Controllers\Product))
#3 /home/interne1/public_html/mymisdiagnosis/system/CodeIgniter.php(333): CodeIgniter\CodeIgniter->handleRequest(NULL, Object(Config\Cache), false)
#4 /home/interne1/public_html/mymisdiagnosis/public/index.php(44): CodeIgniter\CodeIgniter->run()
#5 {main}
CRITICAL - 2021-04-26 00:22:41 --> Undefined index: pack
#0 /home/interne1/public_html/mymisdiagnosis/app/Controllers/Product.php(190): CodeIgniter\Debug\Exceptions->errorHandler(8, 'Undefined index...', '/home/interne1/...', 190, Array)
#1 /home/interne1/public_html/mymisdiagnosis/system/CodeIgniter.php(936): App\Controllers\Product->cards('ajax_list')
#2 /home/interne1/public_html/mymisdiagnosis/system/CodeIgniter.php(432): CodeIgniter\CodeIgniter->runController(Object(App\Controllers\Product))
#3 /home/interne1/public_html/mymisdiagnosis/system/CodeIgniter.php(333): CodeIgniter\CodeIgniter->handleRequest(NULL, Object(Config\Cache), false)
#4 /home/interne1/public_html/mymisdiagnosis/public/index.php(44): CodeIgniter\CodeIgniter->run()
#5 {main}
CRITICAL - 2021-04-26 00:22:55 --> Undefined index: pack
#0 /home/interne1/public_html/mymisdiagnosis/app/Controllers/Product.php(190): CodeIgniter\Debug\Exceptions->errorHandler(8, 'Undefined index...', '/home/interne1/...', 190, Array)
#1 /home/interne1/public_html/mymisdiagnosis/system/CodeIgniter.php(936): App\Controllers\Product->cards('ajax_list')
#2 /home/interne1/public_html/mymisdiagnosis/system/CodeIgniter.php(432): CodeIgniter\CodeIgniter->runController(Object(App\Controllers\Product))
#3 /home/interne1/public_html/mymisdiagnosis/system/CodeIgniter.php(333): CodeIgniter\CodeIgniter->handleRequest(NULL, Object(Config\Cache), false)
#4 /home/interne1/public_html/mymisdiagnosis/public/index.php(44): CodeIgniter\CodeIgniter->run()
#5 {main}
CRITICAL - 2021-04-26 00:24:34 --> Undefined variable: action_unique_id
#0 /home/interne1/public_html/mymisdiagnosis/public/assets/grocery_crud/themes/internetics/views/list_tbody.php(139): CodeIgniter\Debug\Exceptions->errorHandler(8, 'Undefined varia...', '/home/interne1/...', 139, Array)
#1 /home/interne1/public_html/mymisdiagnosis/public/assets/grocery_crud/themes/internetics/views/list.php(4): include('/home/interne1/...')
#2 /home/interne1/public_html/mymisdiagnosis/app/Libraries/GroceryCrud.php(2801): include('/home/interne1/...')
#3 /home/interne1/public_html/mymisdiagnosis/app/Libraries/GroceryCrud.php(1562): App\Libraries\grocery_CRUD_Layout->_theme_view('list.php', Array, true)
#4 /home/interne1/public_html/mymisdiagnosis/app/Libraries/GroceryCrud.php(4496): App\Libraries\grocery_CRUD_Layout->showList(false, Object(stdClass))
#5 /home/interne1/public_html/mymisdiagnosis/app/Controllers/Product.php(142): App\Libraries\GroceryCrud->render()
#6 /home/interne1/public_html/mymisdiagnosis/system/CodeIgniter.php(936): App\Controllers\Product->packs()
#7 /home/interne1/public_html/mymisdiagnosis/system/CodeIgniter.php(432): CodeIgniter\CodeIgniter->runController(Object(App\Controllers\Product))
#8 /home/interne1/public_html/mymisdiagnosis/system/CodeIgniter.php(333): CodeIgniter\CodeIgniter->handleRequest(NULL, Object(Config\Cache), false)
#9 /home/interne1/public_html/mymisdiagnosis/public/index.php(44): CodeIgniter\CodeIgniter->run()
#10 {main}
CRITICAL - 2021-04-26 00:25:36 --> Undefined variable: action_unique_id
#0 /home/interne1/public_html/mymisdiagnosis/public/assets/grocery_crud/themes/internetics/views/list_tbody.php(139): CodeIgniter\Debug\Exceptions->errorHandler(8, 'Undefined varia...', '/home/interne1/...', 139, Array)
#1 /home/interne1/public_html/mymisdiagnosis/public/assets/grocery_crud/themes/internetics/views/list.php(4): include('/home/interne1/...')
#2 /home/interne1/public_html/mymisdiagnosis/app/Libraries/GroceryCrud.php(2801): include('/home/interne1/...')
#3 /home/interne1/public_html/mymisdiagnosis/app/Libraries/GroceryCrud.php(1562): App\Libraries\grocery_CRUD_Layout->_theme_view('list.php', Array, true)
#4 /home/interne1/public_html/mymisdiagnosis/app/Libraries/GroceryCrud.php(4496): App\Libraries\grocery_CRUD_Layout->showList(false, Object(stdClass))
#5 /home/interne1/public_html/mymisdiagnosis/app/Controllers/Product.php(142): App\Libraries\GroceryCrud->render()
#6 /home/interne1/public_html/mymisdiagnosis/system/CodeIgniter.php(936): App\Controllers\Product->packs()
#7 /home/interne1/public_html/mymisdiagnosis/system/CodeIgniter.php(432): CodeIgniter\CodeIgniter->runController(Object(App\Controllers\Product))
#8 /home/interne1/public_html/mymisdiagnosis/system/CodeIgniter.php(333): CodeIgniter\CodeIgniter->handleRequest(NULL, Object(Config\Cache), false)
#9 /home/interne1/public_html/mymisdiagnosis/public/index.php(44): CodeIgniter\CodeIgniter->run()
#10 {main}
CRITICAL - 2021-04-26 00:35:36 --> Undefined index: pack
#0 /home/interne1/public_html/mymisdiagnosis/app/Controllers/Product.php(190): CodeIgniter\Debug\Exceptions->errorHandler(8, 'Undefined index...', '/home/interne1/...', 190, Array)
#1 /home/interne1/public_html/mymisdiagnosis/system/CodeIgniter.php(936): App\Controllers\Product->cards()
#2 /home/interne1/public_html/mymisdiagnosis/system/CodeIgniter.php(432): CodeIgniter\CodeIgniter->runController(Object(App\Controllers\Product))
#3 /home/interne1/public_html/mymisdiagnosis/system/CodeIgniter.php(333): CodeIgniter\CodeIgniter->handleRequest(NULL, Object(Config\Cache), false)
#4 /home/interne1/public_html/mymisdiagnosis/public/index.php(44): CodeIgniter\CodeIgniter->run()
#5 {main}
CRITICAL - 2021-04-26 00:35:47 --> Undefined index: pack
#0 /home/interne1/public_html/mymisdiagnosis/app/Controllers/Product.php(190): CodeIgniter\Debug\Exceptions->errorHandler(8, 'Undefined index...', '/home/interne1/...', 190, Array)
#1 /home/interne1/public_html/mymisdiagnosis/system/CodeIgniter.php(936): App\Controllers\Product->cards('ajax_list')
#2 /home/interne1/public_html/mymisdiagnosis/system/CodeIgniter.php(432): CodeIgniter\CodeIgniter->runController(Object(App\Controllers\Product))
#3 /home/interne1/public_html/mymisdiagnosis/system/CodeIgniter.php(333): CodeIgniter\CodeIgniter->handleRequest(NULL, Object(Config\Cache), false)
#4 /home/interne1/public_html/mymisdiagnosis/public/index.php(44): CodeIgniter\CodeIgniter->run()
#5 {main}
CRITICAL - 2021-04-26 00:36:04 --> Undefined index: pack
#0 /home/interne1/public_html/mymisdiagnosis/app/Controllers/Product.php(190): CodeIgniter\Debug\Exceptions->errorHandler(8, 'Undefined index...', '/home/interne1/...', 190, Array)
#1 /home/interne1/public_html/mymisdiagnosis/system/CodeIgniter.php(936): App\Controllers\Product->cards('ajax_list')
#2 /home/interne1/public_html/mymisdiagnosis/system/CodeIgniter.php(432): CodeIgniter\CodeIgniter->runController(Object(App\Controllers\Product))
#3 /home/interne1/public_html/mymisdiagnosis/system/CodeIgniter.php(333): CodeIgniter\CodeIgniter->handleRequest(NULL, Object(Config\Cache), false)
#4 /home/interne1/public_html/mymisdiagnosis/public/index.php(44): CodeIgniter\CodeIgniter->run()
#5 {main}
CRITICAL - 2021-04-26 00:36:10 --> Undefined index: pack
#0 /home/interne1/public_html/mymisdiagnosis/app/Controllers/Product.php(190): CodeIgniter\Debug\Exceptions->errorHandler(8, 'Undefined index...', '/home/interne1/...', 190, Array)
#1 /home/interne1/public_html/mymisdiagnosis/system/CodeIgniter.php(936): App\Controllers\Product->cards('ajax_list')
#2 /home/interne1/public_html/mymisdiagnosis/system/CodeIgniter.php(432): CodeIgniter\CodeIgniter->runController(Object(App\Controllers\Product))
#3 /home/interne1/public_html/mymisdiagnosis/system/CodeIgniter.php(333): CodeIgniter\CodeIgniter->handleRequest(NULL, Object(Config\Cache), false)
#4 /home/interne1/public_html/mymisdiagnosis/public/index.php(44): CodeIgniter\CodeIgniter->run()
#5 {main}
CRITICAL - 2021-04-26 00:36:24 --> Undefined index: pack
#0 /home/interne1/public_html/mymisdiagnosis/app/Controllers/Product.php(190): CodeIgniter\Debug\Exceptions->errorHandler(8, 'Undefined index...', '/home/interne1/...', 190, Array)
#1 /home/interne1/public_html/mymisdiagnosis/system/CodeIgniter.php(936): App\Controllers\Product->cards('ajax_list')
#2 /home/interne1/public_html/mymisdiagnosis/system/CodeIgniter.php(432): CodeIgniter\CodeIgniter->runController(Object(App\Controllers\Product))
#3 /home/interne1/public_html/mymisdiagnosis/system/CodeIgniter.php(333): CodeIgniter\CodeIgniter->handleRequest(NULL, Object(Config\Cache), false)
#4 /home/interne1/public_html/mymisdiagnosis/public/index.php(44): CodeIgniter\CodeIgniter->run()
#5 {main}
CRITICAL - 2021-04-26 00:36:43 --> Undefined index: pack
#0 /home/interne1/public_html/mymisdiagnosis/app/Controllers/Product.php(190): CodeIgniter\Debug\Exceptions->errorHandler(8, 'Undefined index...', '/home/interne1/...', 190, Array)
#1 /home/interne1/public_html/mymisdiagnosis/system/CodeIgniter.php(936): App\Controllers\Product->cards('ajax_list')
#2 /home/interne1/public_html/mymisdiagnosis/system/CodeIgniter.php(432): CodeIgniter\CodeIgniter->runController(Object(App\Controllers\Product))
#3 /home/interne1/public_html/mymisdiagnosis/system/CodeIgniter.php(333): CodeIgniter\CodeIgniter->handleRequest(NULL, Object(Config\Cache), false)
#4 /home/interne1/public_html/mymisdiagnosis/public/index.php(44): CodeIgniter\CodeIgniter->run()
#5 {main}
CRITICAL - 2021-04-26 00:36:45 --> Undefined index: pack
#0 /home/interne1/public_html/mymisdiagnosis/app/Controllers/Product.php(190): CodeIgniter\Debug\Exceptions->errorHandler(8, 'Undefined index...', '/home/interne1/...', 190, Array)
#1 /home/interne1/public_html/mymisdiagnosis/system/CodeIgniter.php(936): App\Controllers\Product->cards('ajax_list')
#2 /home/interne1/public_html/mymisdiagnosis/system/CodeIgniter.php(432): CodeIgniter\CodeIgniter->runController(Object(App\Controllers\Product))
#3 /home/interne1/public_html/mymisdiagnosis/system/CodeIgniter.php(333): CodeIgniter\CodeIgniter->handleRequest(NULL, Object(Config\Cache), false)
#4 /home/interne1/public_html/mymisdiagnosis/public/index.php(44): CodeIgniter\CodeIgniter->run()
#5 {main}
CRITICAL - 2021-04-26 00:36:47 --> Undefined index: pack
#0 /home/interne1/public_html/mymisdiagnosis/app/Controllers/Product.php(190): CodeIgniter\Debug\Exceptions->errorHandler(8, 'Undefined index...', '/home/interne1/...', 190, Array)
#1 /home/interne1/public_html/mymisdiagnosis/system/CodeIgniter.php(936): App\Controllers\Product->cards('ajax_list')
#2 /home/interne1/public_html/mymisdiagnosis/system/CodeIgniter.php(432): CodeIgniter\CodeIgniter->runController(Object(App\Controllers\Product))
#3 /home/interne1/public_html/mymisdiagnosis/system/CodeIgniter.php(333): CodeIgniter\CodeIgniter->handleRequest(NULL, Object(Config\Cache), false)
#4 /home/interne1/public_html/mymisdiagnosis/public/index.php(44): CodeIgniter\CodeIgniter->run()
#5 {main}
CRITICAL - 2021-04-26 00:36:51 --> Undefined index: pack
#0 /home/interne1/public_html/mymisdiagnosis/app/Controllers/Product.php(190): CodeIgniter\Debug\Exceptions->errorHandler(8, 'Undefined index...', '/home/interne1/...', 190, Array)
#1 /home/interne1/public_html/mymisdiagnosis/system/CodeIgniter.php(936): App\Controllers\Product->cards()
#2 /home/interne1/public_html/mymisdiagnosis/system/CodeIgniter.php(432): CodeIgniter\CodeIgniter->runController(Object(App\Controllers\Product))
#3 /home/interne1/public_html/mymisdiagnosis/system/CodeIgniter.php(333): CodeIgniter\CodeIgniter->handleRequest(NULL, Object(Config\Cache), false)
#4 /home/interne1/public_html/mymisdiagnosis/public/index.php(44): CodeIgniter\CodeIgniter->run()
#5 {main}
CRITICAL - 2021-04-26 00:36:55 --> Undefined index: pack
#0 /home/interne1/public_html/mymisdiagnosis/app/Controllers/Product.php(190): CodeIgniter\Debug\Exceptions->errorHandler(8, 'Undefined index...', '/home/interne1/...', 190, Array)
#1 /home/interne1/public_html/mymisdiagnosis/system/CodeIgniter.php(936): App\Controllers\Product->cards('ajax_list')
#2 /home/interne1/public_html/mymisdiagnosis/system/CodeIgniter.php(432): CodeIgniter\CodeIgniter->runController(Object(App\Controllers\Product))
#3 /home/interne1/public_html/mymisdiagnosis/system/CodeIgniter.php(333): CodeIgniter\CodeIgniter->handleRequest(NULL, Object(Config\Cache), false)
#4 /home/interne1/public_html/mymisdiagnosis/public/index.php(44): CodeIgniter\CodeIgniter->run()
#5 {main}
CRITICAL - 2021-04-26 00:38:00 --> Undefined variable: data
#0 /home/interne1/public_html/mymisdiagnosis/public/assets/grocery_crud/themes/internetics/views/list_tbody.php(52): CodeIgniter\Debug\Exceptions->errorHandler(8, 'Undefined varia...', '/home/interne1/...', 52, Array)
#1 /home/interne1/public_html/mymisdiagnosis/public/assets/grocery_crud/themes/internetics/views/list.php(4): include('/home/interne1/...')
#2 /home/interne1/public_html/mymisdiagnosis/app/Libraries/GroceryCrud.php(2801): include('/home/interne1/...')
#3 /home/interne1/public_html/mymisdiagnosis/app/Libraries/GroceryCrud.php(1562): App\Libraries\grocery_CRUD_Layout->_theme_view('list.php', Array, true)
#4 /home/interne1/public_html/mymisdiagnosis/app/Libraries/GroceryCrud.php(4496): App\Libraries\grocery_CRUD_Layout->showList(false, Object(stdClass))
#5 /home/interne1/public_html/mymisdiagnosis/app/Controllers/Product.php(142): App\Libraries\GroceryCrud->render()
#6 /home/interne1/public_html/mymisdiagnosis/system/CodeIgniter.php(936): App\Controllers\Product->packs()
#7 /home/interne1/public_html/mymisdiagnosis/system/CodeIgniter.php(432): CodeIgniter\CodeIgniter->runController(Object(App\Controllers\Product))
#8 /home/interne1/public_html/mymisdiagnosis/system/CodeIgniter.php(333): CodeIgniter\CodeIgniter->handleRequest(NULL, Object(Config\Cache), false)
#9 /home/interne1/public_html/mymisdiagnosis/public/index.php(44): CodeIgniter\CodeIgniter->run()
#10 {main}
CRITICAL - 2021-04-26 00:38:25 --> Undefined index: pack
#0 /home/interne1/public_html/mymisdiagnosis/app/Controllers/Product.php(190): CodeIgniter\Debug\Exceptions->errorHandler(8, 'Undefined index...', '/home/interne1/...', 190, Array)
#1 /home/interne1/public_html/mymisdiagnosis/system/CodeIgniter.php(936): App\Controllers\Product->cards('ajax_list')
#2 /home/interne1/public_html/mymisdiagnosis/system/CodeIgniter.php(432): CodeIgniter\CodeIgniter->runController(Object(App\Controllers\Product))
#3 /home/interne1/public_html/mymisdiagnosis/system/CodeIgniter.php(333): CodeIgniter\CodeIgniter->handleRequest(NULL, Object(Config\Cache), false)
#4 /home/interne1/public_html/mymisdiagnosis/public/index.php(44): CodeIgniter\CodeIgniter->run()
#5 {main}
CRITICAL - 2021-04-26 00:38:30 --> Undefined index: pack
#0 /home/interne1/public_html/mymisdiagnosis/app/Controllers/Product.php(190): CodeIgniter\Debug\Exceptions->errorHandler(8, 'Undefined index...', '/home/interne1/...', 190, Array)
#1 /home/interne1/public_html/mymisdiagnosis/system/CodeIgniter.php(936): App\Controllers\Product->cards('ajax_list')
#2 /home/interne1/public_html/mymisdiagnosis/system/CodeIgniter.php(432): CodeIgniter\CodeIgniter->runController(Object(App\Controllers\Product))
#3 /home/interne1/public_html/mymisdiagnosis/system/CodeIgniter.php(333): CodeIgniter\CodeIgniter->handleRequest(NULL, Object(Config\Cache), false)
#4 /home/interne1/public_html/mymisdiagnosis/public/index.php(44): CodeIgniter\CodeIgniter->run()
#5 {main}
CRITICAL - 2021-04-26 00:38:37 --> Undefined index: pack
#0 /home/interne1/public_html/mymisdiagnosis/app/Controllers/Product.php(190): CodeIgniter\Debug\Exceptions->errorHandler(8, 'Undefined index...', '/home/interne1/...', 190, Array)
#1 /home/interne1/public_html/mymisdiagnosis/system/CodeIgniter.php(936): App\Controllers\Product->cards('ajax_list')
#2 /home/interne1/public_html/mymisdiagnosis/system/CodeIgniter.php(432): CodeIgniter\CodeIgniter->runController(Object(App\Controllers\Product))
#3 /home/interne1/public_html/mymisdiagnosis/system/CodeIgniter.php(333): CodeIgniter\CodeIgniter->handleRequest(NULL, Object(Config\Cache), false)
#4 /home/interne1/public_html/mymisdiagnosis/public/index.php(44): CodeIgniter\CodeIgniter->run()
#5 {main}
CRITICAL - 2021-04-26 00:38:41 --> Undefined index: pack
#0 /home/interne1/public_html/mymisdiagnosis/app/Controllers/Product.php(190): CodeIgniter\Debug\Exceptions->errorHandler(8, 'Undefined index...', '/home/interne1/...', 190, Array)
#1 /home/interne1/public_html/mymisdiagnosis/system/CodeIgniter.php(936): App\Controllers\Product->cards('ajax_list')
#2 /home/interne1/public_html/mymisdiagnosis/system/CodeIgniter.php(432): CodeIgniter\CodeIgniter->runController(Object(App\Controllers\Product))
#3 /home/interne1/public_html/mymisdiagnosis/system/CodeIgniter.php(333): CodeIgniter\CodeIgniter->handleRequest(NULL, Object(Config\Cache), false)
#4 /home/interne1/public_html/mymisdiagnosis/public/index.php(44): CodeIgniter\CodeIgniter->run()
#5 {main}
CRITICAL - 2021-04-26 00:38:46 --> Undefined index: pack
#0 /home/interne1/public_html/mymisdiagnosis/app/Controllers/Product.php(190): CodeIgniter\Debug\Exceptions->errorHandler(8, 'Undefined index...', '/home/interne1/...', 190, Array)
#1 /home/interne1/public_html/mymisdiagnosis/system/CodeIgniter.php(936): App\Controllers\Product->cards('ajax_list')
#2 /home/interne1/public_html/mymisdiagnosis/system/CodeIgniter.php(432): CodeIgniter\CodeIgniter->runController(Object(App\Controllers\Product))
#3 /home/interne1/public_html/mymisdiagnosis/system/CodeIgniter.php(333): CodeIgniter\CodeIgniter->handleRequest(NULL, Object(Config\Cache), false)
#4 /home/interne1/public_html/mymisdiagnosis/public/index.php(44): CodeIgniter\CodeIgniter->run()
#5 {main}
CRITICAL - 2021-04-26 00:38:48 --> Undefined index: pack
#0 /home/interne1/public_html/mymisdiagnosis/app/Controllers/Product.php(190): CodeIgniter\Debug\Exceptions->errorHandler(8, 'Undefined index...', '/home/interne1/...', 190, Array)
#1 /home/interne1/public_html/mymisdiagnosis/system/CodeIgniter.php(936): App\Controllers\Product->cards('add')
#2 /home/interne1/public_html/mymisdiagnosis/system/CodeIgniter.php(432): CodeIgniter\CodeIgniter->runController(Object(App\Controllers\Product))
#3 /home/interne1/public_html/mymisdiagnosis/system/CodeIgniter.php(333): CodeIgniter\CodeIgniter->handleRequest(NULL, Object(Config\Cache), false)
#4 /home/interne1/public_html/mymisdiagnosis/public/index.php(44): CodeIgniter\CodeIgniter->run()
#5 {main}
CRITICAL - 2021-04-26 00:38:54 --> Undefined index: pack
#0 /home/interne1/public_html/mymisdiagnosis/app/Controllers/Product.php(190): CodeIgniter\Debug\Exceptions->errorHandler(8, 'Undefined index...', '/home/interne1/...', 190, Array)
#1 /home/interne1/public_html/mymisdiagnosis/system/CodeIgniter.php(936): App\Controllers\Product->cards('ajax_list')
#2 /home/interne1/public_html/mymisdiagnosis/system/CodeIgniter.php(432): CodeIgniter\CodeIgniter->runController(Object(App\Controllers\Product))
#3 /home/interne1/public_html/mymisdiagnosis/system/CodeIgniter.php(333): CodeIgniter\CodeIgniter->handleRequest(NULL, Object(Config\Cache), false)
#4 /home/interne1/public_html/mymisdiagnosis/public/index.php(44): CodeIgniter\CodeIgniter->run()
#5 {main}
CRITICAL - 2021-04-26 00:40:08 --> Undefined index: pack
#0 /home/interne1/public_html/mymisdiagnosis/app/Controllers/Product.php(190): CodeIgniter\Debug\Exceptions->errorHandler(8, 'Undefined index...', '/home/interne1/...', 190, Array)
#1 /home/interne1/public_html/mymisdiagnosis/system/CodeIgniter.php(936): App\Controllers\Product->cards('ajax_list')
#2 /home/interne1/public_html/mymisdiagnosis/system/CodeIgniter.php(432): CodeIgniter\CodeIgniter->runController(Object(App\Controllers\Product))
#3 /home/interne1/public_html/mymisdiagnosis/system/CodeIgniter.php(333): CodeIgniter\CodeIgniter->handleRequest(NULL, Object(Config\Cache), false)
#4 /home/interne1/public_html/mymisdiagnosis/public/index.php(44): CodeIgniter\CodeIgniter->run()
#5 {main}
CRITICAL - 2021-04-26 00:40:17 --> Undefined index: pack
#0 /home/interne1/public_html/mymisdiagnosis/app/Controllers/Product.php(190): CodeIgniter\Debug\Exceptions->errorHandler(8, 'Undefined index...', '/home/interne1/...', 190, Array)
#1 /home/interne1/public_html/mymisdiagnosis/system/CodeIgniter.php(936): App\Controllers\Product->cards('1')
#2 /home/interne1/public_html/mymisdiagnosis/system/CodeIgniter.php(432): CodeIgniter\CodeIgniter->runController(Object(App\Controllers\Product))
#3 /home/interne1/public_html/mymisdiagnosis/system/CodeIgniter.php(333): CodeIgniter\CodeIgniter->handleRequest(NULL, Object(Config\Cache), false)
#4 /home/interne1/public_html/mymisdiagnosis/public/index.php(44): CodeIgniter\CodeIgniter->run()
#5 {main}
CRITICAL - 2021-04-26 00:41:50 --> Undefined index: pack
#0 /home/interne1/public_html/mymisdiagnosis/app/Controllers/Product.php(195): CodeIgniter\Debug\Exceptions->errorHandler(8, 'Undefined index...', '/home/interne1/...', 195, Array)
#1 /home/interne1/public_html/mymisdiagnosis/system/CodeIgniter.php(936): App\Controllers\Product->cards()
#2 /home/interne1/public_html/mymisdiagnosis/system/CodeIgniter.php(432): CodeIgniter\CodeIgniter->runController(Object(App\Controllers\Product))
#3 /home/interne1/public_html/mymisdiagnosis/system/CodeIgniter.php(333): CodeIgniter\CodeIgniter->handleRequest(NULL, Object(Config\Cache), false)
#4 /home/interne1/public_html/mymisdiagnosis/public/index.php(44): CodeIgniter\CodeIgniter->run()
#5 {main}
CRITICAL - 2021-04-26 00:41:53 --> Undefined index: pack
#0 /home/interne1/public_html/mymisdiagnosis/app/Controllers/Product.php(195): CodeIgniter\Debug\Exceptions->errorHandler(8, 'Undefined index...', '/home/interne1/...', 195, Array)
#1 /home/interne1/public_html/mymisdiagnosis/system/CodeIgniter.php(936): App\Controllers\Product->cards()
#2 /home/interne1/public_html/mymisdiagnosis/system/CodeIgniter.php(432): CodeIgniter\CodeIgniter->runController(Object(App\Controllers\Product))
#3 /home/interne1/public_html/mymisdiagnosis/system/CodeIgniter.php(333): CodeIgniter\CodeIgniter->handleRequest(NULL, Object(Config\Cache), false)
#4 /home/interne1/public_html/mymisdiagnosis/public/index.php(44): CodeIgniter\CodeIgniter->run()
#5 {main}
CRITICAL - 2021-04-26 00:41:55 --> Undefined index: pack
#0 /home/interne1/public_html/mymisdiagnosis/app/Controllers/Product.php(195): CodeIgniter\Debug\Exceptions->errorHandler(8, 'Undefined index...', '/home/interne1/...', 195, Array)
#1 /home/interne1/public_html/mymisdiagnosis/system/CodeIgniter.php(936): App\Controllers\Product->cards('1')
#2 /home/interne1/public_html/mymisdiagnosis/system/CodeIgniter.php(432): CodeIgniter\CodeIgniter->runController(Object(App\Controllers\Product))
#3 /home/interne1/public_html/mymisdiagnosis/system/CodeIgniter.php(333): CodeIgniter\CodeIgniter->handleRequest(NULL, Object(Config\Cache), false)
#4 /home/interne1/public_html/mymisdiagnosis/public/index.php(44): CodeIgniter\CodeIgniter->run()
#5 {main}
CRITICAL - 2021-04-26 00:41:56 --> Undefined index: pack
#0 /home/interne1/public_html/mymisdiagnosis/app/Controllers/Product.php(195): CodeIgniter\Debug\Exceptions->errorHandler(8, 'Undefined index...', '/home/interne1/...', 195, Array)
#1 /home/interne1/public_html/mymisdiagnosis/system/CodeIgniter.php(936): App\Controllers\Product->cards('ajax_list')
#2 /home/interne1/public_html/mymisdiagnosis/system/CodeIgniter.php(432): CodeIgniter\CodeIgniter->runController(Object(App\Controllers\Product))
#3 /home/interne1/public_html/mymisdiagnosis/system/CodeIgniter.php(333): CodeIgniter\CodeIgniter->handleRequest(NULL, Object(Config\Cache), false)
#4 /home/interne1/public_html/mymisdiagnosis/public/index.php(44): CodeIgniter\CodeIgniter->run()
#5 {main}
CRITICAL - 2021-04-26 00:42:01 --> Undefined index: pack
#0 /home/interne1/public_html/mymisdiagnosis/app/Controllers/Product.php(195): CodeIgniter\Debug\Exceptions->errorHandler(8, 'Undefined index...', '/home/interne1/...', 195, Array)
#1 /home/interne1/public_html/mymisdiagnosis/system/CodeIgniter.php(936): App\Controllers\Product->cards('ajax_list')
#2 /home/interne1/public_html/mymisdiagnosis/system/CodeIgniter.php(432): CodeIgniter\CodeIgniter->runController(Object(App\Controllers\Product))
#3 /home/interne1/public_html/mymisdiagnosis/system/CodeIgniter.php(333): CodeIgniter\CodeIgniter->handleRequest(NULL, Object(Config\Cache), false)
#4 /home/interne1/public_html/mymisdiagnosis/public/index.php(44): CodeIgniter\CodeIgniter->run()
#5 {main}
CRITICAL - 2021-04-26 00:42:06 --> Undefined index: pack
#0 /home/interne1/public_html/mymisdiagnosis/app/Controllers/Product.php(195): CodeIgniter\Debug\Exceptions->errorHandler(8, 'Undefined index...', '/home/interne1/...', 195, Array)
#1 /home/interne1/public_html/mymisdiagnosis/system/CodeIgniter.php(936): App\Controllers\Product->cards('ajax_list')
#2 /home/interne1/public_html/mymisdiagnosis/system/CodeIgniter.php(432): CodeIgniter\CodeIgniter->runController(Object(App\Controllers\Product))
#3 /home/interne1/public_html/mymisdiagnosis/system/CodeIgniter.php(333): CodeIgniter\CodeIgniter->handleRequest(NULL, Object(Config\Cache), false)
#4 /home/interne1/public_html/mymisdiagnosis/public/index.php(44): CodeIgniter\CodeIgniter->run()
#5 {main}
CRITICAL - 2021-04-26 00:42:13 --> Undefined index: pack
#0 /home/interne1/public_html/mymisdiagnosis/app/Controllers/Product.php(195): CodeIgniter\Debug\Exceptions->errorHandler(8, 'Undefined index...', '/home/interne1/...', 195, Array)
#1 /home/interne1/public_html/mymisdiagnosis/system/CodeIgniter.php(936): App\Controllers\Product->cards('ajax_list')
#2 /home/interne1/public_html/mymisdiagnosis/system/CodeIgniter.php(432): CodeIgniter\CodeIgniter->runController(Object(App\Controllers\Product))
#3 /home/interne1/public_html/mymisdiagnosis/system/CodeIgniter.php(333): CodeIgniter\CodeIgniter->handleRequest(NULL, Object(Config\Cache), false)
#4 /home/interne1/public_html/mymisdiagnosis/public/index.php(44): CodeIgniter\CodeIgniter->run()
#5 {main}
CRITICAL - 2021-04-26 00:42:16 --> Undefined index: pack
#0 /home/interne1/public_html/mymisdiagnosis/app/Controllers/Product.php(195): CodeIgniter\Debug\Exceptions->errorHandler(8, 'Undefined index...', '/home/interne1/...', 195, Array)
#1 /home/interne1/public_html/mymisdiagnosis/system/CodeIgniter.php(936): App\Controllers\Product->cards('ajax_list')
#2 /home/interne1/public_html/mymisdiagnosis/system/CodeIgniter.php(432): CodeIgniter\CodeIgniter->runController(Object(App\Controllers\Product))
#3 /home/interne1/public_html/mymisdiagnosis/system/CodeIgniter.php(333): CodeIgniter\CodeIgniter->handleRequest(NULL, Object(Config\Cache), false)
#4 /home/interne1/public_html/mymisdiagnosis/public/index.php(44): CodeIgniter\CodeIgniter->run()
#5 {main}
CRITICAL - 2021-04-26 00:42:18 --> Undefined index: pack
#0 /home/interne1/public_html/mymisdiagnosis/app/Controllers/Product.php(195): CodeIgniter\Debug\Exceptions->errorHandler(8, 'Undefined index...', '/home/interne1/...', 195, Array)
#1 /home/interne1/public_html/mymisdiagnosis/system/CodeIgniter.php(936): App\Controllers\Product->cards('ajax_list')
#2 /home/interne1/public_html/mymisdiagnosis/system/CodeIgniter.php(432): CodeIgniter\CodeIgniter->runController(Object(App\Controllers\Product))
#3 /home/interne1/public_html/mymisdiagnosis/system/CodeIgniter.php(333): CodeIgniter\CodeIgniter->handleRequest(NULL, Object(Config\Cache), false)
#4 /home/interne1/public_html/mymisdiagnosis/public/index.php(44): CodeIgniter\CodeIgniter->run()
#5 {main}
CRITICAL - 2021-04-26 00:42:21 --> Undefined index: pack
#0 /home/interne1/public_html/mymisdiagnosis/app/Controllers/Product.php(195): CodeIgniter\Debug\Exceptions->errorHandler(8, 'Undefined index...', '/home/interne1/...', 195, Array)
#1 /home/interne1/public_html/mymisdiagnosis/system/CodeIgniter.php(936): App\Controllers\Product->cards('ajax_list')
#2 /home/interne1/public_html/mymisdiagnosis/system/CodeIgniter.php(432): CodeIgniter\CodeIgniter->runController(Object(App\Controllers\Product))
#3 /home/interne1/public_html/mymisdiagnosis/system/CodeIgniter.php(333): CodeIgniter\CodeIgniter->handleRequest(NULL, Object(Config\Cache), false)
#4 /home/interne1/public_html/mymisdiagnosis/public/index.php(44): CodeIgniter\CodeIgniter->run()
#5 {main}
CRITICAL - 2021-04-26 00:42:38 --> Undefined index: pack
#0 /home/interne1/public_html/mymisdiagnosis/app/Controllers/Product.php(195): CodeIgniter\Debug\Exceptions->errorHandler(8, 'Undefined index...', '/home/interne1/...', 195, Array)
#1 /home/interne1/public_html/mymisdiagnosis/system/CodeIgniter.php(936): App\Controllers\Product->cards('ajax_list')
#2 /home/interne1/public_html/mymisdiagnosis/system/CodeIgniter.php(432): CodeIgniter\CodeIgniter->runController(Object(App\Controllers\Product))
#3 /home/interne1/public_html/mymisdiagnosis/system/CodeIgniter.php(333): CodeIgniter\CodeIgniter->handleRequest(NULL, Object(Config\Cache), false)
#4 /home/interne1/public_html/mymisdiagnosis/public/index.php(44): CodeIgniter\CodeIgniter->run()
#5 {main}
CRITICAL - 2021-04-26 00:45:14 --> Undefined index: pack
#0 /home/interne1/public_html/mymisdiagnosis/app/Controllers/Product.php(195): CodeIgniter\Debug\Exceptions->errorHandler(8, 'Undefined index...', '/home/interne1/...', 195, Array)
#1 /home/interne1/public_html/mymisdiagnosis/system/CodeIgniter.php(936): App\Controllers\Product->cards('ajax_list')
#2 /home/interne1/public_html/mymisdiagnosis/system/CodeIgniter.php(432): CodeIgniter\CodeIgniter->runController(Object(App\Controllers\Product))
#3 /home/interne1/public_html/mymisdiagnosis/system/CodeIgniter.php(333): CodeIgniter\CodeIgniter->handleRequest(NULL, Object(Config\Cache), false)
#4 /home/interne1/public_html/mymisdiagnosis/public/index.php(44): CodeIgniter\CodeIgniter->run()
#5 {main}
CRITICAL - 2021-04-26 00:47:54 --> Undefined index: pack
#0 /home/interne1/public_html/mymisdiagnosis/app/Controllers/Product.php(195): CodeIgniter\Debug\Exceptions->errorHandler(8, 'Undefined index...', '/home/interne1/...', 195, Array)
#1 /home/interne1/public_html/mymisdiagnosis/system/CodeIgniter.php(936): App\Controllers\Product->cards('ajax_list')
#2 /home/interne1/public_html/mymisdiagnosis/system/CodeIgniter.php(432): CodeIgniter\CodeIgniter->runController(Object(App\Controllers\Product))
#3 /home/interne1/public_html/mymisdiagnosis/system/CodeIgniter.php(333): CodeIgniter\CodeIgniter->handleRequest(NULL, Object(Config\Cache), false)
#4 /home/interne1/public_html/mymisdiagnosis/public/index.php(44): CodeIgniter\CodeIgniter->run()
#5 {main}
CRITICAL - 2021-04-26 00:48:00 --> Undefined index: pack
#0 /home/interne1/public_html/mymisdiagnosis/app/Controllers/Product.php(195): CodeIgniter\Debug\Exceptions->errorHandler(8, 'Undefined index...', '/home/interne1/...', 195, Array)
#1 /home/interne1/public_html/mymisdiagnosis/system/CodeIgniter.php(936): App\Controllers\Product->cards('ajax_list')
#2 /home/interne1/public_html/mymisdiagnosis/system/CodeIgniter.php(432): CodeIgniter\CodeIgniter->runController(Object(App\Controllers\Product))
#3 /home/interne1/public_html/mymisdiagnosis/system/CodeIgniter.php(333): CodeIgniter\CodeIgniter->handleRequest(NULL, Object(Config\Cache), false)
#4 /home/interne1/public_html/mymisdiagnosis/public/index.php(44): CodeIgniter\CodeIgniter->run()
#5 {main}
CRITICAL - 2021-04-26 00:48:57 --> Undefined index: pack
#0 /home/interne1/public_html/mymisdiagnosis/app/Controllers/Product.php(195): CodeIgniter\Debug\Exceptions->errorHandler(8, 'Undefined index...', '/home/interne1/...', 195, Array)
#1 /home/interne1/public_html/mymisdiagnosis/system/CodeIgniter.php(936): App\Controllers\Product->cards('ajax_list')
#2 /home/interne1/public_html/mymisdiagnosis/system/CodeIgniter.php(432): CodeIgniter\CodeIgniter->runController(Object(App\Controllers\Product))
#3 /home/interne1/public_html/mymisdiagnosis/system/CodeIgniter.php(333): CodeIgniter\CodeIgniter->handleRequest(NULL, Object(Config\Cache), false)
#4 /home/interne1/public_html/mymisdiagnosis/public/index.php(44): CodeIgniter\CodeIgniter->run()
#5 {main}
CRITICAL - 2021-04-26 00:49:08 --> Undefined index: pack
#0 /home/interne1/public_html/mymisdiagnosis/app/Controllers/Product.php(195): CodeIgniter\Debug\Exceptions->errorHandler(8, 'Undefined index...', '/home/interne1/...', 195, Array)
#1 /home/interne1/public_html/mymisdiagnosis/system/CodeIgniter.php(936): App\Controllers\Product->cards('ajax_list')
#2 /home/interne1/public_html/mymisdiagnosis/system/CodeIgniter.php(432): CodeIgniter\CodeIgniter->runController(Object(App\Controllers\Product))
#3 /home/interne1/public_html/mymisdiagnosis/system/CodeIgniter.php(333): CodeIgniter\CodeIgniter->handleRequest(NULL, Object(Config\Cache), false)
#4 /home/interne1/public_html/mymisdiagnosis/public/index.php(44): CodeIgniter\CodeIgniter->run()
#5 {main}
CRITICAL - 2021-04-26 00:49:13 --> Undefined index: pack
#0 /home/interne1/public_html/mymisdiagnosis/app/Controllers/Product.php(195): CodeIgniter\Debug\Exceptions->errorHandler(8, 'Undefined index...', '/home/interne1/...', 195, Array)
#1 /home/interne1/public_html/mymisdiagnosis/system/CodeIgniter.php(936): App\Controllers\Product->cards('ajax_list')
#2 /home/interne1/public_html/mymisdiagnosis/system/CodeIgniter.php(432): CodeIgniter\CodeIgniter->runController(Object(App\Controllers\Product))
#3 /home/interne1/public_html/mymisdiagnosis/system/CodeIgniter.php(333): CodeIgniter\CodeIgniter->handleRequest(NULL, Object(Config\Cache), false)
#4 /home/interne1/public_html/mymisdiagnosis/public/index.php(44): CodeIgniter\CodeIgniter->run()
#5 {main}
CRITICAL - 2021-04-26 00:49:24 --> Undefined index: pack
#0 /home/interne1/public_html/mymisdiagnosis/app/Controllers/Product.php(195): CodeIgniter\Debug\Exceptions->errorHandler(8, 'Undefined index...', '/home/interne1/...', 195, Array)
#1 /home/interne1/public_html/mymisdiagnosis/system/CodeIgniter.php(936): App\Controllers\Product->cards('update_validati...', '7')
#2 /home/interne1/public_html/mymisdiagnosis/system/CodeIgniter.php(432): CodeIgniter\CodeIgniter->runController(Object(App\Controllers\Product))
#3 /home/interne1/public_html/mymisdiagnosis/system/CodeIgniter.php(333): CodeIgniter\CodeIgniter->handleRequest(NULL, Object(Config\Cache), false)
#4 /home/interne1/public_html/mymisdiagnosis/public/index.php(44): CodeIgniter\CodeIgniter->run()
#5 {main}
CRITICAL - 2021-04-26 01:00:28 --> Undefined index: pack
#0 /home/interne1/public_html/mymisdiagnosis/app/Controllers/Product.php(195): CodeIgniter\Debug\Exceptions->errorHandler(8, 'Undefined index...', '/home/interne1/...', 195, Array)
#1 /home/interne1/public_html/mymisdiagnosis/system/CodeIgniter.php(936): App\Controllers\Product->cards('edit', '7')
#2 /home/interne1/public_html/mymisdiagnosis/system/CodeIgniter.php(432): CodeIgniter\CodeIgniter->runController(Object(App\Controllers\Product))
#3 /home/interne1/public_html/mymisdiagnosis/system/CodeIgniter.php(333): CodeIgniter\CodeIgniter->handleRequest(NULL, Object(Config\Cache), false)
#4 /home/interne1/public_html/mymisdiagnosis/public/index.php(44): CodeIgniter\CodeIgniter->run()
#5 {main}
CRITICAL - 2021-04-26 01:00:33 --> Undefined index: pack
#0 /home/interne1/public_html/mymisdiagnosis/app/Controllers/Product.php(195): CodeIgniter\Debug\Exceptions->errorHandler(8, 'Undefined index...', '/home/interne1/...', 195, Array)
#1 /home/interne1/public_html/mymisdiagnosis/system/CodeIgniter.php(936): App\Controllers\Product->cards('edit', '7')
#2 /home/interne1/public_html/mymisdiagnosis/system/CodeIgniter.php(432): CodeIgniter\CodeIgniter->runController(Object(App\Controllers\Product))
#3 /home/interne1/public_html/mymisdiagnosis/system/CodeIgniter.php(333): CodeIgniter\CodeIgniter->handleRequest(NULL, Object(Config\Cache), false)
#4 /home/interne1/public_html/mymisdiagnosis/public/index.php(44): CodeIgniter\CodeIgniter->run()
#5 {main}
CRITICAL - 2021-04-26 01:00:33 --> Undefined index: pack
#0 /home/interne1/public_html/mymisdiagnosis/app/Controllers/Product.php(195): CodeIgniter\Debug\Exceptions->errorHandler(8, 'Undefined index...', '/home/interne1/...', 195, Array)
#1 /home/interne1/public_html/mymisdiagnosis/system/CodeIgniter.php(936): App\Controllers\Product->cards('edit', '7')
#2 /home/interne1/public_html/mymisdiagnosis/system/CodeIgniter.php(432): CodeIgniter\CodeIgniter->runController(Object(App\Controllers\Product))
#3 /home/interne1/public_html/mymisdiagnosis/system/CodeIgniter.php(333): CodeIgniter\CodeIgniter->handleRequest(NULL, Object(Config\Cache), false)
#4 /home/interne1/public_html/mymisdiagnosis/public/index.php(44): CodeIgniter\CodeIgniter->run()
#5 {main}
CRITICAL - 2021-04-26 01:01:37 --> Undefined index: pack
#0 /home/interne1/public_html/mymisdiagnosis/app/Controllers/Product.php(194): CodeIgniter\Debug\Exceptions->errorHandler(8, 'Undefined index...', '/home/interne1/...', 194, Array)
#1 /home/interne1/public_html/mymisdiagnosis/system/CodeIgniter.php(936): App\Controllers\Product->cards('ajax_list')
#2 /home/interne1/public_html/mymisdiagnosis/system/CodeIgniter.php(432): CodeIgniter\CodeIgniter->runController(Object(App\Controllers\Product))
#3 /home/interne1/public_html/mymisdiagnosis/system/CodeIgniter.php(333): CodeIgniter\CodeIgniter->handleRequest(NULL, Object(Config\Cache), false)
#4 /home/interne1/public_html/mymisdiagnosis/public/index.php(44): CodeIgniter\CodeIgniter->run()
#5 {main}
CRITICAL - 2021-04-26 01:05:25 --> Undefined index: pack
#0 /home/interne1/public_html/mymisdiagnosis/app/Controllers/Product.php(195): CodeIgniter\Debug\Exceptions->errorHandler(8, 'Undefined index...', '/home/interne1/...', 195, Array)
#1 /home/interne1/public_html/mymisdiagnosis/system/CodeIgniter.php(936): App\Controllers\Product->cards('ajax_list')
#2 /home/interne1/public_html/mymisdiagnosis/system/CodeIgniter.php(432): CodeIgniter\CodeIgniter->runController(Object(App\Controllers\Product))
#3 /home/interne1/public_html/mymisdiagnosis/system/CodeIgniter.php(333): CodeIgniter\CodeIgniter->handleRequest(NULL, Object(Config\Cache), false)
#4 /home/interne1/public_html/mymisdiagnosis/public/index.php(44): CodeIgniter\CodeIgniter->run()
#5 {main}
CRITICAL - 2021-04-26 01:07:34 --> Undefined index: pack
#0 /home/interne1/public_html/mymisdiagnosis/app/Controllers/Product.php(195): CodeIgniter\Debug\Exceptions->errorHandler(8, 'Undefined index...', '/home/interne1/...', 195, Array)
#1 /home/interne1/public_html/mymisdiagnosis/system/CodeIgniter.php(936): App\Controllers\Product->cards('ajax_list')
#2 /home/interne1/public_html/mymisdiagnosis/system/CodeIgniter.php(432): CodeIgniter\CodeIgniter->runController(Object(App\Controllers\Product))
#3 /home/interne1/public_html/mymisdiagnosis/system/CodeIgniter.php(333): CodeIgniter\CodeIgniter->handleRequest(NULL, Object(Config\Cache), false)
#4 /home/interne1/public_html/mymisdiagnosis/public/index.php(44): CodeIgniter\CodeIgniter->run()
#5 {main}
CRITICAL - 2021-04-26 01:07:58 --> Undefined index: pack
#0 /home/interne1/public_html/mymisdiagnosis/app/Controllers/Product.php(194): CodeIgniter\Debug\Exceptions->errorHandler(8, 'Undefined index...', '/home/interne1/...', 194, Array)
#1 /home/interne1/public_html/mymisdiagnosis/system/CodeIgniter.php(936): App\Controllers\Product->cards('ajax_list')
#2 /home/interne1/public_html/mymisdiagnosis/system/CodeIgniter.php(432): CodeIgniter\CodeIgniter->runController(Object(App\Controllers\Product))
#3 /home/interne1/public_html/mymisdiagnosis/system/CodeIgniter.php(333): CodeIgniter\CodeIgniter->handleRequest(NULL, Object(Config\Cache), false)
#4 /home/interne1/public_html/mymisdiagnosis/public/index.php(44): CodeIgniter\CodeIgniter->run()
#5 {main}
CRITICAL - 2021-04-26 01:10:49 --> Undefined index: pack
#0 /home/interne1/public_html/mymisdiagnosis/app/Controllers/Product.php(195): CodeIgniter\Debug\Exceptions->errorHandler(8, 'Undefined index...', '/home/interne1/...', 195, Array)
#1 /home/interne1/public_html/mymisdiagnosis/system/CodeIgniter.php(936): App\Controllers\Product->cards('ajax_list')
#2 /home/interne1/public_html/mymisdiagnosis/system/CodeIgniter.php(432): CodeIgniter\CodeIgniter->runController(Object(App\Controllers\Product))
#3 /home/interne1/public_html/mymisdiagnosis/system/CodeIgniter.php(333): CodeIgniter\CodeIgniter->handleRequest(NULL, Object(Config\Cache), false)
#4 /home/interne1/public_html/mymisdiagnosis/public/index.php(44): CodeIgniter\CodeIgniter->run()
#5 {main}
CRITICAL - 2021-04-26 01:11:26 --> Undefined index: pack
#0 /home/interne1/public_html/mymisdiagnosis/app/Controllers/Product.php(195): CodeIgniter\Debug\Exceptions->errorHandler(8, 'Undefined index...', '/home/interne1/...', 195, Array)
#1 /home/interne1/public_html/mymisdiagnosis/system/CodeIgniter.php(936): App\Controllers\Product->cards('ajax_list')
#2 /home/interne1/public_html/mymisdiagnosis/system/CodeIgniter.php(432): CodeIgniter\CodeIgniter->runController(Object(App\Controllers\Product))
#3 /home/interne1/public_html/mymisdiagnosis/system/CodeIgniter.php(333): CodeIgniter\CodeIgniter->handleRequest(NULL, Object(Config\Cache), false)
#4 /home/interne1/public_html/mymisdiagnosis/public/index.php(44): CodeIgniter\CodeIgniter->run()
#5 {main}
CRITICAL - 2021-04-26 01:11:46 --> Undefined index: pack
#0 /home/interne1/public_html/mymisdiagnosis/app/Controllers/Product.php(194): CodeIgniter\Debug\Exceptions->errorHandler(8, 'Undefined index...', '/home/interne1/...', 194, Array)
#1 /home/interne1/public_html/mymisdiagnosis/system/CodeIgniter.php(936): App\Controllers\Product->cards('ajax_list')
#2 /home/interne1/public_html/mymisdiagnosis/system/CodeIgniter.php(432): CodeIgniter\CodeIgniter->runController(Object(App\Controllers\Product))
#3 /home/interne1/public_html/mymisdiagnosis/system/CodeIgniter.php(333): CodeIgniter\CodeIgniter->handleRequest(NULL, Object(Config\Cache), false)
#4 /home/interne1/public_html/mymisdiagnosis/public/index.php(44): CodeIgniter\CodeIgniter->run()
#5 {main}
CRITICAL - 2021-04-26 01:11:50 --> Undefined index: pack
#0 /home/interne1/public_html/mymisdiagnosis/app/Controllers/Product.php(194): CodeIgniter\Debug\Exceptions->errorHandler(8, 'Undefined index...', '/home/interne1/...', 194, Array)
#1 /home/interne1/public_html/mymisdiagnosis/system/CodeIgniter.php(936): App\Controllers\Product->cards()
#2 /home/interne1/public_html/mymisdiagnosis/system/CodeIgniter.php(432): CodeIgniter\CodeIgniter->runController(Object(App\Controllers\Product))
#3 /home/interne1/public_html/mymisdiagnosis/system/CodeIgniter.php(333): CodeIgniter\CodeIgniter->handleRequest(NULL, Object(Config\Cache), false)
#4 /home/interne1/public_html/mymisdiagnosis/public/index.php(44): CodeIgniter\CodeIgniter->run()
#5 {main}
CRITICAL - 2021-04-26 01:12:26 --> Undefined index: pack
#0 /home/interne1/public_html/mymisdiagnosis/app/Controllers/Product.php(194): CodeIgniter\Debug\Exceptions->errorHandler(8, 'Undefined index...', '/home/interne1/...', 194, Array)
#1 /home/interne1/public_html/mymisdiagnosis/system/CodeIgniter.php(936): App\Controllers\Product->cards()
#2 /home/interne1/public_html/mymisdiagnosis/system/CodeIgniter.php(432): CodeIgniter\CodeIgniter->runController(Object(App\Controllers\Product))
#3 /home/interne1/public_html/mymisdiagnosis/system/CodeIgniter.php(333): CodeIgniter\CodeIgniter->handleRequest(NULL, Object(Config\Cache), false)
#4 /home/interne1/public_html/mymisdiagnosis/public/index.php(44): CodeIgniter\CodeIgniter->run()
#5 {main}
CRITICAL - 2021-04-26 01:14:43 --> Undefined index: pack
#0 /home/interne1/public_html/mymisdiagnosis/app/Controllers/Product.php(194): CodeIgniter\Debug\Exceptions->errorHandler(8, 'Undefined index...', '/home/interne1/...', 194, Array)
#1 /home/interne1/public_html/mymisdiagnosis/system/CodeIgniter.php(936): App\Controllers\Product->cards()
#2 /home/interne1/public_html/mymisdiagnosis/system/CodeIgniter.php(432): CodeIgniter\CodeIgniter->runController(Object(App\Controllers\Product))
#3 /home/interne1/public_html/mymisdiagnosis/system/CodeIgniter.php(333): CodeIgniter\CodeIgniter->handleRequest(NULL, Object(Config\Cache), false)
#4 /home/interne1/public_html/mymisdiagnosis/public/index.php(44): CodeIgniter\CodeIgniter->run()
#5 {main}
CRITICAL - 2021-04-26 01:15:56 --> Undefined index: pack
#0 /home/interne1/public_html/mymisdiagnosis/app/Controllers/Product.php(200): CodeIgniter\Debug\Exceptions->errorHandler(8, 'Undefined index...', '/home/interne1/...', 200, Array)
#1 /home/interne1/public_html/mymisdiagnosis/system/CodeIgniter.php(936): App\Controllers\Product->cards()
#2 /home/interne1/public_html/mymisdiagnosis/system/CodeIgniter.php(432): CodeIgniter\CodeIgniter->runController(Object(App\Controllers\Product))
#3 /home/interne1/public_html/mymisdiagnosis/system/CodeIgniter.php(333): CodeIgniter\CodeIgniter->handleRequest(NULL, Object(Config\Cache), false)
#4 /home/interne1/public_html/mymisdiagnosis/public/index.php(44): CodeIgniter\CodeIgniter->run()
#5 {main}
CRITICAL - 2021-04-26 01:16:00 --> Undefined index: pack
#0 /home/interne1/public_html/mymisdiagnosis/app/Controllers/Product.php(195): CodeIgniter\Debug\Exceptions->errorHandler(8, 'Undefined index...', '/home/interne1/...', 195, Array)
#1 /home/interne1/public_html/mymisdiagnosis/system/CodeIgniter.php(936): App\Controllers\Product->cards('ajax_list')
#2 /home/interne1/public_html/mymisdiagnosis/system/CodeIgniter.php(432): CodeIgniter\CodeIgniter->runController(Object(App\Controllers\Product))
#3 /home/interne1/public_html/mymisdiagnosis/system/CodeIgniter.php(333): CodeIgniter\CodeIgniter->handleRequest(NULL, Object(Config\Cache), false)
#4 /home/interne1/public_html/mymisdiagnosis/public/index.php(44): CodeIgniter\CodeIgniter->run()
#5 {main}
CRITICAL - 2021-04-26 01:16:17 --> Undefined index: pack
#0 /home/interne1/public_html/mymisdiagnosis/app/Controllers/Product.php(195): CodeIgniter\Debug\Exceptions->errorHandler(8, 'Undefined index...', '/home/interne1/...', 195, Array)
#1 /home/interne1/public_html/mymisdiagnosis/system/CodeIgniter.php(936): App\Controllers\Product->cards('ajax_list')
#2 /home/interne1/public_html/mymisdiagnosis/system/CodeIgniter.php(432): CodeIgniter\CodeIgniter->runController(Object(App\Controllers\Product))
#3 /home/interne1/public_html/mymisdiagnosis/system/CodeIgniter.php(333): CodeIgniter\CodeIgniter->handleRequest(NULL, Object(Config\Cache), false)
#4 /home/interne1/public_html/mymisdiagnosis/public/index.php(44): CodeIgniter\CodeIgniter->run()
#5 {main}
CRITICAL - 2021-04-26 01:16:32 --> Undefined index: pack
#0 /home/interne1/public_html/mymisdiagnosis/app/Controllers/Product.php(195): CodeIgniter\Debug\Exceptions->errorHandler(8, 'Undefined index...', '/home/interne1/...', 195, Array)
#1 /home/interne1/public_html/mymisdiagnosis/system/CodeIgniter.php(936): App\Controllers\Product->cards('ajax_list')
#2 /home/interne1/public_html/mymisdiagnosis/system/CodeIgniter.php(432): CodeIgniter\CodeIgniter->runController(Object(App\Controllers\Product))
#3 /home/interne1/public_html/mymisdiagnosis/system/CodeIgniter.php(333): CodeIgniter\CodeIgniter->handleRequest(NULL, Object(Config\Cache), false)
#4 /home/interne1/public_html/mymisdiagnosis/public/index.php(44): CodeIgniter\CodeIgniter->run()
#5 {main}
CRITICAL - 2021-04-26 01:16:36 --> Undefined index: pack
#0 /home/interne1/public_html/mymisdiagnosis/app/Controllers/Product.php(195): CodeIgniter\Debug\Exceptions->errorHandler(8, 'Undefined index...', '/home/interne1/...', 195, Array)
#1 /home/interne1/public_html/mymisdiagnosis/system/CodeIgniter.php(936): App\Controllers\Product->cards('ajax_list')
#2 /home/interne1/public_html/mymisdiagnosis/system/CodeIgniter.php(432): CodeIgniter\CodeIgniter->runController(Object(App\Controllers\Product))
#3 /home/interne1/public_html/mymisdiagnosis/system/CodeIgniter.php(333): CodeIgniter\CodeIgniter->handleRequest(NULL, Object(Config\Cache), false)
#4 /home/interne1/public_html/mymisdiagnosis/public/index.php(44): CodeIgniter\CodeIgniter->run()
#5 {main}
CRITICAL - 2021-04-26 01:16:59 --> Undefined index: pack
#0 /home/interne1/public_html/mymisdiagnosis/app/Controllers/Product.php(195): CodeIgniter\Debug\Exceptions->errorHandler(8, 'Undefined index...', '/home/interne1/...', 195, Array)
#1 /home/interne1/public_html/mymisdiagnosis/system/CodeIgniter.php(936): App\Controllers\Product->cards('ajax_list')
#2 /home/interne1/public_html/mymisdiagnosis/system/CodeIgniter.php(432): CodeIgniter\CodeIgniter->runController(Object(App\Controllers\Product))
#3 /home/interne1/public_html/mymisdiagnosis/system/CodeIgniter.php(333): CodeIgniter\CodeIgniter->handleRequest(NULL, Object(Config\Cache), false)
#4 /home/interne1/public_html/mymisdiagnosis/public/index.php(44): CodeIgniter\CodeIgniter->run()
#5 {main}
CRITICAL - 2021-04-26 01:17:05 --> Undefined index: pack
#0 /home/interne1/public_html/mymisdiagnosis/app/Controllers/Product.php(195): CodeIgniter\Debug\Exceptions->errorHandler(8, 'Undefined index...', '/home/interne1/...', 195, Array)
#1 /home/interne1/public_html/mymisdiagnosis/system/CodeIgniter.php(936): App\Controllers\Product->cards()
#2 /home/interne1/public_html/mymisdiagnosis/system/CodeIgniter.php(432): CodeIgniter\CodeIgniter->runController(Object(App\Controllers\Product))
#3 /home/interne1/public_html/mymisdiagnosis/system/CodeIgniter.php(333): CodeIgniter\CodeIgniter->handleRequest(NULL, Object(Config\Cache), false)
#4 /home/interne1/public_html/mymisdiagnosis/public/index.php(44): CodeIgniter\CodeIgniter->run()
#5 {main}
CRITICAL - 2021-04-26 01:17:22 --> Undefined index: pack
#0 /home/interne1/public_html/mymisdiagnosis/app/Controllers/Product.php(200): CodeIgniter\Debug\Exceptions->errorHandler(8, 'Undefined index...', '/home/interne1/...', 200, Array)
#1 /home/interne1/public_html/mymisdiagnosis/system/CodeIgniter.php(936): App\Controllers\Product->cards('edit', 'Silhouette.PNG')
#2 /home/interne1/public_html/mymisdiagnosis/system/CodeIgniter.php(432): CodeIgniter\CodeIgniter->runController(Object(App\Controllers\Product))
#3 /home/interne1/public_html/mymisdiagnosis/system/CodeIgniter.php(333): CodeIgniter\CodeIgniter->handleRequest(NULL, Object(Config\Cache), false)
#4 /home/interne1/public_html/mymisdiagnosis/public/index.php(44): CodeIgniter\CodeIgniter->run()
#5 {main}
CRITICAL - 2021-04-26 01:17:23 --> Undefined index: pack
#0 /home/interne1/public_html/mymisdiagnosis/app/Controllers/Product.php(200): CodeIgniter\Debug\Exceptions->errorHandler(8, 'Undefined index...', '/home/interne1/...', 200, Array)
#1 /home/interne1/public_html/mymisdiagnosis/system/CodeIgniter.php(936): App\Controllers\Product->cards('edit', '9')
#2 /home/interne1/public_html/mymisdiagnosis/system/CodeIgniter.php(432): CodeIgniter\CodeIgniter->runController(Object(App\Controllers\Product))
#3 /home/interne1/public_html/mymisdiagnosis/system/CodeIgniter.php(333): CodeIgniter\CodeIgniter->handleRequest(NULL, Object(Config\Cache), false)
#4 /home/interne1/public_html/mymisdiagnosis/public/index.php(44): CodeIgniter\CodeIgniter->run()
#5 {main}
CRITICAL - 2021-04-26 01:17:23 --> Undefined index: pack
#0 /home/interne1/public_html/mymisdiagnosis/app/Controllers/Product.php(200): CodeIgniter\Debug\Exceptions->errorHandler(8, 'Undefined index...', '/home/interne1/...', 200, Array)
#1 /home/interne1/public_html/mymisdiagnosis/system/CodeIgniter.php(936): App\Controllers\Product->cards('edit', 'Silhouette.PNG')
#2 /home/interne1/public_html/mymisdiagnosis/system/CodeIgniter.php(432): CodeIgniter\CodeIgniter->runController(Object(App\Controllers\Product))
#3 /home/interne1/public_html/mymisdiagnosis/system/CodeIgniter.php(333): CodeIgniter\CodeIgniter->handleRequest(NULL, Object(Config\Cache), false)
#4 /home/interne1/public_html/mymisdiagnosis/public/index.php(44): CodeIgniter\CodeIgniter->run()
#5 {main}
CRITICAL - 2021-04-26 01:17:43 --> Undefined index: pack
#0 /home/interne1/public_html/mymisdiagnosis/app/Controllers/Product.php(200): CodeIgniter\Debug\Exceptions->errorHandler(8, 'Undefined index...', '/home/interne1/...', 200, Array)
#1 /home/interne1/public_html/mymisdiagnosis/system/CodeIgniter.php(936): App\Controllers\Product->cards('edit', 'Silhouette.PNG')
#2 /home/interne1/public_html/mymisdiagnosis/system/CodeIgniter.php(432): CodeIgniter\CodeIgniter->runController(Object(App\Controllers\Product))
#3 /home/interne1/public_html/mymisdiagnosis/system/CodeIgniter.php(333): CodeIgniter\CodeIgniter->handleRequest(NULL, Object(Config\Cache), false)
#4 /home/interne1/public_html/mymisdiagnosis/public/index.php(44): CodeIgniter\CodeIgniter->run()
#5 {main}
CRITICAL - 2021-04-26 01:17:44 --> Undefined index: pack
#0 /home/interne1/public_html/mymisdiagnosis/app/Controllers/Product.php(200): CodeIgniter\Debug\Exceptions->errorHandler(8, 'Undefined index...', '/home/interne1/...', 200, Array)
#1 /home/interne1/public_html/mymisdiagnosis/system/CodeIgniter.php(936): App\Controllers\Product->cards('edit', '9')
#2 /home/interne1/public_html/mymisdiagnosis/system/CodeIgniter.php(432): CodeIgniter\CodeIgniter->runController(Object(App\Controllers\Product))
#3 /home/interne1/public_html/mymisdiagnosis/system/CodeIgniter.php(333): CodeIgniter\CodeIgniter->handleRequest(NULL, Object(Config\Cache), false)
#4 /home/interne1/public_html/mymisdiagnosis/public/index.php(44): CodeIgniter\CodeIgniter->run()
#5 {main}
CRITICAL - 2021-04-26 01:17:57 --> Undefined index: pack
#0 /home/interne1/public_html/mymisdiagnosis/app/Controllers/Product.php(200): CodeIgniter\Debug\Exceptions->errorHandler(8, 'Undefined index...', '/home/interne1/...', 200, Array)
#1 /home/interne1/public_html/mymisdiagnosis/system/CodeIgniter.php(936): App\Controllers\Product->cards('edit', '9')
#2 /home/interne1/public_html/mymisdiagnosis/system/CodeIgniter.php(432): CodeIgniter\CodeIgniter->runController(Object(App\Controllers\Product))
#3 /home/interne1/public_html/mymisdiagnosis/system/CodeIgniter.php(333): CodeIgniter\CodeIgniter->handleRequest(NULL, Object(Config\Cache), false)
#4 /home/interne1/public_html/mymisdiagnosis/public/index.php(44): CodeIgniter\CodeIgniter->run()
#5 {main}
CRITICAL - 2021-04-26 01:17:58 --> Undefined index: pack
#0 /home/interne1/public_html/mymisdiagnosis/app/Controllers/Product.php(200): CodeIgniter\Debug\Exceptions->errorHandler(8, 'Undefined index...', '/home/interne1/...', 200, Array)
#1 /home/interne1/public_html/mymisdiagnosis/system/CodeIgniter.php(936): App\Controllers\Product->cards('edit', '9')
#2 /home/interne1/public_html/mymisdiagnosis/system/CodeIgniter.php(432): CodeIgniter\CodeIgniter->runController(Object(App\Controllers\Product))
#3 /home/interne1/public_html/mymisdiagnosis/system/CodeIgniter.php(333): CodeIgniter\CodeIgniter->handleRequest(NULL, Object(Config\Cache), false)
#4 /home/interne1/public_html/mymisdiagnosis/public/index.php(44): CodeIgniter\CodeIgniter->run()
#5 {main}
CRITICAL - 2021-04-26 01:25:04 --> Undefined index: pack
#0 /home/interne1/public_html/mymisdiagnosis/app/Controllers/Product.php(195): CodeIgniter\Debug\Exceptions->errorHandler(8, 'Undefined index...', '/home/interne1/...', 195, Array)
#1 /home/interne1/public_html/mymisdiagnosis/system/CodeIgniter.php(936): App\Controllers\Product->cards('ajax_list')
#2 /home/interne1/public_html/mymisdiagnosis/system/CodeIgniter.php(432): CodeIgniter\CodeIgniter->runController(Object(App\Controllers\Product))
#3 /home/interne1/public_html/mymisdiagnosis/system/CodeIgniter.php(333): CodeIgniter\CodeIgniter->handleRequest(NULL, Object(Config\Cache), false)
#4 /home/interne1/public_html/mymisdiagnosis/public/index.php(44): CodeIgniter\CodeIgniter->run()
#5 {main}
CRITICAL - 2021-04-26 01:25:09 --> Undefined index: pack
#0 /home/interne1/public_html/mymisdiagnosis/app/Controllers/Product.php(200): CodeIgniter\Debug\Exceptions->errorHandler(8, 'Undefined index...', '/home/interne1/...', 200, Array)
#1 /home/interne1/public_html/mymisdiagnosis/system/CodeIgniter.php(936): App\Controllers\Product->cards()
#2 /home/interne1/public_html/mymisdiagnosis/system/CodeIgniter.php(432): CodeIgniter\CodeIgniter->runController(Object(App\Controllers\Product))
#3 /home/interne1/public_html/mymisdiagnosis/system/CodeIgniter.php(333): CodeIgniter\CodeIgniter->handleRequest(NULL, Object(Config\Cache), false)
#4 /home/interne1/public_html/mymisdiagnosis/public/index.php(44): CodeIgniter\CodeIgniter->run()
#5 {main}
CRITICAL - 2021-04-26 01:25:15 --> Undefined index: pack
#0 /home/interne1/public_html/mymisdiagnosis/app/Controllers/Product.php(195): CodeIgniter\Debug\Exceptions->errorHandler(8, 'Undefined index...', '/home/interne1/...', 195, Array)
#1 /home/interne1/public_html/mymisdiagnosis/system/CodeIgniter.php(936): App\Controllers\Product->cards('pack=1')
#2 /home/interne1/public_html/mymisdiagnosis/system/CodeIgniter.php(432): CodeIgniter\CodeIgniter->runController(Object(App\Controllers\Product))
#3 /home/interne1/public_html/mymisdiagnosis/system/CodeIgniter.php(333): CodeIgniter\CodeIgniter->handleRequest(NULL, Object(Config\Cache), false)
#4 /home/interne1/public_html/mymisdiagnosis/public/index.php(44): CodeIgniter\CodeIgniter->run()
#5 {main}
CRITICAL - 2021-04-26 01:25:17 --> Undefined index: pack
#0 /home/interne1/public_html/mymisdiagnosis/app/Controllers/Product.php(200): CodeIgniter\Debug\Exceptions->errorHandler(8, 'Undefined index...', '/home/interne1/...', 200, Array)
#1 /home/interne1/public_html/mymisdiagnosis/system/CodeIgniter.php(936): App\Controllers\Product->cards()
#2 /home/interne1/public_html/mymisdiagnosis/system/CodeIgniter.php(432): CodeIgniter\CodeIgniter->runController(Object(App\Controllers\Product))
#3 /home/interne1/public_html/mymisdiagnosis/system/CodeIgniter.php(333): CodeIgniter\CodeIgniter->handleRequest(NULL, Object(Config\Cache), false)
#4 /home/interne1/public_html/mymisdiagnosis/public/index.php(44): CodeIgniter\CodeIgniter->run()
#5 {main}
CRITICAL - 2021-04-26 01:25:18 --> Undefined index: pack
#0 /home/interne1/public_html/mymisdiagnosis/app/Controllers/Product.php(195): CodeIgniter\Debug\Exceptions->errorHandler(8, 'Undefined index...', '/home/interne1/...', 195, Array)
#1 /home/interne1/public_html/mymisdiagnosis/system/CodeIgniter.php(936): App\Controllers\Product->cards('ajax_list')
#2 /home/interne1/public_html/mymisdiagnosis/system/CodeIgniter.php(432): CodeIgniter\CodeIgniter->runController(Object(App\Controllers\Product))
#3 /home/interne1/public_html/mymisdiagnosis/system/CodeIgniter.php(333): CodeIgniter\CodeIgniter->handleRequest(NULL, Object(Config\Cache), false)
#4 /home/interne1/public_html/mymisdiagnosis/public/index.php(44): CodeIgniter\CodeIgniter->run()
#5 {main}
CRITICAL - 2021-04-26 01:25:20 --> Undefined index: pack
#0 /home/interne1/public_html/mymisdiagnosis/app/Controllers/Product.php(195): CodeIgniter\Debug\Exceptions->errorHandler(8, 'Undefined index...', '/home/interne1/...', 195, Array)
#1 /home/interne1/public_html/mymisdiagnosis/system/CodeIgniter.php(936): App\Controllers\Product->cards('ajax_list')
#2 /home/interne1/public_html/mymisdiagnosis/system/CodeIgniter.php(432): CodeIgniter\CodeIgniter->runController(Object(App\Controllers\Product))
#3 /home/interne1/public_html/mymisdiagnosis/system/CodeIgniter.php(333): CodeIgniter\CodeIgniter->handleRequest(NULL, Object(Config\Cache), false)
#4 /home/interne1/public_html/mymisdiagnosis/public/index.php(44): CodeIgniter\CodeIgniter->run()
#5 {main}
CRITICAL - 2021-04-26 01:25:33 --> Undefined index: pack
#0 /home/interne1/public_html/mymisdiagnosis/app/Controllers/Product.php(195): CodeIgniter\Debug\Exceptions->errorHandler(8, 'Undefined index...', '/home/interne1/...', 195, Array)
#1 /home/interne1/public_html/mymisdiagnosis/system/CodeIgniter.php(936): App\Controllers\Product->cards('ajax_list')
#2 /home/interne1/public_html/mymisdiagnosis/system/CodeIgniter.php(432): CodeIgniter\CodeIgniter->runController(Object(App\Controllers\Product))
#3 /home/interne1/public_html/mymisdiagnosis/system/CodeIgniter.php(333): CodeIgniter\CodeIgniter->handleRequest(NULL, Object(Config\Cache), false)
#4 /home/interne1/public_html/mymisdiagnosis/public/index.php(44): CodeIgniter\CodeIgniter->run()
#5 {main}
CRITICAL - 2021-04-26 01:25:37 --> Undefined index: pack
#0 /home/interne1/public_html/mymisdiagnosis/app/Controllers/Product.php(195): CodeIgniter\Debug\Exceptions->errorHandler(8, 'Undefined index...', '/home/interne1/...', 195, Array)
#1 /home/interne1/public_html/mymisdiagnosis/system/CodeIgniter.php(936): App\Controllers\Product->cards('ajax_list')
#2 /home/interne1/public_html/mymisdiagnosis/system/CodeIgniter.php(432): CodeIgniter\CodeIgniter->runController(Object(App\Controllers\Product))
#3 /home/interne1/public_html/mymisdiagnosis/system/CodeIgniter.php(333): CodeIgniter\CodeIgniter->handleRequest(NULL, Object(Config\Cache), false)
#4 /home/interne1/public_html/mymisdiagnosis/public/index.php(44): CodeIgniter\CodeIgniter->run()
#5 {main}
CRITICAL - 2021-04-26 01:25:48 --> Undefined index: pack
#0 /home/interne1/public_html/mymisdiagnosis/app/Controllers/Product.php(195): CodeIgniter\Debug\Exceptions->errorHandler(8, 'Undefined index...', '/home/interne1/...', 195, Array)
#1 /home/interne1/public_html/mymisdiagnosis/system/CodeIgniter.php(936): App\Controllers\Product->cards('ajax_list')
#2 /home/interne1/public_html/mymisdiagnosis/system/CodeIgniter.php(432): CodeIgniter\CodeIgniter->runController(Object(App\Controllers\Product))
#3 /home/interne1/public_html/mymisdiagnosis/system/CodeIgniter.php(333): CodeIgniter\CodeIgniter->handleRequest(NULL, Object(Config\Cache), false)
#4 /home/interne1/public_html/mymisdiagnosis/public/index.php(44): CodeIgniter\CodeIgniter->run()
#5 {main}
CRITICAL - 2021-04-26 01:26:15 --> Undefined index: pack
#0 /home/interne1/public_html/mymisdiagnosis/app/Controllers/Product.php(195): CodeIgniter\Debug\Exceptions->errorHandler(8, 'Undefined index...', '/home/interne1/...', 195, Array)
#1 /home/interne1/public_html/mymisdiagnosis/system/CodeIgniter.php(936): App\Controllers\Product->cards('ajax_list')
#2 /home/interne1/public_html/mymisdiagnosis/system/CodeIgniter.php(432): CodeIgniter\CodeIgniter->runController(Object(App\Controllers\Product))
#3 /home/interne1/public_html/mymisdiagnosis/system/CodeIgniter.php(333): CodeIgniter\CodeIgniter->handleRequest(NULL, Object(Config\Cache), false)
#4 /home/interne1/public_html/mymisdiagnosis/public/index.php(44): CodeIgniter\CodeIgniter->run()
#5 {main}
CRITICAL - 2021-04-26 01:26:57 --> Undefined index: pack
#0 /home/interne1/public_html/mymisdiagnosis/app/Controllers/Product.php(195): CodeIgniter\Debug\Exceptions->errorHandler(8, 'Undefined index...', '/home/interne1/...', 195, Array)
#1 /home/interne1/public_html/mymisdiagnosis/system/CodeIgniter.php(936): App\Controllers\Product->cards('ajax_list')
#2 /home/interne1/public_html/mymisdiagnosis/system/CodeIgniter.php(432): CodeIgniter\CodeIgniter->runController(Object(App\Controllers\Product))
#3 /home/interne1/public_html/mymisdiagnosis/system/CodeIgniter.php(333): CodeIgniter\CodeIgniter->handleRequest(NULL, Object(Config\Cache), false)
#4 /home/interne1/public_html/mymisdiagnosis/public/index.php(44): CodeIgniter\CodeIgniter->run()
#5 {main}
CRITICAL - 2021-04-26 01:27:46 --> Undefined index: pack
#0 /home/interne1/public_html/mymisdiagnosis/app/Controllers/Product.php(195): CodeIgniter\Debug\Exceptions->errorHandler(8, 'Undefined index...', '/home/interne1/...', 195, Array)
#1 /home/interne1/public_html/mymisdiagnosis/system/CodeIgniter.php(936): App\Controllers\Product->cards('ajax_list')
#2 /home/interne1/public_html/mymisdiagnosis/system/CodeIgniter.php(432): CodeIgniter\CodeIgniter->runController(Object(App\Controllers\Product))
#3 /home/interne1/public_html/mymisdiagnosis/system/CodeIgniter.php(333): CodeIgniter\CodeIgniter->handleRequest(NULL, Object(Config\Cache), false)
#4 /home/interne1/public_html/mymisdiagnosis/public/index.php(44): CodeIgniter\CodeIgniter->run()
#5 {main}
CRITICAL - 2021-04-26 01:27:50 --> Undefined index: pack
#0 /home/interne1/public_html/mymisdiagnosis/app/Controllers/Product.php(195): CodeIgniter\Debug\Exceptions->errorHandler(8, 'Undefined index...', '/home/interne1/...', 195, Array)
#1 /home/interne1/public_html/mymisdiagnosis/system/CodeIgniter.php(936): App\Controllers\Product->cards('ajax_list')
#2 /home/interne1/public_html/mymisdiagnosis/system/CodeIgniter.php(432): CodeIgniter\CodeIgniter->runController(Object(App\Controllers\Product))
#3 /home/interne1/public_html/mymisdiagnosis/system/CodeIgniter.php(333): CodeIgniter\CodeIgniter->handleRequest(NULL, Object(Config\Cache), false)
#4 /home/interne1/public_html/mymisdiagnosis/public/index.php(44): CodeIgniter\CodeIgniter->run()
#5 {main}
CRITICAL - 2021-04-26 01:27:54 --> Undefined index: pack
#0 /home/interne1/public_html/mymisdiagnosis/app/Controllers/Product.php(195): CodeIgniter\Debug\Exceptions->errorHandler(8, 'Undefined index...', '/home/interne1/...', 195, Array)
#1 /home/interne1/public_html/mymisdiagnosis/system/CodeIgniter.php(936): App\Controllers\Product->cards()
#2 /home/interne1/public_html/mymisdiagnosis/system/CodeIgniter.php(432): CodeIgniter\CodeIgniter->runController(Object(App\Controllers\Product))
#3 /home/interne1/public_html/mymisdiagnosis/system/CodeIgniter.php(333): CodeIgniter\CodeIgniter->handleRequest(NULL, Object(Config\Cache), false)
#4 /home/interne1/public_html/mymisdiagnosis/public/index.php(44): CodeIgniter\CodeIgniter->run()
#5 {main}
CRITICAL - 2021-04-26 01:29:24 --> syntax error, unexpected '*', expecting ')'
#0 /home/interne1/public_html/mymisdiagnosis/system/Router/Router.php(170): CodeIgniter\Router\Router->autoRoute('product/cards')
#1 /home/interne1/public_html/mymisdiagnosis/system/CodeIgniter.php(816): CodeIgniter\Router\Router->handle('product/cards')
#2 /home/interne1/public_html/mymisdiagnosis/system/CodeIgniter.php(385): CodeIgniter\CodeIgniter->tryToRouteIt(Object(CodeIgniter\Router\RouteCollection))
#3 /home/interne1/public_html/mymisdiagnosis/system/CodeIgniter.php(333): CodeIgniter\CodeIgniter->handleRequest(NULL, Object(Config\Cache), false)
#4 /home/interne1/public_html/mymisdiagnosis/public/index.php(44): CodeIgniter\CodeIgniter->run()
#5 {main}
CRITICAL - 2021-04-26 01:34:30 --> Undefined index: pack
#0 /home/interne1/public_html/mymisdiagnosis/app/Controllers/Product.php(194): CodeIgniter\Debug\Exceptions->errorHandler(8, 'Undefined index...', '/home/interne1/...', 194, Array)
#1 /home/interne1/public_html/mymisdiagnosis/system/CodeIgniter.php(936): App\Controllers\Product->cards('ajax_list')
#2 /home/interne1/public_html/mymisdiagnosis/system/CodeIgniter.php(432): CodeIgniter\CodeIgniter->runController(Object(App\Controllers\Product))
#3 /home/interne1/public_html/mymisdiagnosis/system/CodeIgniter.php(333): CodeIgniter\CodeIgniter->handleRequest(NULL, Object(Config\Cache), false)
#4 /home/interne1/public_html/mymisdiagnosis/public/index.php(44): CodeIgniter\CodeIgniter->run()
#5 {main}
CRITICAL - 2021-04-26 01:34:34 --> Undefined index: pack
#0 /home/interne1/public_html/mymisdiagnosis/app/Controllers/Product.php(194): CodeIgniter\Debug\Exceptions->errorHandler(8, 'Undefined index...', '/home/interne1/...', 194, Array)
#1 /home/interne1/public_html/mymisdiagnosis/system/CodeIgniter.php(936): App\Controllers\Product->cards('ajax_list')
#2 /home/interne1/public_html/mymisdiagnosis/system/CodeIgniter.php(432): CodeIgniter\CodeIgniter->runController(Object(App\Controllers\Product))
#3 /home/interne1/public_html/mymisdiagnosis/system/CodeIgniter.php(333): CodeIgniter\CodeIgniter->handleRequest(NULL, Object(Config\Cache), false)
#4 /home/interne1/public_html/mymisdiagnosis/public/index.php(44): CodeIgniter\CodeIgniter->run()
#5 {main}
CRITICAL - 2021-04-26 01:34:36 --> Undefined index: pack
#0 /home/interne1/public_html/mymisdiagnosis/app/Controllers/Product.php(194): CodeIgniter\Debug\Exceptions->errorHandler(8, 'Undefined index...', '/home/interne1/...', 194, Array)
#1 /home/interne1/public_html/mymisdiagnosis/system/CodeIgniter.php(936): App\Controllers\Product->cards('ajax_list')
#2 /home/interne1/public_html/mymisdiagnosis/system/CodeIgniter.php(432): CodeIgniter\CodeIgniter->runController(Object(App\Controllers\Product))
#3 /home/interne1/public_html/mymisdiagnosis/system/CodeIgniter.php(333): CodeIgniter\CodeIgniter->handleRequest(NULL, Object(Config\Cache), false)
#4 /home/interne1/public_html/mymisdiagnosis/public/index.php(44): CodeIgniter\CodeIgniter->run()
#5 {main}
CRITICAL - 2021-04-26 01:35:06 --> Undefined index: pack
#0 /home/interne1/public_html/mymisdiagnosis/app/Controllers/Product.php(195): CodeIgniter\Debug\Exceptions->errorHandler(8, 'Undefined index...', '/home/interne1/...', 195, Array)
#1 /home/interne1/public_html/mymisdiagnosis/system/CodeIgniter.php(936): App\Controllers\Product->cards('ajax_list')
#2 /home/interne1/public_html/mymisdiagnosis/system/CodeIgniter.php(432): CodeIgniter\CodeIgniter->runController(Object(App\Controllers\Product))
#3 /home/interne1/public_html/mymisdiagnosis/system/CodeIgniter.php(333): CodeIgniter\CodeIgniter->handleRequest(NULL, Object(Config\Cache), false)
#4 /home/interne1/public_html/mymisdiagnosis/public/index.php(44): CodeIgniter\CodeIgniter->run()
#5 {main}
CRITICAL - 2021-04-26 01:35:19 --> Undefined index: pack
#0 /home/interne1/public_html/mymisdiagnosis/app/Controllers/Product.php(200): CodeIgniter\Debug\Exceptions->errorHandler(8, 'Undefined index...', '/home/interne1/...', 200, Array)
#1 /home/interne1/public_html/mymisdiagnosis/system/CodeIgniter.php(936): App\Controllers\Product->cards()
#2 /home/interne1/public_html/mymisdiagnosis/system/CodeIgniter.php(432): CodeIgniter\CodeIgniter->runController(Object(App\Controllers\Product))
#3 /home/interne1/public_html/mymisdiagnosis/system/CodeIgniter.php(333): CodeIgniter\CodeIgniter->handleRequest(NULL, Object(Config\Cache), false)
#4 /home/interne1/public_html/mymisdiagnosis/public/index.php(44): CodeIgniter\CodeIgniter->run()
#5 {main}
CRITICAL - 2021-04-26 01:35:23 --> Undefined index: pack
#0 /home/interne1/public_html/mymisdiagnosis/app/Controllers/Product.php(195): CodeIgniter\Debug\Exceptions->errorHandler(8, 'Undefined index...', '/home/interne1/...', 195, Array)
#1 /home/interne1/public_html/mymisdiagnosis/system/CodeIgniter.php(936): App\Controllers\Product->cards()
#2 /home/interne1/public_html/mymisdiagnosis/system/CodeIgniter.php(432): CodeIgniter\CodeIgniter->runController(Object(App\Controllers\Product))
#3 /home/interne1/public_html/mymisdiagnosis/system/CodeIgniter.php(333): CodeIgniter\CodeIgniter->handleRequest(NULL, Object(Config\Cache), false)
#4 /home/interne1/public_html/mymisdiagnosis/public/index.php(44): CodeIgniter\CodeIgniter->run()
#5 {main}
CRITICAL - 2021-04-26 01:35:55 --> Undefined index: pack
#0 /home/interne1/public_html/mymisdiagnosis/app/Controllers/Product.php(195): CodeIgniter\Debug\Exceptions->errorHandler(8, 'Undefined index...', '/home/interne1/...', 195, Array)
#1 /home/interne1/public_html/mymisdiagnosis/system/CodeIgniter.php(936): App\Controllers\Product->cards('ajax_list')
#2 /home/interne1/public_html/mymisdiagnosis/system/CodeIgniter.php(432): CodeIgniter\CodeIgniter->runController(Object(App\Controllers\Product))
#3 /home/interne1/public_html/mymisdiagnosis/system/CodeIgniter.php(333): CodeIgniter\CodeIgniter->handleRequest(NULL, Object(Config\Cache), false)
#4 /home/interne1/public_html/mymisdiagnosis/public/index.php(44): CodeIgniter\CodeIgniter->run()
#5 {main}
CRITICAL - 2021-04-26 06:13:13 --> Undefined index: pack
#0 /home/interne1/public_html/mymisdiagnosis/app/Controllers/Product.php(195): CodeIgniter\Debug\Exceptions->errorHandler(8, 'Undefined index...', '/home/interne1/...', 195, Array)
#1 /home/interne1/public_html/mymisdiagnosis/system/CodeIgniter.php(936): App\Controllers\Product->cards()
#2 /home/interne1/public_html/mymisdiagnosis/system/CodeIgniter.php(432): CodeIgniter\CodeIgniter->runController(Object(App\Controllers\Product))
#3 /home/interne1/public_html/mymisdiagnosis/system/CodeIgniter.php(333): CodeIgniter\CodeIgniter->handleRequest(NULL, Object(Config\Cache), false)
#4 /home/interne1/public_html/mymisdiagnosis/public/index.php(44): CodeIgniter\CodeIgniter->run()
#5 {main}
CRITICAL - 2021-04-26 06:17:25 --> Undefined index: pack
#0 /home/interne1/public_html/mymisdiagnosis/app/Controllers/Product.php(200): CodeIgniter\Debug\Exceptions->errorHandler(8, 'Undefined index...', '/home/interne1/...', 200, Array)
#1 /home/interne1/public_html/mymisdiagnosis/system/CodeIgniter.php(936): App\Controllers\Product->cards('ajax_list')
#2 /home/interne1/public_html/mymisdiagnosis/system/CodeIgniter.php(432): CodeIgniter\CodeIgniter->runController(Object(App\Controllers\Product))
#3 /home/interne1/public_html/mymisdiagnosis/system/CodeIgniter.php(333): CodeIgniter\CodeIgniter->handleRequest(NULL, Object(Config\Cache), false)
#4 /home/interne1/public_html/mymisdiagnosis/public/index.php(44): CodeIgniter\CodeIgniter->run()
#5 {main}
CRITICAL - 2021-04-26 06:18:16 --> Undefined index: pack
#0 /home/interne1/public_html/mymisdiagnosis/app/Controllers/Product.php(197): CodeIgniter\Debug\Exceptions->errorHandler(8, 'Undefined index...', '/home/interne1/...', 197, Array)
#1 /home/interne1/public_html/mymisdiagnosis/system/CodeIgniter.php(936): App\Controllers\Product->cards('ajax_list')
#2 /home/interne1/public_html/mymisdiagnosis/system/CodeIgniter.php(432): CodeIgniter\CodeIgniter->runController(Object(App\Controllers\Product))
#3 /home/interne1/public_html/mymisdiagnosis/system/CodeIgniter.php(333): CodeIgniter\CodeIgniter->handleRequest(NULL, Object(Config\Cache), false)
#4 /home/interne1/public_html/mymisdiagnosis/public/index.php(44): CodeIgniter\CodeIgniter->run()
#5 {main}
CRITICAL - 2021-04-26 06:18:36 --> Undefined index: pack
#0 /home/interne1/public_html/mymisdiagnosis/app/Controllers/Product.php(197): CodeIgniter\Debug\Exceptions->errorHandler(8, 'Undefined index...', '/home/interne1/...', 197, Array)
#1 /home/interne1/public_html/mymisdiagnosis/system/CodeIgniter.php(936): App\Controllers\Product->cards('ajax_list')
#2 /home/interne1/public_html/mymisdiagnosis/system/CodeIgniter.php(432): CodeIgniter\CodeIgniter->runController(Object(App\Controllers\Product))
#3 /home/interne1/public_html/mymisdiagnosis/system/CodeIgniter.php(333): CodeIgniter\CodeIgniter->handleRequest(NULL, Object(Config\Cache), false)
#4 /home/interne1/public_html/mymisdiagnosis/public/index.php(44): CodeIgniter\CodeIgniter->run()
#5 {main}
CRITICAL - 2021-04-26 06:18:46 --> Undefined index: pack
#0 /home/interne1/public_html/mymisdiagnosis/app/Controllers/Product.php(197): CodeIgniter\Debug\Exceptions->errorHandler(8, 'Undefined index...', '/home/interne1/...', 197, Array)
#1 /home/interne1/public_html/mymisdiagnosis/system/CodeIgniter.php(936): App\Controllers\Product->cards('ajax_list')
#2 /home/interne1/public_html/mymisdiagnosis/system/CodeIgniter.php(432): CodeIgniter\CodeIgniter->runController(Object(App\Controllers\Product))
#3 /home/interne1/public_html/mymisdiagnosis/system/CodeIgniter.php(333): CodeIgniter\CodeIgniter->handleRequest(NULL, Object(Config\Cache), false)
#4 /home/interne1/public_html/mymisdiagnosis/public/index.php(44): CodeIgniter\CodeIgniter->run()
#5 {main}
CRITICAL - 2021-04-26 06:18:51 --> Undefined index: pack
#0 /home/interne1/public_html/mymisdiagnosis/app/Controllers/Product.php(197): CodeIgniter\Debug\Exceptions->errorHandler(8, 'Undefined index...', '/home/interne1/...', 197, Array)
#1 /home/interne1/public_html/mymisdiagnosis/system/CodeIgniter.php(936): App\Controllers\Product->cards('ajax_list')
#2 /home/interne1/public_html/mymisdiagnosis/system/CodeIgniter.php(432): CodeIgniter\CodeIgniter->runController(Object(App\Controllers\Product))
#3 /home/interne1/public_html/mymisdiagnosis/system/CodeIgniter.php(333): CodeIgniter\CodeIgniter->handleRequest(NULL, Object(Config\Cache), false)
#4 /home/interne1/public_html/mymisdiagnosis/public/index.php(44): CodeIgniter\CodeIgniter->run()
#5 {main}
CRITICAL - 2021-04-26 06:32:40 --> syntax error, unexpected '}', expecting end of file
#0 /home/interne1/public_html/mymisdiagnosis/app/Libraries/GroceryCrud.php(1563): App\Libraries\grocery_CRUD_Layout->_theme_view('list_template.p...', Array)
#1 /home/interne1/public_html/mymisdiagnosis/app/Libraries/GroceryCrud.php(4496): App\Libraries\grocery_CRUD_Layout->showList(false, Object(stdClass))
#2 /home/interne1/public_html/mymisdiagnosis/app/Controllers/Product.php(293): App\Libraries\GroceryCrud->render()
#3 /home/interne1/public_html/mymisdiagnosis/system/CodeIgniter.php(936): App\Controllers\Product->cards('index.php')
#4 /home/interne1/public_html/mymisdiagnosis/system/CodeIgniter.php(432): CodeIgniter\CodeIgniter->runController(Object(App\Controllers\Product))
#5 /home/interne1/public_html/mymisdiagnosis/system/CodeIgniter.php(333): CodeIgniter\CodeIgniter->handleRequest(NULL, Object(Config\Cache), false)
#6 /home/interne1/public_html/mymisdiagnosis/public/index.php(44): CodeIgniter\CodeIgniter->run()
#7 {main}
CRITICAL - 2021-04-26 06:37:13 --> Undefined variable: row
#0 /home/interne1/public_html/mymisdiagnosis/public/assets/grocery_crud/themes/internetics/views/list_template.php(149): CodeIgniter\Debug\Exceptions->errorHandler(8, 'Undefined varia...', '/home/interne1/...', 149, Array)
#1 /home/interne1/public_html/mymisdiagnosis/app/Libraries/GroceryCrud.php(2801): include('/home/interne1/...')
#2 /home/interne1/public_html/mymisdiagnosis/app/Libraries/GroceryCrud.php(1563): App\Libraries\grocery_CRUD_Layout->_theme_view('list_template.p...', Array)
#3 /home/interne1/public_html/mymisdiagnosis/app/Libraries/GroceryCrud.php(4496): App\Libraries\grocery_CRUD_Layout->showList(false, Object(stdClass))
#4 /home/interne1/public_html/mymisdiagnosis/app/Controllers/Product.php(293): App\Libraries\GroceryCrud->render()
#5 /home/interne1/public_html/mymisdiagnosis/system/CodeIgniter.php(936): App\Controllers\Product->cards('index.php')
#6 /home/interne1/public_html/mymisdiagnosis/system/CodeIgniter.php(432): CodeIgniter\CodeIgniter->runController(Object(App\Controllers\Product))
#7 /home/interne1/public_html/mymisdiagnosis/system/CodeIgniter.php(333): CodeIgniter\CodeIgniter->handleRequest(NULL, Object(Config\Cache), false)
#8 /home/interne1/public_html/mymisdiagnosis/public/index.php(44): CodeIgniter\CodeIgniter->run()
#9 {main}
CRITICAL - 2021-04-26 06:38:36 --> Undefined index: pack
#0 /home/interne1/public_html/mymisdiagnosis/app/Controllers/Product.php(200): CodeIgniter\Debug\Exceptions->errorHandler(8, 'Undefined index...', '/home/interne1/...', 200, Array)
#1 /home/interne1/public_html/mymisdiagnosis/system/CodeIgniter.php(936): App\Controllers\Product->cards('index.php', 'add')
#2 /home/interne1/public_html/mymisdiagnosis/system/CodeIgniter.php(432): CodeIgniter\CodeIgniter->runController(Object(App\Controllers\Product))
#3 /home/interne1/public_html/mymisdiagnosis/system/CodeIgniter.php(333): CodeIgniter\CodeIgniter->handleRequest(NULL, Object(Config\Cache), false)
#4 /home/interne1/public_html/mymisdiagnosis/public/index.php(44): CodeIgniter\CodeIgniter->run()
#5 {main}
CRITICAL - 2021-04-26 06:38:36 --> Undefined index: pack
#0 /home/interne1/public_html/mymisdiagnosis/app/Controllers/Product.php(200): CodeIgniter\Debug\Exceptions->errorHandler(8, 'Undefined index...', '/home/interne1/...', 200, Array)
#1 /home/interne1/public_html/mymisdiagnosis/system/CodeIgniter.php(936): App\Controllers\Product->cards('index.php', 'add')
#2 /home/interne1/public_html/mymisdiagnosis/system/CodeIgniter.php(432): CodeIgniter\CodeIgniter->runController(Object(App\Controllers\Product))
#3 /home/interne1/public_html/mymisdiagnosis/system/CodeIgniter.php(333): CodeIgniter\CodeIgniter->handleRequest(NULL, Object(Config\Cache), false)
#4 /home/interne1/public_html/mymisdiagnosis/public/index.php(44): CodeIgniter\CodeIgniter->run()
#5 {main}
CRITICAL - 2021-04-26 06:39:38 --> Undefined index: pack
#0 /home/interne1/public_html/mymisdiagnosis/app/Controllers/Product.php(200): CodeIgniter\Debug\Exceptions->errorHandler(8, 'Undefined index...', '/home/interne1/...', 200, Array)
#1 /home/interne1/public_html/mymisdiagnosis/system/CodeIgniter.php(936): App\Controllers\Product->cards('index.php', 'add')
#2 /home/interne1/public_html/mymisdiagnosis/system/CodeIgniter.php(432): CodeIgniter\CodeIgniter->runController(Object(App\Controllers\Product))
#3 /home/interne1/public_html/mymisdiagnosis/system/CodeIgniter.php(333): CodeIgniter\CodeIgniter->handleRequest(NULL, Object(Config\Cache), false)
#4 /home/interne1/public_html/mymisdiagnosis/public/index.php(44): CodeIgniter\CodeIgniter->run()
#5 {main}
CRITICAL - 2021-04-26 06:39:38 --> Undefined index: pack
#0 /home/interne1/public_html/mymisdiagnosis/app/Controllers/Product.php(200): CodeIgniter\Debug\Exceptions->errorHandler(8, 'Undefined index...', '/home/interne1/...', 200, Array)
#1 /home/interne1/public_html/mymisdiagnosis/system/CodeIgniter.php(936): App\Controllers\Product->cards('index.php', 'add')
#2 /home/interne1/public_html/mymisdiagnosis/system/CodeIgniter.php(432): CodeIgniter\CodeIgniter->runController(Object(App\Controllers\Product))
#3 /home/interne1/public_html/mymisdiagnosis/system/CodeIgniter.php(333): CodeIgniter\CodeIgniter->handleRequest(NULL, Object(Config\Cache), false)
#4 /home/interne1/public_html/mymisdiagnosis/public/index.php(44): CodeIgniter\CodeIgniter->run()
#5 {main}
CRITICAL - 2021-04-26 06:46:26 --> Undefined variable: url
#0 /home/interne1/public_html/mymisdiagnosis/public/assets/grocery_crud/themes/internetics/views/add.php(123): CodeIgniter\Debug\Exceptions->errorHandler(8, 'Undefined varia...', '/home/interne1/...', 123, Array)
#1 /home/interne1/public_html/mymisdiagnosis/app/Libraries/GroceryCrud.php(2801): include('/home/interne1/...')
#2 /home/interne1/public_html/mymisdiagnosis/app/Libraries/GroceryCrud.php(1777): App\Libraries\grocery_CRUD_Layout->_theme_view('add.php', Array)
#3 /home/interne1/public_html/mymisdiagnosis/app/Libraries/GroceryCrud.php(4513): App\Libraries\grocery_CRUD_Layout->showAddForm()
#4 /home/interne1/public_html/mymisdiagnosis/app/Controllers/Product.php(293): App\Libraries\GroceryCrud->render()
#5 /home/interne1/public_html/mymisdiagnosis/system/CodeIgniter.php(936): App\Controllers\Product->cards('index.php', 'add')
#6 /home/interne1/public_html/mymisdiagnosis/system/CodeIgniter.php(432): CodeIgniter\CodeIgniter->runController(Object(App\Controllers\Product))
#7 /home/interne1/public_html/mymisdiagnosis/system/CodeIgniter.php(333): CodeIgniter\CodeIgniter->handleRequest(NULL, Object(Config\Cache), false)
#8 /home/interne1/public_html/mymisdiagnosis/public/index.php(44): CodeIgniter\CodeIgniter->run()
#9 {main}
CRITICAL - 2021-04-26 06:47:28 --> Undefined index: pack
#0 /home/interne1/public_html/mymisdiagnosis/app/Controllers/Product.php(200): CodeIgniter\Debug\Exceptions->errorHandler(8, 'Undefined index...', '/home/interne1/...', 200, Array)
#1 /home/interne1/public_html/mymisdiagnosis/system/CodeIgniter.php(936): App\Controllers\Product->cards('index.php', 'add')
#2 /home/interne1/public_html/mymisdiagnosis/system/CodeIgniter.php(432): CodeIgniter\CodeIgniter->runController(Object(App\Controllers\Product))
#3 /home/interne1/public_html/mymisdiagnosis/system/CodeIgniter.php(333): CodeIgniter\CodeIgniter->handleRequest(NULL, Object(Config\Cache), false)
#4 /home/interne1/public_html/mymisdiagnosis/public/index.php(44): CodeIgniter\CodeIgniter->run()
#5 {main}
CRITICAL - 2021-04-26 06:47:28 --> Undefined index: pack
#0 /home/interne1/public_html/mymisdiagnosis/app/Controllers/Product.php(200): CodeIgniter\Debug\Exceptions->errorHandler(8, 'Undefined index...', '/home/interne1/...', 200, Array)
#1 /home/interne1/public_html/mymisdiagnosis/system/CodeIgniter.php(936): App\Controllers\Product->cards('index.php', 'add')
#2 /home/interne1/public_html/mymisdiagnosis/system/CodeIgniter.php(432): CodeIgniter\CodeIgniter->runController(Object(App\Controllers\Product))
#3 /home/interne1/public_html/mymisdiagnosis/system/CodeIgniter.php(333): CodeIgniter\CodeIgniter->handleRequest(NULL, Object(Config\Cache), false)
#4 /home/interne1/public_html/mymisdiagnosis/public/index.php(44): CodeIgniter\CodeIgniter->run()
#5 {main}
CRITICAL - 2021-04-26 06:48:22 --> Undefined index: pack
#0 /home/interne1/public_html/mymisdiagnosis/public/assets/grocery_crud/themes/internetics/views/list_template.php(150): CodeIgniter\Debug\Exceptions->errorHandler(8, 'Undefined index...', '/home/interne1/...', 150, Array)
#1 /home/interne1/public_html/mymisdiagnosis/app/Libraries/GroceryCrud.php(2801): include('/home/interne1/...')
#2 /home/interne1/public_html/mymisdiagnosis/app/Libraries/GroceryCrud.php(1563): App\Libraries\grocery_CRUD_Layout->_theme_view('list_template.p...', Array)
#3 /home/interne1/public_html/mymisdiagnosis/app/Libraries/GroceryCrud.php(4496): App\Libraries\grocery_CRUD_Layout->showList(false, Object(stdClass))
#4 /home/interne1/public_html/mymisdiagnosis/app/Controllers/Product.php(293): App\Libraries\GroceryCrud->render()
#5 /home/interne1/public_html/mymisdiagnosis/system/CodeIgniter.php(936): App\Controllers\Product->cards('index.php', 'success', '96')
#6 /home/interne1/public_html/mymisdiagnosis/system/CodeIgniter.php(432): CodeIgniter\CodeIgniter->runController(Object(App\Controllers\Product))
#7 /home/interne1/public_html/mymisdiagnosis/system/CodeIgniter.php(333): CodeIgniter\CodeIgniter->handleRequest(NULL, Object(Config\Cache), false)
#8 /home/interne1/public_html/mymisdiagnosis/public/index.php(44): CodeIgniter\CodeIgniter->run()
#9 {main}
CRITICAL - 2021-04-26 06:48:37 --> Undefined index: pack
#0 /home/interne1/public_html/mymisdiagnosis/app/Controllers/Product.php(200): CodeIgniter\Debug\Exceptions->errorHandler(8, 'Undefined index...', '/home/interne1/...', 200, Array)
#1 /home/interne1/public_html/mymisdiagnosis/system/CodeIgniter.php(936): App\Controllers\Product->cards('index.php', 'add')
#2 /home/interne1/public_html/mymisdiagnosis/system/CodeIgniter.php(432): CodeIgniter\CodeIgniter->runController(Object(App\Controllers\Product))
#3 /home/interne1/public_html/mymisdiagnosis/system/CodeIgniter.php(333): CodeIgniter\CodeIgniter->handleRequest(NULL, Object(Config\Cache), false)
#4 /home/interne1/public_html/mymisdiagnosis/public/index.php(44): CodeIgniter\CodeIgniter->run()
#5 {main}
CRITICAL - 2021-04-26 06:48:37 --> Undefined index: pack
#0 /home/interne1/public_html/mymisdiagnosis/app/Controllers/Product.php(200): CodeIgniter\Debug\Exceptions->errorHandler(8, 'Undefined index...', '/home/interne1/...', 200, Array)
#1 /home/interne1/public_html/mymisdiagnosis/system/CodeIgniter.php(936): App\Controllers\Product->cards('index.php', 'add')
#2 /home/interne1/public_html/mymisdiagnosis/system/CodeIgniter.php(432): CodeIgniter\CodeIgniter->runController(Object(App\Controllers\Product))
#3 /home/interne1/public_html/mymisdiagnosis/system/CodeIgniter.php(333): CodeIgniter\CodeIgniter->handleRequest(NULL, Object(Config\Cache), false)
#4 /home/interne1/public_html/mymisdiagnosis/public/index.php(44): CodeIgniter\CodeIgniter->run()
#5 {main}
CRITICAL - 2021-04-26 06:48:56 --> Undefined index: pack
#0 /home/interne1/public_html/mymisdiagnosis/public/assets/grocery_crud/themes/internetics/views/list_template.php(150): CodeIgniter\Debug\Exceptions->errorHandler(8, 'Undefined index...', '/home/interne1/...', 150, Array)
#1 /home/interne1/public_html/mymisdiagnosis/app/Libraries/GroceryCrud.php(2801): include('/home/interne1/...')
#2 /home/interne1/public_html/mymisdiagnosis/app/Libraries/GroceryCrud.php(1563): App\Libraries\grocery_CRUD_Layout->_theme_view('list_template.p...', Array)
#3 /home/interne1/public_html/mymisdiagnosis/app/Libraries/GroceryCrud.php(4496): App\Libraries\grocery_CRUD_Layout->showList(false, Object(stdClass))
#4 /home/interne1/public_html/mymisdiagnosis/app/Controllers/Product.php(293): App\Libraries\GroceryCrud->render()
#5 /home/interne1/public_html/mymisdiagnosis/system/CodeIgniter.php(936): App\Controllers\Product->cards()
#6 /home/interne1/public_html/mymisdiagnosis/system/CodeIgniter.php(432): CodeIgniter\CodeIgniter->runController(Object(App\Controllers\Product))
#7 /home/interne1/public_html/mymisdiagnosis/system/CodeIgniter.php(333): CodeIgniter\CodeIgniter->handleRequest(NULL, Object(Config\Cache), false)
#8 /home/interne1/public_html/mymisdiagnosis/public/index.php(44): CodeIgniter\CodeIgniter->run()
#9 {main}
CRITICAL - 2021-04-26 06:49:03 --> Undefined index: pack
#0 /home/interne1/public_html/mymisdiagnosis/public/assets/grocery_crud/themes/internetics/views/list_template.php(150): CodeIgniter\Debug\Exceptions->errorHandler(8, 'Undefined index...', '/home/interne1/...', 150, Array)
#1 /home/interne1/public_html/mymisdiagnosis/app/Libraries/GroceryCrud.php(2801): include('/home/interne1/...')
#2 /home/interne1/public_html/mymisdiagnosis/app/Libraries/GroceryCrud.php(1563): App\Libraries\grocery_CRUD_Layout->_theme_view('list_template.p...', Array)
#3 /home/interne1/public_html/mymisdiagnosis/app/Libraries/GroceryCrud.php(4496): App\Libraries\grocery_CRUD_Layout->showList(false, Object(stdClass))
#4 /home/interne1/public_html/mymisdiagnosis/app/Controllers/Product.php(293): App\Libraries\GroceryCrud->render()
#5 /home/interne1/public_html/mymisdiagnosis/system/CodeIgniter.php(936): App\Controllers\Product->cards()
#6 /home/interne1/public_html/mymisdiagnosis/system/CodeIgniter.php(432): CodeIgniter\CodeIgniter->runController(Object(App\Controllers\Product))
#7 /home/interne1/public_html/mymisdiagnosis/system/CodeIgniter.php(333): CodeIgniter\CodeIgniter->handleRequest(NULL, Object(Config\Cache), false)
#8 /home/interne1/public_html/mymisdiagnosis/public/index.php(44): CodeIgniter\CodeIgniter->run()
#9 {main}
CRITICAL - 2021-04-26 06:50:19 --> Undefined index: pack
#0 /home/interne1/public_html/mymisdiagnosis/app/Controllers/Product.php(200): CodeIgniter\Debug\Exceptions->errorHandler(8, 'Undefined index...', '/home/interne1/...', 200, Array)
#1 /home/interne1/public_html/mymisdiagnosis/system/CodeIgniter.php(936): App\Controllers\Product->cards('index.php', 'edit', '96')
#2 /home/interne1/public_html/mymisdiagnosis/system/CodeIgniter.php(432): CodeIgniter\CodeIgniter->runController(Object(App\Controllers\Product))
#3 /home/interne1/public_html/mymisdiagnosis/system/CodeIgniter.php(333): CodeIgniter\CodeIgniter->handleRequest(NULL, Object(Config\Cache), false)
#4 /home/interne1/public_html/mymisdiagnosis/public/index.php(44): CodeIgniter\CodeIgniter->run()
#5 {main}
CRITICAL - 2021-04-26 06:50:19 --> Undefined index: pack
#0 /home/interne1/public_html/mymisdiagnosis/app/Controllers/Product.php(200): CodeIgniter\Debug\Exceptions->errorHandler(8, 'Undefined index...', '/home/interne1/...', 200, Array)
#1 /home/interne1/public_html/mymisdiagnosis/system/CodeIgniter.php(936): App\Controllers\Product->cards('index.php', 'edit', '96')
#2 /home/interne1/public_html/mymisdiagnosis/system/CodeIgniter.php(432): CodeIgniter\CodeIgniter->runController(Object(App\Controllers\Product))
#3 /home/interne1/public_html/mymisdiagnosis/system/CodeIgniter.php(333): CodeIgniter\CodeIgniter->handleRequest(NULL, Object(Config\Cache), false)
#4 /home/interne1/public_html/mymisdiagnosis/public/index.php(44): CodeIgniter\CodeIgniter->run()
#5 {main}
CRITICAL - 2021-04-26 06:51:17 --> Undefined index: pack
#0 /home/interne1/public_html/mymisdiagnosis/app/Controllers/Product.php(200): CodeIgniter\Debug\Exceptions->errorHandler(8, 'Undefined index...', '/home/interne1/...', 200, Array)
#1 /home/interne1/public_html/mymisdiagnosis/system/CodeIgniter.php(936): App\Controllers\Product->cards('index.php', 'edit', '7')
#2 /home/interne1/public_html/mymisdiagnosis/system/CodeIgniter.php(432): CodeIgniter\CodeIgniter->runController(Object(App\Controllers\Product))
#3 /home/interne1/public_html/mymisdiagnosis/system/CodeIgniter.php(333): CodeIgniter\CodeIgniter->handleRequest(NULL, Object(Config\Cache), false)
#4 /home/interne1/public_html/mymisdiagnosis/public/index.php(44): CodeIgniter\CodeIgniter->run()
#5 {main}
CRITICAL - 2021-04-26 06:51:35 --> Undefined index: pack
#0 /home/interne1/public_html/mymisdiagnosis/public/assets/grocery_crud/themes/internetics/views/list_template.php(150): CodeIgniter\Debug\Exceptions->errorHandler(8, 'Undefined index...', '/home/interne1/...', 150, Array)
#1 /home/interne1/public_html/mymisdiagnosis/app/Libraries/GroceryCrud.php(2801): include('/home/interne1/...')
#2 /home/interne1/public_html/mymisdiagnosis/app/Libraries/GroceryCrud.php(1563): App\Libraries\grocery_CRUD_Layout->_theme_view('list_template.p...', Array)
#3 /home/interne1/public_html/mymisdiagnosis/app/Libraries/GroceryCrud.php(4496): App\Libraries\grocery_CRUD_Layout->showList(false, Object(stdClass))
#4 /home/interne1/public_html/mymisdiagnosis/app/Controllers/Product.php(293): App\Libraries\GroceryCrud->render()
#5 /home/interne1/public_html/mymisdiagnosis/system/CodeIgniter.php(936): App\Controllers\Product->cards()
#6 /home/interne1/public_html/mymisdiagnosis/system/CodeIgniter.php(432): CodeIgniter\CodeIgniter->runController(Object(App\Controllers\Product))
#7 /home/interne1/public_html/mymisdiagnosis/system/CodeIgniter.php(333): CodeIgniter\CodeIgniter->handleRequest(NULL, Object(Config\Cache), false)
#8 /home/interne1/public_html/mymisdiagnosis/public/index.php(44): CodeIgniter\CodeIgniter->run()
#9 {main}
CRITICAL - 2021-04-26 06:55:46 --> Undefined index: pack
#0 /home/interne1/public_html/mymisdiagnosis/app/Controllers/Product.php(200): CodeIgniter\Debug\Exceptions->errorHandler(8, 'Undefined index...', '/home/interne1/...', 200, Array)
#1 /home/interne1/public_html/mymisdiagnosis/system/CodeIgniter.php(936): App\Controllers\Product->cards('index.php', 'add')
#2 /home/interne1/public_html/mymisdiagnosis/system/CodeIgniter.php(432): CodeIgniter\CodeIgniter->runController(Object(App\Controllers\Product))
#3 /home/interne1/public_html/mymisdiagnosis/system/CodeIgniter.php(333): CodeIgniter\CodeIgniter->handleRequest(NULL, Object(Config\Cache), false)
#4 /home/interne1/public_html/mymisdiagnosis/public/index.php(44): CodeIgniter\CodeIgniter->run()
#5 {main}
CRITICAL - 2021-04-26 06:55:46 --> Undefined index: pack
#0 /home/interne1/public_html/mymisdiagnosis/app/Controllers/Product.php(200): CodeIgniter\Debug\Exceptions->errorHandler(8, 'Undefined index...', '/home/interne1/...', 200, Array)
#1 /home/interne1/public_html/mymisdiagnosis/system/CodeIgniter.php(936): App\Controllers\Product->cards('index.php', 'add')
#2 /home/interne1/public_html/mymisdiagnosis/system/CodeIgniter.php(432): CodeIgniter\CodeIgniter->runController(Object(App\Controllers\Product))
#3 /home/interne1/public_html/mymisdiagnosis/system/CodeIgniter.php(333): CodeIgniter\CodeIgniter->handleRequest(NULL, Object(Config\Cache), false)
#4 /home/interne1/public_html/mymisdiagnosis/public/index.php(44): CodeIgniter\CodeIgniter->run()
#5 {main}
CRITICAL - 2021-04-26 06:56:04 --> Undefined index: pack
#0 /home/interne1/public_html/mymisdiagnosis/public/assets/grocery_crud/themes/internetics/views/add.php(129): CodeIgniter\Debug\Exceptions->errorHandler(8, 'Undefined index...', '/home/interne1/...', 129, Array)
#1 /home/interne1/public_html/mymisdiagnosis/app/Libraries/GroceryCrud.php(2801): include('/home/interne1/...')
#2 /home/interne1/public_html/mymisdiagnosis/app/Libraries/GroceryCrud.php(1777): App\Libraries\grocery_CRUD_Layout->_theme_view('add.php', Array)
#3 /home/interne1/public_html/mymisdiagnosis/app/Libraries/GroceryCrud.php(4513): App\Libraries\grocery_CRUD_Layout->showAddForm()
#4 /home/interne1/public_html/mymisdiagnosis/app/Controllers/Product.php(293): App\Libraries\GroceryCrud->render()
#5 /home/interne1/public_html/mymisdiagnosis/system/CodeIgniter.php(936): App\Controllers\Product->cards('add')
#6 /home/interne1/public_html/mymisdiagnosis/system/CodeIgniter.php(432): CodeIgniter\CodeIgniter->runController(Object(App\Controllers\Product))
#7 /home/interne1/public_html/mymisdiagnosis/system/CodeIgniter.php(333): CodeIgniter\CodeIgniter->handleRequest(NULL, Object(Config\Cache), false)
#8 /home/interne1/public_html/mymisdiagnosis/public/index.php(44): CodeIgniter\CodeIgniter->run()
#9 {main}
CRITICAL - 2021-04-26 06:57:46 --> Undefined index: pack
#0 /home/interne1/public_html/mymisdiagnosis/public/assets/grocery_crud/themes/internetics/views/add.php(138): CodeIgniter\Debug\Exceptions->errorHandler(8, 'Undefined index...', '/home/interne1/...', 138, Array)
#1 /home/interne1/public_html/mymisdiagnosis/app/Libraries/GroceryCrud.php(2801): include('/home/interne1/...')
#2 /home/interne1/public_html/mymisdiagnosis/app/Libraries/GroceryCrud.php(1777): App\Libraries\grocery_CRUD_Layout->_theme_view('add.php', Array)
#3 /home/interne1/public_html/mymisdiagnosis/app/Libraries/GroceryCrud.php(4513): App\Libraries\grocery_CRUD_Layout->showAddForm()
#4 /home/interne1/public_html/mymisdiagnosis/app/Controllers/Product.php(293): App\Libraries\GroceryCrud->render()
#5 /home/interne1/public_html/mymisdiagnosis/system/CodeIgniter.php(936): App\Controllers\Product->cards('add')
#6 /home/interne1/public_html/mymisdiagnosis/system/CodeIgniter.php(432): CodeIgniter\CodeIgniter->runController(Object(App\Controllers\Product))
#7 /home/interne1/public_html/mymisdiagnosis/system/CodeIgniter.php(333): CodeIgniter\CodeIgniter->handleRequest(NULL, Object(Config\Cache), false)
#8 /home/interne1/public_html/mymisdiagnosis/public/index.php(44): CodeIgniter\CodeIgniter->run()
#9 {main}
CRITICAL - 2021-04-26 06:58:19 --> Undefined index: pack
#0 /home/interne1/public_html/mymisdiagnosis/app/Controllers/Product.php(200): CodeIgniter\Debug\Exceptions->errorHandler(8, 'Undefined index...', '/home/interne1/...', 200, Array)
#1 /home/interne1/public_html/mymisdiagnosis/system/CodeIgniter.php(936): App\Controllers\Product->cards('add')
#2 /home/interne1/public_html/mymisdiagnosis/system/CodeIgniter.php(432): CodeIgniter\CodeIgniter->runController(Object(App\Controllers\Product))
#3 /home/interne1/public_html/mymisdiagnosis/system/CodeIgniter.php(333): CodeIgniter\CodeIgniter->handleRequest(NULL, Object(Config\Cache), false)
#4 /home/interne1/public_html/mymisdiagnosis/public/index.php(44): CodeIgniter\CodeIgniter->run()
#5 {main}
CRITICAL - 2021-04-26 06:58:19 --> Undefined index: pack
#0 /home/interne1/public_html/mymisdiagnosis/app/Controllers/Product.php(200): CodeIgniter\Debug\Exceptions->errorHandler(8, 'Undefined index...', '/home/interne1/...', 200, Array)
#1 /home/interne1/public_html/mymisdiagnosis/system/CodeIgniter.php(936): App\Controllers\Product->cards('add')
#2 /home/interne1/public_html/mymisdiagnosis/system/CodeIgniter.php(432): CodeIgniter\CodeIgniter->runController(Object(App\Controllers\Product))
#3 /home/interne1/public_html/mymisdiagnosis/system/CodeIgniter.php(333): CodeIgniter\CodeIgniter->handleRequest(NULL, Object(Config\Cache), false)
#4 /home/interne1/public_html/mymisdiagnosis/public/index.php(44): CodeIgniter\CodeIgniter->run()
#5 {main}
CRITICAL - 2021-04-26 06:59:04 --> Undefined index: pack
#0 /home/interne1/public_html/mymisdiagnosis/app/Controllers/Product.php(200): CodeIgniter\Debug\Exceptions->errorHandler(8, 'Undefined index...', '/home/interne1/...', 200, Array)
#1 /home/interne1/public_html/mymisdiagnosis/system/CodeIgniter.php(936): App\Controllers\Product->cards('index.php', 'add')
#2 /home/interne1/public_html/mymisdiagnosis/system/CodeIgniter.php(432): CodeIgniter\CodeIgniter->runController(Object(App\Controllers\Product))
#3 /home/interne1/public_html/mymisdiagnosis/system/CodeIgniter.php(333): CodeIgniter\CodeIgniter->handleRequest(NULL, Object(Config\Cache), false)
#4 /home/interne1/public_html/mymisdiagnosis/public/index.php(44): CodeIgniter\CodeIgniter->run()
#5 {main}
CRITICAL - 2021-04-26 06:59:04 --> Undefined index: pack
#0 /home/interne1/public_html/mymisdiagnosis/app/Controllers/Product.php(200): CodeIgniter\Debug\Exceptions->errorHandler(8, 'Undefined index...', '/home/interne1/...', 200, Array)
#1 /home/interne1/public_html/mymisdiagnosis/system/CodeIgniter.php(936): App\Controllers\Product->cards('index.php', 'add')
#2 /home/interne1/public_html/mymisdiagnosis/system/CodeIgniter.php(432): CodeIgniter\CodeIgniter->runController(Object(App\Controllers\Product))
#3 /home/interne1/public_html/mymisdiagnosis/system/CodeIgniter.php(333): CodeIgniter\CodeIgniter->handleRequest(NULL, Object(Config\Cache), false)
#4 /home/interne1/public_html/mymisdiagnosis/public/index.php(44): CodeIgniter\CodeIgniter->run()
#5 {main}
CRITICAL - 2021-04-26 07:00:10 --> Undefined index: pack
#0 /home/interne1/public_html/mymisdiagnosis/app/Controllers/Product.php(200): CodeIgniter\Debug\Exceptions->errorHandler(8, 'Undefined index...', '/home/interne1/...', 200, Array)
#1 /home/interne1/public_html/mymisdiagnosis/system/CodeIgniter.php(936): App\Controllers\Product->cards('add')
#2 /home/interne1/public_html/mymisdiagnosis/system/CodeIgniter.php(432): CodeIgniter\CodeIgniter->runController(Object(App\Controllers\Product))
#3 /home/interne1/public_html/mymisdiagnosis/system/CodeIgniter.php(333): CodeIgniter\CodeIgniter->handleRequest(NULL, Object(Config\Cache), false)
#4 /home/interne1/public_html/mymisdiagnosis/public/index.php(44): CodeIgniter\CodeIgniter->run()
#5 {main}
CRITICAL - 2021-04-26 07:00:10 --> Undefined index: pack
#0 /home/interne1/public_html/mymisdiagnosis/app/Controllers/Product.php(200): CodeIgniter\Debug\Exceptions->errorHandler(8, 'Undefined index...', '/home/interne1/...', 200, Array)
#1 /home/interne1/public_html/mymisdiagnosis/system/CodeIgniter.php(936): App\Controllers\Product->cards('add')
#2 /home/interne1/public_html/mymisdiagnosis/system/CodeIgniter.php(432): CodeIgniter\CodeIgniter->runController(Object(App\Controllers\Product))
#3 /home/interne1/public_html/mymisdiagnosis/system/CodeIgniter.php(333): CodeIgniter\CodeIgniter->handleRequest(NULL, Object(Config\Cache), false)
#4 /home/interne1/public_html/mymisdiagnosis/public/index.php(44): CodeIgniter\CodeIgniter->run()
#5 {main}
CRITICAL - 2021-04-26 07:05:38 --> Undefined index: pack
#0 /home/interne1/public_html/mymisdiagnosis/app/Controllers/Product.php(200): CodeIgniter\Debug\Exceptions->errorHandler(8, 'Undefined index...', '/home/interne1/...', 200, Array)
#1 /home/interne1/public_html/mymisdiagnosis/system/CodeIgniter.php(936): App\Controllers\Product->cards('index.php', 'add')
#2 /home/interne1/public_html/mymisdiagnosis/system/CodeIgniter.php(432): CodeIgniter\CodeIgniter->runController(Object(App\Controllers\Product))
#3 /home/interne1/public_html/mymisdiagnosis/system/CodeIgniter.php(333): CodeIgniter\CodeIgniter->handleRequest(NULL, Object(Config\Cache), false)
#4 /home/interne1/public_html/mymisdiagnosis/public/index.php(44): CodeIgniter\CodeIgniter->run()
#5 {main}
CRITICAL - 2021-04-26 07:05:38 --> Undefined index: pack
#0 /home/interne1/public_html/mymisdiagnosis/app/Controllers/Product.php(200): CodeIgniter\Debug\Exceptions->errorHandler(8, 'Undefined index...', '/home/interne1/...', 200, Array)
#1 /home/interne1/public_html/mymisdiagnosis/system/CodeIgniter.php(936): App\Controllers\Product->cards('index.php', 'add')
#2 /home/interne1/public_html/mymisdiagnosis/system/CodeIgniter.php(432): CodeIgniter\CodeIgniter->runController(Object(App\Controllers\Product))
#3 /home/interne1/public_html/mymisdiagnosis/system/CodeIgniter.php(333): CodeIgniter\CodeIgniter->handleRequest(NULL, Object(Config\Cache), false)
#4 /home/interne1/public_html/mymisdiagnosis/public/index.php(44): CodeIgniter\CodeIgniter->run()
#5 {main}
CRITICAL - 2021-04-26 07:06:09 --> Undefined index: pack
#0 /home/interne1/public_html/mymisdiagnosis/app/Controllers/Product.php(200): CodeIgniter\Debug\Exceptions->errorHandler(8, 'Undefined index...', '/home/interne1/...', 200, Array)
#1 /home/interne1/public_html/mymisdiagnosis/system/CodeIgniter.php(936): App\Controllers\Product->cards('edit', '99')
#2 /home/interne1/public_html/mymisdiagnosis/system/CodeIgniter.php(432): CodeIgniter\CodeIgniter->runController(Object(App\Controllers\Product))
#3 /home/interne1/public_html/mymisdiagnosis/system/CodeIgniter.php(333): CodeIgniter\CodeIgniter->handleRequest(NULL, Object(Config\Cache), false)
#4 /home/interne1/public_html/mymisdiagnosis/public/index.php(44): CodeIgniter\CodeIgniter->run()
#5 {main}
CRITICAL - 2021-04-26 07:06:09 --> Undefined index: pack
#0 /home/interne1/public_html/mymisdiagnosis/app/Controllers/Product.php(200): CodeIgniter\Debug\Exceptions->errorHandler(8, 'Undefined index...', '/home/interne1/...', 200, Array)
#1 /home/interne1/public_html/mymisdiagnosis/system/CodeIgniter.php(936): App\Controllers\Product->cards('edit', '99')
#2 /home/interne1/public_html/mymisdiagnosis/system/CodeIgniter.php(432): CodeIgniter\CodeIgniter->runController(Object(App\Controllers\Product))
#3 /home/interne1/public_html/mymisdiagnosis/system/CodeIgniter.php(333): CodeIgniter\CodeIgniter->handleRequest(NULL, Object(Config\Cache), false)
#4 /home/interne1/public_html/mymisdiagnosis/public/index.php(44): CodeIgniter\CodeIgniter->run()
#5 {main}
CRITICAL - 2021-04-26 19:55:21 --> Use of undefined constant EOF - assumed 'EOF' (this will throw an Error in a future version of PHP)
#0 /home/interne1/public_html/mymisdiagnosis/app/Controllers/Product.php(124): CodeIgniter\Debug\Exceptions->errorHandler(2, 'Use of undefine...', '/home/interne1/...', 124, Array)
#1 [internal function]: App\Controllers\Product->App\Controllers\{closure}(Object(stdClass))
#2 /home/interne1/public_html/mymisdiagnosis/app/Libraries/GroceryCrud.php(1245): call_user_func(Object(Closure), Object(stdClass))
#3 /home/interne1/public_html/mymisdiagnosis/app/Libraries/GroceryCrud.php(4544): App\Libraries\grocery_CRUD_Model_Driver->db_delete(Object(stdClass))
#4 /home/interne1/public_html/mymisdiagnosis/app/Controllers/Product.php(150): App\Libraries\GroceryCrud->render()
#5 /home/interne1/public_html/mymisdiagnosis/system/CodeIgniter.php(936): App\Controllers\Product->packs('delete', '3')
#6 /home/interne1/public_html/mymisdiagnosis/system/CodeIgniter.php(432): CodeIgniter\CodeIgniter->runController(Object(App\Controllers\Product))
#7 /home/interne1/public_html/mymisdiagnosis/system/CodeIgniter.php(333): CodeIgniter\CodeIgniter->handleRequest(NULL, Object(Config\Cache), false)
#8 /home/interne1/public_html/mymisdiagnosis/public/index.php(44): CodeIgniter\CodeIgniter->run()
#9 {main}
CRITICAL - 2021-04-26 19:55:26 --> Use of undefined constant EOF - assumed 'EOF' (this will throw an Error in a future version of PHP)
#0 /home/interne1/public_html/mymisdiagnosis/app/Controllers/Product.php(124): CodeIgniter\Debug\Exceptions->errorHandler(2, 'Use of undefine...', '/home/interne1/...', 124, Array)
#1 [internal function]: App\Controllers\Product->App\Controllers\{closure}(Object(stdClass))
#2 /home/interne1/public_html/mymisdiagnosis/app/Libraries/GroceryCrud.php(1245): call_user_func(Object(Closure), Object(stdClass))
#3 /home/interne1/public_html/mymisdiagnosis/app/Libraries/GroceryCrud.php(4544): App\Libraries\grocery_CRUD_Model_Driver->db_delete(Object(stdClass))
#4 /home/interne1/public_html/mymisdiagnosis/app/Controllers/Product.php(150): App\Libraries\GroceryCrud->render()
#5 /home/interne1/public_html/mymisdiagnosis/system/CodeIgniter.php(936): App\Controllers\Product->packs('delete', '3')
#6 /home/interne1/public_html/mymisdiagnosis/system/CodeIgniter.php(432): CodeIgniter\CodeIgniter->runController(Object(App\Controllers\Product))
#7 /home/interne1/public_html/mymisdiagnosis/system/CodeIgniter.php(333): CodeIgniter\CodeIgniter->handleRequest(NULL, Object(Config\Cache), false)
#8 /home/interne1/public_html/mymisdiagnosis/public/index.php(44): CodeIgniter\CodeIgniter->run()
#9 {main}
CRITICAL - 2021-04-26 19:55:28 --> Use of undefined constant EOF - assumed 'EOF' (this will throw an Error in a future version of PHP)
#0 /home/interne1/public_html/mymisdiagnosis/app/Controllers/Product.php(124): CodeIgniter\Debug\Exceptions->errorHandler(2, 'Use of undefine...', '/home/interne1/...', 124, Array)
#1 [internal function]: App\Controllers\Product->App\Controllers\{closure}(Object(stdClass))
#2 /home/interne1/public_html/mymisdiagnosis/app/Libraries/GroceryCrud.php(1245): call_user_func(Object(Closure), Object(stdClass))
#3 /home/interne1/public_html/mymisdiagnosis/app/Libraries/GroceryCrud.php(4544): App\Libraries\grocery_CRUD_Model_Driver->db_delete(Object(stdClass))
#4 /home/interne1/public_html/mymisdiagnosis/app/Controllers/Product.php(150): App\Libraries\GroceryCrud->render()
#5 /home/interne1/public_html/mymisdiagnosis/system/CodeIgniter.php(936): App\Controllers\Product->packs('delete', '3')
#6 /home/interne1/public_html/mymisdiagnosis/system/CodeIgniter.php(432): CodeIgniter\CodeIgniter->runController(Object(App\Controllers\Product))
#7 /home/interne1/public_html/mymisdiagnosis/system/CodeIgniter.php(333): CodeIgniter\CodeIgniter->handleRequest(NULL, Object(Config\Cache), false)
#8 /home/interne1/public_html/mymisdiagnosis/public/index.php(44): CodeIgniter\CodeIgniter->run()
#9 {main}
CRITICAL - 2021-04-26 19:55:42 --> Use of undefined constant EOF - assumed 'EOF' (this will throw an Error in a future version of PHP)
#0 /home/interne1/public_html/mymisdiagnosis/app/Controllers/Product.php(124): CodeIgniter\Debug\Exceptions->errorHandler(2, 'Use of undefine...', '/home/interne1/...', 124, Array)
#1 [internal function]: App\Controllers\Product->App\Controllers\{closure}(Object(stdClass))
#2 /home/interne1/public_html/mymisdiagnosis/app/Libraries/GroceryCrud.php(1245): call_user_func(Object(Closure), Object(stdClass))
#3 /home/interne1/public_html/mymisdiagnosis/app/Libraries/GroceryCrud.php(4544): App\Libraries\grocery_CRUD_Model_Driver->db_delete(Object(stdClass))
#4 /home/interne1/public_html/mymisdiagnosis/app/Controllers/Product.php(150): App\Libraries\GroceryCrud->render()
#5 /home/interne1/public_html/mymisdiagnosis/system/CodeIgniter.php(936): App\Controllers\Product->packs('delete', '7')
#6 /home/interne1/public_html/mymisdiagnosis/system/CodeIgniter.php(432): CodeIgniter\CodeIgniter->runController(Object(App\Controllers\Product))
#7 /home/interne1/public_html/mymisdiagnosis/system/CodeIgniter.php(333): CodeIgniter\CodeIgniter->handleRequest(NULL, Object(Config\Cache), false)
#8 /home/interne1/public_html/mymisdiagnosis/public/index.php(44): CodeIgniter\CodeIgniter->run()
#9 {main}
CRITICAL - 2021-04-26 19:55:44 --> Use of undefined constant EOF - assumed 'EOF' (this will throw an Error in a future version of PHP)
#0 /home/interne1/public_html/mymisdiagnosis/app/Controllers/Product.php(124): CodeIgniter\Debug\Exceptions->errorHandler(2, 'Use of undefine...', '/home/interne1/...', 124, Array)
#1 [internal function]: App\Controllers\Product->App\Controllers\{closure}(Object(stdClass))
#2 /home/interne1/public_html/mymisdiagnosis/app/Libraries/GroceryCrud.php(1245): call_user_func(Object(Closure), Object(stdClass))
#3 /home/interne1/public_html/mymisdiagnosis/app/Libraries/GroceryCrud.php(4544): App\Libraries\grocery_CRUD_Model_Driver->db_delete(Object(stdClass))
#4 /home/interne1/public_html/mymisdiagnosis/app/Controllers/Product.php(150): App\Libraries\GroceryCrud->render()
#5 /home/interne1/public_html/mymisdiagnosis/system/CodeIgniter.php(936): App\Controllers\Product->packs('delete', '7')
#6 /home/interne1/public_html/mymisdiagnosis/system/CodeIgniter.php(432): CodeIgniter\CodeIgniter->runController(Object(App\Controllers\Product))
#7 /home/interne1/public_html/mymisdiagnosis/system/CodeIgniter.php(333): CodeIgniter\CodeIgniter->handleRequest(NULL, Object(Config\Cache), false)
#8 /home/interne1/public_html/mymisdiagnosis/public/index.php(44): CodeIgniter\CodeIgniter->run()
#9 {main}
CRITICAL - 2021-04-26 19:57:53 --> Use of undefined constant pack_user_id - assumed 'pack_user_id' (this will throw an Error in a future version of PHP)
#0 /home/interne1/public_html/mymisdiagnosis/app/Controllers/Product.php(124): CodeIgniter\Debug\Exceptions->errorHandler(2, 'Use of undefine...', '/home/interne1/...', 124, Array)
#1 [internal function]: App\Controllers\Product->App\Controllers\{closure}(Object(stdClass))
#2 /home/interne1/public_html/mymisdiagnosis/app/Libraries/GroceryCrud.php(1245): call_user_func(Object(Closure), Object(stdClass))
#3 /home/interne1/public_html/mymisdiagnosis/app/Libraries/GroceryCrud.php(4544): App\Libraries\grocery_CRUD_Model_Driver->db_delete(Object(stdClass))
#4 /home/interne1/public_html/mymisdiagnosis/app/Controllers/Product.php(154): App\Libraries\GroceryCrud->render()
#5 /home/interne1/public_html/mymisdiagnosis/system/CodeIgniter.php(936): App\Controllers\Product->packs('delete', '7')
#6 /home/interne1/public_html/mymisdiagnosis/system/CodeIgniter.php(432): CodeIgniter\CodeIgniter->runController(Object(App\Controllers\Product))
#7 /home/interne1/public_html/mymisdiagnosis/system/CodeIgniter.php(333): CodeIgniter\CodeIgniter->handleRequest(NULL, Object(Config\Cache), false)
#8 /home/interne1/public_html/mymisdiagnosis/public/index.php(44): CodeIgniter\CodeIgniter->run()
#9 {main}
CRITICAL - 2021-04-26 19:59:40 --> Use of undefined constant pack_user_id - assumed 'pack_user_id' (this will throw an Error in a future version of PHP)
#0 /home/interne1/public_html/mymisdiagnosis/app/Controllers/Product.php(124): CodeIgniter\Debug\Exceptions->errorHandler(2, 'Use of undefine...', '/home/interne1/...', 124, Array)
#1 [internal function]: App\Controllers\Product->App\Controllers\{closure}(Object(stdClass))
#2 /home/interne1/public_html/mymisdiagnosis/app/Libraries/GroceryCrud.php(1245): call_user_func(Object(Closure), Object(stdClass))
#3 /home/interne1/public_html/mymisdiagnosis/app/Libraries/GroceryCrud.php(4544): App\Libraries\grocery_CRUD_Model_Driver->db_delete(Object(stdClass))
#4 /home/interne1/public_html/mymisdiagnosis/app/Controllers/Product.php(154): App\Libraries\GroceryCrud->render()
#5 /home/interne1/public_html/mymisdiagnosis/system/CodeIgniter.php(936): App\Controllers\Product->packs('delete', '7')
#6 /home/interne1/public_html/mymisdiagnosis/system/CodeIgniter.php(432): CodeIgniter\CodeIgniter->runController(Object(App\Controllers\Product))
#7 /home/interne1/public_html/mymisdiagnosis/system/CodeIgniter.php(333): CodeIgniter\CodeIgniter->handleRequest(NULL, Object(Config\Cache), false)
#8 /home/interne1/public_html/mymisdiagnosis/public/index.php(44): CodeIgniter\CodeIgniter->run()
#9 {main}
CRITICAL - 2021-04-26 19:59:43 --> Use of undefined constant pack_user_id - assumed 'pack_user_id' (this will throw an Error in a future version of PHP)
#0 /home/interne1/public_html/mymisdiagnosis/app/Controllers/Product.php(124): CodeIgniter\Debug\Exceptions->errorHandler(2, 'Use of undefine...', '/home/interne1/...', 124, Array)
#1 [internal function]: App\Controllers\Product->App\Controllers\{closure}(Object(stdClass))
#2 /home/interne1/public_html/mymisdiagnosis/app/Libraries/GroceryCrud.php(1245): call_user_func(Object(Closure), Object(stdClass))
#3 /home/interne1/public_html/mymisdiagnosis/app/Libraries/GroceryCrud.php(4544): App\Libraries\grocery_CRUD_Model_Driver->db_delete(Object(stdClass))
#4 /home/interne1/public_html/mymisdiagnosis/app/Controllers/Product.php(154): App\Libraries\GroceryCrud->render()
#5 /home/interne1/public_html/mymisdiagnosis/system/CodeIgniter.php(936): App\Controllers\Product->packs('delete', '7')
#6 /home/interne1/public_html/mymisdiagnosis/system/CodeIgniter.php(432): CodeIgniter\CodeIgniter->runController(Object(App\Controllers\Product))
#7 /home/interne1/public_html/mymisdiagnosis/system/CodeIgniter.php(333): CodeIgniter\CodeIgniter->handleRequest(NULL, Object(Config\Cache), false)
#8 /home/interne1/public_html/mymisdiagnosis/public/index.php(44): CodeIgniter\CodeIgniter->run()
#9 {main}
CRITICAL - 2021-04-26 20:01:02 --> Use of undefined constant pack_user_id - assumed 'pack_user_id' (this will throw an Error in a future version of PHP)
#0 /home/interne1/public_html/mymisdiagnosis/app/Controllers/Product.php(124): CodeIgniter\Debug\Exceptions->errorHandler(2, 'Use of undefine...', '/home/interne1/...', 124, Array)
#1 /home/interne1/public_html/mymisdiagnosis/system/CodeIgniter.php(936): App\Controllers\Product->packs()
#2 /home/interne1/public_html/mymisdiagnosis/system/CodeIgniter.php(432): CodeIgniter\CodeIgniter->runController(Object(App\Controllers\Product))
#3 /home/interne1/public_html/mymisdiagnosis/system/CodeIgniter.php(333): CodeIgniter\CodeIgniter->handleRequest(NULL, Object(Config\Cache), false)
#4 /home/interne1/public_html/mymisdiagnosis/public/index.php(44): CodeIgniter\CodeIgniter->run()
#5 {main}
CRITICAL - 2021-04-26 20:14:05 --> syntax error, unexpected 'return' (T_RETURN), expecting function (T_FUNCTION) or const (T_CONST)
#0 /home/interne1/public_html/mymisdiagnosis/system/Router/Router.php(170): CodeIgniter\Router\Router->autoRoute('product/packs')
#1 /home/interne1/public_html/mymisdiagnosis/system/CodeIgniter.php(816): CodeIgniter\Router\Router->handle('product/packs')
#2 /home/interne1/public_html/mymisdiagnosis/system/CodeIgniter.php(385): CodeIgniter\CodeIgniter->tryToRouteIt(Object(CodeIgniter\Router\RouteCollection))
#3 /home/interne1/public_html/mymisdiagnosis/system/CodeIgniter.php(333): CodeIgniter\CodeIgniter->handleRequest(NULL, Object(Config\Cache), false)
#4 /home/interne1/public_html/mymisdiagnosis/public/index.php(44): CodeIgniter\CodeIgniter->run()
#5 {main}
CRITICAL - 2021-04-26 20:14:25 --> syntax error, unexpected 'return' (T_RETURN), expecting function (T_FUNCTION) or const (T_CONST)
#0 /home/interne1/public_html/mymisdiagnosis/system/Router/Router.php(170): CodeIgniter\Router\Router->autoRoute('product/packs')
#1 /home/interne1/public_html/mymisdiagnosis/system/CodeIgniter.php(816): CodeIgniter\Router\Router->handle('product/packs')
#2 /home/interne1/public_html/mymisdiagnosis/system/CodeIgniter.php(385): CodeIgniter\CodeIgniter->tryToRouteIt(Object(CodeIgniter\Router\RouteCollection))
#3 /home/interne1/public_html/mymisdiagnosis/system/CodeIgniter.php(333): CodeIgniter\CodeIgniter->handleRequest(NULL, Object(Config\Cache), false)
#4 /home/interne1/public_html/mymisdiagnosis/public/index.php(44): CodeIgniter\CodeIgniter->run()
#5 {main}
CRITICAL - 2021-04-26 20:14:49 --> Class 'App\Controllers\DemoExampleModel' not found
#0 [internal function]: App\Controllers\Product->check_if_user(Object(stdClass))
#1 /home/interne1/public_html/mymisdiagnosis/app/Libraries/GroceryCrud.php(1245): call_user_func(Array, Object(stdClass))
#2 /home/interne1/public_html/mymisdiagnosis/app/Libraries/GroceryCrud.php(4544): App\Libraries\grocery_CRUD_Model_Driver->db_delete(Object(stdClass))
#3 /home/interne1/public_html/mymisdiagnosis/app/Controllers/Product.php(148): App\Libraries\GroceryCrud->render()
#4 /home/interne1/public_html/mymisdiagnosis/system/CodeIgniter.php(936): App\Controllers\Product->packs('delete', '7')
#5 /home/interne1/public_html/mymisdiagnosis/system/CodeIgniter.php(432): CodeIgniter\CodeIgniter->runController(Object(App\Controllers\Product))
#6 /home/interne1/public_html/mymisdiagnosis/system/CodeIgniter.php(333): CodeIgniter\CodeIgniter->handleRequest(NULL, Object(Config\Cache), false)
#7 /home/interne1/public_html/mymisdiagnosis/public/index.php(44): CodeIgniter\CodeIgniter->run()
#8 {main}
CRITICAL - 2021-04-26 20:17:37 --> Too few arguments to function App\Controllers\Product::check_if_user(), 1 passed and exactly 2 expected
#0 [internal function]: App\Controllers\Product->check_if_user(Object(stdClass))
#1 /home/interne1/public_html/mymisdiagnosis/app/Libraries/GroceryCrud.php(1245): call_user_func(Array, Object(stdClass))
#2 /home/interne1/public_html/mymisdiagnosis/app/Libraries/GroceryCrud.php(4544): App\Libraries\grocery_CRUD_Model_Driver->db_delete(Object(stdClass))
#3 /home/interne1/public_html/mymisdiagnosis/app/Controllers/Product.php(148): App\Libraries\GroceryCrud->render()
#4 /home/interne1/public_html/mymisdiagnosis/system/CodeIgniter.php(936): App\Controllers\Product->packs('delete', '7')
#5 /home/interne1/public_html/mymisdiagnosis/system/CodeIgniter.php(432): CodeIgniter\CodeIgniter->runController(Object(App\Controllers\Product))
#6 /home/interne1/public_html/mymisdiagnosis/system/CodeIgniter.php(333): CodeIgniter\CodeIgniter->handleRequest(NULL, Object(Config\Cache), false)
#7 /home/interne1/public_html/mymisdiagnosis/public/index.php(44): CodeIgniter\CodeIgniter->run()
#8 {main}
CRITICAL - 2021-04-26 20:20:03 --> syntax error, unexpected '$post_array' (T_VARIABLE), expecting '('
#0 /home/interne1/public_html/mymisdiagnosis/system/Router/Router.php(170): CodeIgniter\Router\Router->autoRoute('product/packs')
#1 /home/interne1/public_html/mymisdiagnosis/system/CodeIgniter.php(816): CodeIgniter\Router\Router->handle('product/packs')
#2 /home/interne1/public_html/mymisdiagnosis/system/CodeIgniter.php(385): CodeIgniter\CodeIgniter->tryToRouteIt(Object(CodeIgniter\Router\RouteCollection))
#3 /home/interne1/public_html/mymisdiagnosis/system/CodeIgniter.php(333): CodeIgniter\CodeIgniter->handleRequest(NULL, Object(Config\Cache), false)
#4 /home/interne1/public_html/mymisdiagnosis/public/index.php(44): CodeIgniter\CodeIgniter->run()
#5 {main}
CRITICAL - 2021-04-26 20:20:39 --> Undefined property: stdClass::$data
#0 /home/interne1/public_html/mymisdiagnosis/app/Controllers/Product.php(170): CodeIgniter\Debug\Exceptions->errorHandler(8, 'Undefined prope...', '/home/interne1/...', 170, Array)
#1 [internal function]: App\Controllers\Product->check_if_user(Object(stdClass))
#2 /home/interne1/public_html/mymisdiagnosis/app/Libraries/GroceryCrud.php(1245): call_user_func(Array, Object(stdClass))
#3 /home/interne1/public_html/mymisdiagnosis/app/Libraries/GroceryCrud.php(4544): App\Libraries\grocery_CRUD_Model_Driver->db_delete(Object(stdClass))
#4 /home/interne1/public_html/mymisdiagnosis/app/Controllers/Product.php(148): App\Libraries\GroceryCrud->render()
#5 /home/interne1/public_html/mymisdiagnosis/system/CodeIgniter.php(936): App\Controllers\Product->packs('delete', '6')
#6 /home/interne1/public_html/mymisdiagnosis/system/CodeIgniter.php(432): CodeIgniter\CodeIgniter->runController(Object(App\Controllers\Product))
#7 /home/interne1/public_html/mymisdiagnosis/system/CodeIgniter.php(333): CodeIgniter\CodeIgniter->handleRequest(NULL, Object(Config\Cache), false)
#8 /home/interne1/public_html/mymisdiagnosis/public/index.php(44): CodeIgniter\CodeIgniter->run()
#9 {main}
CRITICAL - 2021-04-26 20:20:59 --> Undefined property: stdClass::$data
#0 /home/interne1/public_html/mymisdiagnosis/app/Controllers/Product.php(170): CodeIgniter\Debug\Exceptions->errorHandler(8, 'Undefined prope...', '/home/interne1/...', 170, Array)
#1 [internal function]: App\Controllers\Product->check_if_user(Object(stdClass))
#2 /home/interne1/public_html/mymisdiagnosis/app/Libraries/GroceryCrud.php(1245): call_user_func(Array, Object(stdClass))
#3 /home/interne1/public_html/mymisdiagnosis/app/Libraries/GroceryCrud.php(4544): App\Libraries\grocery_CRUD_Model_Driver->db_delete(Object(stdClass))
#4 /home/interne1/public_html/mymisdiagnosis/app/Controllers/Product.php(148): App\Libraries\GroceryCrud->render()
#5 /home/interne1/public_html/mymisdiagnosis/system/CodeIgniter.php(936): App\Controllers\Product->packs('delete', '6')
#6 /home/interne1/public_html/mymisdiagnosis/system/CodeIgniter.php(432): CodeIgniter\CodeIgniter->runController(Object(App\Controllers\Product))
#7 /home/interne1/public_html/mymisdiagnosis/system/CodeIgniter.php(333): CodeIgniter\CodeIgniter->handleRequest(NULL, Object(Config\Cache), false)
#8 /home/interne1/public_html/mymisdiagnosis/public/index.php(44): CodeIgniter\CodeIgniter->run()
#9 {main}
CRITICAL - 2021-04-26 20:28:50 --> syntax error, unexpected '}'
#0 /home/interne1/public_html/mymisdiagnosis/system/Router/Router.php(170): CodeIgniter\Router\Router->autoRoute('product/packs')
#1 /home/interne1/public_html/mymisdiagnosis/system/CodeIgniter.php(816): CodeIgniter\Router\Router->handle('product/packs')
#2 /home/interne1/public_html/mymisdiagnosis/system/CodeIgniter.php(385): CodeIgniter\CodeIgniter->tryToRouteIt(Object(CodeIgniter\Router\RouteCollection))
#3 /home/interne1/public_html/mymisdiagnosis/system/CodeIgniter.php(333): CodeIgniter\CodeIgniter->handleRequest(NULL, Object(Config\Cache), false)
#4 /home/interne1/public_html/mymisdiagnosis/public/index.php(44): CodeIgniter\CodeIgniter->run()
#5 {main}
CRITICAL - 2021-04-26 20:29:48 --> This user is not allowed to do this operation
#0 /home/interne1/public_html/mymisdiagnosis/app/Controllers/Product.php(150): App\Libraries\GroceryCrud->render()
#1 /home/interne1/public_html/mymisdiagnosis/system/CodeIgniter.php(936): App\Controllers\Product->packs('delete', '3')
#2 /home/interne1/public_html/mymisdiagnosis/system/CodeIgniter.php(432): CodeIgniter\CodeIgniter->runController(Object(App\Controllers\Product))
#3 /home/interne1/public_html/mymisdiagnosis/system/CodeIgniter.php(333): CodeIgniter\CodeIgniter->handleRequest(NULL, Object(Config\Cache), false)
#4 /home/interne1/public_html/mymisdiagnosis/public/index.php(44): CodeIgniter\CodeIgniter->run()
#5 {main}
CRITICAL - 2021-04-26 20:32:44 --> Undefined variable: crud
#0 /home/interne1/public_html/mymisdiagnosis/app/Controllers/Product.php(172): CodeIgniter\Debug\Exceptions->errorHandler(8, 'Undefined varia...', '/home/interne1/...', 172, Array)
#1 [internal function]: App\Controllers\Product->check_if_user(Object(stdClass))
#2 /home/interne1/public_html/mymisdiagnosis/app/Libraries/GroceryCrud.php(1245): call_user_func(Array, Object(stdClass))
#3 /home/interne1/public_html/mymisdiagnosis/app/Libraries/GroceryCrud.php(4544): App\Libraries\grocery_CRUD_Model_Driver->db_delete(Object(stdClass))
#4 /home/interne1/public_html/mymisdiagnosis/app/Controllers/Product.php(150): App\Libraries\GroceryCrud->render()
#5 /home/interne1/public_html/mymisdiagnosis/system/CodeIgniter.php(936): App\Controllers\Product->packs('delete', '3')
#6 /home/interne1/public_html/mymisdiagnosis/system/CodeIgniter.php(432): CodeIgniter\CodeIgniter->runController(Object(App\Controllers\Product))
#7 /home/interne1/public_html/mymisdiagnosis/system/CodeIgniter.php(333): CodeIgniter\CodeIgniter->handleRequest(NULL, Object(Config\Cache), false)
#8 /home/interne1/public_html/mymisdiagnosis/public/index.php(44): CodeIgniter\CodeIgniter->run()
#9 {main}
CRITICAL - 2021-04-26 20:45:27 --> This user is not allowed to do this operation
#0 /home/interne1/public_html/mymisdiagnosis/app/Controllers/Product.php(154): App\Libraries\GroceryCrud->render()
#1 /home/interne1/public_html/mymisdiagnosis/system/CodeIgniter.php(936): App\Controllers\Product->packs('delete', '6')
#2 /home/interne1/public_html/mymisdiagnosis/system/CodeIgniter.php(432): CodeIgniter\CodeIgniter->runController(Object(App\Controllers\Product))
#3 /home/interne1/public_html/mymisdiagnosis/system/CodeIgniter.php(333): CodeIgniter\CodeIgniter->handleRequest(NULL, Object(Config\Cache), false)
#4 /home/interne1/public_html/mymisdiagnosis/public/index.php(44): CodeIgniter\CodeIgniter->run()
#5 {main}
CRITICAL - 2021-04-26 20:49:55 --> Undefined property: stdClass::$pack_user_id
#0 /home/interne1/public_html/mymisdiagnosis/app/Controllers/Product.php(257): CodeIgniter\Debug\Exceptions->errorHandler(8, 'Undefined prope...', '/home/interne1/...', 257, Array)
#1 /home/interne1/public_html/mymisdiagnosis/system/CodeIgniter.php(936): App\Controllers\Product->cards('delete', '5')
#2 /home/interne1/public_html/mymisdiagnosis/system/CodeIgniter.php(432): CodeIgniter\CodeIgniter->runController(Object(App\Controllers\Product))
#3 /home/interne1/public_html/mymisdiagnosis/system/CodeIgniter.php(333): CodeIgniter\CodeIgniter->handleRequest(NULL, Object(Config\Cache), false)
#4 /home/interne1/public_html/mymisdiagnosis/public/index.php(44): CodeIgniter\CodeIgniter->run()
#5 {main}
