INFO - 2021-12-22 08:25:51 --> Session: Class initialized using 'CodeIgniter\Session\Handlers\FileHandler' driver.
INFO - 2021-12-22 08:25:54 --> Session: Class initialized using 'CodeIgniter\Session\Handlers\FileHandler' driver.
WARNING - 2021-12-22 08:25:54 --> Session: Sessions is enabled, and one exists.Please don't $session->start();
INFO - 2021-12-22 08:26:12 --> Session: Class initialized using 'CodeIgniter\Session\Handlers\FileHandler' driver.
WARNING - 2021-12-22 08:26:12 --> Session: Sessions is enabled, and one exists.Please don't $session->start();
INFO - 2021-12-22 08:28:00 --> Session: Class initialized using 'CodeIgniter\Session\Handlers\FileHandler' driver.
WARNING - 2021-12-22 08:28:00 --> Session: Sessions is enabled, and one exists.Please don't $session->start();
INFO - 2021-12-22 08:28:17 --> Session: Class initialized using 'CodeIgniter\Session\Handlers\FileHandler' driver.
WARNING - 2021-12-22 08:28:17 --> Session: Sessions is enabled, and one exists.Please don't $session->start();
INFO - 2021-12-22 08:33:24 --> Session: Class initialized using 'CodeIgniter\Session\Handlers\FileHandler' driver.
INFO - 2021-12-22 08:33:28 --> Session: Class initialized using 'CodeIgniter\Session\Handlers\FileHandler' driver.
WARNING - 2021-12-22 08:33:28 --> Session: Sessions is enabled, and one exists.Please don't $session->start();
CRITICAL - 2021-12-22 08:38:16 --> syntax error, unexpected '}', expecting ';' or '{'
#0 /var/www/html/mymisdiagnosis/system/Autoloader/Autoloader.php(265): CodeIgniter\Autoloader\Autoloader->includeFile('/var/www/html/m...')
#1 /var/www/html/mymisdiagnosis/system/Autoloader/Autoloader.php(228): CodeIgniter\Autoloader\Autoloader->loadInNamespace('App\\Controllers...')
#2 [internal function]: CodeIgniter\Autoloader\Autoloader->loadClass('App\\Controllers...')
#3 [internal function]: spl_autoload_call('App\\Controllers...')
#4 /var/www/html/mymisdiagnosis/system/CodeIgniter.php(893): class_exists('\\App\\Controller...', true)
#5 /var/www/html/mymisdiagnosis/system/CodeIgniter.php(417): CodeIgniter\CodeIgniter->startController()
#6 /var/www/html/mymisdiagnosis/system/CodeIgniter.php(333): CodeIgniter\CodeIgniter->handleRequest(NULL, Object(Config\Cache), false)
#7 /var/www/html/mymisdiagnosis/index.php(44): CodeIgniter\CodeIgniter->run()
#8 {main}
CRITICAL - 2021-12-22 08:38:20 --> syntax error, unexpected '}', expecting ';' or '{'
#0 /var/www/html/mymisdiagnosis/system/Autoloader/Autoloader.php(265): CodeIgniter\Autoloader\Autoloader->includeFile('/var/www/html/m...')
#1 /var/www/html/mymisdiagnosis/system/Autoloader/Autoloader.php(228): CodeIgniter\Autoloader\Autoloader->loadInNamespace('App\\Controllers...')
#2 [internal function]: CodeIgniter\Autoloader\Autoloader->loadClass('App\\Controllers...')
#3 [internal function]: spl_autoload_call('App\\Controllers...')
#4 /var/www/html/mymisdiagnosis/system/CodeIgniter.php(893): class_exists('\\App\\Controller...', true)
#5 /var/www/html/mymisdiagnosis/system/CodeIgniter.php(417): CodeIgniter\CodeIgniter->startController()
#6 /var/www/html/mymisdiagnosis/system/CodeIgniter.php(333): CodeIgniter\CodeIgniter->handleRequest(NULL, Object(Config\Cache), false)
#7 /var/www/html/mymisdiagnosis/index.php(44): CodeIgniter\CodeIgniter->run()
#8 {main}
INFO - 2021-12-22 08:38:41 --> Session: Class initialized using 'CodeIgniter\Session\Handlers\FileHandler' driver.
WARNING - 2021-12-22 08:38:41 --> Session: Sessions is enabled, and one exists.Please don't $session->start();
INFO - 2021-12-22 08:39:14 --> Session: Class initialized using 'CodeIgniter\Session\Handlers\FileHandler' driver.
WARNING - 2021-12-22 08:39:14 --> Session: Sessions is enabled, and one exists.Please don't $session->start();
INFO - 2021-12-22 08:39:15 --> Session: Class initialized using 'CodeIgniter\Session\Handlers\FileHandler' driver.
WARNING - 2021-12-22 08:39:15 --> Session: Sessions is enabled, and one exists.Please don't $session->start();
CRITICAL - 2021-12-22 08:39:15 --> Undefined variable: model
#0 /var/www/html/mymisdiagnosis/app/Controllers/Post.php(77): CodeIgniter\Debug\Exceptions->errorHandler(8, 'Undefined varia...', '/var/www/html/m...', 77, Array)
#1 /var/www/html/mymisdiagnosis/system/CodeIgniter.php(936): App\Controllers\Post->display('123')
#2 /var/www/html/mymisdiagnosis/system/CodeIgniter.php(432): CodeIgniter\CodeIgniter->runController(Object(App\Controllers\Post))
#3 /var/www/html/mymisdiagnosis/system/CodeIgniter.php(333): CodeIgniter\CodeIgniter->handleRequest(NULL, Object(Config\Cache), false)
#4 /var/www/html/mymisdiagnosis/index.php(44): CodeIgniter\CodeIgniter->run()
#5 {main}
INFO - 2021-12-22 08:40:02 --> Session: Class initialized using 'CodeIgniter\Session\Handlers\FileHandler' driver.
WARNING - 2021-12-22 08:40:02 --> Session: Sessions is enabled, and one exists.Please don't $session->start();
CRITICAL - 2021-12-22 08:40:02 --> Undefined variable: post_model
#0 /var/www/html/mymisdiagnosis/app/Controllers/Post.php(77): CodeIgniter\Debug\Exceptions->errorHandler(8, 'Undefined varia...', '/var/www/html/m...', 77, Array)
#1 /var/www/html/mymisdiagnosis/system/CodeIgniter.php(936): App\Controllers\Post->display('123')
#2 /var/www/html/mymisdiagnosis/system/CodeIgniter.php(432): CodeIgniter\CodeIgniter->runController(Object(App\Controllers\Post))
#3 /var/www/html/mymisdiagnosis/system/CodeIgniter.php(333): CodeIgniter\CodeIgniter->handleRequest(NULL, Object(Config\Cache), false)
#4 /var/www/html/mymisdiagnosis/index.php(44): CodeIgniter\CodeIgniter->run()
#5 {main}
INFO - 2021-12-22 08:40:35 --> Session: Class initialized using 'CodeIgniter\Session\Handlers\FileHandler' driver.
WARNING - 2021-12-22 08:40:35 --> Session: Sessions is enabled, and one exists.Please don't $session->start();
INFO - 2021-12-22 08:41:11 --> Session: Class initialized using 'CodeIgniter\Session\Handlers\FileHandler' driver.
WARNING - 2021-12-22 08:41:11 --> Session: Sessions is enabled, and one exists.Please don't $session->start();
INFO - 2021-12-22 08:41:35 --> Session: Class initialized using 'CodeIgniter\Session\Handlers\FileHandler' driver.
WARNING - 2021-12-22 08:41:35 --> Session: Sessions is enabled, and one exists.Please don't $session->start();
CRITICAL - 2021-12-22 08:41:35 --> Undefined variable: meta_title
#0 /var/www/html/mymisdiagnosis/app/Views/auth_internetics/header.php(7): CodeIgniter\Debug\Exceptions->errorHandler(8, 'Undefined varia...', '/var/www/html/m...', 7, Array)
#1 /var/www/html/mymisdiagnosis/system/View/View.php(220): include('/var/www/html/m...')
#2 /var/www/html/mymisdiagnosis/system/View/View.php(222): CodeIgniter\View\View->CodeIgniter\View\{closure}()
#3 /var/www/html/mymisdiagnosis/system/Common.php(1217): CodeIgniter\View\View->render('auth_internetic...', Array, true)
#4 /var/www/html/mymisdiagnosis/app/Controllers/Post.php(104): view('auth_internetic...', Array)
#5 /var/www/html/mymisdiagnosis/system/CodeIgniter.php(936): App\Controllers\Post->display('how-to-use-this...')
#6 /var/www/html/mymisdiagnosis/system/CodeIgniter.php(432): CodeIgniter\CodeIgniter->runController(Object(App\Controllers\Post))
#7 /var/www/html/mymisdiagnosis/system/CodeIgniter.php(333): CodeIgniter\CodeIgniter->handleRequest(NULL, Object(Config\Cache), false)
#8 /var/www/html/mymisdiagnosis/index.php(44): CodeIgniter\CodeIgniter->run()
#9 {main}
INFO - 2021-12-22 08:42:03 --> Session: Class initialized using 'CodeIgniter\Session\Handlers\FileHandler' driver.
WARNING - 2021-12-22 08:42:03 --> Session: Sessions is enabled, and one exists.Please don't $session->start();
CRITICAL - 2021-12-22 08:42:03 --> Undefined variable: meta_title
#0 /var/www/html/mymisdiagnosis/app/Views/auth_internetics/header.php(7): CodeIgniter\Debug\Exceptions->errorHandler(8, 'Undefined varia...', '/var/www/html/m...', 7, Array)
#1 /var/www/html/mymisdiagnosis/system/View/View.php(220): include('/var/www/html/m...')
#2 /var/www/html/mymisdiagnosis/system/View/View.php(222): CodeIgniter\View\View->CodeIgniter\View\{closure}()
#3 /var/www/html/mymisdiagnosis/system/Common.php(1217): CodeIgniter\View\View->render('auth_internetic...', Array, true)
#4 /var/www/html/mymisdiagnosis/app/Controllers/Post.php(104): view('auth_internetic...', Array)
#5 /var/www/html/mymisdiagnosis/system/CodeIgniter.php(936): App\Controllers\Post->display('how-to-use-this...')
#6 /var/www/html/mymisdiagnosis/system/CodeIgniter.php(432): CodeIgniter\CodeIgniter->runController(Object(App\Controllers\Post))
#7 /var/www/html/mymisdiagnosis/system/CodeIgniter.php(333): CodeIgniter\CodeIgniter->handleRequest(NULL, Object(Config\Cache), false)
#8 /var/www/html/mymisdiagnosis/index.php(44): CodeIgniter\CodeIgniter->run()
#9 {main}
INFO - 2021-12-22 08:42:09 --> Session: Class initialized using 'CodeIgniter\Session\Handlers\FileHandler' driver.
WARNING - 2021-12-22 08:42:09 --> Session: Sessions is enabled, and one exists.Please don't $session->start();
CRITICAL - 2021-12-22 08:42:09 --> Undefined variable: meta_title
#0 /var/www/html/mymisdiagnosis/app/Views/auth_internetics/header.php(7): CodeIgniter\Debug\Exceptions->errorHandler(8, 'Undefined varia...', '/var/www/html/m...', 7, Array)
#1 /var/www/html/mymisdiagnosis/system/View/View.php(220): include('/var/www/html/m...')
#2 /var/www/html/mymisdiagnosis/system/View/View.php(222): CodeIgniter\View\View->CodeIgniter\View\{closure}()
#3 /var/www/html/mymisdiagnosis/system/Common.php(1217): CodeIgniter\View\View->render('auth_internetic...', Array, true)
#4 /var/www/html/mymisdiagnosis/app/Controllers/Post.php(104): view('auth_internetic...', Array)
#5 /var/www/html/mymisdiagnosis/system/CodeIgniter.php(936): App\Controllers\Post->display('how-to-use-this...')
#6 /var/www/html/mymisdiagnosis/system/CodeIgniter.php(432): CodeIgniter\CodeIgniter->runController(Object(App\Controllers\Post))
#7 /var/www/html/mymisdiagnosis/system/CodeIgniter.php(333): CodeIgniter\CodeIgniter->handleRequest(NULL, Object(Config\Cache), false)
#8 /var/www/html/mymisdiagnosis/index.php(44): CodeIgniter\CodeIgniter->run()
#9 {main}
INFO - 2021-12-22 08:44:28 --> Session: Class initialized using 'CodeIgniter\Session\Handlers\FileHandler' driver.
WARNING - 2021-12-22 08:44:28 --> Session: Sessions is enabled, and one exists.Please don't $session->start();
CRITICAL - 2021-12-22 08:44:28 --> Undefined variable: meta_title
#0 /var/www/html/mymisdiagnosis/app/Views/auth_internetics/header.php(7): CodeIgniter\Debug\Exceptions->errorHandler(8, 'Undefined varia...', '/var/www/html/m...', 7, Array)
#1 /var/www/html/mymisdiagnosis/system/View/View.php(220): include('/var/www/html/m...')
#2 /var/www/html/mymisdiagnosis/system/View/View.php(222): CodeIgniter\View\View->CodeIgniter\View\{closure}()
#3 /var/www/html/mymisdiagnosis/system/Common.php(1217): CodeIgniter\View\View->render('auth_internetic...', Array, true)
#4 /var/www/html/mymisdiagnosis/app/Controllers/Post.php(104): view('auth_internetic...', Array)
#5 /var/www/html/mymisdiagnosis/system/CodeIgniter.php(936): App\Controllers\Post->display('how-to-use-this...')
#6 /var/www/html/mymisdiagnosis/system/CodeIgniter.php(432): CodeIgniter\CodeIgniter->runController(Object(App\Controllers\Post))
#7 /var/www/html/mymisdiagnosis/system/CodeIgniter.php(333): CodeIgniter\CodeIgniter->handleRequest(NULL, Object(Config\Cache), false)
#8 /var/www/html/mymisdiagnosis/index.php(44): CodeIgniter\CodeIgniter->run()
#9 {main}
INFO - 2021-12-22 08:59:57 --> Session: Class initialized using 'CodeIgniter\Session\Handlers\FileHandler' driver.
WARNING - 2021-12-22 08:59:57 --> Session: Sessions is enabled, and one exists.Please don't $session->start();
CRITICAL - 2021-12-22 08:59:57 --> Undefined variable: meta_title
#0 /var/www/html/mymisdiagnosis/app/Views/auth_internetics/header.php(7): CodeIgniter\Debug\Exceptions->errorHandler(8, 'Undefined varia...', '/var/www/html/m...', 7, Array)
#1 /var/www/html/mymisdiagnosis/system/View/View.php(220): include('/var/www/html/m...')
#2 /var/www/html/mymisdiagnosis/system/View/View.php(222): CodeIgniter\View\View->CodeIgniter\View\{closure}()
#3 /var/www/html/mymisdiagnosis/system/Common.php(1217): CodeIgniter\View\View->render('auth_internetic...', Array, true)
#4 /var/www/html/mymisdiagnosis/app/Controllers/Post.php(104): view('auth_internetic...', Array)
#5 /var/www/html/mymisdiagnosis/system/CodeIgniter.php(936): App\Controllers\Post->display('how-to-use-this...')
#6 /var/www/html/mymisdiagnosis/system/CodeIgniter.php(432): CodeIgniter\CodeIgniter->runController(Object(App\Controllers\Post))
#7 /var/www/html/mymisdiagnosis/system/CodeIgniter.php(333): CodeIgniter\CodeIgniter->handleRequest(NULL, Object(Config\Cache), false)
#8 /var/www/html/mymisdiagnosis/index.php(44): CodeIgniter\CodeIgniter->run()
#9 {main}
INFO - 2021-12-22 09:00:05 --> Session: Class initialized using 'CodeIgniter\Session\Handlers\FileHandler' driver.
WARNING - 2021-12-22 09:00:05 --> Session: Sessions is enabled, and one exists.Please don't $session->start();
INFO - 2021-12-22 09:00:07 --> Session: Class initialized using 'CodeIgniter\Session\Handlers\FileHandler' driver.
WARNING - 2021-12-22 09:00:07 --> Session: Sessions is enabled, and one exists.Please don't $session->start();
INFO - 2021-12-22 09:00:12 --> Session: Class initialized using 'CodeIgniter\Session\Handlers\FileHandler' driver.
WARNING - 2021-12-22 09:00:12 --> Session: Sessions is enabled, and one exists.Please don't $session->start();
CRITICAL - 2021-12-22 09:00:12 --> Undefined variable: meta_title
#0 /var/www/html/mymisdiagnosis/app/Views/auth_internetics/header.php(7): CodeIgniter\Debug\Exceptions->errorHandler(8, 'Undefined varia...', '/var/www/html/m...', 7, Array)
#1 /var/www/html/mymisdiagnosis/system/View/View.php(220): include('/var/www/html/m...')
#2 /var/www/html/mymisdiagnosis/system/View/View.php(222): CodeIgniter\View\View->CodeIgniter\View\{closure}()
#3 /var/www/html/mymisdiagnosis/system/Common.php(1217): CodeIgniter\View\View->render('auth_internetic...', Array, true)
#4 /var/www/html/mymisdiagnosis/app/Controllers/Post.php(104): view('auth_internetic...', Array)
#5 /var/www/html/mymisdiagnosis/system/CodeIgniter.php(936): App\Controllers\Post->display('how-to-use-this...')
#6 /var/www/html/mymisdiagnosis/system/CodeIgniter.php(432): CodeIgniter\CodeIgniter->runController(Object(App\Controllers\Post))
#7 /var/www/html/mymisdiagnosis/system/CodeIgniter.php(333): CodeIgniter\CodeIgniter->handleRequest(NULL, Object(Config\Cache), false)
#8 /var/www/html/mymisdiagnosis/index.php(44): CodeIgniter\CodeIgniter->run()
#9 {main}
INFO - 2021-12-22 09:01:25 --> Session: Class initialized using 'CodeIgniter\Session\Handlers\FileHandler' driver.
WARNING - 2021-12-22 09:01:25 --> Session: Sessions is enabled, and one exists.Please don't $session->start();
CRITICAL - 2021-12-22 09:01:25 --> Undefined variable: model
#0 /var/www/html/mymisdiagnosis/app/Controllers/Post.php(76): CodeIgniter\Debug\Exceptions->errorHandler(8, 'Undefined varia...', '/var/www/html/m...', 76, Array)
#1 /var/www/html/mymisdiagnosis/system/CodeIgniter.php(936): App\Controllers\Post->display('123')
#2 /var/www/html/mymisdiagnosis/system/CodeIgniter.php(432): CodeIgniter\CodeIgniter->runController(Object(App\Controllers\Post))
#3 /var/www/html/mymisdiagnosis/system/CodeIgniter.php(333): CodeIgniter\CodeIgniter->handleRequest(NULL, Object(Config\Cache), false)
#4 /var/www/html/mymisdiagnosis/index.php(44): CodeIgniter\CodeIgniter->run()
#5 {main}
INFO - 2021-12-22 09:01:47 --> Session: Class initialized using 'CodeIgniter\Session\Handlers\FileHandler' driver.
WARNING - 2021-12-22 09:01:47 --> Session: Sessions is enabled, and one exists.Please don't $session->start();
CRITICAL - 2021-12-22 09:01:47 --> Undefined variable: post_model
#0 /var/www/html/mymisdiagnosis/app/Controllers/Post.php(76): CodeIgniter\Debug\Exceptions->errorHandler(8, 'Undefined varia...', '/var/www/html/m...', 76, Array)
#1 /var/www/html/mymisdiagnosis/system/CodeIgniter.php(936): App\Controllers\Post->display('123')
#2 /var/www/html/mymisdiagnosis/system/CodeIgniter.php(432): CodeIgniter\CodeIgniter->runController(Object(App\Controllers\Post))
#3 /var/www/html/mymisdiagnosis/system/CodeIgniter.php(333): CodeIgniter\CodeIgniter->handleRequest(NULL, Object(Config\Cache), false)
#4 /var/www/html/mymisdiagnosis/index.php(44): CodeIgniter\CodeIgniter->run()
#5 {main}
INFO - 2021-12-22 09:02:30 --> Session: Class initialized using 'CodeIgniter\Session\Handlers\FileHandler' driver.
WARNING - 2021-12-22 09:02:30 --> Session: Sessions is enabled, and one exists.Please don't $session->start();
CRITICAL - 2021-12-22 09:02:30 --> You must set the database table to be used with your query.
#0 /var/www/html/mymisdiagnosis/system/Model.php(615): CodeIgniter\Database\BaseConnection->table(NULL)
#1 /var/www/html/mymisdiagnosis/system/Model.php(834): CodeIgniter\Model->builder()
#2 /var/www/html/mymisdiagnosis/app/Models/PostModel.php(24): CodeIgniter\Model->__call('where', Array)
#3 /var/www/html/mymisdiagnosis/app/Controllers/Post.php(94): App\Models\PostModel->getNews('123')
#4 /var/www/html/mymisdiagnosis/system/CodeIgniter.php(936): App\Controllers\Post->display('123')
#5 /var/www/html/mymisdiagnosis/system/CodeIgniter.php(432): CodeIgniter\CodeIgniter->runController(Object(App\Controllers\Post))
#6 /var/www/html/mymisdiagnosis/system/CodeIgniter.php(333): CodeIgniter\CodeIgniter->handleRequest(NULL, Object(Config\Cache), false)
#7 /var/www/html/mymisdiagnosis/index.php(44): CodeIgniter\CodeIgniter->run()
#8 {main}
INFO - 2021-12-22 09:03:04 --> Session: Class initialized using 'CodeIgniter\Session\Handlers\FileHandler' driver.
WARNING - 2021-12-22 09:03:04 --> Session: Sessions is enabled, and one exists.Please don't $session->start();
INFO - 2021-12-22 09:03:21 --> Session: Class initialized using 'CodeIgniter\Session\Handlers\FileHandler' driver.
WARNING - 2021-12-22 09:03:21 --> Session: Sessions is enabled, and one exists.Please don't $session->start();
CRITICAL - 2021-12-22 09:03:21 --> You must set the database table to be used with your query.
#0 /var/www/html/mymisdiagnosis/system/Model.php(615): CodeIgniter\Database\BaseConnection->table(NULL)
#1 /var/www/html/mymisdiagnosis/system/Model.php(834): CodeIgniter\Model->builder()
#2 /var/www/html/mymisdiagnosis/app/Models/PostModel.php(24): CodeIgniter\Model->__call('where', Array)
#3 /var/www/html/mymisdiagnosis/app/Controllers/Post.php(94): App\Models\PostModel->getNews('123')
#4 /var/www/html/mymisdiagnosis/system/CodeIgniter.php(936): App\Controllers\Post->display('123')
#5 /var/www/html/mymisdiagnosis/system/CodeIgniter.php(432): CodeIgniter\CodeIgniter->runController(Object(App\Controllers\Post))
#6 /var/www/html/mymisdiagnosis/system/CodeIgniter.php(333): CodeIgniter\CodeIgniter->handleRequest(NULL, Object(Config\Cache), false)
#7 /var/www/html/mymisdiagnosis/index.php(44): CodeIgniter\CodeIgniter->run()
#8 {main}
INFO - 2021-12-22 09:04:15 --> Session: Class initialized using 'CodeIgniter\Session\Handlers\FileHandler' driver.
WARNING - 2021-12-22 09:04:15 --> Session: Sessions is enabled, and one exists.Please don't $session->start();
CRITICAL - 2021-12-22 09:04:15 --> Call to a member function getNews() on array
#0 /var/www/html/mymisdiagnosis/system/CodeIgniter.php(936): App\Controllers\Post->display('123')
#1 /var/www/html/mymisdiagnosis/system/CodeIgniter.php(432): CodeIgniter\CodeIgniter->runController(Object(App\Controllers\Post))
#2 /var/www/html/mymisdiagnosis/system/CodeIgniter.php(333): CodeIgniter\CodeIgniter->handleRequest(NULL, Object(Config\Cache), false)
#3 /var/www/html/mymisdiagnosis/index.php(44): CodeIgniter\CodeIgniter->run()
#4 {main}
INFO - 2021-12-22 09:05:08 --> Session: Class initialized using 'CodeIgniter\Session\Handlers\FileHandler' driver.
WARNING - 2021-12-22 09:05:08 --> Session: Sessions is enabled, and one exists.Please don't $session->start();
CRITICAL - 2021-12-22 09:05:08 --> You must set the database table to be used with your query.
#0 /var/www/html/mymisdiagnosis/system/Model.php(615): CodeIgniter\Database\BaseConnection->table(NULL)
#1 /var/www/html/mymisdiagnosis/system/Model.php(834): CodeIgniter\Model->builder()
#2 /var/www/html/mymisdiagnosis/app/Models/PostModel.php(24): CodeIgniter\Model->__call('where', Array)
#3 /var/www/html/mymisdiagnosis/app/Controllers/Post.php(106): App\Models\PostModel->getNews('123')
#4 /var/www/html/mymisdiagnosis/system/CodeIgniter.php(936): App\Controllers\Post->display('123')
#5 /var/www/html/mymisdiagnosis/system/CodeIgniter.php(432): CodeIgniter\CodeIgniter->runController(Object(App\Controllers\Post))
#6 /var/www/html/mymisdiagnosis/system/CodeIgniter.php(333): CodeIgniter\CodeIgniter->handleRequest(NULL, Object(Config\Cache), false)
#7 /var/www/html/mymisdiagnosis/index.php(44): CodeIgniter\CodeIgniter->run()
#8 {main}
INFO - 2021-12-22 09:06:22 --> Session: Class initialized using 'CodeIgniter\Session\Handlers\FileHandler' driver.
WARNING - 2021-12-22 09:06:22 --> Session: Sessions is enabled, and one exists.Please don't $session->start();
INFO - 2021-12-22 09:10:27 --> Session: Class initialized using 'CodeIgniter\Session\Handlers\FileHandler' driver.
WARNING - 2021-12-22 09:10:27 --> Session: Sessions is enabled, and one exists.Please don't $session->start();
INFO - 2021-12-22 09:10:30 --> Session: Class initialized using 'CodeIgniter\Session\Handlers\FileHandler' driver.
WARNING - 2021-12-22 09:10:30 --> Session: Sessions is enabled, and one exists.Please don't $session->start();
INFO - 2021-12-22 09:10:32 --> Session: Class initialized using 'CodeIgniter\Session\Handlers\FileHandler' driver.
WARNING - 2021-12-22 09:10:32 --> Session: Sessions is enabled, and one exists.Please don't $session->start();
INFO - 2021-12-22 09:10:37 --> Session: Class initialized using 'CodeIgniter\Session\Handlers\FileHandler' driver.
WARNING - 2021-12-22 09:10:37 --> Session: Sessions is enabled, and one exists.Please don't $session->start();
INFO - 2021-12-22 09:12:33 --> Session: Class initialized using 'CodeIgniter\Session\Handlers\FileHandler' driver.
WARNING - 2021-12-22 09:12:33 --> Session: Sessions is enabled, and one exists.Please don't $session->start();
INFO - 2021-12-22 09:15:46 --> Session: Class initialized using 'CodeIgniter\Session\Handlers\FileHandler' driver.
WARNING - 2021-12-22 09:15:46 --> Session: Sessions is enabled, and one exists.Please don't $session->start();
INFO - 2021-12-22 09:16:23 --> Session: Class initialized using 'CodeIgniter\Session\Handlers\FileHandler' driver.
WARNING - 2021-12-22 09:16:23 --> Session: Sessions is enabled, and one exists.Please don't $session->start();
INFO - 2021-12-22 09:17:09 --> Session: Class initialized using 'CodeIgniter\Session\Handlers\FileHandler' driver.
WARNING - 2021-12-22 09:17:09 --> Session: Sessions is enabled, and one exists.Please don't $session->start();
INFO - 2021-12-22 09:17:12 --> Session: Class initialized using 'CodeIgniter\Session\Handlers\FileHandler' driver.
WARNING - 2021-12-22 09:17:12 --> Session: Sessions is enabled, and one exists.Please don't $session->start();
INFO - 2021-12-22 09:17:24 --> Session: Class initialized using 'CodeIgniter\Session\Handlers\FileHandler' driver.
WARNING - 2021-12-22 09:17:24 --> Session: Sessions is enabled, and one exists.Please don't $session->start();
INFO - 2021-12-22 09:17:59 --> Session: Class initialized using 'CodeIgniter\Session\Handlers\FileHandler' driver.
WARNING - 2021-12-22 09:17:59 --> Session: Sessions is enabled, and one exists.Please don't $session->start();
CRITICAL - 2021-12-22 09:17:59 --> Undefined variable: meta_title
#0 /var/www/html/mymisdiagnosis/app/Views/auth_internetics/header.php(7): CodeIgniter\Debug\Exceptions->errorHandler(8, 'Undefined varia...', '/var/www/html/m...', 7, Array)
#1 /var/www/html/mymisdiagnosis/system/View/View.php(220): include('/var/www/html/m...')
#2 /var/www/html/mymisdiagnosis/system/View/View.php(222): CodeIgniter\View\View->CodeIgniter\View\{closure}()
#3 /var/www/html/mymisdiagnosis/system/Common.php(1217): CodeIgniter\View\View->render('auth_internetic...', Array, true)
#4 /var/www/html/mymisdiagnosis/app/Controllers/Post.php(108): view('auth_internetic...', Array)
#5 /var/www/html/mymisdiagnosis/system/CodeIgniter.php(936): App\Controllers\Post->display('$1')
#6 /var/www/html/mymisdiagnosis/system/CodeIgniter.php(432): CodeIgniter\CodeIgniter->runController(Object(App\Controllers\Post))
#7 /var/www/html/mymisdiagnosis/system/CodeIgniter.php(333): CodeIgniter\CodeIgniter->handleRequest(NULL, Object(Config\Cache), false)
#8 /var/www/html/mymisdiagnosis/index.php(44): CodeIgniter\CodeIgniter->run()
#9 {main}
INFO - 2021-12-22 09:18:21 --> Session: Class initialized using 'CodeIgniter\Session\Handlers\FileHandler' driver.
WARNING - 2021-12-22 09:18:21 --> Session: Sessions is enabled, and one exists.Please don't $session->start();
INFO - 2021-12-22 09:37:08 --> Session: Class initialized using 'CodeIgniter\Session\Handlers\FileHandler' driver.
INFO - 2021-12-22 09:37:11 --> Session: Class initialized using 'CodeIgniter\Session\Handlers\FileHandler' driver.
WARNING - 2021-12-22 09:37:11 --> Session: Sessions is enabled, and one exists.Please don't $session->start();
INFO - 2021-12-22 09:38:21 --> Session: Class initialized using 'CodeIgniter\Session\Handlers\FileHandler' driver.
INFO - 2021-12-22 09:38:27 --> Session: Class initialized using 'CodeIgniter\Session\Handlers\FileHandler' driver.
INFO - 2021-12-22 09:38:28 --> Session: Class initialized using 'CodeIgniter\Session\Handlers\FileHandler' driver.
INFO - 2021-12-22 09:38:33 --> Session: Class initialized using 'CodeIgniter\Session\Handlers\FileHandler' driver.
INFO - 2021-12-22 09:38:34 --> Session: Class initialized using 'CodeIgniter\Session\Handlers\FileHandler' driver.
INFO - 2021-12-22 09:38:34 --> Session: Class initialized using 'CodeIgniter\Session\Handlers\FileHandler' driver.
INFO - 2021-12-22 09:38:36 --> Session: Class initialized using 'CodeIgniter\Session\Handlers\FileHandler' driver.
WARNING - 2021-12-22 09:38:36 --> Session: Sessions is enabled, and one exists.Please don't $session->start();
INFO - 2021-12-22 09:38:41 --> Session: Class initialized using 'CodeIgniter\Session\Handlers\FileHandler' driver.
INFO - 2021-12-22 09:38:41 --> Session: Class initialized using 'CodeIgniter\Session\Handlers\FileHandler' driver.
INFO - 2021-12-22 09:38:42 --> Session: Class initialized using 'CodeIgniter\Session\Handlers\FileHandler' driver.
INFO - 2021-12-22 09:38:42 --> Session: Class initialized using 'CodeIgniter\Session\Handlers\FileHandler' driver.
INFO - 2021-12-22 09:38:42 --> Session: Class initialized using 'CodeIgniter\Session\Handlers\FileHandler' driver.
INFO - 2021-12-22 09:38:49 --> Session: Class initialized using 'CodeIgniter\Session\Handlers\FileHandler' driver.
INFO - 2021-12-22 09:39:04 --> Session: Class initialized using 'CodeIgniter\Session\Handlers\FileHandler' driver.
INFO - 2021-12-22 09:39:05 --> Session: Class initialized using 'CodeIgniter\Session\Handlers\FileHandler' driver.
INFO - 2021-12-22 09:39:05 --> Session: Class initialized using 'CodeIgniter\Session\Handlers\FileHandler' driver.
INFO - 2021-12-22 09:40:05 --> Session: Class initialized using 'CodeIgniter\Session\Handlers\FileHandler' driver.
WARNING - 2021-12-22 09:40:05 --> Session: Sessions is enabled, and one exists.Please don't $session->start();
INFO - 2021-12-22 09:40:05 --> Session: Class initialized using 'CodeIgniter\Session\Handlers\FileHandler' driver.
WARNING - 2021-12-22 09:40:05 --> Session: Sessions is enabled, and one exists.Please don't $session->start();
INFO - 2021-12-22 09:40:06 --> Session: Class initialized using 'CodeIgniter\Session\Handlers\FileHandler' driver.
WARNING - 2021-12-22 09:40:06 --> Session: Sessions is enabled, and one exists.Please don't $session->start();
INFO - 2021-12-22 09:40:19 --> Session: Class initialized using 'CodeIgniter\Session\Handlers\FileHandler' driver.
WARNING - 2021-12-22 09:40:19 --> Session: Sessions is enabled, and one exists.Please don't $session->start();
INFO - 2021-12-22 09:40:20 --> Session: Class initialized using 'CodeIgniter\Session\Handlers\FileHandler' driver.
WARNING - 2021-12-22 09:40:20 --> Session: Sessions is enabled, and one exists.Please don't $session->start();
INFO - 2021-12-22 09:40:23 --> Session: Class initialized using 'CodeIgniter\Session\Handlers\FileHandler' driver.
WARNING - 2021-12-22 09:40:23 --> Session: Sessions is enabled, and one exists.Please don't $session->start();
INFO - 2021-12-22 09:42:38 --> Session: Class initialized using 'CodeIgniter\Session\Handlers\FileHandler' driver.
WARNING - 2021-12-22 09:42:38 --> Session: Sessions is enabled, and one exists.Please don't $session->start();
INFO - 2021-12-22 09:44:31 --> Session: Class initialized using 'CodeIgniter\Session\Handlers\FileHandler' driver.
WARNING - 2021-12-22 09:44:31 --> Session: Sessions is enabled, and one exists.Please don't $session->start();
INFO - 2021-12-22 09:44:36 --> Session: Class initialized using 'CodeIgniter\Session\Handlers\FileHandler' driver.
WARNING - 2021-12-22 09:44:36 --> Session: Sessions is enabled, and one exists.Please don't $session->start();
INFO - 2021-12-22 09:44:38 --> Session: Class initialized using 'CodeIgniter\Session\Handlers\FileHandler' driver.
WARNING - 2021-12-22 09:44:38 --> Session: Sessions is enabled, and one exists.Please don't $session->start();
INFO - 2021-12-22 09:44:40 --> Session: Class initialized using 'CodeIgniter\Session\Handlers\FileHandler' driver.
WARNING - 2021-12-22 09:44:40 --> Session: Sessions is enabled, and one exists.Please don't $session->start();
INFO - 2021-12-22 09:44:41 --> Session: Class initialized using 'CodeIgniter\Session\Handlers\FileHandler' driver.
WARNING - 2021-12-22 09:44:41 --> Session: Sessions is enabled, and one exists.Please don't $session->start();
INFO - 2021-12-22 09:46:35 --> Session: Class initialized using 'CodeIgniter\Session\Handlers\FileHandler' driver.
WARNING - 2021-12-22 09:46:35 --> Session: Sessions is enabled, and one exists.Please don't $session->start();
INFO - 2021-12-22 09:46:48 --> Session: Class initialized using 'CodeIgniter\Session\Handlers\FileHandler' driver.
WARNING - 2021-12-22 09:46:48 --> Session: Sessions is enabled, and one exists.Please don't $session->start();
INFO - 2021-12-22 09:46:49 --> Session: Class initialized using 'CodeIgniter\Session\Handlers\FileHandler' driver.
WARNING - 2021-12-22 09:46:49 --> Session: Sessions is enabled, and one exists.Please don't $session->start();
INFO - 2021-12-22 09:46:50 --> Session: Class initialized using 'CodeIgniter\Session\Handlers\FileHandler' driver.
WARNING - 2021-12-22 09:46:50 --> Session: Sessions is enabled, and one exists.Please don't $session->start();
INFO - 2021-12-22 09:46:52 --> Session: Class initialized using 'CodeIgniter\Session\Handlers\FileHandler' driver.
WARNING - 2021-12-22 09:46:52 --> Session: Sessions is enabled, and one exists.Please don't $session->start();
INFO - 2021-12-22 09:47:01 --> Session: Class initialized using 'CodeIgniter\Session\Handlers\FileHandler' driver.
WARNING - 2021-12-22 09:47:01 --> Session: Sessions is enabled, and one exists.Please don't $session->start();
INFO - 2021-12-22 09:47:02 --> Session: Class initialized using 'CodeIgniter\Session\Handlers\FileHandler' driver.
WARNING - 2021-12-22 09:47:02 --> Session: Sessions is enabled, and one exists.Please don't $session->start();
INFO - 2021-12-22 09:47:02 --> Session: Class initialized using 'CodeIgniter\Session\Handlers\FileHandler' driver.
WARNING - 2021-12-22 09:47:02 --> Session: Sessions is enabled, and one exists.Please don't $session->start();
INFO - 2021-12-22 09:47:48 --> Session: Class initialized using 'CodeIgniter\Session\Handlers\FileHandler' driver.
WARNING - 2021-12-22 09:47:48 --> Session: Sessions is enabled, and one exists.Please don't $session->start();
INFO - 2021-12-22 09:48:23 --> Session: Class initialized using 'CodeIgniter\Session\Handlers\FileHandler' driver.
WARNING - 2021-12-22 09:48:23 --> Session: Sessions is enabled, and one exists.Please don't $session->start();
INFO - 2021-12-22 09:50:37 --> Session: Class initialized using 'CodeIgniter\Session\Handlers\FileHandler' driver.
WARNING - 2021-12-22 09:50:37 --> Session: Sessions is enabled, and one exists.Please don't $session->start();
INFO - 2021-12-22 09:50:59 --> Session: Class initialized using 'CodeIgniter\Session\Handlers\FileHandler' driver.
WARNING - 2021-12-22 09:50:59 --> Session: Sessions is enabled, and one exists.Please don't $session->start();
INFO - 2021-12-22 09:52:32 --> Session: Class initialized using 'CodeIgniter\Session\Handlers\FileHandler' driver.
WARNING - 2021-12-22 09:52:32 --> Session: Sessions is enabled, and one exists.Please don't $session->start();
INFO - 2021-12-22 09:52:35 --> Session: Class initialized using 'CodeIgniter\Session\Handlers\FileHandler' driver.
WARNING - 2021-12-22 09:52:35 --> Session: Sessions is enabled, and one exists.Please don't $session->start();
INFO - 2021-12-22 09:52:39 --> Session: Class initialized using 'CodeIgniter\Session\Handlers\FileHandler' driver.
WARNING - 2021-12-22 09:52:39 --> Session: Sessions is enabled, and one exists.Please don't $session->start();
INFO - 2021-12-22 09:54:53 --> Session: Class initialized using 'CodeIgniter\Session\Handlers\FileHandler' driver.
WARNING - 2021-12-22 09:54:54 --> Session: Sessions is enabled, and one exists.Please don't $session->start();
CRITICAL - 2021-12-22 09:54:54 --> Undefined variable: meta_title
#0 /var/www/html/mymisdiagnosis/app/Views/auth_internetics/header.php(7): CodeIgniter\Debug\Exceptions->errorHandler(8, 'Undefined varia...', '/var/www/html/m...', 7, Array)
#1 /var/www/html/mymisdiagnosis/system/View/View.php(220): include('/var/www/html/m...')
#2 /var/www/html/mymisdiagnosis/system/View/View.php(222): CodeIgniter\View\View->CodeIgniter\View\{closure}()
#3 /var/www/html/mymisdiagnosis/system/Common.php(1217): CodeIgniter\View\View->render('auth_internetic...', Array, true)
#4 /var/www/html/mymisdiagnosis/app/Controllers/Post.php(108): view('auth_internetic...', Array)
#5 /var/www/html/mymisdiagnosis/system/CodeIgniter.php(936): App\Controllers\Post->display('123')
#6 /var/www/html/mymisdiagnosis/system/CodeIgniter.php(432): CodeIgniter\CodeIgniter->runController(Object(App\Controllers\Post))
#7 /var/www/html/mymisdiagnosis/system/CodeIgniter.php(333): CodeIgniter\CodeIgniter->handleRequest(NULL, Object(Config\Cache), false)
#8 /var/www/html/mymisdiagnosis/index.php(44): CodeIgniter\CodeIgniter->run()
#9 {main}
INFO - 2021-12-22 09:55:07 --> Session: Class initialized using 'CodeIgniter\Session\Handlers\FileHandler' driver.
WARNING - 2021-12-22 09:55:07 --> Session: Sessions is enabled, and one exists.Please don't $session->start();
INFO - 2021-12-22 09:55:09 --> Session: Class initialized using 'CodeIgniter\Session\Handlers\FileHandler' driver.
WARNING - 2021-12-22 09:55:09 --> Session: Sessions is enabled, and one exists.Please don't $session->start();
INFO - 2021-12-22 09:55:10 --> Session: Class initialized using 'CodeIgniter\Session\Handlers\FileHandler' driver.
WARNING - 2021-12-22 09:55:10 --> Session: Sessions is enabled, and one exists.Please don't $session->start();
INFO - 2021-12-22 09:55:29 --> Session: Class initialized using 'CodeIgniter\Session\Handlers\FileHandler' driver.
INFO - 2021-12-22 09:55:43 --> Session: Class initialized using 'CodeIgniter\Session\Handlers\FileHandler' driver.
WARNING - 2021-12-22 09:55:43 --> Session: Sessions is enabled, and one exists.Please don't $session->start();
INFO - 2021-12-22 09:57:52 --> Session: Class initialized using 'CodeIgniter\Session\Handlers\FileHandler' driver.
WARNING - 2021-12-22 09:57:52 --> Session: Sessions is enabled, and one exists.Please don't $session->start();
INFO - 2021-12-22 09:58:50 --> Session: Class initialized using 'CodeIgniter\Session\Handlers\FileHandler' driver.
WARNING - 2021-12-22 09:58:50 --> Session: Sessions is enabled, and one exists.Please don't $session->start();
INFO - 2021-12-22 10:00:01 --> Session: Class initialized using 'CodeIgniter\Session\Handlers\FileHandler' driver.
WARNING - 2021-12-22 10:00:01 --> Session: Sessions is enabled, and one exists.Please don't $session->start();
INFO - 2021-12-22 10:00:18 --> Session: Class initialized using 'CodeIgniter\Session\Handlers\FileHandler' driver.
WARNING - 2021-12-22 10:00:18 --> Session: Sessions is enabled, and one exists.Please don't $session->start();
CRITICAL - 2021-12-22 10:00:18 --> Undefined variable: meta_title
#0 /var/www/html/mymisdiagnosis/app/Views/auth_internetics/header.php(7): CodeIgniter\Debug\Exceptions->errorHandler(8, 'Undefined varia...', '/var/www/html/m...', 7, Array)
#1 /var/www/html/mymisdiagnosis/system/View/View.php(220): include('/var/www/html/m...')
#2 /var/www/html/mymisdiagnosis/system/View/View.php(222): CodeIgniter\View\View->CodeIgniter\View\{closure}()
#3 /var/www/html/mymisdiagnosis/system/Common.php(1217): CodeIgniter\View\View->render('auth_internetic...', Array, true)
#4 /var/www/html/mymisdiagnosis/app/Controllers/Post.php(108): view('auth_internetic...', Array)
#5 /var/www/html/mymisdiagnosis/system/CodeIgniter.php(936): App\Controllers\Post->display('123')
#6 /var/www/html/mymisdiagnosis/system/CodeIgniter.php(432): CodeIgniter\CodeIgniter->runController(Object(App\Controllers\Post))
#7 /var/www/html/mymisdiagnosis/system/CodeIgniter.php(333): CodeIgniter\CodeIgniter->handleRequest(NULL, Object(Config\Cache), false)
#8 /var/www/html/mymisdiagnosis/index.php(44): CodeIgniter\CodeIgniter->run()
#9 {main}
INFO - 2021-12-22 10:00:25 --> Session: Class initialized using 'CodeIgniter\Session\Handlers\FileHandler' driver.
WARNING - 2021-12-22 10:00:25 --> Session: Sessions is enabled, and one exists.Please don't $session->start();
INFO - 2021-12-22 10:01:40 --> Session: Class initialized using 'CodeIgniter\Session\Handlers\FileHandler' driver.
WARNING - 2021-12-22 10:01:40 --> Session: Sessions is enabled, and one exists.Please don't $session->start();
INFO - 2021-12-22 10:02:56 --> Session: Class initialized using 'CodeIgniter\Session\Handlers\FileHandler' driver.
WARNING - 2021-12-22 10:02:56 --> Session: Sessions is enabled, and one exists.Please don't $session->start();
INFO - 2021-12-22 10:03:10 --> Session: Class initialized using 'CodeIgniter\Session\Handlers\FileHandler' driver.
WARNING - 2021-12-22 10:03:10 --> Session: Sessions is enabled, and one exists.Please don't $session->start();
CRITICAL - 2021-12-22 10:03:10 --> Undefined variable: slug
#0 /var/www/html/mymisdiagnosis/app/Controllers/Post.php(85): CodeIgniter\Debug\Exceptions->errorHandler(8, 'Undefined varia...', '/var/www/html/m...', 85, Array)
#1 /var/www/html/mymisdiagnosis/system/CodeIgniter.php(936): App\Controllers\Post->display('123')
#2 /var/www/html/mymisdiagnosis/system/CodeIgniter.php(432): CodeIgniter\CodeIgniter->runController(Object(App\Controllers\Post))
#3 /var/www/html/mymisdiagnosis/system/CodeIgniter.php(333): CodeIgniter\CodeIgniter->handleRequest(NULL, Object(Config\Cache), false)
#4 /var/www/html/mymisdiagnosis/index.php(44): CodeIgniter\CodeIgniter->run()
#5 {main}
INFO - 2021-12-22 10:03:15 --> Session: Class initialized using 'CodeIgniter\Session\Handlers\FileHandler' driver.
WARNING - 2021-12-22 10:03:15 --> Session: Sessions is enabled, and one exists.Please don't $session->start();
INFO - 2021-12-22 10:03:41 --> Session: Class initialized using 'CodeIgniter\Session\Handlers\FileHandler' driver.
WARNING - 2021-12-22 10:03:41 --> Session: Sessions is enabled, and one exists.Please don't $session->start();
CRITICAL - 2021-12-22 10:03:41 --> Undefined variable: meta_title
#0 /var/www/html/mymisdiagnosis/app/Views/auth_internetics/header.php(7): CodeIgniter\Debug\Exceptions->errorHandler(8, 'Undefined varia...', '/var/www/html/m...', 7, Array)
#1 /var/www/html/mymisdiagnosis/system/View/View.php(220): include('/var/www/html/m...')
#2 /var/www/html/mymisdiagnosis/system/View/View.php(222): CodeIgniter\View\View->CodeIgniter\View\{closure}()
#3 /var/www/html/mymisdiagnosis/system/Common.php(1217): CodeIgniter\View\View->render('auth_internetic...', Array, true)
#4 /var/www/html/mymisdiagnosis/app/Controllers/Post.php(109): view('auth_internetic...', Array)
#5 /var/www/html/mymisdiagnosis/system/CodeIgniter.php(936): App\Controllers\Post->display('123')
#6 /var/www/html/mymisdiagnosis/system/CodeIgniter.php(432): CodeIgniter\CodeIgniter->runController(Object(App\Controllers\Post))
#7 /var/www/html/mymisdiagnosis/system/CodeIgniter.php(333): CodeIgniter\CodeIgniter->handleRequest(NULL, Object(Config\Cache), false)
#8 /var/www/html/mymisdiagnosis/index.php(44): CodeIgniter\CodeIgniter->run()
#9 {main}
INFO - 2021-12-22 10:03:50 --> Session: Class initialized using 'CodeIgniter\Session\Handlers\FileHandler' driver.
WARNING - 2021-12-22 10:03:50 --> Session: Sessions is enabled, and one exists.Please don't $session->start();
CRITICAL - 2021-12-22 10:03:50 --> Undefined variable: meta_title
#0 /var/www/html/mymisdiagnosis/app/Views/auth_internetics/header.php(7): CodeIgniter\Debug\Exceptions->errorHandler(8, 'Undefined varia...', '/var/www/html/m...', 7, Array)
#1 /var/www/html/mymisdiagnosis/system/View/View.php(220): include('/var/www/html/m...')
#2 /var/www/html/mymisdiagnosis/system/View/View.php(222): CodeIgniter\View\View->CodeIgniter\View\{closure}()
#3 /var/www/html/mymisdiagnosis/system/Common.php(1217): CodeIgniter\View\View->render('auth_internetic...', Array, true)
#4 /var/www/html/mymisdiagnosis/app/Controllers/Post.php(109): view('auth_internetic...', Array)
#5 /var/www/html/mymisdiagnosis/system/CodeIgniter.php(936): App\Controllers\Post->display('123wqqwewe')
#6 /var/www/html/mymisdiagnosis/system/CodeIgniter.php(432): CodeIgniter\CodeIgniter->runController(Object(App\Controllers\Post))
#7 /var/www/html/mymisdiagnosis/system/CodeIgniter.php(333): CodeIgniter\CodeIgniter->handleRequest(NULL, Object(Config\Cache), false)
#8 /var/www/html/mymisdiagnosis/index.php(44): CodeIgniter\CodeIgniter->run()
#9 {main}
INFO - 2021-12-22 10:03:58 --> Session: Class initialized using 'CodeIgniter\Session\Handlers\FileHandler' driver.
WARNING - 2021-12-22 10:03:58 --> Session: Sessions is enabled, and one exists.Please don't $session->start();
INFO - 2021-12-22 10:04:01 --> Session: Class initialized using 'CodeIgniter\Session\Handlers\FileHandler' driver.
WARNING - 2021-12-22 10:04:01 --> Session: Sessions is enabled, and one exists.Please don't $session->start();
CRITICAL - 2021-12-22 10:04:01 --> Undefined variable: meta_title
#0 /var/www/html/mymisdiagnosis/app/Views/auth_internetics/header.php(7): CodeIgniter\Debug\Exceptions->errorHandler(8, 'Undefined varia...', '/var/www/html/m...', 7, Array)
#1 /var/www/html/mymisdiagnosis/system/View/View.php(220): include('/var/www/html/m...')
#2 /var/www/html/mymisdiagnosis/system/View/View.php(222): CodeIgniter\View\View->CodeIgniter\View\{closure}()
#3 /var/www/html/mymisdiagnosis/system/Common.php(1217): CodeIgniter\View\View->render('auth_internetic...', Array, true)
#4 /var/www/html/mymisdiagnosis/app/Controllers/Post.php(109): view('auth_internetic...', Array)
#5 /var/www/html/mymisdiagnosis/system/CodeIgniter.php(936): App\Controllers\Post->display('123')
#6 /var/www/html/mymisdiagnosis/system/CodeIgniter.php(432): CodeIgniter\CodeIgniter->runController(Object(App\Controllers\Post))
#7 /var/www/html/mymisdiagnosis/system/CodeIgniter.php(333): CodeIgniter\CodeIgniter->handleRequest(NULL, Object(Config\Cache), false)
#8 /var/www/html/mymisdiagnosis/index.php(44): CodeIgniter\CodeIgniter->run()
#9 {main}
INFO - 2021-12-22 10:04:03 --> Session: Class initialized using 'CodeIgniter\Session\Handlers\FileHandler' driver.
WARNING - 2021-12-22 10:04:03 --> Session: Sessions is enabled, and one exists.Please don't $session->start();
CRITICAL - 2021-12-22 10:04:03 --> Undefined variable: meta_title
#0 /var/www/html/mymisdiagnosis/app/Views/auth_internetics/header.php(7): CodeIgniter\Debug\Exceptions->errorHandler(8, 'Undefined varia...', '/var/www/html/m...', 7, Array)
#1 /var/www/html/mymisdiagnosis/system/View/View.php(220): include('/var/www/html/m...')
#2 /var/www/html/mymisdiagnosis/system/View/View.php(222): CodeIgniter\View\View->CodeIgniter\View\{closure}()
#3 /var/www/html/mymisdiagnosis/system/Common.php(1217): CodeIgniter\View\View->render('auth_internetic...', Array, true)
#4 /var/www/html/mymisdiagnosis/app/Controllers/Post.php(109): view('auth_internetic...', Array)
#5 /var/www/html/mymisdiagnosis/system/CodeIgniter.php(936): App\Controllers\Post->display('123')
#6 /var/www/html/mymisdiagnosis/system/CodeIgniter.php(432): CodeIgniter\CodeIgniter->runController(Object(App\Controllers\Post))
#7 /var/www/html/mymisdiagnosis/system/CodeIgniter.php(333): CodeIgniter\CodeIgniter->handleRequest(NULL, Object(Config\Cache), false)
#8 /var/www/html/mymisdiagnosis/index.php(44): CodeIgniter\CodeIgniter->run()
#9 {main}
INFO - 2021-12-22 10:04:04 --> Session: Class initialized using 'CodeIgniter\Session\Handlers\FileHandler' driver.
WARNING - 2021-12-22 10:04:04 --> Session: Sessions is enabled, and one exists.Please don't $session->start();
INFO - 2021-12-22 10:04:08 --> Session: Class initialized using 'CodeIgniter\Session\Handlers\FileHandler' driver.
WARNING - 2021-12-22 10:04:08 --> Session: Sessions is enabled, and one exists.Please don't $session->start();
INFO - 2021-12-22 10:04:08 --> Session: Class initialized using 'CodeIgniter\Session\Handlers\FileHandler' driver.
WARNING - 2021-12-22 10:04:08 --> Session: Sessions is enabled, and one exists.Please don't $session->start();
CRITICAL - 2021-12-22 10:04:08 --> Undefined variable: meta_title
#0 /var/www/html/mymisdiagnosis/app/Views/auth_internetics/header.php(7): CodeIgniter\Debug\Exceptions->errorHandler(8, 'Undefined varia...', '/var/www/html/m...', 7, Array)
#1 /var/www/html/mymisdiagnosis/system/View/View.php(220): include('/var/www/html/m...')
#2 /var/www/html/mymisdiagnosis/system/View/View.php(222): CodeIgniter\View\View->CodeIgniter\View\{closure}()
#3 /var/www/html/mymisdiagnosis/system/Common.php(1217): CodeIgniter\View\View->render('auth_internetic...', Array, true)
#4 /var/www/html/mymisdiagnosis/app/Controllers/Post.php(109): view('auth_internetic...', Array)
#5 /var/www/html/mymisdiagnosis/system/CodeIgniter.php(936): App\Controllers\Post->display('how')
#6 /var/www/html/mymisdiagnosis/system/CodeIgniter.php(432): CodeIgniter\CodeIgniter->runController(Object(App\Controllers\Post))
#7 /var/www/html/mymisdiagnosis/system/CodeIgniter.php(333): CodeIgniter\CodeIgniter->handleRequest(NULL, Object(Config\Cache), false)
#8 /var/www/html/mymisdiagnosis/index.php(44): CodeIgniter\CodeIgniter->run()
#9 {main}
INFO - 2021-12-22 10:04:17 --> Session: Class initialized using 'CodeIgniter\Session\Handlers\FileHandler' driver.
WARNING - 2021-12-22 10:04:17 --> Session: Sessions is enabled, and one exists.Please don't $session->start();
CRITICAL - 2021-12-22 10:04:17 --> Undefined variable: meta_title
#0 /var/www/html/mymisdiagnosis/app/Views/auth_internetics/header.php(7): CodeIgniter\Debug\Exceptions->errorHandler(8, 'Undefined varia...', '/var/www/html/m...', 7, Array)
#1 /var/www/html/mymisdiagnosis/system/View/View.php(220): include('/var/www/html/m...')
#2 /var/www/html/mymisdiagnosis/system/View/View.php(222): CodeIgniter\View\View->CodeIgniter\View\{closure}()
#3 /var/www/html/mymisdiagnosis/system/Common.php(1217): CodeIgniter\View\View->render('auth_internetic...', Array, true)
#4 /var/www/html/mymisdiagnosis/app/Controllers/Post.php(109): view('auth_internetic...', Array)
#5 /var/www/html/mymisdiagnosis/system/CodeIgniter.php(936): App\Controllers\Post->display('how')
#6 /var/www/html/mymisdiagnosis/system/CodeIgniter.php(432): CodeIgniter\CodeIgniter->runController(Object(App\Controllers\Post))
#7 /var/www/html/mymisdiagnosis/system/CodeIgniter.php(333): CodeIgniter\CodeIgniter->handleRequest(NULL, Object(Config\Cache), false)
#8 /var/www/html/mymisdiagnosis/index.php(44): CodeIgniter\CodeIgniter->run()
#9 {main}
INFO - 2021-12-22 10:04:18 --> Session: Class initialized using 'CodeIgniter\Session\Handlers\FileHandler' driver.
WARNING - 2021-12-22 10:04:18 --> Session: Sessions is enabled, and one exists.Please don't $session->start();
INFO - 2021-12-22 10:04:23 --> Session: Class initialized using 'CodeIgniter\Session\Handlers\FileHandler' driver.
WARNING - 2021-12-22 10:04:23 --> Session: Sessions is enabled, and one exists.Please don't $session->start();
INFO - 2021-12-22 10:04:27 --> Session: Class initialized using 'CodeIgniter\Session\Handlers\FileHandler' driver.
WARNING - 2021-12-22 10:04:27 --> Session: Sessions is enabled, and one exists.Please don't $session->start();
INFO - 2021-12-22 10:04:30 --> Session: Class initialized using 'CodeIgniter\Session\Handlers\FileHandler' driver.
WARNING - 2021-12-22 10:04:30 --> Session: Sessions is enabled, and one exists.Please don't $session->start();
INFO - 2021-12-22 10:04:34 --> Session: Class initialized using 'CodeIgniter\Session\Handlers\FileHandler' driver.
WARNING - 2021-12-22 10:04:34 --> Session: Sessions is enabled, and one exists.Please don't $session->start();
INFO - 2021-12-22 10:04:36 --> Session: Class initialized using 'CodeIgniter\Session\Handlers\FileHandler' driver.
WARNING - 2021-12-22 10:04:36 --> Session: Sessions is enabled, and one exists.Please don't $session->start();
CRITICAL - 2021-12-22 10:04:36 --> Undefined variable: meta_title
#0 /var/www/html/mymisdiagnosis/app/Views/auth_internetics/header.php(7): CodeIgniter\Debug\Exceptions->errorHandler(8, 'Undefined varia...', '/var/www/html/m...', 7, Array)
#1 /var/www/html/mymisdiagnosis/system/View/View.php(220): include('/var/www/html/m...')
#2 /var/www/html/mymisdiagnosis/system/View/View.php(222): CodeIgniter\View\View->CodeIgniter\View\{closure}()
#3 /var/www/html/mymisdiagnosis/system/Common.php(1217): CodeIgniter\View\View->render('auth_internetic...', Array, true)
#4 /var/www/html/mymisdiagnosis/app/Controllers/Post.php(109): view('auth_internetic...', Array)
#5 /var/www/html/mymisdiagnosis/system/CodeIgniter.php(936): App\Controllers\Post->display('how')
#6 /var/www/html/mymisdiagnosis/system/CodeIgniter.php(432): CodeIgniter\CodeIgniter->runController(Object(App\Controllers\Post))
#7 /var/www/html/mymisdiagnosis/system/CodeIgniter.php(333): CodeIgniter\CodeIgniter->handleRequest(NULL, Object(Config\Cache), false)
#8 /var/www/html/mymisdiagnosis/index.php(44): CodeIgniter\CodeIgniter->run()
#9 {main}
INFO - 2021-12-22 10:05:03 --> Session: Class initialized using 'CodeIgniter\Session\Handlers\FileHandler' driver.
WARNING - 2021-12-22 10:05:03 --> Session: Sessions is enabled, and one exists.Please don't $session->start();
INFO - 2021-12-22 10:06:55 --> Session: Class initialized using 'CodeIgniter\Session\Handlers\FileHandler' driver.
WARNING - 2021-12-22 10:06:55 --> Session: Sessions is enabled, and one exists.Please don't $session->start();
CRITICAL - 2021-12-22 10:06:55 --> Undefined variable: meta_title
#0 /var/www/html/mymisdiagnosis/app/Views/auth_internetics/header.php(7): CodeIgniter\Debug\Exceptions->errorHandler(8, 'Undefined varia...', '/var/www/html/m...', 7, Array)
#1 /var/www/html/mymisdiagnosis/system/View/View.php(220): include('/var/www/html/m...')
#2 /var/www/html/mymisdiagnosis/system/View/View.php(222): CodeIgniter\View\View->CodeIgniter\View\{closure}()
#3 /var/www/html/mymisdiagnosis/system/Common.php(1217): CodeIgniter\View\View->render('auth_internetic...', Array, true)
#4 /var/www/html/mymisdiagnosis/app/Controllers/Post.php(109): view('auth_internetic...', Array)
#5 /var/www/html/mymisdiagnosis/system/CodeIgniter.php(936): App\Controllers\Post->display('how')
#6 /var/www/html/mymisdiagnosis/system/CodeIgniter.php(432): CodeIgniter\CodeIgniter->runController(Object(App\Controllers\Post))
#7 /var/www/html/mymisdiagnosis/system/CodeIgniter.php(333): CodeIgniter\CodeIgniter->handleRequest(NULL, Object(Config\Cache), false)
#8 /var/www/html/mymisdiagnosis/index.php(44): CodeIgniter\CodeIgniter->run()
#9 {main}
INFO - 2021-12-22 10:07:00 --> Session: Class initialized using 'CodeIgniter\Session\Handlers\FileHandler' driver.
WARNING - 2021-12-22 10:07:00 --> Session: Sessions is enabled, and one exists.Please don't $session->start();
INFO - 2021-12-22 10:07:14 --> Session: Class initialized using 'CodeIgniter\Session\Handlers\FileHandler' driver.
WARNING - 2021-12-22 10:07:14 --> Session: Sessions is enabled, and one exists.Please don't $session->start();
INFO - 2021-12-22 10:07:14 --> Session: Class initialized using 'CodeIgniter\Session\Handlers\FileHandler' driver.
WARNING - 2021-12-22 10:07:14 --> Session: Sessions is enabled, and one exists.Please don't $session->start();
INFO - 2021-12-22 10:07:18 --> Session: Class initialized using 'CodeIgniter\Session\Handlers\FileHandler' driver.
WARNING - 2021-12-22 10:07:18 --> Session: Sessions is enabled, and one exists.Please don't $session->start();
INFO - 2021-12-22 10:07:30 --> Session: Class initialized using 'CodeIgniter\Session\Handlers\FileHandler' driver.
WARNING - 2021-12-22 10:07:30 --> Session: Sessions is enabled, and one exists.Please don't $session->start();
INFO - 2021-12-22 10:08:38 --> Session: Class initialized using 'CodeIgniter\Session\Handlers\FileHandler' driver.
WARNING - 2021-12-22 10:08:38 --> Session: Sessions is enabled, and one exists.Please don't $session->start();
INFO - 2021-12-22 10:08:40 --> Session: Class initialized using 'CodeIgniter\Session\Handlers\FileHandler' driver.
WARNING - 2021-12-22 10:08:40 --> Session: Sessions is enabled, and one exists.Please don't $session->start();
CRITICAL - 2021-12-22 10:08:40 --> Undefined variable: meta_title
#0 /var/www/html/mymisdiagnosis/app/Views/auth_internetics/header.php(7): CodeIgniter\Debug\Exceptions->errorHandler(8, 'Undefined varia...', '/var/www/html/m...', 7, Array)
#1 /var/www/html/mymisdiagnosis/system/View/View.php(220): include('/var/www/html/m...')
#2 /var/www/html/mymisdiagnosis/system/View/View.php(222): CodeIgniter\View\View->CodeIgniter\View\{closure}()
#3 /var/www/html/mymisdiagnosis/system/Common.php(1217): CodeIgniter\View\View->render('auth_internetic...', Array, true)
#4 /var/www/html/mymisdiagnosis/app/Controllers/Post.php(109): view('auth_internetic...', Array)
#5 /var/www/html/mymisdiagnosis/system/CodeIgniter.php(936): App\Controllers\Post->display('how')
#6 /var/www/html/mymisdiagnosis/system/CodeIgniter.php(432): CodeIgniter\CodeIgniter->runController(Object(App\Controllers\Post))
#7 /var/www/html/mymisdiagnosis/system/CodeIgniter.php(333): CodeIgniter\CodeIgniter->handleRequest(NULL, Object(Config\Cache), false)
#8 /var/www/html/mymisdiagnosis/index.php(44): CodeIgniter\CodeIgniter->run()
#9 {main}
INFO - 2021-12-22 10:08:53 --> Session: Class initialized using 'CodeIgniter\Session\Handlers\FileHandler' driver.
WARNING - 2021-12-22 10:08:53 --> Session: Sessions is enabled, and one exists.Please don't $session->start();
INFO - 2021-12-22 10:13:14 --> Session: Class initialized using 'CodeIgniter\Session\Handlers\FileHandler' driver.
WARNING - 2021-12-22 10:13:14 --> Session: Sessions is enabled, and one exists.Please don't $session->start();
INFO - 2021-12-22 10:13:32 --> Session: Class initialized using 'CodeIgniter\Session\Handlers\FileHandler' driver.
WARNING - 2021-12-22 10:13:32 --> Session: Sessions is enabled, and one exists.Please don't $session->start();
INFO - 2021-12-22 10:13:32 --> Session: Class initialized using 'CodeIgniter\Session\Handlers\FileHandler' driver.
WARNING - 2021-12-22 10:13:32 --> Session: Sessions is enabled, and one exists.Please don't $session->start();
INFO - 2021-12-22 10:13:37 --> Session: Class initialized using 'CodeIgniter\Session\Handlers\FileHandler' driver.
WARNING - 2021-12-22 10:13:37 --> Session: Sessions is enabled, and one exists.Please don't $session->start();
INFO - 2021-12-22 10:13:57 --> Session: Class initialized using 'CodeIgniter\Session\Handlers\FileHandler' driver.
WARNING - 2021-12-22 10:13:57 --> Session: Sessions is enabled, and one exists.Please don't $session->start();
INFO - 2021-12-22 10:19:25 --> Session: Class initialized using 'CodeIgniter\Session\Handlers\FileHandler' driver.
WARNING - 2021-12-22 10:19:25 --> Session: Sessions is enabled, and one exists.Please don't $session->start();
INFO - 2021-12-22 10:19:29 --> Session: Class initialized using 'CodeIgniter\Session\Handlers\FileHandler' driver.
WARNING - 2021-12-22 10:19:29 --> Session: Sessions is enabled, and one exists.Please don't $session->start();
INFO - 2021-12-22 10:19:35 --> Session: Class initialized using 'CodeIgniter\Session\Handlers\FileHandler' driver.
WARNING - 2021-12-22 10:19:35 --> Session: Sessions is enabled, and one exists.Please don't $session->start();
INFO - 2021-12-22 10:19:39 --> Session: Class initialized using 'CodeIgniter\Session\Handlers\FileHandler' driver.
WARNING - 2021-12-22 10:19:39 --> Session: Sessions is enabled, and one exists.Please don't $session->start();
INFO - 2021-12-22 10:32:32 --> Session: Class initialized using 'CodeIgniter\Session\Handlers\FileHandler' driver.
WARNING - 2021-12-22 10:32:32 --> Session: Sessions is enabled, and one exists.Please don't $session->start();
INFO - 2021-12-22 10:32:50 --> Session: Class initialized using 'CodeIgniter\Session\Handlers\FileHandler' driver.
WARNING - 2021-12-22 10:32:50 --> Session: Sessions is enabled, and one exists.Please don't $session->start();
INFO - 2021-12-22 10:33:05 --> Session: Class initialized using 'CodeIgniter\Session\Handlers\FileHandler' driver.
WARNING - 2021-12-22 10:33:05 --> Session: Sessions is enabled, and one exists.Please don't $session->start();
INFO - 2021-12-22 10:33:08 --> Session: Class initialized using 'CodeIgniter\Session\Handlers\FileHandler' driver.
WARNING - 2021-12-22 10:33:08 --> Session: Sessions is enabled, and one exists.Please don't $session->start();
INFO - 2021-12-22 10:33:10 --> Session: Class initialized using 'CodeIgniter\Session\Handlers\FileHandler' driver.
WARNING - 2021-12-22 10:33:10 --> Session: Sessions is enabled, and one exists.Please don't $session->start();
INFO - 2021-12-22 10:34:16 --> Session: Class initialized using 'CodeIgniter\Session\Handlers\FileHandler' driver.
WARNING - 2021-12-22 10:34:16 --> Session: Sessions is enabled, and one exists.Please don't $session->start();
INFO - 2021-12-22 10:35:13 --> Session: Class initialized using 'CodeIgniter\Session\Handlers\FileHandler' driver.
WARNING - 2021-12-22 10:35:13 --> Session: Sessions is enabled, and one exists.Please don't $session->start();
INFO - 2021-12-22 10:35:48 --> Session: Class initialized using 'CodeIgniter\Session\Handlers\FileHandler' driver.
WARNING - 2021-12-22 10:35:48 --> Session: Sessions is enabled, and one exists.Please don't $session->start();
INFO - 2021-12-22 10:36:05 --> Session: Class initialized using 'CodeIgniter\Session\Handlers\FileHandler' driver.
WARNING - 2021-12-22 10:36:05 --> Session: Sessions is enabled, and one exists.Please don't $session->start();
INFO - 2021-12-22 10:36:06 --> Session: Class initialized using 'CodeIgniter\Session\Handlers\FileHandler' driver.
WARNING - 2021-12-22 10:36:06 --> Session: Sessions is enabled, and one exists.Please don't $session->start();
INFO - 2021-12-22 10:36:07 --> Session: Class initialized using 'CodeIgniter\Session\Handlers\FileHandler' driver.
WARNING - 2021-12-22 10:36:07 --> Session: Sessions is enabled, and one exists.Please don't $session->start();
INFO - 2021-12-22 10:36:15 --> Session: Class initialized using 'CodeIgniter\Session\Handlers\FileHandler' driver.
WARNING - 2021-12-22 10:36:15 --> Session: Sessions is enabled, and one exists.Please don't $session->start();
INFO - 2021-12-22 10:36:32 --> Session: Class initialized using 'CodeIgniter\Session\Handlers\FileHandler' driver.
WARNING - 2021-12-22 10:36:32 --> Session: Sessions is enabled, and one exists.Please don't $session->start();
INFO - 2021-12-22 10:36:47 --> Session: Class initialized using 'CodeIgniter\Session\Handlers\FileHandler' driver.
WARNING - 2021-12-22 10:36:47 --> Session: Sessions is enabled, and one exists.Please don't $session->start();
INFO - 2021-12-22 10:37:05 --> Session: Class initialized using 'CodeIgniter\Session\Handlers\FileHandler' driver.
WARNING - 2021-12-22 10:37:05 --> Session: Sessions is enabled, and one exists.Please don't $session->start();
INFO - 2021-12-22 10:38:25 --> Session: Class initialized using 'CodeIgniter\Session\Handlers\FileHandler' driver.
WARNING - 2021-12-22 10:38:25 --> Session: Sessions is enabled, and one exists.Please don't $session->start();
INFO - 2021-12-22 10:38:44 --> Session: Class initialized using 'CodeIgniter\Session\Handlers\FileHandler' driver.
WARNING - 2021-12-22 10:38:44 --> Session: Sessions is enabled, and one exists.Please don't $session->start();
INFO - 2021-12-22 10:39:28 --> Session: Class initialized using 'CodeIgniter\Session\Handlers\FileHandler' driver.
WARNING - 2021-12-22 10:39:28 --> Session: Sessions is enabled, and one exists.Please don't $session->start();
INFO - 2021-12-22 10:39:44 --> Session: Class initialized using 'CodeIgniter\Session\Handlers\FileHandler' driver.
WARNING - 2021-12-22 10:39:44 --> Session: Sessions is enabled, and one exists.Please don't $session->start();
INFO - 2021-12-22 10:39:59 --> Session: Class initialized using 'CodeIgniter\Session\Handlers\FileHandler' driver.
WARNING - 2021-12-22 10:39:59 --> Session: Sessions is enabled, and one exists.Please don't $session->start();
INFO - 2021-12-22 10:40:25 --> Session: Class initialized using 'CodeIgniter\Session\Handlers\FileHandler' driver.
WARNING - 2021-12-22 10:40:25 --> Session: Sessions is enabled, and one exists.Please don't $session->start();
INFO - 2021-12-22 10:40:41 --> Session: Class initialized using 'CodeIgniter\Session\Handlers\FileHandler' driver.
WARNING - 2021-12-22 10:40:41 --> Session: Sessions is enabled, and one exists.Please don't $session->start();
INFO - 2021-12-22 10:40:42 --> Session: Class initialized using 'CodeIgniter\Session\Handlers\FileHandler' driver.
WARNING - 2021-12-22 10:40:42 --> Session: Sessions is enabled, and one exists.Please don't $session->start();
INFO - 2021-12-22 10:41:49 --> Session: Class initialized using 'CodeIgniter\Session\Handlers\FileHandler' driver.
WARNING - 2021-12-22 10:41:49 --> Session: Sessions is enabled, and one exists.Please don't $session->start();
INFO - 2021-12-22 10:42:09 --> Session: Class initialized using 'CodeIgniter\Session\Handlers\FileHandler' driver.
WARNING - 2021-12-22 10:42:09 --> Session: Sessions is enabled, and one exists.Please don't $session->start();
INFO - 2021-12-22 10:42:37 --> Session: Class initialized using 'CodeIgniter\Session\Handlers\FileHandler' driver.
WARNING - 2021-12-22 10:42:37 --> Session: Sessions is enabled, and one exists.Please don't $session->start();
INFO - 2021-12-22 10:42:41 --> Session: Class initialized using 'CodeIgniter\Session\Handlers\FileHandler' driver.
WARNING - 2021-12-22 10:42:41 --> Session: Sessions is enabled, and one exists.Please don't $session->start();
INFO - 2021-12-22 10:42:57 --> Session: Class initialized using 'CodeIgniter\Session\Handlers\FileHandler' driver.
WARNING - 2021-12-22 10:42:57 --> Session: Sessions is enabled, and one exists.Please don't $session->start();
INFO - 2021-12-22 10:43:20 --> Session: Class initialized using 'CodeIgniter\Session\Handlers\FileHandler' driver.
WARNING - 2021-12-22 10:43:20 --> Session: Sessions is enabled, and one exists.Please don't $session->start();
INFO - 2021-12-22 10:43:48 --> Session: Class initialized using 'CodeIgniter\Session\Handlers\FileHandler' driver.
WARNING - 2021-12-22 10:43:48 --> Session: Sessions is enabled, and one exists.Please don't $session->start();
INFO - 2021-12-22 10:44:28 --> Session: Class initialized using 'CodeIgniter\Session\Handlers\FileHandler' driver.
WARNING - 2021-12-22 10:44:28 --> Session: Sessions is enabled, and one exists.Please don't $session->start();
INFO - 2021-12-22 10:45:06 --> Session: Class initialized using 'CodeIgniter\Session\Handlers\FileHandler' driver.
WARNING - 2021-12-22 10:45:06 --> Session: Sessions is enabled, and one exists.Please don't $session->start();
INFO - 2021-12-22 10:45:21 --> Session: Class initialized using 'CodeIgniter\Session\Handlers\FileHandler' driver.
WARNING - 2021-12-22 10:45:21 --> Session: Sessions is enabled, and one exists.Please don't $session->start();
INFO - 2021-12-22 10:46:18 --> Session: Class initialized using 'CodeIgniter\Session\Handlers\FileHandler' driver.
WARNING - 2021-12-22 10:46:18 --> Session: Sessions is enabled, and one exists.Please don't $session->start();
INFO - 2021-12-22 10:47:44 --> Session: Class initialized using 'CodeIgniter\Session\Handlers\FileHandler' driver.
WARNING - 2021-12-22 10:47:44 --> Session: Sessions is enabled, and one exists.Please don't $session->start();
INFO - 2021-12-22 10:48:19 --> Session: Class initialized using 'CodeIgniter\Session\Handlers\FileHandler' driver.
WARNING - 2021-12-22 10:48:19 --> Session: Sessions is enabled, and one exists.Please don't $session->start();
INFO - 2021-12-22 10:50:43 --> Session: Class initialized using 'CodeIgniter\Session\Handlers\FileHandler' driver.
WARNING - 2021-12-22 10:50:43 --> Session: Sessions is enabled, and one exists.Please don't $session->start();
INFO - 2021-12-22 10:52:55 --> Session: Class initialized using 'CodeIgniter\Session\Handlers\FileHandler' driver.
WARNING - 2021-12-22 10:52:55 --> Session: Sessions is enabled, and one exists.Please don't $session->start();
INFO - 2021-12-22 10:53:48 --> Session: Class initialized using 'CodeIgniter\Session\Handlers\FileHandler' driver.
WARNING - 2021-12-22 10:53:48 --> Session: Sessions is enabled, and one exists.Please don't $session->start();
INFO - 2021-12-22 10:55:19 --> Session: Class initialized using 'CodeIgniter\Session\Handlers\FileHandler' driver.
WARNING - 2021-12-22 10:55:19 --> Session: Sessions is enabled, and one exists.Please don't $session->start();
INFO - 2021-12-22 10:58:10 --> Session: Class initialized using 'CodeIgniter\Session\Handlers\FileHandler' driver.
WARNING - 2021-12-22 10:58:10 --> Session: Sessions is enabled, and one exists.Please don't $session->start();
INFO - 2021-12-22 10:59:49 --> Session: Class initialized using 'CodeIgniter\Session\Handlers\FileHandler' driver.
WARNING - 2021-12-22 10:59:49 --> Session: Sessions is enabled, and one exists.Please don't $session->start();
INFO - 2021-12-22 11:00:02 --> Session: Class initialized using 'CodeIgniter\Session\Handlers\FileHandler' driver.
WARNING - 2021-12-22 11:00:02 --> Session: Sessions is enabled, and one exists.Please don't $session->start();
CRITICAL - 2021-12-22 11:00:02 --> Undefined variable: meta_title
#0 /var/www/html/mymisdiagnosis/app/Views/auth_internetics/header.php(7): CodeIgniter\Debug\Exceptions->errorHandler(8, 'Undefined varia...', '/var/www/html/m...', 7, Array)
#1 /var/www/html/mymisdiagnosis/system/View/View.php(220): include('/var/www/html/m...')
#2 /var/www/html/mymisdiagnosis/system/View/View.php(222): CodeIgniter\View\View->CodeIgniter\View\{closure}()
#3 /var/www/html/mymisdiagnosis/system/Common.php(1217): CodeIgniter\View\View->render('auth_internetic...', Array, true)
#4 /var/www/html/mymisdiagnosis/app/Controllers/Post.php(111): view('auth_internetic...', Array)
#5 /var/www/html/mymisdiagnosis/system/CodeIgniter.php(936): App\Controllers\Post->display('howto')
#6 /var/www/html/mymisdiagnosis/system/CodeIgniter.php(432): CodeIgniter\CodeIgniter->runController(Object(App\Controllers\Post))
#7 /var/www/html/mymisdiagnosis/system/CodeIgniter.php(333): CodeIgniter\CodeIgniter->handleRequest(NULL, Object(Config\Cache), false)
#8 /var/www/html/mymisdiagnosis/index.php(44): CodeIgniter\CodeIgniter->run()
#9 {main}
INFO - 2021-12-22 11:00:03 --> Session: Class initialized using 'CodeIgniter\Session\Handlers\FileHandler' driver.
WARNING - 2021-12-22 11:00:03 --> Session: Sessions is enabled, and one exists.Please don't $session->start();
INFO - 2021-12-22 11:00:14 --> Session: Class initialized using 'CodeIgniter\Session\Handlers\FileHandler' driver.
WARNING - 2021-12-22 11:00:14 --> Session: Sessions is enabled, and one exists.Please don't $session->start();
CRITICAL - 2021-12-22 11:00:14 --> Undefined variable: meta_title
#0 /var/www/html/mymisdiagnosis/app/Views/auth_internetics/header.php(7): CodeIgniter\Debug\Exceptions->errorHandler(8, 'Undefined varia...', '/var/www/html/m...', 7, Array)
#1 /var/www/html/mymisdiagnosis/system/View/View.php(220): include('/var/www/html/m...')
#2 /var/www/html/mymisdiagnosis/system/View/View.php(222): CodeIgniter\View\View->CodeIgniter\View\{closure}()
#3 /var/www/html/mymisdiagnosis/system/Common.php(1217): CodeIgniter\View\View->render('auth_internetic...', Array, true)
#4 /var/www/html/mymisdiagnosis/app/Controllers/Post.php(111): view('auth_internetic...', Array)
#5 /var/www/html/mymisdiagnosis/system/CodeIgniter.php(936): App\Controllers\Post->display('how-toz')
#6 /var/www/html/mymisdiagnosis/system/CodeIgniter.php(432): CodeIgniter\CodeIgniter->runController(Object(App\Controllers\Post))
#7 /var/www/html/mymisdiagnosis/system/CodeIgniter.php(333): CodeIgniter\CodeIgniter->handleRequest(NULL, Object(Config\Cache), false)
#8 /var/www/html/mymisdiagnosis/index.php(44): CodeIgniter\CodeIgniter->run()
#9 {main}
INFO - 2021-12-22 11:00:17 --> Session: Class initialized using 'CodeIgniter\Session\Handlers\FileHandler' driver.
WARNING - 2021-12-22 11:00:17 --> Session: Sessions is enabled, and one exists.Please don't $session->start();
INFO - 2021-12-22 11:00:38 --> Session: Class initialized using 'CodeIgniter\Session\Handlers\FileHandler' driver.
WARNING - 2021-12-22 11:00:38 --> Session: Sessions is enabled, and one exists.Please don't $session->start();
INFO - 2021-12-22 11:00:55 --> Session: Class initialized using 'CodeIgniter\Session\Handlers\FileHandler' driver.
WARNING - 2021-12-22 11:00:55 --> Session: Sessions is enabled, and one exists.Please don't $session->start();
CRITICAL - 2021-12-22 11:00:55 --> Undefined variable: meta_title
#0 /var/www/html/mymisdiagnosis/app/Views/auth_internetics/header.php(7): CodeIgniter\Debug\Exceptions->errorHandler(8, 'Undefined varia...', '/var/www/html/m...', 7, Array)
#1 /var/www/html/mymisdiagnosis/system/View/View.php(220): include('/var/www/html/m...')
#2 /var/www/html/mymisdiagnosis/system/View/View.php(222): CodeIgniter\View\View->CodeIgniter\View\{closure}()
#3 /var/www/html/mymisdiagnosis/system/Common.php(1217): CodeIgniter\View\View->render('auth_internetic...', Array, true)
#4 /var/www/html/mymisdiagnosis/app/Controllers/Post.php(111): view('auth_internetic...', Array)
#5 /var/www/html/mymisdiagnosis/system/CodeIgniter.php(936): App\Controllers\Post->display('how-to')
#6 /var/www/html/mymisdiagnosis/system/CodeIgniter.php(432): CodeIgniter\CodeIgniter->runController(Object(App\Controllers\Post))
#7 /var/www/html/mymisdiagnosis/system/CodeIgniter.php(333): CodeIgniter\CodeIgniter->handleRequest(NULL, Object(Config\Cache), false)
#8 /var/www/html/mymisdiagnosis/index.php(44): CodeIgniter\CodeIgniter->run()
#9 {main}
INFO - 2021-12-22 11:00:58 --> Session: Class initialized using 'CodeIgniter\Session\Handlers\FileHandler' driver.
WARNING - 2021-12-22 11:00:58 --> Session: Sessions is enabled, and one exists.Please don't $session->start();
CRITICAL - 2021-12-22 11:00:58 --> Undefined variable: meta_title
#0 /var/www/html/mymisdiagnosis/app/Views/auth_internetics/header.php(7): CodeIgniter\Debug\Exceptions->errorHandler(8, 'Undefined varia...', '/var/www/html/m...', 7, Array)
#1 /var/www/html/mymisdiagnosis/system/View/View.php(220): include('/var/www/html/m...')
#2 /var/www/html/mymisdiagnosis/system/View/View.php(222): CodeIgniter\View\View->CodeIgniter\View\{closure}()
#3 /var/www/html/mymisdiagnosis/system/Common.php(1217): CodeIgniter\View\View->render('auth_internetic...', Array, true)
#4 /var/www/html/mymisdiagnosis/app/Controllers/Post.php(111): view('auth_internetic...', Array)
#5 /var/www/html/mymisdiagnosis/system/CodeIgniter.php(936): App\Controllers\Post->display('how-to-')
#6 /var/www/html/mymisdiagnosis/system/CodeIgniter.php(432): CodeIgniter\CodeIgniter->runController(Object(App\Controllers\Post))
#7 /var/www/html/mymisdiagnosis/system/CodeIgniter.php(333): CodeIgniter\CodeIgniter->handleRequest(NULL, Object(Config\Cache), false)
#8 /var/www/html/mymisdiagnosis/index.php(44): CodeIgniter\CodeIgniter->run()
#9 {main}
INFO - 2021-12-22 11:00:58 --> Session: Class initialized using 'CodeIgniter\Session\Handlers\FileHandler' driver.
WARNING - 2021-12-22 11:00:58 --> Session: Sessions is enabled, and one exists.Please don't $session->start();
INFO - 2021-12-22 11:01:01 --> Session: Class initialized using 'CodeIgniter\Session\Handlers\FileHandler' driver.
WARNING - 2021-12-22 11:01:01 --> Session: Sessions is enabled, and one exists.Please don't $session->start();
CRITICAL - 2021-12-22 11:01:01 --> Undefined variable: meta_title
#0 /var/www/html/mymisdiagnosis/app/Views/auth_internetics/header.php(7): CodeIgniter\Debug\Exceptions->errorHandler(8, 'Undefined varia...', '/var/www/html/m...', 7, Array)
#1 /var/www/html/mymisdiagnosis/system/View/View.php(220): include('/var/www/html/m...')
#2 /var/www/html/mymisdiagnosis/system/View/View.php(222): CodeIgniter\View\View->CodeIgniter\View\{closure}()
#3 /var/www/html/mymisdiagnosis/system/Common.php(1217): CodeIgniter\View\View->render('auth_internetic...', Array, true)
#4 /var/www/html/mymisdiagnosis/app/Controllers/Post.php(111): view('auth_internetic...', Array)
#5 /var/www/html/mymisdiagnosis/system/CodeIgniter.php(936): App\Controllers\Post->display('how-to-use-this...')
#6 /var/www/html/mymisdiagnosis/system/CodeIgniter.php(432): CodeIgniter\CodeIgniter->runController(Object(App\Controllers\Post))
#7 /var/www/html/mymisdiagnosis/system/CodeIgniter.php(333): CodeIgniter\CodeIgniter->handleRequest(NULL, Object(Config\Cache), false)
#8 /var/www/html/mymisdiagnosis/index.php(44): CodeIgniter\CodeIgniter->run()
#9 {main}
INFO - 2021-12-22 11:01:01 --> Session: Class initialized using 'CodeIgniter\Session\Handlers\FileHandler' driver.
WARNING - 2021-12-22 11:01:01 --> Session: Sessions is enabled, and one exists.Please don't $session->start();
INFO - 2021-12-22 11:01:14 --> Session: Class initialized using 'CodeIgniter\Session\Handlers\FileHandler' driver.
WARNING - 2021-12-22 11:01:14 --> Session: Sessions is enabled, and one exists.Please don't $session->start();
INFO - 2021-12-22 11:01:20 --> Session: Class initialized using 'CodeIgniter\Session\Handlers\FileHandler' driver.
INFO - 2021-12-22 11:01:20 --> Session: Class initialized using 'CodeIgniter\Session\Handlers\FileHandler' driver.
INFO - 2021-12-22 11:01:20 --> Session: Class initialized using 'CodeIgniter\Session\Handlers\FileHandler' driver.
INFO - 2021-12-22 11:01:42 --> Session: Class initialized using 'CodeIgniter\Session\Handlers\FileHandler' driver.
INFO - 2021-12-22 11:01:42 --> Session: Class initialized using 'CodeIgniter\Session\Handlers\FileHandler' driver.
INFO - 2021-12-22 11:01:56 --> Session: Class initialized using 'CodeIgniter\Session\Handlers\FileHandler' driver.
INFO - 2021-12-22 11:01:57 --> Session: Class initialized using 'CodeIgniter\Session\Handlers\FileHandler' driver.
INFO - 2021-12-22 11:02:09 --> Session: Class initialized using 'CodeIgniter\Session\Handlers\FileHandler' driver.
INFO - 2021-12-22 11:02:09 --> Session: Class initialized using 'CodeIgniter\Session\Handlers\FileHandler' driver.
INFO - 2021-12-22 11:03:01 --> Session: Class initialized using 'CodeIgniter\Session\Handlers\FileHandler' driver.
WARNING - 2021-12-22 11:03:01 --> Session: Sessions is enabled, and one exists.Please don't $session->start();
INFO - 2021-12-22 11:03:10 --> Session: Class initialized using 'CodeIgniter\Session\Handlers\FileHandler' driver.
WARNING - 2021-12-22 11:03:10 --> Session: Sessions is enabled, and one exists.Please don't $session->start();
CRITICAL - 2021-12-22 11:03:10 --> Undefined variable: meta_title
#0 /var/www/html/mymisdiagnosis/app/Views/auth_internetics/header.php(7): CodeIgniter\Debug\Exceptions->errorHandler(8, 'Undefined varia...', '/var/www/html/m...', 7, Array)
#1 /var/www/html/mymisdiagnosis/system/View/View.php(220): include('/var/www/html/m...')
#2 /var/www/html/mymisdiagnosis/system/View/View.php(222): CodeIgniter\View\View->CodeIgniter\View\{closure}()
#3 /var/www/html/mymisdiagnosis/system/Common.php(1217): CodeIgniter\View\View->render('auth_internetic...', Array, true)
#4 /var/www/html/mymisdiagnosis/app/Controllers/Post.php(111): view('auth_internetic...', Array)
#5 /var/www/html/mymisdiagnosis/system/CodeIgniter.php(936): App\Controllers\Post->display('123')
#6 /var/www/html/mymisdiagnosis/system/CodeIgniter.php(432): CodeIgniter\CodeIgniter->runController(Object(App\Controllers\Post))
#7 /var/www/html/mymisdiagnosis/system/CodeIgniter.php(333): CodeIgniter\CodeIgniter->handleRequest(NULL, Object(Config\Cache), false)
#8 /var/www/html/mymisdiagnosis/index.php(44): CodeIgniter\CodeIgniter->run()
#9 {main}
INFO - 2021-12-22 11:04:04 --> Session: Class initialized using 'CodeIgniter\Session\Handlers\FileHandler' driver.
WARNING - 2021-12-22 11:04:04 --> Session: Sessions is enabled, and one exists.Please don't $session->start();
INFO - 2021-12-22 11:04:04 --> Session: Class initialized using 'CodeIgniter\Session\Handlers\FileHandler' driver.
WARNING - 2021-12-22 11:04:04 --> Session: Sessions is enabled, and one exists.Please don't $session->start();
INFO - 2021-12-22 11:04:12 --> Session: Class initialized using 'CodeIgniter\Session\Handlers\FileHandler' driver.
WARNING - 2021-12-22 11:04:12 --> Session: Sessions is enabled, and one exists.Please don't $session->start();
INFO - 2021-12-22 11:04:19 --> Session: Class initialized using 'CodeIgniter\Session\Handlers\FileHandler' driver.
WARNING - 2021-12-22 11:04:19 --> Session: Sessions is enabled, and one exists.Please don't $session->start();
INFO - 2021-12-22 11:04:33 --> Session: Class initialized using 'CodeIgniter\Session\Handlers\FileHandler' driver.
WARNING - 2021-12-22 11:04:33 --> Session: Sessions is enabled, and one exists.Please don't $session->start();
INFO - 2021-12-22 11:05:25 --> Session: Class initialized using 'CodeIgniter\Session\Handlers\FileHandler' driver.
WARNING - 2021-12-22 11:05:25 --> Session: Sessions is enabled, and one exists.Please don't $session->start();
INFO - 2021-12-22 11:37:44 --> Session: Class initialized using 'CodeIgniter\Session\Handlers\FileHandler' driver.
WARNING - 2021-12-22 11:37:44 --> Session: Sessions is enabled, and one exists.Please don't $session->start();
INFO - 2021-12-22 11:37:49 --> Session: Class initialized using 'CodeIgniter\Session\Handlers\FileHandler' driver.
CRITICAL - 2021-12-22 11:37:49 --> Argument 1 passed to App\Libraries\GroceryCrud::callbackBeforeUpdate() must be callable, string given, called in /var/www/html/mymisdiagnosis/app/Controllers/Posteditor.php on line 116
#0 /var/www/html/mymisdiagnosis/app/Controllers/Posteditor.php(116): App\Libraries\GroceryCrud->callbackBeforeUpdate('slug', Array)
#1 /var/www/html/mymisdiagnosis/system/CodeIgniter.php(936): App\Controllers\Posteditor->posts()
#2 /var/www/html/mymisdiagnosis/system/CodeIgniter.php(432): CodeIgniter\CodeIgniter->runController(Object(App\Controllers\Posteditor))
#3 /var/www/html/mymisdiagnosis/system/CodeIgniter.php(333): CodeIgniter\CodeIgniter->handleRequest(NULL, Object(Config\Cache), false)
#4 /var/www/html/mymisdiagnosis/index.php(44): CodeIgniter\CodeIgniter->run()
#5 {main}
INFO - 2021-12-22 11:37:50 --> Session: Class initialized using 'CodeIgniter\Session\Handlers\FileHandler' driver.
INFO - 2021-12-22 11:37:50 --> Session: Class initialized using 'CodeIgniter\Session\Handlers\FileHandler' driver.
CRITICAL - 2021-12-22 11:37:50 --> Argument 1 passed to App\Libraries\GroceryCrud::callbackBeforeUpdate() must be callable, string given, called in /var/www/html/mymisdiagnosis/app/Controllers/Posteditor.php on line 116
#0 /var/www/html/mymisdiagnosis/app/Controllers/Posteditor.php(116): App\Libraries\GroceryCrud->callbackBeforeUpdate('slug', Array)
#1 /var/www/html/mymisdiagnosis/system/CodeIgniter.php(936): App\Controllers\Posteditor->posts()
#2 /var/www/html/mymisdiagnosis/system/CodeIgniter.php(432): CodeIgniter\CodeIgniter->runController(Object(App\Controllers\Posteditor))
#3 /var/www/html/mymisdiagnosis/system/CodeIgniter.php(333): CodeIgniter\CodeIgniter->handleRequest(NULL, Object(Config\Cache), false)
#4 /var/www/html/mymisdiagnosis/index.php(44): CodeIgniter\CodeIgniter->run()
#5 {main}
INFO - 2021-12-22 11:38:49 --> Session: Class initialized using 'CodeIgniter\Session\Handlers\FileHandler' driver.
INFO - 2021-12-22 11:38:49 --> Session: Class initialized using 'CodeIgniter\Session\Handlers\FileHandler' driver.
INFO - 2021-12-22 11:38:52 --> Session: Class initialized using 'CodeIgniter\Session\Handlers\FileHandler' driver.
INFO - 2021-12-22 11:42:07 --> Session: Class initialized using 'CodeIgniter\Session\Handlers\FileHandler' driver.
INFO - 2021-12-22 11:42:12 --> Session: Class initialized using 'CodeIgniter\Session\Handlers\FileHandler' driver.
INFO - 2021-12-22 11:42:12 --> Session: Class initialized using 'CodeIgniter\Session\Handlers\FileHandler' driver.
INFO - 2021-12-22 11:42:12 --> Session: Class initialized using 'CodeIgniter\Session\Handlers\FileHandler' driver.
INFO - 2021-12-22 11:42:52 --> Session: Class initialized using 'CodeIgniter\Session\Handlers\FileHandler' driver.
INFO - 2021-12-22 11:42:56 --> Session: Class initialized using 'CodeIgniter\Session\Handlers\FileHandler' driver.
INFO - 2021-12-22 11:42:56 --> Session: Class initialized using 'CodeIgniter\Session\Handlers\FileHandler' driver.
INFO - 2021-12-22 11:42:57 --> Session: Class initialized using 'CodeIgniter\Session\Handlers\FileHandler' driver.
INFO - 2021-12-22 11:43:07 --> Session: Class initialized using 'CodeIgniter\Session\Handlers\FileHandler' driver.
INFO - 2021-12-22 11:43:07 --> Session: Class initialized using 'CodeIgniter\Session\Handlers\FileHandler' driver.
INFO - 2021-12-22 11:43:07 --> Session: Class initialized using 'CodeIgniter\Session\Handlers\FileHandler' driver.
INFO - 2021-12-22 11:43:10 --> Session: Class initialized using 'CodeIgniter\Session\Handlers\FileHandler' driver.
INFO - 2021-12-22 11:43:10 --> Session: Class initialized using 'CodeIgniter\Session\Handlers\FileHandler' driver.
INFO - 2021-12-22 11:43:10 --> Session: Class initialized using 'CodeIgniter\Session\Handlers\FileHandler' driver.
INFO - 2021-12-22 11:43:16 --> Session: Class initialized using 'CodeIgniter\Session\Handlers\FileHandler' driver.
INFO - 2021-12-22 11:43:16 --> Session: Class initialized using 'CodeIgniter\Session\Handlers\FileHandler' driver.
CRITICAL - 2021-12-22 11:47:59 --> syntax error, unexpected 'return' (T_RETURN)
#0 /var/www/html/mymisdiagnosis/system/Router/Router.php(170): CodeIgniter\Router\Router->autoRoute('posteditor/post...')
#1 /var/www/html/mymisdiagnosis/system/CodeIgniter.php(816): CodeIgniter\Router\Router->handle('posteditor/post...')
#2 /var/www/html/mymisdiagnosis/system/CodeIgniter.php(385): CodeIgniter\CodeIgniter->tryToRouteIt(Object(CodeIgniter\Router\RouteCollection))
#3 /var/www/html/mymisdiagnosis/system/CodeIgniter.php(333): CodeIgniter\CodeIgniter->handleRequest(NULL, Object(Config\Cache), false)
#4 /var/www/html/mymisdiagnosis/index.php(44): CodeIgniter\CodeIgniter->run()
#5 {main}
INFO - 2021-12-22 11:48:22 --> Session: Class initialized using 'CodeIgniter\Session\Handlers\FileHandler' driver.
INFO - 2021-12-22 11:48:23 --> Session: Class initialized using 'CodeIgniter\Session\Handlers\FileHandler' driver.
INFO - 2021-12-22 11:48:25 --> Session: Class initialized using 'CodeIgniter\Session\Handlers\FileHandler' driver.
INFO - 2021-12-22 11:48:29 --> Session: Class initialized using 'CodeIgniter\Session\Handlers\FileHandler' driver.
INFO - 2021-12-22 11:48:29 --> Session: Class initialized using 'CodeIgniter\Session\Handlers\FileHandler' driver.
INFO - 2021-12-22 11:48:29 --> Session: Class initialized using 'CodeIgniter\Session\Handlers\FileHandler' driver.
INFO - 2021-12-22 11:49:08 --> Session: Class initialized using 'CodeIgniter\Session\Handlers\FileHandler' driver.
INFO - 2021-12-22 11:49:11 --> Session: Class initialized using 'CodeIgniter\Session\Handlers\FileHandler' driver.
INFO - 2021-12-22 11:49:11 --> Session: Class initialized using 'CodeIgniter\Session\Handlers\FileHandler' driver.
INFO - 2021-12-22 11:49:11 --> Session: Class initialized using 'CodeIgniter\Session\Handlers\FileHandler' driver.
INFO - 2021-12-22 11:50:09 --> Session: Class initialized using 'CodeIgniter\Session\Handlers\FileHandler' driver.
INFO - 2021-12-22 11:50:38 --> Session: Class initialized using 'CodeIgniter\Session\Handlers\FileHandler' driver.
INFO - 2021-12-22 11:50:38 --> Session: Class initialized using 'CodeIgniter\Session\Handlers\FileHandler' driver.
INFO - 2021-12-22 11:50:38 --> Session: Class initialized using 'CodeIgniter\Session\Handlers\FileHandler' driver.
INFO - 2021-12-22 11:50:47 --> Session: Class initialized using 'CodeIgniter\Session\Handlers\FileHandler' driver.
INFO - 2021-12-22 11:51:27 --> Session: Class initialized using 'CodeIgniter\Session\Handlers\FileHandler' driver.
INFO - 2021-12-22 11:51:43 --> Session: Class initialized using 'CodeIgniter\Session\Handlers\FileHandler' driver.
INFO - 2021-12-22 11:51:43 --> Session: Class initialized using 'CodeIgniter\Session\Handlers\FileHandler' driver.
INFO - 2021-12-22 11:51:44 --> Session: Class initialized using 'CodeIgniter\Session\Handlers\FileHandler' driver.
INFO - 2021-12-22 11:51:49 --> Session: Class initialized using 'CodeIgniter\Session\Handlers\FileHandler' driver.
INFO - 2021-12-22 11:54:36 --> Session: Class initialized using 'CodeIgniter\Session\Handlers\FileHandler' driver.
INFO - 2021-12-22 11:54:36 --> Session: Class initialized using 'CodeIgniter\Session\Handlers\FileHandler' driver.
INFO - 2021-12-22 11:54:36 --> Session: Class initialized using 'CodeIgniter\Session\Handlers\FileHandler' driver.
INFO - 2021-12-22 11:54:48 --> Session: Class initialized using 'CodeIgniter\Session\Handlers\FileHandler' driver.
INFO - 2021-12-22 11:58:50 --> Session: Class initialized using 'CodeIgniter\Session\Handlers\FileHandler' driver.
INFO - 2021-12-22 11:58:50 --> Session: Class initialized using 'CodeIgniter\Session\Handlers\FileHandler' driver.
CRITICAL - 2021-12-22 11:58:50 --> rename(..//mymisdiagnosis/upload/1-1000101/123/field-post_thumb_temp.jpg,..//mymisdiagnosis/upload/1-1000101/123/field-post_thumb.jpg): No such file or directory
#0 [internal function]: CodeIgniter\Debug\Exceptions->errorHandler(2, 'rename(..//mymi...', '/var/www/html/m...', 354, Array)
#1 /var/www/html/mymisdiagnosis/app/Controllers/Posteditor.php(354): rename('..//mymisdiagno...', '..//mymisdiagno...')
#2 [internal function]: App\Controllers\Posteditor->rename_temp_filenames(Object(stdClass))
#3 /var/www/html/mymisdiagnosis/app/Libraries/GroceryCrud.php(1130): call_user_func(Array, Object(stdClass))
#4 /var/www/html/mymisdiagnosis/app/Libraries/GroceryCrud.php(4570): App\Libraries\grocery_CRUD_Model_Driver->db_update(Object(stdClass))
#5 /var/www/html/mymisdiagnosis/app/Controllers/Posteditor.php(132): App\Libraries\GroceryCrud->render()
#6 /var/www/html/mymisdiagnosis/system/CodeIgniter.php(936): App\Controllers\Posteditor->posts('update', '123')
#7 /var/www/html/mymisdiagnosis/system/CodeIgniter.php(432): CodeIgniter\CodeIgniter->runController(Object(App\Controllers\Posteditor))
#8 /var/www/html/mymisdiagnosis/system/CodeIgniter.php(333): CodeIgniter\CodeIgniter->handleRequest(NULL, Object(Config\Cache), false)
#9 /var/www/html/mymisdiagnosis/index.php(44): CodeIgniter\CodeIgniter->run()
#10 {main}
INFO - 2021-12-22 11:59:13 --> Session: Class initialized using 'CodeIgniter\Session\Handlers\FileHandler' driver.
INFO - 2021-12-22 11:59:13 --> Session: Class initialized using 'CodeIgniter\Session\Handlers\FileHandler' driver.
INFO - 2021-12-22 11:59:13 --> Session: Class initialized using 'CodeIgniter\Session\Handlers\FileHandler' driver.
INFO - 2021-12-22 11:59:17 --> Session: Class initialized using 'CodeIgniter\Session\Handlers\FileHandler' driver.
INFO - 2021-12-22 11:59:22 --> Session: Class initialized using 'CodeIgniter\Session\Handlers\FileHandler' driver.
INFO - 2021-12-22 11:59:22 --> Session: Class initialized using 'CodeIgniter\Session\Handlers\FileHandler' driver.
INFO - 2021-12-22 11:59:22 --> Session: Class initialized using 'CodeIgniter\Session\Handlers\FileHandler' driver.
INFO - 2021-12-22 11:59:24 --> Session: Class initialized using 'CodeIgniter\Session\Handlers\FileHandler' driver.
INFO - 2021-12-22 12:06:02 --> Session: Class initialized using 'CodeIgniter\Session\Handlers\FileHandler' driver.
INFO - 2021-12-22 12:06:22 --> Session: Class initialized using 'CodeIgniter\Session\Handlers\FileHandler' driver.
INFO - 2021-12-22 12:06:22 --> Session: Class initialized using 'CodeIgniter\Session\Handlers\FileHandler' driver.
INFO - 2021-12-22 12:06:23 --> Session: Class initialized using 'CodeIgniter\Session\Handlers\FileHandler' driver.
INFO - 2021-12-22 12:06:29 --> Session: Class initialized using 'CodeIgniter\Session\Handlers\FileHandler' driver.
INFO - 2021-12-22 12:06:55 --> Session: Class initialized using 'CodeIgniter\Session\Handlers\FileHandler' driver.
INFO - 2021-12-22 12:06:56 --> Session: Class initialized using 'CodeIgniter\Session\Handlers\FileHandler' driver.
INFO - 2021-12-22 12:06:56 --> Session: Class initialized using 'CodeIgniter\Session\Handlers\FileHandler' driver.
INFO - 2021-12-22 12:07:38 --> Session: Class initialized using 'CodeIgniter\Session\Handlers\FileHandler' driver.
INFO - 2021-12-22 12:07:45 --> Session: Class initialized using 'CodeIgniter\Session\Handlers\FileHandler' driver.
INFO - 2021-12-22 12:07:46 --> Session: Class initialized using 'CodeIgniter\Session\Handlers\FileHandler' driver.
INFO - 2021-12-22 12:07:46 --> Session: Class initialized using 'CodeIgniter\Session\Handlers\FileHandler' driver.
INFO - 2021-12-22 12:07:52 --> Session: Class initialized using 'CodeIgniter\Session\Handlers\FileHandler' driver.
INFO - 2021-12-22 12:08:08 --> Session: Class initialized using 'CodeIgniter\Session\Handlers\FileHandler' driver.
INFO - 2021-12-22 12:08:08 --> Session: Class initialized using 'CodeIgniter\Session\Handlers\FileHandler' driver.
INFO - 2021-12-22 12:08:08 --> Session: Class initialized using 'CodeIgniter\Session\Handlers\FileHandler' driver.
INFO - 2021-12-22 12:08:36 --> Session: Class initialized using 'CodeIgniter\Session\Handlers\FileHandler' driver.
INFO - 2021-12-22 12:08:52 --> Session: Class initialized using 'CodeIgniter\Session\Handlers\FileHandler' driver.
INFO - 2021-12-22 12:08:53 --> Session: Class initialized using 'CodeIgniter\Session\Handlers\FileHandler' driver.
INFO - 2021-12-22 12:08:53 --> Session: Class initialized using 'CodeIgniter\Session\Handlers\FileHandler' driver.
INFO - 2021-12-22 12:08:57 --> Session: Class initialized using 'CodeIgniter\Session\Handlers\FileHandler' driver.
INFO - 2021-12-22 12:09:17 --> Session: Class initialized using 'CodeIgniter\Session\Handlers\FileHandler' driver.
INFO - 2021-12-22 12:09:17 --> Session: Class initialized using 'CodeIgniter\Session\Handlers\FileHandler' driver.
INFO - 2021-12-22 12:09:17 --> Session: Class initialized using 'CodeIgniter\Session\Handlers\FileHandler' driver.
INFO - 2021-12-22 12:09:48 --> Session: Class initialized using 'CodeIgniter\Session\Handlers\FileHandler' driver.
INFO - 2021-12-22 12:09:48 --> Session: Class initialized using 'CodeIgniter\Session\Handlers\FileHandler' driver.
INFO - 2021-12-22 12:09:48 --> Session: Class initialized using 'CodeIgniter\Session\Handlers\FileHandler' driver.
INFO - 2021-12-22 12:10:04 --> Session: Class initialized using 'CodeIgniter\Session\Handlers\FileHandler' driver.
INFO - 2021-12-22 12:10:04 --> Session: Class initialized using 'CodeIgniter\Session\Handlers\FileHandler' driver.
INFO - 2021-12-22 12:10:04 --> Session: Class initialized using 'CodeIgniter\Session\Handlers\FileHandler' driver.
INFO - 2021-12-22 12:10:07 --> Session: Class initialized using 'CodeIgniter\Session\Handlers\FileHandler' driver.
INFO - 2021-12-22 12:10:08 --> Session: Class initialized using 'CodeIgniter\Session\Handlers\FileHandler' driver.
INFO - 2021-12-22 12:11:18 --> Session: Class initialized using 'CodeIgniter\Session\Handlers\FileHandler' driver.
INFO - 2021-12-22 12:11:18 --> Session: Class initialized using 'CodeIgniter\Session\Handlers\FileHandler' driver.
INFO - 2021-12-22 12:11:18 --> Session: Class initialized using 'CodeIgniter\Session\Handlers\FileHandler' driver.
INFO - 2021-12-22 12:11:35 --> Session: Class initialized using 'CodeIgniter\Session\Handlers\FileHandler' driver.
INFO - 2021-12-22 12:11:35 --> Session: Class initialized using 'CodeIgniter\Session\Handlers\FileHandler' driver.
INFO - 2021-12-22 12:11:37 --> Session: Class initialized using 'CodeIgniter\Session\Handlers\FileHandler' driver.
INFO - 2021-12-22 12:11:38 --> Session: Class initialized using 'CodeIgniter\Session\Handlers\FileHandler' driver.
INFO - 2021-12-22 12:11:38 --> Session: Class initialized using 'CodeIgniter\Session\Handlers\FileHandler' driver.
INFO - 2021-12-22 12:11:46 --> Session: Class initialized using 'CodeIgniter\Session\Handlers\FileHandler' driver.
INFO - 2021-12-22 12:11:47 --> Session: Class initialized using 'CodeIgniter\Session\Handlers\FileHandler' driver.
INFO - 2021-12-22 12:11:47 --> Session: Class initialized using 'CodeIgniter\Session\Handlers\FileHandler' driver.
INFO - 2021-12-22 12:12:05 --> Session: Class initialized using 'CodeIgniter\Session\Handlers\FileHandler' driver.
INFO - 2021-12-22 12:12:06 --> Session: Class initialized using 'CodeIgniter\Session\Handlers\FileHandler' driver.
INFO - 2021-12-22 12:12:06 --> Session: Class initialized using 'CodeIgniter\Session\Handlers\FileHandler' driver.
INFO - 2021-12-22 12:12:11 --> Session: Class initialized using 'CodeIgniter\Session\Handlers\FileHandler' driver.
INFO - 2021-12-22 12:12:11 --> Session: Class initialized using 'CodeIgniter\Session\Handlers\FileHandler' driver.
INFO - 2021-12-22 12:12:30 --> Session: Class initialized using 'CodeIgniter\Session\Handlers\FileHandler' driver.
INFO - 2021-12-22 12:12:30 --> Session: Class initialized using 'CodeIgniter\Session\Handlers\FileHandler' driver.
INFO - 2021-12-22 12:12:31 --> Session: Class initialized using 'CodeIgniter\Session\Handlers\FileHandler' driver.
INFO - 2021-12-22 12:12:34 --> Session: Class initialized using 'CodeIgniter\Session\Handlers\FileHandler' driver.
INFO - 2021-12-22 12:12:34 --> Session: Class initialized using 'CodeIgniter\Session\Handlers\FileHandler' driver.
INFO - 2021-12-22 12:12:45 --> Session: Class initialized using 'CodeIgniter\Session\Handlers\FileHandler' driver.
INFO - 2021-12-22 12:12:46 --> Session: Class initialized using 'CodeIgniter\Session\Handlers\FileHandler' driver.
INFO - 2021-12-22 12:12:46 --> Session: Class initialized using 'CodeIgniter\Session\Handlers\FileHandler' driver.
INFO - 2021-12-22 12:13:09 --> Session: Class initialized using 'CodeIgniter\Session\Handlers\FileHandler' driver.
INFO - 2021-12-22 12:13:16 --> Session: Class initialized using 'CodeIgniter\Session\Handlers\FileHandler' driver.
INFO - 2021-12-22 12:13:16 --> Session: Class initialized using 'CodeIgniter\Session\Handlers\FileHandler' driver.
INFO - 2021-12-22 12:13:16 --> Session: Class initialized using 'CodeIgniter\Session\Handlers\FileHandler' driver.
INFO - 2021-12-22 12:13:27 --> Session: Class initialized using 'CodeIgniter\Session\Handlers\FileHandler' driver.
INFO - 2021-12-22 12:13:28 --> Session: Class initialized using 'CodeIgniter\Session\Handlers\FileHandler' driver.
INFO - 2021-12-22 12:13:45 --> Session: Class initialized using 'CodeIgniter\Session\Handlers\FileHandler' driver.
INFO - 2021-12-22 12:13:45 --> Session: Class initialized using 'CodeIgniter\Session\Handlers\FileHandler' driver.
INFO - 2021-12-22 12:13:46 --> Session: Class initialized using 'CodeIgniter\Session\Handlers\FileHandler' driver.
INFO - 2021-12-22 12:13:46 --> Session: Class initialized using 'CodeIgniter\Session\Handlers\FileHandler' driver.
INFO - 2021-12-22 12:13:46 --> Session: Class initialized using 'CodeIgniter\Session\Handlers\FileHandler' driver.
INFO - 2021-12-22 12:14:02 --> Session: Class initialized using 'CodeIgniter\Session\Handlers\FileHandler' driver.
INFO - 2021-12-22 12:14:02 --> Session: Class initialized using 'CodeIgniter\Session\Handlers\FileHandler' driver.
INFO - 2021-12-22 12:14:03 --> Session: Class initialized using 'CodeIgniter\Session\Handlers\FileHandler' driver.
INFO - 2021-12-22 12:14:19 --> Session: Class initialized using 'CodeIgniter\Session\Handlers\FileHandler' driver.
INFO - 2021-12-22 12:14:20 --> Session: Class initialized using 'CodeIgniter\Session\Handlers\FileHandler' driver.
INFO - 2021-12-22 12:14:21 --> Session: Class initialized using 'CodeIgniter\Session\Handlers\FileHandler' driver.
INFO - 2021-12-22 12:14:22 --> Session: Class initialized using 'CodeIgniter\Session\Handlers\FileHandler' driver.
INFO - 2021-12-22 12:14:22 --> Session: Class initialized using 'CodeIgniter\Session\Handlers\FileHandler' driver.
INFO - 2021-12-22 12:14:40 --> Session: Class initialized using 'CodeIgniter\Session\Handlers\FileHandler' driver.
INFO - 2021-12-22 12:14:40 --> Session: Class initialized using 'CodeIgniter\Session\Handlers\FileHandler' driver.
INFO - 2021-12-22 12:14:40 --> Session: Class initialized using 'CodeIgniter\Session\Handlers\FileHandler' driver.
INFO - 2021-12-22 12:15:05 --> Session: Class initialized using 'CodeIgniter\Session\Handlers\FileHandler' driver.
INFO - 2021-12-22 12:16:52 --> Session: Class initialized using 'CodeIgniter\Session\Handlers\FileHandler' driver.
INFO - 2021-12-22 12:17:14 --> Session: Class initialized using 'CodeIgniter\Session\Handlers\FileHandler' driver.
INFO - 2021-12-22 12:17:14 --> Session: Class initialized using 'CodeIgniter\Session\Handlers\FileHandler' driver.
INFO - 2021-12-22 12:17:14 --> Session: Class initialized using 'CodeIgniter\Session\Handlers\FileHandler' driver.
INFO - 2021-12-22 12:20:18 --> Session: Class initialized using 'CodeIgniter\Session\Handlers\FileHandler' driver.
INFO - 2021-12-22 12:20:18 --> Session: Class initialized using 'CodeIgniter\Session\Handlers\FileHandler' driver.
INFO - 2021-12-22 12:20:21 --> Session: Class initialized using 'CodeIgniter\Session\Handlers\FileHandler' driver.
INFO - 2021-12-22 12:20:33 --> Session: Class initialized using 'CodeIgniter\Session\Handlers\FileHandler' driver.
INFO - 2021-12-22 12:20:33 --> Session: Class initialized using 'CodeIgniter\Session\Handlers\FileHandler' driver.
INFO - 2021-12-22 12:20:33 --> Session: Class initialized using 'CodeIgniter\Session\Handlers\FileHandler' driver.
INFO - 2021-12-22 12:22:32 --> Session: Class initialized using 'CodeIgniter\Session\Handlers\FileHandler' driver.
INFO - 2021-12-22 12:22:35 --> Session: Class initialized using 'CodeIgniter\Session\Handlers\FileHandler' driver.
INFO - 2021-12-22 12:22:35 --> Session: Class initialized using 'CodeIgniter\Session\Handlers\FileHandler' driver.
INFO - 2021-12-22 12:22:35 --> Session: Class initialized using 'CodeIgniter\Session\Handlers\FileHandler' driver.
INFO - 2021-12-22 12:22:40 --> Session: Class initialized using 'CodeIgniter\Session\Handlers\FileHandler' driver.
INFO - 2021-12-22 12:23:20 --> Session: Class initialized using 'CodeIgniter\Session\Handlers\FileHandler' driver.
INFO - 2021-12-22 12:23:22 --> Session: Class initialized using 'CodeIgniter\Session\Handlers\FileHandler' driver.
INFO - 2021-12-22 12:23:22 --> Session: Class initialized using 'CodeIgniter\Session\Handlers\FileHandler' driver.
INFO - 2021-12-22 12:23:23 --> Session: Class initialized using 'CodeIgniter\Session\Handlers\FileHandler' driver.
INFO - 2021-12-22 12:23:28 --> Session: Class initialized using 'CodeIgniter\Session\Handlers\FileHandler' driver.
INFO - 2021-12-22 12:25:18 --> Session: Class initialized using 'CodeIgniter\Session\Handlers\FileHandler' driver.
INFO - 2021-12-22 12:25:21 --> Session: Class initialized using 'CodeIgniter\Session\Handlers\FileHandler' driver.
INFO - 2021-12-22 12:25:21 --> Session: Class initialized using 'CodeIgniter\Session\Handlers\FileHandler' driver.
INFO - 2021-12-22 12:25:21 --> Session: Class initialized using 'CodeIgniter\Session\Handlers\FileHandler' driver.
INFO - 2021-12-22 12:25:30 --> Session: Class initialized using 'CodeIgniter\Session\Handlers\FileHandler' driver.
INFO - 2021-12-22 12:25:35 --> Session: Class initialized using 'CodeIgniter\Session\Handlers\FileHandler' driver.
INFO - 2021-12-22 12:25:35 --> Session: Class initialized using 'CodeIgniter\Session\Handlers\FileHandler' driver.
INFO - 2021-12-22 12:25:35 --> Session: Class initialized using 'CodeIgniter\Session\Handlers\FileHandler' driver.
INFO - 2021-12-22 12:25:40 --> Session: Class initialized using 'CodeIgniter\Session\Handlers\FileHandler' driver.
INFO - 2021-12-22 12:26:34 --> Session: Class initialized using 'CodeIgniter\Session\Handlers\FileHandler' driver.
INFO - 2021-12-22 12:26:37 --> Session: Class initialized using 'CodeIgniter\Session\Handlers\FileHandler' driver.
INFO - 2021-12-22 12:26:37 --> Session: Class initialized using 'CodeIgniter\Session\Handlers\FileHandler' driver.
CRITICAL - 2021-12-22 12:26:37 --> preg_replace(): No ending delimiter '/' found
#0 [internal function]: CodeIgniter\Debug\Exceptions->errorHandler(2, 'preg_replace():...', '/var/www/html/m...', 255, Array)
#1 /var/www/html/mymisdiagnosis/app/Controllers/Posteditor.php(255): preg_replace('/[^A-Za-z0-9 ', '-', 'how_-to-use-thi...')
#2 [internal function]: App\Controllers\Posteditor->rename_temp_filenames(Object(stdClass))
#3 /var/www/html/mymisdiagnosis/app/Libraries/GroceryCrud.php(1049): call_user_func(Array, Object(stdClass))
#4 /var/www/html/mymisdiagnosis/app/Libraries/GroceryCrud.php(4570): App\Libraries\grocery_CRUD_Model_Driver->db_update(Object(stdClass))
#5 /var/www/html/mymisdiagnosis/app/Controllers/Posteditor.php(133): App\Libraries\GroceryCrud->render()
#6 /var/www/html/mymisdiagnosis/system/CodeIgniter.php(936): App\Controllers\Posteditor->posts('update', '123')
#7 /var/www/html/mymisdiagnosis/system/CodeIgniter.php(432): CodeIgniter\CodeIgniter->runController(Object(App\Controllers\Posteditor))
#8 /var/www/html/mymisdiagnosis/system/CodeIgniter.php(333): CodeIgniter\CodeIgniter->handleRequest(NULL, Object(Config\Cache), false)
#9 /var/www/html/mymisdiagnosis/index.php(44): CodeIgniter\CodeIgniter->run()
#10 {main}
INFO - 2021-12-22 12:27:03 --> Session: Class initialized using 'CodeIgniter\Session\Handlers\FileHandler' driver.
INFO - 2021-12-22 12:27:05 --> Session: Class initialized using 'CodeIgniter\Session\Handlers\FileHandler' driver.
INFO - 2021-12-22 12:27:05 --> Session: Class initialized using 'CodeIgniter\Session\Handlers\FileHandler' driver.
INFO - 2021-12-22 12:27:05 --> Session: Class initialized using 'CodeIgniter\Session\Handlers\FileHandler' driver.
INFO - 2021-12-22 12:27:12 --> Session: Class initialized using 'CodeIgniter\Session\Handlers\FileHandler' driver.
INFO - 2021-12-22 12:27:25 --> Session: Class initialized using 'CodeIgniter\Session\Handlers\FileHandler' driver.
INFO - 2021-12-22 12:27:25 --> Session: Class initialized using 'CodeIgniter\Session\Handlers\FileHandler' driver.
INFO - 2021-12-22 12:27:25 --> Session: Class initialized using 'CodeIgniter\Session\Handlers\FileHandler' driver.
INFO - 2021-12-22 12:27:43 --> Session: Class initialized using 'CodeIgniter\Session\Handlers\FileHandler' driver.
INFO - 2021-12-22 12:27:43 --> Session: Class initialized using 'CodeIgniter\Session\Handlers\FileHandler' driver.
INFO - 2021-12-22 12:27:47 --> Session: Class initialized using 'CodeIgniter\Session\Handlers\FileHandler' driver.
INFO - 2021-12-22 12:27:49 --> Session: Class initialized using 'CodeIgniter\Session\Handlers\FileHandler' driver.
WARNING - 2021-12-22 12:27:49 --> Session: Sessions is enabled, and one exists.Please don't $session->start();
INFO - 2021-12-22 12:27:55 --> Session: Class initialized using 'CodeIgniter\Session\Handlers\FileHandler' driver.
WARNING - 2021-12-22 12:27:55 --> Session: Sessions is enabled, and one exists.Please don't $session->start();
INFO - 2021-12-22 12:28:01 --> Session: Class initialized using 'CodeIgniter\Session\Handlers\FileHandler' driver.
WARNING - 2021-12-22 12:28:01 --> Session: Sessions is enabled, and one exists.Please don't $session->start();
INFO - 2021-12-22 12:28:04 --> Session: Class initialized using 'CodeIgniter\Session\Handlers\FileHandler' driver.
WARNING - 2021-12-22 12:28:04 --> Session: Sessions is enabled, and one exists.Please don't $session->start();
INFO - 2021-12-22 13:51:20 --> Session: Class initialized using 'CodeIgniter\Session\Handlers\FileHandler' driver.
INFO - 2021-12-22 13:51:31 --> Session: Class initialized using 'CodeIgniter\Session\Handlers\FileHandler' driver.
WARNING - 2021-12-22 13:51:31 --> Session: Sessions is enabled, and one exists.Please don't $session->start();
INFO - 2021-12-22 13:54:01 --> Session: Class initialized using 'CodeIgniter\Session\Handlers\FileHandler' driver.
WARNING - 2021-12-22 13:54:01 --> Session: Sessions is enabled, and one exists.Please don't $session->start();
INFO - 2021-12-22 13:54:06 --> Session: Class initialized using 'CodeIgniter\Session\Handlers\FileHandler' driver.
WARNING - 2021-12-22 13:54:06 --> Session: Sessions is enabled, and one exists.Please don't $session->start();
INFO - 2021-12-22 13:54:08 --> Session: Class initialized using 'CodeIgniter\Session\Handlers\FileHandler' driver.
WARNING - 2021-12-22 13:54:08 --> Session: Sessions is enabled, and one exists.Please don't $session->start();
INFO - 2021-12-22 13:55:06 --> Session: Class initialized using 'CodeIgniter\Session\Handlers\FileHandler' driver.
WARNING - 2021-12-22 13:55:06 --> Session: Sessions is enabled, and one exists.Please don't $session->start();
INFO - 2021-12-22 13:55:37 --> Session: Class initialized using 'CodeIgniter\Session\Handlers\FileHandler' driver.
WARNING - 2021-12-22 13:55:37 --> Session: Sessions is enabled, and one exists.Please don't $session->start();
INFO - 2021-12-22 13:56:04 --> Session: Class initialized using 'CodeIgniter\Session\Handlers\FileHandler' driver.
WARNING - 2021-12-22 13:56:04 --> Session: Sessions is enabled, and one exists.Please don't $session->start();
INFO - 2021-12-22 13:56:06 --> Session: Class initialized using 'CodeIgniter\Session\Handlers\FileHandler' driver.
WARNING - 2021-12-22 13:56:06 --> Session: Sessions is enabled, and one exists.Please don't $session->start();
INFO - 2021-12-22 13:56:09 --> Session: Class initialized using 'CodeIgniter\Session\Handlers\FileHandler' driver.
WARNING - 2021-12-22 13:56:09 --> Session: Sessions is enabled, and one exists.Please don't $session->start();
INFO - 2021-12-22 13:56:11 --> Session: Class initialized using 'CodeIgniter\Session\Handlers\FileHandler' driver.
WARNING - 2021-12-22 13:56:11 --> Session: Sessions is enabled, and one exists.Please don't $session->start();
INFO - 2021-12-22 13:56:14 --> Session: Class initialized using 'CodeIgniter\Session\Handlers\FileHandler' driver.
WARNING - 2021-12-22 13:56:14 --> Session: Sessions is enabled, and one exists.Please don't $session->start();
INFO - 2021-12-22 13:56:15 --> Session: Class initialized using 'CodeIgniter\Session\Handlers\FileHandler' driver.
INFO - 2021-12-22 13:56:16 --> Session: Class initialized using 'CodeIgniter\Session\Handlers\FileHandler' driver.
WARNING - 2021-12-22 13:56:16 --> Session: Sessions is enabled, and one exists.Please don't $session->start();
INFO - 2021-12-22 13:56:23 --> Session: Class initialized using 'CodeIgniter\Session\Handlers\FileHandler' driver.
INFO - 2021-12-22 13:56:23 --> Session: Class initialized using 'CodeIgniter\Session\Handlers\FileHandler' driver.
INFO - 2021-12-22 13:56:24 --> Session: Class initialized using 'CodeIgniter\Session\Handlers\FileHandler' driver.
INFO - 2021-12-22 13:56:24 --> Session: Class initialized using 'CodeIgniter\Session\Handlers\FileHandler' driver.
INFO - 2021-12-22 13:56:24 --> Session: Class initialized using 'CodeIgniter\Session\Handlers\FileHandler' driver.
INFO - 2021-12-22 13:56:24 --> Session: Class initialized using 'CodeIgniter\Session\Handlers\FileHandler' driver.
INFO - 2021-12-22 13:56:29 --> Session: Class initialized using 'CodeIgniter\Session\Handlers\FileHandler' driver.
INFO - 2021-12-22 13:56:35 --> Session: Class initialized using 'CodeIgniter\Session\Handlers\FileHandler' driver.
WARNING - 2021-12-22 13:56:35 --> Session: Sessions is enabled, and one exists.Please don't $session->start();
INFO - 2021-12-22 13:56:39 --> Session: Class initialized using 'CodeIgniter\Session\Handlers\FileHandler' driver.
WARNING - 2021-12-22 13:56:39 --> Session: Sessions is enabled, and one exists.Please don't $session->start();
INFO - 2021-12-22 13:56:42 --> Session: Class initialized using 'CodeIgniter\Session\Handlers\FileHandler' driver.
INFO - 2021-12-22 13:57:12 --> Session: Class initialized using 'CodeIgniter\Session\Handlers\FileHandler' driver.
INFO - 2021-12-22 13:57:17 --> Session: Class initialized using 'CodeIgniter\Session\Handlers\FileHandler' driver.
WARNING - 2021-12-22 13:57:17 --> Session: Sessions is enabled, and one exists.Please don't $session->start();
INFO - 2021-12-22 13:57:20 --> Session: Class initialized using 'CodeIgniter\Session\Handlers\FileHandler' driver.
INFO - 2021-12-22 13:57:24 --> Session: Class initialized using 'CodeIgniter\Session\Handlers\FileHandler' driver.
INFO - 2021-12-22 13:57:27 --> Session: Class initialized using 'CodeIgniter\Session\Handlers\FileHandler' driver.
WARNING - 2021-12-22 13:57:27 --> Session: Sessions is enabled, and one exists.Please don't $session->start();
CRITICAL - 2021-12-22 13:57:27 --> Undefined variable: meta_title
#0 /var/www/html/mymisdiagnosis/app/Views/auth_internetics/header.php(7): CodeIgniter\Debug\Exceptions->errorHandler(8, 'Undefined varia...', '/var/www/html/m...', 7, Array)
#1 /var/www/html/mymisdiagnosis/system/View/View.php(220): include('/var/www/html/m...')
#2 /var/www/html/mymisdiagnosis/system/View/View.php(222): CodeIgniter\View\View->CodeIgniter\View\{closure}()
#3 /var/www/html/mymisdiagnosis/system/Common.php(1217): CodeIgniter\View\View->render('auth_internetic...', Array, true)
#4 /var/www/html/mymisdiagnosis/app/Controllers/Post.php(111): view('auth_internetic...', Array)
#5 /var/www/html/mymisdiagnosis/system/CodeIgniter.php(936): App\Controllers\Post->display('123')
#6 /var/www/html/mymisdiagnosis/system/CodeIgniter.php(432): CodeIgniter\CodeIgniter->runController(Object(App\Controllers\Post))
#7 /var/www/html/mymisdiagnosis/system/CodeIgniter.php(333): CodeIgniter\CodeIgniter->handleRequest(NULL, Object(Config\Cache), false)
#8 /var/www/html/mymisdiagnosis/index.php(44): CodeIgniter\CodeIgniter->run()
#9 {main}
INFO - 2021-12-22 13:57:51 --> Session: Class initialized using 'CodeIgniter\Session\Handlers\FileHandler' driver.
WARNING - 2021-12-22 13:57:51 --> Session: Sessions is enabled, and one exists.Please don't $session->start();
INFO - 2021-12-22 13:57:52 --> Session: Class initialized using 'CodeIgniter\Session\Handlers\FileHandler' driver.
WARNING - 2021-12-22 13:57:52 --> Session: Sessions is enabled, and one exists.Please don't $session->start();
INFO - 2021-12-22 13:57:56 --> Session: Class initialized using 'CodeIgniter\Session\Handlers\FileHandler' driver.
INFO - 2021-12-22 13:58:01 --> Session: Class initialized using 'CodeIgniter\Session\Handlers\FileHandler' driver.
INFO - 2021-12-22 13:58:01 --> Session: Class initialized using 'CodeIgniter\Session\Handlers\FileHandler' driver.
INFO - 2021-12-22 13:58:02 --> Session: Class initialized using 'CodeIgniter\Session\Handlers\FileHandler' driver.
INFO - 2021-12-22 13:58:49 --> Session: Class initialized using 'CodeIgniter\Session\Handlers\FileHandler' driver.
WARNING - 2021-12-22 13:58:49 --> Session: Sessions is enabled, and one exists.Please don't $session->start();
INFO - 2021-12-22 13:58:51 --> Session: Class initialized using 'CodeIgniter\Session\Handlers\FileHandler' driver.
INFO - 2021-12-22 13:58:53 --> Session: Class initialized using 'CodeIgniter\Session\Handlers\FileHandler' driver.
WARNING - 2021-12-22 13:58:53 --> Session: Sessions is enabled, and one exists.Please don't $session->start();
INFO - 2021-12-22 13:58:55 --> Session: Class initialized using 'CodeIgniter\Session\Handlers\FileHandler' driver.
WARNING - 2021-12-22 13:58:55 --> Session: Sessions is enabled, and one exists.Please don't $session->start();
INFO - 2021-12-22 13:58:57 --> Session: Class initialized using 'CodeIgniter\Session\Handlers\FileHandler' driver.
WARNING - 2021-12-22 13:58:57 --> Session: Sessions is enabled, and one exists.Please don't $session->start();
INFO - 2021-12-22 13:59:00 --> Session: Class initialized using 'CodeIgniter\Session\Handlers\FileHandler' driver.
INFO - 2021-12-22 13:59:04 --> Session: Class initialized using 'CodeIgniter\Session\Handlers\FileHandler' driver.
INFO - 2021-12-22 13:59:06 --> Session: Class initialized using 'CodeIgniter\Session\Handlers\FileHandler' driver.
WARNING - 2021-12-22 13:59:06 --> Session: Sessions is enabled, and one exists.Please don't $session->start();
INFO - 2021-12-22 13:59:11 --> Session: Class initialized using 'CodeIgniter\Session\Handlers\FileHandler' driver.
WARNING - 2021-12-22 13:59:11 --> Session: Sessions is enabled, and one exists.Please don't $session->start();
INFO - 2021-12-22 13:59:14 --> Session: Class initialized using 'CodeIgniter\Session\Handlers\FileHandler' driver.
WARNING - 2021-12-22 13:59:14 --> Session: Sessions is enabled, and one exists.Please don't $session->start();
INFO - 2021-12-22 13:59:21 --> Session: Class initialized using 'CodeIgniter\Session\Handlers\FileHandler' driver.
WARNING - 2021-12-22 13:59:21 --> Session: Sessions is enabled, and one exists.Please don't $session->start();
INFO - 2021-12-22 13:59:23 --> Session: Class initialized using 'CodeIgniter\Session\Handlers\FileHandler' driver.
WARNING - 2021-12-22 13:59:23 --> Session: Sessions is enabled, and one exists.Please don't $session->start();
INFO - 2021-12-22 13:59:24 --> Session: Class initialized using 'CodeIgniter\Session\Handlers\FileHandler' driver.
INFO - 2021-12-22 13:59:37 --> Session: Class initialized using 'CodeIgniter\Session\Handlers\FileHandler' driver.
INFO - 2021-12-22 13:59:38 --> Session: Class initialized using 'CodeIgniter\Session\Handlers\FileHandler' driver.
INFO - 2021-12-22 13:59:38 --> Session: Class initialized using 'CodeIgniter\Session\Handlers\FileHandler' driver.
INFO - 2021-12-22 13:59:42 --> Session: Class initialized using 'CodeIgniter\Session\Handlers\FileHandler' driver.
WARNING - 2021-12-22 13:59:42 --> Session: Sessions is enabled, and one exists.Please don't $session->start();
INFO - 2021-12-22 14:01:41 --> Session: Class initialized using 'CodeIgniter\Session\Handlers\FileHandler' driver.
INFO - 2021-12-22 14:01:45 --> Session: Class initialized using 'CodeIgniter\Session\Handlers\FileHandler' driver.
WARNING - 2021-12-22 14:01:45 --> Session: Sessions is enabled, and one exists.Please don't $session->start();
INFO - 2021-12-22 14:01:50 --> Session: Class initialized using 'CodeIgniter\Session\Handlers\FileHandler' driver.
WARNING - 2021-12-22 14:01:50 --> Session: Sessions is enabled, and one exists.Please don't $session->start();
INFO - 2021-12-22 14:01:51 --> Session: Class initialized using 'CodeIgniter\Session\Handlers\FileHandler' driver.
WARNING - 2021-12-22 14:01:51 --> Session: Sessions is enabled, and one exists.Please don't $session->start();
INFO - 2021-12-22 14:01:53 --> Session: Class initialized using 'CodeIgniter\Session\Handlers\FileHandler' driver.
INFO - 2021-12-22 14:02:20 --> Session: Class initialized using 'CodeIgniter\Session\Handlers\FileHandler' driver.
INFO - 2021-12-22 14:02:20 --> Session: Class initialized using 'CodeIgniter\Session\Handlers\FileHandler' driver.
WARNING - 2021-12-22 14:02:20 --> Session: Sessions is enabled, and one exists.Please don't $session->start();
INFO - 2021-12-22 14:02:21 --> Session: Class initialized using 'CodeIgniter\Session\Handlers\FileHandler' driver.
WARNING - 2021-12-22 14:02:21 --> Session: Sessions is enabled, and one exists.Please don't $session->start();
INFO - 2021-12-22 14:02:21 --> Session: Class initialized using 'CodeIgniter\Session\Handlers\FileHandler' driver.
WARNING - 2021-12-22 14:02:21 --> Session: Sessions is enabled, and one exists.Please don't $session->start();
INFO - 2021-12-22 14:02:23 --> Session: Class initialized using 'CodeIgniter\Session\Handlers\FileHandler' driver.
WARNING - 2021-12-22 14:02:23 --> Session: Sessions is enabled, and one exists.Please don't $session->start();
INFO - 2021-12-22 14:02:24 --> Session: Class initialized using 'CodeIgniter\Session\Handlers\FileHandler' driver.
WARNING - 2021-12-22 14:02:24 --> Session: Sessions is enabled, and one exists.Please don't $session->start();
INFO - 2021-12-22 14:02:26 --> Session: Class initialized using 'CodeIgniter\Session\Handlers\FileHandler' driver.
INFO - 2021-12-22 14:02:27 --> Session: Class initialized using 'CodeIgniter\Session\Handlers\FileHandler' driver.
INFO - 2021-12-22 14:02:28 --> Session: Class initialized using 'CodeIgniter\Session\Handlers\FileHandler' driver.
WARNING - 2021-12-22 14:02:28 --> Session: Sessions is enabled, and one exists.Please don't $session->start();
INFO - 2021-12-22 14:02:29 --> Session: Class initialized using 'CodeIgniter\Session\Handlers\FileHandler' driver.
INFO - 2021-12-22 14:05:39 --> Session: Class initialized using 'CodeIgniter\Session\Handlers\FileHandler' driver.
WARNING - 2021-12-22 14:05:39 --> Session: Sessions is enabled, and one exists.Please don't $session->start();
INFO - 2021-12-22 14:15:09 --> Session: Class initialized using 'CodeIgniter\Session\Handlers\FileHandler' driver.
WARNING - 2021-12-22 14:15:09 --> Session: Sessions is enabled, and one exists.Please don't $session->start();
INFO - 2021-12-22 14:15:55 --> Session: Class initialized using 'CodeIgniter\Session\Handlers\FileHandler' driver.
WARNING - 2021-12-22 14:15:55 --> Session: Sessions is enabled, and one exists.Please don't $session->start();
INFO - 2021-12-22 14:17:16 --> Session: Class initialized using 'CodeIgniter\Session\Handlers\FileHandler' driver.
WARNING - 2021-12-22 14:17:16 --> Session: Sessions is enabled, and one exists.Please don't $session->start();
INFO - 2021-12-22 14:17:47 --> Session: Class initialized using 'CodeIgniter\Session\Handlers\FileHandler' driver.
WARNING - 2021-12-22 14:17:47 --> Session: Sessions is enabled, and one exists.Please don't $session->start();
INFO - 2021-12-22 14:21:42 --> Session: Class initialized using 'CodeIgniter\Session\Handlers\FileHandler' driver.
WARNING - 2021-12-22 14:21:42 --> Session: Sessions is enabled, and one exists.Please don't $session->start();
INFO - 2021-12-22 14:23:47 --> Session: Class initialized using 'CodeIgniter\Session\Handlers\FileHandler' driver.
WARNING - 2021-12-22 14:23:47 --> Session: Sessions is enabled, and one exists.Please don't $session->start();
INFO - 2021-12-22 14:24:16 --> Session: Class initialized using 'CodeIgniter\Session\Handlers\FileHandler' driver.
WARNING - 2021-12-22 14:24:16 --> Session: Sessions is enabled, and one exists.Please don't $session->start();
INFO - 2021-12-22 14:24:32 --> Session: Class initialized using 'CodeIgniter\Session\Handlers\FileHandler' driver.
WARNING - 2021-12-22 14:24:32 --> Session: Sessions is enabled, and one exists.Please don't $session->start();
INFO - 2021-12-22 14:24:49 --> Session: Class initialized using 'CodeIgniter\Session\Handlers\FileHandler' driver.
WARNING - 2021-12-22 14:24:49 --> Session: Sessions is enabled, and one exists.Please don't $session->start();
INFO - 2021-12-22 14:26:14 --> Session: Class initialized using 'CodeIgniter\Session\Handlers\FileHandler' driver.
WARNING - 2021-12-22 14:26:14 --> Session: Sessions is enabled, and one exists.Please don't $session->start();
INFO - 2021-12-22 14:27:45 --> Session: Class initialized using 'CodeIgniter\Session\Handlers\FileHandler' driver.
WARNING - 2021-12-22 14:27:45 --> Session: Sessions is enabled, and one exists.Please don't $session->start();
INFO - 2021-12-22 14:27:47 --> Session: Class initialized using 'CodeIgniter\Session\Handlers\FileHandler' driver.
WARNING - 2021-12-22 14:27:47 --> Session: Sessions is enabled, and one exists.Please don't $session->start();
INFO - 2021-12-22 14:31:24 --> Session: Class initialized using 'CodeIgniter\Session\Handlers\FileHandler' driver.
WARNING - 2021-12-22 14:31:24 --> Session: Sessions is enabled, and one exists.Please don't $session->start();
INFO - 2021-12-22 14:32:01 --> Session: Class initialized using 'CodeIgniter\Session\Handlers\FileHandler' driver.
WARNING - 2021-12-22 14:32:01 --> Session: Sessions is enabled, and one exists.Please don't $session->start();
INFO - 2021-12-22 14:34:34 --> Session: Class initialized using 'CodeIgniter\Session\Handlers\FileHandler' driver.
WARNING - 2021-12-22 14:34:34 --> Session: Sessions is enabled, and one exists.Please don't $session->start();
INFO - 2021-12-22 14:35:07 --> Session: Class initialized using 'CodeIgniter\Session\Handlers\FileHandler' driver.
WARNING - 2021-12-22 14:35:07 --> Session: Sessions is enabled, and one exists.Please don't $session->start();
INFO - 2021-12-22 14:36:06 --> Session: Class initialized using 'CodeIgniter\Session\Handlers\FileHandler' driver.
WARNING - 2021-12-22 14:36:06 --> Session: Sessions is enabled, and one exists.Please don't $session->start();
INFO - 2021-12-22 14:36:22 --> Session: Class initialized using 'CodeIgniter\Session\Handlers\FileHandler' driver.
WARNING - 2021-12-22 14:36:22 --> Session: Sessions is enabled, and one exists.Please don't $session->start();
INFO - 2021-12-22 14:39:49 --> Session: Class initialized using 'CodeIgniter\Session\Handlers\FileHandler' driver.
WARNING - 2021-12-22 14:39:49 --> Session: Sessions is enabled, and one exists.Please don't $session->start();
INFO - 2021-12-22 14:39:51 --> Session: Class initialized using 'CodeIgniter\Session\Handlers\FileHandler' driver.
WARNING - 2021-12-22 14:39:51 --> Session: Sessions is enabled, and one exists.Please don't $session->start();
INFO - 2021-12-22 14:41:19 --> Session: Class initialized using 'CodeIgniter\Session\Handlers\FileHandler' driver.
WARNING - 2021-12-22 14:41:19 --> Session: Sessions is enabled, and one exists.Please don't $session->start();
INFO - 2021-12-22 14:46:05 --> Session: Class initialized using 'CodeIgniter\Session\Handlers\FileHandler' driver.
WARNING - 2021-12-22 14:46:05 --> Session: Sessions is enabled, and one exists.Please don't $session->start();
INFO - 2021-12-22 14:46:36 --> Session: Class initialized using 'CodeIgniter\Session\Handlers\FileHandler' driver.
WARNING - 2021-12-22 14:46:36 --> Session: Sessions is enabled, and one exists.Please don't $session->start();
INFO - 2021-12-22 14:48:26 --> Session: Class initialized using 'CodeIgniter\Session\Handlers\FileHandler' driver.
WARNING - 2021-12-22 14:48:26 --> Session: Sessions is enabled, and one exists.Please don't $session->start();
INFO - 2021-12-22 14:49:31 --> Session: Class initialized using 'CodeIgniter\Session\Handlers\FileHandler' driver.
WARNING - 2021-12-22 14:49:31 --> Session: Sessions is enabled, and one exists.Please don't $session->start();
INFO - 2021-12-22 14:49:58 --> Session: Class initialized using 'CodeIgniter\Session\Handlers\FileHandler' driver.
WARNING - 2021-12-22 14:49:58 --> Session: Sessions is enabled, and one exists.Please don't $session->start();
INFO - 2021-12-22 14:50:07 --> Session: Class initialized using 'CodeIgniter\Session\Handlers\FileHandler' driver.
WARNING - 2021-12-22 14:50:07 --> Session: Sessions is enabled, and one exists.Please don't $session->start();
INFO - 2021-12-22 14:50:10 --> Session: Class initialized using 'CodeIgniter\Session\Handlers\FileHandler' driver.
WARNING - 2021-12-22 14:50:10 --> Session: Sessions is enabled, and one exists.Please don't $session->start();
INFO - 2021-12-22 14:50:34 --> Session: Class initialized using 'CodeIgniter\Session\Handlers\FileHandler' driver.
WARNING - 2021-12-22 14:50:34 --> Session: Sessions is enabled, and one exists.Please don't $session->start();
INFO - 2021-12-22 14:50:39 --> Session: Class initialized using 'CodeIgniter\Session\Handlers\FileHandler' driver.
INFO - 2021-12-22 14:50:47 --> Session: Class initialized using 'CodeIgniter\Session\Handlers\FileHandler' driver.
WARNING - 2021-12-22 14:50:47 --> Session: Sessions is enabled, and one exists.Please don't $session->start();
INFO - 2021-12-22 14:52:22 --> Session: Class initialized using 'CodeIgniter\Session\Handlers\FileHandler' driver.
WARNING - 2021-12-22 14:52:22 --> Session: Sessions is enabled, and one exists.Please don't $session->start();
INFO - 2021-12-22 14:52:56 --> Session: Class initialized using 'CodeIgniter\Session\Handlers\FileHandler' driver.
WARNING - 2021-12-22 14:52:56 --> Session: Sessions is enabled, and one exists.Please don't $session->start();
INFO - 2021-12-22 14:54:40 --> Session: Class initialized using 'CodeIgniter\Session\Handlers\FileHandler' driver.
WARNING - 2021-12-22 14:54:40 --> Session: Sessions is enabled, and one exists.Please don't $session->start();
INFO - 2021-12-22 14:54:53 --> Session: Class initialized using 'CodeIgniter\Session\Handlers\FileHandler' driver.
WARNING - 2021-12-22 14:54:53 --> Session: Sessions is enabled, and one exists.Please don't $session->start();
INFO - 2021-12-22 14:54:58 --> Session: Class initialized using 'CodeIgniter\Session\Handlers\FileHandler' driver.
WARNING - 2021-12-22 14:54:58 --> Session: Sessions is enabled, and one exists.Please don't $session->start();
INFO - 2021-12-22 14:55:00 --> Session: Class initialized using 'CodeIgniter\Session\Handlers\FileHandler' driver.
INFO - 2021-12-22 14:55:04 --> Session: Class initialized using 'CodeIgniter\Session\Handlers\FileHandler' driver.
INFO - 2021-12-22 14:55:04 --> Session: Class initialized using 'CodeIgniter\Session\Handlers\FileHandler' driver.
INFO - 2021-12-22 14:55:09 --> Session: Class initialized using 'CodeIgniter\Session\Handlers\FileHandler' driver.
INFO - 2021-12-22 14:55:16 --> Session: Class initialized using 'CodeIgniter\Session\Handlers\FileHandler' driver.
WARNING - 2021-12-22 14:55:16 --> Session: Sessions is enabled, and one exists.Please don't $session->start();
INFO - 2021-12-22 14:55:46 --> Session: Class initialized using 'CodeIgniter\Session\Handlers\FileHandler' driver.
WARNING - 2021-12-22 14:55:46 --> Session: Sessions is enabled, and one exists.Please don't $session->start();
INFO - 2021-12-22 14:55:58 --> Session: Class initialized using 'CodeIgniter\Session\Handlers\FileHandler' driver.
WARNING - 2021-12-22 14:55:58 --> Session: Sessions is enabled, and one exists.Please don't $session->start();
INFO - 2021-12-22 14:56:48 --> Session: Class initialized using 'CodeIgniter\Session\Handlers\FileHandler' driver.
WARNING - 2021-12-22 14:56:48 --> Session: Sessions is enabled, and one exists.Please don't $session->start();
INFO - 2021-12-22 14:57:07 --> Session: Class initialized using 'CodeIgniter\Session\Handlers\FileHandler' driver.
WARNING - 2021-12-22 14:57:07 --> Session: Sessions is enabled, and one exists.Please don't $session->start();
INFO - 2021-12-22 14:57:09 --> Session: Class initialized using 'CodeIgniter\Session\Handlers\FileHandler' driver.
WARNING - 2021-12-22 14:57:09 --> Session: Sessions is enabled, and one exists.Please don't $session->start();
INFO - 2021-12-22 14:57:47 --> Session: Class initialized using 'CodeIgniter\Session\Handlers\FileHandler' driver.
WARNING - 2021-12-22 14:57:47 --> Session: Sessions is enabled, and one exists.Please don't $session->start();
INFO - 2021-12-22 14:58:48 --> Session: Class initialized using 'CodeIgniter\Session\Handlers\FileHandler' driver.
WARNING - 2021-12-22 14:58:48 --> Session: Sessions is enabled, and one exists.Please don't $session->start();
INFO - 2021-12-22 14:59:27 --> Session: Class initialized using 'CodeIgniter\Session\Handlers\FileHandler' driver.
WARNING - 2021-12-22 14:59:27 --> Session: Sessions is enabled, and one exists.Please don't $session->start();
INFO - 2021-12-22 14:59:49 --> Session: Class initialized using 'CodeIgniter\Session\Handlers\FileHandler' driver.
WARNING - 2021-12-22 14:59:49 --> Session: Sessions is enabled, and one exists.Please don't $session->start();
INFO - 2021-12-22 15:01:30 --> Session: Class initialized using 'CodeIgniter\Session\Handlers\FileHandler' driver.
WARNING - 2021-12-22 15:01:30 --> Session: Sessions is enabled, and one exists.Please don't $session->start();
INFO - 2021-12-22 15:01:32 --> Session: Class initialized using 'CodeIgniter\Session\Handlers\FileHandler' driver.
WARNING - 2021-12-22 15:01:32 --> Session: Sessions is enabled, and one exists.Please don't $session->start();
INFO - 2021-12-22 15:03:20 --> Session: Class initialized using 'CodeIgniter\Session\Handlers\FileHandler' driver.
WARNING - 2021-12-22 15:03:20 --> Session: Sessions is enabled, and one exists.Please don't $session->start();
INFO - 2021-12-22 15:03:45 --> Session: Class initialized using 'CodeIgniter\Session\Handlers\FileHandler' driver.
WARNING - 2021-12-22 15:03:45 --> Session: Sessions is enabled, and one exists.Please don't $session->start();
INFO - 2021-12-22 15:06:55 --> Session: Class initialized using 'CodeIgniter\Session\Handlers\FileHandler' driver.
WARNING - 2021-12-22 15:06:55 --> Session: Sessions is enabled, and one exists.Please don't $session->start();
INFO - 2021-12-22 15:08:11 --> Session: Class initialized using 'CodeIgniter\Session\Handlers\FileHandler' driver.
WARNING - 2021-12-22 15:08:11 --> Session: Sessions is enabled, and one exists.Please don't $session->start();
INFO - 2021-12-22 15:09:00 --> Session: Class initialized using 'CodeIgniter\Session\Handlers\FileHandler' driver.
WARNING - 2021-12-22 15:09:00 --> Session: Sessions is enabled, and one exists.Please don't $session->start();
INFO - 2021-12-22 15:09:40 --> Session: Class initialized using 'CodeIgniter\Session\Handlers\FileHandler' driver.
WARNING - 2021-12-22 15:09:40 --> Session: Sessions is enabled, and one exists.Please don't $session->start();
INFO - 2021-12-22 15:11:36 --> Session: Class initialized using 'CodeIgniter\Session\Handlers\FileHandler' driver.
WARNING - 2021-12-22 15:11:36 --> Session: Sessions is enabled, and one exists.Please don't $session->start();
INFO - 2021-12-22 15:11:55 --> Session: Class initialized using 'CodeIgniter\Session\Handlers\FileHandler' driver.
WARNING - 2021-12-22 15:11:55 --> Session: Sessions is enabled, and one exists.Please don't $session->start();
INFO - 2021-12-22 15:12:01 --> Session: Class initialized using 'CodeIgniter\Session\Handlers\FileHandler' driver.
INFO - 2021-12-22 15:12:07 --> Session: Class initialized using 'CodeIgniter\Session\Handlers\FileHandler' driver.
WARNING - 2021-12-22 15:12:07 --> Session: Sessions is enabled, and one exists.Please don't $session->start();
INFO - 2021-12-22 15:13:02 --> Session: Class initialized using 'CodeIgniter\Session\Handlers\FileHandler' driver.
WARNING - 2021-12-22 15:13:02 --> Session: Sessions is enabled, and one exists.Please don't $session->start();
INFO - 2021-12-22 15:13:12 --> Session: Class initialized using 'CodeIgniter\Session\Handlers\FileHandler' driver.
INFO - 2021-12-22 15:13:20 --> Session: Class initialized using 'CodeIgniter\Session\Handlers\FileHandler' driver.
WARNING - 2021-12-22 15:13:20 --> Session: Sessions is enabled, and one exists.Please don't $session->start();
INFO - 2021-12-22 15:13:38 --> Session: Class initialized using 'CodeIgniter\Session\Handlers\FileHandler' driver.
INFO - 2021-12-22 15:13:42 --> Session: Class initialized using 'CodeIgniter\Session\Handlers\FileHandler' driver.
WARNING - 2021-12-22 15:13:42 --> Session: Sessions is enabled, and one exists.Please don't $session->start();
INFO - 2021-12-22 15:14:41 --> Session: Class initialized using 'CodeIgniter\Session\Handlers\FileHandler' driver.
WARNING - 2021-12-22 15:14:41 --> Session: Sessions is enabled, and one exists.Please don't $session->start();
INFO - 2021-12-22 15:17:23 --> Session: Class initialized using 'CodeIgniter\Session\Handlers\FileHandler' driver.
WARNING - 2021-12-22 15:17:23 --> Session: Sessions is enabled, and one exists.Please don't $session->start();
INFO - 2021-12-22 15:17:42 --> Session: Class initialized using 'CodeIgniter\Session\Handlers\FileHandler' driver.
WARNING - 2021-12-22 15:17:42 --> Session: Sessions is enabled, and one exists.Please don't $session->start();
INFO - 2021-12-22 15:17:43 --> Session: Class initialized using 'CodeIgniter\Session\Handlers\FileHandler' driver.
WARNING - 2021-12-22 15:17:43 --> Session: Sessions is enabled, and one exists.Please don't $session->start();
INFO - 2021-12-22 15:18:53 --> Session: Class initialized using 'CodeIgniter\Session\Handlers\FileHandler' driver.
WARNING - 2021-12-22 15:18:53 --> Session: Sessions is enabled, and one exists.Please don't $session->start();
INFO - 2021-12-22 15:19:09 --> Session: Class initialized using 'CodeIgniter\Session\Handlers\FileHandler' driver.
INFO - 2021-12-22 15:19:19 --> Session: Class initialized using 'CodeIgniter\Session\Handlers\FileHandler' driver.
WARNING - 2021-12-22 15:19:19 --> Session: Sessions is enabled, and one exists.Please don't $session->start();
INFO - 2021-12-22 15:21:42 --> Session: Class initialized using 'CodeIgniter\Session\Handlers\FileHandler' driver.
WARNING - 2021-12-22 15:21:42 --> Session: Sessions is enabled, and one exists.Please don't $session->start();
INFO - 2021-12-22 15:21:54 --> Session: Class initialized using 'CodeIgniter\Session\Handlers\FileHandler' driver.
INFO - 2021-12-22 15:21:56 --> Session: Class initialized using 'CodeIgniter\Session\Handlers\FileHandler' driver.
WARNING - 2021-12-22 15:21:56 --> Session: Sessions is enabled, and one exists.Please don't $session->start();
INFO - 2021-12-22 15:22:01 --> Session: Class initialized using 'CodeIgniter\Session\Handlers\FileHandler' driver.
INFO - 2021-12-22 15:22:03 --> Session: Class initialized using 'CodeIgniter\Session\Handlers\FileHandler' driver.
WARNING - 2021-12-22 15:22:03 --> Session: Sessions is enabled, and one exists.Please don't $session->start();
INFO - 2021-12-22 15:24:35 --> Session: Class initialized using 'CodeIgniter\Session\Handlers\FileHandler' driver.
WARNING - 2021-12-22 15:24:35 --> Session: Sessions is enabled, and one exists.Please don't $session->start();
INFO - 2021-12-22 15:26:19 --> Session: Class initialized using 'CodeIgniter\Session\Handlers\FileHandler' driver.
WARNING - 2021-12-22 15:26:19 --> Session: Sessions is enabled, and one exists.Please don't $session->start();
INFO - 2021-12-22 15:26:30 --> Session: Class initialized using 'CodeIgniter\Session\Handlers\FileHandler' driver.
WARNING - 2021-12-22 15:26:30 --> Session: Sessions is enabled, and one exists.Please don't $session->start();
INFO - 2021-12-22 15:26:44 --> Session: Class initialized using 'CodeIgniter\Session\Handlers\FileHandler' driver.
WARNING - 2021-12-22 15:26:44 --> Session: Sessions is enabled, and one exists.Please don't $session->start();
INFO - 2021-12-22 15:27:00 --> Session: Class initialized using 'CodeIgniter\Session\Handlers\FileHandler' driver.
WARNING - 2021-12-22 15:27:00 --> Session: Sessions is enabled, and one exists.Please don't $session->start();
INFO - 2021-12-22 15:27:04 --> Session: Class initialized using 'CodeIgniter\Session\Handlers\FileHandler' driver.
WARNING - 2021-12-22 15:27:04 --> Session: Sessions is enabled, and one exists.Please don't $session->start();
INFO - 2021-12-22 15:28:50 --> Session: Class initialized using 'CodeIgniter\Session\Handlers\FileHandler' driver.
WARNING - 2021-12-22 15:28:50 --> Session: Sessions is enabled, and one exists.Please don't $session->start();
INFO - 2021-12-22 15:29:01 --> Session: Class initialized using 'CodeIgniter\Session\Handlers\FileHandler' driver.
WARNING - 2021-12-22 15:29:01 --> Session: Sessions is enabled, and one exists.Please don't $session->start();
INFO - 2021-12-22 15:29:38 --> Session: Class initialized using 'CodeIgniter\Session\Handlers\FileHandler' driver.
WARNING - 2021-12-22 15:29:38 --> Session: Sessions is enabled, and one exists.Please don't $session->start();
INFO - 2021-12-22 15:29:41 --> Session: Class initialized using 'CodeIgniter\Session\Handlers\FileHandler' driver.
WARNING - 2021-12-22 15:29:41 --> Session: Sessions is enabled, and one exists.Please don't $session->start();
INFO - 2021-12-22 15:29:52 --> Session: Class initialized using 'CodeIgniter\Session\Handlers\FileHandler' driver.
WARNING - 2021-12-22 15:29:52 --> Session: Sessions is enabled, and one exists.Please don't $session->start();
INFO - 2021-12-22 15:30:11 --> Session: Class initialized using 'CodeIgniter\Session\Handlers\FileHandler' driver.
WARNING - 2021-12-22 15:30:11 --> Session: Sessions is enabled, and one exists.Please don't $session->start();
INFO - 2021-12-22 15:32:00 --> Session: Class initialized using 'CodeIgniter\Session\Handlers\FileHandler' driver.
WARNING - 2021-12-22 15:32:00 --> Session: Sessions is enabled, and one exists.Please don't $session->start();
INFO - 2021-12-22 15:36:08 --> Session: Class initialized using 'CodeIgniter\Session\Handlers\FileHandler' driver.
WARNING - 2021-12-22 15:36:08 --> Session: Sessions is enabled, and one exists.Please don't $session->start();
INFO - 2021-12-22 15:37:19 --> Session: Class initialized using 'CodeIgniter\Session\Handlers\FileHandler' driver.
WARNING - 2021-12-22 15:37:19 --> Session: Sessions is enabled, and one exists.Please don't $session->start();
INFO - 2021-12-22 15:39:06 --> Session: Class initialized using 'CodeIgniter\Session\Handlers\FileHandler' driver.
WARNING - 2021-12-22 15:39:06 --> Session: Sessions is enabled, and one exists.Please don't $session->start();
INFO - 2021-12-22 15:39:20 --> Session: Class initialized using 'CodeIgniter\Session\Handlers\FileHandler' driver.
WARNING - 2021-12-22 15:39:20 --> Session: Sessions is enabled, and one exists.Please don't $session->start();
INFO - 2021-12-22 15:39:27 --> Session: Class initialized using 'CodeIgniter\Session\Handlers\FileHandler' driver.
WARNING - 2021-12-22 15:39:27 --> Session: Sessions is enabled, and one exists.Please don't $session->start();
INFO - 2021-12-22 15:39:30 --> Session: Class initialized using 'CodeIgniter\Session\Handlers\FileHandler' driver.
WARNING - 2021-12-22 15:39:30 --> Session: Sessions is enabled, and one exists.Please don't $session->start();
INFO - 2021-12-22 16:09:05 --> Session: Class initialized using 'CodeIgniter\Session\Handlers\FileHandler' driver.
WARNING - 2021-12-22 16:09:05 --> Session: Sessions is enabled, and one exists.Please don't $session->start();
INFO - 2021-12-22 16:09:57 --> Session: Class initialized using 'CodeIgniter\Session\Handlers\FileHandler' driver.
WARNING - 2021-12-22 16:09:57 --> Session: Sessions is enabled, and one exists.Please don't $session->start();
INFO - 2021-12-22 16:10:14 --> Session: Class initialized using 'CodeIgniter\Session\Handlers\FileHandler' driver.
WARNING - 2021-12-22 16:10:14 --> Session: Sessions is enabled, and one exists.Please don't $session->start();
INFO - 2021-12-22 16:10:16 --> Session: Class initialized using 'CodeIgniter\Session\Handlers\FileHandler' driver.
WARNING - 2021-12-22 16:10:16 --> Session: Sessions is enabled, and one exists.Please don't $session->start();
