CRITICAL - 2021-04-25 00:03:09 --> Undefined property: stdClass::$card_id
#0 /home/interne1/public_html/mymisdiagnosis/app/Controllers/Product.php(447): CodeIgniter\Debug\Exceptions->errorHandler(8, 'Undefined prope...', '/home/interne1/...', 447, Array)
#1 [internal function]: App\Controllers\Product->upload_image_1(NULL, NULL, Object(stdClass))
#2 /home/interne1/public_html/mymisdiagnosis/app/Libraries/InterneticsLibrary.php(240): call_user_func(Array, NULL, NULL, Object(stdClass))
#3 /home/interne1/public_html/mymisdiagnosis/app/Libraries/GroceryCrud.php(1765): App\Libraries\InterneticsLibrary->get_add_input_fields()
#4 /home/interne1/public_html/mymisdiagnosis/app/Libraries/GroceryCrud.php(4513): App\Libraries\grocery_CRUD_Layout->showAddForm()
#5 /home/interne1/public_html/mymisdiagnosis/app/Controllers/Product.php(270): App\Libraries\GroceryCrud->render()
#6 /home/interne1/public_html/mymisdiagnosis/system/CodeIgniter.php(936): App\Controllers\Product->cards('add')
#7 /home/interne1/public_html/mymisdiagnosis/system/CodeIgniter.php(432): CodeIgniter\CodeIgniter->runController(Object(App\Controllers\Product))
#8 /home/interne1/public_html/mymisdiagnosis/system/CodeIgniter.php(333): CodeIgniter\CodeIgniter->handleRequest(NULL, Object(Config\Cache), false)
#9 /home/interne1/public_html/mymisdiagnosis/public/index.php(44): CodeIgniter\CodeIgniter->run()
#10 {main}
CRITICAL - 2021-04-25 00:03:32 --> Undefined property: stdClass::$id
#0 /home/interne1/public_html/mymisdiagnosis/app/Controllers/Product.php(447): CodeIgniter\Debug\Exceptions->errorHandler(8, 'Undefined prope...', '/home/interne1/...', 447, Array)
#1 [internal function]: App\Controllers\Product->upload_image_1(NULL, NULL, Object(stdClass))
#2 /home/interne1/public_html/mymisdiagnosis/app/Libraries/InterneticsLibrary.php(240): call_user_func(Array, NULL, NULL, Object(stdClass))
#3 /home/interne1/public_html/mymisdiagnosis/app/Libraries/GroceryCrud.php(1765): App\Libraries\InterneticsLibrary->get_add_input_fields()
#4 /home/interne1/public_html/mymisdiagnosis/app/Libraries/GroceryCrud.php(4513): App\Libraries\grocery_CRUD_Layout->showAddForm()
#5 /home/interne1/public_html/mymisdiagnosis/app/Controllers/Product.php(270): App\Libraries\GroceryCrud->render()
#6 /home/interne1/public_html/mymisdiagnosis/system/CodeIgniter.php(936): App\Controllers\Product->cards('add')
#7 /home/interne1/public_html/mymisdiagnosis/system/CodeIgniter.php(432): CodeIgniter\CodeIgniter->runController(Object(App\Controllers\Product))
#8 /home/interne1/public_html/mymisdiagnosis/system/CodeIgniter.php(333): CodeIgniter\CodeIgniter->handleRequest(NULL, Object(Config\Cache), false)
#9 /home/interne1/public_html/mymisdiagnosis/public/index.php(44): CodeIgniter\CodeIgniter->run()
#10 {main}
CRITICAL - 2021-04-25 00:03:46 --> Undefined property: stdClass::$primary_id
#0 /home/interne1/public_html/mymisdiagnosis/app/Controllers/Product.php(447): CodeIgniter\Debug\Exceptions->errorHandler(8, 'Undefined prope...', '/home/interne1/...', 447, Array)
#1 [internal function]: App\Controllers\Product->upload_image_1(NULL, NULL, Object(stdClass))
#2 /home/interne1/public_html/mymisdiagnosis/app/Libraries/InterneticsLibrary.php(240): call_user_func(Array, NULL, NULL, Object(stdClass))
#3 /home/interne1/public_html/mymisdiagnosis/app/Libraries/GroceryCrud.php(1765): App\Libraries\InterneticsLibrary->get_add_input_fields()
#4 /home/interne1/public_html/mymisdiagnosis/app/Libraries/GroceryCrud.php(4513): App\Libraries\grocery_CRUD_Layout->showAddForm()
#5 /home/interne1/public_html/mymisdiagnosis/app/Controllers/Product.php(270): App\Libraries\GroceryCrud->render()
#6 /home/interne1/public_html/mymisdiagnosis/system/CodeIgniter.php(936): App\Controllers\Product->cards('add')
#7 /home/interne1/public_html/mymisdiagnosis/system/CodeIgniter.php(432): CodeIgniter\CodeIgniter->runController(Object(App\Controllers\Product))
#8 /home/interne1/public_html/mymisdiagnosis/system/CodeIgniter.php(333): CodeIgniter\CodeIgniter->handleRequest(NULL, Object(Config\Cache), false)
#9 /home/interne1/public_html/mymisdiagnosis/public/index.php(44): CodeIgniter\CodeIgniter->run()
#10 {main}
CRITICAL - 2021-04-25 00:20:11 --> Undefined index: card_id
#0 /home/interne1/public_html/mymisdiagnosis/app/Controllers/Product.php(347): CodeIgniter\Debug\Exceptions->errorHandler(8, 'Undefined index...', '/home/interne1/...', 347, Array)
#1 [internal function]: App\Controllers\Product->image_temp_routines(Object(stdClass))
#2 /home/interne1/public_html/mymisdiagnosis/app/Libraries/GroceryCrud.php(1049): call_user_func(Array, Object(stdClass))
#3 /home/interne1/public_html/mymisdiagnosis/app/Libraries/GroceryCrud.php(4570): App\Libraries\grocery_CRUD_Model_Driver->db_update(Object(stdClass))
#4 /home/interne1/public_html/mymisdiagnosis/app/Controllers/Product.php(270): App\Libraries\GroceryCrud->render()
#5 /home/interne1/public_html/mymisdiagnosis/system/CodeIgniter.php(936): App\Controllers\Product->cards('update', '5')
#6 /home/interne1/public_html/mymisdiagnosis/system/CodeIgniter.php(432): CodeIgniter\CodeIgniter->runController(Object(App\Controllers\Product))
#7 /home/interne1/public_html/mymisdiagnosis/system/CodeIgniter.php(333): CodeIgniter\CodeIgniter->handleRequest(NULL, Object(Config\Cache), false)
#8 /home/interne1/public_html/mymisdiagnosis/public/index.php(44): CodeIgniter\CodeIgniter->run()
#9 {main}
CRITICAL - 2021-04-25 00:25:22 --> Undefined index: card_id
#0 /home/interne1/public_html/mymisdiagnosis/app/Controllers/Product.php(347): CodeIgniter\Debug\Exceptions->errorHandler(8, 'Undefined index...', '/home/interne1/...', 347, Array)
#1 [internal function]: App\Controllers\Product->image_temp_routines(Object(stdClass))
#2 /home/interne1/public_html/mymisdiagnosis/app/Libraries/GroceryCrud.php(1049): call_user_func(Array, Object(stdClass))
#3 /home/interne1/public_html/mymisdiagnosis/app/Libraries/GroceryCrud.php(4570): App\Libraries\grocery_CRUD_Model_Driver->db_update(Object(stdClass))
#4 /home/interne1/public_html/mymisdiagnosis/app/Controllers/Product.php(270): App\Libraries\GroceryCrud->render()
#5 /home/interne1/public_html/mymisdiagnosis/system/CodeIgniter.php(936): App\Controllers\Product->cards('update', '5')
#6 /home/interne1/public_html/mymisdiagnosis/system/CodeIgniter.php(432): CodeIgniter\CodeIgniter->runController(Object(App\Controllers\Product))
#7 /home/interne1/public_html/mymisdiagnosis/system/CodeIgniter.php(333): CodeIgniter\CodeIgniter->handleRequest(NULL, Object(Config\Cache), false)
#8 /home/interne1/public_html/mymisdiagnosis/public/index.php(44): CodeIgniter\CodeIgniter->run()
#9 {main}
CRITICAL - 2021-04-25 00:29:20 --> Undefined index: card_id
#0 /home/interne1/public_html/mymisdiagnosis/app/Controllers/Product.php(347): CodeIgniter\Debug\Exceptions->errorHandler(8, 'Undefined index...', '/home/interne1/...', 347, Array)
#1 [internal function]: App\Controllers\Product->image_temp_routines(Object(stdClass))
#2 /home/interne1/public_html/mymisdiagnosis/app/Libraries/GroceryCrud.php(1049): call_user_func(Array, Object(stdClass))
#3 /home/interne1/public_html/mymisdiagnosis/app/Libraries/GroceryCrud.php(4570): App\Libraries\grocery_CRUD_Model_Driver->db_update(Object(stdClass))
#4 /home/interne1/public_html/mymisdiagnosis/app/Controllers/Product.php(270): App\Libraries\GroceryCrud->render()
#5 /home/interne1/public_html/mymisdiagnosis/system/CodeIgniter.php(936): App\Controllers\Product->cards('update', '5')
#6 /home/interne1/public_html/mymisdiagnosis/system/CodeIgniter.php(432): CodeIgniter\CodeIgniter->runController(Object(App\Controllers\Product))
#7 /home/interne1/public_html/mymisdiagnosis/system/CodeIgniter.php(333): CodeIgniter\CodeIgniter->handleRequest(NULL, Object(Config\Cache), false)
#8 /home/interne1/public_html/mymisdiagnosis/public/index.php(44): CodeIgniter\CodeIgniter->run()
#9 {main}
CRITICAL - 2021-04-25 00:35:26 --> Undefined index: card_id
#0 /home/interne1/public_html/mymisdiagnosis/app/Controllers/Product.php(347): CodeIgniter\Debug\Exceptions->errorHandler(8, 'Undefined index...', '/home/interne1/...', 347, Array)
#1 [internal function]: App\Controllers\Product->image_temp_routines(Object(stdClass))
#2 /home/interne1/public_html/mymisdiagnosis/app/Libraries/GroceryCrud.php(1049): call_user_func(Array, Object(stdClass))
#3 /home/interne1/public_html/mymisdiagnosis/app/Libraries/GroceryCrud.php(4570): App\Libraries\grocery_CRUD_Model_Driver->db_update(Object(stdClass))
#4 /home/interne1/public_html/mymisdiagnosis/app/Controllers/Product.php(270): App\Libraries\GroceryCrud->render()
#5 /home/interne1/public_html/mymisdiagnosis/system/CodeIgniter.php(936): App\Controllers\Product->cards('update', '5')
#6 /home/interne1/public_html/mymisdiagnosis/system/CodeIgniter.php(432): CodeIgniter\CodeIgniter->runController(Object(App\Controllers\Product))
#7 /home/interne1/public_html/mymisdiagnosis/system/CodeIgniter.php(333): CodeIgniter\CodeIgniter->handleRequest(NULL, Object(Config\Cache), false)
#8 /home/interne1/public_html/mymisdiagnosis/public/index.php(44): CodeIgniter\CodeIgniter->run()
#9 {main}
CRITICAL - 2021-04-25 00:41:50 --> Undefined index: card_id
#0 /home/interne1/public_html/mymisdiagnosis/app/Controllers/Product.php(325): CodeIgniter\Debug\Exceptions->errorHandler(8, 'Undefined index...', '/home/interne1/...', 325, Array)
#1 [internal function]: App\Controllers\Product->image_temp_routines(Object(stdClass))
#2 /home/interne1/public_html/mymisdiagnosis/app/Libraries/GroceryCrud.php(1049): call_user_func(Array, Object(stdClass))
#3 /home/interne1/public_html/mymisdiagnosis/app/Libraries/GroceryCrud.php(4570): App\Libraries\grocery_CRUD_Model_Driver->db_update(Object(stdClass))
#4 /home/interne1/public_html/mymisdiagnosis/app/Controllers/Product.php(270): App\Libraries\GroceryCrud->render()
#5 /home/interne1/public_html/mymisdiagnosis/system/CodeIgniter.php(936): App\Controllers\Product->cards('update', '5')
#6 /home/interne1/public_html/mymisdiagnosis/system/CodeIgniter.php(432): CodeIgniter\CodeIgniter->runController(Object(App\Controllers\Product))
#7 /home/interne1/public_html/mymisdiagnosis/system/CodeIgniter.php(333): CodeIgniter\CodeIgniter->handleRequest(NULL, Object(Config\Cache), false)
#8 /home/interne1/public_html/mymisdiagnosis/public/index.php(44): CodeIgniter\CodeIgniter->run()
#9 {main}
CRITICAL - 2021-04-25 00:44:54 --> syntax error, unexpected '[', expecting identifier (T_STRING) or variable (T_VARIABLE) or '{' or '$'
#0 /home/interne1/public_html/mymisdiagnosis/system/Router/Router.php(170): CodeIgniter\Router\Router->autoRoute('product/cards/e...')
#1 /home/interne1/public_html/mymisdiagnosis/system/CodeIgniter.php(816): CodeIgniter\Router\Router->handle('product/cards/e...')
#2 /home/interne1/public_html/mymisdiagnosis/system/CodeIgniter.php(385): CodeIgniter\CodeIgniter->tryToRouteIt(Object(CodeIgniter\Router\RouteCollection))
#3 /home/interne1/public_html/mymisdiagnosis/system/CodeIgniter.php(333): CodeIgniter\CodeIgniter->handleRequest(NULL, Object(Config\Cache), false)
#4 /home/interne1/public_html/mymisdiagnosis/public/index.php(44): CodeIgniter\CodeIgniter->run()
#5 {main}
CRITICAL - 2021-04-25 00:45:22 --> Cannot use object of type stdClass as array
#0 [internal function]: App\Controllers\Product->image_temp_routines(Object(stdClass))
#1 /home/interne1/public_html/mymisdiagnosis/app/Libraries/GroceryCrud.php(1049): call_user_func(Array, Object(stdClass))
#2 /home/interne1/public_html/mymisdiagnosis/app/Libraries/GroceryCrud.php(4570): App\Libraries\grocery_CRUD_Model_Driver->db_update(Object(stdClass))
#3 /home/interne1/public_html/mymisdiagnosis/app/Controllers/Product.php(270): App\Libraries\GroceryCrud->render()
#4 /home/interne1/public_html/mymisdiagnosis/system/CodeIgniter.php(936): App\Controllers\Product->cards('update', '5')
#5 /home/interne1/public_html/mymisdiagnosis/system/CodeIgniter.php(432): CodeIgniter\CodeIgniter->runController(Object(App\Controllers\Product))
#6 /home/interne1/public_html/mymisdiagnosis/system/CodeIgniter.php(333): CodeIgniter\CodeIgniter->handleRequest(NULL, Object(Config\Cache), false)
#7 /home/interne1/public_html/mymisdiagnosis/public/index.php(44): CodeIgniter\CodeIgniter->run()
#8 {main}
CRITICAL - 2021-04-25 00:45:39 --> Cannot use object of type stdClass as array
#0 [internal function]: App\Controllers\Product->image_temp_routines(Object(stdClass))
#1 /home/interne1/public_html/mymisdiagnosis/app/Libraries/GroceryCrud.php(1049): call_user_func(Array, Object(stdClass))
#2 /home/interne1/public_html/mymisdiagnosis/app/Libraries/GroceryCrud.php(4570): App\Libraries\grocery_CRUD_Model_Driver->db_update(Object(stdClass))
#3 /home/interne1/public_html/mymisdiagnosis/app/Controllers/Product.php(270): App\Libraries\GroceryCrud->render()
#4 /home/interne1/public_html/mymisdiagnosis/system/CodeIgniter.php(936): App\Controllers\Product->cards('update', '5')
#5 /home/interne1/public_html/mymisdiagnosis/system/CodeIgniter.php(432): CodeIgniter\CodeIgniter->runController(Object(App\Controllers\Product))
#6 /home/interne1/public_html/mymisdiagnosis/system/CodeIgniter.php(333): CodeIgniter\CodeIgniter->handleRequest(NULL, Object(Config\Cache), false)
#7 /home/interne1/public_html/mymisdiagnosis/public/index.php(44): CodeIgniter\CodeIgniter->run()
#8 {main}
CRITICAL - 2021-04-25 00:46:26 --> Undefined index: card_id
#0 /home/interne1/public_html/mymisdiagnosis/app/Controllers/Product.php(325): CodeIgniter\Debug\Exceptions->errorHandler(8, 'Undefined index...', '/home/interne1/...', 325, Array)
#1 [internal function]: App\Controllers\Product->image_temp_routines(Object(stdClass))
#2 /home/interne1/public_html/mymisdiagnosis/app/Libraries/GroceryCrud.php(1049): call_user_func(Array, Object(stdClass))
#3 /home/interne1/public_html/mymisdiagnosis/app/Libraries/GroceryCrud.php(4570): App\Libraries\grocery_CRUD_Model_Driver->db_update(Object(stdClass))
#4 /home/interne1/public_html/mymisdiagnosis/app/Controllers/Product.php(270): App\Libraries\GroceryCrud->render()
#5 /home/interne1/public_html/mymisdiagnosis/system/CodeIgniter.php(936): App\Controllers\Product->cards('update', '5')
#6 /home/interne1/public_html/mymisdiagnosis/system/CodeIgniter.php(432): CodeIgniter\CodeIgniter->runController(Object(App\Controllers\Product))
#7 /home/interne1/public_html/mymisdiagnosis/system/CodeIgniter.php(333): CodeIgniter\CodeIgniter->handleRequest(NULL, Object(Config\Cache), false)
#8 /home/interne1/public_html/mymisdiagnosis/public/index.php(44): CodeIgniter\CodeIgniter->run()
#9 {main}
CRITICAL - 2021-04-25 00:46:42 --> Undefined index: id
#0 /home/interne1/public_html/mymisdiagnosis/app/Controllers/Product.php(325): CodeIgniter\Debug\Exceptions->errorHandler(8, 'Undefined index...', '/home/interne1/...', 325, Array)
#1 [internal function]: App\Controllers\Product->image_temp_routines(Object(stdClass))
#2 /home/interne1/public_html/mymisdiagnosis/app/Libraries/GroceryCrud.php(1049): call_user_func(Array, Object(stdClass))
#3 /home/interne1/public_html/mymisdiagnosis/app/Libraries/GroceryCrud.php(4570): App\Libraries\grocery_CRUD_Model_Driver->db_update(Object(stdClass))
#4 /home/interne1/public_html/mymisdiagnosis/app/Controllers/Product.php(270): App\Libraries\GroceryCrud->render()
#5 /home/interne1/public_html/mymisdiagnosis/system/CodeIgniter.php(936): App\Controllers\Product->cards('update', '5')
#6 /home/interne1/public_html/mymisdiagnosis/system/CodeIgniter.php(432): CodeIgniter\CodeIgniter->runController(Object(App\Controllers\Product))
#7 /home/interne1/public_html/mymisdiagnosis/system/CodeIgniter.php(333): CodeIgniter\CodeIgniter->handleRequest(NULL, Object(Config\Cache), false)
#8 /home/interne1/public_html/mymisdiagnosis/public/index.php(44): CodeIgniter\CodeIgniter->run()
#9 {main}
CRITICAL - 2021-04-25 00:48:47 --> Cannot use object of type stdClass as array
#0 [internal function]: App\Controllers\Product->image_temp_routines(Object(stdClass))
#1 /home/interne1/public_html/mymisdiagnosis/app/Libraries/GroceryCrud.php(1049): call_user_func(Array, Object(stdClass))
#2 /home/interne1/public_html/mymisdiagnosis/app/Libraries/GroceryCrud.php(4570): App\Libraries\grocery_CRUD_Model_Driver->db_update(Object(stdClass))
#3 /home/interne1/public_html/mymisdiagnosis/app/Controllers/Product.php(270): App\Libraries\GroceryCrud->render()
#4 /home/interne1/public_html/mymisdiagnosis/system/CodeIgniter.php(936): App\Controllers\Product->cards('update', '5')
#5 /home/interne1/public_html/mymisdiagnosis/system/CodeIgniter.php(432): CodeIgniter\CodeIgniter->runController(Object(App\Controllers\Product))
#6 /home/interne1/public_html/mymisdiagnosis/system/CodeIgniter.php(333): CodeIgniter\CodeIgniter->handleRequest(NULL, Object(Config\Cache), false)
#7 /home/interne1/public_html/mymisdiagnosis/public/index.php(44): CodeIgniter\CodeIgniter->run()
#8 {main}
CRITICAL - 2021-04-25 00:49:35 --> Cannot use object of type stdClass as array
#0 [internal function]: App\Controllers\Product->image_temp_routines(Object(stdClass))
#1 /home/interne1/public_html/mymisdiagnosis/app/Libraries/GroceryCrud.php(1049): call_user_func(Array, Object(stdClass))
#2 /home/interne1/public_html/mymisdiagnosis/app/Libraries/GroceryCrud.php(4570): App\Libraries\grocery_CRUD_Model_Driver->db_update(Object(stdClass))
#3 /home/interne1/public_html/mymisdiagnosis/app/Controllers/Product.php(270): App\Libraries\GroceryCrud->render()
#4 /home/interne1/public_html/mymisdiagnosis/system/CodeIgniter.php(936): App\Controllers\Product->cards('update', '5')
#5 /home/interne1/public_html/mymisdiagnosis/system/CodeIgniter.php(432): CodeIgniter\CodeIgniter->runController(Object(App\Controllers\Product))
#6 /home/interne1/public_html/mymisdiagnosis/system/CodeIgniter.php(333): CodeIgniter\CodeIgniter->handleRequest(NULL, Object(Config\Cache), false)
#7 /home/interne1/public_html/mymisdiagnosis/public/index.php(44): CodeIgniter\CodeIgniter->run()
#8 {main}
CRITICAL - 2021-04-25 00:50:50 --> Undefined index: card_id
#0 /home/interne1/public_html/mymisdiagnosis/app/Controllers/Product.php(325): CodeIgniter\Debug\Exceptions->errorHandler(8, 'Undefined index...', '/home/interne1/...', 325, Array)
#1 [internal function]: App\Controllers\Product->image_temp_routines(Object(stdClass))
#2 /home/interne1/public_html/mymisdiagnosis/app/Libraries/GroceryCrud.php(1049): call_user_func(Array, Object(stdClass))
#3 /home/interne1/public_html/mymisdiagnosis/app/Libraries/GroceryCrud.php(4570): App\Libraries\grocery_CRUD_Model_Driver->db_update(Object(stdClass))
#4 /home/interne1/public_html/mymisdiagnosis/app/Controllers/Product.php(270): App\Libraries\GroceryCrud->render()
#5 /home/interne1/public_html/mymisdiagnosis/system/CodeIgniter.php(936): App\Controllers\Product->cards('update', '5')
#6 /home/interne1/public_html/mymisdiagnosis/system/CodeIgniter.php(432): CodeIgniter\CodeIgniter->runController(Object(App\Controllers\Product))
#7 /home/interne1/public_html/mymisdiagnosis/system/CodeIgniter.php(333): CodeIgniter\CodeIgniter->handleRequest(NULL, Object(Config\Cache), false)
#8 /home/interne1/public_html/mymisdiagnosis/public/index.php(44): CodeIgniter\CodeIgniter->run()
#9 {main}
CRITICAL - 2021-04-25 00:53:21 --> Call to undefined method App\Libraries\InterneticsLibrary::set_primary_key()
#0 /home/interne1/public_html/mymisdiagnosis/system/CodeIgniter.php(936): App\Controllers\Product->cards('edit', '5')
#1 /home/interne1/public_html/mymisdiagnosis/system/CodeIgniter.php(432): CodeIgniter\CodeIgniter->runController(Object(App\Controllers\Product))
#2 /home/interne1/public_html/mymisdiagnosis/system/CodeIgniter.php(333): CodeIgniter\CodeIgniter->handleRequest(NULL, Object(Config\Cache), false)
#3 /home/interne1/public_html/mymisdiagnosis/public/index.php(44): CodeIgniter\CodeIgniter->run()
#4 {main}
CRITICAL - 2021-04-25 00:56:57 --> syntax error, unexpected ','
#0 /home/interne1/public_html/mymisdiagnosis/system/Router/Router.php(170): CodeIgniter\Router\Router->autoRoute('product/cards/e...')
#1 /home/interne1/public_html/mymisdiagnosis/system/CodeIgniter.php(816): CodeIgniter\Router\Router->handle('product/cards/e...')
#2 /home/interne1/public_html/mymisdiagnosis/system/CodeIgniter.php(385): CodeIgniter\CodeIgniter->tryToRouteIt(Object(CodeIgniter\Router\RouteCollection))
#3 /home/interne1/public_html/mymisdiagnosis/system/CodeIgniter.php(333): CodeIgniter\CodeIgniter->handleRequest(NULL, Object(Config\Cache), false)
#4 /home/interne1/public_html/mymisdiagnosis/public/index.php(44): CodeIgniter\CodeIgniter->run()
#5 {main}
CRITICAL - 2021-04-25 00:58:37 --> syntax error, unexpected ','
#0 /home/interne1/public_html/mymisdiagnosis/system/Router/Router.php(170): CodeIgniter\Router\Router->autoRoute('product/cards/e...')
#1 /home/interne1/public_html/mymisdiagnosis/system/CodeIgniter.php(816): CodeIgniter\Router\Router->handle('product/cards/e...')
#2 /home/interne1/public_html/mymisdiagnosis/system/CodeIgniter.php(385): CodeIgniter\CodeIgniter->tryToRouteIt(Object(CodeIgniter\Router\RouteCollection))
#3 /home/interne1/public_html/mymisdiagnosis/system/CodeIgniter.php(333): CodeIgniter\CodeIgniter->handleRequest(NULL, Object(Config\Cache), false)
#4 /home/interne1/public_html/mymisdiagnosis/public/index.php(44): CodeIgniter\CodeIgniter->run()
#5 {main}
CRITICAL - 2021-04-25 00:59:16 --> Undefined variable: primary_key
#0 /home/interne1/public_html/mymisdiagnosis/app/Controllers/Product.php(324): CodeIgniter\Debug\Exceptions->errorHandler(8, 'Undefined varia...', '/home/interne1/...', 324, Array)
#1 [internal function]: App\Controllers\Product->image_temp_routines(Object(stdClass))
#2 /home/interne1/public_html/mymisdiagnosis/app/Libraries/GroceryCrud.php(1049): call_user_func(Array, Object(stdClass))
#3 /home/interne1/public_html/mymisdiagnosis/app/Libraries/GroceryCrud.php(4570): App\Libraries\grocery_CRUD_Model_Driver->db_update(Object(stdClass))
#4 /home/interne1/public_html/mymisdiagnosis/app/Controllers/Product.php(269): App\Libraries\GroceryCrud->render()
#5 /home/interne1/public_html/mymisdiagnosis/system/CodeIgniter.php(936): App\Controllers\Product->cards('update', '5')
#6 /home/interne1/public_html/mymisdiagnosis/system/CodeIgniter.php(432): CodeIgniter\CodeIgniter->runController(Object(App\Controllers\Product))
#7 /home/interne1/public_html/mymisdiagnosis/system/CodeIgniter.php(333): CodeIgniter\CodeIgniter->handleRequest(NULL, Object(Config\Cache), false)
#8 /home/interne1/public_html/mymisdiagnosis/public/index.php(44): CodeIgniter\CodeIgniter->run()
#9 {main}
CRITICAL - 2021-04-25 01:00:14 --> Too few arguments to function App\Controllers\Product::image_temp_routines(), 1 passed and exactly 2 expected
#0 [internal function]: App\Controllers\Product->image_temp_routines(Object(stdClass))
#1 /home/interne1/public_html/mymisdiagnosis/app/Libraries/GroceryCrud.php(1049): call_user_func(Array, Object(stdClass))
#2 /home/interne1/public_html/mymisdiagnosis/app/Libraries/GroceryCrud.php(4570): App\Libraries\grocery_CRUD_Model_Driver->db_update(Object(stdClass))
#3 /home/interne1/public_html/mymisdiagnosis/app/Controllers/Product.php(269): App\Libraries\GroceryCrud->render()
#4 /home/interne1/public_html/mymisdiagnosis/system/CodeIgniter.php(936): App\Controllers\Product->cards('update', '5')
#5 /home/interne1/public_html/mymisdiagnosis/system/CodeIgniter.php(432): CodeIgniter\CodeIgniter->runController(Object(App\Controllers\Product))
#6 /home/interne1/public_html/mymisdiagnosis/system/CodeIgniter.php(333): CodeIgniter\CodeIgniter->handleRequest(NULL, Object(Config\Cache), false)
#7 /home/interne1/public_html/mymisdiagnosis/public/index.php(44): CodeIgniter\CodeIgniter->run()
#8 {main}
CRITICAL - 2021-04-25 01:03:10 --> Too few arguments to function App\Controllers\Product::image_temp_routines(), 1 passed and exactly 2 expected
#0 [internal function]: App\Controllers\Product->image_temp_routines(Object(stdClass))
#1 /home/interne1/public_html/mymisdiagnosis/app/Libraries/GroceryCrud.php(1049): call_user_func(Array, Object(stdClass))
#2 /home/interne1/public_html/mymisdiagnosis/app/Libraries/GroceryCrud.php(4570): App\Libraries\grocery_CRUD_Model_Driver->db_update(Object(stdClass))
#3 /home/interne1/public_html/mymisdiagnosis/app/Controllers/Product.php(269): App\Libraries\GroceryCrud->render()
#4 /home/interne1/public_html/mymisdiagnosis/system/CodeIgniter.php(936): App\Controllers\Product->cards('update', '5')
#5 /home/interne1/public_html/mymisdiagnosis/system/CodeIgniter.php(432): CodeIgniter\CodeIgniter->runController(Object(App\Controllers\Product))
#6 /home/interne1/public_html/mymisdiagnosis/system/CodeIgniter.php(333): CodeIgniter\CodeIgniter->handleRequest(NULL, Object(Config\Cache), false)
#7 /home/interne1/public_html/mymisdiagnosis/public/index.php(44): CodeIgniter\CodeIgniter->run()
#8 {main}
CRITICAL - 2021-04-25 01:04:18 --> Too few arguments to function App\Controllers\Product::image_temp_routines(), 1 passed and exactly 2 expected
#0 [internal function]: App\Controllers\Product->image_temp_routines(Object(stdClass))
#1 /home/interne1/public_html/mymisdiagnosis/app/Libraries/GroceryCrud.php(1049): call_user_func(Array, Object(stdClass))
#2 /home/interne1/public_html/mymisdiagnosis/app/Libraries/GroceryCrud.php(4570): App\Libraries\grocery_CRUD_Model_Driver->db_update(Object(stdClass))
#3 /home/interne1/public_html/mymisdiagnosis/app/Controllers/Product.php(269): App\Libraries\GroceryCrud->render()
#4 /home/interne1/public_html/mymisdiagnosis/system/CodeIgniter.php(936): App\Controllers\Product->cards('update', '5')
#5 /home/interne1/public_html/mymisdiagnosis/system/CodeIgniter.php(432): CodeIgniter\CodeIgniter->runController(Object(App\Controllers\Product))
#6 /home/interne1/public_html/mymisdiagnosis/system/CodeIgniter.php(333): CodeIgniter\CodeIgniter->handleRequest(NULL, Object(Config\Cache), false)
#7 /home/interne1/public_html/mymisdiagnosis/public/index.php(44): CodeIgniter\CodeIgniter->run()
#8 {main}
CRITICAL - 2021-04-25 01:04:48 --> Too few arguments to function App\Controllers\Product::image_temp_routines(), 1 passed and exactly 2 expected
#0 [internal function]: App\Controllers\Product->image_temp_routines(Object(stdClass))
#1 /home/interne1/public_html/mymisdiagnosis/app/Libraries/GroceryCrud.php(1049): call_user_func(Array, Object(stdClass))
#2 /home/interne1/public_html/mymisdiagnosis/app/Libraries/GroceryCrud.php(4570): App\Libraries\grocery_CRUD_Model_Driver->db_update(Object(stdClass))
#3 /home/interne1/public_html/mymisdiagnosis/app/Controllers/Product.php(269): App\Libraries\GroceryCrud->render()
#4 /home/interne1/public_html/mymisdiagnosis/system/CodeIgniter.php(936): App\Controllers\Product->cards('update', '5')
#5 /home/interne1/public_html/mymisdiagnosis/system/CodeIgniter.php(432): CodeIgniter\CodeIgniter->runController(Object(App\Controllers\Product))
#6 /home/interne1/public_html/mymisdiagnosis/system/CodeIgniter.php(333): CodeIgniter\CodeIgniter->handleRequest(NULL, Object(Config\Cache), false)
#7 /home/interne1/public_html/mymisdiagnosis/public/index.php(44): CodeIgniter\CodeIgniter->run()
#8 {main}
CRITICAL - 2021-04-25 01:05:14 --> Undefined variable: primary_key_value
#0 /home/interne1/public_html/mymisdiagnosis/app/Controllers/Product.php(324): CodeIgniter\Debug\Exceptions->errorHandler(8, 'Undefined varia...', '/home/interne1/...', 324, Array)
#1 [internal function]: App\Controllers\Product->image_temp_routines(Object(stdClass))
#2 /home/interne1/public_html/mymisdiagnosis/app/Libraries/GroceryCrud.php(1049): call_user_func(Array, Object(stdClass))
#3 /home/interne1/public_html/mymisdiagnosis/app/Libraries/GroceryCrud.php(4570): App\Libraries\grocery_CRUD_Model_Driver->db_update(Object(stdClass))
#4 /home/interne1/public_html/mymisdiagnosis/app/Controllers/Product.php(269): App\Libraries\GroceryCrud->render()
#5 /home/interne1/public_html/mymisdiagnosis/system/CodeIgniter.php(936): App\Controllers\Product->cards('update', '5')
#6 /home/interne1/public_html/mymisdiagnosis/system/CodeIgniter.php(432): CodeIgniter\CodeIgniter->runController(Object(App\Controllers\Product))
#7 /home/interne1/public_html/mymisdiagnosis/system/CodeIgniter.php(333): CodeIgniter\CodeIgniter->handleRequest(NULL, Object(Config\Cache), false)
#8 /home/interne1/public_html/mymisdiagnosis/public/index.php(44): CodeIgniter\CodeIgniter->run()
#9 {main}
CRITICAL - 2021-04-25 01:05:36 --> Undefined variable: primaryKeyValue
#0 /home/interne1/public_html/mymisdiagnosis/app/Controllers/Product.php(324): CodeIgniter\Debug\Exceptions->errorHandler(8, 'Undefined varia...', '/home/interne1/...', 324, Array)
#1 [internal function]: App\Controllers\Product->image_temp_routines(Object(stdClass))
#2 /home/interne1/public_html/mymisdiagnosis/app/Libraries/GroceryCrud.php(1049): call_user_func(Array, Object(stdClass))
#3 /home/interne1/public_html/mymisdiagnosis/app/Libraries/GroceryCrud.php(4570): App\Libraries\grocery_CRUD_Model_Driver->db_update(Object(stdClass))
#4 /home/interne1/public_html/mymisdiagnosis/app/Controllers/Product.php(269): App\Libraries\GroceryCrud->render()
#5 /home/interne1/public_html/mymisdiagnosis/system/CodeIgniter.php(936): App\Controllers\Product->cards('update', '5')
#6 /home/interne1/public_html/mymisdiagnosis/system/CodeIgniter.php(432): CodeIgniter\CodeIgniter->runController(Object(App\Controllers\Product))
#7 /home/interne1/public_html/mymisdiagnosis/system/CodeIgniter.php(333): CodeIgniter\CodeIgniter->handleRequest(NULL, Object(Config\Cache), false)
#8 /home/interne1/public_html/mymisdiagnosis/public/index.php(44): CodeIgniter\CodeIgniter->run()
#9 {main}
CRITICAL - 2021-04-25 01:07:46 --> Too few arguments to function App\Controllers\Product::image_temp_routines(), 1 passed and exactly 2 expected
#0 [internal function]: App\Controllers\Product->image_temp_routines(Object(stdClass))
#1 /home/interne1/public_html/mymisdiagnosis/app/Libraries/GroceryCrud.php(1049): call_user_func(Array, Object(stdClass))
#2 /home/interne1/public_html/mymisdiagnosis/app/Libraries/GroceryCrud.php(4570): App\Libraries\grocery_CRUD_Model_Driver->db_update(Object(stdClass))
#3 /home/interne1/public_html/mymisdiagnosis/app/Controllers/Product.php(269): App\Libraries\GroceryCrud->render()
#4 /home/interne1/public_html/mymisdiagnosis/system/CodeIgniter.php(936): App\Controllers\Product->cards('update', '5')
#5 /home/interne1/public_html/mymisdiagnosis/system/CodeIgniter.php(432): CodeIgniter\CodeIgniter->runController(Object(App\Controllers\Product))
#6 /home/interne1/public_html/mymisdiagnosis/system/CodeIgniter.php(333): CodeIgniter\CodeIgniter->handleRequest(NULL, Object(Config\Cache), false)
#7 /home/interne1/public_html/mymisdiagnosis/public/index.php(44): CodeIgniter\CodeIgniter->run()
#8 {main}
CRITICAL - 2021-04-25 01:08:36 --> Too few arguments to function App\Controllers\Product::image_temp_routines(), 1 passed and exactly 2 expected
#0 [internal function]: App\Controllers\Product->image_temp_routines(Object(stdClass))
#1 /home/interne1/public_html/mymisdiagnosis/app/Libraries/GroceryCrud.php(1049): call_user_func(Array, Object(stdClass))
#2 /home/interne1/public_html/mymisdiagnosis/app/Libraries/GroceryCrud.php(4570): App\Libraries\grocery_CRUD_Model_Driver->db_update(Object(stdClass))
#3 /home/interne1/public_html/mymisdiagnosis/app/Controllers/Product.php(269): App\Libraries\GroceryCrud->render()
#4 /home/interne1/public_html/mymisdiagnosis/system/CodeIgniter.php(936): App\Controllers\Product->cards('update', '5')
#5 /home/interne1/public_html/mymisdiagnosis/system/CodeIgniter.php(432): CodeIgniter\CodeIgniter->runController(Object(App\Controllers\Product))
#6 /home/interne1/public_html/mymisdiagnosis/system/CodeIgniter.php(333): CodeIgniter\CodeIgniter->handleRequest(NULL, Object(Config\Cache), false)
#7 /home/interne1/public_html/mymisdiagnosis/public/index.php(44): CodeIgniter\CodeIgniter->run()
#8 {main}
CRITICAL - 2021-04-25 01:13:48 --> Too few arguments to function App\Controllers\Product::image_temp_routines(), 1 passed and exactly 2 expected
#0 [internal function]: App\Controllers\Product->image_temp_routines(Object(stdClass))
#1 /home/interne1/public_html/mymisdiagnosis/app/Libraries/GroceryCrud.php(1049): call_user_func(Array, Object(stdClass))
#2 /home/interne1/public_html/mymisdiagnosis/app/Libraries/GroceryCrud.php(4570): App\Libraries\grocery_CRUD_Model_Driver->db_update(Object(stdClass))
#3 /home/interne1/public_html/mymisdiagnosis/app/Controllers/Product.php(269): App\Libraries\GroceryCrud->render()
#4 /home/interne1/public_html/mymisdiagnosis/system/CodeIgniter.php(936): App\Controllers\Product->cards('update', '5')
#5 /home/interne1/public_html/mymisdiagnosis/system/CodeIgniter.php(432): CodeIgniter\CodeIgniter->runController(Object(App\Controllers\Product))
#6 /home/interne1/public_html/mymisdiagnosis/system/CodeIgniter.php(333): CodeIgniter\CodeIgniter->handleRequest(NULL, Object(Config\Cache), false)
#7 /home/interne1/public_html/mymisdiagnosis/public/index.php(44): CodeIgniter\CodeIgniter->run()
#8 {main}
CRITICAL - 2021-04-25 01:17:06 --> Too few arguments to function App\Controllers\Product::image_temp_routines(), 1 passed and exactly 2 expected
#0 [internal function]: App\Controllers\Product->image_temp_routines(Object(stdClass))
#1 /home/interne1/public_html/mymisdiagnosis/app/Libraries/GroceryCrud.php(1049): call_user_func(Array, Object(stdClass))
#2 /home/interne1/public_html/mymisdiagnosis/app/Libraries/GroceryCrud.php(4570): App\Libraries\grocery_CRUD_Model_Driver->db_update(Object(stdClass))
#3 /home/interne1/public_html/mymisdiagnosis/app/Controllers/Product.php(269): App\Libraries\GroceryCrud->render()
#4 /home/interne1/public_html/mymisdiagnosis/system/CodeIgniter.php(936): App\Controllers\Product->cards('update', '5')
#5 /home/interne1/public_html/mymisdiagnosis/system/CodeIgniter.php(432): CodeIgniter\CodeIgniter->runController(Object(App\Controllers\Product))
#6 /home/interne1/public_html/mymisdiagnosis/system/CodeIgniter.php(333): CodeIgniter\CodeIgniter->handleRequest(NULL, Object(Config\Cache), false)
#7 /home/interne1/public_html/mymisdiagnosis/public/index.php(44): CodeIgniter\CodeIgniter->run()
#8 {main}
CRITICAL - 2021-04-25 01:19:14 --> Too few arguments to function App\Controllers\Product::image_temp_routines(), 1 passed and exactly 2 expected
#0 [internal function]: App\Controllers\Product->image_temp_routines(Object(stdClass))
#1 /home/interne1/public_html/mymisdiagnosis/app/Libraries/GroceryCrud.php(1049): call_user_func(Array, Object(stdClass))
#2 /home/interne1/public_html/mymisdiagnosis/app/Libraries/GroceryCrud.php(4570): App\Libraries\grocery_CRUD_Model_Driver->db_update(Object(stdClass))
#3 /home/interne1/public_html/mymisdiagnosis/app/Controllers/Product.php(269): App\Libraries\GroceryCrud->render()
#4 /home/interne1/public_html/mymisdiagnosis/system/CodeIgniter.php(936): App\Controllers\Product->cards('update', '5')
#5 /home/interne1/public_html/mymisdiagnosis/system/CodeIgniter.php(432): CodeIgniter\CodeIgniter->runController(Object(App\Controllers\Product))
#6 /home/interne1/public_html/mymisdiagnosis/system/CodeIgniter.php(333): CodeIgniter\CodeIgniter->handleRequest(NULL, Object(Config\Cache), false)
#7 /home/interne1/public_html/mymisdiagnosis/public/index.php(44): CodeIgniter\CodeIgniter->run()
#8 {main}
CRITICAL - 2021-04-25 01:19:54 --> Too few arguments to function App\Controllers\Product::image_temp_routines(), 1 passed and exactly 2 expected
#0 [internal function]: App\Controllers\Product->image_temp_routines(Object(stdClass))
#1 /home/interne1/public_html/mymisdiagnosis/app/Libraries/GroceryCrud.php(1049): call_user_func(Array, Object(stdClass))
#2 /home/interne1/public_html/mymisdiagnosis/app/Libraries/GroceryCrud.php(4570): App\Libraries\grocery_CRUD_Model_Driver->db_update(Object(stdClass))
#3 /home/interne1/public_html/mymisdiagnosis/app/Controllers/Product.php(269): App\Libraries\GroceryCrud->render()
#4 /home/interne1/public_html/mymisdiagnosis/system/CodeIgniter.php(936): App\Controllers\Product->cards('update', '5')
#5 /home/interne1/public_html/mymisdiagnosis/system/CodeIgniter.php(432): CodeIgniter\CodeIgniter->runController(Object(App\Controllers\Product))
#6 /home/interne1/public_html/mymisdiagnosis/system/CodeIgniter.php(333): CodeIgniter\CodeIgniter->handleRequest(NULL, Object(Config\Cache), false)
#7 /home/interne1/public_html/mymisdiagnosis/public/index.php(44): CodeIgniter\CodeIgniter->run()
#8 {main}
CRITICAL - 2021-04-25 01:20:33 --> Undefined property: stdClass::$primaryKeyValue
#0 /home/interne1/public_html/mymisdiagnosis/app/Controllers/Product.php(267): CodeIgniter\Debug\Exceptions->errorHandler(8, 'Undefined prope...', '/home/interne1/...', 267, Array)
#1 /home/interne1/public_html/mymisdiagnosis/system/CodeIgniter.php(936): App\Controllers\Product->cards('edit', '5')
#2 /home/interne1/public_html/mymisdiagnosis/system/CodeIgniter.php(432): CodeIgniter\CodeIgniter->runController(Object(App\Controllers\Product))
#3 /home/interne1/public_html/mymisdiagnosis/system/CodeIgniter.php(333): CodeIgniter\CodeIgniter->handleRequest(NULL, Object(Config\Cache), false)
#4 /home/interne1/public_html/mymisdiagnosis/public/index.php(44): CodeIgniter\CodeIgniter->run()
#5 {main}
CRITICAL - 2021-04-25 01:21:46 --> Too few arguments to function App\Controllers\Product::image_temp_routines(), 1 passed and exactly 2 expected
#0 [internal function]: App\Controllers\Product->image_temp_routines(Object(stdClass))
#1 /home/interne1/public_html/mymisdiagnosis/app/Libraries/GroceryCrud.php(1049): call_user_func(Array, Object(stdClass))
#2 /home/interne1/public_html/mymisdiagnosis/app/Libraries/GroceryCrud.php(4570): App\Libraries\grocery_CRUD_Model_Driver->db_update(Object(stdClass))
#3 /home/interne1/public_html/mymisdiagnosis/app/Controllers/Product.php(270): App\Libraries\GroceryCrud->render()
#4 /home/interne1/public_html/mymisdiagnosis/system/CodeIgniter.php(936): App\Controllers\Product->cards('update', '5')
#5 /home/interne1/public_html/mymisdiagnosis/system/CodeIgniter.php(432): CodeIgniter\CodeIgniter->runController(Object(App\Controllers\Product))
#6 /home/interne1/public_html/mymisdiagnosis/system/CodeIgniter.php(333): CodeIgniter\CodeIgniter->handleRequest(NULL, Object(Config\Cache), false)
#7 /home/interne1/public_html/mymisdiagnosis/public/index.php(44): CodeIgniter\CodeIgniter->run()
#8 {main}
CRITICAL - 2021-04-25 01:22:11 --> Too few arguments to function App\Controllers\Product::image_temp_routines(), 1 passed and exactly 2 expected
#0 [internal function]: App\Controllers\Product->image_temp_routines(Object(stdClass))
#1 /home/interne1/public_html/mymisdiagnosis/app/Libraries/GroceryCrud.php(1049): call_user_func(Array, Object(stdClass))
#2 /home/interne1/public_html/mymisdiagnosis/app/Libraries/GroceryCrud.php(4570): App\Libraries\grocery_CRUD_Model_Driver->db_update(Object(stdClass))
#3 /home/interne1/public_html/mymisdiagnosis/app/Controllers/Product.php(270): App\Libraries\GroceryCrud->render()
#4 /home/interne1/public_html/mymisdiagnosis/system/CodeIgniter.php(936): App\Controllers\Product->cards('update', '5')
#5 /home/interne1/public_html/mymisdiagnosis/system/CodeIgniter.php(432): CodeIgniter\CodeIgniter->runController(Object(App\Controllers\Product))
#6 /home/interne1/public_html/mymisdiagnosis/system/CodeIgniter.php(333): CodeIgniter\CodeIgniter->handleRequest(NULL, Object(Config\Cache), false)
#7 /home/interne1/public_html/mymisdiagnosis/public/index.php(44): CodeIgniter\CodeIgniter->run()
#8 {main}
CRITICAL - 2021-04-25 01:23:01 --> Too few arguments to function App\Controllers\Product::image_temp_routines(), 1 passed and exactly 2 expected
#0 [internal function]: App\Controllers\Product->image_temp_routines(Object(stdClass))
#1 /home/interne1/public_html/mymisdiagnosis/app/Libraries/GroceryCrud.php(1049): call_user_func(Array, Object(stdClass))
#2 /home/interne1/public_html/mymisdiagnosis/app/Libraries/GroceryCrud.php(4570): App\Libraries\grocery_CRUD_Model_Driver->db_update(Object(stdClass))
#3 /home/interne1/public_html/mymisdiagnosis/app/Controllers/Product.php(270): App\Libraries\GroceryCrud->render()
#4 /home/interne1/public_html/mymisdiagnosis/system/CodeIgniter.php(936): App\Controllers\Product->cards('update', '5')
#5 /home/interne1/public_html/mymisdiagnosis/system/CodeIgniter.php(432): CodeIgniter\CodeIgniter->runController(Object(App\Controllers\Product))
#6 /home/interne1/public_html/mymisdiagnosis/system/CodeIgniter.php(333): CodeIgniter\CodeIgniter->handleRequest(NULL, Object(Config\Cache), false)
#7 /home/interne1/public_html/mymisdiagnosis/public/index.php(44): CodeIgniter\CodeIgniter->run()
#8 {main}
CRITICAL - 2021-04-25 01:24:19 --> Too few arguments to function App\Controllers\Product::image_temp_routines(), 1 passed and exactly 2 expected
#0 [internal function]: App\Controllers\Product->image_temp_routines(Object(stdClass))
#1 /home/interne1/public_html/mymisdiagnosis/app/Libraries/GroceryCrud.php(1049): call_user_func(Array, Object(stdClass))
#2 /home/interne1/public_html/mymisdiagnosis/app/Libraries/GroceryCrud.php(4570): App\Libraries\grocery_CRUD_Model_Driver->db_update(Object(stdClass))
#3 /home/interne1/public_html/mymisdiagnosis/app/Controllers/Product.php(270): App\Libraries\GroceryCrud->render()
#4 /home/interne1/public_html/mymisdiagnosis/system/CodeIgniter.php(936): App\Controllers\Product->cards('update', '5')
#5 /home/interne1/public_html/mymisdiagnosis/system/CodeIgniter.php(432): CodeIgniter\CodeIgniter->runController(Object(App\Controllers\Product))
#6 /home/interne1/public_html/mymisdiagnosis/system/CodeIgniter.php(333): CodeIgniter\CodeIgniter->handleRequest(NULL, Object(Config\Cache), false)
#7 /home/interne1/public_html/mymisdiagnosis/public/index.php(44): CodeIgniter\CodeIgniter->run()
#8 {main}
CRITICAL - 2021-04-25 01:24:32 --> Too few arguments to function App\Controllers\Product::image_temp_routines(), 1 passed and exactly 2 expected
#0 [internal function]: App\Controllers\Product->image_temp_routines(Object(stdClass))
#1 /home/interne1/public_html/mymisdiagnosis/app/Libraries/GroceryCrud.php(1049): call_user_func(Array, Object(stdClass))
#2 /home/interne1/public_html/mymisdiagnosis/app/Libraries/GroceryCrud.php(4570): App\Libraries\grocery_CRUD_Model_Driver->db_update(Object(stdClass))
#3 /home/interne1/public_html/mymisdiagnosis/app/Controllers/Product.php(270): App\Libraries\GroceryCrud->render()
#4 /home/interne1/public_html/mymisdiagnosis/system/CodeIgniter.php(936): App\Controllers\Product->cards('update', '5')
#5 /home/interne1/public_html/mymisdiagnosis/system/CodeIgniter.php(432): CodeIgniter\CodeIgniter->runController(Object(App\Controllers\Product))
#6 /home/interne1/public_html/mymisdiagnosis/system/CodeIgniter.php(333): CodeIgniter\CodeIgniter->handleRequest(NULL, Object(Config\Cache), false)
#7 /home/interne1/public_html/mymisdiagnosis/public/index.php(44): CodeIgniter\CodeIgniter->run()
#8 {main}
CRITICAL - 2021-04-25 01:25:44 --> Too few arguments to function App\Controllers\Product::image_temp_routines(), 1 passed and exactly 2 expected
#0 [internal function]: App\Controllers\Product->image_temp_routines(Object(stdClass))
#1 /home/interne1/public_html/mymisdiagnosis/app/Libraries/GroceryCrud.php(1049): call_user_func(Array, Object(stdClass))
#2 /home/interne1/public_html/mymisdiagnosis/app/Libraries/GroceryCrud.php(4570): App\Libraries\grocery_CRUD_Model_Driver->db_update(Object(stdClass))
#3 /home/interne1/public_html/mymisdiagnosis/app/Controllers/Product.php(270): App\Libraries\GroceryCrud->render()
#4 /home/interne1/public_html/mymisdiagnosis/system/CodeIgniter.php(936): App\Controllers\Product->cards('update', '5')
#5 /home/interne1/public_html/mymisdiagnosis/system/CodeIgniter.php(432): CodeIgniter\CodeIgniter->runController(Object(App\Controllers\Product))
#6 /home/interne1/public_html/mymisdiagnosis/system/CodeIgniter.php(333): CodeIgniter\CodeIgniter->handleRequest(NULL, Object(Config\Cache), false)
#7 /home/interne1/public_html/mymisdiagnosis/public/index.php(44): CodeIgniter\CodeIgniter->run()
#8 {main}
CRITICAL - 2021-04-25 01:26:35 --> Too few arguments to function App\Controllers\Product::image_temp_routines(), 1 passed and exactly 2 expected
#0 [internal function]: App\Controllers\Product->image_temp_routines(Object(stdClass))
#1 /home/interne1/public_html/mymisdiagnosis/app/Libraries/GroceryCrud.php(1049): call_user_func(Array, Object(stdClass))
#2 /home/interne1/public_html/mymisdiagnosis/app/Libraries/GroceryCrud.php(4570): App\Libraries\grocery_CRUD_Model_Driver->db_update(Object(stdClass))
#3 /home/interne1/public_html/mymisdiagnosis/app/Controllers/Product.php(270): App\Libraries\GroceryCrud->render()
#4 /home/interne1/public_html/mymisdiagnosis/system/CodeIgniter.php(936): App\Controllers\Product->cards('update', '5')
#5 /home/interne1/public_html/mymisdiagnosis/system/CodeIgniter.php(432): CodeIgniter\CodeIgniter->runController(Object(App\Controllers\Product))
#6 /home/interne1/public_html/mymisdiagnosis/system/CodeIgniter.php(333): CodeIgniter\CodeIgniter->handleRequest(NULL, Object(Config\Cache), false)
#7 /home/interne1/public_html/mymisdiagnosis/public/index.php(44): CodeIgniter\CodeIgniter->run()
#8 {main}
CRITICAL - 2021-04-25 01:39:40 --> Undefined index: card_id
#0 /home/interne1/public_html/mymisdiagnosis/app/Controllers/Product.php(316): CodeIgniter\Debug\Exceptions->errorHandler(8, 'Undefined index...', '/home/interne1/...', 316, Array)
#1 [internal function]: App\Controllers\Product->image_temp_routines(Object(stdClass))
#2 /home/interne1/public_html/mymisdiagnosis/app/Libraries/GroceryCrud.php(1049): call_user_func(Array, Object(stdClass))
#3 /home/interne1/public_html/mymisdiagnosis/app/Libraries/GroceryCrud.php(4570): App\Libraries\grocery_CRUD_Model_Driver->db_update(Object(stdClass))
#4 /home/interne1/public_html/mymisdiagnosis/app/Controllers/Product.php(270): App\Libraries\GroceryCrud->render()
#5 /home/interne1/public_html/mymisdiagnosis/system/CodeIgniter.php(936): App\Controllers\Product->cards('update', '5')
#6 /home/interne1/public_html/mymisdiagnosis/system/CodeIgniter.php(432): CodeIgniter\CodeIgniter->runController(Object(App\Controllers\Product))
#7 /home/interne1/public_html/mymisdiagnosis/system/CodeIgniter.php(333): CodeIgniter\CodeIgniter->handleRequest(NULL, Object(Config\Cache), false)
#8 /home/interne1/public_html/mymisdiagnosis/public/index.php(44): CodeIgniter\CodeIgniter->run()
#9 {main}
CRITICAL - 2021-04-25 01:40:52 --> Undefined index: card_id
#0 /home/interne1/public_html/mymisdiagnosis/app/Controllers/Product.php(316): CodeIgniter\Debug\Exceptions->errorHandler(8, 'Undefined index...', '/home/interne1/...', 316, Array)
#1 [internal function]: App\Controllers\Product->image_temp_routines(Object(stdClass))
#2 /home/interne1/public_html/mymisdiagnosis/app/Libraries/GroceryCrud.php(1049): call_user_func(Array, Object(stdClass))
#3 /home/interne1/public_html/mymisdiagnosis/app/Libraries/GroceryCrud.php(4570): App\Libraries\grocery_CRUD_Model_Driver->db_update(Object(stdClass))
#4 /home/interne1/public_html/mymisdiagnosis/app/Controllers/Product.php(270): App\Libraries\GroceryCrud->render()
#5 /home/interne1/public_html/mymisdiagnosis/system/CodeIgniter.php(936): App\Controllers\Product->cards('update', '5')
#6 /home/interne1/public_html/mymisdiagnosis/system/CodeIgniter.php(432): CodeIgniter\CodeIgniter->runController(Object(App\Controllers\Product))
#7 /home/interne1/public_html/mymisdiagnosis/system/CodeIgniter.php(333): CodeIgniter\CodeIgniter->handleRequest(NULL, Object(Config\Cache), false)
#8 /home/interne1/public_html/mymisdiagnosis/public/index.php(44): CodeIgniter\CodeIgniter->run()
#9 {main}
CRITICAL - 2021-04-25 01:42:37 --> Undefined index: card_id
#0 /home/interne1/public_html/mymisdiagnosis/app/Controllers/Product.php(316): CodeIgniter\Debug\Exceptions->errorHandler(8, 'Undefined index...', '/home/interne1/...', 316, Array)
#1 [internal function]: App\Controllers\Product->image_temp_routines(Object(stdClass))
#2 /home/interne1/public_html/mymisdiagnosis/app/Libraries/GroceryCrud.php(1049): call_user_func(Array, Object(stdClass))
#3 /home/interne1/public_html/mymisdiagnosis/app/Libraries/GroceryCrud.php(4570): App\Libraries\grocery_CRUD_Model_Driver->db_update(Object(stdClass))
#4 /home/interne1/public_html/mymisdiagnosis/app/Controllers/Product.php(270): App\Libraries\GroceryCrud->render()
#5 /home/interne1/public_html/mymisdiagnosis/system/CodeIgniter.php(936): App\Controllers\Product->cards('update', '5')
#6 /home/interne1/public_html/mymisdiagnosis/system/CodeIgniter.php(432): CodeIgniter\CodeIgniter->runController(Object(App\Controllers\Product))
#7 /home/interne1/public_html/mymisdiagnosis/system/CodeIgniter.php(333): CodeIgniter\CodeIgniter->handleRequest(NULL, Object(Config\Cache), false)
#8 /home/interne1/public_html/mymisdiagnosis/public/index.php(44): CodeIgniter\CodeIgniter->run()
#9 {main}
CRITICAL - 2021-04-25 01:42:45 --> Undefined index: card_id
#0 /home/interne1/public_html/mymisdiagnosis/app/Controllers/Product.php(316): CodeIgniter\Debug\Exceptions->errorHandler(8, 'Undefined index...', '/home/interne1/...', 316, Array)
#1 [internal function]: App\Controllers\Product->image_temp_routines(Object(stdClass))
#2 /home/interne1/public_html/mymisdiagnosis/app/Libraries/GroceryCrud.php(1049): call_user_func(Array, Object(stdClass))
#3 /home/interne1/public_html/mymisdiagnosis/app/Libraries/GroceryCrud.php(4570): App\Libraries\grocery_CRUD_Model_Driver->db_update(Object(stdClass))
#4 /home/interne1/public_html/mymisdiagnosis/app/Controllers/Product.php(270): App\Libraries\GroceryCrud->render()
#5 /home/interne1/public_html/mymisdiagnosis/system/CodeIgniter.php(936): App\Controllers\Product->cards('update', '5')
#6 /home/interne1/public_html/mymisdiagnosis/system/CodeIgniter.php(432): CodeIgniter\CodeIgniter->runController(Object(App\Controllers\Product))
#7 /home/interne1/public_html/mymisdiagnosis/system/CodeIgniter.php(333): CodeIgniter\CodeIgniter->handleRequest(NULL, Object(Config\Cache), false)
#8 /home/interne1/public_html/mymisdiagnosis/public/index.php(44): CodeIgniter\CodeIgniter->run()
#9 {main}
CRITICAL - 2021-04-25 01:43:48 --> Undefined variable: crud
#0 /home/interne1/public_html/mymisdiagnosis/app/Controllers/Product.php(315): CodeIgniter\Debug\Exceptions->errorHandler(8, 'Undefined varia...', '/home/interne1/...', 315, Array)
#1 [internal function]: App\Controllers\Product->image_temp_routines(Object(stdClass))
#2 /home/interne1/public_html/mymisdiagnosis/app/Libraries/GroceryCrud.php(1049): call_user_func(Array, Object(stdClass))
#3 /home/interne1/public_html/mymisdiagnosis/app/Libraries/GroceryCrud.php(4570): App\Libraries\grocery_CRUD_Model_Driver->db_update(Object(stdClass))
#4 /home/interne1/public_html/mymisdiagnosis/app/Controllers/Product.php(270): App\Libraries\GroceryCrud->render()
#5 /home/interne1/public_html/mymisdiagnosis/system/CodeIgniter.php(936): App\Controllers\Product->cards('update', '5')
#6 /home/interne1/public_html/mymisdiagnosis/system/CodeIgniter.php(432): CodeIgniter\CodeIgniter->runController(Object(App\Controllers\Product))
#7 /home/interne1/public_html/mymisdiagnosis/system/CodeIgniter.php(333): CodeIgniter\CodeIgniter->handleRequest(NULL, Object(Config\Cache), false)
#8 /home/interne1/public_html/mymisdiagnosis/public/index.php(44): CodeIgniter\CodeIgniter->run()
#9 {main}
CRITICAL - 2021-04-25 01:44:49 --> Undefined property: App\Controllers\Product::$grocery_crud
#0 /home/interne1/public_html/mymisdiagnosis/app/Controllers/Product.php(315): CodeIgniter\Debug\Exceptions->errorHandler(8, 'Undefined prope...', '/home/interne1/...', 315, Array)
#1 [internal function]: App\Controllers\Product->image_temp_routines(Object(stdClass))
#2 /home/interne1/public_html/mymisdiagnosis/app/Libraries/GroceryCrud.php(1049): call_user_func(Array, Object(stdClass))
#3 /home/interne1/public_html/mymisdiagnosis/app/Libraries/GroceryCrud.php(4570): App\Libraries\grocery_CRUD_Model_Driver->db_update(Object(stdClass))
#4 /home/interne1/public_html/mymisdiagnosis/app/Controllers/Product.php(270): App\Libraries\GroceryCrud->render()
#5 /home/interne1/public_html/mymisdiagnosis/system/CodeIgniter.php(936): App\Controllers\Product->cards('update', '5')
#6 /home/interne1/public_html/mymisdiagnosis/system/CodeIgniter.php(432): CodeIgniter\CodeIgniter->runController(Object(App\Controllers\Product))
#7 /home/interne1/public_html/mymisdiagnosis/system/CodeIgniter.php(333): CodeIgniter\CodeIgniter->handleRequest(NULL, Object(Config\Cache), false)
#8 /home/interne1/public_html/mymisdiagnosis/public/index.php(44): CodeIgniter\CodeIgniter->run()
#9 {main}
CRITICAL - 2021-04-25 01:47:05 --> Cannot use object of type stdClass as array
#0 [internal function]: App\Controllers\Product->image_temp_routines(Object(stdClass))
#1 /home/interne1/public_html/mymisdiagnosis/app/Libraries/GroceryCrud.php(1049): call_user_func(Array, Object(stdClass))
#2 /home/interne1/public_html/mymisdiagnosis/app/Libraries/GroceryCrud.php(4570): App\Libraries\grocery_CRUD_Model_Driver->db_update(Object(stdClass))
#3 /home/interne1/public_html/mymisdiagnosis/app/Controllers/Product.php(270): App\Libraries\GroceryCrud->render()
#4 /home/interne1/public_html/mymisdiagnosis/system/CodeIgniter.php(936): App\Controllers\Product->cards('update', '5')
#5 /home/interne1/public_html/mymisdiagnosis/system/CodeIgniter.php(432): CodeIgniter\CodeIgniter->runController(Object(App\Controllers\Product))
#6 /home/interne1/public_html/mymisdiagnosis/system/CodeIgniter.php(333): CodeIgniter\CodeIgniter->handleRequest(NULL, Object(Config\Cache), false)
#7 /home/interne1/public_html/mymisdiagnosis/public/index.php(44): CodeIgniter\CodeIgniter->run()
#8 {main}
CRITICAL - 2021-04-25 02:28:14 --> Undefined variable: primaryKeyValue
#0 /home/interne1/public_html/mymisdiagnosis/app/Controllers/Product.php(316): CodeIgniter\Debug\Exceptions->errorHandler(8, 'Undefined varia...', '/home/interne1/...', 316, Array)
#1 [internal function]: App\Controllers\Product->image_temp_routines(Object(stdClass))
#2 /home/interne1/public_html/mymisdiagnosis/app/Libraries/GroceryCrud.php(1049): call_user_func(Array, Object(stdClass))
#3 /home/interne1/public_html/mymisdiagnosis/app/Libraries/GroceryCrud.php(4570): App\Libraries\grocery_CRUD_Model_Driver->db_update(Object(stdClass))
#4 /home/interne1/public_html/mymisdiagnosis/app/Controllers/Product.php(270): App\Libraries\GroceryCrud->render()
#5 /home/interne1/public_html/mymisdiagnosis/system/CodeIgniter.php(936): App\Controllers\Product->cards('update', '5')
#6 /home/interne1/public_html/mymisdiagnosis/system/CodeIgniter.php(432): CodeIgniter\CodeIgniter->runController(Object(App\Controllers\Product))
#7 /home/interne1/public_html/mymisdiagnosis/system/CodeIgniter.php(333): CodeIgniter\CodeIgniter->handleRequest(NULL, Object(Config\Cache), false)
#8 /home/interne1/public_html/mymisdiagnosis/public/index.php(44): CodeIgniter\CodeIgniter->run()
#9 {main}
CRITICAL - 2021-04-25 02:28:28 --> Too few arguments to function App\Controllers\Product::image_temp_routines(), 1 passed and exactly 2 expected
#0 [internal function]: App\Controllers\Product->image_temp_routines(Object(stdClass))
#1 /home/interne1/public_html/mymisdiagnosis/app/Libraries/GroceryCrud.php(1049): call_user_func(Array, Object(stdClass))
#2 /home/interne1/public_html/mymisdiagnosis/app/Libraries/GroceryCrud.php(4570): App\Libraries\grocery_CRUD_Model_Driver->db_update(Object(stdClass))
#3 /home/interne1/public_html/mymisdiagnosis/app/Controllers/Product.php(270): App\Libraries\GroceryCrud->render()
#4 /home/interne1/public_html/mymisdiagnosis/system/CodeIgniter.php(936): App\Controllers\Product->cards('update', '5')
#5 /home/interne1/public_html/mymisdiagnosis/system/CodeIgniter.php(432): CodeIgniter\CodeIgniter->runController(Object(App\Controllers\Product))
#6 /home/interne1/public_html/mymisdiagnosis/system/CodeIgniter.php(333): CodeIgniter\CodeIgniter->handleRequest(NULL, Object(Config\Cache), false)
#7 /home/interne1/public_html/mymisdiagnosis/public/index.php(44): CodeIgniter\CodeIgniter->run()
#8 {main}
CRITICAL - 2021-04-25 02:29:45 --> Too few arguments to function App\Controllers\Product::image_temp_routines(), 1 passed and exactly 2 expected
#0 [internal function]: App\Controllers\Product->image_temp_routines(Object(stdClass))
#1 /home/interne1/public_html/mymisdiagnosis/app/Libraries/GroceryCrud.php(1049): call_user_func(Array, Object(stdClass))
#2 /home/interne1/public_html/mymisdiagnosis/app/Libraries/GroceryCrud.php(4570): App\Libraries\grocery_CRUD_Model_Driver->db_update(Object(stdClass))
#3 /home/interne1/public_html/mymisdiagnosis/app/Controllers/Product.php(270): App\Libraries\GroceryCrud->render()
#4 /home/interne1/public_html/mymisdiagnosis/system/CodeIgniter.php(936): App\Controllers\Product->cards('update', '5')
#5 /home/interne1/public_html/mymisdiagnosis/system/CodeIgniter.php(432): CodeIgniter\CodeIgniter->runController(Object(App\Controllers\Product))
#6 /home/interne1/public_html/mymisdiagnosis/system/CodeIgniter.php(333): CodeIgniter\CodeIgniter->handleRequest(NULL, Object(Config\Cache), false)
#7 /home/interne1/public_html/mymisdiagnosis/public/index.php(44): CodeIgniter\CodeIgniter->run()
#8 {main}
CRITICAL - 2021-04-25 02:29:46 --> Too few arguments to function App\Controllers\Product::image_temp_routines(), 1 passed and exactly 2 expected
#0 [internal function]: App\Controllers\Product->image_temp_routines(Object(stdClass))
#1 /home/interne1/public_html/mymisdiagnosis/app/Libraries/GroceryCrud.php(1049): call_user_func(Array, Object(stdClass))
#2 /home/interne1/public_html/mymisdiagnosis/app/Libraries/GroceryCrud.php(4570): App\Libraries\grocery_CRUD_Model_Driver->db_update(Object(stdClass))
#3 /home/interne1/public_html/mymisdiagnosis/app/Controllers/Product.php(270): App\Libraries\GroceryCrud->render()
#4 /home/interne1/public_html/mymisdiagnosis/system/CodeIgniter.php(936): App\Controllers\Product->cards('update', '5')
#5 /home/interne1/public_html/mymisdiagnosis/system/CodeIgniter.php(432): CodeIgniter\CodeIgniter->runController(Object(App\Controllers\Product))
#6 /home/interne1/public_html/mymisdiagnosis/system/CodeIgniter.php(333): CodeIgniter\CodeIgniter->handleRequest(NULL, Object(Config\Cache), false)
#7 /home/interne1/public_html/mymisdiagnosis/public/index.php(44): CodeIgniter\CodeIgniter->run()
#8 {main}
CRITICAL - 2021-04-25 02:33:07 --> Too few arguments to function App\Controllers\Product::image_temp_routines(), 1 passed and exactly 2 expected
#0 [internal function]: App\Controllers\Product->image_temp_routines(Object(stdClass))
#1 /home/interne1/public_html/mymisdiagnosis/app/Libraries/GroceryCrud.php(1049): call_user_func(Array, Object(stdClass))
#2 /home/interne1/public_html/mymisdiagnosis/app/Libraries/GroceryCrud.php(4570): App\Libraries\grocery_CRUD_Model_Driver->db_update(Object(stdClass))
#3 /home/interne1/public_html/mymisdiagnosis/app/Controllers/Product.php(270): App\Libraries\GroceryCrud->render()
#4 /home/interne1/public_html/mymisdiagnosis/system/CodeIgniter.php(936): App\Controllers\Product->cards('update', '5')
#5 /home/interne1/public_html/mymisdiagnosis/system/CodeIgniter.php(432): CodeIgniter\CodeIgniter->runController(Object(App\Controllers\Product))
#6 /home/interne1/public_html/mymisdiagnosis/system/CodeIgniter.php(333): CodeIgniter\CodeIgniter->handleRequest(NULL, Object(Config\Cache), false)
#7 /home/interne1/public_html/mymisdiagnosis/public/index.php(44): CodeIgniter\CodeIgniter->run()
#8 {main}
CRITICAL - 2021-04-25 02:34:12 --> Too few arguments to function App\Controllers\Product::image_temp_routines(), 1 passed and exactly 2 expected
#0 [internal function]: App\Controllers\Product->image_temp_routines(Object(stdClass))
#1 /home/interne1/public_html/mymisdiagnosis/app/Libraries/GroceryCrud.php(1049): call_user_func(Array, Object(stdClass))
#2 /home/interne1/public_html/mymisdiagnosis/app/Libraries/GroceryCrud.php(4570): App\Libraries\grocery_CRUD_Model_Driver->db_update(Object(stdClass))
#3 /home/interne1/public_html/mymisdiagnosis/app/Controllers/Product.php(270): App\Libraries\GroceryCrud->render()
#4 /home/interne1/public_html/mymisdiagnosis/system/CodeIgniter.php(936): App\Controllers\Product->cards('update', '5')
#5 /home/interne1/public_html/mymisdiagnosis/system/CodeIgniter.php(432): CodeIgniter\CodeIgniter->runController(Object(App\Controllers\Product))
#6 /home/interne1/public_html/mymisdiagnosis/system/CodeIgniter.php(333): CodeIgniter\CodeIgniter->handleRequest(NULL, Object(Config\Cache), false)
#7 /home/interne1/public_html/mymisdiagnosis/public/index.php(44): CodeIgniter\CodeIgniter->run()
#8 {main}
CRITICAL - 2021-04-25 02:35:02 --> Too few arguments to function App\Controllers\Product::image_temp_routines(), 1 passed and exactly 2 expected
#0 [internal function]: App\Controllers\Product->image_temp_routines(Object(stdClass))
#1 /home/interne1/public_html/mymisdiagnosis/app/Libraries/GroceryCrud.php(1049): call_user_func(Array, Object(stdClass))
#2 /home/interne1/public_html/mymisdiagnosis/app/Libraries/GroceryCrud.php(4570): App\Libraries\grocery_CRUD_Model_Driver->db_update(Object(stdClass))
#3 /home/interne1/public_html/mymisdiagnosis/app/Controllers/Product.php(270): App\Libraries\GroceryCrud->render()
#4 /home/interne1/public_html/mymisdiagnosis/system/CodeIgniter.php(936): App\Controllers\Product->cards('update', '5')
#5 /home/interne1/public_html/mymisdiagnosis/system/CodeIgniter.php(432): CodeIgniter\CodeIgniter->runController(Object(App\Controllers\Product))
#6 /home/interne1/public_html/mymisdiagnosis/system/CodeIgniter.php(333): CodeIgniter\CodeIgniter->handleRequest(NULL, Object(Config\Cache), false)
#7 /home/interne1/public_html/mymisdiagnosis/public/index.php(44): CodeIgniter\CodeIgniter->run()
#8 {main}
CRITICAL - 2021-04-25 02:35:24 --> Too few arguments to function App\Controllers\Product::image_temp_routines(), 1 passed and exactly 2 expected
#0 [internal function]: App\Controllers\Product->image_temp_routines(Object(stdClass))
#1 /home/interne1/public_html/mymisdiagnosis/app/Libraries/GroceryCrud.php(1049): call_user_func(Array, Object(stdClass))
#2 /home/interne1/public_html/mymisdiagnosis/app/Libraries/GroceryCrud.php(4570): App\Libraries\grocery_CRUD_Model_Driver->db_update(Object(stdClass))
#3 /home/interne1/public_html/mymisdiagnosis/app/Controllers/Product.php(270): App\Libraries\GroceryCrud->render()
#4 /home/interne1/public_html/mymisdiagnosis/system/CodeIgniter.php(936): App\Controllers\Product->cards('update', '5')
#5 /home/interne1/public_html/mymisdiagnosis/system/CodeIgniter.php(432): CodeIgniter\CodeIgniter->runController(Object(App\Controllers\Product))
#6 /home/interne1/public_html/mymisdiagnosis/system/CodeIgniter.php(333): CodeIgniter\CodeIgniter->handleRequest(NULL, Object(Config\Cache), false)
#7 /home/interne1/public_html/mymisdiagnosis/public/index.php(44): CodeIgniter\CodeIgniter->run()
#8 {main}
CRITICAL - 2021-04-25 02:35:33 --> Too few arguments to function App\Controllers\Product::image_temp_routines(), 1 passed and exactly 2 expected
#0 [internal function]: App\Controllers\Product->image_temp_routines(Object(stdClass))
#1 /home/interne1/public_html/mymisdiagnosis/app/Libraries/GroceryCrud.php(1049): call_user_func(Array, Object(stdClass))
#2 /home/interne1/public_html/mymisdiagnosis/app/Libraries/GroceryCrud.php(4570): App\Libraries\grocery_CRUD_Model_Driver->db_update(Object(stdClass))
#3 /home/interne1/public_html/mymisdiagnosis/app/Controllers/Product.php(270): App\Libraries\GroceryCrud->render()
#4 /home/interne1/public_html/mymisdiagnosis/system/CodeIgniter.php(936): App\Controllers\Product->cards('update', '5')
#5 /home/interne1/public_html/mymisdiagnosis/system/CodeIgniter.php(432): CodeIgniter\CodeIgniter->runController(Object(App\Controllers\Product))
#6 /home/interne1/public_html/mymisdiagnosis/system/CodeIgniter.php(333): CodeIgniter\CodeIgniter->handleRequest(NULL, Object(Config\Cache), false)
#7 /home/interne1/public_html/mymisdiagnosis/public/index.php(44): CodeIgniter\CodeIgniter->run()
#8 {main}
CRITICAL - 2021-04-25 02:35:49 --> Too few arguments to function App\Controllers\Product::image_temp_routines(), 1 passed and exactly 2 expected
#0 [internal function]: App\Controllers\Product->image_temp_routines(Object(stdClass))
#1 /home/interne1/public_html/mymisdiagnosis/app/Libraries/GroceryCrud.php(1049): call_user_func(Array, Object(stdClass))
#2 /home/interne1/public_html/mymisdiagnosis/app/Libraries/GroceryCrud.php(4570): App\Libraries\grocery_CRUD_Model_Driver->db_update(Object(stdClass))
#3 /home/interne1/public_html/mymisdiagnosis/app/Controllers/Product.php(270): App\Libraries\GroceryCrud->render()
#4 /home/interne1/public_html/mymisdiagnosis/system/CodeIgniter.php(936): App\Controllers\Product->cards('update', '5')
#5 /home/interne1/public_html/mymisdiagnosis/system/CodeIgniter.php(432): CodeIgniter\CodeIgniter->runController(Object(App\Controllers\Product))
#6 /home/interne1/public_html/mymisdiagnosis/system/CodeIgniter.php(333): CodeIgniter\CodeIgniter->handleRequest(NULL, Object(Config\Cache), false)
#7 /home/interne1/public_html/mymisdiagnosis/public/index.php(44): CodeIgniter\CodeIgniter->run()
#8 {main}
CRITICAL - 2021-04-25 02:37:02 --> Too few arguments to function App\Controllers\Product::image_temp_routines(), 1 passed and exactly 2 expected
#0 [internal function]: App\Controllers\Product->image_temp_routines(Object(stdClass))
#1 /home/interne1/public_html/mymisdiagnosis/app/Libraries/GroceryCrud.php(1049): call_user_func(Array, Object(stdClass))
#2 /home/interne1/public_html/mymisdiagnosis/app/Libraries/GroceryCrud.php(4570): App\Libraries\grocery_CRUD_Model_Driver->db_update(Object(stdClass))
#3 /home/interne1/public_html/mymisdiagnosis/app/Controllers/Product.php(270): App\Libraries\GroceryCrud->render()
#4 /home/interne1/public_html/mymisdiagnosis/system/CodeIgniter.php(936): App\Controllers\Product->cards('update', '5')
#5 /home/interne1/public_html/mymisdiagnosis/system/CodeIgniter.php(432): CodeIgniter\CodeIgniter->runController(Object(App\Controllers\Product))
#6 /home/interne1/public_html/mymisdiagnosis/system/CodeIgniter.php(333): CodeIgniter\CodeIgniter->handleRequest(NULL, Object(Config\Cache), false)
#7 /home/interne1/public_html/mymisdiagnosis/public/index.php(44): CodeIgniter\CodeIgniter->run()
#8 {main}
CRITICAL - 2021-04-25 02:37:15 --> Too few arguments to function App\Controllers\Product::image_temp_routines(), 1 passed and exactly 2 expected
#0 [internal function]: App\Controllers\Product->image_temp_routines(Object(stdClass))
#1 /home/interne1/public_html/mymisdiagnosis/app/Libraries/GroceryCrud.php(1049): call_user_func(Array, Object(stdClass))
#2 /home/interne1/public_html/mymisdiagnosis/app/Libraries/GroceryCrud.php(4570): App\Libraries\grocery_CRUD_Model_Driver->db_update(Object(stdClass))
#3 /home/interne1/public_html/mymisdiagnosis/app/Controllers/Product.php(270): App\Libraries\GroceryCrud->render()
#4 /home/interne1/public_html/mymisdiagnosis/system/CodeIgniter.php(936): App\Controllers\Product->cards('update', '5')
#5 /home/interne1/public_html/mymisdiagnosis/system/CodeIgniter.php(432): CodeIgniter\CodeIgniter->runController(Object(App\Controllers\Product))
#6 /home/interne1/public_html/mymisdiagnosis/system/CodeIgniter.php(333): CodeIgniter\CodeIgniter->handleRequest(NULL, Object(Config\Cache), false)
#7 /home/interne1/public_html/mymisdiagnosis/public/index.php(44): CodeIgniter\CodeIgniter->run()
#8 {main}
CRITICAL - 2021-04-25 02:38:07 --> Undefined index: name_or_title
#0 /home/interne1/public_html/mymisdiagnosis/app/Controllers/Product.php(315): CodeIgniter\Debug\Exceptions->errorHandler(8, 'Undefined index...', '/home/interne1/...', 315, Array)
#1 [internal function]: App\Controllers\Product->image_temp_routines(Object(stdClass))
#2 /home/interne1/public_html/mymisdiagnosis/app/Libraries/GroceryCrud.php(1049): call_user_func(Array, Object(stdClass))
#3 /home/interne1/public_html/mymisdiagnosis/app/Libraries/GroceryCrud.php(4570): App\Libraries\grocery_CRUD_Model_Driver->db_update(Object(stdClass))
#4 /home/interne1/public_html/mymisdiagnosis/app/Controllers/Product.php(270): App\Libraries\GroceryCrud->render()
#5 /home/interne1/public_html/mymisdiagnosis/system/CodeIgniter.php(936): App\Controllers\Product->cards('update', '5')
#6 /home/interne1/public_html/mymisdiagnosis/system/CodeIgniter.php(432): CodeIgniter\CodeIgniter->runController(Object(App\Controllers\Product))
#7 /home/interne1/public_html/mymisdiagnosis/system/CodeIgniter.php(333): CodeIgniter\CodeIgniter->handleRequest(NULL, Object(Config\Cache), false)
#8 /home/interne1/public_html/mymisdiagnosis/public/index.php(44): CodeIgniter\CodeIgniter->run()
#9 {main}
CRITICAL - 2021-04-25 02:38:09 --> Undefined index: name_or_title
#0 /home/interne1/public_html/mymisdiagnosis/app/Controllers/Product.php(315): CodeIgniter\Debug\Exceptions->errorHandler(8, 'Undefined index...', '/home/interne1/...', 315, Array)
#1 [internal function]: App\Controllers\Product->image_temp_routines(Object(stdClass))
#2 /home/interne1/public_html/mymisdiagnosis/app/Libraries/GroceryCrud.php(1049): call_user_func(Array, Object(stdClass))
#3 /home/interne1/public_html/mymisdiagnosis/app/Libraries/GroceryCrud.php(4570): App\Libraries\grocery_CRUD_Model_Driver->db_update(Object(stdClass))
#4 /home/interne1/public_html/mymisdiagnosis/app/Controllers/Product.php(270): App\Libraries\GroceryCrud->render()
#5 /home/interne1/public_html/mymisdiagnosis/system/CodeIgniter.php(936): App\Controllers\Product->cards('update', '5')
#6 /home/interne1/public_html/mymisdiagnosis/system/CodeIgniter.php(432): CodeIgniter\CodeIgniter->runController(Object(App\Controllers\Product))
#7 /home/interne1/public_html/mymisdiagnosis/system/CodeIgniter.php(333): CodeIgniter\CodeIgniter->handleRequest(NULL, Object(Config\Cache), false)
#8 /home/interne1/public_html/mymisdiagnosis/public/index.php(44): CodeIgniter\CodeIgniter->run()
#9 {main}
CRITICAL - 2021-04-25 02:39:07 --> Undefined index: name_or_title
#0 /home/interne1/public_html/mymisdiagnosis/app/Controllers/Product.php(315): CodeIgniter\Debug\Exceptions->errorHandler(8, 'Undefined index...', '/home/interne1/...', 315, Array)
#1 [internal function]: App\Controllers\Product->image_temp_routines(Object(stdClass))
#2 /home/interne1/public_html/mymisdiagnosis/app/Libraries/GroceryCrud.php(1049): call_user_func(Array, Object(stdClass))
#3 /home/interne1/public_html/mymisdiagnosis/app/Libraries/GroceryCrud.php(4570): App\Libraries\grocery_CRUD_Model_Driver->db_update(Object(stdClass))
#4 /home/interne1/public_html/mymisdiagnosis/app/Controllers/Product.php(270): App\Libraries\GroceryCrud->render()
#5 /home/interne1/public_html/mymisdiagnosis/system/CodeIgniter.php(936): App\Controllers\Product->cards('update', '5')
#6 /home/interne1/public_html/mymisdiagnosis/system/CodeIgniter.php(432): CodeIgniter\CodeIgniter->runController(Object(App\Controllers\Product))
#7 /home/interne1/public_html/mymisdiagnosis/system/CodeIgniter.php(333): CodeIgniter\CodeIgniter->handleRequest(NULL, Object(Config\Cache), false)
#8 /home/interne1/public_html/mymisdiagnosis/public/index.php(44): CodeIgniter\CodeIgniter->run()
#9 {main}
CRITICAL - 2021-04-25 02:42:14 --> Undefined index: related_pack
#0 /home/interne1/public_html/mymisdiagnosis/app/Controllers/Product.php(315): CodeIgniter\Debug\Exceptions->errorHandler(8, 'Undefined index...', '/home/interne1/...', 315, Array)
#1 [internal function]: App\Controllers\Product->image_temp_routines(Object(stdClass))
#2 /home/interne1/public_html/mymisdiagnosis/app/Libraries/GroceryCrud.php(1049): call_user_func(Array, Object(stdClass))
#3 /home/interne1/public_html/mymisdiagnosis/app/Libraries/GroceryCrud.php(4570): App\Libraries\grocery_CRUD_Model_Driver->db_update(Object(stdClass))
#4 /home/interne1/public_html/mymisdiagnosis/app/Controllers/Product.php(270): App\Libraries\GroceryCrud->render()
#5 /home/interne1/public_html/mymisdiagnosis/system/CodeIgniter.php(936): App\Controllers\Product->cards('update', '5')
#6 /home/interne1/public_html/mymisdiagnosis/system/CodeIgniter.php(432): CodeIgniter\CodeIgniter->runController(Object(App\Controllers\Product))
#7 /home/interne1/public_html/mymisdiagnosis/system/CodeIgniter.php(333): CodeIgniter\CodeIgniter->handleRequest(NULL, Object(Config\Cache), false)
#8 /home/interne1/public_html/mymisdiagnosis/public/index.php(44): CodeIgniter\CodeIgniter->run()
#9 {main}
CRITICAL - 2021-04-25 02:43:09 --> Undefined index: question_sectiopn_header_1
#0 /home/interne1/public_html/mymisdiagnosis/app/Controllers/Product.php(315): CodeIgniter\Debug\Exceptions->errorHandler(8, 'Undefined index...', '/home/interne1/...', 315, Array)
#1 [internal function]: App\Controllers\Product->image_temp_routines(Object(stdClass))
#2 /home/interne1/public_html/mymisdiagnosis/app/Libraries/GroceryCrud.php(1049): call_user_func(Array, Object(stdClass))
#3 /home/interne1/public_html/mymisdiagnosis/app/Libraries/GroceryCrud.php(4570): App\Libraries\grocery_CRUD_Model_Driver->db_update(Object(stdClass))
#4 /home/interne1/public_html/mymisdiagnosis/app/Controllers/Product.php(270): App\Libraries\GroceryCrud->render()
#5 /home/interne1/public_html/mymisdiagnosis/system/CodeIgniter.php(936): App\Controllers\Product->cards('update', '5')
#6 /home/interne1/public_html/mymisdiagnosis/system/CodeIgniter.php(432): CodeIgniter\CodeIgniter->runController(Object(App\Controllers\Product))
#7 /home/interne1/public_html/mymisdiagnosis/system/CodeIgniter.php(333): CodeIgniter\CodeIgniter->handleRequest(NULL, Object(Config\Cache), false)
#8 /home/interne1/public_html/mymisdiagnosis/public/index.php(44): CodeIgniter\CodeIgniter->run()
#9 {main}
CRITICAL - 2021-04-25 02:43:36 --> Undefined index: question_sectiopn_1_copy
#0 /home/interne1/public_html/mymisdiagnosis/app/Controllers/Product.php(315): CodeIgniter\Debug\Exceptions->errorHandler(8, 'Undefined index...', '/home/interne1/...', 315, Array)
#1 [internal function]: App\Controllers\Product->image_temp_routines(Object(stdClass))
#2 /home/interne1/public_html/mymisdiagnosis/app/Libraries/GroceryCrud.php(1049): call_user_func(Array, Object(stdClass))
#3 /home/interne1/public_html/mymisdiagnosis/app/Libraries/GroceryCrud.php(4570): App\Libraries\grocery_CRUD_Model_Driver->db_update(Object(stdClass))
#4 /home/interne1/public_html/mymisdiagnosis/app/Controllers/Product.php(270): App\Libraries\GroceryCrud->render()
#5 /home/interne1/public_html/mymisdiagnosis/system/CodeIgniter.php(936): App\Controllers\Product->cards('update', '5')
#6 /home/interne1/public_html/mymisdiagnosis/system/CodeIgniter.php(432): CodeIgniter\CodeIgniter->runController(Object(App\Controllers\Product))
#7 /home/interne1/public_html/mymisdiagnosis/system/CodeIgniter.php(333): CodeIgniter\CodeIgniter->handleRequest(NULL, Object(Config\Cache), false)
#8 /home/interne1/public_html/mymisdiagnosis/public/index.php(44): CodeIgniter\CodeIgniter->run()
#9 {main}
CRITICAL - 2021-04-25 02:43:37 --> Undefined index: question_sectiopn_1_copy
#0 /home/interne1/public_html/mymisdiagnosis/app/Controllers/Product.php(315): CodeIgniter\Debug\Exceptions->errorHandler(8, 'Undefined index...', '/home/interne1/...', 315, Array)
#1 [internal function]: App\Controllers\Product->image_temp_routines(Object(stdClass))
#2 /home/interne1/public_html/mymisdiagnosis/app/Libraries/GroceryCrud.php(1049): call_user_func(Array, Object(stdClass))
#3 /home/interne1/public_html/mymisdiagnosis/app/Libraries/GroceryCrud.php(4570): App\Libraries\grocery_CRUD_Model_Driver->db_update(Object(stdClass))
#4 /home/interne1/public_html/mymisdiagnosis/app/Controllers/Product.php(270): App\Libraries\GroceryCrud->render()
#5 /home/interne1/public_html/mymisdiagnosis/system/CodeIgniter.php(936): App\Controllers\Product->cards('update', '5')
#6 /home/interne1/public_html/mymisdiagnosis/system/CodeIgniter.php(432): CodeIgniter\CodeIgniter->runController(Object(App\Controllers\Product))
#7 /home/interne1/public_html/mymisdiagnosis/system/CodeIgniter.php(333): CodeIgniter\CodeIgniter->handleRequest(NULL, Object(Config\Cache), false)
#8 /home/interne1/public_html/mymisdiagnosis/public/index.php(44): CodeIgniter\CodeIgniter->run()
#9 {main}
CRITICAL - 2021-04-25 02:43:46 --> syntax error, unexpected ''question_section_' (T_ENCAPSED_AND_WHITESPACE), expecting ']'
#0 /home/interne1/public_html/mymisdiagnosis/system/Router/Router.php(170): CodeIgniter\Router\Router->autoRoute('product/cards/u...')
#1 /home/interne1/public_html/mymisdiagnosis/system/CodeIgniter.php(816): CodeIgniter\Router\Router->handle('product/cards/u...')
#2 /home/interne1/public_html/mymisdiagnosis/system/CodeIgniter.php(385): CodeIgniter\CodeIgniter->tryToRouteIt(Object(CodeIgniter\Router\RouteCollection))
#3 /home/interne1/public_html/mymisdiagnosis/system/CodeIgniter.php(333): CodeIgniter\CodeIgniter->handleRequest(NULL, Object(Config\Cache), false)
#4 /home/interne1/public_html/mymisdiagnosis/public/index.php(44): CodeIgniter\CodeIgniter->run()
#5 {main}
CRITICAL - 2021-04-25 02:44:23 --> Undefined index: question_template
#0 /home/interne1/public_html/mymisdiagnosis/app/Controllers/Product.php(315): CodeIgniter\Debug\Exceptions->errorHandler(8, 'Undefined index...', '/home/interne1/...', 315, Array)
#1 [internal function]: App\Controllers\Product->image_temp_routines(Object(stdClass))
#2 /home/interne1/public_html/mymisdiagnosis/app/Libraries/GroceryCrud.php(1049): call_user_func(Array, Object(stdClass))
#3 /home/interne1/public_html/mymisdiagnosis/app/Libraries/GroceryCrud.php(4570): App\Libraries\grocery_CRUD_Model_Driver->db_update(Object(stdClass))
#4 /home/interne1/public_html/mymisdiagnosis/app/Controllers/Product.php(270): App\Libraries\GroceryCrud->render()
#5 /home/interne1/public_html/mymisdiagnosis/system/CodeIgniter.php(936): App\Controllers\Product->cards('update', '5')
#6 /home/interne1/public_html/mymisdiagnosis/system/CodeIgniter.php(432): CodeIgniter\CodeIgniter->runController(Object(App\Controllers\Product))
#7 /home/interne1/public_html/mymisdiagnosis/system/CodeIgniter.php(333): CodeIgniter\CodeIgniter->handleRequest(NULL, Object(Config\Cache), false)
#8 /home/interne1/public_html/mymisdiagnosis/public/index.php(44): CodeIgniter\CodeIgniter->run()
#9 {main}
CRITICAL - 2021-04-25 02:44:47 --> Undefined index: related_pack
#0 /home/interne1/public_html/mymisdiagnosis/app/Controllers/Product.php(315): CodeIgniter\Debug\Exceptions->errorHandler(8, 'Undefined index...', '/home/interne1/...', 315, Array)
#1 [internal function]: App\Controllers\Product->image_temp_routines(Object(stdClass))
#2 /home/interne1/public_html/mymisdiagnosis/app/Libraries/GroceryCrud.php(1049): call_user_func(Array, Object(stdClass))
#3 /home/interne1/public_html/mymisdiagnosis/app/Libraries/GroceryCrud.php(4570): App\Libraries\grocery_CRUD_Model_Driver->db_update(Object(stdClass))
#4 /home/interne1/public_html/mymisdiagnosis/app/Controllers/Product.php(270): App\Libraries\GroceryCrud->render()
#5 /home/interne1/public_html/mymisdiagnosis/system/CodeIgniter.php(936): App\Controllers\Product->cards('update', '5')
#6 /home/interne1/public_html/mymisdiagnosis/system/CodeIgniter.php(432): CodeIgniter\CodeIgniter->runController(Object(App\Controllers\Product))
#7 /home/interne1/public_html/mymisdiagnosis/system/CodeIgniter.php(333): CodeIgniter\CodeIgniter->handleRequest(NULL, Object(Config\Cache), false)
#8 /home/interne1/public_html/mymisdiagnosis/public/index.php(44): CodeIgniter\CodeIgniter->run()
#9 {main}
CRITICAL - 2021-04-25 02:49:09 --> Undefined index: related_pack
#0 /home/interne1/public_html/mymisdiagnosis/app/Controllers/Product.php(315): CodeIgniter\Debug\Exceptions->errorHandler(8, 'Undefined index...', '/home/interne1/...', 315, Array)
#1 [internal function]: App\Controllers\Product->image_temp_routines(Object(stdClass))
#2 /home/interne1/public_html/mymisdiagnosis/app/Libraries/GroceryCrud.php(1049): call_user_func(Array, Object(stdClass))
#3 /home/interne1/public_html/mymisdiagnosis/app/Libraries/GroceryCrud.php(4570): App\Libraries\grocery_CRUD_Model_Driver->db_update(Object(stdClass))
#4 /home/interne1/public_html/mymisdiagnosis/app/Controllers/Product.php(270): App\Libraries\GroceryCrud->render()
#5 /home/interne1/public_html/mymisdiagnosis/system/CodeIgniter.php(936): App\Controllers\Product->cards('update', '5')
#6 /home/interne1/public_html/mymisdiagnosis/system/CodeIgniter.php(432): CodeIgniter\CodeIgniter->runController(Object(App\Controllers\Product))
#7 /home/interne1/public_html/mymisdiagnosis/system/CodeIgniter.php(333): CodeIgniter\CodeIgniter->handleRequest(NULL, Object(Config\Cache), false)
#8 /home/interne1/public_html/mymisdiagnosis/public/index.php(44): CodeIgniter\CodeIgniter->run()
#9 {main}
CRITICAL - 2021-04-25 02:51:34 --> syntax error, unexpected '$user' (T_VARIABLE)
#0 /home/interne1/public_html/mymisdiagnosis/system/Router/Router.php(170): CodeIgniter\Router\Router->autoRoute('product/cards/u...')
#1 /home/interne1/public_html/mymisdiagnosis/system/CodeIgniter.php(816): CodeIgniter\Router\Router->handle('product/cards/u...')
#2 /home/interne1/public_html/mymisdiagnosis/system/CodeIgniter.php(385): CodeIgniter\CodeIgniter->tryToRouteIt(Object(CodeIgniter\Router\RouteCollection))
#3 /home/interne1/public_html/mymisdiagnosis/system/CodeIgniter.php(333): CodeIgniter\CodeIgniter->handleRequest(NULL, Object(Config\Cache), false)
#4 /home/interne1/public_html/mymisdiagnosis/public/index.php(44): CodeIgniter\CodeIgniter->run()
#5 {main}
CRITICAL - 2021-04-25 02:51:38 --> syntax error, unexpected '$user' (T_VARIABLE)
#0 /home/interne1/public_html/mymisdiagnosis/system/Router/Router.php(170): CodeIgniter\Router\Router->autoRoute('product/cards/u...')
#1 /home/interne1/public_html/mymisdiagnosis/system/CodeIgniter.php(816): CodeIgniter\Router\Router->handle('product/cards/u...')
#2 /home/interne1/public_html/mymisdiagnosis/system/CodeIgniter.php(385): CodeIgniter\CodeIgniter->tryToRouteIt(Object(CodeIgniter\Router\RouteCollection))
#3 /home/interne1/public_html/mymisdiagnosis/system/CodeIgniter.php(333): CodeIgniter\CodeIgniter->handleRequest(NULL, Object(Config\Cache), false)
#4 /home/interne1/public_html/mymisdiagnosis/public/index.php(44): CodeIgniter\CodeIgniter->run()
#5 {main}
CRITICAL - 2021-04-25 02:51:42 --> syntax error, unexpected '$user' (T_VARIABLE)
#0 /home/interne1/public_html/mymisdiagnosis/system/Router/Router.php(170): CodeIgniter\Router\Router->autoRoute('product/cards/u...')
#1 /home/interne1/public_html/mymisdiagnosis/system/CodeIgniter.php(816): CodeIgniter\Router\Router->handle('product/cards/u...')
#2 /home/interne1/public_html/mymisdiagnosis/system/CodeIgniter.php(385): CodeIgniter\CodeIgniter->tryToRouteIt(Object(CodeIgniter\Router\RouteCollection))
#3 /home/interne1/public_html/mymisdiagnosis/system/CodeIgniter.php(333): CodeIgniter\CodeIgniter->handleRequest(NULL, Object(Config\Cache), false)
#4 /home/interne1/public_html/mymisdiagnosis/public/index.php(44): CodeIgniter\CodeIgniter->run()
#5 {main}
CRITICAL - 2021-04-25 02:51:53 --> Undefined variable: stateInfo
#0 /home/interne1/public_html/mymisdiagnosis/app/Controllers/Product.php(315): CodeIgniter\Debug\Exceptions->errorHandler(8, 'Undefined varia...', '/home/interne1/...', 315, Array)
#1 [internal function]: App\Controllers\Product->image_temp_routines(Object(stdClass))
#2 /home/interne1/public_html/mymisdiagnosis/app/Libraries/GroceryCrud.php(1049): call_user_func(Array, Object(stdClass))
#3 /home/interne1/public_html/mymisdiagnosis/app/Libraries/GroceryCrud.php(4570): App\Libraries\grocery_CRUD_Model_Driver->db_update(Object(stdClass))
#4 /home/interne1/public_html/mymisdiagnosis/app/Controllers/Product.php(270): App\Libraries\GroceryCrud->render()
#5 /home/interne1/public_html/mymisdiagnosis/system/CodeIgniter.php(936): App\Controllers\Product->cards('update', '5')
#6 /home/interne1/public_html/mymisdiagnosis/system/CodeIgniter.php(432): CodeIgniter\CodeIgniter->runController(Object(App\Controllers\Product))
#7 /home/interne1/public_html/mymisdiagnosis/system/CodeIgniter.php(333): CodeIgniter\CodeIgniter->handleRequest(NULL, Object(Config\Cache), false)
#8 /home/interne1/public_html/mymisdiagnosis/public/index.php(44): CodeIgniter\CodeIgniter->run()
#9 {main}
CRITICAL - 2021-04-25 02:52:25 --> Undefined variable: crud
#0 /home/interne1/public_html/mymisdiagnosis/app/Controllers/Product.php(315): CodeIgniter\Debug\Exceptions->errorHandler(8, 'Undefined varia...', '/home/interne1/...', 315, Array)
#1 [internal function]: App\Controllers\Product->image_temp_routines(Object(stdClass))
#2 /home/interne1/public_html/mymisdiagnosis/app/Libraries/GroceryCrud.php(1049): call_user_func(Array, Object(stdClass))
#3 /home/interne1/public_html/mymisdiagnosis/app/Libraries/GroceryCrud.php(4570): App\Libraries\grocery_CRUD_Model_Driver->db_update(Object(stdClass))
#4 /home/interne1/public_html/mymisdiagnosis/app/Controllers/Product.php(270): App\Libraries\GroceryCrud->render()
#5 /home/interne1/public_html/mymisdiagnosis/system/CodeIgniter.php(936): App\Controllers\Product->cards('update', '5')
#6 /home/interne1/public_html/mymisdiagnosis/system/CodeIgniter.php(432): CodeIgniter\CodeIgniter->runController(Object(App\Controllers\Product))
#7 /home/interne1/public_html/mymisdiagnosis/system/CodeIgniter.php(333): CodeIgniter\CodeIgniter->handleRequest(NULL, Object(Config\Cache), false)
#8 /home/interne1/public_html/mymisdiagnosis/public/index.php(44): CodeIgniter\CodeIgniter->run()
#9 {main}
CRITICAL - 2021-04-25 02:52:39 --> Call to undefined method App\Controllers\Product::getStateInfo()
#0 [internal function]: App\Controllers\Product->image_temp_routines(Object(stdClass))
#1 /home/interne1/public_html/mymisdiagnosis/app/Libraries/GroceryCrud.php(1049): call_user_func(Array, Object(stdClass))
#2 /home/interne1/public_html/mymisdiagnosis/app/Libraries/GroceryCrud.php(4570): App\Libraries\grocery_CRUD_Model_Driver->db_update(Object(stdClass))
#3 /home/interne1/public_html/mymisdiagnosis/app/Controllers/Product.php(270): App\Libraries\GroceryCrud->render()
#4 /home/interne1/public_html/mymisdiagnosis/system/CodeIgniter.php(936): App\Controllers\Product->cards('update', '5')
#5 /home/interne1/public_html/mymisdiagnosis/system/CodeIgniter.php(432): CodeIgniter\CodeIgniter->runController(Object(App\Controllers\Product))
#6 /home/interne1/public_html/mymisdiagnosis/system/CodeIgniter.php(333): CodeIgniter\CodeIgniter->handleRequest(NULL, Object(Config\Cache), false)
#7 /home/interne1/public_html/mymisdiagnosis/public/index.php(44): CodeIgniter\CodeIgniter->run()
#8 {main}
CRITICAL - 2021-04-25 02:54:22 --> Undefined index: question_image_3
#0 /home/interne1/public_html/mymisdiagnosis/app/Controllers/Product.php(316): CodeIgniter\Debug\Exceptions->errorHandler(8, 'Undefined index...', '/home/interne1/...', 316, Array)
#1 [internal function]: App\Controllers\Product->image_temp_routines(Object(stdClass))
#2 /home/interne1/public_html/mymisdiagnosis/app/Libraries/GroceryCrud.php(1049): call_user_func(Array, Object(stdClass))
#3 /home/interne1/public_html/mymisdiagnosis/app/Libraries/GroceryCrud.php(4570): App\Libraries\grocery_CRUD_Model_Driver->db_update(Object(stdClass))
#4 /home/interne1/public_html/mymisdiagnosis/app/Controllers/Product.php(270): App\Libraries\GroceryCrud->render()
#5 /home/interne1/public_html/mymisdiagnosis/system/CodeIgniter.php(936): App\Controllers\Product->cards('update', '5')
#6 /home/interne1/public_html/mymisdiagnosis/system/CodeIgniter.php(432): CodeIgniter\CodeIgniter->runController(Object(App\Controllers\Product))
#7 /home/interne1/public_html/mymisdiagnosis/system/CodeIgniter.php(333): CodeIgniter\CodeIgniter->handleRequest(NULL, Object(Config\Cache), false)
#8 /home/interne1/public_html/mymisdiagnosis/public/index.php(44): CodeIgniter\CodeIgniter->run()
#9 {main}
CRITICAL - 2021-04-25 02:56:28 --> Object of class stdClass could not be converted to string
#0 /home/interne1/public_html/mymisdiagnosis/public/assets/grocery_crud/themes/internetics/views/edit.php(108): CodeIgniter\Debug\Exceptions->errorHandler(4096, 'Object of class...', '/home/interne1/...', 108, Array)
#1 /home/interne1/public_html/mymisdiagnosis/app/Libraries/GroceryCrud.php(2801): include('/home/interne1/...')
#2 /home/interne1/public_html/mymisdiagnosis/app/Libraries/GroceryCrud.php(1850): App\Libraries\grocery_CRUD_Layout->_theme_view('edit.php', Array)
#3 /home/interne1/public_html/mymisdiagnosis/app/Libraries/GroceryCrud.php(4532): App\Libraries\grocery_CRUD_Layout->showEditForm(Object(stdClass))
#4 /home/interne1/public_html/mymisdiagnosis/app/Controllers/Product.php(270): App\Libraries\GroceryCrud->render()
#5 /home/interne1/public_html/mymisdiagnosis/system/CodeIgniter.php(936): App\Controllers\Product->cards('edit', '5')
#6 /home/interne1/public_html/mymisdiagnosis/system/CodeIgniter.php(432): CodeIgniter\CodeIgniter->runController(Object(App\Controllers\Product))
#7 /home/interne1/public_html/mymisdiagnosis/system/CodeIgniter.php(333): CodeIgniter\CodeIgniter->handleRequest(NULL, Object(Config\Cache), false)
#8 /home/interne1/public_html/mymisdiagnosis/public/index.php(44): CodeIgniter\CodeIgniter->run()
#9 {main}
CRITICAL - 2021-04-25 02:57:28 --> Undefined property: stdClass::$data
#0 /home/interne1/public_html/mymisdiagnosis/public/assets/grocery_crud/themes/internetics/views/edit.php(108): CodeIgniter\Debug\Exceptions->errorHandler(8, 'Undefined prope...', '/home/interne1/...', 108, Array)
#1 /home/interne1/public_html/mymisdiagnosis/app/Libraries/GroceryCrud.php(2801): include('/home/interne1/...')
#2 /home/interne1/public_html/mymisdiagnosis/app/Libraries/GroceryCrud.php(1850): App\Libraries\grocery_CRUD_Layout->_theme_view('edit.php', Array)
#3 /home/interne1/public_html/mymisdiagnosis/app/Libraries/GroceryCrud.php(4532): App\Libraries\grocery_CRUD_Layout->showEditForm(Object(stdClass))
#4 /home/interne1/public_html/mymisdiagnosis/app/Controllers/Product.php(270): App\Libraries\GroceryCrud->render()
#5 /home/interne1/public_html/mymisdiagnosis/system/CodeIgniter.php(936): App\Controllers\Product->cards('edit', '5')
#6 /home/interne1/public_html/mymisdiagnosis/system/CodeIgniter.php(432): CodeIgniter\CodeIgniter->runController(Object(App\Controllers\Product))
#7 /home/interne1/public_html/mymisdiagnosis/system/CodeIgniter.php(333): CodeIgniter\CodeIgniter->handleRequest(NULL, Object(Config\Cache), false)
#8 /home/interne1/public_html/mymisdiagnosis/public/index.php(44): CodeIgniter\CodeIgniter->run()
#9 {main}
CRITICAL - 2021-04-25 02:57:40 --> Undefined property: stdClass::$value
#0 /home/interne1/public_html/mymisdiagnosis/public/assets/grocery_crud/themes/internetics/views/edit.php(108): CodeIgniter\Debug\Exceptions->errorHandler(8, 'Undefined prope...', '/home/interne1/...', 108, Array)
#1 /home/interne1/public_html/mymisdiagnosis/app/Libraries/GroceryCrud.php(2801): include('/home/interne1/...')
#2 /home/interne1/public_html/mymisdiagnosis/app/Libraries/GroceryCrud.php(1850): App\Libraries\grocery_CRUD_Layout->_theme_view('edit.php', Array)
#3 /home/interne1/public_html/mymisdiagnosis/app/Libraries/GroceryCrud.php(4532): App\Libraries\grocery_CRUD_Layout->showEditForm(Object(stdClass))
#4 /home/interne1/public_html/mymisdiagnosis/app/Controllers/Product.php(270): App\Libraries\GroceryCrud->render()
#5 /home/interne1/public_html/mymisdiagnosis/system/CodeIgniter.php(936): App\Controllers\Product->cards('edit', '5')
#6 /home/interne1/public_html/mymisdiagnosis/system/CodeIgniter.php(432): CodeIgniter\CodeIgniter->runController(Object(App\Controllers\Product))
#7 /home/interne1/public_html/mymisdiagnosis/system/CodeIgniter.php(333): CodeIgniter\CodeIgniter->handleRequest(NULL, Object(Config\Cache), false)
#8 /home/interne1/public_html/mymisdiagnosis/public/index.php(44): CodeIgniter\CodeIgniter->run()
#9 {main}
CRITICAL - 2021-04-25 04:28:25 --> Undefined index: cardfolder_question_image_1
#0 /home/interne1/public_html/mymisdiagnosis/app/Controllers/Product.php(316): CodeIgniter\Debug\Exceptions->errorHandler(8, 'Undefined index...', '/home/interne1/...', 316, Array)
#1 [internal function]: App\Controllers\Product->image_temp_routines(Object(stdClass))
#2 /home/interne1/public_html/mymisdiagnosis/app/Libraries/GroceryCrud.php(1049): call_user_func(Array, Object(stdClass))
#3 /home/interne1/public_html/mymisdiagnosis/app/Libraries/GroceryCrud.php(4570): App\Libraries\grocery_CRUD_Model_Driver->db_update(Object(stdClass))
#4 /home/interne1/public_html/mymisdiagnosis/app/Controllers/Product.php(270): App\Libraries\GroceryCrud->render()
#5 /home/interne1/public_html/mymisdiagnosis/system/CodeIgniter.php(936): App\Controllers\Product->cards('update', '5')
#6 /home/interne1/public_html/mymisdiagnosis/system/CodeIgniter.php(432): CodeIgniter\CodeIgniter->runController(Object(App\Controllers\Product))
#7 /home/interne1/public_html/mymisdiagnosis/system/CodeIgniter.php(333): CodeIgniter\CodeIgniter->handleRequest(NULL, Object(Config\Cache), false)
#8 /home/interne1/public_html/mymisdiagnosis/public/index.php(44): CodeIgniter\CodeIgniter->run()
#9 {main}
CRITICAL - 2021-04-25 04:30:13 --> Undefined index: cardfolder_question_image_1
#0 /home/interne1/public_html/mymisdiagnosis/app/Controllers/Product.php(316): CodeIgniter\Debug\Exceptions->errorHandler(8, 'Undefined index...', '/home/interne1/...', 316, Array)
#1 [internal function]: App\Controllers\Product->image_temp_routines(Object(stdClass))
#2 /home/interne1/public_html/mymisdiagnosis/app/Libraries/GroceryCrud.php(1049): call_user_func(Array, Object(stdClass))
#3 /home/interne1/public_html/mymisdiagnosis/app/Libraries/GroceryCrud.php(4570): App\Libraries\grocery_CRUD_Model_Driver->db_update(Object(stdClass))
#4 /home/interne1/public_html/mymisdiagnosis/app/Controllers/Product.php(270): App\Libraries\GroceryCrud->render()
#5 /home/interne1/public_html/mymisdiagnosis/system/CodeIgniter.php(936): App\Controllers\Product->cards('update', '5')
#6 /home/interne1/public_html/mymisdiagnosis/system/CodeIgniter.php(432): CodeIgniter\CodeIgniter->runController(Object(App\Controllers\Product))
#7 /home/interne1/public_html/mymisdiagnosis/system/CodeIgniter.php(333): CodeIgniter\CodeIgniter->handleRequest(NULL, Object(Config\Cache), false)
#8 /home/interne1/public_html/mymisdiagnosis/public/index.php(44): CodeIgniter\CodeIgniter->run()
#9 {main}
CRITICAL - 2021-04-25 04:34:40 --> Undefined index: card_folder_question_image_1
#0 /home/interne1/public_html/mymisdiagnosis/app/Controllers/Product.php(316): CodeIgniter\Debug\Exceptions->errorHandler(8, 'Undefined index...', '/home/interne1/...', 316, Array)
#1 [internal function]: App\Controllers\Product->image_temp_routines(Object(stdClass))
#2 /home/interne1/public_html/mymisdiagnosis/app/Libraries/GroceryCrud.php(1049): call_user_func(Array, Object(stdClass))
#3 /home/interne1/public_html/mymisdiagnosis/app/Libraries/GroceryCrud.php(4570): App\Libraries\grocery_CRUD_Model_Driver->db_update(Object(stdClass))
#4 /home/interne1/public_html/mymisdiagnosis/app/Controllers/Product.php(270): App\Libraries\GroceryCrud->render()
#5 /home/interne1/public_html/mymisdiagnosis/system/CodeIgniter.php(936): App\Controllers\Product->cards('update', '5')
#6 /home/interne1/public_html/mymisdiagnosis/system/CodeIgniter.php(432): CodeIgniter\CodeIgniter->runController(Object(App\Controllers\Product))
#7 /home/interne1/public_html/mymisdiagnosis/system/CodeIgniter.php(333): CodeIgniter\CodeIgniter->handleRequest(NULL, Object(Config\Cache), false)
#8 /home/interne1/public_html/mymisdiagnosis/public/index.php(44): CodeIgniter\CodeIgniter->run()
#9 {main}
CRITICAL - 2021-04-25 04:34:45 --> Undefined index: card_folder_question_image_1
#0 /home/interne1/public_html/mymisdiagnosis/app/Controllers/Product.php(316): CodeIgniter\Debug\Exceptions->errorHandler(8, 'Undefined index...', '/home/interne1/...', 316, Array)
#1 [internal function]: App\Controllers\Product->image_temp_routines(Object(stdClass))
#2 /home/interne1/public_html/mymisdiagnosis/app/Libraries/GroceryCrud.php(1049): call_user_func(Array, Object(stdClass))
#3 /home/interne1/public_html/mymisdiagnosis/app/Libraries/GroceryCrud.php(4570): App\Libraries\grocery_CRUD_Model_Driver->db_update(Object(stdClass))
#4 /home/interne1/public_html/mymisdiagnosis/app/Controllers/Product.php(270): App\Libraries\GroceryCrud->render()
#5 /home/interne1/public_html/mymisdiagnosis/system/CodeIgniter.php(936): App\Controllers\Product->cards('update', '5')
#6 /home/interne1/public_html/mymisdiagnosis/system/CodeIgniter.php(432): CodeIgniter\CodeIgniter->runController(Object(App\Controllers\Product))
#7 /home/interne1/public_html/mymisdiagnosis/system/CodeIgniter.php(333): CodeIgniter\CodeIgniter->handleRequest(NULL, Object(Config\Cache), false)
#8 /home/interne1/public_html/mymisdiagnosis/public/index.php(44): CodeIgniter\CodeIgniter->run()
#9 {main}
CRITICAL - 2021-04-25 04:58:00 --> Undefined index: question_image_1
#0 /home/interne1/public_html/mymisdiagnosis/app/Controllers/Product.php(329): CodeIgniter\Debug\Exceptions->errorHandler(8, 'Undefined index...', '/home/interne1/...', 329, Array)
#1 [internal function]: App\Controllers\Product->image_temp_routines(Object(stdClass))
#2 /home/interne1/public_html/mymisdiagnosis/app/Libraries/GroceryCrud.php(1049): call_user_func(Array, Object(stdClass))
#3 /home/interne1/public_html/mymisdiagnosis/app/Libraries/GroceryCrud.php(4570): App\Libraries\grocery_CRUD_Model_Driver->db_update(Object(stdClass))
#4 /home/interne1/public_html/mymisdiagnosis/app/Controllers/Product.php(270): App\Libraries\GroceryCrud->render()
#5 /home/interne1/public_html/mymisdiagnosis/system/CodeIgniter.php(936): App\Controllers\Product->cards('update', '30')
#6 /home/interne1/public_html/mymisdiagnosis/system/CodeIgniter.php(432): CodeIgniter\CodeIgniter->runController(Object(App\Controllers\Product))
#7 /home/interne1/public_html/mymisdiagnosis/system/CodeIgniter.php(333): CodeIgniter\CodeIgniter->handleRequest(NULL, Object(Config\Cache), false)
#8 /home/interne1/public_html/mymisdiagnosis/public/index.php(44): CodeIgniter\CodeIgniter->run()
#9 {main}
CRITICAL - 2021-04-25 04:59:42 --> Object of class stdClass could not be converted to string
#0 /home/interne1/public_html/mymisdiagnosis/public/assets/grocery_crud/themes/internetics/views/edit.php(122): CodeIgniter\Debug\Exceptions->errorHandler(4096, 'Object of class...', '/home/interne1/...', 122, Array)
#1 /home/interne1/public_html/mymisdiagnosis/app/Libraries/GroceryCrud.php(2801): include('/home/interne1/...')
#2 /home/interne1/public_html/mymisdiagnosis/app/Libraries/GroceryCrud.php(1850): App\Libraries\grocery_CRUD_Layout->_theme_view('edit.php', Array)
#3 /home/interne1/public_html/mymisdiagnosis/app/Libraries/GroceryCrud.php(4532): App\Libraries\grocery_CRUD_Layout->showEditForm(Object(stdClass))
#4 /home/interne1/public_html/mymisdiagnosis/app/Controllers/Product.php(270): App\Libraries\GroceryCrud->render()
#5 /home/interne1/public_html/mymisdiagnosis/system/CodeIgniter.php(936): App\Controllers\Product->cards('edit', '30')
#6 /home/interne1/public_html/mymisdiagnosis/system/CodeIgniter.php(432): CodeIgniter\CodeIgniter->runController(Object(App\Controllers\Product))
#7 /home/interne1/public_html/mymisdiagnosis/system/CodeIgniter.php(333): CodeIgniter\CodeIgniter->handleRequest(NULL, Object(Config\Cache), false)
#8 /home/interne1/public_html/mymisdiagnosis/public/index.php(44): CodeIgniter\CodeIgniter->run()
#9 {main}
CRITICAL - 2021-04-25 04:59:42 --> Object of class stdClass could not be converted to string
#0 /home/interne1/public_html/mymisdiagnosis/public/assets/grocery_crud/themes/internetics/views/edit.php(122): CodeIgniter\Debug\Exceptions->errorHandler(4096, 'Object of class...', '/home/interne1/...', 122, Array)
#1 /home/interne1/public_html/mymisdiagnosis/app/Libraries/GroceryCrud.php(2801): include('/home/interne1/...')
#2 /home/interne1/public_html/mymisdiagnosis/app/Libraries/GroceryCrud.php(1850): App\Libraries\grocery_CRUD_Layout->_theme_view('edit.php', Array)
#3 /home/interne1/public_html/mymisdiagnosis/app/Libraries/GroceryCrud.php(4532): App\Libraries\grocery_CRUD_Layout->showEditForm(Object(stdClass))
#4 /home/interne1/public_html/mymisdiagnosis/app/Controllers/Product.php(270): App\Libraries\GroceryCrud->render()
#5 /home/interne1/public_html/mymisdiagnosis/system/CodeIgniter.php(936): App\Controllers\Product->cards('edit', '30')
#6 /home/interne1/public_html/mymisdiagnosis/system/CodeIgniter.php(432): CodeIgniter\CodeIgniter->runController(Object(App\Controllers\Product))
#7 /home/interne1/public_html/mymisdiagnosis/system/CodeIgniter.php(333): CodeIgniter\CodeIgniter->handleRequest(NULL, Object(Config\Cache), false)
#8 /home/interne1/public_html/mymisdiagnosis/public/index.php(44): CodeIgniter\CodeIgniter->run()
#9 {main}
CRITICAL - 2021-04-25 05:40:19 --> Undefined index: ->insertId
#0 /home/interne1/public_html/mymisdiagnosis/app/Controllers/Product.php(293): CodeIgniter\Debug\Exceptions->errorHandler(8, 'Undefined index...', '/home/interne1/...', 293, Array)
#1 [internal function]: App\Controllers\Product->image_add_id(Object(stdClass))
#2 /home/interne1/public_html/mymisdiagnosis/app/Libraries/GroceryCrud.php(990): call_user_func(Array, Object(stdClass))
#3 /home/interne1/public_html/mymisdiagnosis/app/Libraries/GroceryCrud.php(4557): App\Libraries\grocery_CRUD_Model_Driver->db_insert(Object(stdClass))
#4 /home/interne1/public_html/mymisdiagnosis/app/Controllers/Product.php(270): App\Libraries\GroceryCrud->render()
#5 /home/interne1/public_html/mymisdiagnosis/system/CodeIgniter.php(936): App\Controllers\Product->cards('insert')
#6 /home/interne1/public_html/mymisdiagnosis/system/CodeIgniter.php(432): CodeIgniter\CodeIgniter->runController(Object(App\Controllers\Product))
#7 /home/interne1/public_html/mymisdiagnosis/system/CodeIgniter.php(333): CodeIgniter\CodeIgniter->handleRequest(NULL, Object(Config\Cache), false)
#8 /home/interne1/public_html/mymisdiagnosis/public/index.php(44): CodeIgniter\CodeIgniter->run()
#9 {main}
CRITICAL - 2021-04-25 05:40:52 --> rename(../../mymisdiagnosis/upload/2-9010211/temp_card_folder/field-question_image_1_temp.png,../../mymisdiagnosis/upload/2-9010211/temp_card_folder/field-question_image_1.png): No such file or directory
#0 [internal function]: CodeIgniter\Debug\Exceptions->errorHandler(2, 'rename(../../ff...', '/home/interne1/...', 349, Array)
#1 /home/interne1/public_html/mymisdiagnosis/app/Controllers/Product.php(349): rename('../../mymisdiagnosis/up...', '../../mymisdiagnosis/up...')
#2 [internal function]: App\Controllers\Product->image_temp_routines(Object(stdClass))
#3 /home/interne1/public_html/mymisdiagnosis/app/Libraries/GroceryCrud.php(911): call_user_func(Array, Object(stdClass))
#4 /home/interne1/public_html/mymisdiagnosis/app/Libraries/GroceryCrud.php(4557): App\Libraries\grocery_CRUD_Model_Driver->db_insert(Object(stdClass))
#5 /home/interne1/public_html/mymisdiagnosis/app/Controllers/Product.php(270): App\Libraries\GroceryCrud->render()
#6 /home/interne1/public_html/mymisdiagnosis/system/CodeIgniter.php(936): App\Controllers\Product->cards('insert')
#7 /home/interne1/public_html/mymisdiagnosis/system/CodeIgniter.php(432): CodeIgniter\CodeIgniter->runController(Object(App\Controllers\Product))
#8 /home/interne1/public_html/mymisdiagnosis/system/CodeIgniter.php(333): CodeIgniter\CodeIgniter->handleRequest(NULL, Object(Config\Cache), false)
#9 /home/interne1/public_html/mymisdiagnosis/public/index.php(44): CodeIgniter\CodeIgniter->run()
#10 {main}
CRITICAL - 2021-04-25 05:41:06 --> rename(../../mymisdiagnosis/upload/2-9010211/temp_card_folder/field-question_image_1_temp.png,../../mymisdiagnosis/upload/2-9010211/temp_card_folder/field-question_image_1.png): No such file or directory
#0 [internal function]: CodeIgniter\Debug\Exceptions->errorHandler(2, 'rename(../../ff...', '/home/interne1/...', 349, Array)
#1 /home/interne1/public_html/mymisdiagnosis/app/Controllers/Product.php(349): rename('../../mymisdiagnosis/up...', '../../mymisdiagnosis/up...')
#2 [internal function]: App\Controllers\Product->image_temp_routines(Object(stdClass))
#3 /home/interne1/public_html/mymisdiagnosis/app/Libraries/GroceryCrud.php(911): call_user_func(Array, Object(stdClass))
#4 /home/interne1/public_html/mymisdiagnosis/app/Libraries/GroceryCrud.php(4557): App\Libraries\grocery_CRUD_Model_Driver->db_insert(Object(stdClass))
#5 /home/interne1/public_html/mymisdiagnosis/app/Controllers/Product.php(270): App\Libraries\GroceryCrud->render()
#6 /home/interne1/public_html/mymisdiagnosis/system/CodeIgniter.php(936): App\Controllers\Product->cards('insert')
#7 /home/interne1/public_html/mymisdiagnosis/system/CodeIgniter.php(432): CodeIgniter\CodeIgniter->runController(Object(App\Controllers\Product))
#8 /home/interne1/public_html/mymisdiagnosis/system/CodeIgniter.php(333): CodeIgniter\CodeIgniter->handleRequest(NULL, Object(Config\Cache), false)
#9 /home/interne1/public_html/mymisdiagnosis/public/index.php(44): CodeIgniter\CodeIgniter->run()
#10 {main}
CRITICAL - 2021-04-25 05:45:14 --> rename(../../mymisdiagnosis/upload/2-9010211/temp_card_folder/field-question_image_1_temp.png,../../mymisdiagnosis/upload/2-9010211/temp_card_folder/field-question_image_1.png): No such file or directory
#0 [internal function]: CodeIgniter\Debug\Exceptions->errorHandler(2, 'rename(../../ff...', '/home/interne1/...', 349, Array)
#1 /home/interne1/public_html/mymisdiagnosis/app/Controllers/Product.php(349): rename('../../mymisdiagnosis/up...', '../../mymisdiagnosis/up...')
#2 [internal function]: App\Controllers\Product->image_temp_routines(Object(stdClass))
#3 /home/interne1/public_html/mymisdiagnosis/app/Libraries/GroceryCrud.php(911): call_user_func(Array, Object(stdClass))
#4 /home/interne1/public_html/mymisdiagnosis/app/Libraries/GroceryCrud.php(4557): App\Libraries\grocery_CRUD_Model_Driver->db_insert(Object(stdClass))
#5 /home/interne1/public_html/mymisdiagnosis/app/Controllers/Product.php(270): App\Libraries\GroceryCrud->render()
#6 /home/interne1/public_html/mymisdiagnosis/system/CodeIgniter.php(936): App\Controllers\Product->cards('insert')
#7 /home/interne1/public_html/mymisdiagnosis/system/CodeIgniter.php(432): CodeIgniter\CodeIgniter->runController(Object(App\Controllers\Product))
#8 /home/interne1/public_html/mymisdiagnosis/system/CodeIgniter.php(333): CodeIgniter\CodeIgniter->handleRequest(NULL, Object(Config\Cache), false)
#9 /home/interne1/public_html/mymisdiagnosis/public/index.php(44): CodeIgniter\CodeIgniter->run()
#10 {main}
CRITICAL - 2021-04-25 05:45:19 --> rename(../../mymisdiagnosis/upload/2-9010211/temp_card_folder/field-question_image_1_temp.png,../../mymisdiagnosis/upload/2-9010211/temp_card_folder/field-question_image_1.png): No such file or directory
#0 [internal function]: CodeIgniter\Debug\Exceptions->errorHandler(2, 'rename(../../ff...', '/home/interne1/...', 349, Array)
#1 /home/interne1/public_html/mymisdiagnosis/app/Controllers/Product.php(349): rename('../../mymisdiagnosis/up...', '../../mymisdiagnosis/up...')
#2 [internal function]: App\Controllers\Product->image_temp_routines(Object(stdClass))
#3 /home/interne1/public_html/mymisdiagnosis/app/Libraries/GroceryCrud.php(911): call_user_func(Array, Object(stdClass))
#4 /home/interne1/public_html/mymisdiagnosis/app/Libraries/GroceryCrud.php(4557): App\Libraries\grocery_CRUD_Model_Driver->db_insert(Object(stdClass))
#5 /home/interne1/public_html/mymisdiagnosis/app/Controllers/Product.php(270): App\Libraries\GroceryCrud->render()
#6 /home/interne1/public_html/mymisdiagnosis/system/CodeIgniter.php(936): App\Controllers\Product->cards('insert')
#7 /home/interne1/public_html/mymisdiagnosis/system/CodeIgniter.php(432): CodeIgniter\CodeIgniter->runController(Object(App\Controllers\Product))
#8 /home/interne1/public_html/mymisdiagnosis/system/CodeIgniter.php(333): CodeIgniter\CodeIgniter->handleRequest(NULL, Object(Config\Cache), false)
#9 /home/interne1/public_html/mymisdiagnosis/public/index.php(44): CodeIgniter\CodeIgniter->run()
#10 {main}
CRITICAL - 2021-04-25 05:47:35 --> rename(../../mymisdiagnosis/upload/2-9010211/temp_card_folder/field-question_image_1_temp.png,../../mymisdiagnosis/upload/2-9010211/temp_card_folder/field-question_image_1.png): No such file or directory
#0 [internal function]: CodeIgniter\Debug\Exceptions->errorHandler(2, 'rename(../../ff...', '/home/interne1/...', 349, Array)
#1 /home/interne1/public_html/mymisdiagnosis/app/Controllers/Product.php(349): rename('../../mymisdiagnosis/up...', '../../mymisdiagnosis/up...')
#2 [internal function]: App\Controllers\Product->image_temp_routines(Object(stdClass))
#3 /home/interne1/public_html/mymisdiagnosis/app/Libraries/GroceryCrud.php(911): call_user_func(Array, Object(stdClass))
#4 /home/interne1/public_html/mymisdiagnosis/app/Libraries/GroceryCrud.php(4557): App\Libraries\grocery_CRUD_Model_Driver->db_insert(Object(stdClass))
#5 /home/interne1/public_html/mymisdiagnosis/app/Controllers/Product.php(270): App\Libraries\GroceryCrud->render()
#6 /home/interne1/public_html/mymisdiagnosis/system/CodeIgniter.php(936): App\Controllers\Product->cards('insert')
#7 /home/interne1/public_html/mymisdiagnosis/system/CodeIgniter.php(432): CodeIgniter\CodeIgniter->runController(Object(App\Controllers\Product))
#8 /home/interne1/public_html/mymisdiagnosis/system/CodeIgniter.php(333): CodeIgniter\CodeIgniter->handleRequest(NULL, Object(Config\Cache), false)
#9 /home/interne1/public_html/mymisdiagnosis/public/index.php(44): CodeIgniter\CodeIgniter->run()
#10 {main}
CRITICAL - 2021-04-25 05:47:37 --> rename(../../mymisdiagnosis/upload/2-9010211/temp_card_folder/field-question_image_1_temp.png,../../mymisdiagnosis/upload/2-9010211/temp_card_folder/field-question_image_1.png): No such file or directory
#0 [internal function]: CodeIgniter\Debug\Exceptions->errorHandler(2, 'rename(../../ff...', '/home/interne1/...', 349, Array)
#1 /home/interne1/public_html/mymisdiagnosis/app/Controllers/Product.php(349): rename('../../mymisdiagnosis/up...', '../../mymisdiagnosis/up...')
#2 [internal function]: App\Controllers\Product->image_temp_routines(Object(stdClass))
#3 /home/interne1/public_html/mymisdiagnosis/app/Libraries/GroceryCrud.php(911): call_user_func(Array, Object(stdClass))
#4 /home/interne1/public_html/mymisdiagnosis/app/Libraries/GroceryCrud.php(4557): App\Libraries\grocery_CRUD_Model_Driver->db_insert(Object(stdClass))
#5 /home/interne1/public_html/mymisdiagnosis/app/Controllers/Product.php(270): App\Libraries\GroceryCrud->render()
#6 /home/interne1/public_html/mymisdiagnosis/system/CodeIgniter.php(936): App\Controllers\Product->cards('insert')
#7 /home/interne1/public_html/mymisdiagnosis/system/CodeIgniter.php(432): CodeIgniter\CodeIgniter->runController(Object(App\Controllers\Product))
#8 /home/interne1/public_html/mymisdiagnosis/system/CodeIgniter.php(333): CodeIgniter\CodeIgniter->handleRequest(NULL, Object(Config\Cache), false)
#9 /home/interne1/public_html/mymisdiagnosis/public/index.php(44): CodeIgniter\CodeIgniter->run()
#10 {main}
CRITICAL - 2021-04-25 05:47:41 --> rename(../../mymisdiagnosis/upload/2-9010211/temp_card_folder/field-question_image_1_temp.png,../../mymisdiagnosis/upload/2-9010211/temp_card_folder/field-question_image_1.png): No such file or directory
#0 [internal function]: CodeIgniter\Debug\Exceptions->errorHandler(2, 'rename(../../ff...', '/home/interne1/...', 349, Array)
#1 /home/interne1/public_html/mymisdiagnosis/app/Controllers/Product.php(349): rename('../../mymisdiagnosis/up...', '../../mymisdiagnosis/up...')
#2 [internal function]: App\Controllers\Product->image_temp_routines(Object(stdClass))
#3 /home/interne1/public_html/mymisdiagnosis/app/Libraries/GroceryCrud.php(911): call_user_func(Array, Object(stdClass))
#4 /home/interne1/public_html/mymisdiagnosis/app/Libraries/GroceryCrud.php(4557): App\Libraries\grocery_CRUD_Model_Driver->db_insert(Object(stdClass))
#5 /home/interne1/public_html/mymisdiagnosis/app/Controllers/Product.php(270): App\Libraries\GroceryCrud->render()
#6 /home/interne1/public_html/mymisdiagnosis/system/CodeIgniter.php(936): App\Controllers\Product->cards('insert')
#7 /home/interne1/public_html/mymisdiagnosis/system/CodeIgniter.php(432): CodeIgniter\CodeIgniter->runController(Object(App\Controllers\Product))
#8 /home/interne1/public_html/mymisdiagnosis/system/CodeIgniter.php(333): CodeIgniter\CodeIgniter->handleRequest(NULL, Object(Config\Cache), false)
#9 /home/interne1/public_html/mymisdiagnosis/public/index.php(44): CodeIgniter\CodeIgniter->run()
#10 {main}
CRITICAL - 2021-04-25 05:47:56 --> Too few arguments to function App\Controllers\Product::image_add_id(), 1 passed and exactly 2 expected
#0 [internal function]: App\Controllers\Product->image_add_id(Object(stdClass))
#1 /home/interne1/public_html/mymisdiagnosis/app/Libraries/GroceryCrud.php(990): call_user_func(Array, Object(stdClass))
#2 /home/interne1/public_html/mymisdiagnosis/app/Libraries/GroceryCrud.php(4557): App\Libraries\grocery_CRUD_Model_Driver->db_insert(Object(stdClass))
#3 /home/interne1/public_html/mymisdiagnosis/app/Controllers/Product.php(270): App\Libraries\GroceryCrud->render()
#4 /home/interne1/public_html/mymisdiagnosis/system/CodeIgniter.php(936): App\Controllers\Product->cards('insert')
#5 /home/interne1/public_html/mymisdiagnosis/system/CodeIgniter.php(432): CodeIgniter\CodeIgniter->runController(Object(App\Controllers\Product))
#6 /home/interne1/public_html/mymisdiagnosis/system/CodeIgniter.php(333): CodeIgniter\CodeIgniter->handleRequest(NULL, Object(Config\Cache), false)
#7 /home/interne1/public_html/mymisdiagnosis/public/index.php(44): CodeIgniter\CodeIgniter->run()
#8 {main}
CRITICAL - 2021-04-25 05:48:55 --> syntax error, unexpected ')'
#0 /home/interne1/public_html/mymisdiagnosis/system/Router/Router.php(170): CodeIgniter\Router\Router->autoRoute('product/cards/i...')
#1 /home/interne1/public_html/mymisdiagnosis/system/CodeIgniter.php(816): CodeIgniter\Router\Router->handle('product/cards/i...')
#2 /home/interne1/public_html/mymisdiagnosis/system/CodeIgniter.php(385): CodeIgniter\CodeIgniter->tryToRouteIt(Object(CodeIgniter\Router\RouteCollection))
#3 /home/interne1/public_html/mymisdiagnosis/system/CodeIgniter.php(333): CodeIgniter\CodeIgniter->handleRequest(NULL, Object(Config\Cache), false)
#4 /home/interne1/public_html/mymisdiagnosis/public/index.php(44): CodeIgniter\CodeIgniter->run()
#5 {main}
CRITICAL - 2021-04-25 05:49:28 --> rename(../../mymisdiagnosis/upload/2-9010211/temp_card_folder/field-question_image_1_temp.png,../../mymisdiagnosis/upload/2-9010211/temp_card_folder/field-question_image_1.png): No such file or directory
#0 [internal function]: CodeIgniter\Debug\Exceptions->errorHandler(2, 'rename(../../ff...', '/home/interne1/...', 349, Array)
#1 /home/interne1/public_html/mymisdiagnosis/app/Controllers/Product.php(349): rename('../../mymisdiagnosis/up...', '../../mymisdiagnosis/up...')
#2 [internal function]: App\Controllers\Product->image_temp_routines(Object(stdClass))
#3 /home/interne1/public_html/mymisdiagnosis/app/Libraries/GroceryCrud.php(911): call_user_func(Array, Object(stdClass))
#4 /home/interne1/public_html/mymisdiagnosis/app/Libraries/GroceryCrud.php(4557): App\Libraries\grocery_CRUD_Model_Driver->db_insert(Object(stdClass))
#5 /home/interne1/public_html/mymisdiagnosis/app/Controllers/Product.php(270): App\Libraries\GroceryCrud->render()
#6 /home/interne1/public_html/mymisdiagnosis/system/CodeIgniter.php(936): App\Controllers\Product->cards('insert')
#7 /home/interne1/public_html/mymisdiagnosis/system/CodeIgniter.php(432): CodeIgniter\CodeIgniter->runController(Object(App\Controllers\Product))
#8 /home/interne1/public_html/mymisdiagnosis/system/CodeIgniter.php(333): CodeIgniter\CodeIgniter->handleRequest(NULL, Object(Config\Cache), false)
#9 /home/interne1/public_html/mymisdiagnosis/public/index.php(44): CodeIgniter\CodeIgniter->run()
#10 {main}
CRITICAL - 2021-04-25 05:49:45 --> rename(../../mymisdiagnosis/upload/2-9010211/temp_card_folder/field-question_image_1_temp.png,../../mymisdiagnosis/upload/2-9010211/temp_card_folder/field-question_image_1.png): No such file or directory
#0 [internal function]: CodeIgniter\Debug\Exceptions->errorHandler(2, 'rename(../../ff...', '/home/interne1/...', 349, Array)
#1 /home/interne1/public_html/mymisdiagnosis/app/Controllers/Product.php(349): rename('../../mymisdiagnosis/up...', '../../mymisdiagnosis/up...')
#2 [internal function]: App\Controllers\Product->image_temp_routines(Object(stdClass))
#3 /home/interne1/public_html/mymisdiagnosis/app/Libraries/GroceryCrud.php(911): call_user_func(Array, Object(stdClass))
#4 /home/interne1/public_html/mymisdiagnosis/app/Libraries/GroceryCrud.php(4557): App\Libraries\grocery_CRUD_Model_Driver->db_insert(Object(stdClass))
#5 /home/interne1/public_html/mymisdiagnosis/app/Controllers/Product.php(270): App\Libraries\GroceryCrud->render()
#6 /home/interne1/public_html/mymisdiagnosis/system/CodeIgniter.php(936): App\Controllers\Product->cards('insert')
#7 /home/interne1/public_html/mymisdiagnosis/system/CodeIgniter.php(432): CodeIgniter\CodeIgniter->runController(Object(App\Controllers\Product))
#8 /home/interne1/public_html/mymisdiagnosis/system/CodeIgniter.php(333): CodeIgniter\CodeIgniter->handleRequest(NULL, Object(Config\Cache), false)
#9 /home/interne1/public_html/mymisdiagnosis/public/index.php(44): CodeIgniter\CodeIgniter->run()
#10 {main}
CRITICAL - 2021-04-25 05:50:01 --> rename(../../mymisdiagnosis/upload/2-9010211/temp_card_folder/field-question_image_1_temp.png,../../mymisdiagnosis/upload/2-9010211/temp_card_folder/field-question_image_1.png): No such file or directory
#0 [internal function]: CodeIgniter\Debug\Exceptions->errorHandler(2, 'rename(../../ff...', '/home/interne1/...', 349, Array)
#1 /home/interne1/public_html/mymisdiagnosis/app/Controllers/Product.php(349): rename('../../mymisdiagnosis/up...', '../../mymisdiagnosis/up...')
#2 [internal function]: App\Controllers\Product->image_temp_routines(Object(stdClass))
#3 /home/interne1/public_html/mymisdiagnosis/app/Libraries/GroceryCrud.php(911): call_user_func(Array, Object(stdClass))
#4 /home/interne1/public_html/mymisdiagnosis/app/Libraries/GroceryCrud.php(4557): App\Libraries\grocery_CRUD_Model_Driver->db_insert(Object(stdClass))
#5 /home/interne1/public_html/mymisdiagnosis/app/Controllers/Product.php(270): App\Libraries\GroceryCrud->render()
#6 /home/interne1/public_html/mymisdiagnosis/system/CodeIgniter.php(936): App\Controllers\Product->cards('insert')
#7 /home/interne1/public_html/mymisdiagnosis/system/CodeIgniter.php(432): CodeIgniter\CodeIgniter->runController(Object(App\Controllers\Product))
#8 /home/interne1/public_html/mymisdiagnosis/system/CodeIgniter.php(333): CodeIgniter\CodeIgniter->handleRequest(NULL, Object(Config\Cache), false)
#9 /home/interne1/public_html/mymisdiagnosis/public/index.php(44): CodeIgniter\CodeIgniter->run()
#10 {main}
CRITICAL - 2021-04-25 05:50:26 --> Too few arguments to function App\Controllers\Product::image_add_id(), 1 passed and exactly 2 expected
#0 [internal function]: App\Controllers\Product->image_add_id(Object(stdClass))
#1 /home/interne1/public_html/mymisdiagnosis/app/Libraries/GroceryCrud.php(990): call_user_func(Array, Object(stdClass))
#2 /home/interne1/public_html/mymisdiagnosis/app/Libraries/GroceryCrud.php(4557): App\Libraries\grocery_CRUD_Model_Driver->db_insert(Object(stdClass))
#3 /home/interne1/public_html/mymisdiagnosis/app/Controllers/Product.php(270): App\Libraries\GroceryCrud->render()
#4 /home/interne1/public_html/mymisdiagnosis/system/CodeIgniter.php(936): App\Controllers\Product->cards('insert')
#5 /home/interne1/public_html/mymisdiagnosis/system/CodeIgniter.php(432): CodeIgniter\CodeIgniter->runController(Object(App\Controllers\Product))
#6 /home/interne1/public_html/mymisdiagnosis/system/CodeIgniter.php(333): CodeIgniter\CodeIgniter->handleRequest(NULL, Object(Config\Cache), false)
#7 /home/interne1/public_html/mymisdiagnosis/public/index.php(44): CodeIgniter\CodeIgniter->run()
#8 {main}
CRITICAL - 2021-04-25 05:50:44 --> rename(../../mymisdiagnosis/upload/2-9010211/temp_card_folder/field-question_image_1_temp.png,../../mymisdiagnosis/upload/2-9010211/temp_card_folder/field-question_image_1.png): No such file or directory
#0 [internal function]: CodeIgniter\Debug\Exceptions->errorHandler(2, 'rename(../../ff...', '/home/interne1/...', 349, Array)
#1 /home/interne1/public_html/mymisdiagnosis/app/Controllers/Product.php(349): rename('../../mymisdiagnosis/up...', '../../mymisdiagnosis/up...')
#2 [internal function]: App\Controllers\Product->image_temp_routines(Object(stdClass))
#3 /home/interne1/public_html/mymisdiagnosis/app/Libraries/GroceryCrud.php(911): call_user_func(Array, Object(stdClass))
#4 /home/interne1/public_html/mymisdiagnosis/app/Libraries/GroceryCrud.php(4557): App\Libraries\grocery_CRUD_Model_Driver->db_insert(Object(stdClass))
#5 /home/interne1/public_html/mymisdiagnosis/app/Controllers/Product.php(270): App\Libraries\GroceryCrud->render()
#6 /home/interne1/public_html/mymisdiagnosis/system/CodeIgniter.php(936): App\Controllers\Product->cards('insert')
#7 /home/interne1/public_html/mymisdiagnosis/system/CodeIgniter.php(432): CodeIgniter\CodeIgniter->runController(Object(App\Controllers\Product))
#8 /home/interne1/public_html/mymisdiagnosis/system/CodeIgniter.php(333): CodeIgniter\CodeIgniter->handleRequest(NULL, Object(Config\Cache), false)
#9 /home/interne1/public_html/mymisdiagnosis/public/index.php(44): CodeIgniter\CodeIgniter->run()
#10 {main}
CRITICAL - 2021-04-25 05:51:14 --> syntax error, unexpected ')'
#0 /home/interne1/public_html/mymisdiagnosis/system/Router/Router.php(170): CodeIgniter\Router\Router->autoRoute('product/cards/a...')
#1 /home/interne1/public_html/mymisdiagnosis/system/CodeIgniter.php(816): CodeIgniter\Router\Router->handle('product/cards/a...')
#2 /home/interne1/public_html/mymisdiagnosis/system/CodeIgniter.php(385): CodeIgniter\CodeIgniter->tryToRouteIt(Object(CodeIgniter\Router\RouteCollection))
#3 /home/interne1/public_html/mymisdiagnosis/system/CodeIgniter.php(333): CodeIgniter\CodeIgniter->handleRequest(NULL, Object(Config\Cache), false)
#4 /home/interne1/public_html/mymisdiagnosis/public/index.php(44): CodeIgniter\CodeIgniter->run()
#5 {main}
CRITICAL - 2021-04-25 05:51:41 --> Undefined property: App\Controllers\Product::$uri
#0 /home/interne1/public_html/mymisdiagnosis/app/Controllers/Product.php(293): CodeIgniter\Debug\Exceptions->errorHandler(8, 'Undefined prope...', '/home/interne1/...', 293, Array)
#1 [internal function]: App\Controllers\Product->image_add_id(Object(stdClass))
#2 /home/interne1/public_html/mymisdiagnosis/app/Libraries/GroceryCrud.php(990): call_user_func(Array, Object(stdClass))
#3 /home/interne1/public_html/mymisdiagnosis/app/Libraries/GroceryCrud.php(4557): App\Libraries\grocery_CRUD_Model_Driver->db_insert(Object(stdClass))
#4 /home/interne1/public_html/mymisdiagnosis/app/Controllers/Product.php(270): App\Libraries\GroceryCrud->render()
#5 /home/interne1/public_html/mymisdiagnosis/system/CodeIgniter.php(936): App\Controllers\Product->cards('insert')
#6 /home/interne1/public_html/mymisdiagnosis/system/CodeIgniter.php(432): CodeIgniter\CodeIgniter->runController(Object(App\Controllers\Product))
#7 /home/interne1/public_html/mymisdiagnosis/system/CodeIgniter.php(333): CodeIgniter\CodeIgniter->handleRequest(NULL, Object(Config\Cache), false)
#8 /home/interne1/public_html/mymisdiagnosis/public/index.php(44): CodeIgniter\CodeIgniter->run()
#9 {main}
CRITICAL - 2021-04-25 05:55:29 --> syntax error, unexpected 'if' (T_IF)
#0 /home/interne1/public_html/mymisdiagnosis/system/Router/Router.php(170): CodeIgniter\Router\Router->autoRoute('product/cards/a...')
#1 /home/interne1/public_html/mymisdiagnosis/system/CodeIgniter.php(816): CodeIgniter\Router\Router->handle('product/cards/a...')
#2 /home/interne1/public_html/mymisdiagnosis/system/CodeIgniter.php(385): CodeIgniter\CodeIgniter->tryToRouteIt(Object(CodeIgniter\Router\RouteCollection))
#3 /home/interne1/public_html/mymisdiagnosis/system/CodeIgniter.php(333): CodeIgniter\CodeIgniter->handleRequest(NULL, Object(Config\Cache), false)
#4 /home/interne1/public_html/mymisdiagnosis/public/index.php(44): CodeIgniter\CodeIgniter->run()
#5 {main}
CRITICAL - 2021-04-25 05:55:59 --> Too few arguments to function App\Controllers\Product::image_add_id(), 1 passed and exactly 2 expected
#0 [internal function]: App\Controllers\Product->image_add_id(Object(stdClass))
#1 /home/interne1/public_html/mymisdiagnosis/app/Libraries/GroceryCrud.php(990): call_user_func(Array, Object(stdClass))
#2 /home/interne1/public_html/mymisdiagnosis/app/Libraries/GroceryCrud.php(4557): App\Libraries\grocery_CRUD_Model_Driver->db_insert(Object(stdClass))
#3 /home/interne1/public_html/mymisdiagnosis/app/Controllers/Product.php(270): App\Libraries\GroceryCrud->render()
#4 /home/interne1/public_html/mymisdiagnosis/system/CodeIgniter.php(936): App\Controllers\Product->cards('insert')
#5 /home/interne1/public_html/mymisdiagnosis/system/CodeIgniter.php(432): CodeIgniter\CodeIgniter->runController(Object(App\Controllers\Product))
#6 /home/interne1/public_html/mymisdiagnosis/system/CodeIgniter.php(333): CodeIgniter\CodeIgniter->handleRequest(NULL, Object(Config\Cache), false)
#7 /home/interne1/public_html/mymisdiagnosis/public/index.php(44): CodeIgniter\CodeIgniter->run()
#8 {main}
CRITICAL - 2021-04-25 05:56:09 --> Too few arguments to function App\Controllers\Product::image_add_id(), 1 passed and exactly 2 expected
#0 [internal function]: App\Controllers\Product->image_add_id(Object(stdClass))
#1 /home/interne1/public_html/mymisdiagnosis/app/Libraries/GroceryCrud.php(990): call_user_func(Array, Object(stdClass))
#2 /home/interne1/public_html/mymisdiagnosis/app/Libraries/GroceryCrud.php(4557): App\Libraries\grocery_CRUD_Model_Driver->db_insert(Object(stdClass))
#3 /home/interne1/public_html/mymisdiagnosis/app/Controllers/Product.php(270): App\Libraries\GroceryCrud->render()
#4 /home/interne1/public_html/mymisdiagnosis/system/CodeIgniter.php(936): App\Controllers\Product->cards('insert')
#5 /home/interne1/public_html/mymisdiagnosis/system/CodeIgniter.php(432): CodeIgniter\CodeIgniter->runController(Object(App\Controllers\Product))
#6 /home/interne1/public_html/mymisdiagnosis/system/CodeIgniter.php(333): CodeIgniter\CodeIgniter->handleRequest(NULL, Object(Config\Cache), false)
#7 /home/interne1/public_html/mymisdiagnosis/public/index.php(44): CodeIgniter\CodeIgniter->run()
#8 {main}
CRITICAL - 2021-04-25 05:57:11 --> Too few arguments to function App\Controllers\Product::image_add_id(), 1 passed and exactly 2 expected
#0 [internal function]: App\Controllers\Product->image_add_id(Object(stdClass))
#1 /home/interne1/public_html/mymisdiagnosis/app/Libraries/GroceryCrud.php(990): call_user_func(Array, Object(stdClass))
#2 /home/interne1/public_html/mymisdiagnosis/app/Libraries/GroceryCrud.php(4557): App\Libraries\grocery_CRUD_Model_Driver->db_insert(Object(stdClass))
#3 /home/interne1/public_html/mymisdiagnosis/app/Controllers/Product.php(270): App\Libraries\GroceryCrud->render()
#4 /home/interne1/public_html/mymisdiagnosis/system/CodeIgniter.php(936): App\Controllers\Product->cards('insert')
#5 /home/interne1/public_html/mymisdiagnosis/system/CodeIgniter.php(432): CodeIgniter\CodeIgniter->runController(Object(App\Controllers\Product))
#6 /home/interne1/public_html/mymisdiagnosis/system/CodeIgniter.php(333): CodeIgniter\CodeIgniter->handleRequest(NULL, Object(Config\Cache), false)
#7 /home/interne1/public_html/mymisdiagnosis/public/index.php(44): CodeIgniter\CodeIgniter->run()
#8 {main}
CRITICAL - 2021-04-25 06:00:10 --> Too few arguments to function App\Controllers\Product::image_add_id(), 1 passed and exactly 2 expected
#0 [internal function]: App\Controllers\Product->image_add_id(Object(stdClass))
#1 /home/interne1/public_html/mymisdiagnosis/app/Libraries/GroceryCrud.php(990): call_user_func(Array, Object(stdClass))
#2 /home/interne1/public_html/mymisdiagnosis/app/Libraries/GroceryCrud.php(4557): App\Libraries\grocery_CRUD_Model_Driver->db_insert(Object(stdClass))
#3 /home/interne1/public_html/mymisdiagnosis/app/Controllers/Product.php(270): App\Libraries\GroceryCrud->render()
#4 /home/interne1/public_html/mymisdiagnosis/system/CodeIgniter.php(936): App\Controllers\Product->cards('insert')
#5 /home/interne1/public_html/mymisdiagnosis/system/CodeIgniter.php(432): CodeIgniter\CodeIgniter->runController(Object(App\Controllers\Product))
#6 /home/interne1/public_html/mymisdiagnosis/system/CodeIgniter.php(333): CodeIgniter\CodeIgniter->handleRequest(NULL, Object(Config\Cache), false)
#7 /home/interne1/public_html/mymisdiagnosis/public/index.php(44): CodeIgniter\CodeIgniter->run()
#8 {main}
CRITICAL - 2021-04-25 06:04:23 --> Too few arguments to function App\Controllers\Product::image_add_id(), 1 passed and exactly 2 expected
#0 [internal function]: App\Controllers\Product->image_add_id(Object(stdClass))
#1 /home/interne1/public_html/mymisdiagnosis/app/Libraries/GroceryCrud.php(990): call_user_func(Array, Object(stdClass))
#2 /home/interne1/public_html/mymisdiagnosis/app/Libraries/GroceryCrud.php(4557): App\Libraries\grocery_CRUD_Model_Driver->db_insert(Object(stdClass))
#3 /home/interne1/public_html/mymisdiagnosis/app/Controllers/Product.php(270): App\Libraries\GroceryCrud->render()
#4 /home/interne1/public_html/mymisdiagnosis/system/CodeIgniter.php(936): App\Controllers\Product->cards('insert')
#5 /home/interne1/public_html/mymisdiagnosis/system/CodeIgniter.php(432): CodeIgniter\CodeIgniter->runController(Object(App\Controllers\Product))
#6 /home/interne1/public_html/mymisdiagnosis/system/CodeIgniter.php(333): CodeIgniter\CodeIgniter->handleRequest(NULL, Object(Config\Cache), false)
#7 /home/interne1/public_html/mymisdiagnosis/public/index.php(44): CodeIgniter\CodeIgniter->run()
#8 {main}
CRITICAL - 2021-04-25 06:04:35 --> Too few arguments to function App\Controllers\Product::image_add_id(), 1 passed and exactly 2 expected
#0 [internal function]: App\Controllers\Product->image_add_id(Object(stdClass))
#1 /home/interne1/public_html/mymisdiagnosis/app/Libraries/GroceryCrud.php(990): call_user_func(Array, Object(stdClass))
#2 /home/interne1/public_html/mymisdiagnosis/app/Libraries/GroceryCrud.php(4557): App\Libraries\grocery_CRUD_Model_Driver->db_insert(Object(stdClass))
#3 /home/interne1/public_html/mymisdiagnosis/app/Controllers/Product.php(270): App\Libraries\GroceryCrud->render()
#4 /home/interne1/public_html/mymisdiagnosis/system/CodeIgniter.php(936): App\Controllers\Product->cards('insert')
#5 /home/interne1/public_html/mymisdiagnosis/system/CodeIgniter.php(432): CodeIgniter\CodeIgniter->runController(Object(App\Controllers\Product))
#6 /home/interne1/public_html/mymisdiagnosis/system/CodeIgniter.php(333): CodeIgniter\CodeIgniter->handleRequest(NULL, Object(Config\Cache), false)
#7 /home/interne1/public_html/mymisdiagnosis/public/index.php(44): CodeIgniter\CodeIgniter->run()
#8 {main}
CRITICAL - 2021-04-25 06:04:40 --> Too few arguments to function App\Controllers\Product::image_add_id(), 1 passed and exactly 2 expected
#0 [internal function]: App\Controllers\Product->image_add_id(Object(stdClass))
#1 /home/interne1/public_html/mymisdiagnosis/app/Libraries/GroceryCrud.php(990): call_user_func(Array, Object(stdClass))
#2 /home/interne1/public_html/mymisdiagnosis/app/Libraries/GroceryCrud.php(4557): App\Libraries\grocery_CRUD_Model_Driver->db_insert(Object(stdClass))
#3 /home/interne1/public_html/mymisdiagnosis/app/Controllers/Product.php(270): App\Libraries\GroceryCrud->render()
#4 /home/interne1/public_html/mymisdiagnosis/system/CodeIgniter.php(936): App\Controllers\Product->cards('insert')
#5 /home/interne1/public_html/mymisdiagnosis/system/CodeIgniter.php(432): CodeIgniter\CodeIgniter->runController(Object(App\Controllers\Product))
#6 /home/interne1/public_html/mymisdiagnosis/system/CodeIgniter.php(333): CodeIgniter\CodeIgniter->handleRequest(NULL, Object(Config\Cache), false)
#7 /home/interne1/public_html/mymisdiagnosis/public/index.php(44): CodeIgniter\CodeIgniter->run()
#8 {main}
CRITICAL - 2021-04-25 06:04:56 --> rename(../../mymisdiagnosis/upload/2-9010211/temp_card_folder,../../mymisdiagnosis/upload/2-9010211/test): Directory not empty
#0 [internal function]: CodeIgniter\Debug\Exceptions->errorHandler(2, 'rename(../../ff...', '/home/interne1/...', 299, Array)
#1 /home/interne1/public_html/mymisdiagnosis/app/Controllers/Product.php(299): rename('../../mymisdiagnosis/up...', '../../mymisdiagnosis/up...')
#2 [internal function]: App\Controllers\Product->image_add_id(Object(stdClass))
#3 /home/interne1/public_html/mymisdiagnosis/app/Libraries/GroceryCrud.php(990): call_user_func(Array, Object(stdClass))
#4 /home/interne1/public_html/mymisdiagnosis/app/Libraries/GroceryCrud.php(4557): App\Libraries\grocery_CRUD_Model_Driver->db_insert(Object(stdClass))
#5 /home/interne1/public_html/mymisdiagnosis/app/Controllers/Product.php(270): App\Libraries\GroceryCrud->render()
#6 /home/interne1/public_html/mymisdiagnosis/system/CodeIgniter.php(936): App\Controllers\Product->cards('insert')
#7 /home/interne1/public_html/mymisdiagnosis/system/CodeIgniter.php(432): CodeIgniter\CodeIgniter->runController(Object(App\Controllers\Product))
#8 /home/interne1/public_html/mymisdiagnosis/system/CodeIgniter.php(333): CodeIgniter\CodeIgniter->handleRequest(NULL, Object(Config\Cache), false)
#9 /home/interne1/public_html/mymisdiagnosis/public/index.php(44): CodeIgniter\CodeIgniter->run()
#10 {main}
CRITICAL - 2021-04-25 06:05:01 --> rename(../../mymisdiagnosis/upload/2-9010211/temp_card_folder,../../mymisdiagnosis/upload/2-9010211/test): Directory not empty
#0 [internal function]: CodeIgniter\Debug\Exceptions->errorHandler(2, 'rename(../../ff...', '/home/interne1/...', 299, Array)
#1 /home/interne1/public_html/mymisdiagnosis/app/Controllers/Product.php(299): rename('../../mymisdiagnosis/up...', '../../mymisdiagnosis/up...')
#2 [internal function]: App\Controllers\Product->image_add_id(Object(stdClass))
#3 /home/interne1/public_html/mymisdiagnosis/app/Libraries/GroceryCrud.php(990): call_user_func(Array, Object(stdClass))
#4 /home/interne1/public_html/mymisdiagnosis/app/Libraries/GroceryCrud.php(4557): App\Libraries\grocery_CRUD_Model_Driver->db_insert(Object(stdClass))
#5 /home/interne1/public_html/mymisdiagnosis/app/Controllers/Product.php(270): App\Libraries\GroceryCrud->render()
#6 /home/interne1/public_html/mymisdiagnosis/system/CodeIgniter.php(936): App\Controllers\Product->cards('insert')
#7 /home/interne1/public_html/mymisdiagnosis/system/CodeIgniter.php(432): CodeIgniter\CodeIgniter->runController(Object(App\Controllers\Product))
#8 /home/interne1/public_html/mymisdiagnosis/system/CodeIgniter.php(333): CodeIgniter\CodeIgniter->handleRequest(NULL, Object(Config\Cache), false)
#9 /home/interne1/public_html/mymisdiagnosis/public/index.php(44): CodeIgniter\CodeIgniter->run()
#10 {main}
CRITICAL - 2021-04-25 06:05:31 --> rename(../../mymisdiagnosis/upload/2-9010211/temp_card_folder,../../mymisdiagnosis/upload/2-9010211/test): Directory not empty
#0 [internal function]: CodeIgniter\Debug\Exceptions->errorHandler(2, 'rename(../../ff...', '/home/interne1/...', 297, Array)
#1 /home/interne1/public_html/mymisdiagnosis/app/Controllers/Product.php(297): rename('../../mymisdiagnosis/up...', '../../mymisdiagnosis/up...')
#2 [internal function]: App\Controllers\Product->image_add_id(Object(stdClass))
#3 /home/interne1/public_html/mymisdiagnosis/app/Libraries/GroceryCrud.php(990): call_user_func(Array, Object(stdClass))
#4 /home/interne1/public_html/mymisdiagnosis/app/Libraries/GroceryCrud.php(4557): App\Libraries\grocery_CRUD_Model_Driver->db_insert(Object(stdClass))
#5 /home/interne1/public_html/mymisdiagnosis/app/Controllers/Product.php(270): App\Libraries\GroceryCrud->render()
#6 /home/interne1/public_html/mymisdiagnosis/system/CodeIgniter.php(936): App\Controllers\Product->cards('insert')
#7 /home/interne1/public_html/mymisdiagnosis/system/CodeIgniter.php(432): CodeIgniter\CodeIgniter->runController(Object(App\Controllers\Product))
#8 /home/interne1/public_html/mymisdiagnosis/system/CodeIgniter.php(333): CodeIgniter\CodeIgniter->handleRequest(NULL, Object(Config\Cache), false)
#9 /home/interne1/public_html/mymisdiagnosis/public/index.php(44): CodeIgniter\CodeIgniter->run()
#10 {main}
CRITICAL - 2021-04-25 06:05:50 --> rename(../../mymisdiagnosis/upload/2-9010211/temp_card_folder,../../mymisdiagnosis/upload/2-9010211/test): Directory not empty
#0 [internal function]: CodeIgniter\Debug\Exceptions->errorHandler(2, 'rename(../../ff...', '/home/interne1/...', 297, Array)
#1 /home/interne1/public_html/mymisdiagnosis/app/Controllers/Product.php(297): rename('../../mymisdiagnosis/up...', '../../mymisdiagnosis/up...')
#2 [internal function]: App\Controllers\Product->image_add_id(Object(stdClass))
#3 /home/interne1/public_html/mymisdiagnosis/app/Libraries/GroceryCrud.php(990): call_user_func(Array, Object(stdClass))
#4 /home/interne1/public_html/mymisdiagnosis/app/Libraries/GroceryCrud.php(4557): App\Libraries\grocery_CRUD_Model_Driver->db_insert(Object(stdClass))
#5 /home/interne1/public_html/mymisdiagnosis/app/Controllers/Product.php(270): App\Libraries\GroceryCrud->render()
#6 /home/interne1/public_html/mymisdiagnosis/system/CodeIgniter.php(936): App\Controllers\Product->cards('insert')
#7 /home/interne1/public_html/mymisdiagnosis/system/CodeIgniter.php(432): CodeIgniter\CodeIgniter->runController(Object(App\Controllers\Product))
#8 /home/interne1/public_html/mymisdiagnosis/system/CodeIgniter.php(333): CodeIgniter\CodeIgniter->handleRequest(NULL, Object(Config\Cache), false)
#9 /home/interne1/public_html/mymisdiagnosis/public/index.php(44): CodeIgniter\CodeIgniter->run()
#10 {main}
CRITICAL - 2021-04-25 06:06:03 --> rename(../../mymisdiagnosis/upload/2-9010211/temp_card_folder,../../mymisdiagnosis/upload/2-9010211/test): Directory not empty
#0 [internal function]: CodeIgniter\Debug\Exceptions->errorHandler(2, 'rename(../../ff...', '/home/interne1/...', 297, Array)
#1 /home/interne1/public_html/mymisdiagnosis/app/Controllers/Product.php(297): rename('../../mymisdiagnosis/up...', '../../mymisdiagnosis/up...')
#2 [internal function]: App\Controllers\Product->image_add_id(Object(stdClass))
#3 /home/interne1/public_html/mymisdiagnosis/app/Libraries/GroceryCrud.php(990): call_user_func(Array, Object(stdClass))
#4 /home/interne1/public_html/mymisdiagnosis/app/Libraries/GroceryCrud.php(4557): App\Libraries\grocery_CRUD_Model_Driver->db_insert(Object(stdClass))
#5 /home/interne1/public_html/mymisdiagnosis/app/Controllers/Product.php(270): App\Libraries\GroceryCrud->render()
#6 /home/interne1/public_html/mymisdiagnosis/system/CodeIgniter.php(936): App\Controllers\Product->cards('insert')
#7 /home/interne1/public_html/mymisdiagnosis/system/CodeIgniter.php(432): CodeIgniter\CodeIgniter->runController(Object(App\Controllers\Product))
#8 /home/interne1/public_html/mymisdiagnosis/system/CodeIgniter.php(333): CodeIgniter\CodeIgniter->handleRequest(NULL, Object(Config\Cache), false)
#9 /home/interne1/public_html/mymisdiagnosis/public/index.php(44): CodeIgniter\CodeIgniter->run()
#10 {main}
CRITICAL - 2021-04-25 06:08:09 --> rename(../../mymisdiagnosis/upload/2-9010211/temp_card_folder,../../mymisdiagnosis/upload/2-9010211/test): Directory not empty
#0 [internal function]: CodeIgniter\Debug\Exceptions->errorHandler(2, 'rename(../../ff...', '/home/interne1/...', 297, Array)
#1 /home/interne1/public_html/mymisdiagnosis/app/Controllers/Product.php(297): rename('../../mymisdiagnosis/up...', '../../mymisdiagnosis/up...')
#2 [internal function]: App\Controllers\Product->image_add_id(Object(stdClass))
#3 /home/interne1/public_html/mymisdiagnosis/app/Libraries/GroceryCrud.php(990): call_user_func(Array, Object(stdClass))
#4 /home/interne1/public_html/mymisdiagnosis/app/Libraries/GroceryCrud.php(4557): App\Libraries\grocery_CRUD_Model_Driver->db_insert(Object(stdClass))
#5 /home/interne1/public_html/mymisdiagnosis/app/Controllers/Product.php(270): App\Libraries\GroceryCrud->render()
#6 /home/interne1/public_html/mymisdiagnosis/system/CodeIgniter.php(936): App\Controllers\Product->cards('insert')
#7 /home/interne1/public_html/mymisdiagnosis/system/CodeIgniter.php(432): CodeIgniter\CodeIgniter->runController(Object(App\Controllers\Product))
#8 /home/interne1/public_html/mymisdiagnosis/system/CodeIgniter.php(333): CodeIgniter\CodeIgniter->handleRequest(NULL, Object(Config\Cache), false)
#9 /home/interne1/public_html/mymisdiagnosis/public/index.php(44): CodeIgniter\CodeIgniter->run()
#10 {main}
CRITICAL - 2021-04-25 06:08:27 --> rename(../../mymisdiagnosis/upload/2-9010211/temp_card_folder,../../mymisdiagnosis/upload/2-9010211/test): Directory not empty
#0 [internal function]: CodeIgniter\Debug\Exceptions->errorHandler(2, 'rename(../../ff...', '/home/interne1/...', 297, Array)
#1 /home/interne1/public_html/mymisdiagnosis/app/Controllers/Product.php(297): rename('../../mymisdiagnosis/up...', '../../mymisdiagnosis/up...')
#2 [internal function]: App\Controllers\Product->image_add_id(Object(stdClass))
#3 /home/interne1/public_html/mymisdiagnosis/app/Libraries/GroceryCrud.php(990): call_user_func(Array, Object(stdClass))
#4 /home/interne1/public_html/mymisdiagnosis/app/Libraries/GroceryCrud.php(4557): App\Libraries\grocery_CRUD_Model_Driver->db_insert(Object(stdClass))
#5 /home/interne1/public_html/mymisdiagnosis/app/Controllers/Product.php(270): App\Libraries\GroceryCrud->render()
#6 /home/interne1/public_html/mymisdiagnosis/system/CodeIgniter.php(936): App\Controllers\Product->cards('insert')
#7 /home/interne1/public_html/mymisdiagnosis/system/CodeIgniter.php(432): CodeIgniter\CodeIgniter->runController(Object(App\Controllers\Product))
#8 /home/interne1/public_html/mymisdiagnosis/system/CodeIgniter.php(333): CodeIgniter\CodeIgniter->handleRequest(NULL, Object(Config\Cache), false)
#9 /home/interne1/public_html/mymisdiagnosis/public/index.php(44): CodeIgniter\CodeIgniter->run()
#10 {main}
CRITICAL - 2021-04-25 06:09:23 --> rename(../../mymisdiagnosis/upload/2-9010211/temp_card_folder/field-question_image_1_temp.png,../../mymisdiagnosis/upload/2-9010211/temp_card_folder/field-question_image_1.png): No such file or directory
#0 [internal function]: CodeIgniter\Debug\Exceptions->errorHandler(2, 'rename(../../ff...', '/home/interne1/...', 349, Array)
#1 /home/interne1/public_html/mymisdiagnosis/app/Controllers/Product.php(349): rename('../../mymisdiagnosis/up...', '../../mymisdiagnosis/up...')
#2 [internal function]: App\Controllers\Product->image_temp_routines(Object(stdClass))
#3 /home/interne1/public_html/mymisdiagnosis/app/Libraries/GroceryCrud.php(911): call_user_func(Array, Object(stdClass))
#4 /home/interne1/public_html/mymisdiagnosis/app/Libraries/GroceryCrud.php(4557): App\Libraries\grocery_CRUD_Model_Driver->db_insert(Object(stdClass))
#5 /home/interne1/public_html/mymisdiagnosis/app/Controllers/Product.php(270): App\Libraries\GroceryCrud->render()
#6 /home/interne1/public_html/mymisdiagnosis/system/CodeIgniter.php(936): App\Controllers\Product->cards('insert')
#7 /home/interne1/public_html/mymisdiagnosis/system/CodeIgniter.php(432): CodeIgniter\CodeIgniter->runController(Object(App\Controllers\Product))
#8 /home/interne1/public_html/mymisdiagnosis/system/CodeIgniter.php(333): CodeIgniter\CodeIgniter->handleRequest(NULL, Object(Config\Cache), false)
#9 /home/interne1/public_html/mymisdiagnosis/public/index.php(44): CodeIgniter\CodeIgniter->run()
#10 {main}
CRITICAL - 2021-04-25 06:10:01 --> rename(../../mymisdiagnosis/upload/2-9010211/temp_card_folder,../../mymisdiagnosis/upload/2-9010211/test): Directory not empty
#0 [internal function]: CodeIgniter\Debug\Exceptions->errorHandler(2, 'rename(../../ff...', '/home/interne1/...', 297, Array)
#1 /home/interne1/public_html/mymisdiagnosis/app/Controllers/Product.php(297): rename('../../mymisdiagnosis/up...', '../../mymisdiagnosis/up...')
#2 [internal function]: App\Controllers\Product->image_add_id(Object(stdClass))
#3 /home/interne1/public_html/mymisdiagnosis/app/Libraries/GroceryCrud.php(990): call_user_func(Array, Object(stdClass))
#4 /home/interne1/public_html/mymisdiagnosis/app/Libraries/GroceryCrud.php(4557): App\Libraries\grocery_CRUD_Model_Driver->db_insert(Object(stdClass))
#5 /home/interne1/public_html/mymisdiagnosis/app/Controllers/Product.php(270): App\Libraries\GroceryCrud->render()
#6 /home/interne1/public_html/mymisdiagnosis/system/CodeIgniter.php(936): App\Controllers\Product->cards('insert')
#7 /home/interne1/public_html/mymisdiagnosis/system/CodeIgniter.php(432): CodeIgniter\CodeIgniter->runController(Object(App\Controllers\Product))
#8 /home/interne1/public_html/mymisdiagnosis/system/CodeIgniter.php(333): CodeIgniter\CodeIgniter->handleRequest(NULL, Object(Config\Cache), false)
#9 /home/interne1/public_html/mymisdiagnosis/public/index.php(44): CodeIgniter\CodeIgniter->run()
#10 {main}
CRITICAL - 2021-04-25 06:17:35 --> Use of undefined constant insertId - assumed 'insertId' (this will throw an Error in a future version of PHP)
#0 /home/interne1/public_html/mymisdiagnosis/app/Controllers/Product.php(291): CodeIgniter\Debug\Exceptions->errorHandler(2, 'Use of undefine...', '/home/interne1/...', 291, Array)
#1 [internal function]: App\Controllers\Product->image_add_id(Object(stdClass))
#2 /home/interne1/public_html/mymisdiagnosis/app/Libraries/GroceryCrud.php(990): call_user_func(Array, Object(stdClass))
#3 /home/interne1/public_html/mymisdiagnosis/app/Libraries/GroceryCrud.php(4557): App\Libraries\grocery_CRUD_Model_Driver->db_insert(Object(stdClass))
#4 /home/interne1/public_html/mymisdiagnosis/app/Controllers/Product.php(270): App\Libraries\GroceryCrud->render()
#5 /home/interne1/public_html/mymisdiagnosis/system/CodeIgniter.php(936): App\Controllers\Product->cards('insert')
#6 /home/interne1/public_html/mymisdiagnosis/system/CodeIgniter.php(432): CodeIgniter\CodeIgniter->runController(Object(App\Controllers\Product))
#7 /home/interne1/public_html/mymisdiagnosis/system/CodeIgniter.php(333): CodeIgniter\CodeIgniter->handleRequest(NULL, Object(Config\Cache), false)
#8 /home/interne1/public_html/mymisdiagnosis/public/index.php(44): CodeIgniter\CodeIgniter->run()
#9 {main}
CRITICAL - 2021-04-25 06:18:58 --> Use of undefined constant insertId - assumed 'insertId' (this will throw an Error in a future version of PHP)
#0 /home/interne1/public_html/mymisdiagnosis/app/Controllers/Product.php(291): CodeIgniter\Debug\Exceptions->errorHandler(2, 'Use of undefine...', '/home/interne1/...', 291, Array)
#1 [internal function]: App\Controllers\Product->image_add_id(Object(stdClass))
#2 /home/interne1/public_html/mymisdiagnosis/app/Libraries/GroceryCrud.php(990): call_user_func(Array, Object(stdClass))
#3 /home/interne1/public_html/mymisdiagnosis/app/Libraries/GroceryCrud.php(4557): App\Libraries\grocery_CRUD_Model_Driver->db_insert(Object(stdClass))
#4 /home/interne1/public_html/mymisdiagnosis/app/Controllers/Product.php(270): App\Libraries\GroceryCrud->render()
#5 /home/interne1/public_html/mymisdiagnosis/system/CodeIgniter.php(936): App\Controllers\Product->cards('insert')
#6 /home/interne1/public_html/mymisdiagnosis/system/CodeIgniter.php(432): CodeIgniter\CodeIgniter->runController(Object(App\Controllers\Product))
#7 /home/interne1/public_html/mymisdiagnosis/system/CodeIgniter.php(333): CodeIgniter\CodeIgniter->handleRequest(NULL, Object(Config\Cache), false)
#8 /home/interne1/public_html/mymisdiagnosis/public/index.php(44): CodeIgniter\CodeIgniter->run()
#9 {main}
CRITICAL - 2021-04-25 06:21:23 --> Undefined property: App\Controllers\Product::$db
#0 /home/interne1/public_html/mymisdiagnosis/app/Controllers/Product.php(291): CodeIgniter\Debug\Exceptions->errorHandler(8, 'Undefined prope...', '/home/interne1/...', 291, Array)
#1 [internal function]: App\Controllers\Product->image_add_id(Object(stdClass))
#2 /home/interne1/public_html/mymisdiagnosis/app/Libraries/GroceryCrud.php(990): call_user_func(Array, Object(stdClass))
#3 /home/interne1/public_html/mymisdiagnosis/app/Libraries/GroceryCrud.php(4557): App\Libraries\grocery_CRUD_Model_Driver->db_insert(Object(stdClass))
#4 /home/interne1/public_html/mymisdiagnosis/app/Controllers/Product.php(270): App\Libraries\GroceryCrud->render()
#5 /home/interne1/public_html/mymisdiagnosis/system/CodeIgniter.php(936): App\Controllers\Product->cards('insert')
#6 /home/interne1/public_html/mymisdiagnosis/system/CodeIgniter.php(432): CodeIgniter\CodeIgniter->runController(Object(App\Controllers\Product))
#7 /home/interne1/public_html/mymisdiagnosis/system/CodeIgniter.php(333): CodeIgniter\CodeIgniter->handleRequest(NULL, Object(Config\Cache), false)
#8 /home/interne1/public_html/mymisdiagnosis/public/index.php(44): CodeIgniter\CodeIgniter->run()
#9 {main}
CRITICAL - 2021-04-25 06:21:38 --> Undefined property: App\Controllers\Product::$db
#0 /home/interne1/public_html/ffcweb/app/Controllers/Product.php(291): CodeIgniter\Debug\Exceptions->errorHandler(8, 'Undefined prope...', '/home/interne1/...', 291, Array)
#1 [internal function]: App\Controllers\Product->image_add_id(Object(stdClass))
#2 /home/interne1/public_html/ffcweb/app/Libraries/GroceryCrud.php(990): call_user_func(Array, Object(stdClass))
#3 /home/interne1/public_html/ffcweb/app/Libraries/GroceryCrud.php(4557): App\Libraries\grocery_CRUD_Model_Driver->db_insert(Object(stdClass))
#4 /home/interne1/public_html/ffcweb/app/Controllers/Product.php(270): App\Libraries\GroceryCrud->render()
#5 /home/interne1/public_html/ffcweb/system/CodeIgniter.php(936): App\Controllers\Product->cards('insert')
#6 /home/interne1/public_html/ffcweb/system/CodeIgniter.php(432): CodeIgniter\CodeIgniter->runController(Object(App\Controllers\Product))
#7 /home/interne1/public_html/ffcweb/system/CodeIgniter.php(333): CodeIgniter\CodeIgniter->handleRequest(NULL, Object(Config\Cache), false)
#8 /home/interne1/public_html/ffcweb/public/index.php(44): CodeIgniter\CodeIgniter->run()
#9 {main}
CRITICAL - 2021-04-25 06:27:15 --> Undefined property: App\Controllers\Product::$db
#0 /home/interne1/public_html/ffcweb/app/Controllers/Product.php(291): CodeIgniter\Debug\Exceptions->errorHandler(8, 'Undefined prope...', '/home/interne1/...', 291, Array)
#1 [internal function]: App\Controllers\Product->image_add_id(Object(stdClass))
#2 /home/interne1/public_html/ffcweb/app/Libraries/GroceryCrud.php(990): call_user_func(Array, Object(stdClass))
#3 /home/interne1/public_html/ffcweb/app/Libraries/GroceryCrud.php(4557): App\Libraries\grocery_CRUD_Model_Driver->db_insert(Object(stdClass))
#4 /home/interne1/public_html/ffcweb/app/Controllers/Product.php(270): App\Libraries\GroceryCrud->render()
#5 /home/interne1/public_html/ffcweb/system/CodeIgniter.php(936): App\Controllers\Product->cards('insert')
#6 /home/interne1/public_html/ffcweb/system/CodeIgniter.php(432): CodeIgniter\CodeIgniter->runController(Object(App\Controllers\Product))
#7 /home/interne1/public_html/ffcweb/system/CodeIgniter.php(333): CodeIgniter\CodeIgniter->handleRequest(NULL, Object(Config\Cache), false)
#8 /home/interne1/public_html/ffcweb/public/index.php(44): CodeIgniter\CodeIgniter->run()
#9 {main}
CRITICAL - 2021-04-25 06:27:50 --> Undefined property: App\Controllers\Product::$db
#0 /home/interne1/public_html/ffcweb/app/Controllers/Product.php(291): CodeIgniter\Debug\Exceptions->errorHandler(8, 'Undefined prope...', '/home/interne1/...', 291, Array)
#1 [internal function]: App\Controllers\Product->image_add_id(Object(stdClass))
#2 /home/interne1/public_html/ffcweb/app/Libraries/GroceryCrud.php(990): call_user_func(Array, Object(stdClass))
#3 /home/interne1/public_html/ffcweb/app/Libraries/GroceryCrud.php(4557): App\Libraries\grocery_CRUD_Model_Driver->db_insert(Object(stdClass))
#4 /home/interne1/public_html/ffcweb/app/Controllers/Product.php(270): App\Libraries\GroceryCrud->render()
#5 /home/interne1/public_html/ffcweb/system/CodeIgniter.php(936): App\Controllers\Product->cards('insert')
#6 /home/interne1/public_html/ffcweb/system/CodeIgniter.php(432): CodeIgniter\CodeIgniter->runController(Object(App\Controllers\Product))
#7 /home/interne1/public_html/ffcweb/system/CodeIgniter.php(333): CodeIgniter\CodeIgniter->handleRequest(NULL, Object(Config\Cache), false)
#8 /home/interne1/public_html/ffcweb/public/index.php(44): CodeIgniter\CodeIgniter->run()
#9 {main}
CRITICAL - 2021-04-25 06:30:34 --> Undefined variable: field_info
#0 /home/interne1/public_html/ffcweb/app/Controllers/Product.php(291): CodeIgniter\Debug\Exceptions->errorHandler(8, 'Undefined varia...', '/home/interne1/...', 291, Array)
#1 [internal function]: App\Controllers\Product->image_add_id(Object(stdClass))
#2 /home/interne1/public_html/ffcweb/app/Libraries/GroceryCrud.php(990): call_user_func(Array, Object(stdClass))
#3 /home/interne1/public_html/ffcweb/app/Libraries/GroceryCrud.php(4557): App\Libraries\grocery_CRUD_Model_Driver->db_insert(Object(stdClass))
#4 /home/interne1/public_html/ffcweb/app/Controllers/Product.php(270): App\Libraries\GroceryCrud->render()
#5 /home/interne1/public_html/ffcweb/system/CodeIgniter.php(936): App\Controllers\Product->cards('insert')
#6 /home/interne1/public_html/ffcweb/system/CodeIgniter.php(432): CodeIgniter\CodeIgniter->runController(Object(App\Controllers\Product))
#7 /home/interne1/public_html/ffcweb/system/CodeIgniter.php(333): CodeIgniter\CodeIgniter->handleRequest(NULL, Object(Config\Cache), false)
#8 /home/interne1/public_html/ffcweb/public/index.php(44): CodeIgniter\CodeIgniter->run()
#9 {main}
CRITICAL - 2021-04-25 06:30:47 --> Undefined variable: field_info
#0 /home/interne1/public_html/ffcweb/app/Controllers/Product.php(291): CodeIgniter\Debug\Exceptions->errorHandler(8, 'Undefined varia...', '/home/interne1/...', 291, Array)
#1 [internal function]: App\Controllers\Product->image_add_id(Object(stdClass))
#2 /home/interne1/public_html/ffcweb/app/Libraries/GroceryCrud.php(990): call_user_func(Array, Object(stdClass))
#3 /home/interne1/public_html/ffcweb/app/Libraries/GroceryCrud.php(4557): App\Libraries\grocery_CRUD_Model_Driver->db_insert(Object(stdClass))
#4 /home/interne1/public_html/ffcweb/app/Controllers/Product.php(270): App\Libraries\GroceryCrud->render()
#5 /home/interne1/public_html/ffcweb/system/CodeIgniter.php(936): App\Controllers\Product->cards('insert')
#6 /home/interne1/public_html/ffcweb/system/CodeIgniter.php(432): CodeIgniter\CodeIgniter->runController(Object(App\Controllers\Product))
#7 /home/interne1/public_html/ffcweb/system/CodeIgniter.php(333): CodeIgniter\CodeIgniter->handleRequest(NULL, Object(Config\Cache), false)
#8 /home/interne1/public_html/ffcweb/public/index.php(44): CodeIgniter\CodeIgniter->run()
#9 {main}
CRITICAL - 2021-04-25 06:33:00 --> Call to undefined function App\Controllers\getStateInfo()
#0 [internal function]: App\Controllers\Product->image_add_id(Object(stdClass))
#1 /home/interne1/public_html/ffcweb/app/Libraries/GroceryCrud.php(990): call_user_func(Array, Object(stdClass))
#2 /home/interne1/public_html/ffcweb/app/Libraries/GroceryCrud.php(4557): App\Libraries\grocery_CRUD_Model_Driver->db_insert(Object(stdClass))
#3 /home/interne1/public_html/ffcweb/app/Controllers/Product.php(270): App\Libraries\GroceryCrud->render()
#4 /home/interne1/public_html/ffcweb/system/CodeIgniter.php(936): App\Controllers\Product->cards('insert')
#5 /home/interne1/public_html/ffcweb/system/CodeIgniter.php(432): CodeIgniter\CodeIgniter->runController(Object(App\Controllers\Product))
#6 /home/interne1/public_html/ffcweb/system/CodeIgniter.php(333): CodeIgniter\CodeIgniter->handleRequest(NULL, Object(Config\Cache), false)
#7 /home/interne1/public_html/ffcweb/public/index.php(44): CodeIgniter\CodeIgniter->run()
#8 {main}
CRITICAL - 2021-04-25 06:36:06 --> Undefined variable: stateParameters
#0 /home/interne1/public_html/ffcweb/app/Controllers/Product.php(291): CodeIgniter\Debug\Exceptions->errorHandler(8, 'Undefined varia...', '/home/interne1/...', 291, Array)
#1 [internal function]: App\Controllers\Product->image_add_id(Object(stdClass))
#2 /home/interne1/public_html/ffcweb/app/Libraries/GroceryCrud.php(990): call_user_func(Array, Object(stdClass))
#3 /home/interne1/public_html/ffcweb/app/Libraries/GroceryCrud.php(4557): App\Libraries\grocery_CRUD_Model_Driver->db_insert(Object(stdClass))
#4 /home/interne1/public_html/ffcweb/app/Controllers/Product.php(270): App\Libraries\GroceryCrud->render()
#5 /home/interne1/public_html/ffcweb/system/CodeIgniter.php(936): App\Controllers\Product->cards('insert')
#6 /home/interne1/public_html/ffcweb/system/CodeIgniter.php(432): CodeIgniter\CodeIgniter->runController(Object(App\Controllers\Product))
#7 /home/interne1/public_html/ffcweb/system/CodeIgniter.php(333): CodeIgniter\CodeIgniter->handleRequest(NULL, Object(Config\Cache), false)
#8 /home/interne1/public_html/ffcweb/public/index.php(44): CodeIgniter\CodeIgniter->run()
#9 {main}
CRITICAL - 2021-04-25 06:36:23 --> Undefined variable: stateParameters
#0 /home/interne1/public_html/ffcweb/app/Controllers/Product.php(291): CodeIgniter\Debug\Exceptions->errorHandler(8, 'Undefined varia...', '/home/interne1/...', 291, Array)
#1 [internal function]: App\Controllers\Product->image_add_id(Object(stdClass))
#2 /home/interne1/public_html/ffcweb/app/Libraries/GroceryCrud.php(990): call_user_func(Array, Object(stdClass))
#3 /home/interne1/public_html/ffcweb/app/Libraries/GroceryCrud.php(4557): App\Libraries\grocery_CRUD_Model_Driver->db_insert(Object(stdClass))
#4 /home/interne1/public_html/ffcweb/app/Controllers/Product.php(270): App\Libraries\GroceryCrud->render()
#5 /home/interne1/public_html/ffcweb/system/CodeIgniter.php(936): App\Controllers\Product->cards('insert')
#6 /home/interne1/public_html/ffcweb/system/CodeIgniter.php(432): CodeIgniter\CodeIgniter->runController(Object(App\Controllers\Product))
#7 /home/interne1/public_html/ffcweb/system/CodeIgniter.php(333): CodeIgniter\CodeIgniter->handleRequest(NULL, Object(Config\Cache), false)
#8 /home/interne1/public_html/ffcweb/public/index.php(44): CodeIgniter\CodeIgniter->run()
#9 {main}
CRITICAL - 2021-04-25 06:44:11 --> Too few arguments to function App\Controllers\Product::image_add_id(), 1 passed and exactly 2 expected
#0 [internal function]: App\Controllers\Product->image_add_id(Object(stdClass))
#1 /home/interne1/public_html/ffcweb/app/Libraries/GroceryCrud.php(990): call_user_func(Array, Object(stdClass))
#2 /home/interne1/public_html/ffcweb/app/Libraries/GroceryCrud.php(4557): App\Libraries\grocery_CRUD_Model_Driver->db_insert(Object(stdClass))
#3 /home/interne1/public_html/ffcweb/app/Controllers/Product.php(270): App\Libraries\GroceryCrud->render()
#4 /home/interne1/public_html/ffcweb/system/CodeIgniter.php(936): App\Controllers\Product->cards('insert')
#5 /home/interne1/public_html/ffcweb/system/CodeIgniter.php(432): CodeIgniter\CodeIgniter->runController(Object(App\Controllers\Product))
#6 /home/interne1/public_html/ffcweb/system/CodeIgniter.php(333): CodeIgniter\CodeIgniter->handleRequest(NULL, Object(Config\Cache), false)
#7 /home/interne1/public_html/ffcweb/public/index.php(44): CodeIgniter\CodeIgniter->run()
#8 {main}
CRITICAL - 2021-04-25 06:44:23 --> Too few arguments to function App\Controllers\Product::image_add_id(), 1 passed and exactly 2 expected
#0 [internal function]: App\Controllers\Product->image_add_id(Object(stdClass))
#1 /home/interne1/public_html/ffcweb/app/Libraries/GroceryCrud.php(990): call_user_func(Array, Object(stdClass))
#2 /home/interne1/public_html/ffcweb/app/Libraries/GroceryCrud.php(4557): App\Libraries\grocery_CRUD_Model_Driver->db_insert(Object(stdClass))
#3 /home/interne1/public_html/ffcweb/app/Controllers/Product.php(270): App\Libraries\GroceryCrud->render()
#4 /home/interne1/public_html/ffcweb/system/CodeIgniter.php(936): App\Controllers\Product->cards('insert')
#5 /home/interne1/public_html/ffcweb/system/CodeIgniter.php(432): CodeIgniter\CodeIgniter->runController(Object(App\Controllers\Product))
#6 /home/interne1/public_html/ffcweb/system/CodeIgniter.php(333): CodeIgniter\CodeIgniter->handleRequest(NULL, Object(Config\Cache), false)
#7 /home/interne1/public_html/ffcweb/public/index.php(44): CodeIgniter\CodeIgniter->run()
#8 {main}
CRITICAL - 2021-04-25 06:44:55 --> Too few arguments to function App\Controllers\Product::image_add_id(), 1 passed and exactly 2 expected
#0 [internal function]: App\Controllers\Product->image_add_id(Object(stdClass))
#1 /home/interne1/public_html/ffcweb/app/Libraries/GroceryCrud.php(990): call_user_func(Array, Object(stdClass))
#2 /home/interne1/public_html/ffcweb/app/Libraries/GroceryCrud.php(4557): App\Libraries\grocery_CRUD_Model_Driver->db_insert(Object(stdClass))
#3 /home/interne1/public_html/ffcweb/app/Controllers/Product.php(270): App\Libraries\GroceryCrud->render()
#4 /home/interne1/public_html/ffcweb/system/CodeIgniter.php(936): App\Controllers\Product->cards('insert')
#5 /home/interne1/public_html/ffcweb/system/CodeIgniter.php(432): CodeIgniter\CodeIgniter->runController(Object(App\Controllers\Product))
#6 /home/interne1/public_html/ffcweb/system/CodeIgniter.php(333): CodeIgniter\CodeIgniter->handleRequest(NULL, Object(Config\Cache), false)
#7 /home/interne1/public_html/ffcweb/public/index.php(44): CodeIgniter\CodeIgniter->run()
#8 {main}
CRITICAL - 2021-04-25 06:47:57 --> Undefined variable: this_rand
#0 /home/interne1/public_html/ffcweb/app/Controllers/Product.php(291): CodeIgniter\Debug\Exceptions->errorHandler(8, 'Undefined varia...', '/home/interne1/...', 291, Array)
#1 [internal function]: App\Controllers\Product->image_add_id(Object(stdClass))
#2 /home/interne1/public_html/ffcweb/app/Libraries/GroceryCrud.php(990): call_user_func(Array, Object(stdClass))
#3 /home/interne1/public_html/ffcweb/app/Libraries/GroceryCrud.php(4557): App\Libraries\grocery_CRUD_Model_Driver->db_insert(Object(stdClass))
#4 /home/interne1/public_html/ffcweb/app/Controllers/Product.php(270): App\Libraries\GroceryCrud->render()
#5 /home/interne1/public_html/ffcweb/system/CodeIgniter.php(936): App\Controllers\Product->cards('insert')
#6 /home/interne1/public_html/ffcweb/system/CodeIgniter.php(432): CodeIgniter\CodeIgniter->runController(Object(App\Controllers\Product))
#7 /home/interne1/public_html/ffcweb/system/CodeIgniter.php(333): CodeIgniter\CodeIgniter->handleRequest(NULL, Object(Config\Cache), false)
#8 /home/interne1/public_html/ffcweb/public/index.php(44): CodeIgniter\CodeIgniter->run()
#9 {main}
CRITICAL - 2021-04-25 06:58:31 --> Call to undefined method App\Libraries\InterneticsLibrary::set_lang_string()
#0 /home/interne1/public_html/ffcweb/system/CodeIgniter.php(936): App\Controllers\Product->cards('add')
#1 /home/interne1/public_html/ffcweb/system/CodeIgniter.php(432): CodeIgniter\CodeIgniter->runController(Object(App\Controllers\Product))
#2 /home/interne1/public_html/ffcweb/system/CodeIgniter.php(333): CodeIgniter\CodeIgniter->handleRequest(NULL, Object(Config\Cache), false)
#3 /home/interne1/public_html/ffcweb/public/index.php(44): CodeIgniter\CodeIgniter->run()
#4 {main}
CRITICAL - 2021-04-25 07:01:13 --> Undefined variable: id
#0 /home/interne1/public_html/ffcweb/app/Controllers/Product.php(306): CodeIgniter\Debug\Exceptions->errorHandler(8, 'Undefined varia...', '/home/interne1/...', 306, Array)
#1 [internal function]: App\Controllers\Product->image_add_id(Object(stdClass))
#2 /home/interne1/public_html/ffcweb/app/Libraries/GroceryCrud.php(990): call_user_func(Array, Object(stdClass))
#3 /home/interne1/public_html/ffcweb/app/Libraries/GroceryCrud.php(4557): App\Libraries\grocery_CRUD_Model_Driver->db_insert(Object(stdClass))
#4 /home/interne1/public_html/ffcweb/app/Controllers/Product.php(273): App\Libraries\GroceryCrud->render()
#5 /home/interne1/public_html/ffcweb/system/CodeIgniter.php(936): App\Controllers\Product->cards('insert')
#6 /home/interne1/public_html/ffcweb/system/CodeIgniter.php(432): CodeIgniter\CodeIgniter->runController(Object(App\Controllers\Product))
#7 /home/interne1/public_html/ffcweb/system/CodeIgniter.php(333): CodeIgniter\CodeIgniter->handleRequest(NULL, Object(Config\Cache), false)
#8 /home/interne1/public_html/ffcweb/public/index.php(44): CodeIgniter\CodeIgniter->run()
#9 {main}
CRITICAL - 2021-04-25 07:01:54 -->  route cannot be found while reverse-routing.
#0 /home/interne1/public_html/ffcweb/system/HTTP/RedirectResponse.php(63): CodeIgniter\HTTP\Exceptions\HTTPException::forInvalidRedirectRoute('')
#1 /home/interne1/public_html/ffcweb/system/Common.php(918): CodeIgniter\HTTP\RedirectResponse->route(false)
#2 /home/interne1/public_html/ffcweb/app/Controllers/Product.php(306): redirect('https://www.int...')
#3 [internal function]: App\Controllers\Product->image_add_id(Object(stdClass))
#4 /home/interne1/public_html/ffcweb/app/Libraries/GroceryCrud.php(990): call_user_func(Array, Object(stdClass))
#5 /home/interne1/public_html/ffcweb/app/Libraries/GroceryCrud.php(4557): App\Libraries\grocery_CRUD_Model_Driver->db_insert(Object(stdClass))
#6 /home/interne1/public_html/ffcweb/app/Controllers/Product.php(273): App\Libraries\GroceryCrud->render()
#7 /home/interne1/public_html/ffcweb/system/CodeIgniter.php(936): App\Controllers\Product->cards('insert')
#8 /home/interne1/public_html/ffcweb/system/CodeIgniter.php(432): CodeIgniter\CodeIgniter->runController(Object(App\Controllers\Product))
#9 /home/interne1/public_html/ffcweb/system/CodeIgniter.php(333): CodeIgniter\CodeIgniter->handleRequest(NULL, Object(Config\Cache), false)
#10 /home/interne1/public_html/ffcweb/public/index.php(44): CodeIgniter\CodeIgniter->run()
#11 {main}
CRITICAL - 2021-04-25 21:10:33 --> syntax error, unexpected '<', expecting end of file
#0 /home/interne1/public_html/ffcweb/app/Libraries/GroceryCrud.php(1850): App\Libraries\grocery_CRUD_Layout->_theme_view('edit.php', Array)
#1 /home/interne1/public_html/ffcweb/app/Libraries/GroceryCrud.php(4532): App\Libraries\grocery_CRUD_Layout->showEditForm(Object(stdClass))
#2 /home/interne1/public_html/ffcweb/app/Controllers/Product.php(134): App\Libraries\GroceryCrud->render()
#3 /home/interne1/public_html/ffcweb/system/CodeIgniter.php(936): App\Controllers\Product->packs('edit', '1')
#4 /home/interne1/public_html/ffcweb/system/CodeIgniter.php(432): CodeIgniter\CodeIgniter->runController(Object(App\Controllers\Product))
#5 /home/interne1/public_html/ffcweb/system/CodeIgniter.php(333): CodeIgniter\CodeIgniter->handleRequest(NULL, Object(Config\Cache), false)
#6 /home/interne1/public_html/ffcweb/public/index.php(44): CodeIgniter\CodeIgniter->run()
#7 {main}
CRITICAL - 2021-04-25 21:26:47 --> Undefined index: pack_image
#0 /home/interne1/public_html/ffcweb/app/Controllers/Product.php(442): CodeIgniter\Debug\Exceptions->errorHandler(8, 'Undefined index...', '/home/interne1/...', 442, Array)
#1 [internal function]: App\Controllers\Product->image_temp_routines(Object(stdClass))
#2 /home/interne1/public_html/ffcweb/app/Libraries/GroceryCrud.php(1049): call_user_func(Array, Object(stdClass))
#3 /home/interne1/public_html/ffcweb/app/Libraries/GroceryCrud.php(4570): App\Libraries\grocery_CRUD_Model_Driver->db_update(Object(stdClass))
#4 /home/interne1/public_html/ffcweb/app/Controllers/Product.php(280): App\Libraries\GroceryCrud->render()
#5 /home/interne1/public_html/ffcweb/system/CodeIgniter.php(936): App\Controllers\Product->cards('update', '4')
#6 /home/interne1/public_html/ffcweb/system/CodeIgniter.php(432): CodeIgniter\CodeIgniter->runController(Object(App\Controllers\Product))
#7 /home/interne1/public_html/ffcweb/system/CodeIgniter.php(333): CodeIgniter\CodeIgniter->handleRequest(NULL, Object(Config\Cache), false)
#8 /home/interne1/public_html/ffcweb/public/index.php(44): CodeIgniter\CodeIgniter->run()
#9 {main}
CRITICAL - 2021-04-25 21:27:15 --> Undefined index: pack_image
#0 /home/interne1/public_html/ffcweb/app/Controllers/Product.php(442): CodeIgniter\Debug\Exceptions->errorHandler(8, 'Undefined index...', '/home/interne1/...', 442, Array)
#1 [internal function]: App\Controllers\Product->image_temp_routines(Object(stdClass))
#2 /home/interne1/public_html/ffcweb/app/Libraries/GroceryCrud.php(1049): call_user_func(Array, Object(stdClass))
#3 /home/interne1/public_html/ffcweb/app/Libraries/GroceryCrud.php(4570): App\Libraries\grocery_CRUD_Model_Driver->db_update(Object(stdClass))
#4 /home/interne1/public_html/ffcweb/app/Controllers/Product.php(280): App\Libraries\GroceryCrud->render()
#5 /home/interne1/public_html/ffcweb/system/CodeIgniter.php(936): App\Controllers\Product->cards('update', '4')
#6 /home/interne1/public_html/ffcweb/system/CodeIgniter.php(432): CodeIgniter\CodeIgniter->runController(Object(App\Controllers\Product))
#7 /home/interne1/public_html/ffcweb/system/CodeIgniter.php(333): CodeIgniter\CodeIgniter->handleRequest(NULL, Object(Config\Cache), false)
#8 /home/interne1/public_html/ffcweb/public/index.php(44): CodeIgniter\CodeIgniter->run()
#9 {main}
CRITICAL - 2021-04-25 21:27:26 --> Undefined index: pack_image
#0 /home/interne1/public_html/ffcweb/app/Controllers/Product.php(442): CodeIgniter\Debug\Exceptions->errorHandler(8, 'Undefined index...', '/home/interne1/...', 442, Array)
#1 [internal function]: App\Controllers\Product->image_temp_routines(Object(stdClass))
#2 /home/interne1/public_html/ffcweb/app/Libraries/GroceryCrud.php(1049): call_user_func(Array, Object(stdClass))
#3 /home/interne1/public_html/ffcweb/app/Libraries/GroceryCrud.php(4570): App\Libraries\grocery_CRUD_Model_Driver->db_update(Object(stdClass))
#4 /home/interne1/public_html/ffcweb/app/Controllers/Product.php(280): App\Libraries\GroceryCrud->render()
#5 /home/interne1/public_html/ffcweb/system/CodeIgniter.php(936): App\Controllers\Product->cards('update', '4')
#6 /home/interne1/public_html/ffcweb/system/CodeIgniter.php(432): CodeIgniter\CodeIgniter->runController(Object(App\Controllers\Product))
#7 /home/interne1/public_html/ffcweb/system/CodeIgniter.php(333): CodeIgniter\CodeIgniter->handleRequest(NULL, Object(Config\Cache), false)
#8 /home/interne1/public_html/ffcweb/public/index.php(44): CodeIgniter\CodeIgniter->run()
#9 {main}
CRITICAL - 2021-04-25 21:27:45 --> Undefined index: pack_image
#0 /home/interne1/public_html/ffcweb/app/Controllers/Product.php(442): CodeIgniter\Debug\Exceptions->errorHandler(8, 'Undefined index...', '/home/interne1/...', 442, Array)
#1 [internal function]: App\Controllers\Product->image_temp_routines(Object(stdClass))
#2 /home/interne1/public_html/ffcweb/app/Libraries/GroceryCrud.php(1049): call_user_func(Array, Object(stdClass))
#3 /home/interne1/public_html/ffcweb/app/Libraries/GroceryCrud.php(4570): App\Libraries\grocery_CRUD_Model_Driver->db_update(Object(stdClass))
#4 /home/interne1/public_html/ffcweb/app/Controllers/Product.php(280): App\Libraries\GroceryCrud->render()
#5 /home/interne1/public_html/ffcweb/system/CodeIgniter.php(936): App\Controllers\Product->cards('update', '4')
#6 /home/interne1/public_html/ffcweb/system/CodeIgniter.php(432): CodeIgniter\CodeIgniter->runController(Object(App\Controllers\Product))
#7 /home/interne1/public_html/ffcweb/system/CodeIgniter.php(333): CodeIgniter\CodeIgniter->handleRequest(NULL, Object(Config\Cache), false)
#8 /home/interne1/public_html/ffcweb/public/index.php(44): CodeIgniter\CodeIgniter->run()
#9 {main}
CRITICAL - 2021-04-25 21:28:22 --> rename(../../ffcweb/upload/2-9010211/4/field-question_image_1_temp.png,../../ffcweb/upload/2-9010211/4/field-question_image_1.png): No such file or directory
#0 [internal function]: CodeIgniter\Debug\Exceptions->errorHandler(2, 'rename(../../ff...', '/home/interne1/...', 359, Array)
#1 /home/interne1/public_html/ffcweb/app/Controllers/Product.php(359): rename('../../ffcweb/up...', '../../ffcweb/up...')
#2 [internal function]: App\Controllers\Product->image_temp_routines(Object(stdClass))
#3 /home/interne1/public_html/ffcweb/app/Libraries/GroceryCrud.php(1049): call_user_func(Array, Object(stdClass))
#4 /home/interne1/public_html/ffcweb/app/Libraries/GroceryCrud.php(4570): App\Libraries\grocery_CRUD_Model_Driver->db_update(Object(stdClass))
#5 /home/interne1/public_html/ffcweb/app/Controllers/Product.php(280): App\Libraries\GroceryCrud->render()
#6 /home/interne1/public_html/ffcweb/system/CodeIgniter.php(936): App\Controllers\Product->cards('update', '4')
#7 /home/interne1/public_html/ffcweb/system/CodeIgniter.php(432): CodeIgniter\CodeIgniter->runController(Object(App\Controllers\Product))
#8 /home/interne1/public_html/ffcweb/system/CodeIgniter.php(333): CodeIgniter\CodeIgniter->handleRequest(NULL, Object(Config\Cache), false)
#9 /home/interne1/public_html/ffcweb/public/index.php(44): CodeIgniter\CodeIgniter->run()
#10 {main}
CRITICAL - 2021-04-25 21:30:05 --> Undefined index: question_image_1
#0 /home/interne1/public_html/ffcweb/app/Controllers/Product.php(342): CodeIgniter\Debug\Exceptions->errorHandler(8, 'Undefined index...', '/home/interne1/...', 342, Array)
#1 [internal function]: App\Controllers\Product->image_temp_routines(Object(stdClass))
#2 /home/interne1/public_html/ffcweb/app/Libraries/GroceryCrud.php(1049): call_user_func(Array, Object(stdClass))
#3 /home/interne1/public_html/ffcweb/app/Libraries/GroceryCrud.php(4570): App\Libraries\grocery_CRUD_Model_Driver->db_update(Object(stdClass))
#4 /home/interne1/public_html/ffcweb/app/Controllers/Product.php(142): App\Libraries\GroceryCrud->render()
#5 /home/interne1/public_html/ffcweb/system/CodeIgniter.php(936): App\Controllers\Product->packs('update', '1')
#6 /home/interne1/public_html/ffcweb/system/CodeIgniter.php(432): CodeIgniter\CodeIgniter->runController(Object(App\Controllers\Product))
#7 /home/interne1/public_html/ffcweb/system/CodeIgniter.php(333): CodeIgniter\CodeIgniter->handleRequest(NULL, Object(Config\Cache), false)
#8 /home/interne1/public_html/ffcweb/public/index.php(44): CodeIgniter\CodeIgniter->run()
#9 {main}
CRITICAL - 2021-04-25 22:30:15 --> syntax error, unexpected 'protected' (T_PROTECTED), expecting end of file
#0 /home/interne1/public_html/ffcweb/system/Autoloader/Autoloader.php(265): CodeIgniter\Autoloader\Autoloader->includeFile('/home/interne1/...')
#1 /home/interne1/public_html/ffcweb/system/Autoloader/Autoloader.php(228): CodeIgniter\Autoloader\Autoloader->loadInNamespace('App\\Libraries\\I...')
#2 [internal function]: CodeIgniter\Autoloader\Autoloader->loadClass('App\\Libraries\\I...')
#3 /home/interne1/public_html/ffcweb/app/Controllers/Product.php(166): spl_autoload_call('App\\Libraries\\I...')
#4 /home/interne1/public_html/ffcweb/system/CodeIgniter.php(936): App\Controllers\Product->cards('edit', '4')
#5 /home/interne1/public_html/ffcweb/system/CodeIgniter.php(432): CodeIgniter\CodeIgniter->runController(Object(App\Controllers\Product))
#6 /home/interne1/public_html/ffcweb/system/CodeIgniter.php(333): CodeIgniter\CodeIgniter->handleRequest(NULL, Object(Config\Cache), false)
#7 /home/interne1/public_html/ffcweb/public/index.php(44): CodeIgniter\CodeIgniter->run()
#8 {main}
CRITICAL - 2021-04-25 23:19:13 --> Argument 1 passed to App\Libraries\GroceryCrud::where() must be of the type string, array given, called in /home/interne1/public_html/ffcweb/app/Controllers/Product.php on line 195
#0 /home/interne1/public_html/ffcweb/app/Controllers/Product.php(195): App\Libraries\GroceryCrud->where(Array)
#1 /home/interne1/public_html/ffcweb/system/CodeIgniter.php(936): App\Controllers\Product->cards()
#2 /home/interne1/public_html/ffcweb/system/CodeIgniter.php(432): CodeIgniter\CodeIgniter->runController(Object(App\Controllers\Product))
#3 /home/interne1/public_html/ffcweb/system/CodeIgniter.php(333): CodeIgniter\CodeIgniter->handleRequest(NULL, Object(Config\Cache), false)
#4 /home/interne1/public_html/ffcweb/public/index.php(44): CodeIgniter\CodeIgniter->run()
#5 {main}
CRITICAL - 2021-04-25 23:19:46 --> Argument 1 passed to App\Libraries\GroceryCrud::where() must be of the type string, array given, called in /home/interne1/public_html/ffcweb/app/Controllers/Product.php on line 195
#0 /home/interne1/public_html/ffcweb/app/Controllers/Product.php(195): App\Libraries\GroceryCrud->where(Array)
#1 /home/interne1/public_html/ffcweb/system/CodeIgniter.php(936): App\Controllers\Product->cards()
#2 /home/interne1/public_html/ffcweb/system/CodeIgniter.php(432): CodeIgniter\CodeIgniter->runController(Object(App\Controllers\Product))
#3 /home/interne1/public_html/ffcweb/system/CodeIgniter.php(333): CodeIgniter\CodeIgniter->handleRequest(NULL, Object(Config\Cache), false)
#4 /home/interne1/public_html/ffcweb/public/index.php(44): CodeIgniter\CodeIgniter->run()
#5 {main}
CRITICAL - 2021-04-25 23:21:02 --> Argument 1 passed to App\Libraries\GroceryCrud::where() must be of the type string, array given, called in /home/interne1/public_html/ffcweb/app/Controllers/Product.php on line 195
#0 /home/interne1/public_html/ffcweb/app/Controllers/Product.php(195): App\Libraries\GroceryCrud->where(Array)
#1 /home/interne1/public_html/ffcweb/system/CodeIgniter.php(936): App\Controllers\Product->cards()
#2 /home/interne1/public_html/ffcweb/system/CodeIgniter.php(432): CodeIgniter\CodeIgniter->runController(Object(App\Controllers\Product))
#3 /home/interne1/public_html/ffcweb/system/CodeIgniter.php(333): CodeIgniter\CodeIgniter->handleRequest(NULL, Object(Config\Cache), false)
#4 /home/interne1/public_html/ffcweb/public/index.php(44): CodeIgniter\CodeIgniter->run()
#5 {main}
CRITICAL - 2021-04-25 23:21:06 --> Argument 1 passed to App\Libraries\GroceryCrud::where() must be of the type string, array given, called in /home/interne1/public_html/ffcweb/app/Controllers/Product.php on line 195
#0 /home/interne1/public_html/ffcweb/app/Controllers/Product.php(195): App\Libraries\GroceryCrud->where(Array)
#1 /home/interne1/public_html/ffcweb/system/CodeIgniter.php(936): App\Controllers\Product->cards()
#2 /home/interne1/public_html/ffcweb/system/CodeIgniter.php(432): CodeIgniter\CodeIgniter->runController(Object(App\Controllers\Product))
#3 /home/interne1/public_html/ffcweb/system/CodeIgniter.php(333): CodeIgniter\CodeIgniter->handleRequest(NULL, Object(Config\Cache), false)
#4 /home/interne1/public_html/ffcweb/public/index.php(44): CodeIgniter\CodeIgniter->run()
#5 {main}
CRITICAL - 2021-04-25 23:21:20 --> Argument 1 passed to App\Libraries\GroceryCrud::where() must be of the type string, array given, called in /home/interne1/public_html/ffcweb/app/Controllers/Product.php on line 195
#0 /home/interne1/public_html/ffcweb/app/Controllers/Product.php(195): App\Libraries\GroceryCrud->where(Array)
#1 /home/interne1/public_html/ffcweb/system/CodeIgniter.php(936): App\Controllers\Product->cards()
#2 /home/interne1/public_html/ffcweb/system/CodeIgniter.php(432): CodeIgniter\CodeIgniter->runController(Object(App\Controllers\Product))
#3 /home/interne1/public_html/ffcweb/system/CodeIgniter.php(333): CodeIgniter\CodeIgniter->handleRequest(NULL, Object(Config\Cache), false)
#4 /home/interne1/public_html/ffcweb/public/index.php(44): CodeIgniter\CodeIgniter->run()
#5 {main}
CRITICAL - 2021-04-25 23:21:39 --> Argument 1 passed to App\Libraries\GroceryCrud::where() must be of the type string, array given, called in /home/interne1/public_html/ffcweb/app/Controllers/Product.php on line 195
#0 /home/interne1/public_html/ffcweb/app/Controllers/Product.php(195): App\Libraries\GroceryCrud->where(Array)
#1 /home/interne1/public_html/ffcweb/system/CodeIgniter.php(936): App\Controllers\Product->cards()
#2 /home/interne1/public_html/ffcweb/system/CodeIgniter.php(432): CodeIgniter\CodeIgniter->runController(Object(App\Controllers\Product))
#3 /home/interne1/public_html/ffcweb/system/CodeIgniter.php(333): CodeIgniter\CodeIgniter->handleRequest(NULL, Object(Config\Cache), false)
#4 /home/interne1/public_html/ffcweb/public/index.php(44): CodeIgniter\CodeIgniter->run()
#5 {main}
CRITICAL - 2021-04-25 23:21:59 --> Argument 1 passed to App\Libraries\GroceryCrud::where() must be of the type string, array given, called in /home/interne1/public_html/ffcweb/app/Controllers/Product.php on line 195
#0 /home/interne1/public_html/ffcweb/app/Controllers/Product.php(195): App\Libraries\GroceryCrud->where(Array)
#1 /home/interne1/public_html/ffcweb/system/CodeIgniter.php(936): App\Controllers\Product->cards()
#2 /home/interne1/public_html/ffcweb/system/CodeIgniter.php(432): CodeIgniter\CodeIgniter->runController(Object(App\Controllers\Product))
#3 /home/interne1/public_html/ffcweb/system/CodeIgniter.php(333): CodeIgniter\CodeIgniter->handleRequest(NULL, Object(Config\Cache), false)
#4 /home/interne1/public_html/ffcweb/public/index.php(44): CodeIgniter\CodeIgniter->run()
#5 {main}
CRITICAL - 2021-04-25 23:22:12 --> Argument 1 passed to App\Libraries\GroceryCrud::where() must be of the type string, array given, called in /home/interne1/public_html/ffcweb/app/Controllers/Product.php on line 195
#0 /home/interne1/public_html/ffcweb/app/Controllers/Product.php(195): App\Libraries\GroceryCrud->where(Array)
#1 /home/interne1/public_html/ffcweb/system/CodeIgniter.php(936): App\Controllers\Product->cards()
#2 /home/interne1/public_html/ffcweb/system/CodeIgniter.php(432): CodeIgniter\CodeIgniter->runController(Object(App\Controllers\Product))
#3 /home/interne1/public_html/ffcweb/system/CodeIgniter.php(333): CodeIgniter\CodeIgniter->handleRequest(NULL, Object(Config\Cache), false)
#4 /home/interne1/public_html/ffcweb/public/index.php(44): CodeIgniter\CodeIgniter->run()
#5 {main}
CRITICAL - 2021-04-25 23:25:59 --> Argument 1 passed to App\Libraries\GroceryCrud::where() must be of the type string, array given, called in /home/interne1/public_html/ffcweb/app/Controllers/Product.php on line 194
#0 /home/interne1/public_html/ffcweb/app/Controllers/Product.php(194): App\Libraries\GroceryCrud->where(Array)
#1 /home/interne1/public_html/ffcweb/system/CodeIgniter.php(936): App\Controllers\Product->cards('edit', '5')
#2 /home/interne1/public_html/ffcweb/system/CodeIgniter.php(432): CodeIgniter\CodeIgniter->runController(Object(App\Controllers\Product))
#3 /home/interne1/public_html/ffcweb/system/CodeIgniter.php(333): CodeIgniter\CodeIgniter->handleRequest(NULL, Object(Config\Cache), false)
#4 /home/interne1/public_html/ffcweb/public/index.php(44): CodeIgniter\CodeIgniter->run()
#5 {main}
CRITICAL - 2021-04-25 23:26:06 --> Argument 1 passed to App\Libraries\GroceryCrud::where() must be of the type string, array given, called in /home/interne1/public_html/ffcweb/app/Controllers/Product.php on line 194
#0 /home/interne1/public_html/ffcweb/app/Controllers/Product.php(194): App\Libraries\GroceryCrud->where(Array)
#1 /home/interne1/public_html/ffcweb/system/CodeIgniter.php(936): App\Controllers\Product->cards('success', '4')
#2 /home/interne1/public_html/ffcweb/system/CodeIgniter.php(432): CodeIgniter\CodeIgniter->runController(Object(App\Controllers\Product))
#3 /home/interne1/public_html/ffcweb/system/CodeIgniter.php(333): CodeIgniter\CodeIgniter->handleRequest(NULL, Object(Config\Cache), false)
#4 /home/interne1/public_html/ffcweb/public/index.php(44): CodeIgniter\CodeIgniter->run()
#5 {main}
CRITICAL - 2021-04-25 23:26:08 --> Argument 1 passed to App\Libraries\GroceryCrud::where() must be of the type string, array given, called in /home/interne1/public_html/ffcweb/app/Controllers/Product.php on line 194
#0 /home/interne1/public_html/ffcweb/app/Controllers/Product.php(194): App\Libraries\GroceryCrud->where(Array)
#1 /home/interne1/public_html/ffcweb/system/CodeIgniter.php(936): App\Controllers\Product->cards('edit', '4')
#2 /home/interne1/public_html/ffcweb/system/CodeIgniter.php(432): CodeIgniter\CodeIgniter->runController(Object(App\Controllers\Product))
#3 /home/interne1/public_html/ffcweb/system/CodeIgniter.php(333): CodeIgniter\CodeIgniter->handleRequest(NULL, Object(Config\Cache), false)
#4 /home/interne1/public_html/ffcweb/public/index.php(44): CodeIgniter\CodeIgniter->run()
#5 {main}
CRITICAL - 2021-04-25 23:26:13 --> Argument 1 passed to App\Libraries\GroceryCrud::where() must be of the type string, array given, called in /home/interne1/public_html/ffcweb/app/Controllers/Product.php on line 194
#0 /home/interne1/public_html/ffcweb/app/Controllers/Product.php(194): App\Libraries\GroceryCrud->where(Array)
#1 /home/interne1/public_html/ffcweb/system/CodeIgniter.php(936): App\Controllers\Product->cards()
#2 /home/interne1/public_html/ffcweb/system/CodeIgniter.php(432): CodeIgniter\CodeIgniter->runController(Object(App\Controllers\Product))
#3 /home/interne1/public_html/ffcweb/system/CodeIgniter.php(333): CodeIgniter\CodeIgniter->handleRequest(NULL, Object(Config\Cache), false)
#4 /home/interne1/public_html/ffcweb/public/index.php(44): CodeIgniter\CodeIgniter->run()
#5 {main}
CRITICAL - 2021-04-25 23:26:39 --> Argument 1 passed to App\Libraries\GroceryCrud::where() must be of the type string, array given, called in /home/interne1/public_html/ffcweb/app/Controllers/Product.php on line 194
#0 /home/interne1/public_html/ffcweb/app/Controllers/Product.php(194): App\Libraries\GroceryCrud->where(Array)
#1 /home/interne1/public_html/ffcweb/system/CodeIgniter.php(936): App\Controllers\Product->cards()
#2 /home/interne1/public_html/ffcweb/system/CodeIgniter.php(432): CodeIgniter\CodeIgniter->runController(Object(App\Controllers\Product))
#3 /home/interne1/public_html/ffcweb/system/CodeIgniter.php(333): CodeIgniter\CodeIgniter->handleRequest(NULL, Object(Config\Cache), false)
#4 /home/interne1/public_html/ffcweb/public/index.php(44): CodeIgniter\CodeIgniter->run()
#5 {main}
CRITICAL - 2021-04-25 23:29:11 --> Argument 1 passed to App\Libraries\GroceryCrud::where() must be of the type string, array given, called in /home/interne1/public_html/ffcweb/app/Controllers/Product.php on line 194
#0 /home/interne1/public_html/ffcweb/app/Controllers/Product.php(194): App\Libraries\GroceryCrud->where(Array)
#1 /home/interne1/public_html/ffcweb/system/CodeIgniter.php(936): App\Controllers\Product->cards()
#2 /home/interne1/public_html/ffcweb/system/CodeIgniter.php(432): CodeIgniter\CodeIgniter->runController(Object(App\Controllers\Product))
#3 /home/interne1/public_html/ffcweb/system/CodeIgniter.php(333): CodeIgniter\CodeIgniter->handleRequest(NULL, Object(Config\Cache), false)
#4 /home/interne1/public_html/ffcweb/public/index.php(44): CodeIgniter\CodeIgniter->run()
#5 {main}
ERROR - 2021-04-25 23:29:43 --> mysqli_sql_exception: You have an error in your SQL syntax; check the manual that corresponds to your MariaDB server version for the right syntax to use near '' = '2'
 LIMIT 10' at line 4 in /home/interne1/public_html/ffcweb/system/Database/MySQLi/Connection.php:314
Stack trace:
#0 /home/interne1/public_html/ffcweb/system/Database/MySQLi/Connection.php(314): mysqli->query('SELECT `cards`....')
#1 /home/interne1/public_html/ffcweb/system/Database/BaseConnection.php(713): CodeIgniter\Database\MySQLi\Connection->execute('SELECT `cards`....')
#2 /home/interne1/public_html/ffcweb/system/Database/BaseConnection.php(641): CodeIgniter\Database\BaseConnection->simpleQuery('SELECT `cards`....')
#3 /home/interne1/public_html/ffcweb/system/Database/BaseBuilder.php(1866): CodeIgniter\Database\BaseConnection->query('SELECT `cards`....', Array, false)
#4 /home/interne1/public_html/ffcweb/app/Models/GroceryCrudModel.php(89): CodeIgniter\Database\BaseBuilder->get()
#5 /home/interne1/public_html/ffcweb/app/Libraries/GroceryCrud.php(1383): App\Models\GroceryCrudModel->get_list()
#6 /home/interne1/public_html/ffcweb/app/Libraries/GroceryCrud.php(1503): App\Libraries\grocery_CRUD_Model_Driver->get_list()
#7 /home/interne1/public_html/ffcweb/app/Libraries/GroceryCrud.php(4496): App\Libraries\grocery_CRUD_Layout->showList(false, Object(stdClass))
#8 /home/interne1/public_html/ffcweb/app/Controllers/Product.php(284): App\Libraries\GroceryCrud->render()
#9 /home/interne1/public_html/ffcweb/system/CodeIgniter.php(936): App\Controllers\Product->cards()
#10 /home/interne1/public_html/ffcweb/system/CodeIgniter.php(432): CodeIgniter\CodeIgniter->runController(Object(App\Controllers\Product))
#11 /home/interne1/public_html/ffcweb/system/CodeIgniter.php(333): CodeIgniter\CodeIgniter->handleRequest(NULL, Object(Config\Cache), false)
#12 /home/interne1/public_html/ffcweb/public/index.php(44): CodeIgniter\CodeIgniter->run()
#13 {main}
CRITICAL - 2021-04-25 23:29:43 --> You have an error in your SQL syntax; check the manual that corresponds to your MariaDB server version for the right syntax to use near '' = '2'
 LIMIT 10' at line 4
#0 /home/interne1/public_html/ffcweb/system/Database/MySQLi/Connection.php(314): mysqli->query('SELECT `cards`....')
#1 /home/interne1/public_html/ffcweb/system/Database/BaseConnection.php(713): CodeIgniter\Database\MySQLi\Connection->execute('SELECT `cards`....')
#2 /home/interne1/public_html/ffcweb/system/Database/BaseConnection.php(641): CodeIgniter\Database\BaseConnection->simpleQuery('SELECT `cards`....')
#3 /home/interne1/public_html/ffcweb/system/Database/BaseBuilder.php(1866): CodeIgniter\Database\BaseConnection->query('SELECT `cards`....', Array, false)
#4 /home/interne1/public_html/ffcweb/app/Models/GroceryCrudModel.php(89): CodeIgniter\Database\BaseBuilder->get()
#5 /home/interne1/public_html/ffcweb/app/Libraries/GroceryCrud.php(1383): App\Models\GroceryCrudModel->get_list()
#6 /home/interne1/public_html/ffcweb/app/Libraries/GroceryCrud.php(1503): App\Libraries\grocery_CRUD_Model_Driver->get_list()
#7 /home/interne1/public_html/ffcweb/app/Libraries/GroceryCrud.php(4496): App\Libraries\grocery_CRUD_Layout->showList(false, Object(stdClass))
#8 /home/interne1/public_html/ffcweb/app/Controllers/Product.php(284): App\Libraries\GroceryCrud->render()
#9 /home/interne1/public_html/ffcweb/system/CodeIgniter.php(936): App\Controllers\Product->cards()
#10 /home/interne1/public_html/ffcweb/system/CodeIgniter.php(432): CodeIgniter\CodeIgniter->runController(Object(App\Controllers\Product))
#11 /home/interne1/public_html/ffcweb/system/CodeIgniter.php(333): CodeIgniter\CodeIgniter->handleRequest(NULL, Object(Config\Cache), false)
#12 /home/interne1/public_html/ffcweb/public/index.php(44): CodeIgniter\CodeIgniter->run()
#13 {main}
CRITICAL - 2021-04-25 23:51:38 --> syntax error, unexpected ';', expecting ')'
#0 /home/interne1/public_html/ffcweb/system/Router/Router.php(170): CodeIgniter\Router\Router->autoRoute('product/cards')
#1 /home/interne1/public_html/ffcweb/system/CodeIgniter.php(816): CodeIgniter\Router\Router->handle('product/cards')
#2 /home/interne1/public_html/ffcweb/system/CodeIgniter.php(385): CodeIgniter\CodeIgniter->tryToRouteIt(Object(CodeIgniter\Router\RouteCollection))
#3 /home/interne1/public_html/ffcweb/system/CodeIgniter.php(333): CodeIgniter\CodeIgniter->handleRequest(NULL, Object(Config\Cache), false)
#4 /home/interne1/public_html/ffcweb/public/index.php(44): CodeIgniter\CodeIgniter->run()
#5 {main}
CRITICAL - 2021-04-25 23:55:52 --> Undefined index: pack
#0 /home/interne1/public_html/ffcweb/app/Controllers/Product.php(190): CodeIgniter\Debug\Exceptions->errorHandler(8, 'Undefined index...', '/home/interne1/...', 190, Array)
#1 /home/interne1/public_html/ffcweb/system/CodeIgniter.php(936): App\Controllers\Product->cards()
#2 /home/interne1/public_html/ffcweb/system/CodeIgniter.php(432): CodeIgniter\CodeIgniter->runController(Object(App\Controllers\Product))
#3 /home/interne1/public_html/ffcweb/system/CodeIgniter.php(333): CodeIgniter\CodeIgniter->handleRequest(NULL, Object(Config\Cache), false)
#4 /home/interne1/public_html/ffcweb/public/index.php(44): CodeIgniter\CodeIgniter->run()
#5 {main}
CRITICAL - 2021-04-25 23:56:45 --> Undefined index: pack
#0 /home/interne1/public_html/ffcweb/app/Controllers/Product.php(190): CodeIgniter\Debug\Exceptions->errorHandler(8, 'Undefined index...', '/home/interne1/...', 190, Array)
#1 /home/interne1/public_html/ffcweb/system/CodeIgniter.php(936): App\Controllers\Product->cards()
#2 /home/interne1/public_html/ffcweb/system/CodeIgniter.php(432): CodeIgniter\CodeIgniter->runController(Object(App\Controllers\Product))
#3 /home/interne1/public_html/ffcweb/system/CodeIgniter.php(333): CodeIgniter\CodeIgniter->handleRequest(NULL, Object(Config\Cache), false)
#4 /home/interne1/public_html/ffcweb/public/index.php(44): CodeIgniter\CodeIgniter->run()
#5 {main}
CRITICAL - 2021-04-25 23:57:42 --> Undefined index: pack
#0 /home/interne1/public_html/ffcweb/app/Controllers/Product.php(190): CodeIgniter\Debug\Exceptions->errorHandler(8, 'Undefined index...', '/home/interne1/...', 190, Array)
#1 /home/interne1/public_html/ffcweb/system/CodeIgniter.php(936): App\Controllers\Product->cards()
#2 /home/interne1/public_html/ffcweb/system/CodeIgniter.php(432): CodeIgniter\CodeIgniter->runController(Object(App\Controllers\Product))
#3 /home/interne1/public_html/ffcweb/system/CodeIgniter.php(333): CodeIgniter\CodeIgniter->handleRequest(NULL, Object(Config\Cache), false)
#4 /home/interne1/public_html/ffcweb/public/index.php(44): CodeIgniter\CodeIgniter->run()
#5 {main}
CRITICAL - 2021-04-25 23:59:38 --> Undefined index: pack
#0 /home/interne1/public_html/ffcweb/app/Controllers/Product.php(190): CodeIgniter\Debug\Exceptions->errorHandler(8, 'Undefined index...', '/home/interne1/...', 190, Array)
#1 /home/interne1/public_html/ffcweb/system/CodeIgniter.php(936): App\Controllers\Product->cards('ajax_list')
#2 /home/interne1/public_html/ffcweb/system/CodeIgniter.php(432): CodeIgniter\CodeIgniter->runController(Object(App\Controllers\Product))
#3 /home/interne1/public_html/ffcweb/system/CodeIgniter.php(333): CodeIgniter\CodeIgniter->handleRequest(NULL, Object(Config\Cache), false)
#4 /home/interne1/public_html/ffcweb/public/index.php(44): CodeIgniter\CodeIgniter->run()
#5 {main}
CRITICAL - 2021-04-25 23:59:44 --> Undefined index: pack
#0 /home/interne1/public_html/ffcweb/app/Controllers/Product.php(190): CodeIgniter\Debug\Exceptions->errorHandler(8, 'Undefined index...', '/home/interne1/...', 190, Array)
#1 /home/interne1/public_html/ffcweb/system/CodeIgniter.php(936): App\Controllers\Product->cards('ajax_list')
#2 /home/interne1/public_html/ffcweb/system/CodeIgniter.php(432): CodeIgniter\CodeIgniter->runController(Object(App\Controllers\Product))
#3 /home/interne1/public_html/ffcweb/system/CodeIgniter.php(333): CodeIgniter\CodeIgniter->handleRequest(NULL, Object(Config\Cache), false)
#4 /home/interne1/public_html/ffcweb/public/index.php(44): CodeIgniter\CodeIgniter->run()
#5 {main}
CRITICAL - 2021-04-25 23:59:50 --> Undefined index: pack
#0 /home/interne1/public_html/ffcweb/app/Controllers/Product.php(190): CodeIgniter\Debug\Exceptions->errorHandler(8, 'Undefined index...', '/home/interne1/...', 190, Array)
#1 /home/interne1/public_html/ffcweb/system/CodeIgniter.php(936): App\Controllers\Product->cards('ajax_list')
#2 /home/interne1/public_html/ffcweb/system/CodeIgniter.php(432): CodeIgniter\CodeIgniter->runController(Object(App\Controllers\Product))
#3 /home/interne1/public_html/ffcweb/system/CodeIgniter.php(333): CodeIgniter\CodeIgniter->handleRequest(NULL, Object(Config\Cache), false)
#4 /home/interne1/public_html/ffcweb/public/index.php(44): CodeIgniter\CodeIgniter->run()
#5 {main}
CRITICAL - 2021-04-25 23:59:54 --> Undefined index: pack
#0 /home/interne1/public_html/ffcweb/app/Controllers/Product.php(190): CodeIgniter\Debug\Exceptions->errorHandler(8, 'Undefined index...', '/home/interne1/...', 190, Array)
#1 /home/interne1/public_html/ffcweb/system/CodeIgniter.php(936): App\Controllers\Product->cards('ajax_list')
#2 /home/interne1/public_html/ffcweb/system/CodeIgniter.php(432): CodeIgniter\CodeIgniter->runController(Object(App\Controllers\Product))
#3 /home/interne1/public_html/ffcweb/system/CodeIgniter.php(333): CodeIgniter\CodeIgniter->handleRequest(NULL, Object(Config\Cache), false)
#4 /home/interne1/public_html/ffcweb/public/index.php(44): CodeIgniter\CodeIgniter->run()
#5 {main}
