CRITICAL - 2021-04-15 00:54:56 --> Undefined variable: css_files
#0 /home/interne1/public_html/mymisdiagnosis/app/Views/product_view.php(7): CodeIgniter\Debug\Exceptions->errorHandler(8, 'Undefined varia...', '/home/interne1/...', 7, Array)
#1 /home/interne1/public_html/mymisdiagnosis/system/View/View.php(220): include('/home/interne1/...')
#2 /home/interne1/public_html/mymisdiagnosis/system/View/View.php(222): CodeIgniter\View\View->CodeIgniter\View\{closure}()
#3 /home/interne1/public_html/mymisdiagnosis/system/Common.php(1217): CodeIgniter\View\View->render('product_view', Array, true)
#4 /home/interne1/public_html/mymisdiagnosis/app/Controllers/Home.php(9): view('product_view')
#5 /home/interne1/public_html/mymisdiagnosis/system/CodeIgniter.php(936): App\Controllers\Home->index()
#6 /home/interne1/public_html/mymisdiagnosis/system/CodeIgniter.php(432): CodeIgniter\CodeIgniter->runController(Object(App\Controllers\Home))
#7 /home/interne1/public_html/mymisdiagnosis/system/CodeIgniter.php(333): CodeIgniter\CodeIgniter->handleRequest(NULL, Object(Config\Cache), false)
#8 /home/interne1/public_html/mymisdiagnosis/public/index.php(44): CodeIgniter\CodeIgniter->run()
#9 {main}
CRITICAL - 2021-04-15 01:02:25 --> syntax error, unexpected 'if' (T_IF), expecting function (T_FUNCTION) or const (T_CONST)
#0 /home/interne1/public_html/mymisdiagnosis/system/Router/Router.php(170): CodeIgniter\Router\Router->autoRoute('product/screeni...')
#1 /home/interne1/public_html/mymisdiagnosis/system/CodeIgniter.php(816): CodeIgniter\Router\Router->handle('product/screeni...')
#2 /home/interne1/public_html/mymisdiagnosis/system/CodeIgniter.php(385): CodeIgniter\CodeIgniter->tryToRouteIt(Object(CodeIgniter\Router\RouteCollection))
#3 /home/interne1/public_html/mymisdiagnosis/system/CodeIgniter.php(333): CodeIgniter\CodeIgniter->handleRequest(NULL, Object(Config\Cache), false)
#4 /home/interne1/public_html/mymisdiagnosis/public/index.php(44): CodeIgniter\CodeIgniter->run()
#5 {main}
CRITICAL - 2021-04-15 01:03:26 --> Undefined variable: css_files
#0 /home/interne1/public_html/mymisdiagnosis/app/Views/product_view.php(7): CodeIgniter\Debug\Exceptions->errorHandler(8, 'Undefined varia...', '/home/interne1/...', 7, Array)
#1 /home/interne1/public_html/mymisdiagnosis/system/View/View.php(220): include('/home/interne1/...')
#2 /home/interne1/public_html/mymisdiagnosis/system/View/View.php(222): CodeIgniter\View\View->CodeIgniter\View\{closure}()
#3 /home/interne1/public_html/mymisdiagnosis/system/Common.php(1217): CodeIgniter\View\View->render('product_view', Array, true)
#4 /home/interne1/public_html/mymisdiagnosis/app/Controllers/Home.php(9): view('product_view')
#5 /home/interne1/public_html/mymisdiagnosis/system/CodeIgniter.php(936): App\Controllers\Home->index()
#6 /home/interne1/public_html/mymisdiagnosis/system/CodeIgniter.php(432): CodeIgniter\CodeIgniter->runController(Object(App\Controllers\Home))
#7 /home/interne1/public_html/mymisdiagnosis/system/CodeIgniter.php(333): CodeIgniter\CodeIgniter->handleRequest(NULL, Object(Config\Cache), false)
#8 /home/interne1/public_html/mymisdiagnosis/public/index.php(44): CodeIgniter\CodeIgniter->run()
#9 {main}
CRITICAL - 2021-04-15 01:16:31 --> Undefined variable: css_files
#0 /home/interne1/public_html/mymisdiagnosis/app/Views/product_view.php(7): CodeIgniter\Debug\Exceptions->errorHandler(8, 'Undefined varia...', '/home/interne1/...', 7, Array)
#1 /home/interne1/public_html/mymisdiagnosis/system/View/View.php(220): include('/home/interne1/...')
#2 /home/interne1/public_html/mymisdiagnosis/system/View/View.php(222): CodeIgniter\View\View->CodeIgniter\View\{closure}()
#3 /home/interne1/public_html/mymisdiagnosis/system/Common.php(1217): CodeIgniter\View\View->render('product_view', Array, true)
#4 /home/interne1/public_html/mymisdiagnosis/app/Controllers/Home.php(9): view('product_view')
#5 /home/interne1/public_html/mymisdiagnosis/system/CodeIgniter.php(936): App\Controllers\Home->index()
#6 /home/interne1/public_html/mymisdiagnosis/system/CodeIgniter.php(432): CodeIgniter\CodeIgniter->runController(Object(App\Controllers\Home))
#7 /home/interne1/public_html/mymisdiagnosis/system/CodeIgniter.php(333): CodeIgniter\CodeIgniter->handleRequest(NULL, Object(Config\Cache), false)
#8 /home/interne1/public_html/mymisdiagnosis/public/index.php(44): CodeIgniter\CodeIgniter->run()
#9 {main}
CRITICAL - 2021-04-15 01:23:45 --> Undefined variable: css_files
#0 /home/interne1/public_html/mymisdiagnosis/app/Views/product_view.php(7): CodeIgniter\Debug\Exceptions->errorHandler(8, 'Undefined varia...', '/home/interne1/...', 7, Array)
#1 /home/interne1/public_html/mymisdiagnosis/system/View/View.php(220): include('/home/interne1/...')
#2 /home/interne1/public_html/mymisdiagnosis/system/View/View.php(222): CodeIgniter\View\View->CodeIgniter\View\{closure}()
#3 /home/interne1/public_html/mymisdiagnosis/system/Common.php(1217): CodeIgniter\View\View->render('product_view', Array, true)
#4 /home/interne1/public_html/mymisdiagnosis/app/Controllers/Home.php(9): view('product_view')
#5 /home/interne1/public_html/mymisdiagnosis/system/CodeIgniter.php(936): App\Controllers\Home->index()
#6 /home/interne1/public_html/mymisdiagnosis/system/CodeIgniter.php(432): CodeIgniter\CodeIgniter->runController(Object(App\Controllers\Home))
#7 /home/interne1/public_html/mymisdiagnosis/system/CodeIgniter.php(333): CodeIgniter\CodeIgniter->handleRequest(NULL, Object(Config\Cache), false)
#8 /home/interne1/public_html/mymisdiagnosis/public/index.php(44): CodeIgniter\CodeIgniter->run()
#9 {main}
CRITICAL - 2021-04-15 01:55:02 --> You must be an administrator to view this page.
#0 /home/interne1/public_html/mymisdiagnosis/system/CodeIgniter.php(936): App\Controllers\Product->index()
#1 /home/interne1/public_html/mymisdiagnosis/system/CodeIgniter.php(432): CodeIgniter\CodeIgniter->runController(Object(App\Controllers\Product))
#2 /home/interne1/public_html/mymisdiagnosis/system/CodeIgniter.php(333): CodeIgniter\CodeIgniter->handleRequest(NULL, Object(Config\Cache), false)
#3 /home/interne1/public_html/mymisdiagnosis/public/index.php(44): CodeIgniter\CodeIgniter->run()
#4 {main}
CRITICAL - 2021-04-15 01:55:27 --> You must be an administrator to view this page.
#0 /home/interne1/public_html/mymisdiagnosis/system/CodeIgniter.php(936): IonAuth\Controllers\Auth->index()
#1 /home/interne1/public_html/mymisdiagnosis/system/CodeIgniter.php(432): CodeIgniter\CodeIgniter->runController(Object(App\Controllers\Auth))
#2 /home/interne1/public_html/mymisdiagnosis/system/CodeIgniter.php(333): CodeIgniter\CodeIgniter->handleRequest(NULL, Object(Config\Cache), false)
#3 /home/interne1/public_html/mymisdiagnosis/public/index.php(44): CodeIgniter\CodeIgniter->run()
#4 {main}
CRITICAL - 2021-04-15 04:26:05 --> You must be an administrator to view this page.
#0 /home/interne1/public_html/mymisdiagnosis/system/CodeIgniter.php(936): App\Controllers\Product->index()
#1 /home/interne1/public_html/mymisdiagnosis/system/CodeIgniter.php(432): CodeIgniter\CodeIgniter->runController(Object(App\Controllers\Product))
#2 /home/interne1/public_html/mymisdiagnosis/system/CodeIgniter.php(333): CodeIgniter\CodeIgniter->handleRequest(NULL, Object(Config\Cache), false)
#3 /home/interne1/public_html/mymisdiagnosis/public/index.php(44): CodeIgniter\CodeIgniter->run()
#4 {main}
CRITICAL - 2021-04-15 04:26:12 --> You must be an administrator to view this page.
#0 /home/interne1/public_html/mymisdiagnosis/system/CodeIgniter.php(936): App\Controllers\Product->index()
#1 /home/interne1/public_html/mymisdiagnosis/system/CodeIgniter.php(432): CodeIgniter\CodeIgniter->runController(Object(App\Controllers\Product))
#2 /home/interne1/public_html/mymisdiagnosis/system/CodeIgniter.php(333): CodeIgniter\CodeIgniter->handleRequest(NULL, Object(Config\Cache), false)
#3 /home/interne1/public_html/mymisdiagnosis/public/index.php(44): CodeIgniter\CodeIgniter->run()
#4 {main}
CRITICAL - 2021-04-15 04:26:56 --> You must be an administrator to view this page.
#0 /home/interne1/public_html/mymisdiagnosis/system/CodeIgniter.php(936): App\Controllers\Product->index()
#1 /home/interne1/public_html/mymisdiagnosis/system/CodeIgniter.php(432): CodeIgniter\CodeIgniter->runController(Object(App\Controllers\Product))
#2 /home/interne1/public_html/mymisdiagnosis/system/CodeIgniter.php(333): CodeIgniter\CodeIgniter->handleRequest(NULL, Object(Config\Cache), false)
#3 /home/interne1/public_html/mymisdiagnosis/public/index.php(44): CodeIgniter\CodeIgniter->run()
#4 {main}
CRITICAL - 2021-04-15 04:28:47 --> Undefined property: App\Controllers\Product::$ionAuth
#0 /home/interne1/public_html/mymisdiagnosis/app/Controllers/Product.php(27): CodeIgniter\Debug\Exceptions->errorHandler(8, 'Undefined prope...', '/home/interne1/...', 27, Array)
#1 /home/interne1/public_html/mymisdiagnosis/system/CodeIgniter.php(936): App\Controllers\Product->index()
#2 /home/interne1/public_html/mymisdiagnosis/system/CodeIgniter.php(432): CodeIgniter\CodeIgniter->runController(Object(App\Controllers\Product))
#3 /home/interne1/public_html/mymisdiagnosis/system/CodeIgniter.php(333): CodeIgniter\CodeIgniter->handleRequest(NULL, Object(Config\Cache), false)
#4 /home/interne1/public_html/mymisdiagnosis/public/index.php(44): CodeIgniter\CodeIgniter->run()
#5 {main}
CRITICAL - 2021-04-15 04:28:50 --> Undefined property: App\Controllers\Product::$ionAuth
#0 /home/interne1/public_html/mymisdiagnosis/app/Controllers/Product.php(27): CodeIgniter\Debug\Exceptions->errorHandler(8, 'Undefined prope...', '/home/interne1/...', 27, Array)
#1 /home/interne1/public_html/mymisdiagnosis/system/CodeIgniter.php(936): App\Controllers\Product->index()
#2 /home/interne1/public_html/mymisdiagnosis/system/CodeIgniter.php(432): CodeIgniter\CodeIgniter->runController(Object(App\Controllers\Product))
#3 /home/interne1/public_html/mymisdiagnosis/system/CodeIgniter.php(333): CodeIgniter\CodeIgniter->handleRequest(NULL, Object(Config\Cache), false)
#4 /home/interne1/public_html/mymisdiagnosis/public/index.php(44): CodeIgniter\CodeIgniter->run()
#5 {main}
CRITICAL - 2021-04-15 04:28:55 --> Undefined property: App\Controllers\Product::$ionAuth
#0 /home/interne1/public_html/mymisdiagnosis/app/Controllers/Product.php(27): CodeIgniter\Debug\Exceptions->errorHandler(8, 'Undefined prope...', '/home/interne1/...', 27, Array)
#1 /home/interne1/public_html/mymisdiagnosis/system/CodeIgniter.php(936): App\Controllers\Product->index()
#2 /home/interne1/public_html/mymisdiagnosis/system/CodeIgniter.php(432): CodeIgniter\CodeIgniter->runController(Object(App\Controllers\Product))
#3 /home/interne1/public_html/mymisdiagnosis/system/CodeIgniter.php(333): CodeIgniter\CodeIgniter->handleRequest(NULL, Object(Config\Cache), false)
#4 /home/interne1/public_html/mymisdiagnosis/public/index.php(44): CodeIgniter\CodeIgniter->run()
#5 {main}
CRITICAL - 2021-04-15 04:29:20 --> Undefined property: App\Controllers\Product::$ionAuth
#0 /home/interne1/public_html/mymisdiagnosis/app/Controllers/Product.php(27): CodeIgniter\Debug\Exceptions->errorHandler(8, 'Undefined prope...', '/home/interne1/...', 27, Array)
#1 /home/interne1/public_html/mymisdiagnosis/system/CodeIgniter.php(936): App\Controllers\Product->index()
#2 /home/interne1/public_html/mymisdiagnosis/system/CodeIgniter.php(432): CodeIgniter\CodeIgniter->runController(Object(App\Controllers\Product))
#3 /home/interne1/public_html/mymisdiagnosis/system/CodeIgniter.php(333): CodeIgniter\CodeIgniter->handleRequest(NULL, Object(Config\Cache), false)
#4 /home/interne1/public_html/mymisdiagnosis/public/index.php(44): CodeIgniter\CodeIgniter->run()
#5 {main}
CRITICAL - 2021-04-15 04:29:47 --> Undefined property: App\Controllers\Product::$ionAuth
#0 /home/interne1/public_html/mymisdiagnosis/app/Controllers/Product.php(27): CodeIgniter\Debug\Exceptions->errorHandler(8, 'Undefined prope...', '/home/interne1/...', 27, Array)
#1 /home/interne1/public_html/mymisdiagnosis/system/CodeIgniter.php(936): App\Controllers\Product->index()
#2 /home/interne1/public_html/mymisdiagnosis/system/CodeIgniter.php(432): CodeIgniter\CodeIgniter->runController(Object(App\Controllers\Product))
#3 /home/interne1/public_html/mymisdiagnosis/system/CodeIgniter.php(333): CodeIgniter\CodeIgniter->handleRequest(NULL, Object(Config\Cache), false)
#4 /home/interne1/public_html/mymisdiagnosis/public/index.php(44): CodeIgniter\CodeIgniter->run()
#5 {main}
CRITICAL - 2021-04-15 04:30:12 --> Undefined property: App\Controllers\Product::$ionAuth
#0 /home/interne1/public_html/mymisdiagnosis/app/Controllers/Product.php(27): CodeIgniter\Debug\Exceptions->errorHandler(8, 'Undefined prope...', '/home/interne1/...', 27, Array)
#1 /home/interne1/public_html/mymisdiagnosis/system/CodeIgniter.php(936): App\Controllers\Product->index()
#2 /home/interne1/public_html/mymisdiagnosis/system/CodeIgniter.php(432): CodeIgniter\CodeIgniter->runController(Object(App\Controllers\Product))
#3 /home/interne1/public_html/mymisdiagnosis/system/CodeIgniter.php(333): CodeIgniter\CodeIgniter->handleRequest(NULL, Object(Config\Cache), false)
#4 /home/interne1/public_html/mymisdiagnosis/public/index.php(44): CodeIgniter\CodeIgniter->run()
#5 {main}
CRITICAL - 2021-04-15 04:30:14 --> Undefined property: App\Controllers\Product::$ionAuth
#0 /home/interne1/public_html/mymisdiagnosis/app/Controllers/Product.php(27): CodeIgniter\Debug\Exceptions->errorHandler(8, 'Undefined prope...', '/home/interne1/...', 27, Array)
#1 /home/interne1/public_html/mymisdiagnosis/system/CodeIgniter.php(936): App\Controllers\Product->index()
#2 /home/interne1/public_html/mymisdiagnosis/system/CodeIgniter.php(432): CodeIgniter\CodeIgniter->runController(Object(App\Controllers\Product))
#3 /home/interne1/public_html/mymisdiagnosis/system/CodeIgniter.php(333): CodeIgniter\CodeIgniter->handleRequest(NULL, Object(Config\Cache), false)
#4 /home/interne1/public_html/mymisdiagnosis/public/index.php(44): CodeIgniter\CodeIgniter->run()
#5 {main}
CRITICAL - 2021-04-15 04:31:54 --> You must be an administrator to view this page.
#0 /home/interne1/public_html/mymisdiagnosis/system/CodeIgniter.php(936): App\Controllers\Product->index()
#1 /home/interne1/public_html/mymisdiagnosis/system/CodeIgniter.php(432): CodeIgniter\CodeIgniter->runController(Object(App\Controllers\Product))
#2 /home/interne1/public_html/mymisdiagnosis/system/CodeIgniter.php(333): CodeIgniter\CodeIgniter->handleRequest(NULL, Object(Config\Cache), false)
#3 /home/interne1/public_html/mymisdiagnosis/public/index.php(44): CodeIgniter\CodeIgniter->run()
#4 {main}
CRITICAL - 2021-04-15 04:33:12 --> Use of undefined constant bootbox - assumed 'bootbox' (this will throw an Error in a future version of PHP)
#0 /home/interne1/public_html/mymisdiagnosis/app/Controllers/Product.php(50): CodeIgniter\Debug\Exceptions->errorHandler(2, 'Use of undefine...', '/home/interne1/...', 50, Array)
#1 /home/interne1/public_html/mymisdiagnosis/system/CodeIgniter.php(936): App\Controllers\Product->index()
#2 /home/interne1/public_html/mymisdiagnosis/system/CodeIgniter.php(432): CodeIgniter\CodeIgniter->runController(Object(App\Controllers\Product))
#3 /home/interne1/public_html/mymisdiagnosis/system/CodeIgniter.php(333): CodeIgniter\CodeIgniter->handleRequest(NULL, Object(Config\Cache), false)
#4 /home/interne1/public_html/mymisdiagnosis/public/index.php(44): CodeIgniter\CodeIgniter->run()
#5 {main}
CRITICAL - 2021-04-15 04:33:53 --> syntax error, unexpected 'You' (T_STRING), expecting ',' or ';'
#0 /home/interne1/public_html/mymisdiagnosis/system/Router/Router.php(170): CodeIgniter\Router\Router->autoRoute('product')
#1 /home/interne1/public_html/mymisdiagnosis/system/CodeIgniter.php(816): CodeIgniter\Router\Router->handle('product')
#2 /home/interne1/public_html/mymisdiagnosis/system/CodeIgniter.php(385): CodeIgniter\CodeIgniter->tryToRouteIt(Object(CodeIgniter\Router\RouteCollection))
#3 /home/interne1/public_html/mymisdiagnosis/system/CodeIgniter.php(333): CodeIgniter\CodeIgniter->handleRequest(NULL, Object(Config\Cache), false)
#4 /home/interne1/public_html/mymisdiagnosis/public/index.php(44): CodeIgniter\CodeIgniter->run()
#5 {main}
CRITICAL - 2021-04-15 04:37:32 --> syntax error, unexpected 'test' (T_STRING), expecting ',' or ';'
#0 /home/interne1/public_html/mymisdiagnosis/system/Router/Router.php(170): CodeIgniter\Router\Router->autoRoute('product')
#1 /home/interne1/public_html/mymisdiagnosis/system/CodeIgniter.php(816): CodeIgniter\Router\Router->handle('product')
#2 /home/interne1/public_html/mymisdiagnosis/system/CodeIgniter.php(385): CodeIgniter\CodeIgniter->tryToRouteIt(Object(CodeIgniter\Router\RouteCollection))
#3 /home/interne1/public_html/mymisdiagnosis/system/CodeIgniter.php(333): CodeIgniter\CodeIgniter->handleRequest(NULL, Object(Config\Cache), false)
#4 /home/interne1/public_html/mymisdiagnosis/public/index.php(44): CodeIgniter\CodeIgniter->run()
#5 {main}
CRITICAL - 2021-04-15 04:41:15 --> syntax error, unexpected 'test' (T_STRING), expecting ',' or ';'
#0 /home/interne1/public_html/mymisdiagnosis/system/Router/Router.php(170): CodeIgniter\Router\Router->autoRoute('product')
#1 /home/interne1/public_html/mymisdiagnosis/system/CodeIgniter.php(816): CodeIgniter\Router\Router->handle('product')
#2 /home/interne1/public_html/mymisdiagnosis/system/CodeIgniter.php(385): CodeIgniter\CodeIgniter->tryToRouteIt(Object(CodeIgniter\Router\RouteCollection))
#3 /home/interne1/public_html/mymisdiagnosis/system/CodeIgniter.php(333): CodeIgniter\CodeIgniter->handleRequest(NULL, Object(Config\Cache), false)
#4 /home/interne1/public_html/mymisdiagnosis/public/index.php(44): CodeIgniter\CodeIgniter->run()
#5 {main}
CRITICAL - 2021-04-15 04:42:00 --> 'break' not in the 'loop' or 'switch' context
#0 [internal function]: CodeIgniter\Debug\Exceptions->shutdownHandler()
#1 {main}
CRITICAL - 2021-04-15 04:43:06 --> 'break' not in the 'loop' or 'switch' context
#0 [internal function]: CodeIgniter\Debug\Exceptions->shutdownHandler()
#1 {main}
CRITICAL - 2021-04-15 04:46:50 --> syntax error, unexpected 'test' (T_STRING)
#0 /home/interne1/public_html/mymisdiagnosis/system/Router/Router.php(170): CodeIgniter\Router\Router->autoRoute('product')
#1 /home/interne1/public_html/mymisdiagnosis/system/CodeIgniter.php(816): CodeIgniter\Router\Router->handle('product')
#2 /home/interne1/public_html/mymisdiagnosis/system/CodeIgniter.php(385): CodeIgniter\CodeIgniter->tryToRouteIt(Object(CodeIgniter\Router\RouteCollection))
#3 /home/interne1/public_html/mymisdiagnosis/system/CodeIgniter.php(333): CodeIgniter\CodeIgniter->handleRequest(NULL, Object(Config\Cache), false)
#4 /home/interne1/public_html/mymisdiagnosis/public/index.php(44): CodeIgniter\CodeIgniter->run()
#5 {main}
CRITICAL - 2021-04-15 04:46:57 --> syntax error, unexpected 'test' (T_STRING)
#0 /home/interne1/public_html/mymisdiagnosis/system/Router/Router.php(170): CodeIgniter\Router\Router->autoRoute('product')
#1 /home/interne1/public_html/mymisdiagnosis/system/CodeIgniter.php(816): CodeIgniter\Router\Router->handle('product')
#2 /home/interne1/public_html/mymisdiagnosis/system/CodeIgniter.php(385): CodeIgniter\CodeIgniter->tryToRouteIt(Object(CodeIgniter\Router\RouteCollection))
#3 /home/interne1/public_html/mymisdiagnosis/system/CodeIgniter.php(333): CodeIgniter\CodeIgniter->handleRequest(NULL, Object(Config\Cache), false)
#4 /home/interne1/public_html/mymisdiagnosis/public/index.php(44): CodeIgniter\CodeIgniter->run()
#5 {main}
CRITICAL - 2021-04-15 04:52:48 --> syntax error, unexpected 'else' (T_ELSE)
#0 /home/interne1/public_html/mymisdiagnosis/system/Router/Router.php(170): CodeIgniter\Router\Router->autoRoute('product/screeni...')
#1 /home/interne1/public_html/mymisdiagnosis/system/CodeIgniter.php(816): CodeIgniter\Router\Router->handle('product/screeni...')
#2 /home/interne1/public_html/mymisdiagnosis/system/CodeIgniter.php(385): CodeIgniter\CodeIgniter->tryToRouteIt(Object(CodeIgniter\Router\RouteCollection))
#3 /home/interne1/public_html/mymisdiagnosis/system/CodeIgniter.php(333): CodeIgniter\CodeIgniter->handleRequest(NULL, Object(Config\Cache), false)
#4 /home/interne1/public_html/mymisdiagnosis/public/index.php(44): CodeIgniter\CodeIgniter->run()
#5 {main}
CRITICAL - 2021-04-15 19:14:01 --> Undefined property: App\Controllers\Product::$ion_auth
#0 /home/interne1/public_html/mymisdiagnosis/app/Controllers/Product.php(91): CodeIgniter\Debug\Exceptions->errorHandler(8, 'Undefined prope...', '/home/interne1/...', 91, Array)
#1 /home/interne1/public_html/mymisdiagnosis/system/CodeIgniter.php(936): App\Controllers\Product->packs('add')
#2 /home/interne1/public_html/mymisdiagnosis/system/CodeIgniter.php(432): CodeIgniter\CodeIgniter->runController(Object(App\Controllers\Product))
#3 /home/interne1/public_html/mymisdiagnosis/system/CodeIgniter.php(333): CodeIgniter\CodeIgniter->handleRequest(NULL, Object(Config\Cache), false)
#4 /home/interne1/public_html/mymisdiagnosis/public/index.php(44): CodeIgniter\CodeIgniter->run()
#5 {main}
CRITICAL - 2021-04-15 19:14:40 --> Undefined property: App\Controllers\Product::$ion_auth
#0 /home/interne1/public_html/mymisdiagnosis/app/Controllers/Product.php(91): CodeIgniter\Debug\Exceptions->errorHandler(8, 'Undefined prope...', '/home/interne1/...', 91, Array)
#1 /home/interne1/public_html/mymisdiagnosis/system/CodeIgniter.php(936): App\Controllers\Product->packs('add')
#2 /home/interne1/public_html/mymisdiagnosis/system/CodeIgniter.php(432): CodeIgniter\CodeIgniter->runController(Object(App\Controllers\Product))
#3 /home/interne1/public_html/mymisdiagnosis/system/CodeIgniter.php(333): CodeIgniter\CodeIgniter->handleRequest(NULL, Object(Config\Cache), false)
#4 /home/interne1/public_html/mymisdiagnosis/public/index.php(44): CodeIgniter\CodeIgniter->run()
#5 {main}
CRITICAL - 2021-04-15 19:23:01 --> syntax error, unexpected 'public' (T_PUBLIC), expecting end of file
#0 /home/interne1/public_html/mymisdiagnosis/system/Router/Router.php(170): CodeIgniter\Router\Router->autoRoute('product/packs/a...')
#1 /home/interne1/public_html/mymisdiagnosis/system/CodeIgniter.php(816): CodeIgniter\Router\Router->handle('product/packs/a...')
#2 /home/interne1/public_html/mymisdiagnosis/system/CodeIgniter.php(385): CodeIgniter\CodeIgniter->tryToRouteIt(Object(CodeIgniter\Router\RouteCollection))
#3 /home/interne1/public_html/mymisdiagnosis/system/CodeIgniter.php(333): CodeIgniter\CodeIgniter->handleRequest(NULL, Object(Config\Cache), false)
#4 /home/interne1/public_html/mymisdiagnosis/public/index.php(44): CodeIgniter\CodeIgniter->run()
#5 {main}
CRITICAL - 2021-04-15 19:23:34 --> Call to undefined method App\Libraries\InterneticsLibrary::field_type()
#0 /home/interne1/public_html/mymisdiagnosis/system/CodeIgniter.php(936): App\Controllers\Product->packs('add')
#1 /home/interne1/public_html/mymisdiagnosis/system/CodeIgniter.php(432): CodeIgniter\CodeIgniter->runController(Object(App\Controllers\Product))
#2 /home/interne1/public_html/mymisdiagnosis/system/CodeIgniter.php(333): CodeIgniter\CodeIgniter->handleRequest(NULL, Object(Config\Cache), false)
#3 /home/interne1/public_html/mymisdiagnosis/public/index.php(44): CodeIgniter\CodeIgniter->run()
#4 {main}
CRITICAL - 2021-04-15 19:26:23 --> Undefined variable: insert_url
#0 /home/interne1/public_html/mymisdiagnosis/public/assets/grocery_crud/themes/internetics/views/edit.php(63): CodeIgniter\Debug\Exceptions->errorHandler(8, 'Undefined varia...', '/home/interne1/...', 63, Array)
#1 /home/interne1/public_html/mymisdiagnosis/app/Libraries/GroceryCrud.php(2801): include('/home/interne1/...')
#2 /home/interne1/public_html/mymisdiagnosis/app/Libraries/GroceryCrud.php(1850): App\Libraries\grocery_CRUD_Layout->_theme_view('edit.php', Array)
#3 /home/interne1/public_html/mymisdiagnosis/app/Libraries/GroceryCrud.php(4532): App\Libraries\grocery_CRUD_Layout->showEditForm(Object(stdClass))
#4 /home/interne1/public_html/mymisdiagnosis/app/Controllers/Product.php(116): App\Libraries\GroceryCrud->render()
#5 /home/interne1/public_html/mymisdiagnosis/system/CodeIgniter.php(936): App\Controllers\Product->packs('edit', '2')
#6 /home/interne1/public_html/mymisdiagnosis/system/CodeIgniter.php(432): CodeIgniter\CodeIgniter->runController(Object(App\Controllers\Product))
#7 /home/interne1/public_html/mymisdiagnosis/system/CodeIgniter.php(333): CodeIgniter\CodeIgniter->handleRequest(NULL, Object(Config\Cache), false)
#8 /home/interne1/public_html/mymisdiagnosis/public/index.php(44): CodeIgniter\CodeIgniter->run()
#9 {main}
CRITICAL - 2021-04-15 19:36:26 --> Call to undefined method App\Libraries\InterneticsLibrary::set_relation()
#0 /home/interne1/public_html/mymisdiagnosis/system/CodeIgniter.php(936): App\Controllers\Product->packs()
#1 /home/interne1/public_html/mymisdiagnosis/system/CodeIgniter.php(432): CodeIgniter\CodeIgniter->runController(Object(App\Controllers\Product))
#2 /home/interne1/public_html/mymisdiagnosis/system/CodeIgniter.php(333): CodeIgniter\CodeIgniter->handleRequest(NULL, Object(Config\Cache), false)
#3 /home/interne1/public_html/mymisdiagnosis/public/index.php(44): CodeIgniter\CodeIgniter->run()
#4 {main}
CRITICAL - 2021-04-15 19:41:52 --> Argument 1 passed to App\Libraries\GroceryCrud::unsetColumns() must be of the type array, string given, called in /home/interne1/public_html/mymisdiagnosis/app/Controllers/Product.php on line 102
#0 /home/interne1/public_html/mymisdiagnosis/app/Controllers/Product.php(102): App\Libraries\GroceryCrud->unsetColumns('pack_user_id')
#1 /home/interne1/public_html/mymisdiagnosis/system/CodeIgniter.php(936): App\Controllers\Product->packs()
#2 /home/interne1/public_html/mymisdiagnosis/system/CodeIgniter.php(432): CodeIgniter\CodeIgniter->runController(Object(App\Controllers\Product))
#3 /home/interne1/public_html/mymisdiagnosis/system/CodeIgniter.php(333): CodeIgniter\CodeIgniter->handleRequest(NULL, Object(Config\Cache), false)
#4 /home/interne1/public_html/mymisdiagnosis/public/index.php(44): CodeIgniter\CodeIgniter->run()
#5 {main}
ERROR - 2021-04-15 20:00:41 --> mysqli_sql_exception: Unknown column 'card_user_id' in 'where clause' in /home/interne1/public_html/mymisdiagnosis/system/Database/MySQLi/Connection.php:314
Stack trace:
#0 /home/interne1/public_html/mymisdiagnosis/system/Database/MySQLi/Connection.php(314): mysqli->query('SELECT `cards`....')
#1 /home/interne1/public_html/mymisdiagnosis/system/Database/BaseConnection.php(713): CodeIgniter\Database\MySQLi\Connection->execute('SELECT `cards`....')
#2 /home/interne1/public_html/mymisdiagnosis/system/Database/BaseConnection.php(641): CodeIgniter\Database\BaseConnection->simpleQuery('SELECT `cards`....')
#3 /home/interne1/public_html/mymisdiagnosis/system/Database/BaseBuilder.php(1866): CodeIgniter\Database\BaseConnection->query('SELECT `cards`....', Array, false)
#4 /home/interne1/public_html/mymisdiagnosis/app/Models/GroceryCrudModel.php(89): CodeIgniter\Database\BaseBuilder->get()
#5 /home/interne1/public_html/mymisdiagnosis/app/Libraries/GroceryCrud.php(1383): App\Models\GroceryCrudModel->get_list()
#6 /home/interne1/public_html/mymisdiagnosis/app/Libraries/GroceryCrud.php(1503): App\Libraries\grocery_CRUD_Model_Driver->get_list()
#7 /home/interne1/public_html/mymisdiagnosis/app/Libraries/GroceryCrud.php(4496): App\Libraries\grocery_CRUD_Layout->showList(false, Object(stdClass))
#8 /home/interne1/public_html/mymisdiagnosis/app/Controllers/Product.php(177): App\Libraries\GroceryCrud->render()
#9 /home/interne1/public_html/mymisdiagnosis/system/CodeIgniter.php(936): App\Controllers\Product->cards()
#10 /home/interne1/public_html/mymisdiagnosis/system/CodeIgniter.php(432): CodeIgniter\CodeIgniter->runController(Object(App\Controllers\Product))
#11 /home/interne1/public_html/mymisdiagnosis/system/CodeIgniter.php(333): CodeIgniter\CodeIgniter->handleRequest(NULL, Object(Config\Cache), false)
#12 /home/interne1/public_html/mymisdiagnosis/public/index.php(44): CodeIgniter\CodeIgniter->run()
#13 {main}
CRITICAL - 2021-04-15 20:00:41 --> Unknown column 'card_user_id' in 'where clause'
#0 /home/interne1/public_html/mymisdiagnosis/system/Database/MySQLi/Connection.php(314): mysqli->query('SELECT `cards`....')
#1 /home/interne1/public_html/mymisdiagnosis/system/Database/BaseConnection.php(713): CodeIgniter\Database\MySQLi\Connection->execute('SELECT `cards`....')
#2 /home/interne1/public_html/mymisdiagnosis/system/Database/BaseConnection.php(641): CodeIgniter\Database\BaseConnection->simpleQuery('SELECT `cards`....')
#3 /home/interne1/public_html/mymisdiagnosis/system/Database/BaseBuilder.php(1866): CodeIgniter\Database\BaseConnection->query('SELECT `cards`....', Array, false)
#4 /home/interne1/public_html/mymisdiagnosis/app/Models/GroceryCrudModel.php(89): CodeIgniter\Database\BaseBuilder->get()
#5 /home/interne1/public_html/mymisdiagnosis/app/Libraries/GroceryCrud.php(1383): App\Models\GroceryCrudModel->get_list()
#6 /home/interne1/public_html/mymisdiagnosis/app/Libraries/GroceryCrud.php(1503): App\Libraries\grocery_CRUD_Model_Driver->get_list()
#7 /home/interne1/public_html/mymisdiagnosis/app/Libraries/GroceryCrud.php(4496): App\Libraries\grocery_CRUD_Layout->showList(false, Object(stdClass))
#8 /home/interne1/public_html/mymisdiagnosis/app/Controllers/Product.php(177): App\Libraries\GroceryCrud->render()
#9 /home/interne1/public_html/mymisdiagnosis/system/CodeIgniter.php(936): App\Controllers\Product->cards()
#10 /home/interne1/public_html/mymisdiagnosis/system/CodeIgniter.php(432): CodeIgniter\CodeIgniter->runController(Object(App\Controllers\Product))
#11 /home/interne1/public_html/mymisdiagnosis/system/CodeIgniter.php(333): CodeIgniter\CodeIgniter->handleRequest(NULL, Object(Config\Cache), false)
#12 /home/interne1/public_html/mymisdiagnosis/public/index.php(44): CodeIgniter\CodeIgniter->run()
#13 {main}
ERROR - 2021-04-15 20:02:56 --> mysqli_sql_exception: Unknown column 'pack_user_id' in 'field list' in /home/interne1/public_html/mymisdiagnosis/system/Database/MySQLi/Connection.php:314
Stack trace:
#0 /home/interne1/public_html/mymisdiagnosis/system/Database/MySQLi/Connection.php(314): mysqli->query('INSERT INTO `ca...')
#1 /home/interne1/public_html/mymisdiagnosis/system/Database/BaseConnection.php(713): CodeIgniter\Database\MySQLi\Connection->execute('INSERT INTO `ca...')
#2 /home/interne1/public_html/mymisdiagnosis/system/Database/BaseConnection.php(641): CodeIgniter\Database\BaseConnection->simpleQuery('INSERT INTO `ca...')
#3 /home/interne1/public_html/mymisdiagnosis/system/Database/BaseBuilder.php(2263): CodeIgniter\Database\BaseConnection->query('INSERT INTO `ca...', Array, false)
#4 /home/interne1/public_html/mymisdiagnosis/app/Models/GroceryCrudModel.php(491): CodeIgniter\Database\BaseBuilder->insert(Array)
#5 /home/interne1/public_html/mymisdiagnosis/app/Libraries/GroceryCrud.php(963): App\Models\GroceryCrudModel->db_insert(Array)
#6 /home/interne1/public_html/mymisdiagnosis/app/Libraries/GroceryCrud.php(4557): App\Libraries\grocery_CRUD_Model_Driver->db_insert(Object(stdClass))
#7 /home/interne1/public_html/mymisdiagnosis/app/Controllers/Product.php(177): App\Libraries\GroceryCrud->render()
#8 /home/interne1/public_html/mymisdiagnosis/system/CodeIgniter.php(936): App\Controllers\Product->cards('insert')
#9 /home/interne1/public_html/mymisdiagnosis/system/CodeIgniter.php(432): CodeIgniter\CodeIgniter->runController(Object(App\Controllers\Product))
#10 /home/interne1/public_html/mymisdiagnosis/system/CodeIgniter.php(333): CodeIgniter\CodeIgniter->handleRequest(NULL, Object(Config\Cache), false)
#11 /home/interne1/public_html/mymisdiagnosis/public/index.php(44): CodeIgniter\CodeIgniter->run()
#12 {main}
CRITICAL - 2021-04-15 20:02:56 --> Unknown column 'pack_user_id' in 'field list'
#0 /home/interne1/public_html/mymisdiagnosis/system/Database/MySQLi/Connection.php(314): mysqli->query('INSERT INTO `ca...')
#1 /home/interne1/public_html/mymisdiagnosis/system/Database/BaseConnection.php(713): CodeIgniter\Database\MySQLi\Connection->execute('INSERT INTO `ca...')
#2 /home/interne1/public_html/mymisdiagnosis/system/Database/BaseConnection.php(641): CodeIgniter\Database\BaseConnection->simpleQuery('INSERT INTO `ca...')
#3 /home/interne1/public_html/mymisdiagnosis/system/Database/BaseBuilder.php(2263): CodeIgniter\Database\BaseConnection->query('INSERT INTO `ca...', Array, false)
#4 /home/interne1/public_html/mymisdiagnosis/app/Models/GroceryCrudModel.php(491): CodeIgniter\Database\BaseBuilder->insert(Array)
#5 /home/interne1/public_html/mymisdiagnosis/app/Libraries/GroceryCrud.php(963): App\Models\GroceryCrudModel->db_insert(Array)
#6 /home/interne1/public_html/mymisdiagnosis/app/Libraries/GroceryCrud.php(4557): App\Libraries\grocery_CRUD_Model_Driver->db_insert(Object(stdClass))
#7 /home/interne1/public_html/mymisdiagnosis/app/Controllers/Product.php(177): App\Libraries\GroceryCrud->render()
#8 /home/interne1/public_html/mymisdiagnosis/system/CodeIgniter.php(936): App\Controllers\Product->cards('insert')
#9 /home/interne1/public_html/mymisdiagnosis/system/CodeIgniter.php(432): CodeIgniter\CodeIgniter->runController(Object(App\Controllers\Product))
#10 /home/interne1/public_html/mymisdiagnosis/system/CodeIgniter.php(333): CodeIgniter\CodeIgniter->handleRequest(NULL, Object(Config\Cache), false)
#11 /home/interne1/public_html/mymisdiagnosis/public/index.php(44): CodeIgniter\CodeIgniter->run()
#12 {main}
ERROR - 2021-04-15 20:03:02 --> mysqli_sql_exception: Unknown column 'pack_user_id' in 'field list' in /home/interne1/public_html/mymisdiagnosis/system/Database/MySQLi/Connection.php:314
Stack trace:
#0 /home/interne1/public_html/mymisdiagnosis/system/Database/MySQLi/Connection.php(314): mysqli->query('INSERT INTO `ca...')
#1 /home/interne1/public_html/mymisdiagnosis/system/Database/BaseConnection.php(713): CodeIgniter\Database\MySQLi\Connection->execute('INSERT INTO `ca...')
#2 /home/interne1/public_html/mymisdiagnosis/system/Database/BaseConnection.php(641): CodeIgniter\Database\BaseConnection->simpleQuery('INSERT INTO `ca...')
#3 /home/interne1/public_html/mymisdiagnosis/system/Database/BaseBuilder.php(2263): CodeIgniter\Database\BaseConnection->query('INSERT INTO `ca...', Array, false)
#4 /home/interne1/public_html/mymisdiagnosis/app/Models/GroceryCrudModel.php(491): CodeIgniter\Database\BaseBuilder->insert(Array)
#5 /home/interne1/public_html/mymisdiagnosis/app/Libraries/GroceryCrud.php(963): App\Models\GroceryCrudModel->db_insert(Array)
#6 /home/interne1/public_html/mymisdiagnosis/app/Libraries/GroceryCrud.php(4557): App\Libraries\grocery_CRUD_Model_Driver->db_insert(Object(stdClass))
#7 /home/interne1/public_html/mymisdiagnosis/app/Controllers/Product.php(177): App\Libraries\GroceryCrud->render()
#8 /home/interne1/public_html/mymisdiagnosis/system/CodeIgniter.php(936): App\Controllers\Product->cards('insert')
#9 /home/interne1/public_html/mymisdiagnosis/system/CodeIgniter.php(432): CodeIgniter\CodeIgniter->runController(Object(App\Controllers\Product))
#10 /home/interne1/public_html/mymisdiagnosis/system/CodeIgniter.php(333): CodeIgniter\CodeIgniter->handleRequest(NULL, Object(Config\Cache), false)
#11 /home/interne1/public_html/mymisdiagnosis/public/index.php(44): CodeIgniter\CodeIgniter->run()
#12 {main}
CRITICAL - 2021-04-15 20:03:02 --> Unknown column 'pack_user_id' in 'field list'
#0 /home/interne1/public_html/mymisdiagnosis/system/Database/MySQLi/Connection.php(314): mysqli->query('INSERT INTO `ca...')
#1 /home/interne1/public_html/mymisdiagnosis/system/Database/BaseConnection.php(713): CodeIgniter\Database\MySQLi\Connection->execute('INSERT INTO `ca...')
#2 /home/interne1/public_html/mymisdiagnosis/system/Database/BaseConnection.php(641): CodeIgniter\Database\BaseConnection->simpleQuery('INSERT INTO `ca...')
#3 /home/interne1/public_html/mymisdiagnosis/system/Database/BaseBuilder.php(2263): CodeIgniter\Database\BaseConnection->query('INSERT INTO `ca...', Array, false)
#4 /home/interne1/public_html/mymisdiagnosis/app/Models/GroceryCrudModel.php(491): CodeIgniter\Database\BaseBuilder->insert(Array)
#5 /home/interne1/public_html/mymisdiagnosis/app/Libraries/GroceryCrud.php(963): App\Models\GroceryCrudModel->db_insert(Array)
#6 /home/interne1/public_html/mymisdiagnosis/app/Libraries/GroceryCrud.php(4557): App\Libraries\grocery_CRUD_Model_Driver->db_insert(Object(stdClass))
#7 /home/interne1/public_html/mymisdiagnosis/app/Controllers/Product.php(177): App\Libraries\GroceryCrud->render()
#8 /home/interne1/public_html/mymisdiagnosis/system/CodeIgniter.php(936): App\Controllers\Product->cards('insert')
#9 /home/interne1/public_html/mymisdiagnosis/system/CodeIgniter.php(432): CodeIgniter\CodeIgniter->runController(Object(App\Controllers\Product))
#10 /home/interne1/public_html/mymisdiagnosis/system/CodeIgniter.php(333): CodeIgniter\CodeIgniter->handleRequest(NULL, Object(Config\Cache), false)
#11 /home/interne1/public_html/mymisdiagnosis/public/index.php(44): CodeIgniter\CodeIgniter->run()
#12 {main}
ERROR - 2021-04-15 20:03:04 --> mysqli_sql_exception: Unknown column 'pack_user_id' in 'field list' in /home/interne1/public_html/mymisdiagnosis/system/Database/MySQLi/Connection.php:314
Stack trace:
#0 /home/interne1/public_html/mymisdiagnosis/system/Database/MySQLi/Connection.php(314): mysqli->query('INSERT INTO `ca...')
#1 /home/interne1/public_html/mymisdiagnosis/system/Database/BaseConnection.php(713): CodeIgniter\Database\MySQLi\Connection->execute('INSERT INTO `ca...')
#2 /home/interne1/public_html/mymisdiagnosis/system/Database/BaseConnection.php(641): CodeIgniter\Database\BaseConnection->simpleQuery('INSERT INTO `ca...')
#3 /home/interne1/public_html/mymisdiagnosis/system/Database/BaseBuilder.php(2263): CodeIgniter\Database\BaseConnection->query('INSERT INTO `ca...', Array, false)
#4 /home/interne1/public_html/mymisdiagnosis/app/Models/GroceryCrudModel.php(491): CodeIgniter\Database\BaseBuilder->insert(Array)
#5 /home/interne1/public_html/mymisdiagnosis/app/Libraries/GroceryCrud.php(963): App\Models\GroceryCrudModel->db_insert(Array)
#6 /home/interne1/public_html/mymisdiagnosis/app/Libraries/GroceryCrud.php(4557): App\Libraries\grocery_CRUD_Model_Driver->db_insert(Object(stdClass))
#7 /home/interne1/public_html/mymisdiagnosis/app/Controllers/Product.php(177): App\Libraries\GroceryCrud->render()
#8 /home/interne1/public_html/mymisdiagnosis/system/CodeIgniter.php(936): App\Controllers\Product->cards('insert')
#9 /home/interne1/public_html/mymisdiagnosis/system/CodeIgniter.php(432): CodeIgniter\CodeIgniter->runController(Object(App\Controllers\Product))
#10 /home/interne1/public_html/mymisdiagnosis/system/CodeIgniter.php(333): CodeIgniter\CodeIgniter->handleRequest(NULL, Object(Config\Cache), false)
#11 /home/interne1/public_html/mymisdiagnosis/public/index.php(44): CodeIgniter\CodeIgniter->run()
#12 {main}
CRITICAL - 2021-04-15 20:03:04 --> Unknown column 'pack_user_id' in 'field list'
#0 /home/interne1/public_html/mymisdiagnosis/system/Database/MySQLi/Connection.php(314): mysqli->query('INSERT INTO `ca...')
#1 /home/interne1/public_html/mymisdiagnosis/system/Database/BaseConnection.php(713): CodeIgniter\Database\MySQLi\Connection->execute('INSERT INTO `ca...')
#2 /home/interne1/public_html/mymisdiagnosis/system/Database/BaseConnection.php(641): CodeIgniter\Database\BaseConnection->simpleQuery('INSERT INTO `ca...')
#3 /home/interne1/public_html/mymisdiagnosis/system/Database/BaseBuilder.php(2263): CodeIgniter\Database\BaseConnection->query('INSERT INTO `ca...', Array, false)
#4 /home/interne1/public_html/mymisdiagnosis/app/Models/GroceryCrudModel.php(491): CodeIgniter\Database\BaseBuilder->insert(Array)
#5 /home/interne1/public_html/mymisdiagnosis/app/Libraries/GroceryCrud.php(963): App\Models\GroceryCrudModel->db_insert(Array)
#6 /home/interne1/public_html/mymisdiagnosis/app/Libraries/GroceryCrud.php(4557): App\Libraries\grocery_CRUD_Model_Driver->db_insert(Object(stdClass))
#7 /home/interne1/public_html/mymisdiagnosis/app/Controllers/Product.php(177): App\Libraries\GroceryCrud->render()
#8 /home/interne1/public_html/mymisdiagnosis/system/CodeIgniter.php(936): App\Controllers\Product->cards('insert')
#9 /home/interne1/public_html/mymisdiagnosis/system/CodeIgniter.php(432): CodeIgniter\CodeIgniter->runController(Object(App\Controllers\Product))
#10 /home/interne1/public_html/mymisdiagnosis/system/CodeIgniter.php(333): CodeIgniter\CodeIgniter->handleRequest(NULL, Object(Config\Cache), false)
#11 /home/interne1/public_html/mymisdiagnosis/public/index.php(44): CodeIgniter\CodeIgniter->run()
#12 {main}
CRITICAL - 2021-04-15 20:27:23 --> syntax error, unexpected '->' (T_OBJECT_OPERATOR)
#0 /home/interne1/public_html/mymisdiagnosis/system/Router/Router.php(170): CodeIgniter\Router\Router->autoRoute('product/cards/e...')
#1 /home/interne1/public_html/mymisdiagnosis/system/CodeIgniter.php(816): CodeIgniter\Router\Router->handle('product/cards/e...')
#2 /home/interne1/public_html/mymisdiagnosis/system/CodeIgniter.php(385): CodeIgniter\CodeIgniter->tryToRouteIt(Object(CodeIgniter\Router\RouteCollection))
#3 /home/interne1/public_html/mymisdiagnosis/system/CodeIgniter.php(333): CodeIgniter\CodeIgniter->handleRequest(NULL, Object(Config\Cache), false)
#4 /home/interne1/public_html/mymisdiagnosis/public/index.php(44): CodeIgniter\CodeIgniter->run()
#5 {main}
ERROR - 2021-04-15 20:32:59 --> mysqli_sql_exception: Unknown column 'name' in 'field list' in /home/interne1/public_html/mymisdiagnosis/system/Database/MySQLi/Connection.php:314
Stack trace:
#0 /home/interne1/public_html/mymisdiagnosis/system/Database/MySQLi/Connection.php(314): mysqli->query('SELECT *, CONCA...')
#1 /home/interne1/public_html/mymisdiagnosis/system/Database/BaseConnection.php(713): CodeIgniter\Database\MySQLi\Connection->execute('SELECT *, CONCA...')
#2 /home/interne1/public_html/mymisdiagnosis/system/Database/BaseConnection.php(641): CodeIgniter\Database\BaseConnection->simpleQuery('SELECT *, CONCA...')
#3 /home/interne1/public_html/mymisdiagnosis/system/Database/BaseBuilder.php(1866): CodeIgniter\Database\BaseConnection->query('SELECT *, CONCA...', Array, false)
#4 /home/interne1/public_html/mymisdiagnosis/app/Models/InterneticsModel.php(38): CodeIgniter\Database\BaseBuilder->get()
#5 /home/interne1/public_html/mymisdiagnosis/app/Libraries/GroceryCrud.php(1421): App\Models\InterneticsModel->get_relation_n_n_selection_array('5', Object(stdClass))
#6 /home/interne1/public_html/mymisdiagnosis/app/Libraries/GroceryCrud.php(1397): App\Libraries\grocery_CRUD_Model_Driver->get_relation_n_n_selection_array('5', Object(stdClass))
#7 /home/interne1/public_html/mymisdiagnosis/app/Libraries/GroceryCrud.php(1825): App\Libraries\grocery_CRUD_Model_Driver->get_edit_values('5')
#8 /home/interne1/public_html/mymisdiagnosis/app/Libraries/GroceryCrud.php(4532): App\Libraries\grocery_CRUD_Layout->showEditForm(Object(stdClass))
#9 /home/interne1/public_html/mymisdiagnosis/app/Controllers/Product.php(180): App\Libraries\GroceryCrud->render()
#10 /home/interne1/public_html/mymisdiagnosis/system/CodeIgniter.php(936): App\Controllers\Product->cards('edit', '5')
#11 /home/interne1/public_html/mymisdiagnosis/system/CodeIgniter.php(432): CodeIgniter\CodeIgniter->runController(Object(App\Controllers\Product))
#12 /home/interne1/public_html/mymisdiagnosis/system/CodeIgniter.php(333): CodeIgniter\CodeIgniter->handleRequest(NULL, Object(Config\Cache), false)
#13 /home/interne1/public_html/mymisdiagnosis/public/index.php(44): CodeIgniter\CodeIgniter->run()
#14 {main}
CRITICAL - 2021-04-15 20:32:59 --> Unknown column 'name' in 'field list'
#0 /home/interne1/public_html/mymisdiagnosis/system/Database/MySQLi/Connection.php(314): mysqli->query('SELECT *, CONCA...')
#1 /home/interne1/public_html/mymisdiagnosis/system/Database/BaseConnection.php(713): CodeIgniter\Database\MySQLi\Connection->execute('SELECT *, CONCA...')
#2 /home/interne1/public_html/mymisdiagnosis/system/Database/BaseConnection.php(641): CodeIgniter\Database\BaseConnection->simpleQuery('SELECT *, CONCA...')
#3 /home/interne1/public_html/mymisdiagnosis/system/Database/BaseBuilder.php(1866): CodeIgniter\Database\BaseConnection->query('SELECT *, CONCA...', Array, false)
#4 /home/interne1/public_html/mymisdiagnosis/app/Models/InterneticsModel.php(38): CodeIgniter\Database\BaseBuilder->get()
#5 /home/interne1/public_html/mymisdiagnosis/app/Libraries/GroceryCrud.php(1421): App\Models\InterneticsModel->get_relation_n_n_selection_array('5', Object(stdClass))
#6 /home/interne1/public_html/mymisdiagnosis/app/Libraries/GroceryCrud.php(1397): App\Libraries\grocery_CRUD_Model_Driver->get_relation_n_n_selection_array('5', Object(stdClass))
#7 /home/interne1/public_html/mymisdiagnosis/app/Libraries/GroceryCrud.php(1825): App\Libraries\grocery_CRUD_Model_Driver->get_edit_values('5')
#8 /home/interne1/public_html/mymisdiagnosis/app/Libraries/GroceryCrud.php(4532): App\Libraries\grocery_CRUD_Layout->showEditForm(Object(stdClass))
#9 /home/interne1/public_html/mymisdiagnosis/app/Controllers/Product.php(180): App\Libraries\GroceryCrud->render()
#10 /home/interne1/public_html/mymisdiagnosis/system/CodeIgniter.php(936): App\Controllers\Product->cards('edit', '5')
#11 /home/interne1/public_html/mymisdiagnosis/system/CodeIgniter.php(432): CodeIgniter\CodeIgniter->runController(Object(App\Controllers\Product))
#12 /home/interne1/public_html/mymisdiagnosis/system/CodeIgniter.php(333): CodeIgniter\CodeIgniter->handleRequest(NULL, Object(Config\Cache), false)
#13 /home/interne1/public_html/mymisdiagnosis/public/index.php(44): CodeIgniter\CodeIgniter->run()
#14 {main}
CRITICAL - 2021-04-15 20:34:30 --> Trying to get property 'image' of non-object
#0 /home/interne1/public_html/mymisdiagnosis/app/Libraries/InterneticsLibrary.php(169): CodeIgniter\Debug\Exceptions->errorHandler(8, 'Trying to get p...', '/home/interne1/...', 169, Array)
#1 /home/interne1/public_html/mymisdiagnosis/app/Libraries/GroceryCrud.php(231): App\Libraries\InterneticsLibrary->get_relation_n_n_input(Object(stdClass), Array)
#2 /home/interne1/public_html/mymisdiagnosis/app/Libraries/InterneticsLibrary.php(287): App\Libraries\grocery_CRUD_Field_Types->get_field_input(Object(stdClass), Array)
#3 /home/interne1/public_html/mymisdiagnosis/app/Libraries/GroceryCrud.php(1832): App\Libraries\InterneticsLibrary->get_edit_input_fields(Object(stdClass))
#4 /home/interne1/public_html/mymisdiagnosis/app/Libraries/GroceryCrud.php(4532): App\Libraries\grocery_CRUD_Layout->showEditForm(Object(stdClass))
#5 /home/interne1/public_html/mymisdiagnosis/app/Controllers/Product.php(180): App\Libraries\GroceryCrud->render()
#6 /home/interne1/public_html/mymisdiagnosis/system/CodeIgniter.php(936): App\Controllers\Product->cards('edit', '5')
#7 /home/interne1/public_html/mymisdiagnosis/system/CodeIgniter.php(432): CodeIgniter\CodeIgniter->runController(Object(App\Controllers\Product))
#8 /home/interne1/public_html/mymisdiagnosis/system/CodeIgniter.php(333): CodeIgniter\CodeIgniter->handleRequest(NULL, Object(Config\Cache), false)
#9 /home/interne1/public_html/mymisdiagnosis/public/index.php(44): CodeIgniter\CodeIgniter->run()
#10 {main}
CRITICAL - 2021-04-15 20:39:49 --> Call to undefined method App\Libraries\InterneticsLibrary::set_relation()
#0 /home/interne1/public_html/mymisdiagnosis/system/CodeIgniter.php(936): App\Controllers\Product->cards('edit', '5')
#1 /home/interne1/public_html/mymisdiagnosis/system/CodeIgniter.php(432): CodeIgniter\CodeIgniter->runController(Object(App\Controllers\Product))
#2 /home/interne1/public_html/mymisdiagnosis/system/CodeIgniter.php(333): CodeIgniter\CodeIgniter->handleRequest(NULL, Object(Config\Cache), false)
#3 /home/interne1/public_html/mymisdiagnosis/public/index.php(44): CodeIgniter\CodeIgniter->run()
#4 {main}
CRITICAL - 2021-04-15 20:41:43 --> Call to undefined method App\Libraries\InterneticsLibrary::set_relation()
#0 /home/interne1/public_html/mymisdiagnosis/system/CodeIgniter.php(936): App\Controllers\Product->cards()
#1 /home/interne1/public_html/mymisdiagnosis/system/CodeIgniter.php(432): CodeIgniter\CodeIgniter->runController(Object(App\Controllers\Product))
#2 /home/interne1/public_html/mymisdiagnosis/system/CodeIgniter.php(333): CodeIgniter\CodeIgniter->handleRequest(NULL, Object(Config\Cache), false)
#3 /home/interne1/public_html/mymisdiagnosis/public/index.php(44): CodeIgniter\CodeIgniter->run()
#4 {main}
ERROR - 2021-04-15 22:06:40 --> mysqli_sql_exception: Unknown column 'card_user_id' in 'where clause' in /home/interne1/public_html/mymisdiagnosis/system/Database/MySQLi/Connection.php:314
Stack trace:
#0 /home/interne1/public_html/mymisdiagnosis/system/Database/MySQLi/Connection.php(314): mysqli->query('SELECT `user_se...')
#1 /home/interne1/public_html/mymisdiagnosis/system/Database/BaseConnection.php(713): CodeIgniter\Database\MySQLi\Connection->execute('SELECT `user_se...')
#2 /home/interne1/public_html/mymisdiagnosis/system/Database/BaseConnection.php(641): CodeIgniter\Database\BaseConnection->simpleQuery('SELECT `user_se...')
#3 /home/interne1/public_html/mymisdiagnosis/system/Database/BaseBuilder.php(1866): CodeIgniter\Database\BaseConnection->query('SELECT `user_se...', Array, false)
#4 /home/interne1/public_html/mymisdiagnosis/app/Models/GroceryCrudModel.php(89): CodeIgniter\Database\BaseBuilder->get()
#5 /home/interne1/public_html/mymisdiagnosis/app/Libraries/GroceryCrud.php(1383): App\Models\GroceryCrudModel->get_list()
#6 /home/interne1/public_html/mymisdiagnosis/app/Libraries/GroceryCrud.php(1503): App\Libraries\grocery_CRUD_Model_Driver->get_list()
#7 /home/interne1/public_html/mymisdiagnosis/app/Libraries/GroceryCrud.php(4496): App\Libraries\grocery_CRUD_Layout->showList(false, Object(stdClass))
#8 /home/interne1/public_html/mymisdiagnosis/app/Controllers/Product.php(266): App\Libraries\GroceryCrud->render()
#9 /home/interne1/public_html/mymisdiagnosis/system/CodeIgniter.php(936): App\Controllers\Product->user_settings()
#10 /home/interne1/public_html/mymisdiagnosis/system/CodeIgniter.php(432): CodeIgniter\CodeIgniter->runController(Object(App\Controllers\Product))
#11 /home/interne1/public_html/mymisdiagnosis/system/CodeIgniter.php(333): CodeIgniter\CodeIgniter->handleRequest(NULL, Object(Config\Cache), false)
#12 /home/interne1/public_html/mymisdiagnosis/public/index.php(44): CodeIgniter\CodeIgniter->run()
#13 {main}
CRITICAL - 2021-04-15 22:06:40 --> Unknown column 'card_user_id' in 'where clause'
#0 /home/interne1/public_html/mymisdiagnosis/system/Database/MySQLi/Connection.php(314): mysqli->query('SELECT `user_se...')
#1 /home/interne1/public_html/mymisdiagnosis/system/Database/BaseConnection.php(713): CodeIgniter\Database\MySQLi\Connection->execute('SELECT `user_se...')
#2 /home/interne1/public_html/mymisdiagnosis/system/Database/BaseConnection.php(641): CodeIgniter\Database\BaseConnection->simpleQuery('SELECT `user_se...')
#3 /home/interne1/public_html/mymisdiagnosis/system/Database/BaseBuilder.php(1866): CodeIgniter\Database\BaseConnection->query('SELECT `user_se...', Array, false)
#4 /home/interne1/public_html/mymisdiagnosis/app/Models/GroceryCrudModel.php(89): CodeIgniter\Database\BaseBuilder->get()
#5 /home/interne1/public_html/mymisdiagnosis/app/Libraries/GroceryCrud.php(1383): App\Models\GroceryCrudModel->get_list()
#6 /home/interne1/public_html/mymisdiagnosis/app/Libraries/GroceryCrud.php(1503): App\Libraries\grocery_CRUD_Model_Driver->get_list()
#7 /home/interne1/public_html/mymisdiagnosis/app/Libraries/GroceryCrud.php(4496): App\Libraries\grocery_CRUD_Layout->showList(false, Object(stdClass))
#8 /home/interne1/public_html/mymisdiagnosis/app/Controllers/Product.php(266): App\Libraries\GroceryCrud->render()
#9 /home/interne1/public_html/mymisdiagnosis/system/CodeIgniter.php(936): App\Controllers\Product->user_settings()
#10 /home/interne1/public_html/mymisdiagnosis/system/CodeIgniter.php(432): CodeIgniter\CodeIgniter->runController(Object(App\Controllers\Product))
#11 /home/interne1/public_html/mymisdiagnosis/system/CodeIgniter.php(333): CodeIgniter\CodeIgniter->handleRequest(NULL, Object(Config\Cache), false)
#12 /home/interne1/public_html/mymisdiagnosis/public/index.php(44): CodeIgniter\CodeIgniter->run()
#13 {main}
ERROR - 2021-04-15 22:07:11 --> mysqli_sql_exception: Unknown column 'card_user_id' in 'where clause' in /home/interne1/public_html/mymisdiagnosis/system/Database/MySQLi/Connection.php:314
Stack trace:
#0 /home/interne1/public_html/mymisdiagnosis/system/Database/MySQLi/Connection.php(314): mysqli->query('SELECT `user_se...')
#1 /home/interne1/public_html/mymisdiagnosis/system/Database/BaseConnection.php(713): CodeIgniter\Database\MySQLi\Connection->execute('SELECT `user_se...')
#2 /home/interne1/public_html/mymisdiagnosis/system/Database/BaseConnection.php(641): CodeIgniter\Database\BaseConnection->simpleQuery('SELECT `user_se...')
#3 /home/interne1/public_html/mymisdiagnosis/system/Database/BaseBuilder.php(1866): CodeIgniter\Database\BaseConnection->query('SELECT `user_se...', Array, false)
#4 /home/interne1/public_html/mymisdiagnosis/app/Models/GroceryCrudModel.php(89): CodeIgniter\Database\BaseBuilder->get()
#5 /home/interne1/public_html/mymisdiagnosis/app/Libraries/GroceryCrud.php(1383): App\Models\GroceryCrudModel->get_list()
#6 /home/interne1/public_html/mymisdiagnosis/app/Libraries/GroceryCrud.php(1503): App\Libraries\grocery_CRUD_Model_Driver->get_list()
#7 /home/interne1/public_html/mymisdiagnosis/app/Libraries/GroceryCrud.php(4496): App\Libraries\grocery_CRUD_Layout->showList(false, Object(stdClass))
#8 /home/interne1/public_html/mymisdiagnosis/app/Controllers/Product.php(266): App\Libraries\GroceryCrud->render()
#9 /home/interne1/public_html/mymisdiagnosis/system/CodeIgniter.php(936): App\Controllers\Product->user_settings()
#10 /home/interne1/public_html/mymisdiagnosis/system/CodeIgniter.php(432): CodeIgniter\CodeIgniter->runController(Object(App\Controllers\Product))
#11 /home/interne1/public_html/mymisdiagnosis/system/CodeIgniter.php(333): CodeIgniter\CodeIgniter->handleRequest(NULL, Object(Config\Cache), false)
#12 /home/interne1/public_html/mymisdiagnosis/public/index.php(44): CodeIgniter\CodeIgniter->run()
#13 {main}
CRITICAL - 2021-04-15 22:07:11 --> Unknown column 'card_user_id' in 'where clause'
#0 /home/interne1/public_html/mymisdiagnosis/system/Database/MySQLi/Connection.php(314): mysqli->query('SELECT `user_se...')
#1 /home/interne1/public_html/mymisdiagnosis/system/Database/BaseConnection.php(713): CodeIgniter\Database\MySQLi\Connection->execute('SELECT `user_se...')
#2 /home/interne1/public_html/mymisdiagnosis/system/Database/BaseConnection.php(641): CodeIgniter\Database\BaseConnection->simpleQuery('SELECT `user_se...')
#3 /home/interne1/public_html/mymisdiagnosis/system/Database/BaseBuilder.php(1866): CodeIgniter\Database\BaseConnection->query('SELECT `user_se...', Array, false)
#4 /home/interne1/public_html/mymisdiagnosis/app/Models/GroceryCrudModel.php(89): CodeIgniter\Database\BaseBuilder->get()
#5 /home/interne1/public_html/mymisdiagnosis/app/Libraries/GroceryCrud.php(1383): App\Models\GroceryCrudModel->get_list()
#6 /home/interne1/public_html/mymisdiagnosis/app/Libraries/GroceryCrud.php(1503): App\Libraries\grocery_CRUD_Model_Driver->get_list()
#7 /home/interne1/public_html/mymisdiagnosis/app/Libraries/GroceryCrud.php(4496): App\Libraries\grocery_CRUD_Layout->showList(false, Object(stdClass))
#8 /home/interne1/public_html/mymisdiagnosis/app/Controllers/Product.php(266): App\Libraries\GroceryCrud->render()
#9 /home/interne1/public_html/mymisdiagnosis/system/CodeIgniter.php(936): App\Controllers\Product->user_settings()
#10 /home/interne1/public_html/mymisdiagnosis/system/CodeIgniter.php(432): CodeIgniter\CodeIgniter->runController(Object(App\Controllers\Product))
#11 /home/interne1/public_html/mymisdiagnosis/system/CodeIgniter.php(333): CodeIgniter\CodeIgniter->handleRequest(NULL, Object(Config\Cache), false)
#12 /home/interne1/public_html/mymisdiagnosis/public/index.php(44): CodeIgniter\CodeIgniter->run()
#13 {main}
ERROR - 2021-04-15 22:07:53 --> mysqli_sql_exception: Unknown column 'manual_auto_play' in 'field list' in /home/interne1/public_html/mymisdiagnosis/system/Database/MySQLi/Connection.php:314
Stack trace:
#0 /home/interne1/public_html/mymisdiagnosis/system/Database/MySQLi/Connection.php(314): mysqli->query('INSERT INTO `us...')
#1 /home/interne1/public_html/mymisdiagnosis/system/Database/BaseConnection.php(713): CodeIgniter\Database\MySQLi\Connection->execute('INSERT INTO `us...')
#2 /home/interne1/public_html/mymisdiagnosis/system/Database/BaseConnection.php(641): CodeIgniter\Database\BaseConnection->simpleQuery('INSERT INTO `us...')
#3 /home/interne1/public_html/mymisdiagnosis/system/Database/BaseBuilder.php(2263): CodeIgniter\Database\BaseConnection->query('INSERT INTO `us...', Array, false)
#4 /home/interne1/public_html/mymisdiagnosis/app/Models/GroceryCrudModel.php(491): CodeIgniter\Database\BaseBuilder->insert(Array)
#5 /home/interne1/public_html/mymisdiagnosis/app/Libraries/GroceryCrud.php(963): App\Models\GroceryCrudModel->db_insert(Array)
#6 /home/interne1/public_html/mymisdiagnosis/app/Libraries/GroceryCrud.php(4557): App\Libraries\grocery_CRUD_Model_Driver->db_insert(Object(stdClass))
#7 /home/interne1/public_html/mymisdiagnosis/app/Controllers/Product.php(266): App\Libraries\GroceryCrud->render()
#8 /home/interne1/public_html/mymisdiagnosis/system/CodeIgniter.php(936): App\Controllers\Product->user_settings('insert')
#9 /home/interne1/public_html/mymisdiagnosis/system/CodeIgniter.php(432): CodeIgniter\CodeIgniter->runController(Object(App\Controllers\Product))
#10 /home/interne1/public_html/mymisdiagnosis/system/CodeIgniter.php(333): CodeIgniter\CodeIgniter->handleRequest(NULL, Object(Config\Cache), false)
#11 /home/interne1/public_html/mymisdiagnosis/public/index.php(44): CodeIgniter\CodeIgniter->run()
#12 {main}
CRITICAL - 2021-04-15 22:07:53 --> Unknown column 'manual_auto_play' in 'field list'
#0 /home/interne1/public_html/mymisdiagnosis/system/Database/MySQLi/Connection.php(314): mysqli->query('INSERT INTO `us...')
#1 /home/interne1/public_html/mymisdiagnosis/system/Database/BaseConnection.php(713): CodeIgniter\Database\MySQLi\Connection->execute('INSERT INTO `us...')
#2 /home/interne1/public_html/mymisdiagnosis/system/Database/BaseConnection.php(641): CodeIgniter\Database\BaseConnection->simpleQuery('INSERT INTO `us...')
#3 /home/interne1/public_html/mymisdiagnosis/system/Database/BaseBuilder.php(2263): CodeIgniter\Database\BaseConnection->query('INSERT INTO `us...', Array, false)
#4 /home/interne1/public_html/mymisdiagnosis/app/Models/GroceryCrudModel.php(491): CodeIgniter\Database\BaseBuilder->insert(Array)
#5 /home/interne1/public_html/mymisdiagnosis/app/Libraries/GroceryCrud.php(963): App\Models\GroceryCrudModel->db_insert(Array)
#6 /home/interne1/public_html/mymisdiagnosis/app/Libraries/GroceryCrud.php(4557): App\Libraries\grocery_CRUD_Model_Driver->db_insert(Object(stdClass))
#7 /home/interne1/public_html/mymisdiagnosis/app/Controllers/Product.php(266): App\Libraries\GroceryCrud->render()
#8 /home/interne1/public_html/mymisdiagnosis/system/CodeIgniter.php(936): App\Controllers\Product->user_settings('insert')
#9 /home/interne1/public_html/mymisdiagnosis/system/CodeIgniter.php(432): CodeIgniter\CodeIgniter->runController(Object(App\Controllers\Product))
#10 /home/interne1/public_html/mymisdiagnosis/system/CodeIgniter.php(333): CodeIgniter\CodeIgniter->handleRequest(NULL, Object(Config\Cache), false)
#11 /home/interne1/public_html/mymisdiagnosis/public/index.php(44): CodeIgniter\CodeIgniter->run()
#12 {main}
ERROR - 2021-04-15 22:21:48 --> mysqli_sql_exception: Unknown column 'manual_auto_play' in 'field list' in /home/interne1/public_html/mymisdiagnosis/system/Database/MySQLi/Connection.php:314
Stack trace:
#0 /home/interne1/public_html/mymisdiagnosis/system/Database/MySQLi/Connection.php(314): mysqli->query('INSERT INTO `us...')
#1 /home/interne1/public_html/mymisdiagnosis/system/Database/BaseConnection.php(713): CodeIgniter\Database\MySQLi\Connection->execute('INSERT INTO `us...')
#2 /home/interne1/public_html/mymisdiagnosis/system/Database/BaseConnection.php(641): CodeIgniter\Database\BaseConnection->simpleQuery('INSERT INTO `us...')
#3 /home/interne1/public_html/mymisdiagnosis/system/Database/BaseBuilder.php(2263): CodeIgniter\Database\BaseConnection->query('INSERT INTO `us...', Array, false)
#4 /home/interne1/public_html/mymisdiagnosis/app/Models/GroceryCrudModel.php(491): CodeIgniter\Database\BaseBuilder->insert(Array)
#5 /home/interne1/public_html/mymisdiagnosis/app/Libraries/GroceryCrud.php(963): App\Models\GroceryCrudModel->db_insert(Array)
#6 /home/interne1/public_html/mymisdiagnosis/app/Libraries/GroceryCrud.php(4557): App\Libraries\grocery_CRUD_Model_Driver->db_insert(Object(stdClass))
#7 /home/interne1/public_html/mymisdiagnosis/app/Controllers/Product.php(266): App\Libraries\GroceryCrud->render()
#8 /home/interne1/public_html/mymisdiagnosis/system/CodeIgniter.php(936): App\Controllers\Product->user_settings('insert')
#9 /home/interne1/public_html/mymisdiagnosis/system/CodeIgniter.php(432): CodeIgniter\CodeIgniter->runController(Object(App\Controllers\Product))
#10 /home/interne1/public_html/mymisdiagnosis/system/CodeIgniter.php(333): CodeIgniter\CodeIgniter->handleRequest(NULL, Object(Config\Cache), false)
#11 /home/interne1/public_html/mymisdiagnosis/public/index.php(44): CodeIgniter\CodeIgniter->run()
#12 {main}
CRITICAL - 2021-04-15 22:21:48 --> Unknown column 'manual_auto_play' in 'field list'
#0 /home/interne1/public_html/mymisdiagnosis/system/Database/MySQLi/Connection.php(314): mysqli->query('INSERT INTO `us...')
#1 /home/interne1/public_html/mymisdiagnosis/system/Database/BaseConnection.php(713): CodeIgniter\Database\MySQLi\Connection->execute('INSERT INTO `us...')
#2 /home/interne1/public_html/mymisdiagnosis/system/Database/BaseConnection.php(641): CodeIgniter\Database\BaseConnection->simpleQuery('INSERT INTO `us...')
#3 /home/interne1/public_html/mymisdiagnosis/system/Database/BaseBuilder.php(2263): CodeIgniter\Database\BaseConnection->query('INSERT INTO `us...', Array, false)
#4 /home/interne1/public_html/mymisdiagnosis/app/Models/GroceryCrudModel.php(491): CodeIgniter\Database\BaseBuilder->insert(Array)
#5 /home/interne1/public_html/mymisdiagnosis/app/Libraries/GroceryCrud.php(963): App\Models\GroceryCrudModel->db_insert(Array)
#6 /home/interne1/public_html/mymisdiagnosis/app/Libraries/GroceryCrud.php(4557): App\Libraries\grocery_CRUD_Model_Driver->db_insert(Object(stdClass))
#7 /home/interne1/public_html/mymisdiagnosis/app/Controllers/Product.php(266): App\Libraries\GroceryCrud->render()
#8 /home/interne1/public_html/mymisdiagnosis/system/CodeIgniter.php(936): App\Controllers\Product->user_settings('insert')
#9 /home/interne1/public_html/mymisdiagnosis/system/CodeIgniter.php(432): CodeIgniter\CodeIgniter->runController(Object(App\Controllers\Product))
#10 /home/interne1/public_html/mymisdiagnosis/system/CodeIgniter.php(333): CodeIgniter\CodeIgniter->handleRequest(NULL, Object(Config\Cache), false)
#11 /home/interne1/public_html/mymisdiagnosis/public/index.php(44): CodeIgniter\CodeIgniter->run()
#12 {main}
ERROR - 2021-04-15 22:22:41 --> mysqli_sql_exception: Unknown column 'manual_auto_play' in 'field list' in /home/interne1/public_html/mymisdiagnosis/system/Database/MySQLi/Connection.php:314
Stack trace:
#0 /home/interne1/public_html/mymisdiagnosis/system/Database/MySQLi/Connection.php(314): mysqli->query('INSERT INTO `us...')
#1 /home/interne1/public_html/mymisdiagnosis/system/Database/BaseConnection.php(713): CodeIgniter\Database\MySQLi\Connection->execute('INSERT INTO `us...')
#2 /home/interne1/public_html/mymisdiagnosis/system/Database/BaseConnection.php(641): CodeIgniter\Database\BaseConnection->simpleQuery('INSERT INTO `us...')
#3 /home/interne1/public_html/mymisdiagnosis/system/Database/BaseBuilder.php(2263): CodeIgniter\Database\BaseConnection->query('INSERT INTO `us...', Array, false)
#4 /home/interne1/public_html/mymisdiagnosis/app/Models/GroceryCrudModel.php(491): CodeIgniter\Database\BaseBuilder->insert(Array)
#5 /home/interne1/public_html/mymisdiagnosis/app/Libraries/GroceryCrud.php(963): App\Models\GroceryCrudModel->db_insert(Array)
#6 /home/interne1/public_html/mymisdiagnosis/app/Libraries/GroceryCrud.php(4557): App\Libraries\grocery_CRUD_Model_Driver->db_insert(Object(stdClass))
#7 /home/interne1/public_html/mymisdiagnosis/app/Controllers/Product.php(266): App\Libraries\GroceryCrud->render()
#8 /home/interne1/public_html/mymisdiagnosis/system/CodeIgniter.php(936): App\Controllers\Product->user_settings('insert')
#9 /home/interne1/public_html/mymisdiagnosis/system/CodeIgniter.php(432): CodeIgniter\CodeIgniter->runController(Object(App\Controllers\Product))
#10 /home/interne1/public_html/mymisdiagnosis/system/CodeIgniter.php(333): CodeIgniter\CodeIgniter->handleRequest(NULL, Object(Config\Cache), false)
#11 /home/interne1/public_html/mymisdiagnosis/public/index.php(44): CodeIgniter\CodeIgniter->run()
#12 {main}
CRITICAL - 2021-04-15 22:22:41 --> Unknown column 'manual_auto_play' in 'field list'
#0 /home/interne1/public_html/mymisdiagnosis/system/Database/MySQLi/Connection.php(314): mysqli->query('INSERT INTO `us...')
#1 /home/interne1/public_html/mymisdiagnosis/system/Database/BaseConnection.php(713): CodeIgniter\Database\MySQLi\Connection->execute('INSERT INTO `us...')
#2 /home/interne1/public_html/mymisdiagnosis/system/Database/BaseConnection.php(641): CodeIgniter\Database\BaseConnection->simpleQuery('INSERT INTO `us...')
#3 /home/interne1/public_html/mymisdiagnosis/system/Database/BaseBuilder.php(2263): CodeIgniter\Database\BaseConnection->query('INSERT INTO `us...', Array, false)
#4 /home/interne1/public_html/mymisdiagnosis/app/Models/GroceryCrudModel.php(491): CodeIgniter\Database\BaseBuilder->insert(Array)
#5 /home/interne1/public_html/mymisdiagnosis/app/Libraries/GroceryCrud.php(963): App\Models\GroceryCrudModel->db_insert(Array)
#6 /home/interne1/public_html/mymisdiagnosis/app/Libraries/GroceryCrud.php(4557): App\Libraries\grocery_CRUD_Model_Driver->db_insert(Object(stdClass))
#7 /home/interne1/public_html/mymisdiagnosis/app/Controllers/Product.php(266): App\Libraries\GroceryCrud->render()
#8 /home/interne1/public_html/mymisdiagnosis/system/CodeIgniter.php(936): App\Controllers\Product->user_settings('insert')
#9 /home/interne1/public_html/mymisdiagnosis/system/CodeIgniter.php(432): CodeIgniter\CodeIgniter->runController(Object(App\Controllers\Product))
#10 /home/interne1/public_html/mymisdiagnosis/system/CodeIgniter.php(333): CodeIgniter\CodeIgniter->handleRequest(NULL, Object(Config\Cache), false)
#11 /home/interne1/public_html/mymisdiagnosis/public/index.php(44): CodeIgniter\CodeIgniter->run()
#12 {main}
ERROR - 2021-04-15 22:27:51 --> mysqli_sql_exception: Unknown column 'manual_auto_play' in 'field list' in /home/interne1/public_html/mymisdiagnosis/system/Database/MySQLi/Connection.php:314
Stack trace:
#0 /home/interne1/public_html/mymisdiagnosis/system/Database/MySQLi/Connection.php(314): mysqli->query('INSERT INTO `us...')
#1 /home/interne1/public_html/mymisdiagnosis/system/Database/BaseConnection.php(713): CodeIgniter\Database\MySQLi\Connection->execute('INSERT INTO `us...')
#2 /home/interne1/public_html/mymisdiagnosis/system/Database/BaseConnection.php(641): CodeIgniter\Database\BaseConnection->simpleQuery('INSERT INTO `us...')
#3 /home/interne1/public_html/mymisdiagnosis/system/Database/BaseBuilder.php(2263): CodeIgniter\Database\BaseConnection->query('INSERT INTO `us...', Array, false)
#4 /home/interne1/public_html/mymisdiagnosis/app/Models/GroceryCrudModel.php(491): CodeIgniter\Database\BaseBuilder->insert(Array)
#5 /home/interne1/public_html/mymisdiagnosis/app/Libraries/GroceryCrud.php(963): App\Models\GroceryCrudModel->db_insert(Array)
#6 /home/interne1/public_html/mymisdiagnosis/app/Libraries/GroceryCrud.php(4557): App\Libraries\grocery_CRUD_Model_Driver->db_insert(Object(stdClass))
#7 /home/interne1/public_html/mymisdiagnosis/app/Controllers/Product.php(266): App\Libraries\GroceryCrud->render()
#8 /home/interne1/public_html/mymisdiagnosis/system/CodeIgniter.php(936): App\Controllers\Product->user_settings('insert')
#9 /home/interne1/public_html/mymisdiagnosis/system/CodeIgniter.php(432): CodeIgniter\CodeIgniter->runController(Object(App\Controllers\Product))
#10 /home/interne1/public_html/mymisdiagnosis/system/CodeIgniter.php(333): CodeIgniter\CodeIgniter->handleRequest(NULL, Object(Config\Cache), false)
#11 /home/interne1/public_html/mymisdiagnosis/public/index.php(44): CodeIgniter\CodeIgniter->run()
#12 {main}
CRITICAL - 2021-04-15 22:27:51 --> Unknown column 'manual_auto_play' in 'field list'
#0 /home/interne1/public_html/mymisdiagnosis/system/Database/MySQLi/Connection.php(314): mysqli->query('INSERT INTO `us...')
#1 /home/interne1/public_html/mymisdiagnosis/system/Database/BaseConnection.php(713): CodeIgniter\Database\MySQLi\Connection->execute('INSERT INTO `us...')
#2 /home/interne1/public_html/mymisdiagnosis/system/Database/BaseConnection.php(641): CodeIgniter\Database\BaseConnection->simpleQuery('INSERT INTO `us...')
#3 /home/interne1/public_html/mymisdiagnosis/system/Database/BaseBuilder.php(2263): CodeIgniter\Database\BaseConnection->query('INSERT INTO `us...', Array, false)
#4 /home/interne1/public_html/mymisdiagnosis/app/Models/GroceryCrudModel.php(491): CodeIgniter\Database\BaseBuilder->insert(Array)
#5 /home/interne1/public_html/mymisdiagnosis/app/Libraries/GroceryCrud.php(963): App\Models\GroceryCrudModel->db_insert(Array)
#6 /home/interne1/public_html/mymisdiagnosis/app/Libraries/GroceryCrud.php(4557): App\Libraries\grocery_CRUD_Model_Driver->db_insert(Object(stdClass))
#7 /home/interne1/public_html/mymisdiagnosis/app/Controllers/Product.php(266): App\Libraries\GroceryCrud->render()
#8 /home/interne1/public_html/mymisdiagnosis/system/CodeIgniter.php(936): App\Controllers\Product->user_settings('insert')
#9 /home/interne1/public_html/mymisdiagnosis/system/CodeIgniter.php(432): CodeIgniter\CodeIgniter->runController(Object(App\Controllers\Product))
#10 /home/interne1/public_html/mymisdiagnosis/system/CodeIgniter.php(333): CodeIgniter\CodeIgniter->handleRequest(NULL, Object(Config\Cache), false)
#11 /home/interne1/public_html/mymisdiagnosis/public/index.php(44): CodeIgniter\CodeIgniter->run()
#12 {main}
ERROR - 2021-04-15 22:32:13 --> mysqli_sql_exception: Unknown column 'manual_auto_play' in 'field list' in /home/interne1/public_html/mymisdiagnosis/system/Database/MySQLi/Connection.php:314
Stack trace:
#0 /home/interne1/public_html/mymisdiagnosis/system/Database/MySQLi/Connection.php(314): mysqli->query('INSERT INTO `us...')
#1 /home/interne1/public_html/mymisdiagnosis/system/Database/BaseConnection.php(713): CodeIgniter\Database\MySQLi\Connection->execute('INSERT INTO `us...')
#2 /home/interne1/public_html/mymisdiagnosis/system/Database/BaseConnection.php(641): CodeIgniter\Database\BaseConnection->simpleQuery('INSERT INTO `us...')
#3 /home/interne1/public_html/mymisdiagnosis/system/Database/BaseBuilder.php(2263): CodeIgniter\Database\BaseConnection->query('INSERT INTO `us...', Array, false)
#4 /home/interne1/public_html/mymisdiagnosis/app/Models/GroceryCrudModel.php(491): CodeIgniter\Database\BaseBuilder->insert(Array)
#5 /home/interne1/public_html/mymisdiagnosis/app/Libraries/GroceryCrud.php(963): App\Models\GroceryCrudModel->db_insert(Array)
#6 /home/interne1/public_html/mymisdiagnosis/app/Libraries/GroceryCrud.php(4557): App\Libraries\grocery_CRUD_Model_Driver->db_insert(Object(stdClass))
#7 /home/interne1/public_html/mymisdiagnosis/app/Controllers/Product.php(266): App\Libraries\GroceryCrud->render()
#8 /home/interne1/public_html/mymisdiagnosis/system/CodeIgniter.php(936): App\Controllers\Product->user_settings('insert')
#9 /home/interne1/public_html/mymisdiagnosis/system/CodeIgniter.php(432): CodeIgniter\CodeIgniter->runController(Object(App\Controllers\Product))
#10 /home/interne1/public_html/mymisdiagnosis/system/CodeIgniter.php(333): CodeIgniter\CodeIgniter->handleRequest(NULL, Object(Config\Cache), false)
#11 /home/interne1/public_html/mymisdiagnosis/public/index.php(44): CodeIgniter\CodeIgniter->run()
#12 {main}
CRITICAL - 2021-04-15 22:32:13 --> Unknown column 'manual_auto_play' in 'field list'
#0 /home/interne1/public_html/mymisdiagnosis/system/Database/MySQLi/Connection.php(314): mysqli->query('INSERT INTO `us...')
#1 /home/interne1/public_html/mymisdiagnosis/system/Database/BaseConnection.php(713): CodeIgniter\Database\MySQLi\Connection->execute('INSERT INTO `us...')
#2 /home/interne1/public_html/mymisdiagnosis/system/Database/BaseConnection.php(641): CodeIgniter\Database\BaseConnection->simpleQuery('INSERT INTO `us...')
#3 /home/interne1/public_html/mymisdiagnosis/system/Database/BaseBuilder.php(2263): CodeIgniter\Database\BaseConnection->query('INSERT INTO `us...', Array, false)
#4 /home/interne1/public_html/mymisdiagnosis/app/Models/GroceryCrudModel.php(491): CodeIgniter\Database\BaseBuilder->insert(Array)
#5 /home/interne1/public_html/mymisdiagnosis/app/Libraries/GroceryCrud.php(963): App\Models\GroceryCrudModel->db_insert(Array)
#6 /home/interne1/public_html/mymisdiagnosis/app/Libraries/GroceryCrud.php(4557): App\Libraries\grocery_CRUD_Model_Driver->db_insert(Object(stdClass))
#7 /home/interne1/public_html/mymisdiagnosis/app/Controllers/Product.php(266): App\Libraries\GroceryCrud->render()
#8 /home/interne1/public_html/mymisdiagnosis/system/CodeIgniter.php(936): App\Controllers\Product->user_settings('insert')
#9 /home/interne1/public_html/mymisdiagnosis/system/CodeIgniter.php(432): CodeIgniter\CodeIgniter->runController(Object(App\Controllers\Product))
#10 /home/interne1/public_html/mymisdiagnosis/system/CodeIgniter.php(333): CodeIgniter\CodeIgniter->handleRequest(NULL, Object(Config\Cache), false)
#11 /home/interne1/public_html/mymisdiagnosis/public/index.php(44): CodeIgniter\CodeIgniter->run()
#12 {main}
ERROR - 2021-04-15 22:32:15 --> mysqli_sql_exception: Unknown column 'manual_auto_play' in 'field list' in /home/interne1/public_html/mymisdiagnosis/system/Database/MySQLi/Connection.php:314
Stack trace:
#0 /home/interne1/public_html/mymisdiagnosis/system/Database/MySQLi/Connection.php(314): mysqli->query('INSERT INTO `us...')
#1 /home/interne1/public_html/mymisdiagnosis/system/Database/BaseConnection.php(713): CodeIgniter\Database\MySQLi\Connection->execute('INSERT INTO `us...')
#2 /home/interne1/public_html/mymisdiagnosis/system/Database/BaseConnection.php(641): CodeIgniter\Database\BaseConnection->simpleQuery('INSERT INTO `us...')
#3 /home/interne1/public_html/mymisdiagnosis/system/Database/BaseBuilder.php(2263): CodeIgniter\Database\BaseConnection->query('INSERT INTO `us...', Array, false)
#4 /home/interne1/public_html/mymisdiagnosis/app/Models/GroceryCrudModel.php(491): CodeIgniter\Database\BaseBuilder->insert(Array)
#5 /home/interne1/public_html/mymisdiagnosis/app/Libraries/GroceryCrud.php(963): App\Models\GroceryCrudModel->db_insert(Array)
#6 /home/interne1/public_html/mymisdiagnosis/app/Libraries/GroceryCrud.php(4557): App\Libraries\grocery_CRUD_Model_Driver->db_insert(Object(stdClass))
#7 /home/interne1/public_html/mymisdiagnosis/app/Controllers/Product.php(266): App\Libraries\GroceryCrud->render()
#8 /home/interne1/public_html/mymisdiagnosis/system/CodeIgniter.php(936): App\Controllers\Product->user_settings('insert')
#9 /home/interne1/public_html/mymisdiagnosis/system/CodeIgniter.php(432): CodeIgniter\CodeIgniter->runController(Object(App\Controllers\Product))
#10 /home/interne1/public_html/mymisdiagnosis/system/CodeIgniter.php(333): CodeIgniter\CodeIgniter->handleRequest(NULL, Object(Config\Cache), false)
#11 /home/interne1/public_html/mymisdiagnosis/public/index.php(44): CodeIgniter\CodeIgniter->run()
#12 {main}
CRITICAL - 2021-04-15 22:32:15 --> Unknown column 'manual_auto_play' in 'field list'
#0 /home/interne1/public_html/mymisdiagnosis/system/Database/MySQLi/Connection.php(314): mysqli->query('INSERT INTO `us...')
#1 /home/interne1/public_html/mymisdiagnosis/system/Database/BaseConnection.php(713): CodeIgniter\Database\MySQLi\Connection->execute('INSERT INTO `us...')
#2 /home/interne1/public_html/mymisdiagnosis/system/Database/BaseConnection.php(641): CodeIgniter\Database\BaseConnection->simpleQuery('INSERT INTO `us...')
#3 /home/interne1/public_html/mymisdiagnosis/system/Database/BaseBuilder.php(2263): CodeIgniter\Database\BaseConnection->query('INSERT INTO `us...', Array, false)
#4 /home/interne1/public_html/mymisdiagnosis/app/Models/GroceryCrudModel.php(491): CodeIgniter\Database\BaseBuilder->insert(Array)
#5 /home/interne1/public_html/mymisdiagnosis/app/Libraries/GroceryCrud.php(963): App\Models\GroceryCrudModel->db_insert(Array)
#6 /home/interne1/public_html/mymisdiagnosis/app/Libraries/GroceryCrud.php(4557): App\Libraries\grocery_CRUD_Model_Driver->db_insert(Object(stdClass))
#7 /home/interne1/public_html/mymisdiagnosis/app/Controllers/Product.php(266): App\Libraries\GroceryCrud->render()
#8 /home/interne1/public_html/mymisdiagnosis/system/CodeIgniter.php(936): App\Controllers\Product->user_settings('insert')
#9 /home/interne1/public_html/mymisdiagnosis/system/CodeIgniter.php(432): CodeIgniter\CodeIgniter->runController(Object(App\Controllers\Product))
#10 /home/interne1/public_html/mymisdiagnosis/system/CodeIgniter.php(333): CodeIgniter\CodeIgniter->handleRequest(NULL, Object(Config\Cache), false)
#11 /home/interne1/public_html/mymisdiagnosis/public/index.php(44): CodeIgniter\CodeIgniter->run()
#12 {main}
ERROR - 2021-04-15 22:32:45 --> mysqli_sql_exception: Unknown column 'manual_auto_play' in 'field list' in /home/interne1/public_html/mymisdiagnosis/system/Database/MySQLi/Connection.php:314
Stack trace:
#0 /home/interne1/public_html/mymisdiagnosis/system/Database/MySQLi/Connection.php(314): mysqli->query('INSERT INTO `us...')
#1 /home/interne1/public_html/mymisdiagnosis/system/Database/BaseConnection.php(713): CodeIgniter\Database\MySQLi\Connection->execute('INSERT INTO `us...')
#2 /home/interne1/public_html/mymisdiagnosis/system/Database/BaseConnection.php(641): CodeIgniter\Database\BaseConnection->simpleQuery('INSERT INTO `us...')
#3 /home/interne1/public_html/mymisdiagnosis/system/Database/BaseBuilder.php(2263): CodeIgniter\Database\BaseConnection->query('INSERT INTO `us...', Array, false)
#4 /home/interne1/public_html/mymisdiagnosis/app/Models/GroceryCrudModel.php(491): CodeIgniter\Database\BaseBuilder->insert(Array)
#5 /home/interne1/public_html/mymisdiagnosis/app/Libraries/GroceryCrud.php(963): App\Models\GroceryCrudModel->db_insert(Array)
#6 /home/interne1/public_html/mymisdiagnosis/app/Libraries/GroceryCrud.php(4557): App\Libraries\grocery_CRUD_Model_Driver->db_insert(Object(stdClass))
#7 /home/interne1/public_html/mymisdiagnosis/app/Controllers/Product.php(266): App\Libraries\GroceryCrud->render()
#8 /home/interne1/public_html/mymisdiagnosis/system/CodeIgniter.php(936): App\Controllers\Product->user_settings('packs', 'insert')
#9 /home/interne1/public_html/mymisdiagnosis/system/CodeIgniter.php(432): CodeIgniter\CodeIgniter->runController(Object(App\Controllers\Product))
#10 /home/interne1/public_html/mymisdiagnosis/system/CodeIgniter.php(333): CodeIgniter\CodeIgniter->handleRequest(NULL, Object(Config\Cache), false)
#11 /home/interne1/public_html/mymisdiagnosis/public/index.php(44): CodeIgniter\CodeIgniter->run()
#12 {main}
CRITICAL - 2021-04-15 22:32:45 --> Unknown column 'manual_auto_play' in 'field list'
#0 /home/interne1/public_html/mymisdiagnosis/system/Database/MySQLi/Connection.php(314): mysqli->query('INSERT INTO `us...')
#1 /home/interne1/public_html/mymisdiagnosis/system/Database/BaseConnection.php(713): CodeIgniter\Database\MySQLi\Connection->execute('INSERT INTO `us...')
#2 /home/interne1/public_html/mymisdiagnosis/system/Database/BaseConnection.php(641): CodeIgniter\Database\BaseConnection->simpleQuery('INSERT INTO `us...')
#3 /home/interne1/public_html/mymisdiagnosis/system/Database/BaseBuilder.php(2263): CodeIgniter\Database\BaseConnection->query('INSERT INTO `us...', Array, false)
#4 /home/interne1/public_html/mymisdiagnosis/app/Models/GroceryCrudModel.php(491): CodeIgniter\Database\BaseBuilder->insert(Array)
#5 /home/interne1/public_html/mymisdiagnosis/app/Libraries/GroceryCrud.php(963): App\Models\GroceryCrudModel->db_insert(Array)
#6 /home/interne1/public_html/mymisdiagnosis/app/Libraries/GroceryCrud.php(4557): App\Libraries\grocery_CRUD_Model_Driver->db_insert(Object(stdClass))
#7 /home/interne1/public_html/mymisdiagnosis/app/Controllers/Product.php(266): App\Libraries\GroceryCrud->render()
#8 /home/interne1/public_html/mymisdiagnosis/system/CodeIgniter.php(936): App\Controllers\Product->user_settings('packs', 'insert')
#9 /home/interne1/public_html/mymisdiagnosis/system/CodeIgniter.php(432): CodeIgniter\CodeIgniter->runController(Object(App\Controllers\Product))
#10 /home/interne1/public_html/mymisdiagnosis/system/CodeIgniter.php(333): CodeIgniter\CodeIgniter->handleRequest(NULL, Object(Config\Cache), false)
#11 /home/interne1/public_html/mymisdiagnosis/public/index.php(44): CodeIgniter\CodeIgniter->run()
#12 {main}
ERROR - 2021-04-15 22:34:15 --> mysqli_sql_exception: Unknown column 'manual_auto_play' in 'field list' in /home/interne1/public_html/mymisdiagnosis/system/Database/MySQLi/Connection.php:314
Stack trace:
#0 /home/interne1/public_html/mymisdiagnosis/system/Database/MySQLi/Connection.php(314): mysqli->query('INSERT INTO `us...')
#1 /home/interne1/public_html/mymisdiagnosis/system/Database/BaseConnection.php(713): CodeIgniter\Database\MySQLi\Connection->execute('INSERT INTO `us...')
#2 /home/interne1/public_html/mymisdiagnosis/system/Database/BaseConnection.php(641): CodeIgniter\Database\BaseConnection->simpleQuery('INSERT INTO `us...')
#3 /home/interne1/public_html/mymisdiagnosis/system/Database/BaseBuilder.php(2263): CodeIgniter\Database\BaseConnection->query('INSERT INTO `us...', Array, false)
#4 /home/interne1/public_html/mymisdiagnosis/app/Models/GroceryCrudModel.php(491): CodeIgniter\Database\BaseBuilder->insert(Array)
#5 /home/interne1/public_html/mymisdiagnosis/app/Libraries/GroceryCrud.php(963): App\Models\GroceryCrudModel->db_insert(Array)
#6 /home/interne1/public_html/mymisdiagnosis/app/Libraries/GroceryCrud.php(4557): App\Libraries\grocery_CRUD_Model_Driver->db_insert(Object(stdClass))
#7 /home/interne1/public_html/mymisdiagnosis/app/Controllers/Product.php(266): App\Libraries\GroceryCrud->render()
#8 /home/interne1/public_html/mymisdiagnosis/system/CodeIgniter.php(936): App\Controllers\Product->user_settings('insert')
#9 /home/interne1/public_html/mymisdiagnosis/system/CodeIgniter.php(432): CodeIgniter\CodeIgniter->runController(Object(App\Controllers\Product))
#10 /home/interne1/public_html/mymisdiagnosis/system/CodeIgniter.php(333): CodeIgniter\CodeIgniter->handleRequest(NULL, Object(Config\Cache), false)
#11 /home/interne1/public_html/mymisdiagnosis/public/index.php(44): CodeIgniter\CodeIgniter->run()
#12 {main}
CRITICAL - 2021-04-15 22:34:15 --> Unknown column 'manual_auto_play' in 'field list'
#0 /home/interne1/public_html/mymisdiagnosis/system/Database/MySQLi/Connection.php(314): mysqli->query('INSERT INTO `us...')
#1 /home/interne1/public_html/mymisdiagnosis/system/Database/BaseConnection.php(713): CodeIgniter\Database\MySQLi\Connection->execute('INSERT INTO `us...')
#2 /home/interne1/public_html/mymisdiagnosis/system/Database/BaseConnection.php(641): CodeIgniter\Database\BaseConnection->simpleQuery('INSERT INTO `us...')
#3 /home/interne1/public_html/mymisdiagnosis/system/Database/BaseBuilder.php(2263): CodeIgniter\Database\BaseConnection->query('INSERT INTO `us...', Array, false)
#4 /home/interne1/public_html/mymisdiagnosis/app/Models/GroceryCrudModel.php(491): CodeIgniter\Database\BaseBuilder->insert(Array)
#5 /home/interne1/public_html/mymisdiagnosis/app/Libraries/GroceryCrud.php(963): App\Models\GroceryCrudModel->db_insert(Array)
#6 /home/interne1/public_html/mymisdiagnosis/app/Libraries/GroceryCrud.php(4557): App\Libraries\grocery_CRUD_Model_Driver->db_insert(Object(stdClass))
#7 /home/interne1/public_html/mymisdiagnosis/app/Controllers/Product.php(266): App\Libraries\GroceryCrud->render()
#8 /home/interne1/public_html/mymisdiagnosis/system/CodeIgniter.php(936): App\Controllers\Product->user_settings('insert')
#9 /home/interne1/public_html/mymisdiagnosis/system/CodeIgniter.php(432): CodeIgniter\CodeIgniter->runController(Object(App\Controllers\Product))
#10 /home/interne1/public_html/mymisdiagnosis/system/CodeIgniter.php(333): CodeIgniter\CodeIgniter->handleRequest(NULL, Object(Config\Cache), false)
#11 /home/interne1/public_html/mymisdiagnosis/public/index.php(44): CodeIgniter\CodeIgniter->run()
#12 {main}
ERROR - 2021-04-15 22:35:00 --> mysqli_sql_exception: Unknown column 'manual_auto_play' in 'field list' in /home/interne1/public_html/mymisdiagnosis/system/Database/MySQLi/Connection.php:314
Stack trace:
#0 /home/interne1/public_html/mymisdiagnosis/system/Database/MySQLi/Connection.php(314): mysqli->query('INSERT INTO `us...')
#1 /home/interne1/public_html/mymisdiagnosis/system/Database/BaseConnection.php(713): CodeIgniter\Database\MySQLi\Connection->execute('INSERT INTO `us...')
#2 /home/interne1/public_html/mymisdiagnosis/system/Database/BaseConnection.php(641): CodeIgniter\Database\BaseConnection->simpleQuery('INSERT INTO `us...')
#3 /home/interne1/public_html/mymisdiagnosis/system/Database/BaseBuilder.php(2263): CodeIgniter\Database\BaseConnection->query('INSERT INTO `us...', Array, false)
#4 /home/interne1/public_html/mymisdiagnosis/app/Models/GroceryCrudModel.php(491): CodeIgniter\Database\BaseBuilder->insert(Array)
#5 /home/interne1/public_html/mymisdiagnosis/app/Libraries/GroceryCrud.php(963): App\Models\GroceryCrudModel->db_insert(Array)
#6 /home/interne1/public_html/mymisdiagnosis/app/Libraries/GroceryCrud.php(4557): App\Libraries\grocery_CRUD_Model_Driver->db_insert(Object(stdClass))
#7 /home/interne1/public_html/mymisdiagnosis/app/Controllers/Product.php(266): App\Libraries\GroceryCrud->render()
#8 /home/interne1/public_html/mymisdiagnosis/system/CodeIgniter.php(936): App\Controllers\Product->user_settings('insert')
#9 /home/interne1/public_html/mymisdiagnosis/system/CodeIgniter.php(432): CodeIgniter\CodeIgniter->runController(Object(App\Controllers\Product))
#10 /home/interne1/public_html/mymisdiagnosis/system/CodeIgniter.php(333): CodeIgniter\CodeIgniter->handleRequest(NULL, Object(Config\Cache), false)
#11 /home/interne1/public_html/mymisdiagnosis/public/index.php(44): CodeIgniter\CodeIgniter->run()
#12 {main}
CRITICAL - 2021-04-15 22:35:00 --> Unknown column 'manual_auto_play' in 'field list'
#0 /home/interne1/public_html/mymisdiagnosis/system/Database/MySQLi/Connection.php(314): mysqli->query('INSERT INTO `us...')
#1 /home/interne1/public_html/mymisdiagnosis/system/Database/BaseConnection.php(713): CodeIgniter\Database\MySQLi\Connection->execute('INSERT INTO `us...')
#2 /home/interne1/public_html/mymisdiagnosis/system/Database/BaseConnection.php(641): CodeIgniter\Database\BaseConnection->simpleQuery('INSERT INTO `us...')
#3 /home/interne1/public_html/mymisdiagnosis/system/Database/BaseBuilder.php(2263): CodeIgniter\Database\BaseConnection->query('INSERT INTO `us...', Array, false)
#4 /home/interne1/public_html/mymisdiagnosis/app/Models/GroceryCrudModel.php(491): CodeIgniter\Database\BaseBuilder->insert(Array)
#5 /home/interne1/public_html/mymisdiagnosis/app/Libraries/GroceryCrud.php(963): App\Models\GroceryCrudModel->db_insert(Array)
#6 /home/interne1/public_html/mymisdiagnosis/app/Libraries/GroceryCrud.php(4557): App\Libraries\grocery_CRUD_Model_Driver->db_insert(Object(stdClass))
#7 /home/interne1/public_html/mymisdiagnosis/app/Controllers/Product.php(266): App\Libraries\GroceryCrud->render()
#8 /home/interne1/public_html/mymisdiagnosis/system/CodeIgniter.php(936): App\Controllers\Product->user_settings('insert')
#9 /home/interne1/public_html/mymisdiagnosis/system/CodeIgniter.php(432): CodeIgniter\CodeIgniter->runController(Object(App\Controllers\Product))
#10 /home/interne1/public_html/mymisdiagnosis/system/CodeIgniter.php(333): CodeIgniter\CodeIgniter->handleRequest(NULL, Object(Config\Cache), false)
#11 /home/interne1/public_html/mymisdiagnosis/public/index.php(44): CodeIgniter\CodeIgniter->run()
#12 {main}
ERROR - 2021-04-15 22:35:42 --> mysqli_sql_exception: Unknown column 'manual_auto_play' in 'field list' in /home/interne1/public_html/mymisdiagnosis/system/Database/MySQLi/Connection.php:314
Stack trace:
#0 /home/interne1/public_html/mymisdiagnosis/system/Database/MySQLi/Connection.php(314): mysqli->query('INSERT INTO `us...')
#1 /home/interne1/public_html/mymisdiagnosis/system/Database/BaseConnection.php(713): CodeIgniter\Database\MySQLi\Connection->execute('INSERT INTO `us...')
#2 /home/interne1/public_html/mymisdiagnosis/system/Database/BaseConnection.php(641): CodeIgniter\Database\BaseConnection->simpleQuery('INSERT INTO `us...')
#3 /home/interne1/public_html/mymisdiagnosis/system/Database/BaseBuilder.php(2263): CodeIgniter\Database\BaseConnection->query('INSERT INTO `us...', Array, false)
#4 /home/interne1/public_html/mymisdiagnosis/app/Models/GroceryCrudModel.php(491): CodeIgniter\Database\BaseBuilder->insert(Array)
#5 /home/interne1/public_html/mymisdiagnosis/app/Libraries/GroceryCrud.php(963): App\Models\GroceryCrudModel->db_insert(Array)
#6 /home/interne1/public_html/mymisdiagnosis/app/Libraries/GroceryCrud.php(4557): App\Libraries\grocery_CRUD_Model_Driver->db_insert(Object(stdClass))
#7 /home/interne1/public_html/mymisdiagnosis/app/Controllers/Product.php(266): App\Libraries\GroceryCrud->render()
#8 /home/interne1/public_html/mymisdiagnosis/system/CodeIgniter.php(936): App\Controllers\Product->user_settings('insert')
#9 /home/interne1/public_html/mymisdiagnosis/system/CodeIgniter.php(432): CodeIgniter\CodeIgniter->runController(Object(App\Controllers\Product))
#10 /home/interne1/public_html/mymisdiagnosis/system/CodeIgniter.php(333): CodeIgniter\CodeIgniter->handleRequest(NULL, Object(Config\Cache), false)
#11 /home/interne1/public_html/mymisdiagnosis/public/index.php(44): CodeIgniter\CodeIgniter->run()
#12 {main}
CRITICAL - 2021-04-15 22:35:42 --> Unknown column 'manual_auto_play' in 'field list'
#0 /home/interne1/public_html/mymisdiagnosis/system/Database/MySQLi/Connection.php(314): mysqli->query('INSERT INTO `us...')
#1 /home/interne1/public_html/mymisdiagnosis/system/Database/BaseConnection.php(713): CodeIgniter\Database\MySQLi\Connection->execute('INSERT INTO `us...')
#2 /home/interne1/public_html/mymisdiagnosis/system/Database/BaseConnection.php(641): CodeIgniter\Database\BaseConnection->simpleQuery('INSERT INTO `us...')
#3 /home/interne1/public_html/mymisdiagnosis/system/Database/BaseBuilder.php(2263): CodeIgniter\Database\BaseConnection->query('INSERT INTO `us...', Array, false)
#4 /home/interne1/public_html/mymisdiagnosis/app/Models/GroceryCrudModel.php(491): CodeIgniter\Database\BaseBuilder->insert(Array)
#5 /home/interne1/public_html/mymisdiagnosis/app/Libraries/GroceryCrud.php(963): App\Models\GroceryCrudModel->db_insert(Array)
#6 /home/interne1/public_html/mymisdiagnosis/app/Libraries/GroceryCrud.php(4557): App\Libraries\grocery_CRUD_Model_Driver->db_insert(Object(stdClass))
#7 /home/interne1/public_html/mymisdiagnosis/app/Controllers/Product.php(266): App\Libraries\GroceryCrud->render()
#8 /home/interne1/public_html/mymisdiagnosis/system/CodeIgniter.php(936): App\Controllers\Product->user_settings('insert')
#9 /home/interne1/public_html/mymisdiagnosis/system/CodeIgniter.php(432): CodeIgniter\CodeIgniter->runController(Object(App\Controllers\Product))
#10 /home/interne1/public_html/mymisdiagnosis/system/CodeIgniter.php(333): CodeIgniter\CodeIgniter->handleRequest(NULL, Object(Config\Cache), false)
#11 /home/interne1/public_html/mymisdiagnosis/public/index.php(44): CodeIgniter\CodeIgniter->run()
#12 {main}
ERROR - 2021-04-15 22:36:15 --> mysqli_sql_exception: Unknown column 'manual_auto_play' in 'field list' in /home/interne1/public_html/mymisdiagnosis/system/Database/MySQLi/Connection.php:314
Stack trace:
#0 /home/interne1/public_html/mymisdiagnosis/system/Database/MySQLi/Connection.php(314): mysqli->query('INSERT INTO `us...')
#1 /home/interne1/public_html/mymisdiagnosis/system/Database/BaseConnection.php(713): CodeIgniter\Database\MySQLi\Connection->execute('INSERT INTO `us...')
#2 /home/interne1/public_html/mymisdiagnosis/system/Database/BaseConnection.php(641): CodeIgniter\Database\BaseConnection->simpleQuery('INSERT INTO `us...')
#3 /home/interne1/public_html/mymisdiagnosis/system/Database/BaseBuilder.php(2263): CodeIgniter\Database\BaseConnection->query('INSERT INTO `us...', Array, false)
#4 /home/interne1/public_html/mymisdiagnosis/app/Models/GroceryCrudModel.php(491): CodeIgniter\Database\BaseBuilder->insert(Array)
#5 /home/interne1/public_html/mymisdiagnosis/app/Libraries/GroceryCrud.php(963): App\Models\GroceryCrudModel->db_insert(Array)
#6 /home/interne1/public_html/mymisdiagnosis/app/Libraries/GroceryCrud.php(4557): App\Libraries\grocery_CRUD_Model_Driver->db_insert(Object(stdClass))
#7 /home/interne1/public_html/mymisdiagnosis/app/Controllers/Product.php(266): App\Libraries\GroceryCrud->render()
#8 /home/interne1/public_html/mymisdiagnosis/system/CodeIgniter.php(936): App\Controllers\Product->user_settings('packs', 'insert')
#9 /home/interne1/public_html/mymisdiagnosis/system/CodeIgniter.php(432): CodeIgniter\CodeIgniter->runController(Object(App\Controllers\Product))
#10 /home/interne1/public_html/mymisdiagnosis/system/CodeIgniter.php(333): CodeIgniter\CodeIgniter->handleRequest(NULL, Object(Config\Cache), false)
#11 /home/interne1/public_html/mymisdiagnosis/public/index.php(44): CodeIgniter\CodeIgniter->run()
#12 {main}
CRITICAL - 2021-04-15 22:36:15 --> Unknown column 'manual_auto_play' in 'field list'
#0 /home/interne1/public_html/mymisdiagnosis/system/Database/MySQLi/Connection.php(314): mysqli->query('INSERT INTO `us...')
#1 /home/interne1/public_html/mymisdiagnosis/system/Database/BaseConnection.php(713): CodeIgniter\Database\MySQLi\Connection->execute('INSERT INTO `us...')
#2 /home/interne1/public_html/mymisdiagnosis/system/Database/BaseConnection.php(641): CodeIgniter\Database\BaseConnection->simpleQuery('INSERT INTO `us...')
#3 /home/interne1/public_html/mymisdiagnosis/system/Database/BaseBuilder.php(2263): CodeIgniter\Database\BaseConnection->query('INSERT INTO `us...', Array, false)
#4 /home/interne1/public_html/mymisdiagnosis/app/Models/GroceryCrudModel.php(491): CodeIgniter\Database\BaseBuilder->insert(Array)
#5 /home/interne1/public_html/mymisdiagnosis/app/Libraries/GroceryCrud.php(963): App\Models\GroceryCrudModel->db_insert(Array)
#6 /home/interne1/public_html/mymisdiagnosis/app/Libraries/GroceryCrud.php(4557): App\Libraries\grocery_CRUD_Model_Driver->db_insert(Object(stdClass))
#7 /home/interne1/public_html/mymisdiagnosis/app/Controllers/Product.php(266): App\Libraries\GroceryCrud->render()
#8 /home/interne1/public_html/mymisdiagnosis/system/CodeIgniter.php(936): App\Controllers\Product->user_settings('packs', 'insert')
#9 /home/interne1/public_html/mymisdiagnosis/system/CodeIgniter.php(432): CodeIgniter\CodeIgniter->runController(Object(App\Controllers\Product))
#10 /home/interne1/public_html/mymisdiagnosis/system/CodeIgniter.php(333): CodeIgniter\CodeIgniter->handleRequest(NULL, Object(Config\Cache), false)
#11 /home/interne1/public_html/mymisdiagnosis/public/index.php(44): CodeIgniter\CodeIgniter->run()
#12 {main}
ERROR - 2021-04-15 22:36:28 --> mysqli_sql_exception: Unknown column 'manual_auto_play' in 'field list' in /home/interne1/public_html/mymisdiagnosis/system/Database/MySQLi/Connection.php:314
Stack trace:
#0 /home/interne1/public_html/mymisdiagnosis/system/Database/MySQLi/Connection.php(314): mysqli->query('INSERT INTO `us...')
#1 /home/interne1/public_html/mymisdiagnosis/system/Database/BaseConnection.php(713): CodeIgniter\Database\MySQLi\Connection->execute('INSERT INTO `us...')
#2 /home/interne1/public_html/mymisdiagnosis/system/Database/BaseConnection.php(641): CodeIgniter\Database\BaseConnection->simpleQuery('INSERT INTO `us...')
#3 /home/interne1/public_html/mymisdiagnosis/system/Database/BaseBuilder.php(2263): CodeIgniter\Database\BaseConnection->query('INSERT INTO `us...', Array, false)
#4 /home/interne1/public_html/mymisdiagnosis/app/Models/GroceryCrudModel.php(491): CodeIgniter\Database\BaseBuilder->insert(Array)
#5 /home/interne1/public_html/mymisdiagnosis/app/Libraries/GroceryCrud.php(963): App\Models\GroceryCrudModel->db_insert(Array)
#6 /home/interne1/public_html/mymisdiagnosis/app/Libraries/GroceryCrud.php(4557): App\Libraries\grocery_CRUD_Model_Driver->db_insert(Object(stdClass))
#7 /home/interne1/public_html/mymisdiagnosis/app/Controllers/Product.php(266): App\Libraries\GroceryCrud->render()
#8 /home/interne1/public_html/mymisdiagnosis/system/CodeIgniter.php(936): App\Controllers\Product->user_settings('packs', 'insert')
#9 /home/interne1/public_html/mymisdiagnosis/system/CodeIgniter.php(432): CodeIgniter\CodeIgniter->runController(Object(App\Controllers\Product))
#10 /home/interne1/public_html/mymisdiagnosis/system/CodeIgniter.php(333): CodeIgniter\CodeIgniter->handleRequest(NULL, Object(Config\Cache), false)
#11 /home/interne1/public_html/mymisdiagnosis/public/index.php(44): CodeIgniter\CodeIgniter->run()
#12 {main}
CRITICAL - 2021-04-15 22:36:28 --> Unknown column 'manual_auto_play' in 'field list'
#0 /home/interne1/public_html/mymisdiagnosis/system/Database/MySQLi/Connection.php(314): mysqli->query('INSERT INTO `us...')
#1 /home/interne1/public_html/mymisdiagnosis/system/Database/BaseConnection.php(713): CodeIgniter\Database\MySQLi\Connection->execute('INSERT INTO `us...')
#2 /home/interne1/public_html/mymisdiagnosis/system/Database/BaseConnection.php(641): CodeIgniter\Database\BaseConnection->simpleQuery('INSERT INTO `us...')
#3 /home/interne1/public_html/mymisdiagnosis/system/Database/BaseBuilder.php(2263): CodeIgniter\Database\BaseConnection->query('INSERT INTO `us...', Array, false)
#4 /home/interne1/public_html/mymisdiagnosis/app/Models/GroceryCrudModel.php(491): CodeIgniter\Database\BaseBuilder->insert(Array)
#5 /home/interne1/public_html/mymisdiagnosis/app/Libraries/GroceryCrud.php(963): App\Models\GroceryCrudModel->db_insert(Array)
#6 /home/interne1/public_html/mymisdiagnosis/app/Libraries/GroceryCrud.php(4557): App\Libraries\grocery_CRUD_Model_Driver->db_insert(Object(stdClass))
#7 /home/interne1/public_html/mymisdiagnosis/app/Controllers/Product.php(266): App\Libraries\GroceryCrud->render()
#8 /home/interne1/public_html/mymisdiagnosis/system/CodeIgniter.php(936): App\Controllers\Product->user_settings('packs', 'insert')
#9 /home/interne1/public_html/mymisdiagnosis/system/CodeIgniter.php(432): CodeIgniter\CodeIgniter->runController(Object(App\Controllers\Product))
#10 /home/interne1/public_html/mymisdiagnosis/system/CodeIgniter.php(333): CodeIgniter\CodeIgniter->handleRequest(NULL, Object(Config\Cache), false)
#11 /home/interne1/public_html/mymisdiagnosis/public/index.php(44): CodeIgniter\CodeIgniter->run()
#12 {main}
ERROR - 2021-04-15 22:37:52 --> mysqli_sql_exception: Unknown column 'manual_auto_play' in 'field list' in /home/interne1/public_html/mymisdiagnosis/system/Database/MySQLi/Connection.php:314
Stack trace:
#0 /home/interne1/public_html/mymisdiagnosis/system/Database/MySQLi/Connection.php(314): mysqli->query('INSERT INTO `us...')
#1 /home/interne1/public_html/mymisdiagnosis/system/Database/BaseConnection.php(713): CodeIgniter\Database\MySQLi\Connection->execute('INSERT INTO `us...')
#2 /home/interne1/public_html/mymisdiagnosis/system/Database/BaseConnection.php(641): CodeIgniter\Database\BaseConnection->simpleQuery('INSERT INTO `us...')
#3 /home/interne1/public_html/mymisdiagnosis/system/Database/BaseBuilder.php(2263): CodeIgniter\Database\BaseConnection->query('INSERT INTO `us...', Array, false)
#4 /home/interne1/public_html/mymisdiagnosis/app/Models/GroceryCrudModel.php(491): CodeIgniter\Database\BaseBuilder->insert(Array)
#5 /home/interne1/public_html/mymisdiagnosis/app/Libraries/GroceryCrud.php(963): App\Models\GroceryCrudModel->db_insert(Array)
#6 /home/interne1/public_html/mymisdiagnosis/app/Libraries/GroceryCrud.php(4557): App\Libraries\grocery_CRUD_Model_Driver->db_insert(Object(stdClass))
#7 /home/interne1/public_html/mymisdiagnosis/app/Controllers/Product.php(266): App\Libraries\GroceryCrud->render()
#8 /home/interne1/public_html/mymisdiagnosis/system/CodeIgniter.php(936): App\Controllers\Product->user_settings('insert')
#9 /home/interne1/public_html/mymisdiagnosis/system/CodeIgniter.php(432): CodeIgniter\CodeIgniter->runController(Object(App\Controllers\Product))
#10 /home/interne1/public_html/mymisdiagnosis/system/CodeIgniter.php(333): CodeIgniter\CodeIgniter->handleRequest(NULL, Object(Config\Cache), false)
#11 /home/interne1/public_html/mymisdiagnosis/public/index.php(44): CodeIgniter\CodeIgniter->run()
#12 {main}
CRITICAL - 2021-04-15 22:37:52 --> Unknown column 'manual_auto_play' in 'field list'
#0 /home/interne1/public_html/mymisdiagnosis/system/Database/MySQLi/Connection.php(314): mysqli->query('INSERT INTO `us...')
#1 /home/interne1/public_html/mymisdiagnosis/system/Database/BaseConnection.php(713): CodeIgniter\Database\MySQLi\Connection->execute('INSERT INTO `us...')
#2 /home/interne1/public_html/mymisdiagnosis/system/Database/BaseConnection.php(641): CodeIgniter\Database\BaseConnection->simpleQuery('INSERT INTO `us...')
#3 /home/interne1/public_html/mymisdiagnosis/system/Database/BaseBuilder.php(2263): CodeIgniter\Database\BaseConnection->query('INSERT INTO `us...', Array, false)
#4 /home/interne1/public_html/mymisdiagnosis/app/Models/GroceryCrudModel.php(491): CodeIgniter\Database\BaseBuilder->insert(Array)
#5 /home/interne1/public_html/mymisdiagnosis/app/Libraries/GroceryCrud.php(963): App\Models\GroceryCrudModel->db_insert(Array)
#6 /home/interne1/public_html/mymisdiagnosis/app/Libraries/GroceryCrud.php(4557): App\Libraries\grocery_CRUD_Model_Driver->db_insert(Object(stdClass))
#7 /home/interne1/public_html/mymisdiagnosis/app/Controllers/Product.php(266): App\Libraries\GroceryCrud->render()
#8 /home/interne1/public_html/mymisdiagnosis/system/CodeIgniter.php(936): App\Controllers\Product->user_settings('insert')
#9 /home/interne1/public_html/mymisdiagnosis/system/CodeIgniter.php(432): CodeIgniter\CodeIgniter->runController(Object(App\Controllers\Product))
#10 /home/interne1/public_html/mymisdiagnosis/system/CodeIgniter.php(333): CodeIgniter\CodeIgniter->handleRequest(NULL, Object(Config\Cache), false)
#11 /home/interne1/public_html/mymisdiagnosis/public/index.php(44): CodeIgniter\CodeIgniter->run()
#12 {main}
ERROR - 2021-04-15 22:38:23 --> mysqli_sql_exception: Unknown column 'manual_auto_play' in 'field list' in /home/interne1/public_html/mymisdiagnosis/system/Database/MySQLi/Connection.php:314
Stack trace:
#0 /home/interne1/public_html/mymisdiagnosis/system/Database/MySQLi/Connection.php(314): mysqli->query('INSERT INTO `us...')
#1 /home/interne1/public_html/mymisdiagnosis/system/Database/BaseConnection.php(713): CodeIgniter\Database\MySQLi\Connection->execute('INSERT INTO `us...')
#2 /home/interne1/public_html/mymisdiagnosis/system/Database/BaseConnection.php(641): CodeIgniter\Database\BaseConnection->simpleQuery('INSERT INTO `us...')
#3 /home/interne1/public_html/mymisdiagnosis/system/Database/BaseBuilder.php(2263): CodeIgniter\Database\BaseConnection->query('INSERT INTO `us...', Array, false)
#4 /home/interne1/public_html/mymisdiagnosis/app/Models/GroceryCrudModel.php(491): CodeIgniter\Database\BaseBuilder->insert(Array)
#5 /home/interne1/public_html/mymisdiagnosis/app/Libraries/GroceryCrud.php(963): App\Models\GroceryCrudModel->db_insert(Array)
#6 /home/interne1/public_html/mymisdiagnosis/app/Libraries/GroceryCrud.php(4557): App\Libraries\grocery_CRUD_Model_Driver->db_insert(Object(stdClass))
#7 /home/interne1/public_html/mymisdiagnosis/app/Controllers/Product.php(242): App\Libraries\GroceryCrud->render()
#8 /home/interne1/public_html/mymisdiagnosis/system/CodeIgniter.php(936): App\Controllers\Product->user_settings('insert')
#9 /home/interne1/public_html/mymisdiagnosis/system/CodeIgniter.php(432): CodeIgniter\CodeIgniter->runController(Object(App\Controllers\Product))
#10 /home/interne1/public_html/mymisdiagnosis/system/CodeIgniter.php(333): CodeIgniter\CodeIgniter->handleRequest(NULL, Object(Config\Cache), false)
#11 /home/interne1/public_html/mymisdiagnosis/public/index.php(44): CodeIgniter\CodeIgniter->run()
#12 {main}
CRITICAL - 2021-04-15 22:38:23 --> Unknown column 'manual_auto_play' in 'field list'
#0 /home/interne1/public_html/mymisdiagnosis/system/Database/MySQLi/Connection.php(314): mysqli->query('INSERT INTO `us...')
#1 /home/interne1/public_html/mymisdiagnosis/system/Database/BaseConnection.php(713): CodeIgniter\Database\MySQLi\Connection->execute('INSERT INTO `us...')
#2 /home/interne1/public_html/mymisdiagnosis/system/Database/BaseConnection.php(641): CodeIgniter\Database\BaseConnection->simpleQuery('INSERT INTO `us...')
#3 /home/interne1/public_html/mymisdiagnosis/system/Database/BaseBuilder.php(2263): CodeIgniter\Database\BaseConnection->query('INSERT INTO `us...', Array, false)
#4 /home/interne1/public_html/mymisdiagnosis/app/Models/GroceryCrudModel.php(491): CodeIgniter\Database\BaseBuilder->insert(Array)
#5 /home/interne1/public_html/mymisdiagnosis/app/Libraries/GroceryCrud.php(963): App\Models\GroceryCrudModel->db_insert(Array)
#6 /home/interne1/public_html/mymisdiagnosis/app/Libraries/GroceryCrud.php(4557): App\Libraries\grocery_CRUD_Model_Driver->db_insert(Object(stdClass))
#7 /home/interne1/public_html/mymisdiagnosis/app/Controllers/Product.php(242): App\Libraries\GroceryCrud->render()
#8 /home/interne1/public_html/mymisdiagnosis/system/CodeIgniter.php(936): App\Controllers\Product->user_settings('insert')
#9 /home/interne1/public_html/mymisdiagnosis/system/CodeIgniter.php(432): CodeIgniter\CodeIgniter->runController(Object(App\Controllers\Product))
#10 /home/interne1/public_html/mymisdiagnosis/system/CodeIgniter.php(333): CodeIgniter\CodeIgniter->handleRequest(NULL, Object(Config\Cache), false)
#11 /home/interne1/public_html/mymisdiagnosis/public/index.php(44): CodeIgniter\CodeIgniter->run()
#12 {main}
ERROR - 2021-04-15 22:38:27 --> mysqli_sql_exception: Unknown column 'manual_auto_play' in 'field list' in /home/interne1/public_html/mymisdiagnosis/system/Database/MySQLi/Connection.php:314
Stack trace:
#0 /home/interne1/public_html/mymisdiagnosis/system/Database/MySQLi/Connection.php(314): mysqli->query('INSERT INTO `us...')
#1 /home/interne1/public_html/mymisdiagnosis/system/Database/BaseConnection.php(713): CodeIgniter\Database\MySQLi\Connection->execute('INSERT INTO `us...')
#2 /home/interne1/public_html/mymisdiagnosis/system/Database/BaseConnection.php(641): CodeIgniter\Database\BaseConnection->simpleQuery('INSERT INTO `us...')
#3 /home/interne1/public_html/mymisdiagnosis/system/Database/BaseBuilder.php(2263): CodeIgniter\Database\BaseConnection->query('INSERT INTO `us...', Array, false)
#4 /home/interne1/public_html/mymisdiagnosis/app/Models/GroceryCrudModel.php(491): CodeIgniter\Database\BaseBuilder->insert(Array)
#5 /home/interne1/public_html/mymisdiagnosis/app/Libraries/GroceryCrud.php(963): App\Models\GroceryCrudModel->db_insert(Array)
#6 /home/interne1/public_html/mymisdiagnosis/app/Libraries/GroceryCrud.php(4557): App\Libraries\grocery_CRUD_Model_Driver->db_insert(Object(stdClass))
#7 /home/interne1/public_html/mymisdiagnosis/app/Controllers/Product.php(242): App\Libraries\GroceryCrud->render()
#8 /home/interne1/public_html/mymisdiagnosis/system/CodeIgniter.php(936): App\Controllers\Product->user_settings('insert')
#9 /home/interne1/public_html/mymisdiagnosis/system/CodeIgniter.php(432): CodeIgniter\CodeIgniter->runController(Object(App\Controllers\Product))
#10 /home/interne1/public_html/mymisdiagnosis/system/CodeIgniter.php(333): CodeIgniter\CodeIgniter->handleRequest(NULL, Object(Config\Cache), false)
#11 /home/interne1/public_html/mymisdiagnosis/public/index.php(44): CodeIgniter\CodeIgniter->run()
#12 {main}
CRITICAL - 2021-04-15 22:38:27 --> Unknown column 'manual_auto_play' in 'field list'
#0 /home/interne1/public_html/mymisdiagnosis/system/Database/MySQLi/Connection.php(314): mysqli->query('INSERT INTO `us...')
#1 /home/interne1/public_html/mymisdiagnosis/system/Database/BaseConnection.php(713): CodeIgniter\Database\MySQLi\Connection->execute('INSERT INTO `us...')
#2 /home/interne1/public_html/mymisdiagnosis/system/Database/BaseConnection.php(641): CodeIgniter\Database\BaseConnection->simpleQuery('INSERT INTO `us...')
#3 /home/interne1/public_html/mymisdiagnosis/system/Database/BaseBuilder.php(2263): CodeIgniter\Database\BaseConnection->query('INSERT INTO `us...', Array, false)
#4 /home/interne1/public_html/mymisdiagnosis/app/Models/GroceryCrudModel.php(491): CodeIgniter\Database\BaseBuilder->insert(Array)
#5 /home/interne1/public_html/mymisdiagnosis/app/Libraries/GroceryCrud.php(963): App\Models\GroceryCrudModel->db_insert(Array)
#6 /home/interne1/public_html/mymisdiagnosis/app/Libraries/GroceryCrud.php(4557): App\Libraries\grocery_CRUD_Model_Driver->db_insert(Object(stdClass))
#7 /home/interne1/public_html/mymisdiagnosis/app/Controllers/Product.php(242): App\Libraries\GroceryCrud->render()
#8 /home/interne1/public_html/mymisdiagnosis/system/CodeIgniter.php(936): App\Controllers\Product->user_settings('insert')
#9 /home/interne1/public_html/mymisdiagnosis/system/CodeIgniter.php(432): CodeIgniter\CodeIgniter->runController(Object(App\Controllers\Product))
#10 /home/interne1/public_html/mymisdiagnosis/system/CodeIgniter.php(333): CodeIgniter\CodeIgniter->handleRequest(NULL, Object(Config\Cache), false)
#11 /home/interne1/public_html/mymisdiagnosis/public/index.php(44): CodeIgniter\CodeIgniter->run()
#12 {main}
ERROR - 2021-04-15 22:38:33 --> mysqli_sql_exception: Unknown column 'manual_auto_play' in 'field list' in /home/interne1/public_html/mymisdiagnosis/system/Database/MySQLi/Connection.php:314
Stack trace:
#0 /home/interne1/public_html/mymisdiagnosis/system/Database/MySQLi/Connection.php(314): mysqli->query('INSERT INTO `us...')
#1 /home/interne1/public_html/mymisdiagnosis/system/Database/BaseConnection.php(713): CodeIgniter\Database\MySQLi\Connection->execute('INSERT INTO `us...')
#2 /home/interne1/public_html/mymisdiagnosis/system/Database/BaseConnection.php(641): CodeIgniter\Database\BaseConnection->simpleQuery('INSERT INTO `us...')
#3 /home/interne1/public_html/mymisdiagnosis/system/Database/BaseBuilder.php(2263): CodeIgniter\Database\BaseConnection->query('INSERT INTO `us...', Array, false)
#4 /home/interne1/public_html/mymisdiagnosis/app/Models/GroceryCrudModel.php(491): CodeIgniter\Database\BaseBuilder->insert(Array)
#5 /home/interne1/public_html/mymisdiagnosis/app/Libraries/GroceryCrud.php(963): App\Models\GroceryCrudModel->db_insert(Array)
#6 /home/interne1/public_html/mymisdiagnosis/app/Libraries/GroceryCrud.php(4557): App\Libraries\grocery_CRUD_Model_Driver->db_insert(Object(stdClass))
#7 /home/interne1/public_html/mymisdiagnosis/app/Controllers/Product.php(242): App\Libraries\GroceryCrud->render()
#8 /home/interne1/public_html/mymisdiagnosis/system/CodeIgniter.php(936): App\Controllers\Product->user_settings('insert')
#9 /home/interne1/public_html/mymisdiagnosis/system/CodeIgniter.php(432): CodeIgniter\CodeIgniter->runController(Object(App\Controllers\Product))
#10 /home/interne1/public_html/mymisdiagnosis/system/CodeIgniter.php(333): CodeIgniter\CodeIgniter->handleRequest(NULL, Object(Config\Cache), false)
#11 /home/interne1/public_html/mymisdiagnosis/public/index.php(44): CodeIgniter\CodeIgniter->run()
#12 {main}
CRITICAL - 2021-04-15 22:38:33 --> Unknown column 'manual_auto_play' in 'field list'
#0 /home/interne1/public_html/mymisdiagnosis/system/Database/MySQLi/Connection.php(314): mysqli->query('INSERT INTO `us...')
#1 /home/interne1/public_html/mymisdiagnosis/system/Database/BaseConnection.php(713): CodeIgniter\Database\MySQLi\Connection->execute('INSERT INTO `us...')
#2 /home/interne1/public_html/mymisdiagnosis/system/Database/BaseConnection.php(641): CodeIgniter\Database\BaseConnection->simpleQuery('INSERT INTO `us...')
#3 /home/interne1/public_html/mymisdiagnosis/system/Database/BaseBuilder.php(2263): CodeIgniter\Database\BaseConnection->query('INSERT INTO `us...', Array, false)
#4 /home/interne1/public_html/mymisdiagnosis/app/Models/GroceryCrudModel.php(491): CodeIgniter\Database\BaseBuilder->insert(Array)
#5 /home/interne1/public_html/mymisdiagnosis/app/Libraries/GroceryCrud.php(963): App\Models\GroceryCrudModel->db_insert(Array)
#6 /home/interne1/public_html/mymisdiagnosis/app/Libraries/GroceryCrud.php(4557): App\Libraries\grocery_CRUD_Model_Driver->db_insert(Object(stdClass))
#7 /home/interne1/public_html/mymisdiagnosis/app/Controllers/Product.php(242): App\Libraries\GroceryCrud->render()
#8 /home/interne1/public_html/mymisdiagnosis/system/CodeIgniter.php(936): App\Controllers\Product->user_settings('insert')
#9 /home/interne1/public_html/mymisdiagnosis/system/CodeIgniter.php(432): CodeIgniter\CodeIgniter->runController(Object(App\Controllers\Product))
#10 /home/interne1/public_html/mymisdiagnosis/system/CodeIgniter.php(333): CodeIgniter\CodeIgniter->handleRequest(NULL, Object(Config\Cache), false)
#11 /home/interne1/public_html/mymisdiagnosis/public/index.php(44): CodeIgniter\CodeIgniter->run()
#12 {main}
ERROR - 2021-04-15 22:44:20 --> mysqli_sql_exception: Unknown column 'manual_auto_play' in 'field list' in /home/interne1/public_html/mymisdiagnosis/system/Database/MySQLi/Connection.php:314
Stack trace:
#0 /home/interne1/public_html/mymisdiagnosis/system/Database/MySQLi/Connection.php(314): mysqli->query('INSERT INTO `us...')
#1 /home/interne1/public_html/mymisdiagnosis/system/Database/BaseConnection.php(713): CodeIgniter\Database\MySQLi\Connection->execute('INSERT INTO `us...')
#2 /home/interne1/public_html/mymisdiagnosis/system/Database/BaseConnection.php(641): CodeIgniter\Database\BaseConnection->simpleQuery('INSERT INTO `us...')
#3 /home/interne1/public_html/mymisdiagnosis/system/Database/BaseBuilder.php(2263): CodeIgniter\Database\BaseConnection->query('INSERT INTO `us...', Array, false)
#4 /home/interne1/public_html/mymisdiagnosis/app/Models/GroceryCrudModel.php(491): CodeIgniter\Database\BaseBuilder->insert(Array)
#5 /home/interne1/public_html/mymisdiagnosis/app/Libraries/GroceryCrud.php(963): App\Models\GroceryCrudModel->db_insert(Array)
#6 /home/interne1/public_html/mymisdiagnosis/app/Libraries/GroceryCrud.php(4557): App\Libraries\grocery_CRUD_Model_Driver->db_insert(Object(stdClass))
#7 /home/interne1/public_html/mymisdiagnosis/app/Controllers/Product.php(266): App\Libraries\GroceryCrud->render()
#8 /home/interne1/public_html/mymisdiagnosis/system/CodeIgniter.php(936): App\Controllers\Product->user_settings('insert')
#9 /home/interne1/public_html/mymisdiagnosis/system/CodeIgniter.php(432): CodeIgniter\CodeIgniter->runController(Object(App\Controllers\Product))
#10 /home/interne1/public_html/mymisdiagnosis/system/CodeIgniter.php(333): CodeIgniter\CodeIgniter->handleRequest(NULL, Object(Config\Cache), false)
#11 /home/interne1/public_html/mymisdiagnosis/public/index.php(44): CodeIgniter\CodeIgniter->run()
#12 {main}
CRITICAL - 2021-04-15 22:44:20 --> Unknown column 'manual_auto_play' in 'field list'
#0 /home/interne1/public_html/mymisdiagnosis/system/Database/MySQLi/Connection.php(314): mysqli->query('INSERT INTO `us...')
#1 /home/interne1/public_html/mymisdiagnosis/system/Database/BaseConnection.php(713): CodeIgniter\Database\MySQLi\Connection->execute('INSERT INTO `us...')
#2 /home/interne1/public_html/mymisdiagnosis/system/Database/BaseConnection.php(641): CodeIgniter\Database\BaseConnection->simpleQuery('INSERT INTO `us...')
#3 /home/interne1/public_html/mymisdiagnosis/system/Database/BaseBuilder.php(2263): CodeIgniter\Database\BaseConnection->query('INSERT INTO `us...', Array, false)
#4 /home/interne1/public_html/mymisdiagnosis/app/Models/GroceryCrudModel.php(491): CodeIgniter\Database\BaseBuilder->insert(Array)
#5 /home/interne1/public_html/mymisdiagnosis/app/Libraries/GroceryCrud.php(963): App\Models\GroceryCrudModel->db_insert(Array)
#6 /home/interne1/public_html/mymisdiagnosis/app/Libraries/GroceryCrud.php(4557): App\Libraries\grocery_CRUD_Model_Driver->db_insert(Object(stdClass))
#7 /home/interne1/public_html/mymisdiagnosis/app/Controllers/Product.php(266): App\Libraries\GroceryCrud->render()
#8 /home/interne1/public_html/mymisdiagnosis/system/CodeIgniter.php(936): App\Controllers\Product->user_settings('insert')
#9 /home/interne1/public_html/mymisdiagnosis/system/CodeIgniter.php(432): CodeIgniter\CodeIgniter->runController(Object(App\Controllers\Product))
#10 /home/interne1/public_html/mymisdiagnosis/system/CodeIgniter.php(333): CodeIgniter\CodeIgniter->handleRequest(NULL, Object(Config\Cache), false)
#11 /home/interne1/public_html/mymisdiagnosis/public/index.php(44): CodeIgniter\CodeIgniter->run()
#12 {main}
ERROR - 2021-04-15 22:47:53 --> mysqli_sql_exception: Unknown column 'manual_auto_play' in 'field list' in /home/interne1/public_html/mymisdiagnosis/system/Database/MySQLi/Connection.php:314
Stack trace:
#0 /home/interne1/public_html/mymisdiagnosis/system/Database/MySQLi/Connection.php(314): mysqli->query('INSERT INTO `us...')
#1 /home/interne1/public_html/mymisdiagnosis/system/Database/BaseConnection.php(713): CodeIgniter\Database\MySQLi\Connection->execute('INSERT INTO `us...')
#2 /home/interne1/public_html/mymisdiagnosis/system/Database/BaseConnection.php(641): CodeIgniter\Database\BaseConnection->simpleQuery('INSERT INTO `us...')
#3 /home/interne1/public_html/mymisdiagnosis/system/Database/BaseBuilder.php(2263): CodeIgniter\Database\BaseConnection->query('INSERT INTO `us...', Array, false)
#4 /home/interne1/public_html/mymisdiagnosis/app/Models/GroceryCrudModel.php(491): CodeIgniter\Database\BaseBuilder->insert(Array)
#5 /home/interne1/public_html/mymisdiagnosis/app/Libraries/GroceryCrud.php(963): App\Models\GroceryCrudModel->db_insert(Array)
#6 /home/interne1/public_html/mymisdiagnosis/app/Libraries/GroceryCrud.php(4557): App\Libraries\grocery_CRUD_Model_Driver->db_insert(Object(stdClass))
#7 /home/interne1/public_html/mymisdiagnosis/app/Controllers/Product.php(266): App\Libraries\GroceryCrud->render()
#8 /home/interne1/public_html/mymisdiagnosis/system/CodeIgniter.php(936): App\Controllers\Product->user_settings('insert')
#9 /home/interne1/public_html/mymisdiagnosis/system/CodeIgniter.php(432): CodeIgniter\CodeIgniter->runController(Object(App\Controllers\Product))
#10 /home/interne1/public_html/mymisdiagnosis/system/CodeIgniter.php(333): CodeIgniter\CodeIgniter->handleRequest(NULL, Object(Config\Cache), false)
#11 /home/interne1/public_html/mymisdiagnosis/public/index.php(44): CodeIgniter\CodeIgniter->run()
#12 {main}
CRITICAL - 2021-04-15 22:47:53 --> Unknown column 'manual_auto_play' in 'field list'
#0 /home/interne1/public_html/mymisdiagnosis/system/Database/MySQLi/Connection.php(314): mysqli->query('INSERT INTO `us...')
#1 /home/interne1/public_html/mymisdiagnosis/system/Database/BaseConnection.php(713): CodeIgniter\Database\MySQLi\Connection->execute('INSERT INTO `us...')
#2 /home/interne1/public_html/mymisdiagnosis/system/Database/BaseConnection.php(641): CodeIgniter\Database\BaseConnection->simpleQuery('INSERT INTO `us...')
#3 /home/interne1/public_html/mymisdiagnosis/system/Database/BaseBuilder.php(2263): CodeIgniter\Database\BaseConnection->query('INSERT INTO `us...', Array, false)
#4 /home/interne1/public_html/mymisdiagnosis/app/Models/GroceryCrudModel.php(491): CodeIgniter\Database\BaseBuilder->insert(Array)
#5 /home/interne1/public_html/mymisdiagnosis/app/Libraries/GroceryCrud.php(963): App\Models\GroceryCrudModel->db_insert(Array)
#6 /home/interne1/public_html/mymisdiagnosis/app/Libraries/GroceryCrud.php(4557): App\Libraries\grocery_CRUD_Model_Driver->db_insert(Object(stdClass))
#7 /home/interne1/public_html/mymisdiagnosis/app/Controllers/Product.php(266): App\Libraries\GroceryCrud->render()
#8 /home/interne1/public_html/mymisdiagnosis/system/CodeIgniter.php(936): App\Controllers\Product->user_settings('insert')
#9 /home/interne1/public_html/mymisdiagnosis/system/CodeIgniter.php(432): CodeIgniter\CodeIgniter->runController(Object(App\Controllers\Product))
#10 /home/interne1/public_html/mymisdiagnosis/system/CodeIgniter.php(333): CodeIgniter\CodeIgniter->handleRequest(NULL, Object(Config\Cache), false)
#11 /home/interne1/public_html/mymisdiagnosis/public/index.php(44): CodeIgniter\CodeIgniter->run()
#12 {main}
ERROR - 2021-04-15 22:49:02 --> mysqli_sql_exception: Unknown column 'manual_auto_play' in 'field list' in /home/interne1/public_html/mymisdiagnosis/system/Database/MySQLi/Connection.php:314
Stack trace:
#0 /home/interne1/public_html/mymisdiagnosis/system/Database/MySQLi/Connection.php(314): mysqli->query('INSERT INTO `us...')
#1 /home/interne1/public_html/mymisdiagnosis/system/Database/BaseConnection.php(713): CodeIgniter\Database\MySQLi\Connection->execute('INSERT INTO `us...')
#2 /home/interne1/public_html/mymisdiagnosis/system/Database/BaseConnection.php(641): CodeIgniter\Database\BaseConnection->simpleQuery('INSERT INTO `us...')
#3 /home/interne1/public_html/mymisdiagnosis/system/Database/BaseBuilder.php(2263): CodeIgniter\Database\BaseConnection->query('INSERT INTO `us...', Array, false)
#4 /home/interne1/public_html/mymisdiagnosis/app/Models/GroceryCrudModel.php(491): CodeIgniter\Database\BaseBuilder->insert(Array)
#5 /home/interne1/public_html/mymisdiagnosis/app/Libraries/GroceryCrud.php(963): App\Models\GroceryCrudModel->db_insert(Array)
#6 /home/interne1/public_html/mymisdiagnosis/app/Libraries/GroceryCrud.php(4557): App\Libraries\grocery_CRUD_Model_Driver->db_insert(Object(stdClass))
#7 /home/interne1/public_html/mymisdiagnosis/app/Controllers/Product.php(266): App\Libraries\GroceryCrud->render()
#8 /home/interne1/public_html/mymisdiagnosis/system/CodeIgniter.php(936): App\Controllers\Product->user_settings('insert')
#9 /home/interne1/public_html/mymisdiagnosis/system/CodeIgniter.php(432): CodeIgniter\CodeIgniter->runController(Object(App\Controllers\Product))
#10 /home/interne1/public_html/mymisdiagnosis/system/CodeIgniter.php(333): CodeIgniter\CodeIgniter->handleRequest(NULL, Object(Config\Cache), false)
#11 /home/interne1/public_html/mymisdiagnosis/public/index.php(44): CodeIgniter\CodeIgniter->run()
#12 {main}
CRITICAL - 2021-04-15 22:49:02 --> Unknown column 'manual_auto_play' in 'field list'
#0 /home/interne1/public_html/mymisdiagnosis/system/Database/MySQLi/Connection.php(314): mysqli->query('INSERT INTO `us...')
#1 /home/interne1/public_html/mymisdiagnosis/system/Database/BaseConnection.php(713): CodeIgniter\Database\MySQLi\Connection->execute('INSERT INTO `us...')
#2 /home/interne1/public_html/mymisdiagnosis/system/Database/BaseConnection.php(641): CodeIgniter\Database\BaseConnection->simpleQuery('INSERT INTO `us...')
#3 /home/interne1/public_html/mymisdiagnosis/system/Database/BaseBuilder.php(2263): CodeIgniter\Database\BaseConnection->query('INSERT INTO `us...', Array, false)
#4 /home/interne1/public_html/mymisdiagnosis/app/Models/GroceryCrudModel.php(491): CodeIgniter\Database\BaseBuilder->insert(Array)
#5 /home/interne1/public_html/mymisdiagnosis/app/Libraries/GroceryCrud.php(963): App\Models\GroceryCrudModel->db_insert(Array)
#6 /home/interne1/public_html/mymisdiagnosis/app/Libraries/GroceryCrud.php(4557): App\Libraries\grocery_CRUD_Model_Driver->db_insert(Object(stdClass))
#7 /home/interne1/public_html/mymisdiagnosis/app/Controllers/Product.php(266): App\Libraries\GroceryCrud->render()
#8 /home/interne1/public_html/mymisdiagnosis/system/CodeIgniter.php(936): App\Controllers\Product->user_settings('insert')
#9 /home/interne1/public_html/mymisdiagnosis/system/CodeIgniter.php(432): CodeIgniter\CodeIgniter->runController(Object(App\Controllers\Product))
#10 /home/interne1/public_html/mymisdiagnosis/system/CodeIgniter.php(333): CodeIgniter\CodeIgniter->handleRequest(NULL, Object(Config\Cache), false)
#11 /home/interne1/public_html/mymisdiagnosis/public/index.php(44): CodeIgniter\CodeIgniter->run()
#12 {main}
ERROR - 2021-04-15 22:50:03 --> mysqli_sql_exception: Unknown column 'manual_auto_play' in 'field list' in /home/interne1/public_html/mymisdiagnosis/system/Database/MySQLi/Connection.php:314
Stack trace:
#0 /home/interne1/public_html/mymisdiagnosis/system/Database/MySQLi/Connection.php(314): mysqli->query('INSERT INTO `us...')
#1 /home/interne1/public_html/mymisdiagnosis/system/Database/BaseConnection.php(713): CodeIgniter\Database\MySQLi\Connection->execute('INSERT INTO `us...')
#2 /home/interne1/public_html/mymisdiagnosis/system/Database/BaseConnection.php(641): CodeIgniter\Database\BaseConnection->simpleQuery('INSERT INTO `us...')
#3 /home/interne1/public_html/mymisdiagnosis/system/Database/BaseBuilder.php(2263): CodeIgniter\Database\BaseConnection->query('INSERT INTO `us...', Array, false)
#4 /home/interne1/public_html/mymisdiagnosis/app/Models/GroceryCrudModel.php(491): CodeIgniter\Database\BaseBuilder->insert(Array)
#5 /home/interne1/public_html/mymisdiagnosis/app/Libraries/GroceryCrud.php(963): App\Models\GroceryCrudModel->db_insert(Array)
#6 /home/interne1/public_html/mymisdiagnosis/app/Libraries/GroceryCrud.php(4557): App\Libraries\grocery_CRUD_Model_Driver->db_insert(Object(stdClass))
#7 /home/interne1/public_html/mymisdiagnosis/app/Controllers/Product.php(266): App\Libraries\GroceryCrud->render()
#8 /home/interne1/public_html/mymisdiagnosis/system/CodeIgniter.php(936): App\Controllers\Product->user_settings('insert')
#9 /home/interne1/public_html/mymisdiagnosis/system/CodeIgniter.php(432): CodeIgniter\CodeIgniter->runController(Object(App\Controllers\Product))
#10 /home/interne1/public_html/mymisdiagnosis/system/CodeIgniter.php(333): CodeIgniter\CodeIgniter->handleRequest(NULL, Object(Config\Cache), false)
#11 /home/interne1/public_html/mymisdiagnosis/public/index.php(44): CodeIgniter\CodeIgniter->run()
#12 {main}
CRITICAL - 2021-04-15 22:50:03 --> Unknown column 'manual_auto_play' in 'field list'
#0 /home/interne1/public_html/mymisdiagnosis/system/Database/MySQLi/Connection.php(314): mysqli->query('INSERT INTO `us...')
#1 /home/interne1/public_html/mymisdiagnosis/system/Database/BaseConnection.php(713): CodeIgniter\Database\MySQLi\Connection->execute('INSERT INTO `us...')
#2 /home/interne1/public_html/mymisdiagnosis/system/Database/BaseConnection.php(641): CodeIgniter\Database\BaseConnection->simpleQuery('INSERT INTO `us...')
#3 /home/interne1/public_html/mymisdiagnosis/system/Database/BaseBuilder.php(2263): CodeIgniter\Database\BaseConnection->query('INSERT INTO `us...', Array, false)
#4 /home/interne1/public_html/mymisdiagnosis/app/Models/GroceryCrudModel.php(491): CodeIgniter\Database\BaseBuilder->insert(Array)
#5 /home/interne1/public_html/mymisdiagnosis/app/Libraries/GroceryCrud.php(963): App\Models\GroceryCrudModel->db_insert(Array)
#6 /home/interne1/public_html/mymisdiagnosis/app/Libraries/GroceryCrud.php(4557): App\Libraries\grocery_CRUD_Model_Driver->db_insert(Object(stdClass))
#7 /home/interne1/public_html/mymisdiagnosis/app/Controllers/Product.php(266): App\Libraries\GroceryCrud->render()
#8 /home/interne1/public_html/mymisdiagnosis/system/CodeIgniter.php(936): App\Controllers\Product->user_settings('insert')
#9 /home/interne1/public_html/mymisdiagnosis/system/CodeIgniter.php(432): CodeIgniter\CodeIgniter->runController(Object(App\Controllers\Product))
#10 /home/interne1/public_html/mymisdiagnosis/system/CodeIgniter.php(333): CodeIgniter\CodeIgniter->handleRequest(NULL, Object(Config\Cache), false)
#11 /home/interne1/public_html/mymisdiagnosis/public/index.php(44): CodeIgniter\CodeIgniter->run()
#12 {main}
ERROR - 2021-04-15 22:50:50 --> mysqli_sql_exception: Unknown column 'manual_auto_play' in 'field list' in /home/interne1/public_html/mymisdiagnosis/system/Database/MySQLi/Connection.php:314
Stack trace:
#0 /home/interne1/public_html/mymisdiagnosis/system/Database/MySQLi/Connection.php(314): mysqli->query('INSERT INTO `us...')
#1 /home/interne1/public_html/mymisdiagnosis/system/Database/BaseConnection.php(713): CodeIgniter\Database\MySQLi\Connection->execute('INSERT INTO `us...')
#2 /home/interne1/public_html/mymisdiagnosis/system/Database/BaseConnection.php(641): CodeIgniter\Database\BaseConnection->simpleQuery('INSERT INTO `us...')
#3 /home/interne1/public_html/mymisdiagnosis/system/Database/BaseBuilder.php(2263): CodeIgniter\Database\BaseConnection->query('INSERT INTO `us...', Array, false)
#4 /home/interne1/public_html/mymisdiagnosis/app/Models/GroceryCrudModel.php(491): CodeIgniter\Database\BaseBuilder->insert(Array)
#5 /home/interne1/public_html/mymisdiagnosis/app/Libraries/GroceryCrud.php(963): App\Models\GroceryCrudModel->db_insert(Array)
#6 /home/interne1/public_html/mymisdiagnosis/app/Libraries/GroceryCrud.php(4557): App\Libraries\grocery_CRUD_Model_Driver->db_insert(Object(stdClass))
#7 /home/interne1/public_html/mymisdiagnosis/app/Controllers/Product.php(266): App\Libraries\GroceryCrud->render()
#8 /home/interne1/public_html/mymisdiagnosis/system/CodeIgniter.php(936): App\Controllers\Product->user_settings('insert')
#9 /home/interne1/public_html/mymisdiagnosis/system/CodeIgniter.php(432): CodeIgniter\CodeIgniter->runController(Object(App\Controllers\Product))
#10 /home/interne1/public_html/mymisdiagnosis/system/CodeIgniter.php(333): CodeIgniter\CodeIgniter->handleRequest(NULL, Object(Config\Cache), false)
#11 /home/interne1/public_html/mymisdiagnosis/public/index.php(44): CodeIgniter\CodeIgniter->run()
#12 {main}
CRITICAL - 2021-04-15 22:50:50 --> Unknown column 'manual_auto_play' in 'field list'
#0 /home/interne1/public_html/mymisdiagnosis/system/Database/MySQLi/Connection.php(314): mysqli->query('INSERT INTO `us...')
#1 /home/interne1/public_html/mymisdiagnosis/system/Database/BaseConnection.php(713): CodeIgniter\Database\MySQLi\Connection->execute('INSERT INTO `us...')
#2 /home/interne1/public_html/mymisdiagnosis/system/Database/BaseConnection.php(641): CodeIgniter\Database\BaseConnection->simpleQuery('INSERT INTO `us...')
#3 /home/interne1/public_html/mymisdiagnosis/system/Database/BaseBuilder.php(2263): CodeIgniter\Database\BaseConnection->query('INSERT INTO `us...', Array, false)
#4 /home/interne1/public_html/mymisdiagnosis/app/Models/GroceryCrudModel.php(491): CodeIgniter\Database\BaseBuilder->insert(Array)
#5 /home/interne1/public_html/mymisdiagnosis/app/Libraries/GroceryCrud.php(963): App\Models\GroceryCrudModel->db_insert(Array)
#6 /home/interne1/public_html/mymisdiagnosis/app/Libraries/GroceryCrud.php(4557): App\Libraries\grocery_CRUD_Model_Driver->db_insert(Object(stdClass))
#7 /home/interne1/public_html/mymisdiagnosis/app/Controllers/Product.php(266): App\Libraries\GroceryCrud->render()
#8 /home/interne1/public_html/mymisdiagnosis/system/CodeIgniter.php(936): App\Controllers\Product->user_settings('insert')
#9 /home/interne1/public_html/mymisdiagnosis/system/CodeIgniter.php(432): CodeIgniter\CodeIgniter->runController(Object(App\Controllers\Product))
#10 /home/interne1/public_html/mymisdiagnosis/system/CodeIgniter.php(333): CodeIgniter\CodeIgniter->handleRequest(NULL, Object(Config\Cache), false)
#11 /home/interne1/public_html/mymisdiagnosis/public/index.php(44): CodeIgniter\CodeIgniter->run()
#12 {main}
ERROR - 2021-04-15 22:51:36 --> mysqli_sql_exception: Unknown column 'manual_auto_play' in 'field list' in /home/interne1/public_html/mymisdiagnosis/system/Database/MySQLi/Connection.php:314
Stack trace:
#0 /home/interne1/public_html/mymisdiagnosis/system/Database/MySQLi/Connection.php(314): mysqli->query('INSERT INTO `us...')
#1 /home/interne1/public_html/mymisdiagnosis/system/Database/BaseConnection.php(713): CodeIgniter\Database\MySQLi\Connection->execute('INSERT INTO `us...')
#2 /home/interne1/public_html/mymisdiagnosis/system/Database/BaseConnection.php(641): CodeIgniter\Database\BaseConnection->simpleQuery('INSERT INTO `us...')
#3 /home/interne1/public_html/mymisdiagnosis/system/Database/BaseBuilder.php(2263): CodeIgniter\Database\BaseConnection->query('INSERT INTO `us...', Array, false)
#4 /home/interne1/public_html/mymisdiagnosis/app/Models/GroceryCrudModel.php(491): CodeIgniter\Database\BaseBuilder->insert(Array)
#5 /home/interne1/public_html/mymisdiagnosis/app/Libraries/GroceryCrud.php(963): App\Models\GroceryCrudModel->db_insert(Array)
#6 /home/interne1/public_html/mymisdiagnosis/app/Libraries/GroceryCrud.php(4557): App\Libraries\grocery_CRUD_Model_Driver->db_insert(Object(stdClass))
#7 /home/interne1/public_html/mymisdiagnosis/app/Controllers/Product.php(237): App\Libraries\GroceryCrud->render()
#8 /home/interne1/public_html/mymisdiagnosis/system/CodeIgniter.php(936): App\Controllers\Product->user_settings('insert')
#9 /home/interne1/public_html/mymisdiagnosis/system/CodeIgniter.php(432): CodeIgniter\CodeIgniter->runController(Object(App\Controllers\Product))
#10 /home/interne1/public_html/mymisdiagnosis/system/CodeIgniter.php(333): CodeIgniter\CodeIgniter->handleRequest(NULL, Object(Config\Cache), false)
#11 /home/interne1/public_html/mymisdiagnosis/public/index.php(44): CodeIgniter\CodeIgniter->run()
#12 {main}
CRITICAL - 2021-04-15 22:51:36 --> Unknown column 'manual_auto_play' in 'field list'
#0 /home/interne1/public_html/mymisdiagnosis/system/Database/MySQLi/Connection.php(314): mysqli->query('INSERT INTO `us...')
#1 /home/interne1/public_html/mymisdiagnosis/system/Database/BaseConnection.php(713): CodeIgniter\Database\MySQLi\Connection->execute('INSERT INTO `us...')
#2 /home/interne1/public_html/mymisdiagnosis/system/Database/BaseConnection.php(641): CodeIgniter\Database\BaseConnection->simpleQuery('INSERT INTO `us...')
#3 /home/interne1/public_html/mymisdiagnosis/system/Database/BaseBuilder.php(2263): CodeIgniter\Database\BaseConnection->query('INSERT INTO `us...', Array, false)
#4 /home/interne1/public_html/mymisdiagnosis/app/Models/GroceryCrudModel.php(491): CodeIgniter\Database\BaseBuilder->insert(Array)
#5 /home/interne1/public_html/mymisdiagnosis/app/Libraries/GroceryCrud.php(963): App\Models\GroceryCrudModel->db_insert(Array)
#6 /home/interne1/public_html/mymisdiagnosis/app/Libraries/GroceryCrud.php(4557): App\Libraries\grocery_CRUD_Model_Driver->db_insert(Object(stdClass))
#7 /home/interne1/public_html/mymisdiagnosis/app/Controllers/Product.php(237): App\Libraries\GroceryCrud->render()
#8 /home/interne1/public_html/mymisdiagnosis/system/CodeIgniter.php(936): App\Controllers\Product->user_settings('insert')
#9 /home/interne1/public_html/mymisdiagnosis/system/CodeIgniter.php(432): CodeIgniter\CodeIgniter->runController(Object(App\Controllers\Product))
#10 /home/interne1/public_html/mymisdiagnosis/system/CodeIgniter.php(333): CodeIgniter\CodeIgniter->handleRequest(NULL, Object(Config\Cache), false)
#11 /home/interne1/public_html/mymisdiagnosis/public/index.php(44): CodeIgniter\CodeIgniter->run()
#12 {main}
CRITICAL - 2021-04-15 23:10:03 --> syntax error, unexpected 'else' (T_ELSE)
#0 /home/interne1/public_html/mymisdiagnosis/system/Router/Router.php(170): CodeIgniter\Router\Router->autoRoute('product/user_se...')
#1 /home/interne1/public_html/mymisdiagnosis/system/CodeIgniter.php(816): CodeIgniter\Router\Router->handle('product/user_se...')
#2 /home/interne1/public_html/mymisdiagnosis/system/CodeIgniter.php(385): CodeIgniter\CodeIgniter->tryToRouteIt(Object(CodeIgniter\Router\RouteCollection))
#3 /home/interne1/public_html/mymisdiagnosis/system/CodeIgniter.php(333): CodeIgniter\CodeIgniter->handleRequest(NULL, Object(Config\Cache), false)
#4 /home/interne1/public_html/mymisdiagnosis/public/index.php(44): CodeIgniter\CodeIgniter->run()
#5 {main}
CRITICAL - 2021-04-15 23:10:20 --> syntax error, unexpected 'else' (T_ELSE)
#0 /home/interne1/public_html/mymisdiagnosis/system/Router/Router.php(170): CodeIgniter\Router\Router->autoRoute('product/user_se...')
#1 /home/interne1/public_html/mymisdiagnosis/system/CodeIgniter.php(816): CodeIgniter\Router\Router->handle('product/user_se...')
#2 /home/interne1/public_html/mymisdiagnosis/system/CodeIgniter.php(385): CodeIgniter\CodeIgniter->tryToRouteIt(Object(CodeIgniter\Router\RouteCollection))
#3 /home/interne1/public_html/mymisdiagnosis/system/CodeIgniter.php(333): CodeIgniter\CodeIgniter->handleRequest(NULL, Object(Config\Cache), false)
#4 /home/interne1/public_html/mymisdiagnosis/public/index.php(44): CodeIgniter\CodeIgniter->run()
#5 {main}
CRITICAL - 2021-04-15 23:13:46 --> Undefined property: App\Controllers\Product::$db
#0 /home/interne1/public_html/mymisdiagnosis/app/Controllers/Product.php(267): CodeIgniter\Debug\Exceptions->errorHandler(8, 'Undefined prope...', '/home/interne1/...', 267, Array)
#1 /home/interne1/public_html/mymisdiagnosis/system/CodeIgniter.php(936): App\Controllers\Product->user_settings('edit', '10')
#2 /home/interne1/public_html/mymisdiagnosis/system/CodeIgniter.php(432): CodeIgniter\CodeIgniter->runController(Object(App\Controllers\Product))
#3 /home/interne1/public_html/mymisdiagnosis/system/CodeIgniter.php(333): CodeIgniter\CodeIgniter->handleRequest(NULL, Object(Config\Cache), false)
#4 /home/interne1/public_html/mymisdiagnosis/public/index.php(44): CodeIgniter\CodeIgniter->run()
#5 {main}
CRITICAL - 2021-04-15 23:33:27 --> On the state "edit" the Primary key cannot be null
#0 /home/interne1/public_html/mymisdiagnosis/app/Controllers/Product.php(256): App\Libraries\grocery_CRUD_States->getStateInfo()
#1 /home/interne1/public_html/mymisdiagnosis/system/CodeIgniter.php(936): App\Controllers\Product->user_settings('edit')
#2 /home/interne1/public_html/mymisdiagnosis/system/CodeIgniter.php(432): CodeIgniter\CodeIgniter->runController(Object(App\Controllers\Product))
#3 /home/interne1/public_html/mymisdiagnosis/system/CodeIgniter.php(333): CodeIgniter\CodeIgniter->handleRequest(NULL, Object(Config\Cache), false)
#4 /home/interne1/public_html/mymisdiagnosis/public/index.php(44): CodeIgniter\CodeIgniter->run()
#5 {main}
CRITICAL - 2021-04-15 23:33:35 --> On the state "edit" the Primary key cannot be null
#0 /home/interne1/public_html/mymisdiagnosis/app/Controllers/Product.php(256): App\Libraries\grocery_CRUD_States->getStateInfo()
#1 /home/interne1/public_html/mymisdiagnosis/system/CodeIgniter.php(936): App\Controllers\Product->user_settings('edit')
#2 /home/interne1/public_html/mymisdiagnosis/system/CodeIgniter.php(432): CodeIgniter\CodeIgniter->runController(Object(App\Controllers\Product))
#3 /home/interne1/public_html/mymisdiagnosis/system/CodeIgniter.php(333): CodeIgniter\CodeIgniter->handleRequest(NULL, Object(Config\Cache), false)
#4 /home/interne1/public_html/mymisdiagnosis/public/index.php(44): CodeIgniter\CodeIgniter->run()
#5 {main}
CRITICAL - 2021-04-15 23:33:41 --> Argument 1 passed to App\Libraries\GroceryCrud::where() must be of the type string, array given, called in /home/interne1/public_html/mymisdiagnosis/app/Controllers/Product.php on line 269
#0 /home/interne1/public_html/mymisdiagnosis/app/Controllers/Product.php(269): App\Libraries\GroceryCrud->where(Array)
#1 /home/interne1/public_html/mymisdiagnosis/system/CodeIgniter.php(936): App\Controllers\Product->user_settings('edit', '10')
#2 /home/interne1/public_html/mymisdiagnosis/system/CodeIgniter.php(432): CodeIgniter\CodeIgniter->runController(Object(App\Controllers\Product))
#3 /home/interne1/public_html/mymisdiagnosis/system/CodeIgniter.php(333): CodeIgniter\CodeIgniter->handleRequest(NULL, Object(Config\Cache), false)
#4 /home/interne1/public_html/mymisdiagnosis/public/index.php(44): CodeIgniter\CodeIgniter->run()
#5 {main}
CRITICAL - 2021-04-15 23:34:08 --> Argument 1 passed to App\Libraries\GroceryCrud::where() must be of the type string, array given, called in /home/interne1/public_html/mymisdiagnosis/app/Controllers/Product.php on line 269
#0 /home/interne1/public_html/mymisdiagnosis/app/Controllers/Product.php(269): App\Libraries\GroceryCrud->where(Array)
#1 /home/interne1/public_html/mymisdiagnosis/system/CodeIgniter.php(936): App\Controllers\Product->user_settings('edit', '10')
#2 /home/interne1/public_html/mymisdiagnosis/system/CodeIgniter.php(432): CodeIgniter\CodeIgniter->runController(Object(App\Controllers\Product))
#3 /home/interne1/public_html/mymisdiagnosis/system/CodeIgniter.php(333): CodeIgniter\CodeIgniter->handleRequest(NULL, Object(Config\Cache), false)
#4 /home/interne1/public_html/mymisdiagnosis/public/index.php(44): CodeIgniter\CodeIgniter->run()
#5 {main}
CRITICAL - 2021-04-15 23:34:34 --> Undefined variable: row
#0 /home/interne1/public_html/mymisdiagnosis/app/Controllers/Product.php(275): CodeIgniter\Debug\Exceptions->errorHandler(8, 'Undefined varia...', '/home/interne1/...', 275, Array)
#1 /home/interne1/public_html/mymisdiagnosis/system/CodeIgniter.php(936): App\Controllers\Product->user_settings('edit', '10')
#2 /home/interne1/public_html/mymisdiagnosis/system/CodeIgniter.php(432): CodeIgniter\CodeIgniter->runController(Object(App\Controllers\Product))
#3 /home/interne1/public_html/mymisdiagnosis/system/CodeIgniter.php(333): CodeIgniter\CodeIgniter->handleRequest(NULL, Object(Config\Cache), false)
#4 /home/interne1/public_html/mymisdiagnosis/public/index.php(44): CodeIgniter\CodeIgniter->run()
#5 {main}
CRITICAL - 2021-04-15 23:44:59 --> Undefined property: App\Libraries\InterneticsLibrary::$ionAuth
#0 /home/interne1/public_html/mymisdiagnosis/public/assets/grocery_crud/themes/internetics/views/list_template.php(103): CodeIgniter\Debug\Exceptions->errorHandler(8, 'Undefined prope...', '/home/interne1/...', 103, Array)
#1 /home/interne1/public_html/mymisdiagnosis/app/Libraries/GroceryCrud.php(2801): include('/home/interne1/...')
#2 /home/interne1/public_html/mymisdiagnosis/app/Libraries/GroceryCrud.php(1563): App\Libraries\grocery_CRUD_Layout->_theme_view('list_template.p...', Array)
#3 /home/interne1/public_html/mymisdiagnosis/app/Libraries/GroceryCrud.php(4496): App\Libraries\grocery_CRUD_Layout->showList(false, Object(stdClass))
#4 /home/interne1/public_html/mymisdiagnosis/app/Controllers/Product.php(276): App\Libraries\GroceryCrud->render()
#5 /home/interne1/public_html/mymisdiagnosis/system/CodeIgniter.php(936): App\Controllers\Product->user_settings()
#6 /home/interne1/public_html/mymisdiagnosis/system/CodeIgniter.php(432): CodeIgniter\CodeIgniter->runController(Object(App\Controllers\Product))
#7 /home/interne1/public_html/mymisdiagnosis/system/CodeIgniter.php(333): CodeIgniter\CodeIgniter->handleRequest(NULL, Object(Config\Cache), false)
#8 /home/interne1/public_html/mymisdiagnosis/public/index.php(44): CodeIgniter\CodeIgniter->run()
#9 {main}
CRITICAL - 2021-04-15 23:45:59 --> syntax error, unexpected 'public' (T_PUBLIC), expecting end of file
#0 /home/interne1/public_html/mymisdiagnosis/app/Libraries/GroceryCrud.php(1563): App\Libraries\grocery_CRUD_Layout->_theme_view('list_template.p...', Array)
#1 /home/interne1/public_html/mymisdiagnosis/app/Libraries/GroceryCrud.php(4496): App\Libraries\grocery_CRUD_Layout->showList(false, Object(stdClass))
#2 /home/interne1/public_html/mymisdiagnosis/app/Controllers/Product.php(276): App\Libraries\GroceryCrud->render()
#3 /home/interne1/public_html/mymisdiagnosis/system/CodeIgniter.php(936): App\Controllers\Product->user_settings()
#4 /home/interne1/public_html/mymisdiagnosis/system/CodeIgniter.php(432): CodeIgniter\CodeIgniter->runController(Object(App\Controllers\Product))
#5 /home/interne1/public_html/mymisdiagnosis/system/CodeIgniter.php(333): CodeIgniter\CodeIgniter->handleRequest(NULL, Object(Config\Cache), false)
#6 /home/interne1/public_html/mymisdiagnosis/public/index.php(44): CodeIgniter\CodeIgniter->run()
#7 {main}
CRITICAL - 2021-04-15 23:46:30 --> syntax error, unexpected 'public' (T_PUBLIC), expecting end of file
#0 /home/interne1/public_html/mymisdiagnosis/app/Libraries/GroceryCrud.php(1563): App\Libraries\grocery_CRUD_Layout->_theme_view('list_template.p...', Array)
#1 /home/interne1/public_html/mymisdiagnosis/app/Libraries/GroceryCrud.php(4496): App\Libraries\grocery_CRUD_Layout->showList(false, Object(stdClass))
#2 /home/interne1/public_html/mymisdiagnosis/app/Controllers/Product.php(276): App\Libraries\GroceryCrud->render()
#3 /home/interne1/public_html/mymisdiagnosis/system/CodeIgniter.php(936): App\Controllers\Product->user_settings()
#4 /home/interne1/public_html/mymisdiagnosis/system/CodeIgniter.php(432): CodeIgniter\CodeIgniter->runController(Object(App\Controllers\Product))
#5 /home/interne1/public_html/mymisdiagnosis/system/CodeIgniter.php(333): CodeIgniter\CodeIgniter->handleRequest(NULL, Object(Config\Cache), false)
#6 /home/interne1/public_html/mymisdiagnosis/public/index.php(44): CodeIgniter\CodeIgniter->run()
#7 {main}
CRITICAL - 2021-04-15 23:46:41 --> Undefined property: App\Libraries\InterneticsLibrary::$ionAuth
#0 /home/interne1/public_html/mymisdiagnosis/public/assets/grocery_crud/themes/internetics/views/list_template.php(104): CodeIgniter\Debug\Exceptions->errorHandler(8, 'Undefined prope...', '/home/interne1/...', 104, Array)
#1 /home/interne1/public_html/mymisdiagnosis/app/Libraries/GroceryCrud.php(2801): include('/home/interne1/...')
#2 /home/interne1/public_html/mymisdiagnosis/app/Libraries/GroceryCrud.php(1563): App\Libraries\grocery_CRUD_Layout->_theme_view('list_template.p...', Array)
#3 /home/interne1/public_html/mymisdiagnosis/app/Libraries/GroceryCrud.php(4496): App\Libraries\grocery_CRUD_Layout->showList(false, Object(stdClass))
#4 /home/interne1/public_html/ffcweb/app/Controllers/Product.php(276): App\Libraries\GroceryCrud->render()
#5 /home/interne1/public_html/ffcweb/system/CodeIgniter.php(936): App\Controllers\Product->user_settings()
#6 /home/interne1/public_html/ffcweb/system/CodeIgniter.php(432): CodeIgniter\CodeIgniter->runController(Object(App\Controllers\Product))
#7 /home/interne1/public_html/ffcweb/system/CodeIgniter.php(333): CodeIgniter\CodeIgniter->handleRequest(NULL, Object(Config\Cache), false)
#8 /home/interne1/public_html/ffcweb/public/index.php(44): CodeIgniter\CodeIgniter->run()
#9 {main}
CRITICAL - 2021-04-15 23:49:18 --> Undefined variable: user
#0 /home/interne1/public_html/ffcweb/public/assets/grocery_crud/themes/internetics/views/list_template.php(110): CodeIgniter\Debug\Exceptions->errorHandler(8, 'Undefined varia...', '/home/interne1/...', 110, Array)
#1 /home/interne1/public_html/ffcweb/app/Libraries/GroceryCrud.php(2801): include('/home/interne1/...')
#2 /home/interne1/public_html/ffcweb/app/Libraries/GroceryCrud.php(1563): App\Libraries\grocery_CRUD_Layout->_theme_view('list_template.p...', Array)
#3 /home/interne1/public_html/ffcweb/app/Libraries/GroceryCrud.php(4496): App\Libraries\grocery_CRUD_Layout->showList(false, Object(stdClass))
#4 /home/interne1/public_html/ffcweb/app/Controllers/Product.php(276): App\Libraries\GroceryCrud->render()
#5 /home/interne1/public_html/ffcweb/system/CodeIgniter.php(936): App\Controllers\Product->user_settings()
#6 /home/interne1/public_html/ffcweb/system/CodeIgniter.php(432): CodeIgniter\CodeIgniter->runController(Object(App\Controllers\Product))
#7 /home/interne1/public_html/ffcweb/system/CodeIgniter.php(333): CodeIgniter\CodeIgniter->handleRequest(NULL, Object(Config\Cache), false)
#8 /home/interne1/public_html/ffcweb/public/index.php(44): CodeIgniter\CodeIgniter->run()
#9 {main}
CRITICAL - 2021-04-15 23:55:38 --> Undefined property: App\Libraries\InterneticsLibrary::$ion_auth
#0 /home/interne1/public_html/ffcweb/public/assets/grocery_crud/themes/internetics/views/list_template.php(104): CodeIgniter\Debug\Exceptions->errorHandler(8, 'Undefined prope...', '/home/interne1/...', 104, Array)
#1 /home/interne1/public_html/ffcweb/app/Libraries/GroceryCrud.php(2801): include('/home/interne1/...')
#2 /home/interne1/public_html/ffcweb/app/Libraries/GroceryCrud.php(1563): App\Libraries\grocery_CRUD_Layout->_theme_view('list_template.p...', Array)
#3 /home/interne1/public_html/ffcweb/app/Libraries/GroceryCrud.php(4496): App\Libraries\grocery_CRUD_Layout->showList(false, Object(stdClass))
#4 /home/interne1/public_html/ffcweb/app/Controllers/Product.php(276): App\Libraries\GroceryCrud->render()
#5 /home/interne1/public_html/ffcweb/system/CodeIgniter.php(936): App\Controllers\Product->user_settings()
#6 /home/interne1/public_html/ffcweb/system/CodeIgniter.php(432): CodeIgniter\CodeIgniter->runController(Object(App\Controllers\Product))
#7 /home/interne1/public_html/ffcweb/system/CodeIgniter.php(333): CodeIgniter\CodeIgniter->handleRequest(NULL, Object(Config\Cache), false)
#8 /home/interne1/public_html/ffcweb/public/index.php(44): CodeIgniter\CodeIgniter->run()
#9 {main}
CRITICAL - 2021-04-15 23:59:04 --> Undefined property: App\Libraries\InterneticsLibrary::$ion_auth
#0 /home/interne1/public_html/ffcweb/public/assets/grocery_crud/themes/internetics/views/list_template.php(104): CodeIgniter\Debug\Exceptions->errorHandler(8, 'Undefined prope...', '/home/interne1/...', 104, Array)
#1 /home/interne1/public_html/ffcweb/app/Libraries/GroceryCrud.php(2801): include('/home/interne1/...')
#2 /home/interne1/public_html/ffcweb/app/Libraries/GroceryCrud.php(1563): App\Libraries\grocery_CRUD_Layout->_theme_view('list_template.p...', Array)
#3 /home/interne1/public_html/ffcweb/app/Libraries/GroceryCrud.php(4496): App\Libraries\grocery_CRUD_Layout->showList(false, Object(stdClass))
#4 /home/interne1/public_html/ffcweb/app/Controllers/Product.php(276): App\Libraries\GroceryCrud->render()
#5 /home/interne1/public_html/ffcweb/system/CodeIgniter.php(936): App\Controllers\Product->user_settings()
#6 /home/interne1/public_html/ffcweb/system/CodeIgniter.php(432): CodeIgniter\CodeIgniter->runController(Object(App\Controllers\Product))
#7 /home/interne1/public_html/ffcweb/system/CodeIgniter.php(333): CodeIgniter\CodeIgniter->handleRequest(NULL, Object(Config\Cache), false)
#8 /home/interne1/public_html/ffcweb/public/index.php(44): CodeIgniter\CodeIgniter->run()
#9 {main}
CRITICAL - 2021-04-15 23:59:37 --> Undefined property: App\Libraries\InterneticsLibrary::$ion_auth
#0 /home/interne1/public_html/ffcweb/public/assets/grocery_crud/themes/internetics/views/list_template.php(107): CodeIgniter\Debug\Exceptions->errorHandler(8, 'Undefined prope...', '/home/interne1/...', 107, Array)
#1 /home/interne1/public_html/ffcweb/app/Libraries/GroceryCrud.php(2801): include('/home/interne1/...')
#2 /home/interne1/public_html/ffcweb/app/Libraries/GroceryCrud.php(1563): App\Libraries\grocery_CRUD_Layout->_theme_view('list_template.p...', Array)
#3 /home/interne1/public_html/ffcweb/app/Libraries/GroceryCrud.php(4496): App\Libraries\grocery_CRUD_Layout->showList(false, Object(stdClass))
#4 /home/interne1/public_html/ffcweb/app/Controllers/Product.php(276): App\Libraries\GroceryCrud->render()
#5 /home/interne1/public_html/ffcweb/system/CodeIgniter.php(936): App\Controllers\Product->user_settings()
#6 /home/interne1/public_html/ffcweb/system/CodeIgniter.php(432): CodeIgniter\CodeIgniter->runController(Object(App\Controllers\Product))
#7 /home/interne1/public_html/ffcweb/system/CodeIgniter.php(333): CodeIgniter\CodeIgniter->handleRequest(NULL, Object(Config\Cache), false)
#8 /home/interne1/public_html/ffcweb/public/index.php(44): CodeIgniter\CodeIgniter->run()
#9 {main}
