CRITICAL - 2021-12-11 01:47:52 --> Undefined index: pack
#0 /var/www/html/mymisdiagnosis/app/Controllers/Product.php(233): CodeIgniter\Debug\Exceptions->errorHandler(8, 'Undefined index...', '/var/www/html/m...', 233, Array)
#1 /var/www/html/mymisdiagnosis/system/CodeIgniter.php(936): App\Controllers\Product->cards('add')
#2 /var/www/html/mymisdiagnosis/system/CodeIgniter.php(432): CodeIgniter\CodeIgniter->runController(Object(App\Controllers\Product))
#3 /var/www/html/mymisdiagnosis/system/CodeIgniter.php(333): CodeIgniter\CodeIgniter->handleRequest(NULL, Object(Config\Cache), false)
#4 /var/www/html/mymisdiagnosis/public/index.php(44): CodeIgniter\CodeIgniter->run()
#5 {main}
CRITICAL - 2021-12-11 01:47:52 --> Undefined index: pack
#0 /var/www/html/mymisdiagnosis/app/Controllers/Product.php(233): CodeIgniter\Debug\Exceptions->errorHandler(8, 'Undefined index...', '/var/www/html/m...', 233, Array)
#1 /var/www/html/mymisdiagnosis/system/CodeIgniter.php(936): App\Controllers\Product->cards('add')
#2 /var/www/html/mymisdiagnosis/system/CodeIgniter.php(432): CodeIgniter\CodeIgniter->runController(Object(App\Controllers\Product))
#3 /var/www/html/mymisdiagnosis/system/CodeIgniter.php(333): CodeIgniter\CodeIgniter->handleRequest(NULL, Object(Config\Cache), false)
#4 /var/www/html/mymisdiagnosis/public/index.php(44): CodeIgniter\CodeIgniter->run()
#5 {main}
CRITICAL - 2021-12-11 16:57:20 --> Undefined index: pack
#0 /var/www/html/mymisdiagnosis/app/Controllers/Product.php(233): CodeIgniter\Debug\Exceptions->errorHandler(8, 'Undefined index...', '/var/www/html/m...', 233, Array)
#1 /var/www/html/mymisdiagnosis/system/CodeIgniter.php(936): App\Controllers\Product->cards('add')
#2 /var/www/html/mymisdiagnosis/system/CodeIgniter.php(432): CodeIgniter\CodeIgniter->runController(Object(App\Controllers\Product))
#3 /var/www/html/mymisdiagnosis/system/CodeIgniter.php(333): CodeIgniter\CodeIgniter->handleRequest(NULL, Object(Config\Cache), false)
#4 /var/www/html/mymisdiagnosis/public/index.php(44): CodeIgniter\CodeIgniter->run()
#5 {main}
CRITICAL - 2021-12-11 16:57:20 --> Undefined index: pack
#0 /var/www/html/mymisdiagnosis/app/Controllers/Product.php(233): CodeIgniter\Debug\Exceptions->errorHandler(8, 'Undefined index...', '/var/www/html/m...', 233, Array)
#1 /var/www/html/mymisdiagnosis/system/CodeIgniter.php(936): App\Controllers\Product->cards('add')
#2 /var/www/html/mymisdiagnosis/system/CodeIgniter.php(432): CodeIgniter\CodeIgniter->runController(Object(App\Controllers\Product))
#3 /var/www/html/mymisdiagnosis/system/CodeIgniter.php(333): CodeIgniter\CodeIgniter->handleRequest(NULL, Object(Config\Cache), false)
#4 /var/www/html/mymisdiagnosis/public/index.php(44): CodeIgniter\CodeIgniter->run()
#5 {main}
CRITICAL - 2021-12-11 16:58:32 --> Undefined index: pack
#0 /var/www/html/mymisdiagnosis/app/Controllers/Product.php(233): CodeIgniter\Debug\Exceptions->errorHandler(8, 'Undefined index...', '/var/www/html/m...', 233, Array)
#1 /var/www/html/mymisdiagnosis/system/CodeIgniter.php(936): App\Controllers\Product->cards('add')
#2 /var/www/html/mymisdiagnosis/system/CodeIgniter.php(432): CodeIgniter\CodeIgniter->runController(Object(App\Controllers\Product))
#3 /var/www/html/mymisdiagnosis/system/CodeIgniter.php(333): CodeIgniter\CodeIgniter->handleRequest(NULL, Object(Config\Cache), false)
#4 /var/www/html/mymisdiagnosis/public/index.php(44): CodeIgniter\CodeIgniter->run()
#5 {main}
CRITICAL - 2021-12-11 16:58:33 --> Undefined index: pack
#0 /var/www/html/mymisdiagnosis/app/Controllers/Product.php(233): CodeIgniter\Debug\Exceptions->errorHandler(8, 'Undefined index...', '/var/www/html/m...', 233, Array)
#1 /var/www/html/mymisdiagnosis/system/CodeIgniter.php(936): App\Controllers\Product->cards('add')
#2 /var/www/html/mymisdiagnosis/system/CodeIgniter.php(432): CodeIgniter\CodeIgniter->runController(Object(App\Controllers\Product))
#3 /var/www/html/mymisdiagnosis/system/CodeIgniter.php(333): CodeIgniter\CodeIgniter->handleRequest(NULL, Object(Config\Cache), false)
#4 /var/www/html/mymisdiagnosis/public/index.php(44): CodeIgniter\CodeIgniter->run()
#5 {main}
CRITICAL - 2021-12-11 17:05:05 --> Undefined property: CodeIgniter\View\View::$uri
#0 /var/www/html/mymisdiagnosis/app/Views/product_view.php(62): CodeIgniter\Debug\Exceptions->errorHandler(8, 'Undefined prope...', '/var/www/html/m...', 62, Array)
#1 /var/www/html/mymisdiagnosis/system/View/View.php(220): include('/var/www/html/m...')
#2 /var/www/html/mymisdiagnosis/system/View/View.php(222): CodeIgniter\View\View->CodeIgniter\View\{closure}()
#3 /var/www/html/mymisdiagnosis/system/Common.php(1217): CodeIgniter\View\View->render('product_view', Array, true)
#4 /var/www/html/mymisdiagnosis/app/Controllers/Product.php(885): view('product_view', Array)
#5 /var/www/html/mymisdiagnosis/app/Controllers/Product.php(158): App\Controllers\Product->_productOutput(Object(stdClass))
#6 /var/www/html/mymisdiagnosis/system/CodeIgniter.php(936): App\Controllers\Product->packs('add')
#7 /var/www/html/mymisdiagnosis/system/CodeIgniter.php(432): CodeIgniter\CodeIgniter->runController(Object(App\Controllers\Product))
#8 /var/www/html/mymisdiagnosis/system/CodeIgniter.php(333): CodeIgniter\CodeIgniter->handleRequest(NULL, Object(Config\Cache), false)
#9 /var/www/html/mymisdiagnosis/public/index.php(44): CodeIgniter\CodeIgniter->run()
#10 {main}
CRITICAL - 2021-12-11 17:08:47 --> Undefined property: App\Controllers\Product::$load
#0 /var/www/html/mymisdiagnosis/app/Controllers/Product.php(158): CodeIgniter\Debug\Exceptions->errorHandler(8, 'Undefined prope...', '/var/www/html/m...', 158, Array)
#1 /var/www/html/mymisdiagnosis/system/CodeIgniter.php(936): App\Controllers\Product->packs('add')
#2 /var/www/html/mymisdiagnosis/system/CodeIgniter.php(432): CodeIgniter\CodeIgniter->runController(Object(App\Controllers\Product))
#3 /var/www/html/mymisdiagnosis/system/CodeIgniter.php(333): CodeIgniter\CodeIgniter->handleRequest(NULL, Object(Config\Cache), false)
#4 /var/www/html/mymisdiagnosis/public/index.php(44): CodeIgniter\CodeIgniter->run()
#5 {main}
CRITICAL - 2021-12-11 17:10:47 --> Undefined property: CodeIgniter\View\View::$uri
#0 /var/www/html/mymisdiagnosis/app/Views/product_view.php(63): CodeIgniter\Debug\Exceptions->errorHandler(8, 'Undefined prope...', '/var/www/html/m...', 63, Array)
#1 /var/www/html/mymisdiagnosis/system/View/View.php(220): include('/var/www/html/m...')
#2 /var/www/html/mymisdiagnosis/system/View/View.php(222): CodeIgniter\View\View->CodeIgniter\View\{closure}()
#3 /var/www/html/mymisdiagnosis/system/Common.php(1217): CodeIgniter\View\View->render('product_view', Array, true)
#4 /var/www/html/mymisdiagnosis/app/Controllers/Product.php(885): view('product_view', Array)
#5 /var/www/html/mymisdiagnosis/app/Controllers/Product.php(158): App\Controllers\Product->_productOutput(Object(stdClass))
#6 /var/www/html/mymisdiagnosis/system/CodeIgniter.php(936): App\Controllers\Product->packs('add')
#7 /var/www/html/mymisdiagnosis/system/CodeIgniter.php(432): CodeIgniter\CodeIgniter->runController(Object(App\Controllers\Product))
#8 /var/www/html/mymisdiagnosis/system/CodeIgniter.php(333): CodeIgniter\CodeIgniter->handleRequest(NULL, Object(Config\Cache), false)
#9 /var/www/html/mymisdiagnosis/public/index.php(44): CodeIgniter\CodeIgniter->run()
#10 {main}
CRITICAL - 2021-12-11 17:13:20 --> Undefined property: CodeIgniter\View\View::$uri
#0 /var/www/html/mymisdiagnosis/app/Views/product_view.php(63): CodeIgniter\Debug\Exceptions->errorHandler(8, 'Undefined prope...', '/var/www/html/m...', 63, Array)
#1 /var/www/html/mymisdiagnosis/system/View/View.php(220): include('/var/www/html/m...')
#2 /var/www/html/mymisdiagnosis/system/View/View.php(222): CodeIgniter\View\View->CodeIgniter\View\{closure}()
#3 /var/www/html/mymisdiagnosis/system/Common.php(1217): CodeIgniter\View\View->render('product_view', Array, true)
#4 /var/www/html/mymisdiagnosis/app/Controllers/Product.php(885): view('product_view', Array)
#5 /var/www/html/mymisdiagnosis/app/Controllers/Product.php(158): App\Controllers\Product->_productOutput(Object(stdClass))
#6 /var/www/html/mymisdiagnosis/system/CodeIgniter.php(936): App\Controllers\Product->packs('add')
#7 /var/www/html/mymisdiagnosis/system/CodeIgniter.php(432): CodeIgniter\CodeIgniter->runController(Object(App\Controllers\Product))
#8 /var/www/html/mymisdiagnosis/system/CodeIgniter.php(333): CodeIgniter\CodeIgniter->handleRequest(NULL, Object(Config\Cache), false)
#9 /var/www/html/mymisdiagnosis/public/index.php(44): CodeIgniter\CodeIgniter->run()
#10 {main}
CRITICAL - 2021-12-11 17:22:02 --> Undefined property: CodeIgniter\View\View::$uri
#0 /var/www/html/mymisdiagnosis/app/Views/product_view.php(63): CodeIgniter\Debug\Exceptions->errorHandler(8, 'Undefined prope...', '/var/www/html/m...', 63, Array)
#1 /var/www/html/mymisdiagnosis/system/View/View.php(220): include('/var/www/html/m...')
#2 /var/www/html/mymisdiagnosis/system/View/View.php(222): CodeIgniter\View\View->CodeIgniter\View\{closure}()
#3 /var/www/html/mymisdiagnosis/system/Common.php(1217): CodeIgniter\View\View->render('product_view', Array, true)
#4 /var/www/html/mymisdiagnosis/app/Controllers/Product.php(885): view('product_view', Array)
#5 /var/www/html/mymisdiagnosis/app/Controllers/Product.php(158): App\Controllers\Product->_productOutput(Object(stdClass))
#6 /var/www/html/mymisdiagnosis/system/CodeIgniter.php(936): App\Controllers\Product->packs('add')
#7 /var/www/html/mymisdiagnosis/system/CodeIgniter.php(432): CodeIgniter\CodeIgniter->runController(Object(App\Controllers\Product))
#8 /var/www/html/mymisdiagnosis/system/CodeIgniter.php(333): CodeIgniter\CodeIgniter->handleRequest(NULL, Object(Config\Cache), false)
#9 /var/www/html/mymisdiagnosis/public/index.php(44): CodeIgniter\CodeIgniter->run()
#10 {main}
CRITICAL - 2021-12-11 17:33:56 --> Undefined property: CodeIgniter\View\View::$uri
#0 /var/www/html/mymisdiagnosis/app/Views/product_view.php(63): CodeIgniter\Debug\Exceptions->errorHandler(8, 'Undefined prope...', '/var/www/html/m...', 63, Array)
#1 /var/www/html/mymisdiagnosis/system/View/View.php(220): include('/var/www/html/m...')
#2 /var/www/html/mymisdiagnosis/system/View/View.php(222): CodeIgniter\View\View->CodeIgniter\View\{closure}()
#3 /var/www/html/mymisdiagnosis/system/Common.php(1217): CodeIgniter\View\View->render('product_view', Array, true)
#4 /var/www/html/mymisdiagnosis/app/Controllers/Product.php(885): view('product_view', Array)
#5 /var/www/html/mymisdiagnosis/app/Controllers/Product.php(158): App\Controllers\Product->_productOutput(Object(stdClass))
#6 /var/www/html/mymisdiagnosis/system/CodeIgniter.php(936): App\Controllers\Product->packs('add')
#7 /var/www/html/mymisdiagnosis/system/CodeIgniter.php(432): CodeIgniter\CodeIgniter->runController(Object(App\Controllers\Product))
#8 /var/www/html/mymisdiagnosis/system/CodeIgniter.php(333): CodeIgniter\CodeIgniter->handleRequest(NULL, Object(Config\Cache), false)
#9 /var/www/html/mymisdiagnosis/public/index.php(44): CodeIgniter\CodeIgniter->run()
#10 {main}
CRITICAL - 2021-12-11 17:34:45 --> syntax error, unexpected '?', expecting end of file
#0 /var/www/html/mymisdiagnosis/system/View/View.php(222): CodeIgniter\View\View->CodeIgniter\View\{closure}()
#1 /var/www/html/mymisdiagnosis/system/Common.php(1217): CodeIgniter\View\View->render('product_view', Array, true)
#2 /var/www/html/mymisdiagnosis/app/Controllers/Product.php(885): view('product_view', Array)
#3 /var/www/html/mymisdiagnosis/app/Controllers/Product.php(158): App\Controllers\Product->_productOutput(Object(stdClass))
#4 /var/www/html/mymisdiagnosis/system/CodeIgniter.php(936): App\Controllers\Product->packs('add')
#5 /var/www/html/mymisdiagnosis/system/CodeIgniter.php(432): CodeIgniter\CodeIgniter->runController(Object(App\Controllers\Product))
#6 /var/www/html/mymisdiagnosis/system/CodeIgniter.php(333): CodeIgniter\CodeIgniter->handleRequest(NULL, Object(Config\Cache), false)
#7 /var/www/html/mymisdiagnosis/public/index.php(44): CodeIgniter\CodeIgniter->run()
#8 {main}
CRITICAL - 2021-12-11 17:34:56 --> Undefined variable: active
#0 /var/www/html/mymisdiagnosis/app/Views/product_view.php(63): CodeIgniter\Debug\Exceptions->errorHandler(8, 'Undefined varia...', '/var/www/html/m...', 63, Array)
#1 /var/www/html/mymisdiagnosis/system/View/View.php(220): include('/var/www/html/m...')
#2 /var/www/html/mymisdiagnosis/system/View/View.php(222): CodeIgniter\View\View->CodeIgniter\View\{closure}()
#3 /var/www/html/mymisdiagnosis/system/Common.php(1217): CodeIgniter\View\View->render('product_view', Array, true)
#4 /var/www/html/mymisdiagnosis/app/Controllers/Product.php(885): view('product_view', Array)
#5 /var/www/html/mymisdiagnosis/app/Controllers/Product.php(158): App\Controllers\Product->_productOutput(Object(stdClass))
#6 /var/www/html/mymisdiagnosis/system/CodeIgniter.php(936): App\Controllers\Product->packs('add')
#7 /var/www/html/mymisdiagnosis/system/CodeIgniter.php(432): CodeIgniter\CodeIgniter->runController(Object(App\Controllers\Product))
#8 /var/www/html/mymisdiagnosis/system/CodeIgniter.php(333): CodeIgniter\CodeIgniter->handleRequest(NULL, Object(Config\Cache), false)
#9 /var/www/html/mymisdiagnosis/public/index.php(44): CodeIgniter\CodeIgniter->run()
#10 {main}
CRITICAL - 2021-12-11 17:36:28 --> Object of class stdClass could not be converted to string
#0 /var/www/html/mymisdiagnosis/system/CodeIgniter.php(936): App\Controllers\Product->packs('add')
#1 /var/www/html/mymisdiagnosis/system/CodeIgniter.php(432): CodeIgniter\CodeIgniter->runController(Object(App\Controllers\Product))
#2 /var/www/html/mymisdiagnosis/system/CodeIgniter.php(333): CodeIgniter\CodeIgniter->handleRequest(NULL, Object(Config\Cache), false)
#3 /var/www/html/mymisdiagnosis/public/index.php(44): CodeIgniter\CodeIgniter->run()
#4 {main}
CRITICAL - 2021-12-11 17:37:09 --> Object of class App\Libraries\InterneticsLibrary could not be converted to string
#0 /var/www/html/mymisdiagnosis/system/CodeIgniter.php(936): App\Controllers\Product->packs('add')
#1 /var/www/html/mymisdiagnosis/system/CodeIgniter.php(432): CodeIgniter\CodeIgniter->runController(Object(App\Controllers\Product))
#2 /var/www/html/mymisdiagnosis/system/CodeIgniter.php(333): CodeIgniter\CodeIgniter->handleRequest(NULL, Object(Config\Cache), false)
#3 /var/www/html/mymisdiagnosis/public/index.php(44): CodeIgniter\CodeIgniter->run()
#4 {main}
CRITICAL - 2021-12-11 17:37:23 --> Undefined variable: active
#0 /var/www/html/mymisdiagnosis/app/Views/product_view.php(63): CodeIgniter\Debug\Exceptions->errorHandler(8, 'Undefined varia...', '/var/www/html/m...', 63, Array)
#1 /var/www/html/mymisdiagnosis/system/View/View.php(220): include('/var/www/html/m...')
#2 /var/www/html/mymisdiagnosis/system/View/View.php(222): CodeIgniter\View\View->CodeIgniter\View\{closure}()
#3 /var/www/html/mymisdiagnosis/system/Common.php(1217): CodeIgniter\View\View->render('product_view', Array, true)
#4 /var/www/html/mymisdiagnosis/app/Controllers/Product.php(887): view('product_view', Array)
#5 /var/www/html/mymisdiagnosis/app/Controllers/Product.php(160): App\Controllers\Product->_productOutput(Object(stdClass))
#6 /var/www/html/mymisdiagnosis/system/CodeIgniter.php(936): App\Controllers\Product->packs('add')
#7 /var/www/html/mymisdiagnosis/system/CodeIgniter.php(432): CodeIgniter\CodeIgniter->runController(Object(App\Controllers\Product))
#8 /var/www/html/mymisdiagnosis/system/CodeIgniter.php(333): CodeIgniter\CodeIgniter->handleRequest(NULL, Object(Config\Cache), false)
#9 /var/www/html/mymisdiagnosis/public/index.php(44): CodeIgniter\CodeIgniter->run()
#10 {main}
CRITICAL - 2021-12-11 17:43:34 --> Call to undefined function set_active_nav()
#0 /var/www/html/mymisdiagnosis/system/View/View.php(220): include()
#1 /var/www/html/mymisdiagnosis/system/View/View.php(222): CodeIgniter\View\View->CodeIgniter\View\{closure}()
#2 /var/www/html/mymisdiagnosis/system/Common.php(1217): CodeIgniter\View\View->render('product_view', Array, true)
#3 /var/www/html/mymisdiagnosis/app/Controllers/Product.php(887): view('product_view', Array)
#4 /var/www/html/mymisdiagnosis/app/Controllers/Product.php(160): App\Controllers\Product->_productOutput(Object(stdClass))
#5 /var/www/html/mymisdiagnosis/system/CodeIgniter.php(936): App\Controllers\Product->packs('add')
#6 /var/www/html/mymisdiagnosis/system/CodeIgniter.php(432): CodeIgniter\CodeIgniter->runController(Object(App\Controllers\Product))
#7 /var/www/html/mymisdiagnosis/system/CodeIgniter.php(333): CodeIgniter\CodeIgniter->handleRequest(NULL, Object(Config\Cache), false)
#8 /var/www/html/mymisdiagnosis/public/index.php(44): CodeIgniter\CodeIgniter->run()
#9 {main}
CRITICAL - 2021-12-11 18:03:28 --> Undefined property: CodeIgniter\View\View::$uri
#0 /var/www/html/mymisdiagnosis/app/Views/product_view.php(66): CodeIgniter\Debug\Exceptions->errorHandler(8, 'Undefined prope...', '/var/www/html/m...', 66, Array)
#1 /var/www/html/mymisdiagnosis/system/View/View.php(220): include('/var/www/html/m...')
#2 /var/www/html/mymisdiagnosis/system/View/View.php(222): CodeIgniter\View\View->CodeIgniter\View\{closure}()
#3 /var/www/html/mymisdiagnosis/system/Common.php(1217): CodeIgniter\View\View->render('product_view', Array, true)
#4 /var/www/html/mymisdiagnosis/app/Controllers/Product.php(887): view('product_view', Array)
#5 /var/www/html/mymisdiagnosis/app/Controllers/Product.php(160): App\Controllers\Product->_productOutput(Object(stdClass))
#6 /var/www/html/mymisdiagnosis/system/CodeIgniter.php(936): App\Controllers\Product->packs('add')
#7 /var/www/html/mymisdiagnosis/system/CodeIgniter.php(432): CodeIgniter\CodeIgniter->runController(Object(App\Controllers\Product))
#8 /var/www/html/mymisdiagnosis/system/CodeIgniter.php(333): CodeIgniter\CodeIgniter->handleRequest(NULL, Object(Config\Cache), false)
#9 /var/www/html/mymisdiagnosis/public/index.php(44): CodeIgniter\CodeIgniter->run()
#10 {main}
CRITICAL - 2021-12-11 18:03:52 --> Call to undefined method CodeIgniter\HTTP\URI::segment()
#0 /var/www/html/mymisdiagnosis/system/View/View.php(220): include()
#1 /var/www/html/mymisdiagnosis/system/View/View.php(222): CodeIgniter\View\View->CodeIgniter\View\{closure}()
#2 /var/www/html/mymisdiagnosis/system/Common.php(1217): CodeIgniter\View\View->render('product_view', Array, true)
#3 /var/www/html/mymisdiagnosis/app/Controllers/Product.php(887): view('product_view', Array)
#4 /var/www/html/mymisdiagnosis/app/Controllers/Product.php(160): App\Controllers\Product->_productOutput(Object(stdClass))
#5 /var/www/html/mymisdiagnosis/system/CodeIgniter.php(936): App\Controllers\Product->packs('add')
#6 /var/www/html/mymisdiagnosis/system/CodeIgniter.php(432): CodeIgniter\CodeIgniter->runController(Object(App\Controllers\Product))
#7 /var/www/html/mymisdiagnosis/system/CodeIgniter.php(333): CodeIgniter\CodeIgniter->handleRequest(NULL, Object(Config\Cache), false)
#8 /var/www/html/mymisdiagnosis/public/index.php(44): CodeIgniter\CodeIgniter->run()
#9 {main}
CRITICAL - 2021-12-11 18:05:57 --> syntax error, unexpected end of file
#0 /var/www/html/mymisdiagnosis/system/View/View.php(222): CodeIgniter\View\View->CodeIgniter\View\{closure}()
#1 /var/www/html/mymisdiagnosis/system/Common.php(1217): CodeIgniter\View\View->render('product_view', Array, true)
#2 /var/www/html/mymisdiagnosis/app/Controllers/Product.php(887): view('product_view', Array)
#3 /var/www/html/mymisdiagnosis/app/Controllers/Product.php(160): App\Controllers\Product->_productOutput(Object(stdClass))
#4 /var/www/html/mymisdiagnosis/system/CodeIgniter.php(936): App\Controllers\Product->packs('add')
#5 /var/www/html/mymisdiagnosis/system/CodeIgniter.php(432): CodeIgniter\CodeIgniter->runController(Object(App\Controllers\Product))
#6 /var/www/html/mymisdiagnosis/system/CodeIgniter.php(333): CodeIgniter\CodeIgniter->handleRequest(NULL, Object(Config\Cache), false)
#7 /var/www/html/mymisdiagnosis/public/index.php(44): CodeIgniter\CodeIgniter->run()
#8 {main}
CRITICAL - 2021-12-11 18:06:19 --> syntax error, unexpected end of file
#0 /var/www/html/mymisdiagnosis/system/View/View.php(222): CodeIgniter\View\View->CodeIgniter\View\{closure}()
#1 /var/www/html/mymisdiagnosis/system/Common.php(1217): CodeIgniter\View\View->render('product_view', Array, true)
#2 /var/www/html/mymisdiagnosis/app/Controllers/Product.php(887): view('product_view', Array)
#3 /var/www/html/mymisdiagnosis/app/Controllers/Product.php(160): App\Controllers\Product->_productOutput(Object(stdClass))
#4 /var/www/html/mymisdiagnosis/system/CodeIgniter.php(936): App\Controllers\Product->packs('add')
#5 /var/www/html/mymisdiagnosis/system/CodeIgniter.php(432): CodeIgniter\CodeIgniter->runController(Object(App\Controllers\Product))
#6 /var/www/html/mymisdiagnosis/system/CodeIgniter.php(333): CodeIgniter\CodeIgniter->handleRequest(NULL, Object(Config\Cache), false)
#7 /var/www/html/mymisdiagnosis/public/index.php(44): CodeIgniter\CodeIgniter->run()
#8 {main}
CRITICAL - 2021-12-11 18:13:55 --> Undefined index: pack
#0 /var/www/html/mymisdiagnosis/app/Controllers/Product.php(235): CodeIgniter\Debug\Exceptions->errorHandler(8, 'Undefined index...', '/var/www/html/m...', 235, Array)
#1 /var/www/html/mymisdiagnosis/system/CodeIgniter.php(936): App\Controllers\Product->cards('add')
#2 /var/www/html/mymisdiagnosis/system/CodeIgniter.php(432): CodeIgniter\CodeIgniter->runController(Object(App\Controllers\Product))
#3 /var/www/html/mymisdiagnosis/system/CodeIgniter.php(333): CodeIgniter\CodeIgniter->handleRequest(NULL, Object(Config\Cache), false)
#4 /var/www/html/mymisdiagnosis/public/index.php(44): CodeIgniter\CodeIgniter->run()
#5 {main}
CRITICAL - 2021-12-11 18:13:56 --> Undefined index: pack
#0 /var/www/html/mymisdiagnosis/app/Controllers/Product.php(235): CodeIgniter\Debug\Exceptions->errorHandler(8, 'Undefined index...', '/var/www/html/m...', 235, Array)
#1 /var/www/html/mymisdiagnosis/system/CodeIgniter.php(936): App\Controllers\Product->cards('add')
#2 /var/www/html/mymisdiagnosis/system/CodeIgniter.php(432): CodeIgniter\CodeIgniter->runController(Object(App\Controllers\Product))
#3 /var/www/html/mymisdiagnosis/system/CodeIgniter.php(333): CodeIgniter\CodeIgniter->handleRequest(NULL, Object(Config\Cache), false)
#4 /var/www/html/mymisdiagnosis/public/index.php(44): CodeIgniter\CodeIgniter->run()
#5 {main}
CRITICAL - 2021-12-11 18:18:55 --> Call to undefined function str_ends_with()
#0 /var/www/html/mymisdiagnosis/system/View/View.php(220): include()
#1 /var/www/html/mymisdiagnosis/system/View/View.php(222): CodeIgniter\View\View->CodeIgniter\View\{closure}()
#2 /var/www/html/mymisdiagnosis/system/Common.php(1217): CodeIgniter\View\View->render('product_view', Array, true)
#3 /var/www/html/mymisdiagnosis/app/Controllers/Product.php(887): view('product_view', Array)
#4 /var/www/html/mymisdiagnosis/app/Controllers/Product.php(160): App\Controllers\Product->_productOutput(Object(stdClass))
#5 /var/www/html/mymisdiagnosis/system/CodeIgniter.php(936): App\Controllers\Product->packs()
#6 /var/www/html/mymisdiagnosis/system/CodeIgniter.php(432): CodeIgniter\CodeIgniter->runController(Object(App\Controllers\Product))
#7 /var/www/html/mymisdiagnosis/system/CodeIgniter.php(333): CodeIgniter\CodeIgniter->handleRequest(NULL, Object(Config\Cache), false)
#8 /var/www/html/mymisdiagnosis/public/index.php(44): CodeIgniter\CodeIgniter->run()
#9 {main}
CRITICAL - 2021-12-11 18:25:00 --> Call to undefined function ends_with()
#0 /var/www/html/mymisdiagnosis/system/View/View.php(220): include()
#1 /var/www/html/mymisdiagnosis/system/View/View.php(222): CodeIgniter\View\View->CodeIgniter\View\{closure}()
#2 /var/www/html/mymisdiagnosis/system/Common.php(1217): CodeIgniter\View\View->render('product_view', Array, true)
#3 /var/www/html/mymisdiagnosis/app/Controllers/Product.php(887): view('product_view', Array)
#4 /var/www/html/mymisdiagnosis/app/Controllers/Product.php(160): App\Controllers\Product->_productOutput(Object(stdClass))
#5 /var/www/html/mymisdiagnosis/system/CodeIgniter.php(936): App\Controllers\Product->packs()
#6 /var/www/html/mymisdiagnosis/system/CodeIgniter.php(432): CodeIgniter\CodeIgniter->runController(Object(App\Controllers\Product))
#7 /var/www/html/mymisdiagnosis/system/CodeIgniter.php(333): CodeIgniter\CodeIgniter->handleRequest(NULL, Object(Config\Cache), false)
#8 /var/www/html/mymisdiagnosis/public/index.php(44): CodeIgniter\CodeIgniter->run()
#9 {main}
CRITICAL - 2021-12-11 18:25:42 --> Call to undefined function endsWith()
#0 /var/www/html/mymisdiagnosis/system/View/View.php(220): include()
#1 /var/www/html/mymisdiagnosis/system/View/View.php(222): CodeIgniter\View\View->CodeIgniter\View\{closure}()
#2 /var/www/html/mymisdiagnosis/system/Common.php(1217): CodeIgniter\View\View->render('product_view', Array, true)
#3 /var/www/html/mymisdiagnosis/app/Controllers/Product.php(887): view('product_view', Array)
#4 /var/www/html/mymisdiagnosis/app/Controllers/Product.php(160): App\Controllers\Product->_productOutput(Object(stdClass))
#5 /var/www/html/mymisdiagnosis/system/CodeIgniter.php(936): App\Controllers\Product->packs()
#6 /var/www/html/mymisdiagnosis/system/CodeIgniter.php(432): CodeIgniter\CodeIgniter->runController(Object(App\Controllers\Product))
#7 /var/www/html/mymisdiagnosis/system/CodeIgniter.php(333): CodeIgniter\CodeIgniter->handleRequest(NULL, Object(Config\Cache), false)
#8 /var/www/html/mymisdiagnosis/public/index.php(44): CodeIgniter\CodeIgniter->run()
#9 {main}
CRITICAL - 2021-12-11 18:27:46 --> Call to undefined function str_ends_with()
#0 /var/www/html/mymisdiagnosis/system/View/View.php(220): include()
#1 /var/www/html/mymisdiagnosis/system/View/View.php(222): CodeIgniter\View\View->CodeIgniter\View\{closure}()
#2 /var/www/html/mymisdiagnosis/system/Common.php(1217): CodeIgniter\View\View->render('product_view', Array, true)
#3 /var/www/html/mymisdiagnosis/app/Controllers/Product.php(887): view('product_view', Array)
#4 /var/www/html/mymisdiagnosis/app/Controllers/Product.php(160): App\Controllers\Product->_productOutput(Object(stdClass))
#5 /var/www/html/mymisdiagnosis/system/CodeIgniter.php(936): App\Controllers\Product->packs()
#6 /var/www/html/mymisdiagnosis/system/CodeIgniter.php(432): CodeIgniter\CodeIgniter->runController(Object(App\Controllers\Product))
#7 /var/www/html/mymisdiagnosis/system/CodeIgniter.php(333): CodeIgniter\CodeIgniter->handleRequest(NULL, Object(Config\Cache), false)
#8 /var/www/html/mymisdiagnosis/public/index.php(44): CodeIgniter\CodeIgniter->run()
#9 {main}
CRITICAL - 2021-12-11 18:28:24 --> Undefined index: pack
#0 /var/www/html/mymisdiagnosis/app/Controllers/Product.php(235): CodeIgniter\Debug\Exceptions->errorHandler(8, 'Undefined index...', '/var/www/html/m...', 235, Array)
#1 /var/www/html/mymisdiagnosis/system/CodeIgniter.php(936): App\Controllers\Product->cards('add')
#2 /var/www/html/mymisdiagnosis/system/CodeIgniter.php(432): CodeIgniter\CodeIgniter->runController(Object(App\Controllers\Product))
#3 /var/www/html/mymisdiagnosis/system/CodeIgniter.php(333): CodeIgniter\CodeIgniter->handleRequest(NULL, Object(Config\Cache), false)
#4 /var/www/html/mymisdiagnosis/public/index.php(44): CodeIgniter\CodeIgniter->run()
#5 {main}
CRITICAL - 2021-12-11 18:28:24 --> Undefined index: pack
#0 /var/www/html/mymisdiagnosis/app/Controllers/Product.php(235): CodeIgniter\Debug\Exceptions->errorHandler(8, 'Undefined index...', '/var/www/html/m...', 235, Array)
#1 /var/www/html/mymisdiagnosis/system/CodeIgniter.php(936): App\Controllers\Product->cards('add')
#2 /var/www/html/mymisdiagnosis/system/CodeIgniter.php(432): CodeIgniter\CodeIgniter->runController(Object(App\Controllers\Product))
#3 /var/www/html/mymisdiagnosis/system/CodeIgniter.php(333): CodeIgniter\CodeIgniter->handleRequest(NULL, Object(Config\Cache), false)
#4 /var/www/html/mymisdiagnosis/public/index.php(44): CodeIgniter\CodeIgniter->run()
#5 {main}
CRITICAL - 2021-12-11 18:31:49 --> Undefined index: pack
#0 /var/www/html/mymisdiagnosis/app/Controllers/Product.php(235): CodeIgniter\Debug\Exceptions->errorHandler(8, 'Undefined index...', '/var/www/html/m...', 235, Array)
#1 /var/www/html/mymisdiagnosis/system/CodeIgniter.php(936): App\Controllers\Product->cards('add')
#2 /var/www/html/mymisdiagnosis/system/CodeIgniter.php(432): CodeIgniter\CodeIgniter->runController(Object(App\Controllers\Product))
#3 /var/www/html/mymisdiagnosis/system/CodeIgniter.php(333): CodeIgniter\CodeIgniter->handleRequest(NULL, Object(Config\Cache), false)
#4 /var/www/html/mymisdiagnosis/public/index.php(44): CodeIgniter\CodeIgniter->run()
#5 {main}
CRITICAL - 2021-12-11 18:31:49 --> Undefined index: pack
#0 /var/www/html/mymisdiagnosis/app/Controllers/Product.php(235): CodeIgniter\Debug\Exceptions->errorHandler(8, 'Undefined index...', '/var/www/html/m...', 235, Array)
#1 /var/www/html/mymisdiagnosis/system/CodeIgniter.php(936): App\Controllers\Product->cards('add')
#2 /var/www/html/mymisdiagnosis/system/CodeIgniter.php(432): CodeIgniter\CodeIgniter->runController(Object(App\Controllers\Product))
#3 /var/www/html/mymisdiagnosis/system/CodeIgniter.php(333): CodeIgniter\CodeIgniter->handleRequest(NULL, Object(Config\Cache), false)
#4 /var/www/html/mymisdiagnosis/public/index.php(44): CodeIgniter\CodeIgniter->run()
#5 {main}
CRITICAL - 2021-12-11 18:33:13 --> Undefined index: pack
#0 /var/www/html/mymisdiagnosis/app/Controllers/Product.php(235): CodeIgniter\Debug\Exceptions->errorHandler(8, 'Undefined index...', '/var/www/html/m...', 235, Array)
#1 /var/www/html/mymisdiagnosis/system/CodeIgniter.php(936): App\Controllers\Product->cards('add')
#2 /var/www/html/mymisdiagnosis/system/CodeIgniter.php(432): CodeIgniter\CodeIgniter->runController(Object(App\Controllers\Product))
#3 /var/www/html/mymisdiagnosis/system/CodeIgniter.php(333): CodeIgniter\CodeIgniter->handleRequest(NULL, Object(Config\Cache), false)
#4 /var/www/html/mymisdiagnosis/public/index.php(44): CodeIgniter\CodeIgniter->run()
#5 {main}
CRITICAL - 2021-12-11 18:33:13 --> Undefined index: pack
#0 /var/www/html/mymisdiagnosis/app/Controllers/Product.php(235): CodeIgniter\Debug\Exceptions->errorHandler(8, 'Undefined index...', '/var/www/html/m...', 235, Array)
#1 /var/www/html/mymisdiagnosis/system/CodeIgniter.php(936): App\Controllers\Product->cards('add')
#2 /var/www/html/mymisdiagnosis/system/CodeIgniter.php(432): CodeIgniter\CodeIgniter->runController(Object(App\Controllers\Product))
#3 /var/www/html/mymisdiagnosis/system/CodeIgniter.php(333): CodeIgniter\CodeIgniter->handleRequest(NULL, Object(Config\Cache), false)
#4 /var/www/html/mymisdiagnosis/public/index.php(44): CodeIgniter\CodeIgniter->run()
#5 {main}
CRITICAL - 2021-12-11 18:48:28 --> Undefined index: pack
#0 /var/www/html/mymisdiagnosis/app/Controllers/Product.php(235): CodeIgniter\Debug\Exceptions->errorHandler(8, 'Undefined index...', '/var/www/html/m...', 235, Array)
#1 /var/www/html/mymisdiagnosis/system/CodeIgniter.php(936): App\Controllers\Product->cards('add')
#2 /var/www/html/mymisdiagnosis/system/CodeIgniter.php(432): CodeIgniter\CodeIgniter->runController(Object(App\Controllers\Product))
#3 /var/www/html/mymisdiagnosis/system/CodeIgniter.php(333): CodeIgniter\CodeIgniter->handleRequest(NULL, Object(Config\Cache), false)
#4 /var/www/html/mymisdiagnosis/public/index.php(44): CodeIgniter\CodeIgniter->run()
#5 {main}
CRITICAL - 2021-12-11 18:48:28 --> Undefined index: pack
#0 /var/www/html/mymisdiagnosis/app/Controllers/Product.php(235): CodeIgniter\Debug\Exceptions->errorHandler(8, 'Undefined index...', '/var/www/html/m...', 235, Array)
#1 /var/www/html/mymisdiagnosis/system/CodeIgniter.php(936): App\Controllers\Product->cards('add')
#2 /var/www/html/mymisdiagnosis/system/CodeIgniter.php(432): CodeIgniter\CodeIgniter->runController(Object(App\Controllers\Product))
#3 /var/www/html/mymisdiagnosis/system/CodeIgniter.php(333): CodeIgniter\CodeIgniter->handleRequest(NULL, Object(Config\Cache), false)
#4 /var/www/html/mymisdiagnosis/public/index.php(44): CodeIgniter\CodeIgniter->run()
#5 {main}
CRITICAL - 2021-12-11 18:48:32 --> Undefined index: pack
#0 /var/www/html/mymisdiagnosis/app/Controllers/Product.php(235): CodeIgniter\Debug\Exceptions->errorHandler(8, 'Undefined index...', '/var/www/html/m...', 235, Array)
#1 /var/www/html/mymisdiagnosis/system/CodeIgniter.php(936): App\Controllers\Product->cards('add')
#2 /var/www/html/mymisdiagnosis/system/CodeIgniter.php(432): CodeIgniter\CodeIgniter->runController(Object(App\Controllers\Product))
#3 /var/www/html/mymisdiagnosis/system/CodeIgniter.php(333): CodeIgniter\CodeIgniter->handleRequest(NULL, Object(Config\Cache), false)
#4 /var/www/html/mymisdiagnosis/public/index.php(44): CodeIgniter\CodeIgniter->run()
#5 {main}
CRITICAL - 2021-12-11 18:48:32 --> Undefined index: pack
#0 /var/www/html/mymisdiagnosis/app/Controllers/Product.php(235): CodeIgniter\Debug\Exceptions->errorHandler(8, 'Undefined index...', '/var/www/html/m...', 235, Array)
#1 /var/www/html/mymisdiagnosis/system/CodeIgniter.php(936): App\Controllers\Product->cards('add')
#2 /var/www/html/mymisdiagnosis/system/CodeIgniter.php(432): CodeIgniter\CodeIgniter->runController(Object(App\Controllers\Product))
#3 /var/www/html/mymisdiagnosis/system/CodeIgniter.php(333): CodeIgniter\CodeIgniter->handleRequest(NULL, Object(Config\Cache), false)
#4 /var/www/html/mymisdiagnosis/public/index.php(44): CodeIgniter\CodeIgniter->run()
#5 {main}
CRITICAL - 2021-12-11 18:48:34 --> Undefined index: pack
#0 /var/www/html/mymisdiagnosis/app/Controllers/Product.php(235): CodeIgniter\Debug\Exceptions->errorHandler(8, 'Undefined index...', '/var/www/html/m...', 235, Array)
#1 /var/www/html/mymisdiagnosis/system/CodeIgniter.php(936): App\Controllers\Product->cards('add')
#2 /var/www/html/mymisdiagnosis/system/CodeIgniter.php(432): CodeIgniter\CodeIgniter->runController(Object(App\Controllers\Product))
#3 /var/www/html/mymisdiagnosis/system/CodeIgniter.php(333): CodeIgniter\CodeIgniter->handleRequest(NULL, Object(Config\Cache), false)
#4 /var/www/html/mymisdiagnosis/public/index.php(44): CodeIgniter\CodeIgniter->run()
#5 {main}
CRITICAL - 2021-12-11 18:48:34 --> Undefined index: pack
#0 /var/www/html/mymisdiagnosis/app/Controllers/Product.php(235): CodeIgniter\Debug\Exceptions->errorHandler(8, 'Undefined index...', '/var/www/html/m...', 235, Array)
#1 /var/www/html/mymisdiagnosis/system/CodeIgniter.php(936): App\Controllers\Product->cards('add')
#2 /var/www/html/mymisdiagnosis/system/CodeIgniter.php(432): CodeIgniter\CodeIgniter->runController(Object(App\Controllers\Product))
#3 /var/www/html/mymisdiagnosis/system/CodeIgniter.php(333): CodeIgniter\CodeIgniter->handleRequest(NULL, Object(Config\Cache), false)
#4 /var/www/html/mymisdiagnosis/public/index.php(44): CodeIgniter\CodeIgniter->run()
#5 {main}
CRITICAL - 2021-12-11 18:48:36 --> Undefined index: pack
#0 /var/www/html/mymisdiagnosis/app/Controllers/Product.php(235): CodeIgniter\Debug\Exceptions->errorHandler(8, 'Undefined index...', '/var/www/html/m...', 235, Array)
#1 /var/www/html/mymisdiagnosis/system/CodeIgniter.php(936): App\Controllers\Product->cards('add')
#2 /var/www/html/mymisdiagnosis/system/CodeIgniter.php(432): CodeIgniter\CodeIgniter->runController(Object(App\Controllers\Product))
#3 /var/www/html/mymisdiagnosis/system/CodeIgniter.php(333): CodeIgniter\CodeIgniter->handleRequest(NULL, Object(Config\Cache), false)
#4 /var/www/html/mymisdiagnosis/public/index.php(44): CodeIgniter\CodeIgniter->run()
#5 {main}
CRITICAL - 2021-12-11 18:48:36 --> Undefined index: pack
#0 /var/www/html/mymisdiagnosis/app/Controllers/Product.php(235): CodeIgniter\Debug\Exceptions->errorHandler(8, 'Undefined index...', '/var/www/html/m...', 235, Array)
#1 /var/www/html/mymisdiagnosis/system/CodeIgniter.php(936): App\Controllers\Product->cards('add')
#2 /var/www/html/mymisdiagnosis/system/CodeIgniter.php(432): CodeIgniter\CodeIgniter->runController(Object(App\Controllers\Product))
#3 /var/www/html/mymisdiagnosis/system/CodeIgniter.php(333): CodeIgniter\CodeIgniter->handleRequest(NULL, Object(Config\Cache), false)
#4 /var/www/html/mymisdiagnosis/public/index.php(44): CodeIgniter\CodeIgniter->run()
#5 {main}
CRITICAL - 2021-12-11 18:49:52 --> Undefined index: pack
#0 /var/www/html/mymisdiagnosis/app/Controllers/Product.php(235): CodeIgniter\Debug\Exceptions->errorHandler(8, 'Undefined index...', '/var/www/html/m...', 235, Array)
#1 /var/www/html/mymisdiagnosis/system/CodeIgniter.php(936): App\Controllers\Product->cards('add')
#2 /var/www/html/mymisdiagnosis/system/CodeIgniter.php(432): CodeIgniter\CodeIgniter->runController(Object(App\Controllers\Product))
#3 /var/www/html/mymisdiagnosis/system/CodeIgniter.php(333): CodeIgniter\CodeIgniter->handleRequest(NULL, Object(Config\Cache), false)
#4 /var/www/html/mymisdiagnosis/public/index.php(44): CodeIgniter\CodeIgniter->run()
#5 {main}
CRITICAL - 2021-12-11 18:49:52 --> Undefined index: pack
#0 /var/www/html/mymisdiagnosis/app/Controllers/Product.php(235): CodeIgniter\Debug\Exceptions->errorHandler(8, 'Undefined index...', '/var/www/html/m...', 235, Array)
#1 /var/www/html/mymisdiagnosis/system/CodeIgniter.php(936): App\Controllers\Product->cards('add')
#2 /var/www/html/mymisdiagnosis/system/CodeIgniter.php(432): CodeIgniter\CodeIgniter->runController(Object(App\Controllers\Product))
#3 /var/www/html/mymisdiagnosis/system/CodeIgniter.php(333): CodeIgniter\CodeIgniter->handleRequest(NULL, Object(Config\Cache), false)
#4 /var/www/html/mymisdiagnosis/public/index.php(44): CodeIgniter\CodeIgniter->run()
#5 {main}
CRITICAL - 2021-12-11 18:49:54 --> Undefined index: pack
#0 /var/www/html/mymisdiagnosis/app/Controllers/Product.php(235): CodeIgniter\Debug\Exceptions->errorHandler(8, 'Undefined index...', '/var/www/html/m...', 235, Array)
#1 /var/www/html/mymisdiagnosis/system/CodeIgniter.php(936): App\Controllers\Product->cards('add')
#2 /var/www/html/mymisdiagnosis/system/CodeIgniter.php(432): CodeIgniter\CodeIgniter->runController(Object(App\Controllers\Product))
#3 /var/www/html/mymisdiagnosis/system/CodeIgniter.php(333): CodeIgniter\CodeIgniter->handleRequest(NULL, Object(Config\Cache), false)
#4 /var/www/html/mymisdiagnosis/public/index.php(44): CodeIgniter\CodeIgniter->run()
#5 {main}
CRITICAL - 2021-12-11 18:49:54 --> Undefined index: pack
#0 /var/www/html/mymisdiagnosis/app/Controllers/Product.php(235): CodeIgniter\Debug\Exceptions->errorHandler(8, 'Undefined index...', '/var/www/html/m...', 235, Array)
#1 /var/www/html/mymisdiagnosis/system/CodeIgniter.php(936): App\Controllers\Product->cards('add')
#2 /var/www/html/mymisdiagnosis/system/CodeIgniter.php(432): CodeIgniter\CodeIgniter->runController(Object(App\Controllers\Product))
#3 /var/www/html/mymisdiagnosis/system/CodeIgniter.php(333): CodeIgniter\CodeIgniter->handleRequest(NULL, Object(Config\Cache), false)
#4 /var/www/html/mymisdiagnosis/public/index.php(44): CodeIgniter\CodeIgniter->run()
#5 {main}
CRITICAL - 2021-12-11 18:50:12 --> Undefined index: pack
#0 /var/www/html/mymisdiagnosis/app/Controllers/Product.php(235): CodeIgniter\Debug\Exceptions->errorHandler(8, 'Undefined index...', '/var/www/html/m...', 235, Array)
#1 /var/www/html/mymisdiagnosis/system/CodeIgniter.php(936): App\Controllers\Product->cards('add')
#2 /var/www/html/mymisdiagnosis/system/CodeIgniter.php(432): CodeIgniter\CodeIgniter->runController(Object(App\Controllers\Product))
#3 /var/www/html/mymisdiagnosis/system/CodeIgniter.php(333): CodeIgniter\CodeIgniter->handleRequest(NULL, Object(Config\Cache), false)
#4 /var/www/html/mymisdiagnosis/public/index.php(44): CodeIgniter\CodeIgniter->run()
#5 {main}
CRITICAL - 2021-12-11 18:50:12 --> Undefined index: pack
#0 /var/www/html/mymisdiagnosis/app/Controllers/Product.php(235): CodeIgniter\Debug\Exceptions->errorHandler(8, 'Undefined index...', '/var/www/html/m...', 235, Array)
#1 /var/www/html/mymisdiagnosis/system/CodeIgniter.php(936): App\Controllers\Product->cards('add')
#2 /var/www/html/mymisdiagnosis/system/CodeIgniter.php(432): CodeIgniter\CodeIgniter->runController(Object(App\Controllers\Product))
#3 /var/www/html/mymisdiagnosis/system/CodeIgniter.php(333): CodeIgniter\CodeIgniter->handleRequest(NULL, Object(Config\Cache), false)
#4 /var/www/html/mymisdiagnosis/public/index.php(44): CodeIgniter\CodeIgniter->run()
#5 {main}
CRITICAL - 2021-12-11 18:52:25 --> Undefined index: pack
#0 /var/www/html/mymisdiagnosis/app/Controllers/Product.php(235): CodeIgniter\Debug\Exceptions->errorHandler(8, 'Undefined index...', '/var/www/html/m...', 235, Array)
#1 /var/www/html/mymisdiagnosis/system/CodeIgniter.php(936): App\Controllers\Product->cards('add')
#2 /var/www/html/mymisdiagnosis/system/CodeIgniter.php(432): CodeIgniter\CodeIgniter->runController(Object(App\Controllers\Product))
#3 /var/www/html/mymisdiagnosis/system/CodeIgniter.php(333): CodeIgniter\CodeIgniter->handleRequest(NULL, Object(Config\Cache), false)
#4 /var/www/html/mymisdiagnosis/public/index.php(44): CodeIgniter\CodeIgniter->run()
#5 {main}
CRITICAL - 2021-12-11 18:52:25 --> Undefined index: pack
#0 /var/www/html/mymisdiagnosis/app/Controllers/Product.php(235): CodeIgniter\Debug\Exceptions->errorHandler(8, 'Undefined index...', '/var/www/html/m...', 235, Array)
#1 /var/www/html/mymisdiagnosis/system/CodeIgniter.php(936): App\Controllers\Product->cards('add')
#2 /var/www/html/mymisdiagnosis/system/CodeIgniter.php(432): CodeIgniter\CodeIgniter->runController(Object(App\Controllers\Product))
#3 /var/www/html/mymisdiagnosis/system/CodeIgniter.php(333): CodeIgniter\CodeIgniter->handleRequest(NULL, Object(Config\Cache), false)
#4 /var/www/html/mymisdiagnosis/public/index.php(44): CodeIgniter\CodeIgniter->run()
#5 {main}
CRITICAL - 2021-12-11 18:58:36 --> Undefined index: pack
#0 /var/www/html/mymisdiagnosis/app/Controllers/Product.php(235): CodeIgniter\Debug\Exceptions->errorHandler(8, 'Undefined index...', '/var/www/html/m...', 235, Array)
#1 /var/www/html/mymisdiagnosis/system/CodeIgniter.php(936): App\Controllers\Product->cards('add')
#2 /var/www/html/mymisdiagnosis/system/CodeIgniter.php(432): CodeIgniter\CodeIgniter->runController(Object(App\Controllers\Product))
#3 /var/www/html/mymisdiagnosis/system/CodeIgniter.php(333): CodeIgniter\CodeIgniter->handleRequest(NULL, Object(Config\Cache), false)
#4 /var/www/html/mymisdiagnosis/public/index.php(44): CodeIgniter\CodeIgniter->run()
#5 {main}
CRITICAL - 2021-12-11 18:58:37 --> Undefined index: pack
#0 /var/www/html/mymisdiagnosis/app/Controllers/Product.php(235): CodeIgniter\Debug\Exceptions->errorHandler(8, 'Undefined index...', '/var/www/html/m...', 235, Array)
#1 /var/www/html/mymisdiagnosis/system/CodeIgniter.php(936): App\Controllers\Product->cards('add')
#2 /var/www/html/mymisdiagnosis/system/CodeIgniter.php(432): CodeIgniter\CodeIgniter->runController(Object(App\Controllers\Product))
#3 /var/www/html/mymisdiagnosis/system/CodeIgniter.php(333): CodeIgniter\CodeIgniter->handleRequest(NULL, Object(Config\Cache), false)
#4 /var/www/html/mymisdiagnosis/public/index.php(44): CodeIgniter\CodeIgniter->run()
#5 {main}
CRITICAL - 2021-12-11 18:58:46 --> Undefined index: pack
#0 /var/www/html/mymisdiagnosis/app/Controllers/Product.php(235): CodeIgniter\Debug\Exceptions->errorHandler(8, 'Undefined index...', '/var/www/html/m...', 235, Array)
#1 /var/www/html/mymisdiagnosis/system/CodeIgniter.php(936): App\Controllers\Product->cards('add')
#2 /var/www/html/mymisdiagnosis/system/CodeIgniter.php(432): CodeIgniter\CodeIgniter->runController(Object(App\Controllers\Product))
#3 /var/www/html/mymisdiagnosis/system/CodeIgniter.php(333): CodeIgniter\CodeIgniter->handleRequest(NULL, Object(Config\Cache), false)
#4 /var/www/html/mymisdiagnosis/public/index.php(44): CodeIgniter\CodeIgniter->run()
#5 {main}
CRITICAL - 2021-12-11 18:58:46 --> Undefined index: pack
#0 /var/www/html/mymisdiagnosis/app/Controllers/Product.php(235): CodeIgniter\Debug\Exceptions->errorHandler(8, 'Undefined index...', '/var/www/html/m...', 235, Array)
#1 /var/www/html/mymisdiagnosis/system/CodeIgniter.php(936): App\Controllers\Product->cards('add')
#2 /var/www/html/mymisdiagnosis/system/CodeIgniter.php(432): CodeIgniter\CodeIgniter->runController(Object(App\Controllers\Product))
#3 /var/www/html/mymisdiagnosis/system/CodeIgniter.php(333): CodeIgniter\CodeIgniter->handleRequest(NULL, Object(Config\Cache), false)
#4 /var/www/html/mymisdiagnosis/public/index.php(44): CodeIgniter\CodeIgniter->run()
#5 {main}
CRITICAL - 2021-12-11 19:07:21 --> Undefined index: pack
#0 /var/www/html/mymisdiagnosis/app/Controllers/Product.php(235): CodeIgniter\Debug\Exceptions->errorHandler(8, 'Undefined index...', '/var/www/html/m...', 235, Array)
#1 /var/www/html/mymisdiagnosis/system/CodeIgniter.php(936): App\Controllers\Product->cards('add')
#2 /var/www/html/mymisdiagnosis/system/CodeIgniter.php(432): CodeIgniter\CodeIgniter->runController(Object(App\Controllers\Product))
#3 /var/www/html/mymisdiagnosis/system/CodeIgniter.php(333): CodeIgniter\CodeIgniter->handleRequest(NULL, Object(Config\Cache), false)
#4 /var/www/html/mymisdiagnosis/public/index.php(44): CodeIgniter\CodeIgniter->run()
#5 {main}
CRITICAL - 2021-12-11 19:07:21 --> Undefined index: pack
#0 /var/www/html/mymisdiagnosis/app/Controllers/Product.php(235): CodeIgniter\Debug\Exceptions->errorHandler(8, 'Undefined index...', '/var/www/html/m...', 235, Array)
#1 /var/www/html/mymisdiagnosis/system/CodeIgniter.php(936): App\Controllers\Product->cards('add')
#2 /var/www/html/mymisdiagnosis/system/CodeIgniter.php(432): CodeIgniter\CodeIgniter->runController(Object(App\Controllers\Product))
#3 /var/www/html/mymisdiagnosis/system/CodeIgniter.php(333): CodeIgniter\CodeIgniter->handleRequest(NULL, Object(Config\Cache), false)
#4 /var/www/html/mymisdiagnosis/public/index.php(44): CodeIgniter\CodeIgniter->run()
#5 {main}
CRITICAL - 2021-12-11 20:20:44 --> Call to undefined function endsWith()
#0 /var/www/html/mymisdiagnosis/system/View/View.php(220): include()
#1 /var/www/html/mymisdiagnosis/system/View/View.php(222): CodeIgniter\View\View->CodeIgniter\View\{closure}()
#2 /var/www/html/mymisdiagnosis/system/Common.php(1217): CodeIgniter\View\View->render('auth_internetic...', Array, true)
#3 /var/www/html/mymisdiagnosis/app/Views/auth_internetics/template.php(3): view('auth_internetic...')
#4 /var/www/html/mymisdiagnosis/system/View/View.php(220): include('/var/www/html/m...')
#5 /var/www/html/mymisdiagnosis/system/View/View.php(222): CodeIgniter\View\View->CodeIgniter\View\{closure}()
#6 /var/www/html/mymisdiagnosis/system/Common.php(1217): CodeIgniter\View\View->render('auth_internetic...', Array, true)
#7 /var/www/html/mymisdiagnosis/app/Controllers/Auth.php(33): view('auth_internetic...', Array)
#8 /var/www/html/mymisdiagnosis/app/ThirdParty/IonAuth/Controllers/Auth.php(173): App\Controllers\Auth->renderPage('IonAuth\\Views\\a...', Array)
#9 /var/www/html/mymisdiagnosis/system/CodeIgniter.php(936): IonAuth\Controllers\Auth->login()
#10 /var/www/html/mymisdiagnosis/system/CodeIgniter.php(432): CodeIgniter\CodeIgniter->runController(Object(App\Controllers\Auth))
#11 /var/www/html/mymisdiagnosis/system/CodeIgniter.php(333): CodeIgniter\CodeIgniter->handleRequest(NULL, Object(Config\Cache), false)
#12 /var/www/html/mymisdiagnosis/public/index.php(44): CodeIgniter\CodeIgniter->run()
#13 {main}
CRITICAL - 2021-12-11 20:23:52 --> Call to undefined function endsWith()
#0 /var/www/html/mymisdiagnosis/system/View/View.php(220): include()
#1 /var/www/html/mymisdiagnosis/system/View/View.php(222): CodeIgniter\View\View->CodeIgniter\View\{closure}()
#2 /var/www/html/mymisdiagnosis/system/Common.php(1217): CodeIgniter\View\View->render('auth_internetic...', Array, true)
#3 /var/www/html/mymisdiagnosis/app/Views/auth_internetics/template.php(3): view('auth_internetic...')
#4 /var/www/html/mymisdiagnosis/system/View/View.php(220): include('/var/www/html/m...')
#5 /var/www/html/mymisdiagnosis/system/View/View.php(222): CodeIgniter\View\View->CodeIgniter\View\{closure}()
#6 /var/www/html/mymisdiagnosis/system/Common.php(1217): CodeIgniter\View\View->render('auth_internetic...', Array, true)
#7 /var/www/html/mymisdiagnosis/app/Controllers/Auth.php(33): view('auth_internetic...', Array)
#8 /var/www/html/mymisdiagnosis/app/ThirdParty/IonAuth/Controllers/Auth.php(173): App\Controllers\Auth->renderPage('IonAuth\\Views\\a...', Array)
#9 /var/www/html/mymisdiagnosis/system/CodeIgniter.php(936): IonAuth\Controllers\Auth->login()
#10 /var/www/html/mymisdiagnosis/system/CodeIgniter.php(432): CodeIgniter\CodeIgniter->runController(Object(App\Controllers\Auth))
#11 /var/www/html/mymisdiagnosis/system/CodeIgniter.php(333): CodeIgniter\CodeIgniter->handleRequest(NULL, Object(Config\Cache), false)
#12 /var/www/html/mymisdiagnosis/public/index.php(44): CodeIgniter\CodeIgniter->run()
#13 {main}
CRITICAL - 2021-12-11 21:33:29 --> You must be an administrator to view this page.
#0 /var/www/html/mymisdiagnosis/system/CodeIgniter.php(936): IonAuth\Controllers\Auth->index()
#1 /var/www/html/mymisdiagnosis/system/CodeIgniter.php(432): CodeIgniter\CodeIgniter->runController(Object(App\Controllers\Auth))
#2 /var/www/html/mymisdiagnosis/system/CodeIgniter.php(333): CodeIgniter\CodeIgniter->handleRequest(NULL, Object(Config\Cache), false)
#3 /var/www/html/mymisdiagnosis/public/index.php(44): CodeIgniter\CodeIgniter->run()
#4 {main}
CRITICAL - 2021-12-11 21:34:22 --> Too few arguments to function IonAuth\Controllers\Auth::edit_user(), 0 passed in /var/www/html/mymisdiagnosis/system/CodeIgniter.php on line 936 and exactly 1 expected
#0 /var/www/html/mymisdiagnosis/system/CodeIgniter.php(936): IonAuth\Controllers\Auth->edit_user()
#1 /var/www/html/mymisdiagnosis/system/CodeIgniter.php(432): CodeIgniter\CodeIgniter->runController(Object(App\Controllers\Auth))
#2 /var/www/html/mymisdiagnosis/system/CodeIgniter.php(333): CodeIgniter\CodeIgniter->handleRequest(NULL, Object(Config\Cache), false)
#3 /var/www/html/mymisdiagnosis/public/index.php(44): CodeIgniter\CodeIgniter->run()
#4 {main}
CRITICAL - 2021-12-11 21:48:35 --> Undefined index: pack
#0 /var/www/html/mymisdiagnosis/app/Controllers/Product.php(235): CodeIgniter\Debug\Exceptions->errorHandler(8, 'Undefined index...', '/var/www/html/m...', 235, Array)
#1 /var/www/html/mymisdiagnosis/system/CodeIgniter.php(936): App\Controllers\Product->cards('add')
#2 /var/www/html/mymisdiagnosis/system/CodeIgniter.php(432): CodeIgniter\CodeIgniter->runController(Object(App\Controllers\Product))
#3 /var/www/html/mymisdiagnosis/system/CodeIgniter.php(333): CodeIgniter\CodeIgniter->handleRequest(NULL, Object(Config\Cache), false)
#4 /var/www/html/mymisdiagnosis/public/index.php(44): CodeIgniter\CodeIgniter->run()
#5 {main}
CRITICAL - 2021-12-11 21:48:35 --> Undefined index: pack
#0 /var/www/html/mymisdiagnosis/app/Controllers/Product.php(235): CodeIgniter\Debug\Exceptions->errorHandler(8, 'Undefined index...', '/var/www/html/m...', 235, Array)
#1 /var/www/html/mymisdiagnosis/system/CodeIgniter.php(936): App\Controllers\Product->cards('add')
#2 /var/www/html/mymisdiagnosis/system/CodeIgniter.php(432): CodeIgniter\CodeIgniter->runController(Object(App\Controllers\Product))
#3 /var/www/html/mymisdiagnosis/system/CodeIgniter.php(333): CodeIgniter\CodeIgniter->handleRequest(NULL, Object(Config\Cache), false)
#4 /var/www/html/mymisdiagnosis/public/index.php(44): CodeIgniter\CodeIgniter->run()
#5 {main}
CRITICAL - 2021-12-11 21:49:02 --> Undefined variable: css_files
#0 /var/www/html/mymisdiagnosis/app/Views/product_view.php(7): CodeIgniter\Debug\Exceptions->errorHandler(8, 'Undefined varia...', '/var/www/html/m...', 7, Array)
#1 /var/www/html/mymisdiagnosis/system/View/View.php(220): include('/var/www/html/m...')
#2 /var/www/html/mymisdiagnosis/system/View/View.php(222): CodeIgniter\View\View->CodeIgniter\View\{closure}()
#3 /var/www/html/mymisdiagnosis/system/Common.php(1217): CodeIgniter\View\View->render('product_view', Array, true)
#4 /var/www/html/mymisdiagnosis/app/Controllers/Home.php(9): view('product_view')
#5 /var/www/html/mymisdiagnosis/system/CodeIgniter.php(936): App\Controllers\Home->index()
#6 /var/www/html/mymisdiagnosis/system/CodeIgniter.php(432): CodeIgniter\CodeIgniter->runController(Object(App\Controllers\Home))
#7 /var/www/html/mymisdiagnosis/system/CodeIgniter.php(333): CodeIgniter\CodeIgniter->handleRequest(NULL, Object(Config\Cache), false)
#8 /var/www/html/mymisdiagnosis/public/index.php(44): CodeIgniter\CodeIgniter->run()
#9 {main}
CRITICAL - 2021-12-11 21:53:54 --> include(assets/grocery_crud/languages/English.php): failed to open stream: No such file or directory
#0 /var/www/html/mymisdiagnosis/app/Libraries/GroceryCrud.php(3979): CodeIgniter\Debug\Exceptions->errorHandler(2, 'include(assets/...', '/var/www/html/m...', 3979, Array)
#1 /var/www/html/mymisdiagnosis/app/Libraries/GroceryCrud.php(3979): include()
#2 /var/www/html/mymisdiagnosis/app/Libraries/GroceryCrud.php(4443): App\Libraries\GroceryCrud->_load_language()
#3 /var/www/html/mymisdiagnosis/app/Libraries/GroceryCrud.php(4467): App\Libraries\GroceryCrud->pre_render()
#4 /var/www/html/mymisdiagnosis/app/Controllers/Product.php(155): App\Libraries\GroceryCrud->render()
#5 /var/www/html/mymisdiagnosis/system/CodeIgniter.php(936): App\Controllers\Product->packs()
#6 /var/www/html/mymisdiagnosis/system/CodeIgniter.php(432): CodeIgniter\CodeIgniter->runController(Object(App\Controllers\Product))
#7 /var/www/html/mymisdiagnosis/system/CodeIgniter.php(333): CodeIgniter\CodeIgniter->handleRequest(NULL, Object(Config\Cache), false)
#8 /var/www/html/mymisdiagnosis/index.php(44): CodeIgniter\CodeIgniter->run()
#9 {main}
CRITICAL - 2021-12-11 22:27:29 --> Undefined variable: css_files
#0 /var/www/html/mymisdiagnosis/app/Views/product_view.php(7): CodeIgniter\Debug\Exceptions->errorHandler(8, 'Undefined varia...', '/var/www/html/m...', 7, Array)
#1 /var/www/html/mymisdiagnosis/system/View/View.php(220): include('/var/www/html/m...')
#2 /var/www/html/mymisdiagnosis/system/View/View.php(222): CodeIgniter\View\View->CodeIgniter\View\{closure}()
#3 /var/www/html/mymisdiagnosis/system/Common.php(1217): CodeIgniter\View\View->render('product_view', Array, true)
#4 /var/www/html/mymisdiagnosis/app/Controllers/Home.php(9): view('product_view')
#5 /var/www/html/mymisdiagnosis/system/CodeIgniter.php(936): App\Controllers\Home->index()
#6 /var/www/html/mymisdiagnosis/system/CodeIgniter.php(432): CodeIgniter\CodeIgniter->runController(Object(App\Controllers\Home))
#7 /var/www/html/mymisdiagnosis/system/CodeIgniter.php(333): CodeIgniter\CodeIgniter->handleRequest(NULL, Object(Config\Cache), false)
#8 /var/www/html/mymisdiagnosis/index.php(44): CodeIgniter\CodeIgniter->run()
#9 {main}
CRITICAL - 2021-12-11 22:27:31 --> Undefined variable: css_files
#0 /var/www/html/mymisdiagnosis/app/Views/product_view.php(7): CodeIgniter\Debug\Exceptions->errorHandler(8, 'Undefined varia...', '/var/www/html/m...', 7, Array)
#1 /var/www/html/mymisdiagnosis/system/View/View.php(220): include('/var/www/html/m...')
#2 /var/www/html/mymisdiagnosis/system/View/View.php(222): CodeIgniter\View\View->CodeIgniter\View\{closure}()
#3 /var/www/html/mymisdiagnosis/system/Common.php(1217): CodeIgniter\View\View->render('product_view', Array, true)
#4 /var/www/html/mymisdiagnosis/app/Controllers/Home.php(9): view('product_view')
#5 /var/www/html/mymisdiagnosis/system/CodeIgniter.php(936): App\Controllers\Home->index()
#6 /var/www/html/mymisdiagnosis/system/CodeIgniter.php(432): CodeIgniter\CodeIgniter->runController(Object(App\Controllers\Home))
#7 /var/www/html/mymisdiagnosis/system/CodeIgniter.php(333): CodeIgniter\CodeIgniter->handleRequest(NULL, Object(Config\Cache), false)
#8 /var/www/html/mymisdiagnosis/index.php(44): CodeIgniter\CodeIgniter->run()
#9 {main}
CRITICAL - 2021-12-11 22:28:05 --> include(assets/grocery_crud/languages/English.php): failed to open stream: No such file or directory
#0 /var/www/html/mymisdiagnosis/app/Libraries/GroceryCrud.php(3979): CodeIgniter\Debug\Exceptions->errorHandler(2, 'include(assets/...', '/var/www/html/m...', 3979, Array)
#1 /var/www/html/mymisdiagnosis/app/Libraries/GroceryCrud.php(3979): include()
#2 /var/www/html/mymisdiagnosis/app/Libraries/GroceryCrud.php(4443): App\Libraries\GroceryCrud->_load_language()
#3 /var/www/html/mymisdiagnosis/app/Libraries/GroceryCrud.php(4467): App\Libraries\GroceryCrud->pre_render()
#4 /var/www/html/mymisdiagnosis/app/Controllers/Product.php(155): App\Libraries\GroceryCrud->render()
#5 /var/www/html/mymisdiagnosis/system/CodeIgniter.php(936): App\Controllers\Product->packs()
#6 /var/www/html/mymisdiagnosis/system/CodeIgniter.php(432): CodeIgniter\CodeIgniter->runController(Object(App\Controllers\Product))
#7 /var/www/html/mymisdiagnosis/system/CodeIgniter.php(333): CodeIgniter\CodeIgniter->handleRequest(NULL, Object(Config\Cache), false)
#8 /var/www/html/mymisdiagnosis/index.php(44): CodeIgniter\CodeIgniter->run()
#9 {main}
CRITICAL - 2021-12-11 22:28:53 --> include(assets/grocery_crud/languages/English.php): failed to open stream: No such file or directory
#0 /var/www/html/mymisdiagnosis/app/Libraries/GroceryCrud.php(3979): CodeIgniter\Debug\Exceptions->errorHandler(2, 'include(assets/...', '/var/www/html/m...', 3979, Array)
#1 /var/www/html/mymisdiagnosis/app/Libraries/GroceryCrud.php(3979): include()
#2 /var/www/html/mymisdiagnosis/app/Libraries/GroceryCrud.php(4443): App\Libraries\GroceryCrud->_load_language()
#3 /var/www/html/mymisdiagnosis/app/Libraries/GroceryCrud.php(4467): App\Libraries\GroceryCrud->pre_render()
#4 /var/www/html/mymisdiagnosis/app/Controllers/Product.php(155): App\Libraries\GroceryCrud->render()
#5 /var/www/html/mymisdiagnosis/system/CodeIgniter.php(936): App\Controllers\Product->packs()
#6 /var/www/html/mymisdiagnosis/system/CodeIgniter.php(432): CodeIgniter\CodeIgniter->runController(Object(App\Controllers\Product))
#7 /var/www/html/mymisdiagnosis/system/CodeIgniter.php(333): CodeIgniter\CodeIgniter->handleRequest(NULL, Object(Config\Cache), false)
#8 /var/www/html/mymisdiagnosis/index.php(44): CodeIgniter\CodeIgniter->run()
#9 {main}
CRITICAL - 2021-12-11 22:29:21 --> include(assets/grocery_crud/languages/English.php): failed to open stream: No such file or directory
#0 /var/www/html/mymisdiagnosis/app/Libraries/GroceryCrud.php(3979): CodeIgniter\Debug\Exceptions->errorHandler(2, 'include(assets/...', '/var/www/html/m...', 3979, Array)
#1 /var/www/html/mymisdiagnosis/app/Libraries/GroceryCrud.php(3979): include()
#2 /var/www/html/mymisdiagnosis/app/Libraries/GroceryCrud.php(4443): App\Libraries\GroceryCrud->_load_language()
#3 /var/www/html/mymisdiagnosis/app/Libraries/GroceryCrud.php(4467): App\Libraries\GroceryCrud->pre_render()
#4 /var/www/html/mymisdiagnosis/app/Controllers/Product.php(155): App\Libraries\GroceryCrud->render()
#5 /var/www/html/mymisdiagnosis/system/CodeIgniter.php(936): App\Controllers\Product->packs()
#6 /var/www/html/mymisdiagnosis/system/CodeIgniter.php(432): CodeIgniter\CodeIgniter->runController(Object(App\Controllers\Product))
#7 /var/www/html/mymisdiagnosis/system/CodeIgniter.php(333): CodeIgniter\CodeIgniter->handleRequest(NULL, Object(Config\Cache), false)
#8 /var/www/html/mymisdiagnosis/index.php(44): CodeIgniter\CodeIgniter->run()
#9 {main}
CRITICAL - 2021-12-11 22:29:27 --> Undefined variable: css_files
#0 /var/www/html/mymisdiagnosis/app/Views/product_view.php(7): CodeIgniter\Debug\Exceptions->errorHandler(8, 'Undefined varia...', '/var/www/html/m...', 7, Array)
#1 /var/www/html/mymisdiagnosis/system/View/View.php(220): include('/var/www/html/m...')
#2 /var/www/html/mymisdiagnosis/system/View/View.php(222): CodeIgniter\View\View->CodeIgniter\View\{closure}()
#3 /var/www/html/mymisdiagnosis/system/Common.php(1217): CodeIgniter\View\View->render('product_view', Array, true)
#4 /var/www/html/mymisdiagnosis/app/Controllers/Home.php(9): view('product_view')
#5 /var/www/html/mymisdiagnosis/system/CodeIgniter.php(936): App\Controllers\Home->index()
#6 /var/www/html/mymisdiagnosis/system/CodeIgniter.php(432): CodeIgniter\CodeIgniter->runController(Object(App\Controllers\Home))
#7 /var/www/html/mymisdiagnosis/system/CodeIgniter.php(333): CodeIgniter\CodeIgniter->handleRequest(NULL, Object(Config\Cache), false)
#8 /var/www/html/mymisdiagnosis/index.php(44): CodeIgniter\CodeIgniter->run()
#9 {main}
CRITICAL - 2021-12-11 22:29:36 --> You must be an administrator to view this page.
#0 /var/www/html/mymisdiagnosis/system/CodeIgniter.php(936): IonAuth\Controllers\Auth->index()
#1 /var/www/html/mymisdiagnosis/system/CodeIgniter.php(432): CodeIgniter\CodeIgniter->runController(Object(App\Controllers\Auth))
#2 /var/www/html/mymisdiagnosis/system/CodeIgniter.php(333): CodeIgniter\CodeIgniter->handleRequest(NULL, Object(Config\Cache), false)
#3 /var/www/html/mymisdiagnosis/index.php(44): CodeIgniter\CodeIgniter->run()
#4 {main}
CRITICAL - 2021-12-11 22:33:07 --> You must be an administrator to view this page.
#0 /var/www/html/mymisdiagnosis/system/CodeIgniter.php(936): IonAuth\Controllers\Auth->index()
#1 /var/www/html/mymisdiagnosis/system/CodeIgniter.php(432): CodeIgniter\CodeIgniter->runController(Object(App\Controllers\Auth))
#2 /var/www/html/mymisdiagnosis/system/CodeIgniter.php(333): CodeIgniter\CodeIgniter->handleRequest(NULL, Object(Config\Cache), false)
#3 /var/www/html/mymisdiagnosis/index.php(44): CodeIgniter\CodeIgniter->run()
#4 {main}
CRITICAL - 2021-12-11 22:33:18 --> include(assets/grocery_crud/languages/English.php): failed to open stream: No such file or directory
#0 /var/www/html/mymisdiagnosis/app/Libraries/GroceryCrud.php(3979): CodeIgniter\Debug\Exceptions->errorHandler(2, 'include(assets/...', '/var/www/html/m...', 3979, Array)
#1 /var/www/html/mymisdiagnosis/app/Libraries/GroceryCrud.php(3979): include()
#2 /var/www/html/mymisdiagnosis/app/Libraries/GroceryCrud.php(4443): App\Libraries\GroceryCrud->_load_language()
#3 /var/www/html/mymisdiagnosis/app/Libraries/GroceryCrud.php(4467): App\Libraries\GroceryCrud->pre_render()
#4 /var/www/html/mymisdiagnosis/app/Controllers/Product.php(155): App\Libraries\GroceryCrud->render()
#5 /var/www/html/mymisdiagnosis/system/CodeIgniter.php(936): App\Controllers\Product->packs()
#6 /var/www/html/mymisdiagnosis/system/CodeIgniter.php(432): CodeIgniter\CodeIgniter->runController(Object(App\Controllers\Product))
#7 /var/www/html/mymisdiagnosis/system/CodeIgniter.php(333): CodeIgniter\CodeIgniter->handleRequest(NULL, Object(Config\Cache), false)
#8 /var/www/html/mymisdiagnosis/index.php(44): CodeIgniter\CodeIgniter->run()
#9 {main}
CRITICAL - 2021-12-11 22:35:18 --> include(assets/grocery_crud/languages/English.php): failed to open stream: No such file or directory
#0 /var/www/html/mymisdiagnosis/app/Libraries/GroceryCrud.php(3979): CodeIgniter\Debug\Exceptions->errorHandler(2, 'include(assets/...', '/var/www/html/m...', 3979, Array)
#1 /var/www/html/mymisdiagnosis/app/Libraries/GroceryCrud.php(3979): include()
#2 /var/www/html/mymisdiagnosis/app/Libraries/GroceryCrud.php(4443): App\Libraries\GroceryCrud->_load_language()
#3 /var/www/html/mymisdiagnosis/app/Libraries/GroceryCrud.php(4467): App\Libraries\GroceryCrud->pre_render()
#4 /var/www/html/mymisdiagnosis/app/Controllers/Product.php(155): App\Libraries\GroceryCrud->render()
#5 /var/www/html/mymisdiagnosis/system/CodeIgniter.php(936): App\Controllers\Product->packs()
#6 /var/www/html/mymisdiagnosis/system/CodeIgniter.php(432): CodeIgniter\CodeIgniter->runController(Object(App\Controllers\Product))
#7 /var/www/html/mymisdiagnosis/system/CodeIgniter.php(333): CodeIgniter\CodeIgniter->handleRequest(NULL, Object(Config\Cache), false)
#8 /var/www/html/mymisdiagnosis/index.php(44): CodeIgniter\CodeIgniter->run()
#9 {main}
CRITICAL - 2021-12-11 22:37:54 --> include(assets/grocery_crud/languages/English.php): failed to open stream: No such file or directory
#0 /var/www/html/mymisdiagnosis/app/Libraries/GroceryCrud.php(3979): CodeIgniter\Debug\Exceptions->errorHandler(2, 'include(assets/...', '/var/www/html/m...', 3979, Array)
#1 /var/www/html/mymisdiagnosis/app/Libraries/GroceryCrud.php(3979): include()
#2 /var/www/html/mymisdiagnosis/app/Libraries/GroceryCrud.php(4443): App\Libraries\GroceryCrud->_load_language()
#3 /var/www/html/mymisdiagnosis/app/Libraries/GroceryCrud.php(4467): App\Libraries\GroceryCrud->pre_render()
#4 /var/www/html/mymisdiagnosis/app/Controllers/Product.php(155): App\Libraries\GroceryCrud->render()
#5 /var/www/html/mymisdiagnosis/system/CodeIgniter.php(936): App\Controllers\Product->packs()
#6 /var/www/html/mymisdiagnosis/system/CodeIgniter.php(432): CodeIgniter\CodeIgniter->runController(Object(App\Controllers\Product))
#7 /var/www/html/mymisdiagnosis/system/CodeIgniter.php(333): CodeIgniter\CodeIgniter->handleRequest(NULL, Object(Config\Cache), false)
#8 /var/www/html/mymisdiagnosis/index.php(44): CodeIgniter\CodeIgniter->run()
#9 {main}
CRITICAL - 2021-12-11 22:39:13 --> Undefined index: pack
#0 /var/www/html/mymisdiagnosis/app/Controllers/Product.php(235): CodeIgniter\Debug\Exceptions->errorHandler(8, 'Undefined index...', '/var/www/html/m...', 235, Array)
#1 /var/www/html/mymisdiagnosis/system/CodeIgniter.php(936): App\Controllers\Product->cards('add')
#2 /var/www/html/mymisdiagnosis/system/CodeIgniter.php(432): CodeIgniter\CodeIgniter->runController(Object(App\Controllers\Product))
#3 /var/www/html/mymisdiagnosis/system/CodeIgniter.php(333): CodeIgniter\CodeIgniter->handleRequest(NULL, Object(Config\Cache), false)
#4 /var/www/html/mymisdiagnosis/index.php(44): CodeIgniter\CodeIgniter->run()
#5 {main}
CRITICAL - 2021-12-11 22:39:13 --> Undefined index: pack
#0 /var/www/html/mymisdiagnosis/app/Controllers/Product.php(235): CodeIgniter\Debug\Exceptions->errorHandler(8, 'Undefined index...', '/var/www/html/m...', 235, Array)
#1 /var/www/html/mymisdiagnosis/system/CodeIgniter.php(936): App\Controllers\Product->cards('add')
#2 /var/www/html/mymisdiagnosis/system/CodeIgniter.php(432): CodeIgniter\CodeIgniter->runController(Object(App\Controllers\Product))
#3 /var/www/html/mymisdiagnosis/system/CodeIgniter.php(333): CodeIgniter\CodeIgniter->handleRequest(NULL, Object(Config\Cache), false)
#4 /var/www/html/mymisdiagnosis/index.php(44): CodeIgniter\CodeIgniter->run()
#5 {main}
CRITICAL - 2021-12-11 22:42:25 --> include(public/assets/grocery_crud/languages/English.php): failed to open stream: No such file or directory
#0 /var/www/html/mymisdiagnosis/app/Libraries/GroceryCrud.php(3979): CodeIgniter\Debug\Exceptions->errorHandler(2, 'include(public/...', '/var/www/html/m...', 3979, Array)
#1 /var/www/html/mymisdiagnosis/app/Libraries/GroceryCrud.php(3979): include()
#2 /var/www/html/mymisdiagnosis/app/Libraries/GroceryCrud.php(4443): App\Libraries\GroceryCrud->_load_language()
#3 /var/www/html/mymisdiagnosis/app/Libraries/GroceryCrud.php(4467): App\Libraries\GroceryCrud->pre_render()
#4 /var/www/html/mymisdiagnosis/app/Controllers/Product.php(155): App\Libraries\GroceryCrud->render()
#5 /var/www/html/mymisdiagnosis/system/CodeIgniter.php(936): App\Controllers\Product->packs()
#6 /var/www/html/mymisdiagnosis/system/CodeIgniter.php(432): CodeIgniter\CodeIgniter->runController(Object(App\Controllers\Product))
#7 /var/www/html/mymisdiagnosis/system/CodeIgniter.php(333): CodeIgniter\CodeIgniter->handleRequest(NULL, Object(Config\Cache), false)
#8 /var/www/html/mymisdiagnosis/public/index.php(44): CodeIgniter\CodeIgniter->run()
#9 {main}
CRITICAL - 2021-12-11 22:42:26 --> Undefined variable: css_files
#0 /var/www/html/mymisdiagnosis/app/Views/product_view.php(7): CodeIgniter\Debug\Exceptions->errorHandler(8, 'Undefined varia...', '/var/www/html/m...', 7, Array)
#1 /var/www/html/mymisdiagnosis/system/View/View.php(220): include('/var/www/html/m...')
#2 /var/www/html/mymisdiagnosis/system/View/View.php(222): CodeIgniter\View\View->CodeIgniter\View\{closure}()
#3 /var/www/html/mymisdiagnosis/system/Common.php(1217): CodeIgniter\View\View->render('product_view', Array, true)
#4 /var/www/html/mymisdiagnosis/app/Controllers/Home.php(9): view('product_view')
#5 /var/www/html/mymisdiagnosis/system/CodeIgniter.php(936): App\Controllers\Home->index()
#6 /var/www/html/mymisdiagnosis/system/CodeIgniter.php(432): CodeIgniter\CodeIgniter->runController(Object(App\Controllers\Home))
#7 /var/www/html/mymisdiagnosis/system/CodeIgniter.php(333): CodeIgniter\CodeIgniter->handleRequest(NULL, Object(Config\Cache), false)
#8 /var/www/html/mymisdiagnosis/public/index.php(44): CodeIgniter\CodeIgniter->run()
#9 {main}
CRITICAL - 2021-12-11 22:42:38 --> Undefined variable: css_files
#0 /var/www/html/mymisdiagnosis/app/Views/product_view.php(7): CodeIgniter\Debug\Exceptions->errorHandler(8, 'Undefined varia...', '/var/www/html/m...', 7, Array)
#1 /var/www/html/mymisdiagnosis/system/View/View.php(220): include('/var/www/html/m...')
#2 /var/www/html/mymisdiagnosis/system/View/View.php(222): CodeIgniter\View\View->CodeIgniter\View\{closure}()
#3 /var/www/html/mymisdiagnosis/system/Common.php(1217): CodeIgniter\View\View->render('product_view', Array, true)
#4 /var/www/html/mymisdiagnosis/app/Controllers/Home.php(9): view('product_view')
#5 /var/www/html/mymisdiagnosis/system/CodeIgniter.php(936): App\Controllers\Home->index()
#6 /var/www/html/mymisdiagnosis/system/CodeIgniter.php(432): CodeIgniter\CodeIgniter->runController(Object(App\Controllers\Home))
#7 /var/www/html/mymisdiagnosis/system/CodeIgniter.php(333): CodeIgniter\CodeIgniter->handleRequest(NULL, Object(Config\Cache), false)
#8 /var/www/html/mymisdiagnosis/index.php(44): CodeIgniter\CodeIgniter->run()
#9 {main}
CRITICAL - 2021-12-11 22:52:00 --> Argument 1 passed to IonAuth\Controllers\Auth::edit_user() must be of the type int, string given, called in /var/www/html/mymisdiagnosis/system/CodeIgniter.php on line 936
#0 /var/www/html/mymisdiagnosis/system/CodeIgniter.php(936): IonAuth\Controllers\Auth->edit_user('public', 'assets', 'grocery_crud', 'themes', 'internetics', 'css', 'general.css')
#1 /var/www/html/mymisdiagnosis/system/CodeIgniter.php(432): CodeIgniter\CodeIgniter->runController(Object(App\Controllers\Auth))
#2 /var/www/html/mymisdiagnosis/system/CodeIgniter.php(333): CodeIgniter\CodeIgniter->handleRequest(NULL, Object(Config\Cache), false)
#3 /var/www/html/mymisdiagnosis/index.php(44): CodeIgniter\CodeIgniter->run()
#4 {main}
CRITICAL - 2021-12-11 22:52:00 --> Argument 1 passed to IonAuth\Controllers\Auth::edit_user() must be of the type int, string given, called in /var/www/html/mymisdiagnosis/system/CodeIgniter.php on line 936
#0 /var/www/html/mymisdiagnosis/system/CodeIgniter.php(936): IonAuth\Controllers\Auth->edit_user('public', 'assets', 'grocery_crud', 'themes', 'internetics', 'css', 'common.css')
#1 /var/www/html/mymisdiagnosis/system/CodeIgniter.php(432): CodeIgniter\CodeIgniter->runController(Object(App\Controllers\Auth))
#2 /var/www/html/mymisdiagnosis/system/CodeIgniter.php(333): CodeIgniter\CodeIgniter->handleRequest(NULL, Object(Config\Cache), false)
#3 /var/www/html/mymisdiagnosis/index.php(44): CodeIgniter\CodeIgniter->run()
#4 {main}
CRITICAL - 2021-12-11 22:52:00 --> Argument 1 passed to IonAuth\Controllers\Auth::edit_user() must be of the type int, string given, called in /var/www/html/mymisdiagnosis/system/CodeIgniter.php on line 936
#0 /var/www/html/mymisdiagnosis/system/CodeIgniter.php(936): IonAuth\Controllers\Auth->edit_user('public', 'assets', 'grocery_crud', 'themes', 'internetics', 'css', 'plugins', 'animate.min.css')
#1 /var/www/html/mymisdiagnosis/system/CodeIgniter.php(432): CodeIgniter\CodeIgniter->runController(Object(App\Controllers\Auth))
#2 /var/www/html/mymisdiagnosis/system/CodeIgniter.php(333): CodeIgniter\CodeIgniter->handleRequest(NULL, Object(Config\Cache), false)
#3 /var/www/html/mymisdiagnosis/index.php(44): CodeIgniter\CodeIgniter->run()
#4 {main}
CRITICAL - 2021-12-11 22:52:00 --> Argument 1 passed to IonAuth\Controllers\Auth::edit_user() must be of the type int, string given, called in /var/www/html/mymisdiagnosis/system/CodeIgniter.php on line 936
#0 /var/www/html/mymisdiagnosis/system/CodeIgniter.php(936): IonAuth\Controllers\Auth->edit_user('public', 'assets', 'grocery_crud', 'themes', 'internetics', 'css', 'list.css')
#1 /var/www/html/mymisdiagnosis/system/CodeIgniter.php(432): CodeIgniter\CodeIgniter->runController(Object(App\Controllers\Auth))
#2 /var/www/html/mymisdiagnosis/system/CodeIgniter.php(333): CodeIgniter\CodeIgniter->handleRequest(NULL, Object(Config\Cache), false)
#3 /var/www/html/mymisdiagnosis/index.php(44): CodeIgniter\CodeIgniter->run()
#4 {main}
CRITICAL - 2021-12-11 22:52:00 --> Argument 1 passed to IonAuth\Controllers\Auth::edit_user() must be of the type int, string given, called in /var/www/html/mymisdiagnosis/system/CodeIgniter.php on line 936
#0 /var/www/html/mymisdiagnosis/system/CodeIgniter.php(936): IonAuth\Controllers\Auth->edit_user('public', 'assets', 'grocery_crud', 'themes', 'internetics', 'css', 'bootstrap', 'bootstrap.min.c...')
#1 /var/www/html/mymisdiagnosis/system/CodeIgniter.php(432): CodeIgniter\CodeIgniter->runController(Object(App\Controllers\Auth))
#2 /var/www/html/mymisdiagnosis/system/CodeIgniter.php(333): CodeIgniter\CodeIgniter->handleRequest(NULL, Object(Config\Cache), false)
#3 /var/www/html/mymisdiagnosis/index.php(44): CodeIgniter\CodeIgniter->run()
#4 {main}
CRITICAL - 2021-12-11 22:52:00 --> Argument 1 passed to IonAuth\Controllers\Auth::edit_user() must be of the type int, string given, called in /var/www/html/mymisdiagnosis/system/CodeIgniter.php on line 936
#0 /var/www/html/mymisdiagnosis/system/CodeIgniter.php(936): IonAuth\Controllers\Auth->edit_user('public', 'assets', 'grocery_crud', 'themes', 'internetics', 'css', 'main.css')
#1 /var/www/html/mymisdiagnosis/system/CodeIgniter.php(432): CodeIgniter\CodeIgniter->runController(Object(App\Controllers\Auth))
#2 /var/www/html/mymisdiagnosis/system/CodeIgniter.php(333): CodeIgniter\CodeIgniter->handleRequest(NULL, Object(Config\Cache), false)
#3 /var/www/html/mymisdiagnosis/index.php(44): CodeIgniter\CodeIgniter->run()
#4 {main}
CRITICAL - 2021-12-11 22:52:00 --> Argument 1 passed to IonAuth\Controllers\Auth::edit_user() must be of the type int, string given, called in /var/www/html/mymisdiagnosis/system/CodeIgniter.php on line 936
#0 /var/www/html/mymisdiagnosis/system/CodeIgniter.php(936): IonAuth\Controllers\Auth->edit_user('public', 'assets', 'grocery_crud', 'themes', 'internetics', 'css', 'internetics.css')
#1 /var/www/html/mymisdiagnosis/system/CodeIgniter.php(432): CodeIgniter\CodeIgniter->runController(Object(App\Controllers\Auth))
#2 /var/www/html/mymisdiagnosis/system/CodeIgniter.php(333): CodeIgniter\CodeIgniter->handleRequest(NULL, Object(Config\Cache), false)
#3 /var/www/html/mymisdiagnosis/index.php(44): CodeIgniter\CodeIgniter->run()
#4 {main}
CRITICAL - 2021-12-11 22:52:00 --> Argument 1 passed to IonAuth\Controllers\Auth::edit_user() must be of the type int, string given, called in /var/www/html/mymisdiagnosis/system/CodeIgniter.php on line 936
#0 /var/www/html/mymisdiagnosis/system/CodeIgniter.php(936): IonAuth\Controllers\Auth->edit_user('.public', 'assets', 'grocery_crud', 'themes', 'internetics', 'css', 'lightbox.css')
#1 /var/www/html/mymisdiagnosis/system/CodeIgniter.php(432): CodeIgniter\CodeIgniter->runController(Object(App\Controllers\Auth))
#2 /var/www/html/mymisdiagnosis/system/CodeIgniter.php(333): CodeIgniter\CodeIgniter->handleRequest(NULL, Object(Config\Cache), false)
#3 /var/www/html/mymisdiagnosis/index.php(44): CodeIgniter\CodeIgniter->run()
#4 {main}
CRITICAL - 2021-12-11 22:52:03 --> Argument 1 passed to IonAuth\Controllers\Auth::edit_user() must be of the type int, string given, called in /var/www/html/mymisdiagnosis/system/CodeIgniter.php on line 936
#0 /var/www/html/mymisdiagnosis/system/CodeIgniter.php(936): IonAuth\Controllers\Auth->edit_user('public', 'assets', 'grocery_crud', 'themes', 'internetics', 'css', 'bootstrap', 'bootstrap.min.c...')
#1 /var/www/html/mymisdiagnosis/system/CodeIgniter.php(432): CodeIgniter\CodeIgniter->runController(Object(App\Controllers\Auth))
#2 /var/www/html/mymisdiagnosis/system/CodeIgniter.php(333): CodeIgniter\CodeIgniter->handleRequest(NULL, Object(Config\Cache), false)
#3 /var/www/html/mymisdiagnosis/index.php(44): CodeIgniter\CodeIgniter->run()
#4 {main}
CRITICAL - 2021-12-11 22:52:03 --> Argument 1 passed to IonAuth\Controllers\Auth::edit_user() must be of the type int, string given, called in /var/www/html/mymisdiagnosis/system/CodeIgniter.php on line 936
#0 /var/www/html/mymisdiagnosis/system/CodeIgniter.php(936): IonAuth\Controllers\Auth->edit_user('public', 'assets', 'grocery_crud', 'themes', 'internetics', 'css', 'common.css')
#1 /var/www/html/mymisdiagnosis/system/CodeIgniter.php(432): CodeIgniter\CodeIgniter->runController(Object(App\Controllers\Auth))
#2 /var/www/html/mymisdiagnosis/system/CodeIgniter.php(333): CodeIgniter\CodeIgniter->handleRequest(NULL, Object(Config\Cache), false)
#3 /var/www/html/mymisdiagnosis/index.php(44): CodeIgniter\CodeIgniter->run()
#4 {main}
CRITICAL - 2021-12-11 22:52:03 --> Argument 1 passed to IonAuth\Controllers\Auth::edit_user() must be of the type int, string given, called in /var/www/html/mymisdiagnosis/system/CodeIgniter.php on line 936
#0 /var/www/html/mymisdiagnosis/system/CodeIgniter.php(936): IonAuth\Controllers\Auth->edit_user('public', 'assets', 'grocery_crud', 'themes', 'internetics', 'css', 'list.css')
#1 /var/www/html/mymisdiagnosis/system/CodeIgniter.php(432): CodeIgniter\CodeIgniter->runController(Object(App\Controllers\Auth))
#2 /var/www/html/mymisdiagnosis/system/CodeIgniter.php(333): CodeIgniter\CodeIgniter->handleRequest(NULL, Object(Config\Cache), false)
#3 /var/www/html/mymisdiagnosis/index.php(44): CodeIgniter\CodeIgniter->run()
#4 {main}
CRITICAL - 2021-12-11 22:52:03 --> Argument 1 passed to IonAuth\Controllers\Auth::edit_user() must be of the type int, string given, called in /var/www/html/mymisdiagnosis/system/CodeIgniter.php on line 936
#0 /var/www/html/mymisdiagnosis/system/CodeIgniter.php(936): IonAuth\Controllers\Auth->edit_user('public', 'assets', 'grocery_crud', 'themes', 'internetics', 'css', 'plugins', 'animate.min.css')
#1 /var/www/html/mymisdiagnosis/system/CodeIgniter.php(432): CodeIgniter\CodeIgniter->runController(Object(App\Controllers\Auth))
#2 /var/www/html/mymisdiagnosis/system/CodeIgniter.php(333): CodeIgniter\CodeIgniter->handleRequest(NULL, Object(Config\Cache), false)
#3 /var/www/html/mymisdiagnosis/index.php(44): CodeIgniter\CodeIgniter->run()
#4 {main}
CRITICAL - 2021-12-11 22:52:04 --> Argument 1 passed to IonAuth\Controllers\Auth::edit_user() must be of the type int, string given, called in /var/www/html/mymisdiagnosis/system/CodeIgniter.php on line 936
#0 /var/www/html/mymisdiagnosis/system/CodeIgniter.php(936): IonAuth\Controllers\Auth->edit_user('public', 'assets', 'grocery_crud', 'themes', 'internetics', 'css', 'general.css')
#1 /var/www/html/mymisdiagnosis/system/CodeIgniter.php(432): CodeIgniter\CodeIgniter->runController(Object(App\Controllers\Auth))
#2 /var/www/html/mymisdiagnosis/system/CodeIgniter.php(333): CodeIgniter\CodeIgniter->handleRequest(NULL, Object(Config\Cache), false)
#3 /var/www/html/mymisdiagnosis/index.php(44): CodeIgniter\CodeIgniter->run()
#4 {main}
CRITICAL - 2021-12-11 22:52:04 --> Argument 1 passed to IonAuth\Controllers\Auth::edit_user() must be of the type int, string given, called in /var/www/html/mymisdiagnosis/system/CodeIgniter.php on line 936
#0 /var/www/html/mymisdiagnosis/system/CodeIgniter.php(936): IonAuth\Controllers\Auth->edit_user('public', 'assets', 'grocery_crud', 'themes', 'internetics', 'css', 'main.css')
#1 /var/www/html/mymisdiagnosis/system/CodeIgniter.php(432): CodeIgniter\CodeIgniter->runController(Object(App\Controllers\Auth))
#2 /var/www/html/mymisdiagnosis/system/CodeIgniter.php(333): CodeIgniter\CodeIgniter->handleRequest(NULL, Object(Config\Cache), false)
#3 /var/www/html/mymisdiagnosis/index.php(44): CodeIgniter\CodeIgniter->run()
#4 {main}
CRITICAL - 2021-12-11 22:52:04 --> Argument 1 passed to IonAuth\Controllers\Auth::edit_user() must be of the type int, string given, called in /var/www/html/mymisdiagnosis/system/CodeIgniter.php on line 936
#0 /var/www/html/mymisdiagnosis/system/CodeIgniter.php(936): IonAuth\Controllers\Auth->edit_user('public', 'assets', 'grocery_crud', 'themes', 'internetics', 'css', 'internetics.css')
#1 /var/www/html/mymisdiagnosis/system/CodeIgniter.php(432): CodeIgniter\CodeIgniter->runController(Object(App\Controllers\Auth))
#2 /var/www/html/mymisdiagnosis/system/CodeIgniter.php(333): CodeIgniter\CodeIgniter->handleRequest(NULL, Object(Config\Cache), false)
#3 /var/www/html/mymisdiagnosis/index.php(44): CodeIgniter\CodeIgniter->run()
#4 {main}
CRITICAL - 2021-12-11 22:52:04 --> Argument 1 passed to IonAuth\Controllers\Auth::edit_user() must be of the type int, string given, called in /var/www/html/mymisdiagnosis/system/CodeIgniter.php on line 936
#0 /var/www/html/mymisdiagnosis/system/CodeIgniter.php(936): IonAuth\Controllers\Auth->edit_user('.public', 'assets', 'grocery_crud', 'themes', 'internetics', 'css', 'lightbox.css')
#1 /var/www/html/mymisdiagnosis/system/CodeIgniter.php(432): CodeIgniter\CodeIgniter->runController(Object(App\Controllers\Auth))
#2 /var/www/html/mymisdiagnosis/system/CodeIgniter.php(333): CodeIgniter\CodeIgniter->handleRequest(NULL, Object(Config\Cache), false)
#3 /var/www/html/mymisdiagnosis/index.php(44): CodeIgniter\CodeIgniter->run()
#4 {main}
CRITICAL - 2021-12-11 22:52:28 --> Argument 1 passed to IonAuth\Controllers\Auth::edit_user() must be of the type int, string given, called in /var/www/html/mymisdiagnosis/system/CodeIgniter.php on line 936
#0 /var/www/html/mymisdiagnosis/system/CodeIgniter.php(936): IonAuth\Controllers\Auth->edit_user('public', 'assets', 'grocery_crud', 'themes', 'internetics', 'css', 'common.css')
#1 /var/www/html/mymisdiagnosis/system/CodeIgniter.php(432): CodeIgniter\CodeIgniter->runController(Object(App\Controllers\Auth))
#2 /var/www/html/mymisdiagnosis/system/CodeIgniter.php(333): CodeIgniter\CodeIgniter->handleRequest(NULL, Object(Config\Cache), false)
#3 /var/www/html/mymisdiagnosis/index.php(44): CodeIgniter\CodeIgniter->run()
#4 {main}
CRITICAL - 2021-12-11 22:52:28 --> Argument 1 passed to IonAuth\Controllers\Auth::edit_user() must be of the type int, string given, called in /var/www/html/mymisdiagnosis/system/CodeIgniter.php on line 936
#0 /var/www/html/mymisdiagnosis/system/CodeIgniter.php(936): IonAuth\Controllers\Auth->edit_user('public', 'assets', 'grocery_crud', 'themes', 'internetics', 'css', 'list.css')
#1 /var/www/html/mymisdiagnosis/system/CodeIgniter.php(432): CodeIgniter\CodeIgniter->runController(Object(App\Controllers\Auth))
#2 /var/www/html/mymisdiagnosis/system/CodeIgniter.php(333): CodeIgniter\CodeIgniter->handleRequest(NULL, Object(Config\Cache), false)
#3 /var/www/html/mymisdiagnosis/index.php(44): CodeIgniter\CodeIgniter->run()
#4 {main}
CRITICAL - 2021-12-11 22:52:28 --> Argument 1 passed to IonAuth\Controllers\Auth::edit_user() must be of the type int, string given, called in /var/www/html/mymisdiagnosis/system/CodeIgniter.php on line 936
#0 /var/www/html/mymisdiagnosis/system/CodeIgniter.php(936): IonAuth\Controllers\Auth->edit_user('public', 'assets', 'grocery_crud', 'themes', 'internetics', 'css', 'bootstrap', 'bootstrap.min.c...')
#1 /var/www/html/mymisdiagnosis/system/CodeIgniter.php(432): CodeIgniter\CodeIgniter->runController(Object(App\Controllers\Auth))
#2 /var/www/html/mymisdiagnosis/system/CodeIgniter.php(333): CodeIgniter\CodeIgniter->handleRequest(NULL, Object(Config\Cache), false)
#3 /var/www/html/mymisdiagnosis/index.php(44): CodeIgniter\CodeIgniter->run()
#4 {main}
CRITICAL - 2021-12-11 22:52:29 --> Argument 1 passed to IonAuth\Controllers\Auth::edit_user() must be of the type int, string given, called in /var/www/html/mymisdiagnosis/system/CodeIgniter.php on line 936
#0 /var/www/html/mymisdiagnosis/system/CodeIgniter.php(936): IonAuth\Controllers\Auth->edit_user('public', 'assets', 'grocery_crud', 'themes', 'internetics', 'css', 'plugins', 'animate.min.css')
#1 /var/www/html/mymisdiagnosis/system/CodeIgniter.php(432): CodeIgniter\CodeIgniter->runController(Object(App\Controllers\Auth))
#2 /var/www/html/mymisdiagnosis/system/CodeIgniter.php(333): CodeIgniter\CodeIgniter->handleRequest(NULL, Object(Config\Cache), false)
#3 /var/www/html/mymisdiagnosis/index.php(44): CodeIgniter\CodeIgniter->run()
#4 {main}
CRITICAL - 2021-12-11 22:52:29 --> Argument 1 passed to IonAuth\Controllers\Auth::edit_user() must be of the type int, string given, called in /var/www/html/mymisdiagnosis/system/CodeIgniter.php on line 936
#0 /var/www/html/mymisdiagnosis/system/CodeIgniter.php(936): IonAuth\Controllers\Auth->edit_user('public', 'assets', 'grocery_crud', 'themes', 'internetics', 'css', 'general.css')
#1 /var/www/html/mymisdiagnosis/system/CodeIgniter.php(432): CodeIgniter\CodeIgniter->runController(Object(App\Controllers\Auth))
#2 /var/www/html/mymisdiagnosis/system/CodeIgniter.php(333): CodeIgniter\CodeIgniter->handleRequest(NULL, Object(Config\Cache), false)
#3 /var/www/html/mymisdiagnosis/index.php(44): CodeIgniter\CodeIgniter->run()
#4 {main}
CRITICAL - 2021-12-11 22:52:29 --> Argument 1 passed to IonAuth\Controllers\Auth::edit_user() must be of the type int, string given, called in /var/www/html/mymisdiagnosis/system/CodeIgniter.php on line 936
#0 /var/www/html/mymisdiagnosis/system/CodeIgniter.php(936): IonAuth\Controllers\Auth->edit_user('public', 'assets', 'grocery_crud', 'themes', 'internetics', 'css', 'main.css')
#1 /var/www/html/mymisdiagnosis/system/CodeIgniter.php(432): CodeIgniter\CodeIgniter->runController(Object(App\Controllers\Auth))
#2 /var/www/html/mymisdiagnosis/system/CodeIgniter.php(333): CodeIgniter\CodeIgniter->handleRequest(NULL, Object(Config\Cache), false)
#3 /var/www/html/mymisdiagnosis/index.php(44): CodeIgniter\CodeIgniter->run()
#4 {main}
CRITICAL - 2021-12-11 22:52:29 --> Argument 1 passed to IonAuth\Controllers\Auth::edit_user() must be of the type int, string given, called in /var/www/html/mymisdiagnosis/system/CodeIgniter.php on line 936
#0 /var/www/html/mymisdiagnosis/system/CodeIgniter.php(936): IonAuth\Controllers\Auth->edit_user('public', 'assets', 'grocery_crud', 'themes', 'internetics', 'css', 'internetics.css')
#1 /var/www/html/mymisdiagnosis/system/CodeIgniter.php(432): CodeIgniter\CodeIgniter->runController(Object(App\Controllers\Auth))
#2 /var/www/html/mymisdiagnosis/system/CodeIgniter.php(333): CodeIgniter\CodeIgniter->handleRequest(NULL, Object(Config\Cache), false)
#3 /var/www/html/mymisdiagnosis/index.php(44): CodeIgniter\CodeIgniter->run()
#4 {main}
CRITICAL - 2021-12-11 22:52:29 --> Argument 1 passed to IonAuth\Controllers\Auth::edit_user() must be of the type int, string given, called in /var/www/html/mymisdiagnosis/system/CodeIgniter.php on line 936
#0 /var/www/html/mymisdiagnosis/system/CodeIgniter.php(936): IonAuth\Controllers\Auth->edit_user('public', 'assets', 'grocery_crud', 'themes', 'internetics', 'css', 'lightbox.css')
#1 /var/www/html/mymisdiagnosis/system/CodeIgniter.php(432): CodeIgniter\CodeIgniter->runController(Object(App\Controllers\Auth))
#2 /var/www/html/mymisdiagnosis/system/CodeIgniter.php(333): CodeIgniter\CodeIgniter->handleRequest(NULL, Object(Config\Cache), false)
#3 /var/www/html/mymisdiagnosis/index.php(44): CodeIgniter\CodeIgniter->run()
#4 {main}
CRITICAL - 2021-12-11 22:53:03 --> Argument 1 passed to IonAuth\Controllers\Auth::edit_user() must be of the type int, string given, called in /var/www/html/mymisdiagnosis/system/CodeIgniter.php on line 936
#0 /var/www/html/mymisdiagnosis/system/CodeIgniter.php(936): IonAuth\Controllers\Auth->edit_user('public', 'assets', 'grocery_crud', 'themes', 'internetics', 'css', 'general.css')
#1 /var/www/html/mymisdiagnosis/system/CodeIgniter.php(432): CodeIgniter\CodeIgniter->runController(Object(App\Controllers\Auth))
#2 /var/www/html/mymisdiagnosis/system/CodeIgniter.php(333): CodeIgniter\CodeIgniter->handleRequest(NULL, Object(Config\Cache), false)
#3 /var/www/html/mymisdiagnosis/index.php(44): CodeIgniter\CodeIgniter->run()
#4 {main}
CRITICAL - 2021-12-11 22:53:03 --> Argument 1 passed to IonAuth\Controllers\Auth::edit_user() must be of the type int, string given, called in /var/www/html/mymisdiagnosis/system/CodeIgniter.php on line 936
#0 /var/www/html/mymisdiagnosis/system/CodeIgniter.php(936): IonAuth\Controllers\Auth->edit_user('public', 'assets', 'grocery_crud', 'themes', 'internetics', 'css', 'plugins', 'animate.min.css')
#1 /var/www/html/mymisdiagnosis/system/CodeIgniter.php(432): CodeIgniter\CodeIgniter->runController(Object(App\Controllers\Auth))
#2 /var/www/html/mymisdiagnosis/system/CodeIgniter.php(333): CodeIgniter\CodeIgniter->handleRequest(NULL, Object(Config\Cache), false)
#3 /var/www/html/mymisdiagnosis/index.php(44): CodeIgniter\CodeIgniter->run()
#4 {main}
CRITICAL - 2021-12-11 22:53:03 --> Argument 1 passed to IonAuth\Controllers\Auth::edit_user() must be of the type int, string given, called in /var/www/html/mymisdiagnosis/system/CodeIgniter.php on line 936
#0 /var/www/html/mymisdiagnosis/system/CodeIgniter.php(936): IonAuth\Controllers\Auth->edit_user('public', 'assets', 'grocery_crud', 'themes', 'internetics', 'css', 'elusive-icons', 'css', 'elusive-icons.m...')
#1 /var/www/html/mymisdiagnosis/system/CodeIgniter.php(432): CodeIgniter\CodeIgniter->runController(Object(App\Controllers\Auth))
#2 /var/www/html/mymisdiagnosis/system/CodeIgniter.php(333): CodeIgniter\CodeIgniter->handleRequest(NULL, Object(Config\Cache), false)
#3 /var/www/html/mymisdiagnosis/index.php(44): CodeIgniter\CodeIgniter->run()
#4 {main}
CRITICAL - 2021-12-11 22:53:04 --> Argument 1 passed to IonAuth\Controllers\Auth::edit_user() must be of the type int, string given, called in /var/www/html/mymisdiagnosis/system/CodeIgniter.php on line 936
#0 /var/www/html/mymisdiagnosis/system/CodeIgniter.php(936): IonAuth\Controllers\Auth->edit_user('public', 'assets', 'grocery_crud', 'themes', 'internetics', 'css', 'bootstrap', 'bootstrap.min.c...')
#1 /var/www/html/mymisdiagnosis/system/CodeIgniter.php(432): CodeIgniter\CodeIgniter->runController(Object(App\Controllers\Auth))
#2 /var/www/html/mymisdiagnosis/system/CodeIgniter.php(333): CodeIgniter\CodeIgniter->handleRequest(NULL, Object(Config\Cache), false)
#3 /var/www/html/mymisdiagnosis/index.php(44): CodeIgniter\CodeIgniter->run()
#4 {main}
CRITICAL - 2021-12-11 22:53:04 --> Argument 1 passed to IonAuth\Controllers\Auth::edit_user() must be of the type int, string given, called in /var/www/html/mymisdiagnosis/system/CodeIgniter.php on line 936
#0 /var/www/html/mymisdiagnosis/system/CodeIgniter.php(936): IonAuth\Controllers\Auth->edit_user('public', 'assets', 'grocery_crud', 'themes', 'internetics', 'css', 'common.css')
#1 /var/www/html/mymisdiagnosis/system/CodeIgniter.php(432): CodeIgniter\CodeIgniter->runController(Object(App\Controllers\Auth))
#2 /var/www/html/mymisdiagnosis/system/CodeIgniter.php(333): CodeIgniter\CodeIgniter->handleRequest(NULL, Object(Config\Cache), false)
#3 /var/www/html/mymisdiagnosis/index.php(44): CodeIgniter\CodeIgniter->run()
#4 {main}
CRITICAL - 2021-12-11 22:53:04 --> Argument 1 passed to IonAuth\Controllers\Auth::edit_user() must be of the type int, string given, called in /var/www/html/mymisdiagnosis/system/CodeIgniter.php on line 936
#0 /var/www/html/mymisdiagnosis/system/CodeIgniter.php(936): IonAuth\Controllers\Auth->edit_user('public', 'assets', 'grocery_crud', 'themes', 'internetics', 'css', 'list.css')
#1 /var/www/html/mymisdiagnosis/system/CodeIgniter.php(432): CodeIgniter\CodeIgniter->runController(Object(App\Controllers\Auth))
#2 /var/www/html/mymisdiagnosis/system/CodeIgniter.php(333): CodeIgniter\CodeIgniter->handleRequest(NULL, Object(Config\Cache), false)
#3 /var/www/html/mymisdiagnosis/index.php(44): CodeIgniter\CodeIgniter->run()
#4 {main}
CRITICAL - 2021-12-11 22:53:04 --> Argument 1 passed to IonAuth\Controllers\Auth::edit_user() must be of the type int, string given, called in /var/www/html/mymisdiagnosis/system/CodeIgniter.php on line 936
#0 /var/www/html/mymisdiagnosis/system/CodeIgniter.php(936): IonAuth\Controllers\Auth->edit_user('public', 'assets', 'grocery_crud', 'themes', 'internetics', 'css', 'main.css')
#1 /var/www/html/mymisdiagnosis/system/CodeIgniter.php(432): CodeIgniter\CodeIgniter->runController(Object(App\Controllers\Auth))
#2 /var/www/html/mymisdiagnosis/system/CodeIgniter.php(333): CodeIgniter\CodeIgniter->handleRequest(NULL, Object(Config\Cache), false)
#3 /var/www/html/mymisdiagnosis/index.php(44): CodeIgniter\CodeIgniter->run()
#4 {main}
CRITICAL - 2021-12-11 22:53:04 --> Argument 1 passed to IonAuth\Controllers\Auth::edit_user() must be of the type int, string given, called in /var/www/html/mymisdiagnosis/system/CodeIgniter.php on line 936
#0 /var/www/html/mymisdiagnosis/system/CodeIgniter.php(936): IonAuth\Controllers\Auth->edit_user('public', 'assets', 'grocery_crud', 'themes', 'internetics', 'css', 'internetics.css')
#1 /var/www/html/mymisdiagnosis/system/CodeIgniter.php(432): CodeIgniter\CodeIgniter->runController(Object(App\Controllers\Auth))
#2 /var/www/html/mymisdiagnosis/system/CodeIgniter.php(333): CodeIgniter\CodeIgniter->handleRequest(NULL, Object(Config\Cache), false)
#3 /var/www/html/mymisdiagnosis/index.php(44): CodeIgniter\CodeIgniter->run()
#4 {main}
CRITICAL - 2021-12-11 22:53:04 --> Argument 1 passed to IonAuth\Controllers\Auth::edit_user() must be of the type int, string given, called in /var/www/html/mymisdiagnosis/system/CodeIgniter.php on line 936
#0 /var/www/html/mymisdiagnosis/system/CodeIgniter.php(936): IonAuth\Controllers\Auth->edit_user('public', 'assets', 'grocery_crud', 'themes', 'internetics', 'css', 'lightbox.css')
#1 /var/www/html/mymisdiagnosis/system/CodeIgniter.php(432): CodeIgniter\CodeIgniter->runController(Object(App\Controllers\Auth))
#2 /var/www/html/mymisdiagnosis/system/CodeIgniter.php(333): CodeIgniter\CodeIgniter->handleRequest(NULL, Object(Config\Cache), false)
#3 /var/www/html/mymisdiagnosis/index.php(44): CodeIgniter\CodeIgniter->run()
#4 {main}
CRITICAL - 2021-12-11 22:54:05 --> Argument 1 passed to IonAuth\Controllers\Auth::edit_user() must be of the type int, string given, called in /var/www/html/mymisdiagnosis/system/CodeIgniter.php on line 936
#0 /var/www/html/mymisdiagnosis/system/CodeIgniter.php(936): IonAuth\Controllers\Auth->edit_user('public', 'assets', 'grocery_crud', 'themes', 'internetics', 'css', 'plugins', 'animate.min.css')
#1 /var/www/html/mymisdiagnosis/system/CodeIgniter.php(432): CodeIgniter\CodeIgniter->runController(Object(App\Controllers\Auth))
#2 /var/www/html/mymisdiagnosis/system/CodeIgniter.php(333): CodeIgniter\CodeIgniter->handleRequest(NULL, Object(Config\Cache), false)
#3 /var/www/html/mymisdiagnosis/index.php(44): CodeIgniter\CodeIgniter->run()
#4 {main}
CRITICAL - 2021-12-11 22:54:05 --> Argument 1 passed to IonAuth\Controllers\Auth::edit_user() must be of the type int, string given, called in /var/www/html/mymisdiagnosis/system/CodeIgniter.php on line 936
#0 /var/www/html/mymisdiagnosis/system/CodeIgniter.php(936): IonAuth\Controllers\Auth->edit_user('public', 'assets', 'grocery_crud', 'themes', 'internetics', 'css', 'common.css')
#1 /var/www/html/mymisdiagnosis/system/CodeIgniter.php(432): CodeIgniter\CodeIgniter->runController(Object(App\Controllers\Auth))
#2 /var/www/html/mymisdiagnosis/system/CodeIgniter.php(333): CodeIgniter\CodeIgniter->handleRequest(NULL, Object(Config\Cache), false)
#3 /var/www/html/mymisdiagnosis/index.php(44): CodeIgniter\CodeIgniter->run()
#4 {main}
CRITICAL - 2021-12-11 22:54:05 --> Argument 1 passed to IonAuth\Controllers\Auth::edit_user() must be of the type int, string given, called in /var/www/html/mymisdiagnosis/system/CodeIgniter.php on line 936
#0 /var/www/html/mymisdiagnosis/system/CodeIgniter.php(936): IonAuth\Controllers\Auth->edit_user('public', 'assets', 'grocery_crud', 'themes', 'internetics', 'css', 'bootstrap', 'bootstrap.min.c...')
#1 /var/www/html/mymisdiagnosis/system/CodeIgniter.php(432): CodeIgniter\CodeIgniter->runController(Object(App\Controllers\Auth))
#2 /var/www/html/mymisdiagnosis/system/CodeIgniter.php(333): CodeIgniter\CodeIgniter->handleRequest(NULL, Object(Config\Cache), false)
#3 /var/www/html/mymisdiagnosis/index.php(44): CodeIgniter\CodeIgniter->run()
#4 {main}
CRITICAL - 2021-12-11 22:54:06 --> Argument 1 passed to IonAuth\Controllers\Auth::edit_user() must be of the type int, string given, called in /var/www/html/mymisdiagnosis/system/CodeIgniter.php on line 936
#0 /var/www/html/mymisdiagnosis/system/CodeIgniter.php(936): IonAuth\Controllers\Auth->edit_user('public', 'assets', 'grocery_crud', 'themes', 'internetics', 'css', 'general.css')
#1 /var/www/html/mymisdiagnosis/system/CodeIgniter.php(432): CodeIgniter\CodeIgniter->runController(Object(App\Controllers\Auth))
#2 /var/www/html/mymisdiagnosis/system/CodeIgniter.php(333): CodeIgniter\CodeIgniter->handleRequest(NULL, Object(Config\Cache), false)
#3 /var/www/html/mymisdiagnosis/index.php(44): CodeIgniter\CodeIgniter->run()
#4 {main}
CRITICAL - 2021-12-11 22:54:06 --> Argument 1 passed to IonAuth\Controllers\Auth::edit_user() must be of the type int, string given, called in /var/www/html/mymisdiagnosis/system/CodeIgniter.php on line 936
#0 /var/www/html/mymisdiagnosis/system/CodeIgniter.php(936): IonAuth\Controllers\Auth->edit_user('public', 'assets', 'grocery_crud', 'themes', 'internetics', 'css', 'list.css')
#1 /var/www/html/mymisdiagnosis/system/CodeIgniter.php(432): CodeIgniter\CodeIgniter->runController(Object(App\Controllers\Auth))
#2 /var/www/html/mymisdiagnosis/system/CodeIgniter.php(333): CodeIgniter\CodeIgniter->handleRequest(NULL, Object(Config\Cache), false)
#3 /var/www/html/mymisdiagnosis/index.php(44): CodeIgniter\CodeIgniter->run()
#4 {main}
CRITICAL - 2021-12-11 22:54:06 --> Argument 1 passed to IonAuth\Controllers\Auth::edit_user() must be of the type int, string given, called in /var/www/html/mymisdiagnosis/system/CodeIgniter.php on line 936
#0 /var/www/html/mymisdiagnosis/system/CodeIgniter.php(936): IonAuth\Controllers\Auth->edit_user('public', 'assets', 'grocery_crud', 'themes', 'internetics', 'css', 'elusive-icons', 'css', 'elusive-icons.m...')
#1 /var/www/html/mymisdiagnosis/system/CodeIgniter.php(432): CodeIgniter\CodeIgniter->runController(Object(App\Controllers\Auth))
#2 /var/www/html/mymisdiagnosis/system/CodeIgniter.php(333): CodeIgniter\CodeIgniter->handleRequest(NULL, Object(Config\Cache), false)
#3 /var/www/html/mymisdiagnosis/index.php(44): CodeIgniter\CodeIgniter->run()
#4 {main}
CRITICAL - 2021-12-11 22:54:06 --> Argument 1 passed to IonAuth\Controllers\Auth::edit_user() must be of the type int, string given, called in /var/www/html/mymisdiagnosis/system/CodeIgniter.php on line 936
#0 /var/www/html/mymisdiagnosis/system/CodeIgniter.php(936): IonAuth\Controllers\Auth->edit_user('public', 'assets', 'grocery_crud', 'themes', 'internetics', 'css', 'main.css')
#1 /var/www/html/mymisdiagnosis/system/CodeIgniter.php(432): CodeIgniter\CodeIgniter->runController(Object(App\Controllers\Auth))
#2 /var/www/html/mymisdiagnosis/system/CodeIgniter.php(333): CodeIgniter\CodeIgniter->handleRequest(NULL, Object(Config\Cache), false)
#3 /var/www/html/mymisdiagnosis/index.php(44): CodeIgniter\CodeIgniter->run()
#4 {main}
CRITICAL - 2021-12-11 22:54:06 --> Argument 1 passed to IonAuth\Controllers\Auth::edit_user() must be of the type int, string given, called in /var/www/html/mymisdiagnosis/system/CodeIgniter.php on line 936
#0 /var/www/html/mymisdiagnosis/system/CodeIgniter.php(936): IonAuth\Controllers\Auth->edit_user('public', 'assets', 'grocery_crud', 'themes', 'internetics', 'css', 'lightbox.css')
#1 /var/www/html/mymisdiagnosis/system/CodeIgniter.php(432): CodeIgniter\CodeIgniter->runController(Object(App\Controllers\Auth))
#2 /var/www/html/mymisdiagnosis/system/CodeIgniter.php(333): CodeIgniter\CodeIgniter->handleRequest(NULL, Object(Config\Cache), false)
#3 /var/www/html/mymisdiagnosis/index.php(44): CodeIgniter\CodeIgniter->run()
#4 {main}
CRITICAL - 2021-12-11 22:54:09 --> Argument 1 passed to IonAuth\Controllers\Auth::edit_user() must be of the type int, string given, called in /var/www/html/mymisdiagnosis/system/CodeIgniter.php on line 936
#0 /var/www/html/mymisdiagnosis/system/CodeIgniter.php(936): IonAuth\Controllers\Auth->edit_user('public', 'assets', 'grocery_crud', 'themes', 'internetics', 'css', 'general.css')
#1 /var/www/html/mymisdiagnosis/system/CodeIgniter.php(432): CodeIgniter\CodeIgniter->runController(Object(App\Controllers\Auth))
#2 /var/www/html/mymisdiagnosis/system/CodeIgniter.php(333): CodeIgniter\CodeIgniter->handleRequest(NULL, Object(Config\Cache), false)
#3 /var/www/html/mymisdiagnosis/index.php(44): CodeIgniter\CodeIgniter->run()
#4 {main}
CRITICAL - 2021-12-11 22:54:09 --> Argument 1 passed to IonAuth\Controllers\Auth::edit_user() must be of the type int, string given, called in /var/www/html/mymisdiagnosis/system/CodeIgniter.php on line 936
#0 /var/www/html/mymisdiagnosis/system/CodeIgniter.php(936): IonAuth\Controllers\Auth->edit_user('public', 'assets', 'grocery_crud', 'themes', 'internetics', 'css', 'plugins', 'animate.min.css')
#1 /var/www/html/mymisdiagnosis/system/CodeIgniter.php(432): CodeIgniter\CodeIgniter->runController(Object(App\Controllers\Auth))
#2 /var/www/html/mymisdiagnosis/system/CodeIgniter.php(333): CodeIgniter\CodeIgniter->handleRequest(NULL, Object(Config\Cache), false)
#3 /var/www/html/mymisdiagnosis/index.php(44): CodeIgniter\CodeIgniter->run()
#4 {main}
CRITICAL - 2021-12-11 22:54:09 --> Argument 1 passed to IonAuth\Controllers\Auth::edit_user() must be of the type int, string given, called in /var/www/html/mymisdiagnosis/system/CodeIgniter.php on line 936
#0 /var/www/html/mymisdiagnosis/system/CodeIgniter.php(936): IonAuth\Controllers\Auth->edit_user('public', 'assets', 'grocery_crud', 'themes', 'internetics', 'css', 'common.css')
#1 /var/www/html/mymisdiagnosis/system/CodeIgniter.php(432): CodeIgniter\CodeIgniter->runController(Object(App\Controllers\Auth))
#2 /var/www/html/mymisdiagnosis/system/CodeIgniter.php(333): CodeIgniter\CodeIgniter->handleRequest(NULL, Object(Config\Cache), false)
#3 /var/www/html/mymisdiagnosis/index.php(44): CodeIgniter\CodeIgniter->run()
#4 {main}
CRITICAL - 2021-12-11 22:54:09 --> Argument 1 passed to IonAuth\Controllers\Auth::edit_user() must be of the type int, string given, called in /var/www/html/mymisdiagnosis/system/CodeIgniter.php on line 936
#0 /var/www/html/mymisdiagnosis/system/CodeIgniter.php(936): IonAuth\Controllers\Auth->edit_user('public', 'assets', 'grocery_crud', 'themes', 'internetics', 'css', 'elusive-icons', 'css', 'elusive-icons.m...')
#1 /var/www/html/mymisdiagnosis/system/CodeIgniter.php(432): CodeIgniter\CodeIgniter->runController(Object(App\Controllers\Auth))
#2 /var/www/html/mymisdiagnosis/system/CodeIgniter.php(333): CodeIgniter\CodeIgniter->handleRequest(NULL, Object(Config\Cache), false)
#3 /var/www/html/mymisdiagnosis/index.php(44): CodeIgniter\CodeIgniter->run()
#4 {main}
CRITICAL - 2021-12-11 22:54:09 --> Argument 1 passed to IonAuth\Controllers\Auth::edit_user() must be of the type int, string given, called in /var/www/html/mymisdiagnosis/system/CodeIgniter.php on line 936
#0 /var/www/html/mymisdiagnosis/system/CodeIgniter.php(936): IonAuth\Controllers\Auth->edit_user('public', 'assets', 'grocery_crud', 'themes', 'internetics', 'css', 'bootstrap', 'bootstrap.min.c...')
#1 /var/www/html/mymisdiagnosis/system/CodeIgniter.php(432): CodeIgniter\CodeIgniter->runController(Object(App\Controllers\Auth))
#2 /var/www/html/mymisdiagnosis/system/CodeIgniter.php(333): CodeIgniter\CodeIgniter->handleRequest(NULL, Object(Config\Cache), false)
#3 /var/www/html/mymisdiagnosis/index.php(44): CodeIgniter\CodeIgniter->run()
#4 {main}
CRITICAL - 2021-12-11 22:54:09 --> Argument 1 passed to IonAuth\Controllers\Auth::edit_user() must be of the type int, string given, called in /var/www/html/mymisdiagnosis/system/CodeIgniter.php on line 936
#0 /var/www/html/mymisdiagnosis/system/CodeIgniter.php(936): IonAuth\Controllers\Auth->edit_user('public', 'assets', 'grocery_crud', 'themes', 'internetics', 'css', 'list.css')
#1 /var/www/html/mymisdiagnosis/system/CodeIgniter.php(432): CodeIgniter\CodeIgniter->runController(Object(App\Controllers\Auth))
#2 /var/www/html/mymisdiagnosis/system/CodeIgniter.php(333): CodeIgniter\CodeIgniter->handleRequest(NULL, Object(Config\Cache), false)
#3 /var/www/html/mymisdiagnosis/index.php(44): CodeIgniter\CodeIgniter->run()
#4 {main}
CRITICAL - 2021-12-11 22:54:09 --> Argument 1 passed to IonAuth\Controllers\Auth::edit_user() must be of the type int, string given, called in /var/www/html/mymisdiagnosis/system/CodeIgniter.php on line 936
#0 /var/www/html/mymisdiagnosis/system/CodeIgniter.php(936): IonAuth\Controllers\Auth->edit_user('public', 'assets', 'grocery_crud', 'themes', 'internetics', 'css', 'main.css')
#1 /var/www/html/mymisdiagnosis/system/CodeIgniter.php(432): CodeIgniter\CodeIgniter->runController(Object(App\Controllers\Auth))
#2 /var/www/html/mymisdiagnosis/system/CodeIgniter.php(333): CodeIgniter\CodeIgniter->handleRequest(NULL, Object(Config\Cache), false)
#3 /var/www/html/mymisdiagnosis/index.php(44): CodeIgniter\CodeIgniter->run()
#4 {main}
CRITICAL - 2021-12-11 22:54:09 --> Argument 1 passed to IonAuth\Controllers\Auth::edit_user() must be of the type int, string given, called in /var/www/html/mymisdiagnosis/system/CodeIgniter.php on line 936
#0 /var/www/html/mymisdiagnosis/system/CodeIgniter.php(936): IonAuth\Controllers\Auth->edit_user('public', 'assets', 'grocery_crud', 'themes', 'internetics', 'css', 'lightbox.css')
#1 /var/www/html/mymisdiagnosis/system/CodeIgniter.php(432): CodeIgniter\CodeIgniter->runController(Object(App\Controllers\Auth))
#2 /var/www/html/mymisdiagnosis/system/CodeIgniter.php(333): CodeIgniter\CodeIgniter->handleRequest(NULL, Object(Config\Cache), false)
#3 /var/www/html/mymisdiagnosis/index.php(44): CodeIgniter\CodeIgniter->run()
#4 {main}
CRITICAL - 2021-12-11 22:54:42 --> Argument 1 passed to IonAuth\Controllers\Auth::edit_user() must be of the type int, string given, called in /var/www/html/mymisdiagnosis/system/CodeIgniter.php on line 936
#0 /var/www/html/mymisdiagnosis/system/CodeIgniter.php(936): IonAuth\Controllers\Auth->edit_user('public', 'assets', 'grocery_crud', 'themes', 'internetics', 'css', 'bootstrap', 'bootstrap.min.c...')
#1 /var/www/html/mymisdiagnosis/system/CodeIgniter.php(432): CodeIgniter\CodeIgniter->runController(Object(App\Controllers\Auth))
#2 /var/www/html/mymisdiagnosis/system/CodeIgniter.php(333): CodeIgniter\CodeIgniter->handleRequest(NULL, Object(Config\Cache), false)
#3 /var/www/html/mymisdiagnosis/index.php(44): CodeIgniter\CodeIgniter->run()
#4 {main}
CRITICAL - 2021-12-11 22:54:42 --> Argument 1 passed to IonAuth\Controllers\Auth::edit_user() must be of the type int, string given, called in /var/www/html/mymisdiagnosis/system/CodeIgniter.php on line 936
#0 /var/www/html/mymisdiagnosis/system/CodeIgniter.php(936): IonAuth\Controllers\Auth->edit_user('public', 'assets', 'grocery_crud', 'themes', 'internetics', 'css', 'elusive-icons', 'css', 'elusive-icons.m...')
#1 /var/www/html/mymisdiagnosis/system/CodeIgniter.php(432): CodeIgniter\CodeIgniter->runController(Object(App\Controllers\Auth))
#2 /var/www/html/mymisdiagnosis/system/CodeIgniter.php(333): CodeIgniter\CodeIgniter->handleRequest(NULL, Object(Config\Cache), false)
#3 /var/www/html/mymisdiagnosis/index.php(44): CodeIgniter\CodeIgniter->run()
#4 {main}
CRITICAL - 2021-12-11 22:54:42 --> Argument 1 passed to IonAuth\Controllers\Auth::edit_user() must be of the type int, string given, called in /var/www/html/mymisdiagnosis/system/CodeIgniter.php on line 936
#0 /var/www/html/mymisdiagnosis/system/CodeIgniter.php(936): IonAuth\Controllers\Auth->edit_user('public', 'assets', 'grocery_crud', 'themes', 'internetics', 'css', 'plugins', 'animate.min.css')
#1 /var/www/html/mymisdiagnosis/system/CodeIgniter.php(432): CodeIgniter\CodeIgniter->runController(Object(App\Controllers\Auth))
#2 /var/www/html/mymisdiagnosis/system/CodeIgniter.php(333): CodeIgniter\CodeIgniter->handleRequest(NULL, Object(Config\Cache), false)
#3 /var/www/html/mymisdiagnosis/index.php(44): CodeIgniter\CodeIgniter->run()
#4 {main}
CRITICAL - 2021-12-11 22:54:42 --> Argument 1 passed to IonAuth\Controllers\Auth::edit_user() must be of the type int, string given, called in /var/www/html/mymisdiagnosis/system/CodeIgniter.php on line 936
#0 /var/www/html/mymisdiagnosis/system/CodeIgniter.php(936): IonAuth\Controllers\Auth->edit_user('public', 'assets', 'grocery_crud', 'themes', 'internetics', 'css', 'common.css')
#1 /var/www/html/mymisdiagnosis/system/CodeIgniter.php(432): CodeIgniter\CodeIgniter->runController(Object(App\Controllers\Auth))
#2 /var/www/html/mymisdiagnosis/system/CodeIgniter.php(333): CodeIgniter\CodeIgniter->handleRequest(NULL, Object(Config\Cache), false)
#3 /var/www/html/mymisdiagnosis/index.php(44): CodeIgniter\CodeIgniter->run()
#4 {main}
CRITICAL - 2021-12-11 22:54:42 --> Argument 1 passed to IonAuth\Controllers\Auth::edit_user() must be of the type int, string given, called in /var/www/html/mymisdiagnosis/system/CodeIgniter.php on line 936
#0 /var/www/html/mymisdiagnosis/system/CodeIgniter.php(936): IonAuth\Controllers\Auth->edit_user('public', 'assets', 'grocery_crud', 'themes', 'internetics', 'css', 'general.css')
#1 /var/www/html/mymisdiagnosis/system/CodeIgniter.php(432): CodeIgniter\CodeIgniter->runController(Object(App\Controllers\Auth))
#2 /var/www/html/mymisdiagnosis/system/CodeIgniter.php(333): CodeIgniter\CodeIgniter->handleRequest(NULL, Object(Config\Cache), false)
#3 /var/www/html/mymisdiagnosis/index.php(44): CodeIgniter\CodeIgniter->run()
#4 {main}
CRITICAL - 2021-12-11 22:54:42 --> Argument 1 passed to IonAuth\Controllers\Auth::edit_user() must be of the type int, string given, called in /var/www/html/mymisdiagnosis/system/CodeIgniter.php on line 936
#0 /var/www/html/mymisdiagnosis/system/CodeIgniter.php(936): IonAuth\Controllers\Auth->edit_user('public', 'assets', 'grocery_crud', 'themes', 'internetics', 'css', 'list.css')
#1 /var/www/html/mymisdiagnosis/system/CodeIgniter.php(432): CodeIgniter\CodeIgniter->runController(Object(App\Controllers\Auth))
#2 /var/www/html/mymisdiagnosis/system/CodeIgniter.php(333): CodeIgniter\CodeIgniter->handleRequest(NULL, Object(Config\Cache), false)
#3 /var/www/html/mymisdiagnosis/index.php(44): CodeIgniter\CodeIgniter->run()
#4 {main}
CRITICAL - 2021-12-11 22:54:42 --> Argument 1 passed to IonAuth\Controllers\Auth::edit_user() must be of the type int, string given, called in /var/www/html/mymisdiagnosis/system/CodeIgniter.php on line 936
#0 /var/www/html/mymisdiagnosis/system/CodeIgniter.php(936): IonAuth\Controllers\Auth->edit_user('public', 'assets', 'grocery_crud', 'themes', 'internetics', 'css', 'main.css')
#1 /var/www/html/mymisdiagnosis/system/CodeIgniter.php(432): CodeIgniter\CodeIgniter->runController(Object(App\Controllers\Auth))
#2 /var/www/html/mymisdiagnosis/system/CodeIgniter.php(333): CodeIgniter\CodeIgniter->handleRequest(NULL, Object(Config\Cache), false)
#3 /var/www/html/mymisdiagnosis/index.php(44): CodeIgniter\CodeIgniter->run()
#4 {main}
CRITICAL - 2021-12-11 22:54:42 --> Argument 1 passed to IonAuth\Controllers\Auth::edit_user() must be of the type int, string given, called in /var/www/html/mymisdiagnosis/system/CodeIgniter.php on line 936
#0 /var/www/html/mymisdiagnosis/system/CodeIgniter.php(936): IonAuth\Controllers\Auth->edit_user('public', 'assets', 'grocery_crud', 'themes', 'internetics', 'css', 'lightbox.css')
#1 /var/www/html/mymisdiagnosis/system/CodeIgniter.php(432): CodeIgniter\CodeIgniter->runController(Object(App\Controllers\Auth))
#2 /var/www/html/mymisdiagnosis/system/CodeIgniter.php(333): CodeIgniter\CodeIgniter->handleRequest(NULL, Object(Config\Cache), false)
#3 /var/www/html/mymisdiagnosis/index.php(44): CodeIgniter\CodeIgniter->run()
#4 {main}
CRITICAL - 2021-12-11 22:55:58 --> Argument 1 passed to IonAuth\Controllers\Auth::edit_user() must be of the type int, string given, called in /var/www/html/mymisdiagnosis/system/CodeIgniter.php on line 936
#0 /var/www/html/mymisdiagnosis/system/CodeIgniter.php(936): IonAuth\Controllers\Auth->edit_user('public', 'assets', 'grocery_crud', 'themes', 'internetics', 'css', 'common.css')
#1 /var/www/html/mymisdiagnosis/system/CodeIgniter.php(432): CodeIgniter\CodeIgniter->runController(Object(App\Controllers\Auth))
#2 /var/www/html/mymisdiagnosis/system/CodeIgniter.php(333): CodeIgniter\CodeIgniter->handleRequest(NULL, Object(Config\Cache), false)
#3 /var/www/html/mymisdiagnosis/index.php(44): CodeIgniter\CodeIgniter->run()
#4 {main}
CRITICAL - 2021-12-11 22:55:58 --> Argument 1 passed to IonAuth\Controllers\Auth::edit_user() must be of the type int, string given, called in /var/www/html/mymisdiagnosis/system/CodeIgniter.php on line 936
#0 /var/www/html/mymisdiagnosis/system/CodeIgniter.php(936): IonAuth\Controllers\Auth->edit_user('public', 'assets', 'grocery_crud', 'themes', 'internetics', 'css', 'list.css')
#1 /var/www/html/mymisdiagnosis/system/CodeIgniter.php(432): CodeIgniter\CodeIgniter->runController(Object(App\Controllers\Auth))
#2 /var/www/html/mymisdiagnosis/system/CodeIgniter.php(333): CodeIgniter\CodeIgniter->handleRequest(NULL, Object(Config\Cache), false)
#3 /var/www/html/mymisdiagnosis/index.php(44): CodeIgniter\CodeIgniter->run()
#4 {main}
CRITICAL - 2021-12-11 22:55:58 --> Argument 1 passed to IonAuth\Controllers\Auth::edit_user() must be of the type int, string given, called in /var/www/html/mymisdiagnosis/system/CodeIgniter.php on line 936
#0 /var/www/html/mymisdiagnosis/system/CodeIgniter.php(936): IonAuth\Controllers\Auth->edit_user('public', 'assets', 'grocery_crud', 'themes', 'internetics', 'css', 'bootstrap', 'bootstrap.min.c...')
#1 /var/www/html/mymisdiagnosis/system/CodeIgniter.php(432): CodeIgniter\CodeIgniter->runController(Object(App\Controllers\Auth))
#2 /var/www/html/mymisdiagnosis/system/CodeIgniter.php(333): CodeIgniter\CodeIgniter->handleRequest(NULL, Object(Config\Cache), false)
#3 /var/www/html/mymisdiagnosis/index.php(44): CodeIgniter\CodeIgniter->run()
#4 {main}
CRITICAL - 2021-12-11 22:55:58 --> Argument 1 passed to IonAuth\Controllers\Auth::edit_user() must be of the type int, string given, called in /var/www/html/mymisdiagnosis/system/CodeIgniter.php on line 936
#0 /var/www/html/mymisdiagnosis/system/CodeIgniter.php(936): IonAuth\Controllers\Auth->edit_user('public', 'assets', 'grocery_crud', 'themes', 'internetics', 'css', 'general.css')
#1 /var/www/html/mymisdiagnosis/system/CodeIgniter.php(432): CodeIgniter\CodeIgniter->runController(Object(App\Controllers\Auth))
#2 /var/www/html/mymisdiagnosis/system/CodeIgniter.php(333): CodeIgniter\CodeIgniter->handleRequest(NULL, Object(Config\Cache), false)
#3 /var/www/html/mymisdiagnosis/index.php(44): CodeIgniter\CodeIgniter->run()
#4 {main}
CRITICAL - 2021-12-11 22:55:58 --> Argument 1 passed to IonAuth\Controllers\Auth::edit_user() must be of the type int, string given, called in /var/www/html/mymisdiagnosis/system/CodeIgniter.php on line 936
#0 /var/www/html/mymisdiagnosis/system/CodeIgniter.php(936): IonAuth\Controllers\Auth->edit_user('public', 'assets', 'grocery_crud', 'themes', 'internetics', 'css', 'plugins', 'animate.min.css')
#1 /var/www/html/mymisdiagnosis/system/CodeIgniter.php(432): CodeIgniter\CodeIgniter->runController(Object(App\Controllers\Auth))
#2 /var/www/html/mymisdiagnosis/system/CodeIgniter.php(333): CodeIgniter\CodeIgniter->handleRequest(NULL, Object(Config\Cache), false)
#3 /var/www/html/mymisdiagnosis/index.php(44): CodeIgniter\CodeIgniter->run()
#4 {main}
CRITICAL - 2021-12-11 22:55:58 --> Argument 1 passed to IonAuth\Controllers\Auth::edit_user() must be of the type int, string given, called in /var/www/html/mymisdiagnosis/system/CodeIgniter.php on line 936
#0 /var/www/html/mymisdiagnosis/system/CodeIgniter.php(936): IonAuth\Controllers\Auth->edit_user('public', 'assets', 'grocery_crud', 'themes', 'internetics', 'css', 'elusive-icons', 'css', 'elusive-icons.m...')
#1 /var/www/html/mymisdiagnosis/system/CodeIgniter.php(432): CodeIgniter\CodeIgniter->runController(Object(App\Controllers\Auth))
#2 /var/www/html/mymisdiagnosis/system/CodeIgniter.php(333): CodeIgniter\CodeIgniter->handleRequest(NULL, Object(Config\Cache), false)
#3 /var/www/html/mymisdiagnosis/index.php(44): CodeIgniter\CodeIgniter->run()
#4 {main}
CRITICAL - 2021-12-11 22:55:58 --> Argument 1 passed to IonAuth\Controllers\Auth::edit_user() must be of the type int, string given, called in /var/www/html/mymisdiagnosis/system/CodeIgniter.php on line 936
#0 /var/www/html/mymisdiagnosis/system/CodeIgniter.php(936): IonAuth\Controllers\Auth->edit_user('public', 'assets', 'grocery_crud', 'themes', 'internetics', 'css', 'main.css')
#1 /var/www/html/mymisdiagnosis/system/CodeIgniter.php(432): CodeIgniter\CodeIgniter->runController(Object(App\Controllers\Auth))
#2 /var/www/html/mymisdiagnosis/system/CodeIgniter.php(333): CodeIgniter\CodeIgniter->handleRequest(NULL, Object(Config\Cache), false)
#3 /var/www/html/mymisdiagnosis/index.php(44): CodeIgniter\CodeIgniter->run()
#4 {main}
CRITICAL - 2021-12-11 22:55:58 --> Argument 1 passed to IonAuth\Controllers\Auth::edit_user() must be of the type int, string given, called in /var/www/html/mymisdiagnosis/system/CodeIgniter.php on line 936
#0 /var/www/html/mymisdiagnosis/system/CodeIgniter.php(936): IonAuth\Controllers\Auth->edit_user('public', 'assets', 'grocery_crud', 'themes', 'internetics', 'css', 'lightbox.css')
#1 /var/www/html/mymisdiagnosis/system/CodeIgniter.php(432): CodeIgniter\CodeIgniter->runController(Object(App\Controllers\Auth))
#2 /var/www/html/mymisdiagnosis/system/CodeIgniter.php(333): CodeIgniter\CodeIgniter->handleRequest(NULL, Object(Config\Cache), false)
#3 /var/www/html/mymisdiagnosis/index.php(44): CodeIgniter\CodeIgniter->run()
#4 {main}
CRITICAL - 2021-12-11 22:57:21 --> Argument 1 passed to IonAuth\Controllers\Auth::edit_user() must be of the type int, string given, called in /var/www/html/mymisdiagnosis/system/CodeIgniter.php on line 936
#0 /var/www/html/mymisdiagnosis/system/CodeIgniter.php(936): IonAuth\Controllers\Auth->edit_user('public', 'assets', 'grocery_crud', 'themes', 'internetics', 'css', 'bootstrap', 'bootstrap.min.c...')
#1 /var/www/html/mymisdiagnosis/system/CodeIgniter.php(432): CodeIgniter\CodeIgniter->runController(Object(App\Controllers\Auth))
#2 /var/www/html/mymisdiagnosis/system/CodeIgniter.php(333): CodeIgniter\CodeIgniter->handleRequest(NULL, Object(Config\Cache), false)
#3 /var/www/html/mymisdiagnosis/index.php(44): CodeIgniter\CodeIgniter->run()
#4 {main}
CRITICAL - 2021-12-11 22:57:27 --> Argument 1 passed to IonAuth\Controllers\Auth::edit_user() must be of the type int, string given, called in /var/www/html/mymisdiagnosis/system/CodeIgniter.php on line 936
#0 /var/www/html/mymisdiagnosis/system/CodeIgniter.php(936): IonAuth\Controllers\Auth->edit_user('public', 'assets', 'grocery_crud', 'themes', 'internetics', 'css', 'bootstrap', 'bootstrap.min.c...')
#1 /var/www/html/mymisdiagnosis/system/CodeIgniter.php(432): CodeIgniter\CodeIgniter->runController(Object(App\Controllers\Auth))
#2 /var/www/html/mymisdiagnosis/system/CodeIgniter.php(333): CodeIgniter\CodeIgniter->handleRequest(NULL, Object(Config\Cache), false)
#3 /var/www/html/mymisdiagnosis/index.php(44): CodeIgniter\CodeIgniter->run()
#4 {main}
CRITICAL - 2021-12-11 22:57:30 --> Argument 1 passed to IonAuth\Controllers\Auth::edit_user() must be of the type int, string given, called in /var/www/html/mymisdiagnosis/system/CodeIgniter.php on line 936
#0 /var/www/html/mymisdiagnosis/system/CodeIgniter.php(936): IonAuth\Controllers\Auth->edit_user('public', 'assets', 'grocery_crud', 'themes', 'internetics', 'css', 'bootstrap', 'bootstrap.min.c...')
#1 /var/www/html/mymisdiagnosis/system/CodeIgniter.php(432): CodeIgniter\CodeIgniter->runController(Object(App\Controllers\Auth))
#2 /var/www/html/mymisdiagnosis/system/CodeIgniter.php(333): CodeIgniter\CodeIgniter->handleRequest(NULL, Object(Config\Cache), false)
#3 /var/www/html/mymisdiagnosis/index.php(44): CodeIgniter\CodeIgniter->run()
#4 {main}
CRITICAL - 2021-12-11 22:57:32 --> Argument 1 passed to IonAuth\Controllers\Auth::edit_user() must be of the type int, string given, called in /var/www/html/mymisdiagnosis/system/CodeIgniter.php on line 936
#0 /var/www/html/mymisdiagnosis/system/CodeIgniter.php(936): IonAuth\Controllers\Auth->edit_user('public', 'assets', 'grocery_crud', 'themes', 'internetics', 'css', 'bootstrap', 'bootstrap.min.c...')
#1 /var/www/html/mymisdiagnosis/system/CodeIgniter.php(432): CodeIgniter\CodeIgniter->runController(Object(App\Controllers\Auth))
#2 /var/www/html/mymisdiagnosis/system/CodeIgniter.php(333): CodeIgniter\CodeIgniter->handleRequest(NULL, Object(Config\Cache), false)
#3 /var/www/html/mymisdiagnosis/index.php(44): CodeIgniter\CodeIgniter->run()
#4 {main}
CRITICAL - 2021-12-11 22:58:12 --> Undefined variable: title
#0 /var/www/html/mymisdiagnosis/app/Views/auth_internetics/header.php(5): CodeIgniter\Debug\Exceptions->errorHandler(8, 'Undefined varia...', '/var/www/html/m...', 5, Array)
#1 /var/www/html/mymisdiagnosis/system/View/View.php(220): include('/var/www/html/m...')
#2 /var/www/html/mymisdiagnosis/system/View/View.php(222): CodeIgniter\View\View->CodeIgniter\View\{closure}()
#3 /var/www/html/mymisdiagnosis/system/Common.php(1217): CodeIgniter\View\View->render('auth_internetic...', Array, true)
#4 /var/www/html/mymisdiagnosis/app/Views/auth_internetics/template.php(3): view('auth_internetic...')
#5 /var/www/html/mymisdiagnosis/system/View/View.php(220): include('/var/www/html/m...')
#6 /var/www/html/mymisdiagnosis/system/View/View.php(222): CodeIgniter\View\View->CodeIgniter\View\{closure}()
#7 /var/www/html/mymisdiagnosis/system/Common.php(1217): CodeIgniter\View\View->render('auth_internetic...', Array, true)
#8 /var/www/html/mymisdiagnosis/app/Controllers/Auth.php(33): view('auth_internetic...', Array)
#9 /var/www/html/mymisdiagnosis/app/ThirdParty/IonAuth/Controllers/Auth.php(498): App\Controllers\Auth->renderPage('IonAuth\\Views\\a...', Array)
#10 /var/www/html/mymisdiagnosis/system/CodeIgniter.php(936): IonAuth\Controllers\Auth->deactivate(1)
#11 /var/www/html/mymisdiagnosis/system/CodeIgniter.php(432): CodeIgniter\CodeIgniter->runController(Object(App\Controllers\Auth))
#12 /var/www/html/mymisdiagnosis/system/CodeIgniter.php(333): CodeIgniter\CodeIgniter->handleRequest(NULL, Object(Config\Cache), false)
#13 /var/www/html/mymisdiagnosis/index.php(44): CodeIgniter\CodeIgniter->run()
#14 {main}
CRITICAL - 2021-12-11 23:02:26 --> You must be an administrator to view this page.
#0 /var/www/html/mymisdiagnosis/system/CodeIgniter.php(936): IonAuth\Controllers\Auth->index()
#1 /var/www/html/mymisdiagnosis/system/CodeIgniter.php(432): CodeIgniter\CodeIgniter->runController(Object(App\Controllers\Auth))
#2 /var/www/html/mymisdiagnosis/system/CodeIgniter.php(333): CodeIgniter\CodeIgniter->handleRequest(NULL, Object(Config\Cache), false)
#3 /var/www/html/mymisdiagnosis/index.php(44): CodeIgniter\CodeIgniter->run()
#4 {main}
CRITICAL - 2021-12-11 23:10:13 --> syntax error, unexpected 'public' (T_PUBLIC), expecting ';' or ','
#0 /var/www/html/mymisdiagnosis/system/Autoloader/Autoloader.php(265): CodeIgniter\Autoloader\Autoloader->includeFile('/var/www/html/m...')
#1 /var/www/html/mymisdiagnosis/system/Autoloader/Autoloader.php(228): CodeIgniter\Autoloader\Autoloader->loadInNamespace('IonAuth\\Config\\...')
#2 [internal function]: CodeIgniter\Autoloader\Autoloader->loadClass('IonAuth\\Config\\...')
#3 /var/www/html/mymisdiagnosis/app/Config/IonAuth.php(3): spl_autoload_call('IonAuth\\Config\\...')
#4 /var/www/html/mymisdiagnosis/system/Autoloader/Autoloader.php(294): include_once('/var/www/html/m...')
#5 /var/www/html/mymisdiagnosis/system/Autoloader/Autoloader.php(265): CodeIgniter\Autoloader\Autoloader->includeFile('/var/www/html/m...')
#6 /var/www/html/mymisdiagnosis/system/Autoloader/Autoloader.php(228): CodeIgniter\Autoloader\Autoloader->loadInNamespace('Config\\IonAuth')
#7 [internal function]: CodeIgniter\Autoloader\Autoloader->loadClass('Config\\IonAuth')
#8 [internal function]: spl_autoload_call('Config\\IonAuth')
#9 /var/www/html/mymisdiagnosis/system/Config/Factories.php(144): class_exists('Config\\IonAuth')
#10 /var/www/html/mymisdiagnosis/system/Config/Factories.php(109): CodeIgniter\Config\Factories::locateClass(Array, 'IonAuth')
#11 /var/www/html/mymisdiagnosis/system/Common.php(225): CodeIgniter\Config\Factories::__callStatic('config', Array)
#12 /var/www/html/mymisdiagnosis/app/ThirdParty/IonAuth/Libraries/IonAuth.php(60): config('IonAuth')
#13 /var/www/html/mymisdiagnosis/app/ThirdParty/IonAuth/Controllers/Auth.php(73): IonAuth\Libraries\IonAuth->__construct()
#14 /var/www/html/mymisdiagnosis/system/CodeIgniter.php(908): IonAuth\Controllers\Auth->__construct()
#15 /var/www/html/mymisdiagnosis/system/CodeIgniter.php(422): CodeIgniter\CodeIgniter->createController()
#16 /var/www/html/mymisdiagnosis/system/CodeIgniter.php(333): CodeIgniter\CodeIgniter->handleRequest(NULL, Object(Config\Cache), false)
#17 /var/www/html/mymisdiagnosis/index.php(44): CodeIgniter\CodeIgniter->run()
#18 {main}
CRITICAL - 2021-12-11 23:10:16 --> syntax error, unexpected 'public' (T_PUBLIC), expecting ';' or ','
#0 /var/www/html/mymisdiagnosis/system/Autoloader/Autoloader.php(265): CodeIgniter\Autoloader\Autoloader->includeFile('/var/www/html/m...')
#1 /var/www/html/mymisdiagnosis/system/Autoloader/Autoloader.php(228): CodeIgniter\Autoloader\Autoloader->loadInNamespace('IonAuth\\Config\\...')
#2 [internal function]: CodeIgniter\Autoloader\Autoloader->loadClass('IonAuth\\Config\\...')
#3 /var/www/html/mymisdiagnosis/app/Config/IonAuth.php(3): spl_autoload_call('IonAuth\\Config\\...')
#4 /var/www/html/mymisdiagnosis/system/Autoloader/Autoloader.php(294): include_once('/var/www/html/m...')
#5 /var/www/html/mymisdiagnosis/system/Autoloader/Autoloader.php(265): CodeIgniter\Autoloader\Autoloader->includeFile('/var/www/html/m...')
#6 /var/www/html/mymisdiagnosis/system/Autoloader/Autoloader.php(228): CodeIgniter\Autoloader\Autoloader->loadInNamespace('Config\\IonAuth')
#7 [internal function]: CodeIgniter\Autoloader\Autoloader->loadClass('Config\\IonAuth')
#8 [internal function]: spl_autoload_call('Config\\IonAuth')
#9 /var/www/html/mymisdiagnosis/system/Config/Factories.php(144): class_exists('Config\\IonAuth')
#10 /var/www/html/mymisdiagnosis/system/Config/Factories.php(109): CodeIgniter\Config\Factories::locateClass(Array, 'IonAuth')
#11 /var/www/html/mymisdiagnosis/system/Common.php(225): CodeIgniter\Config\Factories::__callStatic('config', Array)
#12 /var/www/html/mymisdiagnosis/app/ThirdParty/IonAuth/Libraries/IonAuth.php(60): config('IonAuth')
#13 /var/www/html/mymisdiagnosis/app/ThirdParty/IonAuth/Controllers/Auth.php(73): IonAuth\Libraries\IonAuth->__construct()
#14 /var/www/html/mymisdiagnosis/system/CodeIgniter.php(908): IonAuth\Controllers\Auth->__construct()
#15 /var/www/html/mymisdiagnosis/system/CodeIgniter.php(422): CodeIgniter\CodeIgniter->createController()
#16 /var/www/html/mymisdiagnosis/system/CodeIgniter.php(333): CodeIgniter\CodeIgniter->handleRequest(NULL, Object(Config\Cache), false)
#17 /var/www/html/mymisdiagnosis/index.php(44): CodeIgniter\CodeIgniter->run()
#18 {main}
CRITICAL - 2021-12-11 23:10:25 --> syntax error, unexpected 'public' (T_PUBLIC), expecting ';' or ','
#0 /var/www/html/mymisdiagnosis/system/Autoloader/Autoloader.php(265): CodeIgniter\Autoloader\Autoloader->includeFile('/var/www/html/m...')
#1 /var/www/html/mymisdiagnosis/system/Autoloader/Autoloader.php(228): CodeIgniter\Autoloader\Autoloader->loadInNamespace('IonAuth\\Config\\...')
#2 [internal function]: CodeIgniter\Autoloader\Autoloader->loadClass('IonAuth\\Config\\...')
#3 /var/www/html/mymisdiagnosis/app/Config/IonAuth.php(3): spl_autoload_call('IonAuth\\Config\\...')
#4 /var/www/html/mymisdiagnosis/system/Autoloader/Autoloader.php(294): include_once('/var/www/html/m...')
#5 /var/www/html/mymisdiagnosis/system/Autoloader/Autoloader.php(265): CodeIgniter\Autoloader\Autoloader->includeFile('/var/www/html/m...')
#6 /var/www/html/mymisdiagnosis/system/Autoloader/Autoloader.php(228): CodeIgniter\Autoloader\Autoloader->loadInNamespace('Config\\IonAuth')
#7 [internal function]: CodeIgniter\Autoloader\Autoloader->loadClass('Config\\IonAuth')
#8 [internal function]: spl_autoload_call('Config\\IonAuth')
#9 /var/www/html/mymisdiagnosis/system/Config/Factories.php(144): class_exists('Config\\IonAuth')
#10 /var/www/html/mymisdiagnosis/system/Config/Factories.php(109): CodeIgniter\Config\Factories::locateClass(Array, 'IonAuth')
#11 /var/www/html/mymisdiagnosis/system/Common.php(225): CodeIgniter\Config\Factories::__callStatic('config', Array)
#12 /var/www/html/mymisdiagnosis/app/ThirdParty/IonAuth/Libraries/IonAuth.php(60): config('IonAuth')
#13 /var/www/html/mymisdiagnosis/app/ThirdParty/IonAuth/Controllers/Auth.php(73): IonAuth\Libraries\IonAuth->__construct()
#14 /var/www/html/mymisdiagnosis/system/CodeIgniter.php(908): IonAuth\Controllers\Auth->__construct()
#15 /var/www/html/mymisdiagnosis/system/CodeIgniter.php(422): CodeIgniter\CodeIgniter->createController()
#16 /var/www/html/mymisdiagnosis/system/CodeIgniter.php(333): CodeIgniter\CodeIgniter->handleRequest(NULL, Object(Config\Cache), false)
#17 /var/www/html/mymisdiagnosis/index.php(44): CodeIgniter\CodeIgniter->run()
#18 {main}
ERROR - 2021-12-11 23:23:19 --> Email: sendWithSmtp throwed stream_socket_enable_crypto(): SSL/TLS already set-up for this stream
ERROR - 2021-12-11 23:35:07 --> Email: sendWithSmtp throwed fsockopen(): unable to connect to tls://localhost:465 (Cannot assign requested address)
ERROR - 2021-12-11 23:41:07 --> Email: sendWithSmtp throwed fsockopen(): unable to connect to tls://mail.google.com:465 (Connection timed out)
ERROR - 2021-12-11 23:45:11 --> Email: sendWithSmtp throwed fsockopen(): php_network_getaddresses: getaddrinfo failed: Name or service not known
