INFO - 2021-12-19 09:28:21 --> Session: Class initialized using 'CodeIgniter\Session\Handlers\FileHandler' driver.
INFO - 2021-12-19 09:28:23 --> Session: Class initialized using 'CodeIgniter\Session\Handlers\FileHandler' driver.
INFO - 2021-12-19 09:28:25 --> Session: Class initialized using 'CodeIgniter\Session\Handlers\FileHandler' driver.
INFO - 2021-12-19 09:28:26 --> Session: Class initialized using 'CodeIgniter\Session\Handlers\FileHandler' driver.
INFO - 2021-12-19 09:28:31 --> Session: Class initialized using 'CodeIgniter\Session\Handlers\FileHandler' driver.
INFO - 2021-12-19 09:28:31 --> Session: Class initialized using 'CodeIgniter\Session\Handlers\FileHandler' driver.
INFO - 2021-12-19 09:28:35 --> Session: Class initialized using 'CodeIgniter\Session\Handlers\FileHandler' driver.
INFO - 2021-12-19 09:28:42 --> Session: Class initialized using 'CodeIgniter\Session\Handlers\FileHandler' driver.
INFO - 2021-12-19 09:28:44 --> Session: Class initialized using 'CodeIgniter\Session\Handlers\FileHandler' driver.
INFO - 2021-12-19 09:31:29 --> Session: Class initialized using 'CodeIgniter\Session\Handlers\FileHandler' driver.
INFO - 2021-12-19 09:31:31 --> Session: Class initialized using 'CodeIgniter\Session\Handlers\FileHandler' driver.
INFO - 2021-12-19 09:31:31 --> Session: Class initialized using 'CodeIgniter\Session\Handlers\FileHandler' driver.
INFO - 2021-12-19 09:31:33 --> Session: Class initialized using 'CodeIgniter\Session\Handlers\FileHandler' driver.
INFO - 2021-12-19 09:31:34 --> Session: Class initialized using 'CodeIgniter\Session\Handlers\FileHandler' driver.
INFO - 2021-12-19 09:31:34 --> Session: Class initialized using 'CodeIgniter\Session\Handlers\FileHandler' driver.
INFO - 2021-12-19 09:34:14 --> Session: Class initialized using 'CodeIgniter\Session\Handlers\FileHandler' driver.
INFO - 2021-12-19 09:34:14 --> Session: Class initialized using 'CodeIgniter\Session\Handlers\FileHandler' driver.
INFO - 2021-12-19 09:34:15 --> Session: Class initialized using 'CodeIgniter\Session\Handlers\FileHandler' driver.
INFO - 2021-12-19 09:34:45 --> Session: Class initialized using 'CodeIgniter\Session\Handlers\FileHandler' driver.
INFO - 2021-12-19 09:35:16 --> Session: Class initialized using 'CodeIgniter\Session\Handlers\FileHandler' driver.
INFO - 2021-12-19 09:35:16 --> Session: Class initialized using 'CodeIgniter\Session\Handlers\FileHandler' driver.
INFO - 2021-12-19 09:35:31 --> Session: Class initialized using 'CodeIgniter\Session\Handlers\FileHandler' driver.
INFO - 2021-12-19 09:35:42 --> Session: Class initialized using 'CodeIgniter\Session\Handlers\FileHandler' driver.
INFO - 2021-12-19 09:35:42 --> Session: Class initialized using 'CodeIgniter\Session\Handlers\FileHandler' driver.
INFO - 2021-12-19 09:35:42 --> Session: Class initialized using 'CodeIgniter\Session\Handlers\FileHandler' driver.
INFO - 2021-12-19 09:38:10 --> Session: Class initialized using 'CodeIgniter\Session\Handlers\FileHandler' driver.
INFO - 2021-12-19 09:39:07 --> Session: Class initialized using 'CodeIgniter\Session\Handlers\FileHandler' driver.
INFO - 2021-12-19 09:39:18 --> Session: Class initialized using 'CodeIgniter\Session\Handlers\FileHandler' driver.
INFO - 2021-12-19 09:39:55 --> Session: Class initialized using 'CodeIgniter\Session\Handlers\FileHandler' driver.
INFO - 2021-12-19 09:40:05 --> Session: Class initialized using 'CodeIgniter\Session\Handlers\FileHandler' driver.
INFO - 2021-12-19 09:40:45 --> Session: Class initialized using 'CodeIgniter\Session\Handlers\FileHandler' driver.
INFO - 2021-12-19 09:41:41 --> Session: Class initialized using 'CodeIgniter\Session\Handlers\FileHandler' driver.
INFO - 2021-12-19 09:42:03 --> Session: Class initialized using 'CodeIgniter\Session\Handlers\FileHandler' driver.
INFO - 2021-12-19 09:43:55 --> Session: Class initialized using 'CodeIgniter\Session\Handlers\FileHandler' driver.
INFO - 2021-12-19 09:43:56 --> Session: Class initialized using 'CodeIgniter\Session\Handlers\FileHandler' driver.
CRITICAL - 2021-12-19 09:43:56 --> rename(../../../../upload/1-1000101/123/field-post_thumb_temp.gif,../../../../upload/1-1000101/123/field-post_thumb.gif): No such file or directory
#0 [internal function]: CodeIgniter\Debug\Exceptions->errorHandler(2, 'rename(../../.....', '/var/www/html/m...', 305, Array)
#1 /var/www/html/mymisdiagnosis/app/Controllers/Posteditor.php(305): rename('../../../../upl...', '../../../../upl...')
#2 [internal function]: App\Controllers\PostEditor->rename_temp_filenames(Object(stdClass))
#3 /var/www/html/mymisdiagnosis/app/Libraries/GroceryCrud.php(1049): call_user_func(Array, Object(stdClass))
#4 /var/www/html/mymisdiagnosis/app/Libraries/GroceryCrud.php(4570): App\Libraries\grocery_CRUD_Model_Driver->db_update(Object(stdClass))
#5 /var/www/html/mymisdiagnosis/app/Controllers/Posteditor.php(129): App\Libraries\GroceryCrud->render()
#6 /var/www/html/mymisdiagnosis/system/CodeIgniter.php(936): App\Controllers\PostEditor->posts('update', '123')
#7 /var/www/html/mymisdiagnosis/system/CodeIgniter.php(432): CodeIgniter\CodeIgniter->runController(Object(App\Controllers\PostEditor))
#8 /var/www/html/mymisdiagnosis/system/CodeIgniter.php(333): CodeIgniter\CodeIgniter->handleRequest(NULL, Object(Config\Cache), false)
#9 /var/www/html/mymisdiagnosis/index.php(44): CodeIgniter\CodeIgniter->run()
#10 {main}
INFO - 2021-12-19 09:44:59 --> Session: Class initialized using 'CodeIgniter\Session\Handlers\FileHandler' driver.
INFO - 2021-12-19 09:44:59 --> Session: Class initialized using 'CodeIgniter\Session\Handlers\FileHandler' driver.
CRITICAL - 2021-12-19 09:45:00 --> rename(../../../../upload/1-1000101/123/field-post_thumb_temp.gif,../../../../upload/1-1000101/123/field-post_thumb.gif): No such file or directory
#0 [internal function]: CodeIgniter\Debug\Exceptions->errorHandler(2, 'rename(../../.....', '/var/www/html/m...', 305, Array)
#1 /var/www/html/mymisdiagnosis/app/Controllers/Posteditor.php(305): rename('../../../../upl...', '../../../../upl...')
#2 [internal function]: App\Controllers\PostEditor->rename_temp_filenames(Object(stdClass))
#3 /var/www/html/mymisdiagnosis/app/Libraries/GroceryCrud.php(1049): call_user_func(Array, Object(stdClass))
#4 /var/www/html/mymisdiagnosis/app/Libraries/GroceryCrud.php(4570): App\Libraries\grocery_CRUD_Model_Driver->db_update(Object(stdClass))
#5 /var/www/html/mymisdiagnosis/app/Controllers/Posteditor.php(129): App\Libraries\GroceryCrud->render()
#6 /var/www/html/mymisdiagnosis/system/CodeIgniter.php(936): App\Controllers\PostEditor->posts('update', '123')
#7 /var/www/html/mymisdiagnosis/system/CodeIgniter.php(432): CodeIgniter\CodeIgniter->runController(Object(App\Controllers\PostEditor))
#8 /var/www/html/mymisdiagnosis/system/CodeIgniter.php(333): CodeIgniter\CodeIgniter->handleRequest(NULL, Object(Config\Cache), false)
#9 /var/www/html/mymisdiagnosis/index.php(44): CodeIgniter\CodeIgniter->run()
#10 {main}
INFO - 2021-12-19 09:45:05 --> Session: Class initialized using 'CodeIgniter\Session\Handlers\FileHandler' driver.
INFO - 2021-12-19 09:45:08 --> Session: Class initialized using 'CodeIgniter\Session\Handlers\FileHandler' driver.
INFO - 2021-12-19 09:45:08 --> Session: Class initialized using 'CodeIgniter\Session\Handlers\FileHandler' driver.
INFO - 2021-12-19 09:45:09 --> Session: Class initialized using 'CodeIgniter\Session\Handlers\FileHandler' driver.
INFO - 2021-12-19 09:45:23 --> Session: Class initialized using 'CodeIgniter\Session\Handlers\FileHandler' driver.
INFO - 2021-12-19 09:45:40 --> Session: Class initialized using 'CodeIgniter\Session\Handlers\FileHandler' driver.
INFO - 2021-12-19 09:45:41 --> Session: Class initialized using 'CodeIgniter\Session\Handlers\FileHandler' driver.
INFO - 2021-12-19 09:45:41 --> Session: Class initialized using 'CodeIgniter\Session\Handlers\FileHandler' driver.
INFO - 2021-12-19 09:46:54 --> Session: Class initialized using 'CodeIgniter\Session\Handlers\FileHandler' driver.
INFO - 2021-12-19 09:47:24 --> Session: Class initialized using 'CodeIgniter\Session\Handlers\FileHandler' driver.
INFO - 2021-12-19 09:47:28 --> Session: Class initialized using 'CodeIgniter\Session\Handlers\FileHandler' driver.
INFO - 2021-12-19 09:47:28 --> Session: Class initialized using 'CodeIgniter\Session\Handlers\FileHandler' driver.
INFO - 2021-12-19 09:47:28 --> Session: Class initialized using 'CodeIgniter\Session\Handlers\FileHandler' driver.
INFO - 2021-12-19 09:47:33 --> Session: Class initialized using 'CodeIgniter\Session\Handlers\FileHandler' driver.
INFO - 2021-12-19 09:47:47 --> Session: Class initialized using 'CodeIgniter\Session\Handlers\FileHandler' driver.
INFO - 2021-12-19 09:47:47 --> Session: Class initialized using 'CodeIgniter\Session\Handlers\FileHandler' driver.
CRITICAL - 2021-12-19 09:47:47 --> rename(../../../../upload/1-1000101/126/field-post_thumb_temp.jpg,../../../../upload/1-1000101/126/field-post_thumb.jpg): No such file or directory
#0 [internal function]: CodeIgniter\Debug\Exceptions->errorHandler(2, 'rename(../../.....', '/var/www/html/m...', 305, Array)
#1 /var/www/html/mymisdiagnosis/app/Controllers/Posteditor.php(305): rename('../../../../upl...', '../../../../upl...')
#2 [internal function]: App\Controllers\PostEditor->rename_temp_filenames(Object(stdClass))
#3 /var/www/html/mymisdiagnosis/app/Libraries/GroceryCrud.php(1049): call_user_func(Array, Object(stdClass))
#4 /var/www/html/mymisdiagnosis/app/Libraries/GroceryCrud.php(4570): App\Libraries\grocery_CRUD_Model_Driver->db_update(Object(stdClass))
#5 /var/www/html/mymisdiagnosis/app/Controllers/Posteditor.php(129): App\Libraries\GroceryCrud->render()
#6 /var/www/html/mymisdiagnosis/system/CodeIgniter.php(936): App\Controllers\PostEditor->posts('update', '126')
#7 /var/www/html/mymisdiagnosis/system/CodeIgniter.php(432): CodeIgniter\CodeIgniter->runController(Object(App\Controllers\PostEditor))
#8 /var/www/html/mymisdiagnosis/system/CodeIgniter.php(333): CodeIgniter\CodeIgniter->handleRequest(NULL, Object(Config\Cache), false)
#9 /var/www/html/mymisdiagnosis/index.php(44): CodeIgniter\CodeIgniter->run()
#10 {main}
INFO - 2021-12-19 09:48:16 --> Session: Class initialized using 'CodeIgniter\Session\Handlers\FileHandler' driver.
INFO - 2021-12-19 09:48:16 --> Session: Class initialized using 'CodeIgniter\Session\Handlers\FileHandler' driver.
CRITICAL - 2021-12-19 09:48:16 --> rename(../../../../upload/1-1000101/126/field-post_image_temp.jpg,../../../../upload/1-1000101/126/field-post_image.jpg): No such file or directory
#0 [internal function]: CodeIgniter\Debug\Exceptions->errorHandler(2, 'rename(../../.....', '/var/www/html/m...', 249, Array)
#1 /var/www/html/mymisdiagnosis/app/Controllers/Posteditor.php(249): rename('../../../../upl...', '../../../../upl...')
#2 [internal function]: App\Controllers\PostEditor->rename_temp_filenames(Object(stdClass))
#3 /var/www/html/mymisdiagnosis/app/Libraries/GroceryCrud.php(1049): call_user_func(Array, Object(stdClass))
#4 /var/www/html/mymisdiagnosis/app/Libraries/GroceryCrud.php(4570): App\Libraries\grocery_CRUD_Model_Driver->db_update(Object(stdClass))
#5 /var/www/html/mymisdiagnosis/app/Controllers/Posteditor.php(129): App\Libraries\GroceryCrud->render()
#6 /var/www/html/mymisdiagnosis/system/CodeIgniter.php(936): App\Controllers\PostEditor->posts('update', '126')
#7 /var/www/html/mymisdiagnosis/system/CodeIgniter.php(432): CodeIgniter\CodeIgniter->runController(Object(App\Controllers\PostEditor))
#8 /var/www/html/mymisdiagnosis/system/CodeIgniter.php(333): CodeIgniter\CodeIgniter->handleRequest(NULL, Object(Config\Cache), false)
#9 /var/www/html/mymisdiagnosis/index.php(44): CodeIgniter\CodeIgniter->run()
#10 {main}
INFO - 2021-12-19 09:48:57 --> Session: Class initialized using 'CodeIgniter\Session\Handlers\FileHandler' driver.
INFO - 2021-12-19 09:49:53 --> Session: Class initialized using 'CodeIgniter\Session\Handlers\FileHandler' driver.
INFO - 2021-12-19 09:49:53 --> Session: Class initialized using 'CodeIgniter\Session\Handlers\FileHandler' driver.
CRITICAL - 2021-12-19 09:49:53 --> rename(../../../../upload/1-1000101/126/field-post_image_temp.jpg,../../../../upload/1-1000101/126/field-post_image.jpg): No such file or directory
#0 [internal function]: CodeIgniter\Debug\Exceptions->errorHandler(2, 'rename(../../.....', '/var/www/html/m...', 249, Array)
#1 /var/www/html/mymisdiagnosis/app/Controllers/Posteditor.php(249): rename('../../../../upl...', '../../../../upl...')
#2 [internal function]: App\Controllers\PostEditor->rename_temp_filenames(Object(stdClass))
#3 /var/www/html/mymisdiagnosis/app/Libraries/GroceryCrud.php(1049): call_user_func(Array, Object(stdClass))
#4 /var/www/html/mymisdiagnosis/app/Libraries/GroceryCrud.php(4570): App\Libraries\grocery_CRUD_Model_Driver->db_update(Object(stdClass))
#5 /var/www/html/mymisdiagnosis/app/Controllers/Posteditor.php(129): App\Libraries\GroceryCrud->render()
#6 /var/www/html/mymisdiagnosis/system/CodeIgniter.php(936): App\Controllers\PostEditor->posts('update', '126')
#7 /var/www/html/mymisdiagnosis/system/CodeIgniter.php(432): CodeIgniter\CodeIgniter->runController(Object(App\Controllers\PostEditor))
#8 /var/www/html/mymisdiagnosis/system/CodeIgniter.php(333): CodeIgniter\CodeIgniter->handleRequest(NULL, Object(Config\Cache), false)
#9 /var/www/html/mymisdiagnosis/index.php(44): CodeIgniter\CodeIgniter->run()
#10 {main}
INFO - 2021-12-19 09:52:27 --> Session: Class initialized using 'CodeIgniter\Session\Handlers\FileHandler' driver.
INFO - 2021-12-19 09:52:27 --> Session: Class initialized using 'CodeIgniter\Session\Handlers\FileHandler' driver.
CRITICAL - 2021-12-19 09:52:27 --> rename(../../../../upload/1-1000101/126/field-post_image_temp.jpg,../../../../upload/1-1000101/126/field-post_image.jpg): No such file or directory
#0 [internal function]: CodeIgniter\Debug\Exceptions->errorHandler(2, 'rename(../../.....', '/var/www/html/m...', 249, Array)
#1 /var/www/html/mymisdiagnosis/app/Controllers/Posteditor.php(249): rename('../../../../upl...', '../../../../upl...')
#2 [internal function]: App\Controllers\PostEditor->rename_temp_filenames(Object(stdClass))
#3 /var/www/html/mymisdiagnosis/app/Libraries/GroceryCrud.php(1049): call_user_func(Array, Object(stdClass))
#4 /var/www/html/mymisdiagnosis/app/Libraries/GroceryCrud.php(4570): App\Libraries\grocery_CRUD_Model_Driver->db_update(Object(stdClass))
#5 /var/www/html/mymisdiagnosis/app/Controllers/Posteditor.php(129): App\Libraries\GroceryCrud->render()
#6 /var/www/html/mymisdiagnosis/system/CodeIgniter.php(936): App\Controllers\PostEditor->posts('update', '126')
#7 /var/www/html/mymisdiagnosis/system/CodeIgniter.php(432): CodeIgniter\CodeIgniter->runController(Object(App\Controllers\PostEditor))
#8 /var/www/html/mymisdiagnosis/system/CodeIgniter.php(333): CodeIgniter\CodeIgniter->handleRequest(NULL, Object(Config\Cache), false)
#9 /var/www/html/mymisdiagnosis/index.php(44): CodeIgniter\CodeIgniter->run()
#10 {main}
INFO - 2021-12-19 09:53:05 --> Session: Class initialized using 'CodeIgniter\Session\Handlers\FileHandler' driver.
INFO - 2021-12-19 09:53:09 --> Session: Class initialized using 'CodeIgniter\Session\Handlers\FileHandler' driver.
INFO - 2021-12-19 09:53:09 --> Session: Class initialized using 'CodeIgniter\Session\Handlers\FileHandler' driver.
INFO - 2021-12-19 09:53:10 --> Session: Class initialized using 'CodeIgniter\Session\Handlers\FileHandler' driver.
INFO - 2021-12-19 09:53:13 --> Session: Class initialized using 'CodeIgniter\Session\Handlers\FileHandler' driver.
INFO - 2021-12-19 09:53:21 --> Session: Class initialized using 'CodeIgniter\Session\Handlers\FileHandler' driver.
INFO - 2021-12-19 09:53:21 --> Session: Class initialized using 'CodeIgniter\Session\Handlers\FileHandler' driver.
INFO - 2021-12-19 09:53:22 --> Session: Class initialized using 'CodeIgniter\Session\Handlers\FileHandler' driver.
INFO - 2021-12-19 09:53:28 --> Session: Class initialized using 'CodeIgniter\Session\Handlers\FileHandler' driver.
INFO - 2021-12-19 09:53:59 --> Session: Class initialized using 'CodeIgniter\Session\Handlers\FileHandler' driver.
INFO - 2021-12-19 09:53:59 --> Session: Class initialized using 'CodeIgniter\Session\Handlers\FileHandler' driver.
CRITICAL - 2021-12-19 09:53:59 --> rename(../../../../upload/1-1000101/126/field-post_thumb_temp.jpg,../../../../upload/1-1000101/126/field-post_thumb.jpg): No such file or directory
#0 [internal function]: CodeIgniter\Debug\Exceptions->errorHandler(2, 'rename(../../.....', '/var/www/html/m...', 305, Array)
#1 /var/www/html/mymisdiagnosis/app/Controllers/Posteditor.php(305): rename('../../../../upl...', '../../../../upl...')
#2 [internal function]: App\Controllers\PostEditor->rename_temp_filenames(Object(stdClass))
#3 /var/www/html/mymisdiagnosis/app/Libraries/GroceryCrud.php(1049): call_user_func(Array, Object(stdClass))
#4 /var/www/html/mymisdiagnosis/app/Libraries/GroceryCrud.php(4570): App\Libraries\grocery_CRUD_Model_Driver->db_update(Object(stdClass))
#5 /var/www/html/mymisdiagnosis/app/Controllers/Posteditor.php(129): App\Libraries\GroceryCrud->render()
#6 /var/www/html/mymisdiagnosis/system/CodeIgniter.php(936): App\Controllers\PostEditor->posts('update', '126')
#7 /var/www/html/mymisdiagnosis/system/CodeIgniter.php(432): CodeIgniter\CodeIgniter->runController(Object(App\Controllers\PostEditor))
#8 /var/www/html/mymisdiagnosis/system/CodeIgniter.php(333): CodeIgniter\CodeIgniter->handleRequest(NULL, Object(Config\Cache), false)
#9 /var/www/html/mymisdiagnosis/index.php(44): CodeIgniter\CodeIgniter->run()
#10 {main}
INFO - 2021-12-19 09:54:47 --> Session: Class initialized using 'CodeIgniter\Session\Handlers\FileHandler' driver.
INFO - 2021-12-19 09:55:01 --> Session: Class initialized using 'CodeIgniter\Session\Handlers\FileHandler' driver.
INFO - 2021-12-19 09:55:01 --> Session: Class initialized using 'CodeIgniter\Session\Handlers\FileHandler' driver.
CRITICAL - 2021-12-19 09:55:01 --> rename(../../../../upload/1-1000101/126/field-post_image_temp.jpg,../../../../upload/1-1000101/126/field-post_image.jpg): No such file or directory
#0 [internal function]: CodeIgniter\Debug\Exceptions->errorHandler(2, 'rename(../../.....', '/var/www/html/m...', 249, Array)
#1 /var/www/html/mymisdiagnosis/app/Controllers/Posteditor.php(249): rename('../../../../upl...', '../../../../upl...')
#2 [internal function]: App\Controllers\PostEditor->rename_temp_filenames(Object(stdClass))
#3 /var/www/html/mymisdiagnosis/app/Libraries/GroceryCrud.php(1049): call_user_func(Array, Object(stdClass))
#4 /var/www/html/mymisdiagnosis/app/Libraries/GroceryCrud.php(4570): App\Libraries\grocery_CRUD_Model_Driver->db_update(Object(stdClass))
#5 /var/www/html/mymisdiagnosis/app/Controllers/Posteditor.php(129): App\Libraries\GroceryCrud->render()
#6 /var/www/html/mymisdiagnosis/system/CodeIgniter.php(936): App\Controllers\PostEditor->posts('update', '126')
#7 /var/www/html/mymisdiagnosis/system/CodeIgniter.php(432): CodeIgniter\CodeIgniter->runController(Object(App\Controllers\PostEditor))
#8 /var/www/html/mymisdiagnosis/system/CodeIgniter.php(333): CodeIgniter\CodeIgniter->handleRequest(NULL, Object(Config\Cache), false)
#9 /var/www/html/mymisdiagnosis/index.php(44): CodeIgniter\CodeIgniter->run()
#10 {main}
INFO - 2021-12-19 09:55:52 --> Session: Class initialized using 'CodeIgniter\Session\Handlers\FileHandler' driver.
INFO - 2021-12-19 09:56:10 --> Session: Class initialized using 'CodeIgniter\Session\Handlers\FileHandler' driver.
INFO - 2021-12-19 09:56:11 --> Session: Class initialized using 'CodeIgniter\Session\Handlers\FileHandler' driver.
CRITICAL - 2021-12-19 09:56:11 --> rename(../../../../upload/1-1000101/126/field-post_thumb_temp.jpg,../../../../upload/1-1000101/126/field-post_thumb.jpg): No such file or directory
#0 [internal function]: CodeIgniter\Debug\Exceptions->errorHandler(2, 'rename(../../.....', '/var/www/html/m...', 305, Array)
#1 /var/www/html/mymisdiagnosis/app/Controllers/Posteditor.php(305): rename('../../../../upl...', '../../../../upl...')
#2 [internal function]: App\Controllers\PostEditor->rename_temp_filenames(Object(stdClass))
#3 /var/www/html/mymisdiagnosis/app/Libraries/GroceryCrud.php(1049): call_user_func(Array, Object(stdClass))
#4 /var/www/html/mymisdiagnosis/app/Libraries/GroceryCrud.php(4570): App\Libraries\grocery_CRUD_Model_Driver->db_update(Object(stdClass))
#5 /var/www/html/mymisdiagnosis/app/Controllers/Posteditor.php(129): App\Libraries\GroceryCrud->render()
#6 /var/www/html/mymisdiagnosis/system/CodeIgniter.php(936): App\Controllers\PostEditor->posts('update', '126')
#7 /var/www/html/mymisdiagnosis/system/CodeIgniter.php(432): CodeIgniter\CodeIgniter->runController(Object(App\Controllers\PostEditor))
#8 /var/www/html/mymisdiagnosis/system/CodeIgniter.php(333): CodeIgniter\CodeIgniter->handleRequest(NULL, Object(Config\Cache), false)
#9 /var/www/html/mymisdiagnosis/index.php(44): CodeIgniter\CodeIgniter->run()
#10 {main}
INFO - 2021-12-19 09:56:41 --> Session: Class initialized using 'CodeIgniter\Session\Handlers\FileHandler' driver.
INFO - 2021-12-19 09:56:52 --> Session: Class initialized using 'CodeIgniter\Session\Handlers\FileHandler' driver.
INFO - 2021-12-19 09:56:52 --> Session: Class initialized using 'CodeIgniter\Session\Handlers\FileHandler' driver.
CRITICAL - 2021-12-19 09:56:52 --> rename(../../../../upload/1-1000101/126/field-post_image_temp.gif,../../../../upload/1-1000101/126/field-post_image.gif): No such file or directory
#0 [internal function]: CodeIgniter\Debug\Exceptions->errorHandler(2, 'rename(../../.....', '/var/www/html/m...', 249, Array)
#1 /var/www/html/mymisdiagnosis/app/Controllers/Posteditor.php(249): rename('../../../../upl...', '../../../../upl...')
#2 [internal function]: App\Controllers\PostEditor->rename_temp_filenames(Object(stdClass))
#3 /var/www/html/mymisdiagnosis/app/Libraries/GroceryCrud.php(1049): call_user_func(Array, Object(stdClass))
#4 /var/www/html/mymisdiagnosis/app/Libraries/GroceryCrud.php(4570): App\Libraries\grocery_CRUD_Model_Driver->db_update(Object(stdClass))
#5 /var/www/html/mymisdiagnosis/app/Controllers/Posteditor.php(129): App\Libraries\GroceryCrud->render()
#6 /var/www/html/mymisdiagnosis/system/CodeIgniter.php(936): App\Controllers\PostEditor->posts('update', '126')
#7 /var/www/html/mymisdiagnosis/system/CodeIgniter.php(432): CodeIgniter\CodeIgniter->runController(Object(App\Controllers\PostEditor))
#8 /var/www/html/mymisdiagnosis/system/CodeIgniter.php(333): CodeIgniter\CodeIgniter->handleRequest(NULL, Object(Config\Cache), false)
#9 /var/www/html/mymisdiagnosis/index.php(44): CodeIgniter\CodeIgniter->run()
#10 {main}
INFO - 2021-12-19 09:57:05 --> Session: Class initialized using 'CodeIgniter\Session\Handlers\FileHandler' driver.
INFO - 2021-12-19 09:57:17 --> Session: Class initialized using 'CodeIgniter\Session\Handlers\FileHandler' driver.
INFO - 2021-12-19 09:57:17 --> Session: Class initialized using 'CodeIgniter\Session\Handlers\FileHandler' driver.
INFO - 2021-12-19 09:57:17 --> Session: Class initialized using 'CodeIgniter\Session\Handlers\FileHandler' driver.
INFO - 2021-12-19 09:58:03 --> Session: Class initialized using 'CodeIgniter\Session\Handlers\FileHandler' driver.
INFO - 2021-12-19 09:58:12 --> Session: Class initialized using 'CodeIgniter\Session\Handlers\FileHandler' driver.
INFO - 2021-12-19 09:58:12 --> Session: Class initialized using 'CodeIgniter\Session\Handlers\FileHandler' driver.
INFO - 2021-12-19 09:58:13 --> Session: Class initialized using 'CodeIgniter\Session\Handlers\FileHandler' driver.
INFO - 2021-12-19 09:58:16 --> Session: Class initialized using 'CodeIgniter\Session\Handlers\FileHandler' driver.
INFO - 2021-12-19 09:58:35 --> Session: Class initialized using 'CodeIgniter\Session\Handlers\FileHandler' driver.
INFO - 2021-12-19 09:58:35 --> Session: Class initialized using 'CodeIgniter\Session\Handlers\FileHandler' driver.
INFO - 2021-12-19 09:58:35 --> Session: Class initialized using 'CodeIgniter\Session\Handlers\FileHandler' driver.
INFO - 2021-12-19 09:58:38 --> Session: Class initialized using 'CodeIgniter\Session\Handlers\FileHandler' driver.
INFO - 2021-12-19 09:58:48 --> Session: Class initialized using 'CodeIgniter\Session\Handlers\FileHandler' driver.
INFO - 2021-12-19 09:58:48 --> Session: Class initialized using 'CodeIgniter\Session\Handlers\FileHandler' driver.
INFO - 2021-12-19 09:58:48 --> Session: Class initialized using 'CodeIgniter\Session\Handlers\FileHandler' driver.
INFO - 2021-12-19 09:59:34 --> Session: Class initialized using 'CodeIgniter\Session\Handlers\FileHandler' driver.
INFO - 2021-12-19 10:00:03 --> Session: Class initialized using 'CodeIgniter\Session\Handlers\FileHandler' driver.
INFO - 2021-12-19 10:00:03 --> Session: Class initialized using 'CodeIgniter\Session\Handlers\FileHandler' driver.
INFO - 2021-12-19 10:00:03 --> Session: Class initialized using 'CodeIgniter\Session\Handlers\FileHandler' driver.
INFO - 2021-12-19 10:00:06 --> Session: Class initialized using 'CodeIgniter\Session\Handlers\FileHandler' driver.
INFO - 2021-12-19 10:01:13 --> Session: Class initialized using 'CodeIgniter\Session\Handlers\FileHandler' driver.
INFO - 2021-12-19 10:01:13 --> Session: Class initialized using 'CodeIgniter\Session\Handlers\FileHandler' driver.
INFO - 2021-12-19 10:01:13 --> Session: Class initialized using 'CodeIgniter\Session\Handlers\FileHandler' driver.
INFO - 2021-12-19 10:01:15 --> Session: Class initialized using 'CodeIgniter\Session\Handlers\FileHandler' driver.
INFO - 2021-12-19 10:12:18 --> Session: Class initialized using 'CodeIgniter\Session\Handlers\FileHandler' driver.
INFO - 2021-12-19 10:12:18 --> Session: Class initialized using 'CodeIgniter\Session\Handlers\FileHandler' driver.
INFO - 2021-12-19 10:12:19 --> Session: Class initialized using 'CodeIgniter\Session\Handlers\FileHandler' driver.
INFO - 2021-12-19 10:12:40 --> Session: Class initialized using 'CodeIgniter\Session\Handlers\FileHandler' driver.
INFO - 2021-12-19 10:12:42 --> Session: Class initialized using 'CodeIgniter\Session\Handlers\FileHandler' driver.
INFO - 2021-12-19 10:12:42 --> Session: Class initialized using 'CodeIgniter\Session\Handlers\FileHandler' driver.
INFO - 2021-12-19 10:12:43 --> Session: Class initialized using 'CodeIgniter\Session\Handlers\FileHandler' driver.
INFO - 2021-12-19 10:12:46 --> Session: Class initialized using 'CodeIgniter\Session\Handlers\FileHandler' driver.
INFO - 2021-12-19 10:13:28 --> Session: Class initialized using 'CodeIgniter\Session\Handlers\FileHandler' driver.
INFO - 2021-12-19 10:13:29 --> Session: Class initialized using 'CodeIgniter\Session\Handlers\FileHandler' driver.
CRITICAL - 2021-12-19 10:13:29 --> rename(../../../../upload/1-1000101/126/field-post_thumb_temp.jpg,../../../../upload/1-1000101/126/field-post_thumb.jpg): No such file or directory
#0 [internal function]: CodeIgniter\Debug\Exceptions->errorHandler(2, 'rename(../../.....', '/var/www/html/m...', 305, Array)
#1 /var/www/html/mymisdiagnosis/app/Controllers/Posteditor.php(305): rename('../../../../upl...', '../../../../upl...')
#2 [internal function]: App\Controllers\PostEditor->rename_temp_filenames(Object(stdClass))
#3 /var/www/html/mymisdiagnosis/app/Libraries/GroceryCrud.php(1049): call_user_func(Array, Object(stdClass))
#4 /var/www/html/mymisdiagnosis/app/Libraries/GroceryCrud.php(4570): App\Libraries\grocery_CRUD_Model_Driver->db_update(Object(stdClass))
#5 /var/www/html/mymisdiagnosis/app/Controllers/Posteditor.php(129): App\Libraries\GroceryCrud->render()
#6 /var/www/html/mymisdiagnosis/system/CodeIgniter.php(936): App\Controllers\PostEditor->posts('update', '126')
#7 /var/www/html/mymisdiagnosis/system/CodeIgniter.php(432): CodeIgniter\CodeIgniter->runController(Object(App\Controllers\PostEditor))
#8 /var/www/html/mymisdiagnosis/system/CodeIgniter.php(333): CodeIgniter\CodeIgniter->handleRequest(NULL, Object(Config\Cache), false)
#9 /var/www/html/mymisdiagnosis/index.php(44): CodeIgniter\CodeIgniter->run()
#10 {main}
INFO - 2021-12-19 10:15:03 --> Session: Class initialized using 'CodeIgniter\Session\Handlers\FileHandler' driver.
INFO - 2021-12-19 10:15:07 --> Session: Class initialized using 'CodeIgniter\Session\Handlers\FileHandler' driver.
INFO - 2021-12-19 10:15:15 --> Session: Class initialized using 'CodeIgniter\Session\Handlers\FileHandler' driver.
INFO - 2021-12-19 10:15:21 --> Session: Class initialized using 'CodeIgniter\Session\Handlers\FileHandler' driver.
INFO - 2021-12-19 10:15:22 --> Session: Class initialized using 'CodeIgniter\Session\Handlers\FileHandler' driver.
CRITICAL - 2021-12-19 10:15:22 --> rename(../upload/1-1000101/126/field-post_image_temp.jpg,../upload/1-1000101/126/field-post_image.jpg): No such file or directory
#0 [internal function]: CodeIgniter\Debug\Exceptions->errorHandler(2, 'rename(../uploa...', '/var/www/html/m...', 249, Array)
#1 /var/www/html/mymisdiagnosis/app/Controllers/Posteditor.php(249): rename('../upload/1-100...', '../upload/1-100...')
#2 [internal function]: App\Controllers\PostEditor->rename_temp_filenames(Object(stdClass))
#3 /var/www/html/mymisdiagnosis/app/Libraries/GroceryCrud.php(1049): call_user_func(Array, Object(stdClass))
#4 /var/www/html/mymisdiagnosis/app/Libraries/GroceryCrud.php(4570): App\Libraries\grocery_CRUD_Model_Driver->db_update(Object(stdClass))
#5 /var/www/html/mymisdiagnosis/app/Controllers/Posteditor.php(129): App\Libraries\GroceryCrud->render()
#6 /var/www/html/mymisdiagnosis/system/CodeIgniter.php(936): App\Controllers\PostEditor->posts('update', '126')
#7 /var/www/html/mymisdiagnosis/system/CodeIgniter.php(432): CodeIgniter\CodeIgniter->runController(Object(App\Controllers\PostEditor))
#8 /var/www/html/mymisdiagnosis/system/CodeIgniter.php(333): CodeIgniter\CodeIgniter->handleRequest(NULL, Object(Config\Cache), false)
#9 /var/www/html/mymisdiagnosis/index.php(44): CodeIgniter\CodeIgniter->run()
#10 {main}
INFO - 2021-12-19 10:16:47 --> Session: Class initialized using 'CodeIgniter\Session\Handlers\FileHandler' driver.
INFO - 2021-12-19 10:17:22 --> Session: Class initialized using 'CodeIgniter\Session\Handlers\FileHandler' driver.
INFO - 2021-12-19 10:18:07 --> Session: Class initialized using 'CodeIgniter\Session\Handlers\FileHandler' driver.
INFO - 2021-12-19 10:18:27 --> Session: Class initialized using 'CodeIgniter\Session\Handlers\FileHandler' driver.
INFO - 2021-12-19 10:18:30 --> Session: Class initialized using 'CodeIgniter\Session\Handlers\FileHandler' driver.
INFO - 2021-12-19 10:18:30 --> Session: Class initialized using 'CodeIgniter\Session\Handlers\FileHandler' driver.
CRITICAL - 2021-12-19 10:18:30 --> rename(../upload/1-1000101/126/field-post_image_temp.jpg,../upload/1-1000101/126/field-post_image.jpg): No such file or directory
#0 [internal function]: CodeIgniter\Debug\Exceptions->errorHandler(2, 'rename(../uploa...', '/var/www/html/m...', 249, Array)
#1 /var/www/html/mymisdiagnosis/app/Controllers/Posteditor.php(249): rename('../upload/1-100...', '../upload/1-100...')
#2 [internal function]: App\Controllers\PostEditor->rename_temp_filenames(Object(stdClass))
#3 /var/www/html/mymisdiagnosis/app/Libraries/GroceryCrud.php(1049): call_user_func(Array, Object(stdClass))
#4 /var/www/html/mymisdiagnosis/app/Libraries/GroceryCrud.php(4570): App\Libraries\grocery_CRUD_Model_Driver->db_update(Object(stdClass))
#5 /var/www/html/mymisdiagnosis/app/Controllers/Posteditor.php(129): App\Libraries\GroceryCrud->render()
#6 /var/www/html/mymisdiagnosis/system/CodeIgniter.php(936): App\Controllers\PostEditor->posts('update', '126')
#7 /var/www/html/mymisdiagnosis/system/CodeIgniter.php(432): CodeIgniter\CodeIgniter->runController(Object(App\Controllers\PostEditor))
#8 /var/www/html/mymisdiagnosis/system/CodeIgniter.php(333): CodeIgniter\CodeIgniter->handleRequest(NULL, Object(Config\Cache), false)
#9 /var/www/html/mymisdiagnosis/index.php(44): CodeIgniter\CodeIgniter->run()
#10 {main}
INFO - 2021-12-19 10:18:36 --> Session: Class initialized using 'CodeIgniter\Session\Handlers\FileHandler' driver.
INFO - 2021-12-19 10:19:22 --> Session: Class initialized using 'CodeIgniter\Session\Handlers\FileHandler' driver.
INFO - 2021-12-19 10:19:22 --> Session: Class initialized using 'CodeIgniter\Session\Handlers\FileHandler' driver.
INFO - 2021-12-19 10:19:23 --> Session: Class initialized using 'CodeIgniter\Session\Handlers\FileHandler' driver.
INFO - 2021-12-19 10:40:37 --> Session: Class initialized using 'CodeIgniter\Session\Handlers\FileHandler' driver.
INFO - 2021-12-19 10:40:38 --> Session: Class initialized using 'CodeIgniter\Session\Handlers\FileHandler' driver.
INFO - 2021-12-19 10:49:05 --> Session: Class initialized using 'CodeIgniter\Session\Handlers\FileHandler' driver.
INFO - 2021-12-19 10:49:05 --> Session: Class initialized using 'CodeIgniter\Session\Handlers\FileHandler' driver.
INFO - 2021-12-19 11:59:19 --> Session: Class initialized using 'CodeIgniter\Session\Handlers\FileHandler' driver.
INFO - 2021-12-19 11:59:19 --> Session: Class initialized using 'CodeIgniter\Session\Handlers\FileHandler' driver.
INFO - 2021-12-19 11:59:22 --> Session: Class initialized using 'CodeIgniter\Session\Handlers\FileHandler' driver.
INFO - 2021-12-19 11:59:22 --> Session: Class initialized using 'CodeIgniter\Session\Handlers\FileHandler' driver.
INFO - 2021-12-19 11:59:23 --> Session: Class initialized using 'CodeIgniter\Session\Handlers\FileHandler' driver.
INFO - 2021-12-19 11:59:24 --> Session: Class initialized using 'CodeIgniter\Session\Handlers\FileHandler' driver.
INFO - 2021-12-19 12:07:22 --> Session: Class initialized using 'CodeIgniter\Session\Handlers\FileHandler' driver.
INFO - 2021-12-19 12:07:29 --> Session: Class initialized using 'CodeIgniter\Session\Handlers\FileHandler' driver.
INFO - 2021-12-19 12:07:32 --> Session: Class initialized using 'CodeIgniter\Session\Handlers\FileHandler' driver.
INFO - 2021-12-19 12:07:32 --> Session: Class initialized using 'CodeIgniter\Session\Handlers\FileHandler' driver.
INFO - 2021-12-19 12:07:33 --> Session: Class initialized using 'CodeIgniter\Session\Handlers\FileHandler' driver.
INFO - 2021-12-19 12:07:34 --> Session: Class initialized using 'CodeIgniter\Session\Handlers\FileHandler' driver.
INFO - 2021-12-19 12:12:20 --> Session: Class initialized using 'CodeIgniter\Session\Handlers\FileHandler' driver.
INFO - 2021-12-19 12:12:21 --> Session: Class initialized using 'CodeIgniter\Session\Handlers\FileHandler' driver.
INFO - 2021-12-19 12:12:23 --> Session: Class initialized using 'CodeIgniter\Session\Handlers\FileHandler' driver.
INFO - 2021-12-19 12:12:23 --> Session: Class initialized using 'CodeIgniter\Session\Handlers\FileHandler' driver.
INFO - 2021-12-19 12:12:42 --> Session: Class initialized using 'CodeIgniter\Session\Handlers\FileHandler' driver.
INFO - 2021-12-19 12:12:44 --> Session: Class initialized using 'CodeIgniter\Session\Handlers\FileHandler' driver.
INFO - 2021-12-19 12:12:45 --> Session: Class initialized using 'CodeIgniter\Session\Handlers\FileHandler' driver.
INFO - 2021-12-19 12:12:46 --> Session: Class initialized using 'CodeIgniter\Session\Handlers\FileHandler' driver.
INFO - 2021-12-19 19:28:04 --> Session: Class initialized using 'CodeIgniter\Session\Handlers\FileHandler' driver.
INFO - 2021-12-19 19:28:04 --> Session: Class initialized using 'CodeIgniter\Session\Handlers\FileHandler' driver.
INFO - 2021-12-19 19:28:11 --> Session: Class initialized using 'CodeIgniter\Session\Handlers\FileHandler' driver.
INFO - 2021-12-19 19:28:11 --> Session: Class initialized using 'CodeIgniter\Session\Handlers\FileHandler' driver.
INFO - 2021-12-19 19:28:17 --> Session: Class initialized using 'CodeIgniter\Session\Handlers\FileHandler' driver.
INFO - 2021-12-19 19:28:17 --> Session: Class initialized using 'CodeIgniter\Session\Handlers\FileHandler' driver.
INFO - 2021-12-19 19:28:17 --> Session: Class initialized using 'CodeIgniter\Session\Handlers\FileHandler' driver.
INFO - 2021-12-19 19:28:23 --> Session: Class initialized using 'CodeIgniter\Session\Handlers\FileHandler' driver.
INFO - 2021-12-19 19:28:23 --> Session: Class initialized using 'CodeIgniter\Session\Handlers\FileHandler' driver.
INFO - 2021-12-19 19:28:27 --> Session: Class initialized using 'CodeIgniter\Session\Handlers\FileHandler' driver.
INFO - 2021-12-19 19:28:28 --> Session: Class initialized using 'CodeIgniter\Session\Handlers\FileHandler' driver.
INFO - 2021-12-19 19:28:31 --> Session: Class initialized using 'CodeIgniter\Session\Handlers\FileHandler' driver.
INFO - 2021-12-19 19:28:42 --> Session: Class initialized using 'CodeIgniter\Session\Handlers\FileHandler' driver.
INFO - 2021-12-19 19:28:42 --> Session: Class initialized using 'CodeIgniter\Session\Handlers\FileHandler' driver.
INFO - 2021-12-19 19:28:43 --> Session: Class initialized using 'CodeIgniter\Session\Handlers\FileHandler' driver.
INFO - 2021-12-19 19:29:20 --> Session: Class initialized using 'CodeIgniter\Session\Handlers\FileHandler' driver.
INFO - 2021-12-19 19:29:33 --> Session: Class initialized using 'CodeIgniter\Session\Handlers\FileHandler' driver.
INFO - 2021-12-19 19:29:33 --> Session: Class initialized using 'CodeIgniter\Session\Handlers\FileHandler' driver.
CRITICAL - 2021-12-19 19:29:33 --> rename(..//upload/1-1000101/126/field-post_thumb_temp.jpg,..//upload/1-1000101/126/field-post_thumb.jpg): No such file or directory
#0 [internal function]: CodeIgniter\Debug\Exceptions->errorHandler(2, 'rename(..//uplo...', '/var/www/html/m...', 305, Array)
#1 /var/www/html/mymisdiagnosis/app/Controllers/Posteditor.php(305): rename('..//upload/1-10...', '..//upload/1-10...')
#2 [internal function]: App\Controllers\PostEditor->rename_temp_filenames(Object(stdClass))
#3 /var/www/html/mymisdiagnosis/app/Libraries/GroceryCrud.php(1049): call_user_func(Array, Object(stdClass))
#4 /var/www/html/mymisdiagnosis/app/Libraries/GroceryCrud.php(4570): App\Libraries\grocery_CRUD_Model_Driver->db_update(Object(stdClass))
#5 /var/www/html/mymisdiagnosis/app/Controllers/Posteditor.php(129): App\Libraries\GroceryCrud->render()
#6 /var/www/html/mymisdiagnosis/system/CodeIgniter.php(936): App\Controllers\PostEditor->posts('update', '126')
#7 /var/www/html/mymisdiagnosis/system/CodeIgniter.php(432): CodeIgniter\CodeIgniter->runController(Object(App\Controllers\PostEditor))
#8 /var/www/html/mymisdiagnosis/system/CodeIgniter.php(333): CodeIgniter\CodeIgniter->handleRequest(NULL, Object(Config\Cache), false)
#9 /var/www/html/mymisdiagnosis/index.php(44): CodeIgniter\CodeIgniter->run()
#10 {main}
INFO - 2021-12-19 19:30:21 --> Session: Class initialized using 'CodeIgniter\Session\Handlers\FileHandler' driver.
INFO - 2021-12-19 19:30:21 --> Session: Class initialized using 'CodeIgniter\Session\Handlers\FileHandler' driver.
CRITICAL - 2021-12-19 19:30:21 --> rename(..//upload/1-1000101/126/field-post_thumb_temp.jpg,..//upload/1-1000101/126/field-post_thumb.jpg): No such file or directory
#0 [internal function]: CodeIgniter\Debug\Exceptions->errorHandler(2, 'rename(..//uplo...', '/var/www/html/m...', 305, Array)
#1 /var/www/html/mymisdiagnosis/app/Controllers/Posteditor.php(305): rename('..//upload/1-10...', '..//upload/1-10...')
#2 [internal function]: App\Controllers\PostEditor->rename_temp_filenames(Object(stdClass))
#3 /var/www/html/mymisdiagnosis/app/Libraries/GroceryCrud.php(1049): call_user_func(Array, Object(stdClass))
#4 /var/www/html/mymisdiagnosis/app/Libraries/GroceryCrud.php(4570): App\Libraries\grocery_CRUD_Model_Driver->db_update(Object(stdClass))
#5 /var/www/html/mymisdiagnosis/app/Controllers/Posteditor.php(129): App\Libraries\GroceryCrud->render()
#6 /var/www/html/mymisdiagnosis/system/CodeIgniter.php(936): App\Controllers\PostEditor->posts('update', '126')
#7 /var/www/html/mymisdiagnosis/system/CodeIgniter.php(432): CodeIgniter\CodeIgniter->runController(Object(App\Controllers\PostEditor))
#8 /var/www/html/mymisdiagnosis/system/CodeIgniter.php(333): CodeIgniter\CodeIgniter->handleRequest(NULL, Object(Config\Cache), false)
#9 /var/www/html/mymisdiagnosis/index.php(44): CodeIgniter\CodeIgniter->run()
#10 {main}
INFO - 2021-12-19 19:31:05 --> Session: Class initialized using 'CodeIgniter\Session\Handlers\FileHandler' driver.
INFO - 2021-12-19 19:32:34 --> Session: Class initialized using 'CodeIgniter\Session\Handlers\FileHandler' driver.
INFO - 2021-12-19 19:32:47 --> Session: Class initialized using 'CodeIgniter\Session\Handlers\FileHandler' driver.
INFO - 2021-12-19 19:33:53 --> Session: Class initialized using 'CodeIgniter\Session\Handlers\FileHandler' driver.
INFO - 2021-12-19 19:34:12 --> Session: Class initialized using 'CodeIgniter\Session\Handlers\FileHandler' driver.
INFO - 2021-12-19 19:34:12 --> Session: Class initialized using 'CodeIgniter\Session\Handlers\FileHandler' driver.
INFO - 2021-12-19 19:34:12 --> Session: Class initialized using 'CodeIgniter\Session\Handlers\FileHandler' driver.
INFO - 2021-12-19 19:34:20 --> Session: Class initialized using 'CodeIgniter\Session\Handlers\FileHandler' driver.
INFO - 2021-12-19 19:35:41 --> Session: Class initialized using 'CodeIgniter\Session\Handlers\FileHandler' driver.
INFO - 2021-12-19 19:36:04 --> Session: Class initialized using 'CodeIgniter\Session\Handlers\FileHandler' driver.
INFO - 2021-12-19 19:36:04 --> Session: Class initialized using 'CodeIgniter\Session\Handlers\FileHandler' driver.
INFO - 2021-12-19 19:36:08 --> Session: Class initialized using 'CodeIgniter\Session\Handlers\FileHandler' driver.
INFO - 2021-12-19 19:36:12 --> Session: Class initialized using 'CodeIgniter\Session\Handlers\FileHandler' driver.
INFO - 2021-12-19 19:36:12 --> Session: Class initialized using 'CodeIgniter\Session\Handlers\FileHandler' driver.
INFO - 2021-12-19 19:36:12 --> Session: Class initialized using 'CodeIgniter\Session\Handlers\FileHandler' driver.
INFO - 2021-12-19 19:36:17 --> Session: Class initialized using 'CodeIgniter\Session\Handlers\FileHandler' driver.
INFO - 2021-12-19 19:36:28 --> Session: Class initialized using 'CodeIgniter\Session\Handlers\FileHandler' driver.
INFO - 2021-12-19 19:36:28 --> Session: Class initialized using 'CodeIgniter\Session\Handlers\FileHandler' driver.
INFO - 2021-12-19 19:36:29 --> Session: Class initialized using 'CodeIgniter\Session\Handlers\FileHandler' driver.
INFO - 2021-12-19 19:36:39 --> Session: Class initialized using 'CodeIgniter\Session\Handlers\FileHandler' driver.
WARNING - 2021-12-19 19:36:39 --> Session: Sessions is enabled, and one exists.Please don't $session->start();
INFO - 2021-12-19 19:36:42 --> Session: Class initialized using 'CodeIgniter\Session\Handlers\FileHandler' driver.
WARNING - 2021-12-19 19:36:42 --> Session: Sessions is enabled, and one exists.Please don't $session->start();
INFO - 2021-12-19 19:37:00 --> Session: Class initialized using 'CodeIgniter\Session\Handlers\FileHandler' driver.
INFO - 2021-12-19 19:37:02 --> Session: Class initialized using 'CodeIgniter\Session\Handlers\FileHandler' driver.
INFO - 2021-12-19 19:37:03 --> Session: Class initialized using 'CodeIgniter\Session\Handlers\FileHandler' driver.
INFO - 2021-12-19 19:37:03 --> Session: Class initialized using 'CodeIgniter\Session\Handlers\FileHandler' driver.
INFO - 2021-12-19 19:37:03 --> Session: Class initialized using 'CodeIgniter\Session\Handlers\FileHandler' driver.
INFO - 2021-12-19 19:37:04 --> Session: Class initialized using 'CodeIgniter\Session\Handlers\FileHandler' driver.
INFO - 2021-12-19 19:37:05 --> Session: Class initialized using 'CodeIgniter\Session\Handlers\FileHandler' driver.
INFO - 2021-12-19 19:48:37 --> Session: Class initialized using 'CodeIgniter\Session\Handlers\FileHandler' driver.
INFO - 2021-12-19 19:52:11 --> Session: Class initialized using 'CodeIgniter\Session\Handlers\FileHandler' driver.
INFO - 2021-12-19 19:52:11 --> Session: Class initialized using 'CodeIgniter\Session\Handlers\FileHandler' driver.
INFO - 2021-12-19 19:52:12 --> Session: Class initialized using 'CodeIgniter\Session\Handlers\FileHandler' driver.
INFO - 2021-12-19 19:52:15 --> Session: Class initialized using 'CodeIgniter\Session\Handlers\FileHandler' driver.
INFO - 2021-12-19 20:08:58 --> Session: Class initialized using 'CodeIgniter\Session\Handlers\FileHandler' driver.
WARNING - 2021-12-19 20:08:58 --> Session: Sessions is enabled, and one exists.Please don't $session->start();
INFO - 2021-12-19 20:09:19 --> Session: Class initialized using 'CodeIgniter\Session\Handlers\FileHandler' driver.
WARNING - 2021-12-19 20:09:19 --> Session: Sessions is enabled, and one exists.Please don't $session->start();
INFO - 2021-12-19 20:09:21 --> Session: Class initialized using 'CodeIgniter\Session\Handlers\FileHandler' driver.
INFO - 2021-12-19 20:13:59 --> Session: Class initialized using 'CodeIgniter\Session\Handlers\FileHandler' driver.
INFO - 2021-12-19 20:14:03 --> Session: Class initialized using 'CodeIgniter\Session\Handlers\FileHandler' driver.
INFO - 2021-12-19 20:14:48 --> Session: Class initialized using 'CodeIgniter\Session\Handlers\FileHandler' driver.
INFO - 2021-12-19 20:14:57 --> Session: Class initialized using 'CodeIgniter\Session\Handlers\FileHandler' driver.
INFO - 2021-12-19 20:14:57 --> Session: Class initialized using 'CodeIgniter\Session\Handlers\FileHandler' driver.
CRITICAL - 2021-12-19 20:14:57 --> rename(./mymisdiagnosis/upload/1-1000101/126/field-post_thumb_temp.jpg,./mymisdiagnosis/upload/1-1000101/126/field-post_thumb.jpg): No such file or directory
#0 [internal function]: CodeIgniter\Debug\Exceptions->errorHandler(2, 'rename(./mymisd...', '/var/www/html/m...', 305, Array)
#1 /var/www/html/mymisdiagnosis/app/Controllers/Posteditor.php(305): rename('./mymisdiagnosi...', './mymisdiagnosi...')
#2 [internal function]: App\Controllers\Posteditor->rename_temp_filenames(Object(stdClass))
#3 /var/www/html/mymisdiagnosis/app/Libraries/GroceryCrud.php(1049): call_user_func(Array, Object(stdClass))
#4 /var/www/html/mymisdiagnosis/app/Libraries/GroceryCrud.php(4570): App\Libraries\grocery_CRUD_Model_Driver->db_update(Object(stdClass))
#5 /var/www/html/mymisdiagnosis/app/Controllers/Posteditor.php(129): App\Libraries\GroceryCrud->render()
#6 /var/www/html/mymisdiagnosis/system/CodeIgniter.php(936): App\Controllers\Posteditor->posts('update', '126')
#7 /var/www/html/mymisdiagnosis/system/CodeIgniter.php(432): CodeIgniter\CodeIgniter->runController(Object(App\Controllers\Posteditor))
#8 /var/www/html/mymisdiagnosis/system/CodeIgniter.php(333): CodeIgniter\CodeIgniter->handleRequest(NULL, Object(Config\Cache), false)
#9 /var/www/html/mymisdiagnosis/index.php(44): CodeIgniter\CodeIgniter->run()
#10 {main}
INFO - 2021-12-19 20:15:51 --> Session: Class initialized using 'CodeIgniter\Session\Handlers\FileHandler' driver.
INFO - 2021-12-19 20:15:51 --> Session: Class initialized using 'CodeIgniter\Session\Handlers\FileHandler' driver.
INFO - 2021-12-19 20:15:51 --> Session: Class initialized using 'CodeIgniter\Session\Handlers\FileHandler' driver.
INFO - 2021-12-19 20:18:01 --> Session: Class initialized using 'CodeIgniter\Session\Handlers\FileHandler' driver.
INFO - 2021-12-19 20:18:30 --> Session: Class initialized using 'CodeIgniter\Session\Handlers\FileHandler' driver.
INFO - 2021-12-19 20:18:31 --> Session: Class initialized using 'CodeIgniter\Session\Handlers\FileHandler' driver.
INFO - 2021-12-19 20:18:31 --> Session: Class initialized using 'CodeIgniter\Session\Handlers\FileHandler' driver.
INFO - 2021-12-19 20:18:37 --> Session: Class initialized using 'CodeIgniter\Session\Handlers\FileHandler' driver.
INFO - 2021-12-19 20:18:51 --> Session: Class initialized using 'CodeIgniter\Session\Handlers\FileHandler' driver.
INFO - 2021-12-19 20:18:51 --> Session: Class initialized using 'CodeIgniter\Session\Handlers\FileHandler' driver.
INFO - 2021-12-19 20:18:52 --> Session: Class initialized using 'CodeIgniter\Session\Handlers\FileHandler' driver.
INFO - 2021-12-19 20:19:20 --> Session: Class initialized using 'CodeIgniter\Session\Handlers\FileHandler' driver.
INFO - 2021-12-19 20:20:06 --> Session: Class initialized using 'CodeIgniter\Session\Handlers\FileHandler' driver.
INFO - 2021-12-19 20:21:24 --> Session: Class initialized using 'CodeIgniter\Session\Handlers\FileHandler' driver.
INFO - 2021-12-19 20:21:55 --> Session: Class initialized using 'CodeIgniter\Session\Handlers\FileHandler' driver.
INFO - 2021-12-19 20:21:56 --> Session: Class initialized using 'CodeIgniter\Session\Handlers\FileHandler' driver.
INFO - 2021-12-19 20:21:56 --> Session: Class initialized using 'CodeIgniter\Session\Handlers\FileHandler' driver.
INFO - 2021-12-19 20:33:09 --> Session: Class initialized using 'CodeIgniter\Session\Handlers\FileHandler' driver.
WARNING - 2021-12-19 20:33:09 --> Session: Sessions is enabled, and one exists.Please don't $session->start();
INFO - 2021-12-19 20:33:12 --> Session: Class initialized using 'CodeIgniter\Session\Handlers\FileHandler' driver.
WARNING - 2021-12-19 20:33:12 --> Session: Sessions is enabled, and one exists.Please don't $session->start();
INFO - 2021-12-19 20:36:53 --> Session: Class initialized using 'CodeIgniter\Session\Handlers\FileHandler' driver.
INFO - 2021-12-19 20:37:19 --> Session: Class initialized using 'CodeIgniter\Session\Handlers\FileHandler' driver.
INFO - 2021-12-19 20:37:19 --> Session: Class initialized using 'CodeIgniter\Session\Handlers\FileHandler' driver.
CRITICAL - 2021-12-19 20:37:19 --> rename(./mymisdiagnosis/upload/1-1000101/126/field-post_image_temp.jpg,./mymisdiagnosis/upload/1-1000101/126/field-post_image.jpg): No such file or directory
#0 [internal function]: CodeIgniter\Debug\Exceptions->errorHandler(2, 'rename(./mymisd...', '/var/www/html/m...', 249, Array)
#1 /var/www/html/mymisdiagnosis/app/Controllers/Posteditor.php(249): rename('./mymisdiagnosi...', './mymisdiagnosi...')
#2 [internal function]: App\Controllers\Posteditor->rename_temp_filenames(Object(stdClass))
#3 /var/www/html/mymisdiagnosis/app/Libraries/GroceryCrud.php(1049): call_user_func(Array, Object(stdClass))
#4 /var/www/html/mymisdiagnosis/app/Libraries/GroceryCrud.php(4570): App\Libraries\grocery_CRUD_Model_Driver->db_update(Object(stdClass))
#5 /var/www/html/mymisdiagnosis/app/Controllers/Posteditor.php(129): App\Libraries\GroceryCrud->render()
#6 /var/www/html/mymisdiagnosis/system/CodeIgniter.php(936): App\Controllers\Posteditor->posts('update', '126')
#7 /var/www/html/mymisdiagnosis/system/CodeIgniter.php(432): CodeIgniter\CodeIgniter->runController(Object(App\Controllers\Posteditor))
#8 /var/www/html/mymisdiagnosis/system/CodeIgniter.php(333): CodeIgniter\CodeIgniter->handleRequest(NULL, Object(Config\Cache), false)
#9 /var/www/html/mymisdiagnosis/index.php(44): CodeIgniter\CodeIgniter->run()
#10 {main}
INFO - 2021-12-19 20:38:25 --> Session: Class initialized using 'CodeIgniter\Session\Handlers\FileHandler' driver.
INFO - 2021-12-19 20:38:25 --> Session: Class initialized using 'CodeIgniter\Session\Handlers\FileHandler' driver.
CRITICAL - 2021-12-19 20:38:25 --> rename(./mymisdiagnosis/upload/1-1000101/126/field-post_thumb_temp.jpg,..//mymisdiagnosis/upload/1-1000101/126/field-post_thumb.jpg): No such file or directory
#0 [internal function]: CodeIgniter\Debug\Exceptions->errorHandler(2, 'rename(./mymisd...', '/var/www/html/m...', 305, Array)
#1 /var/www/html/mymisdiagnosis/app/Controllers/Posteditor.php(305): rename('./mymisdiagnosi...', '..//mymisdiagno...')
#2 [internal function]: App\Controllers\Posteditor->rename_temp_filenames(Object(stdClass))
#3 /var/www/html/mymisdiagnosis/app/Libraries/GroceryCrud.php(1049): call_user_func(Array, Object(stdClass))
#4 /var/www/html/mymisdiagnosis/app/Libraries/GroceryCrud.php(4570): App\Libraries\grocery_CRUD_Model_Driver->db_update(Object(stdClass))
#5 /var/www/html/mymisdiagnosis/app/Controllers/Posteditor.php(129): App\Libraries\GroceryCrud->render()
#6 /var/www/html/mymisdiagnosis/system/CodeIgniter.php(936): App\Controllers\Posteditor->posts('update', '126')
#7 /var/www/html/mymisdiagnosis/system/CodeIgniter.php(432): CodeIgniter\CodeIgniter->runController(Object(App\Controllers\Posteditor))
#8 /var/www/html/mymisdiagnosis/system/CodeIgniter.php(333): CodeIgniter\CodeIgniter->handleRequest(NULL, Object(Config\Cache), false)
#9 /var/www/html/mymisdiagnosis/index.php(44): CodeIgniter\CodeIgniter->run()
#10 {main}
INFO - 2021-12-19 20:38:29 --> Session: Class initialized using 'CodeIgniter\Session\Handlers\FileHandler' driver.
INFO - 2021-12-19 20:38:51 --> Session: Class initialized using 'CodeIgniter\Session\Handlers\FileHandler' driver.
INFO - 2021-12-19 20:38:51 --> Session: Class initialized using 'CodeIgniter\Session\Handlers\FileHandler' driver.
CRITICAL - 2021-12-19 20:38:51 --> rename(./mymisdiagnosis/upload/1-1000101/126/field-post_thumb_temp.jpg,..//mymisdiagnosis/upload/1-1000101/126/field-post_thumb.jpg): No such file or directory
#0 [internal function]: CodeIgniter\Debug\Exceptions->errorHandler(2, 'rename(./mymisd...', '/var/www/html/m...', 305, Array)
#1 /var/www/html/mymisdiagnosis/app/Controllers/Posteditor.php(305): rename('./mymisdiagnosi...', '..//mymisdiagno...')
#2 [internal function]: App\Controllers\Posteditor->rename_temp_filenames(Object(stdClass))
#3 /var/www/html/mymisdiagnosis/app/Libraries/GroceryCrud.php(1049): call_user_func(Array, Object(stdClass))
#4 /var/www/html/mymisdiagnosis/app/Libraries/GroceryCrud.php(4570): App\Libraries\grocery_CRUD_Model_Driver->db_update(Object(stdClass))
#5 /var/www/html/mymisdiagnosis/app/Controllers/Posteditor.php(129): App\Libraries\GroceryCrud->render()
#6 /var/www/html/mymisdiagnosis/system/CodeIgniter.php(936): App\Controllers\Posteditor->posts('update', '126')
#7 /var/www/html/mymisdiagnosis/system/CodeIgniter.php(432): CodeIgniter\CodeIgniter->runController(Object(App\Controllers\Posteditor))
#8 /var/www/html/mymisdiagnosis/system/CodeIgniter.php(333): CodeIgniter\CodeIgniter->handleRequest(NULL, Object(Config\Cache), false)
#9 /var/www/html/mymisdiagnosis/index.php(44): CodeIgniter\CodeIgniter->run()
#10 {main}
INFO - 2021-12-19 20:39:30 --> Session: Class initialized using 'CodeIgniter\Session\Handlers\FileHandler' driver.
INFO - 2021-12-19 20:39:47 --> Session: Class initialized using 'CodeIgniter\Session\Handlers\FileHandler' driver.
INFO - 2021-12-19 20:39:48 --> Session: Class initialized using 'CodeIgniter\Session\Handlers\FileHandler' driver.
INFO - 2021-12-19 20:39:48 --> Session: Class initialized using 'CodeIgniter\Session\Handlers\FileHandler' driver.
INFO - 2021-12-19 20:42:41 --> Session: Class initialized using 'CodeIgniter\Session\Handlers\FileHandler' driver.
INFO - 2021-12-19 20:46:25 --> Session: Class initialized using 'CodeIgniter\Session\Handlers\FileHandler' driver.
INFO - 2021-12-19 20:46:43 --> Session: Class initialized using 'CodeIgniter\Session\Handlers\FileHandler' driver.
INFO - 2021-12-19 20:46:44 --> Session: Class initialized using 'CodeIgniter\Session\Handlers\FileHandler' driver.
INFO - 2021-12-19 20:46:44 --> Session: Class initialized using 'CodeIgniter\Session\Handlers\FileHandler' driver.
INFO - 2021-12-19 20:50:29 --> Session: Class initialized using 'CodeIgniter\Session\Handlers\FileHandler' driver.
INFO - 2021-12-19 20:51:21 --> Session: Class initialized using 'CodeIgniter\Session\Handlers\FileHandler' driver.
INFO - 2021-12-19 20:51:21 --> Session: Class initialized using 'CodeIgniter\Session\Handlers\FileHandler' driver.
CRITICAL - 2021-12-19 20:51:21 --> Undefined variable: baseURL
#0 /var/www/html/mymisdiagnosis/app/Controllers/Posteditor.php(249): CodeIgniter\Debug\Exceptions->errorHandler(8, 'Undefined varia...', '/var/www/html/m...', 249, Array)
#1 [internal function]: App\Controllers\Posteditor->rename_temp_filenames(Object(stdClass))
#2 /var/www/html/mymisdiagnosis/app/Libraries/GroceryCrud.php(1049): call_user_func(Array, Object(stdClass))
#3 /var/www/html/mymisdiagnosis/app/Libraries/GroceryCrud.php(4570): App\Libraries\grocery_CRUD_Model_Driver->db_update(Object(stdClass))
#4 /var/www/html/mymisdiagnosis/app/Controllers/Posteditor.php(129): App\Libraries\GroceryCrud->render()
#5 /var/www/html/mymisdiagnosis/system/CodeIgniter.php(936): App\Controllers\Posteditor->posts('update', '126')
#6 /var/www/html/mymisdiagnosis/system/CodeIgniter.php(432): CodeIgniter\CodeIgniter->runController(Object(App\Controllers\Posteditor))
#7 /var/www/html/mymisdiagnosis/system/CodeIgniter.php(333): CodeIgniter\CodeIgniter->handleRequest(NULL, Object(Config\Cache), false)
#8 /var/www/html/mymisdiagnosis/index.php(44): CodeIgniter\CodeIgniter->run()
#9 {main}
INFO - 2021-12-19 20:53:26 --> Session: Class initialized using 'CodeIgniter\Session\Handlers\FileHandler' driver.
INFO - 2021-12-19 20:53:26 --> Session: Class initialized using 'CodeIgniter\Session\Handlers\FileHandler' driver.
CRITICAL - 2021-12-19 20:53:26 --> Undefined variable: baseURL
#0 /var/www/html/mymisdiagnosis/app/Controllers/Posteditor.php(249): CodeIgniter\Debug\Exceptions->errorHandler(8, 'Undefined varia...', '/var/www/html/m...', 249, Array)
#1 [internal function]: App\Controllers\Posteditor->rename_temp_filenames(Object(stdClass))
#2 /var/www/html/mymisdiagnosis/app/Libraries/GroceryCrud.php(1049): call_user_func(Array, Object(stdClass))
#3 /var/www/html/mymisdiagnosis/app/Libraries/GroceryCrud.php(4570): App\Libraries\grocery_CRUD_Model_Driver->db_update(Object(stdClass))
#4 /var/www/html/mymisdiagnosis/app/Controllers/Posteditor.php(129): App\Libraries\GroceryCrud->render()
#5 /var/www/html/mymisdiagnosis/system/CodeIgniter.php(936): App\Controllers\Posteditor->posts('update', '126')
#6 /var/www/html/mymisdiagnosis/system/CodeIgniter.php(432): CodeIgniter\CodeIgniter->runController(Object(App\Controllers\Posteditor))
#7 /var/www/html/mymisdiagnosis/system/CodeIgniter.php(333): CodeIgniter\CodeIgniter->handleRequest(NULL, Object(Config\Cache), false)
#8 /var/www/html/mymisdiagnosis/index.php(44): CodeIgniter\CodeIgniter->run()
#9 {main}
INFO - 2021-12-19 20:53:43 --> Session: Class initialized using 'CodeIgniter\Session\Handlers\FileHandler' driver.
INFO - 2021-12-19 20:53:43 --> Session: Class initialized using 'CodeIgniter\Session\Handlers\FileHandler' driver.
CRITICAL - 2021-12-19 20:53:43 --> Undefined variable: baseURL
#0 /var/www/html/mymisdiagnosis/app/Controllers/Posteditor.php(249): CodeIgniter\Debug\Exceptions->errorHandler(8, 'Undefined varia...', '/var/www/html/m...', 249, Array)
#1 [internal function]: App\Controllers\Posteditor->rename_temp_filenames(Object(stdClass))
#2 /var/www/html/mymisdiagnosis/app/Libraries/GroceryCrud.php(1049): call_user_func(Array, Object(stdClass))
#3 /var/www/html/mymisdiagnosis/app/Libraries/GroceryCrud.php(4570): App\Libraries\grocery_CRUD_Model_Driver->db_update(Object(stdClass))
#4 /var/www/html/mymisdiagnosis/app/Controllers/Posteditor.php(129): App\Libraries\GroceryCrud->render()
#5 /var/www/html/mymisdiagnosis/system/CodeIgniter.php(936): App\Controllers\Posteditor->posts('update', '126')
#6 /var/www/html/mymisdiagnosis/system/CodeIgniter.php(432): CodeIgniter\CodeIgniter->runController(Object(App\Controllers\Posteditor))
#7 /var/www/html/mymisdiagnosis/system/CodeIgniter.php(333): CodeIgniter\CodeIgniter->handleRequest(NULL, Object(Config\Cache), false)
#8 /var/www/html/mymisdiagnosis/index.php(44): CodeIgniter\CodeIgniter->run()
#9 {main}
INFO - 2021-12-19 20:54:43 --> Session: Class initialized using 'CodeIgniter\Session\Handlers\FileHandler' driver.
INFO - 2021-12-19 20:54:43 --> Session: Class initialized using 'CodeIgniter\Session\Handlers\FileHandler' driver.
INFO - 2021-12-19 20:54:43 --> Session: Class initialized using 'CodeIgniter\Session\Handlers\FileHandler' driver.
INFO - 2021-12-19 20:54:46 --> Session: Class initialized using 'CodeIgniter\Session\Handlers\FileHandler' driver.
INFO - 2021-12-19 20:55:15 --> Session: Class initialized using 'CodeIgniter\Session\Handlers\FileHandler' driver.
INFO - 2021-12-19 20:55:15 --> Session: Class initialized using 'CodeIgniter\Session\Handlers\FileHandler' driver.
INFO - 2021-12-19 20:55:16 --> Session: Class initialized using 'CodeIgniter\Session\Handlers\FileHandler' driver.
INFO - 2021-12-19 21:01:47 --> Session: Class initialized using 'CodeIgniter\Session\Handlers\FileHandler' driver.
INFO - 2021-12-19 21:01:48 --> Session: Class initialized using 'CodeIgniter\Session\Handlers\FileHandler' driver.
INFO - 2021-12-19 21:01:48 --> Session: Class initialized using 'CodeIgniter\Session\Handlers\FileHandler' driver.
INFO - 2021-12-19 21:02:54 --> Session: Class initialized using 'CodeIgniter\Session\Handlers\FileHandler' driver.
INFO - 2021-12-19 21:02:56 --> Session: Class initialized using 'CodeIgniter\Session\Handlers\FileHandler' driver.
INFO - 2021-12-19 21:02:56 --> Session: Class initialized using 'CodeIgniter\Session\Handlers\FileHandler' driver.
INFO - 2021-12-19 21:03:18 --> Session: Class initialized using 'CodeIgniter\Session\Handlers\FileHandler' driver.
INFO - 2021-12-19 21:03:18 --> Session: Class initialized using 'CodeIgniter\Session\Handlers\FileHandler' driver.
INFO - 2021-12-19 21:03:18 --> Session: Class initialized using 'CodeIgniter\Session\Handlers\FileHandler' driver.
INFO - 2021-12-19 21:03:24 --> Session: Class initialized using 'CodeIgniter\Session\Handlers\FileHandler' driver.
INFO - 2021-12-19 21:03:24 --> Session: Class initialized using 'CodeIgniter\Session\Handlers\FileHandler' driver.
INFO - 2021-12-19 21:03:42 --> Session: Class initialized using 'CodeIgniter\Session\Handlers\FileHandler' driver.
INFO - 2021-12-19 21:03:42 --> Session: Class initialized using 'CodeIgniter\Session\Handlers\FileHandler' driver.
INFO - 2021-12-19 21:03:42 --> Session: Class initialized using 'CodeIgniter\Session\Handlers\FileHandler' driver.
INFO - 2021-12-19 21:03:48 --> Session: Class initialized using 'CodeIgniter\Session\Handlers\FileHandler' driver.
INFO - 2021-12-19 21:04:50 --> Session: Class initialized using 'CodeIgniter\Session\Handlers\FileHandler' driver.
INFO - 2021-12-19 21:04:50 --> Session: Class initialized using 'CodeIgniter\Session\Handlers\FileHandler' driver.
INFO - 2021-12-19 21:04:50 --> Session: Class initialized using 'CodeIgniter\Session\Handlers\FileHandler' driver.
INFO - 2021-12-19 21:05:01 --> Session: Class initialized using 'CodeIgniter\Session\Handlers\FileHandler' driver.
INFO - 2021-12-19 21:05:01 --> Session: Class initialized using 'CodeIgniter\Session\Handlers\FileHandler' driver.
INFO - 2021-12-19 21:05:01 --> Session: Class initialized using 'CodeIgniter\Session\Handlers\FileHandler' driver.
INFO - 2021-12-19 21:05:07 --> Session: Class initialized using 'CodeIgniter\Session\Handlers\FileHandler' driver.
INFO - 2021-12-19 21:05:07 --> Session: Class initialized using 'CodeIgniter\Session\Handlers\FileHandler' driver.
INFO - 2021-12-19 21:07:07 --> Session: Class initialized using 'CodeIgniter\Session\Handlers\FileHandler' driver.
INFO - 2021-12-19 21:07:08 --> Session: Class initialized using 'CodeIgniter\Session\Handlers\FileHandler' driver.
INFO - 2021-12-19 21:07:14 --> Session: Class initialized using 'CodeIgniter\Session\Handlers\FileHandler' driver.
INFO - 2021-12-19 21:07:51 --> Session: Class initialized using 'CodeIgniter\Session\Handlers\FileHandler' driver.
INFO - 2021-12-19 21:07:51 --> Session: Class initialized using 'CodeIgniter\Session\Handlers\FileHandler' driver.
INFO - 2021-12-19 21:08:08 --> Session: Class initialized using 'CodeIgniter\Session\Handlers\FileHandler' driver.
INFO - 2021-12-19 21:08:08 --> Session: Class initialized using 'CodeIgniter\Session\Handlers\FileHandler' driver.
CRITICAL - 2021-12-19 21:08:08 --> rename(./mymisdiagnosis/upload/1-1000101/127/field-post_thumb_temp.gif,./mymisdiagnosis/upload/1-1000101/127/field-post_thumb.gif): No such file or directory
#0 [internal function]: CodeIgniter\Debug\Exceptions->errorHandler(2, 'rename(./mymisd...', '/var/www/html/m...', 305, Array)
#1 /var/www/html/mymisdiagnosis/app/Controllers/Posteditor.php(305): rename('./mymisdiagnosi...', './mymisdiagnosi...')
#2 [internal function]: App\Controllers\Posteditor->rename_temp_filenames(Object(stdClass))
#3 /var/www/html/mymisdiagnosis/app/Libraries/GroceryCrud.php(1049): call_user_func(Array, Object(stdClass))
#4 /var/www/html/mymisdiagnosis/app/Libraries/GroceryCrud.php(4570): App\Libraries\grocery_CRUD_Model_Driver->db_update(Object(stdClass))
#5 /var/www/html/mymisdiagnosis/app/Controllers/Posteditor.php(129): App\Libraries\GroceryCrud->render()
#6 /var/www/html/mymisdiagnosis/system/CodeIgniter.php(936): App\Controllers\Posteditor->posts('update', '127')
#7 /var/www/html/mymisdiagnosis/system/CodeIgniter.php(432): CodeIgniter\CodeIgniter->runController(Object(App\Controllers\Posteditor))
#8 /var/www/html/mymisdiagnosis/system/CodeIgniter.php(333): CodeIgniter\CodeIgniter->handleRequest(NULL, Object(Config\Cache), false)
#9 /var/www/html/mymisdiagnosis/index.php(44): CodeIgniter\CodeIgniter->run()
#10 {main}
INFO - 2021-12-19 21:08:57 --> Session: Class initialized using 'CodeIgniter\Session\Handlers\FileHandler' driver.
INFO - 2021-12-19 21:08:58 --> Session: Class initialized using 'CodeIgniter\Session\Handlers\FileHandler' driver.
INFO - 2021-12-19 21:09:10 --> Session: Class initialized using 'CodeIgniter\Session\Handlers\FileHandler' driver.
INFO - 2021-12-19 21:09:54 --> Session: Class initialized using 'CodeIgniter\Session\Handlers\FileHandler' driver.
INFO - 2021-12-19 21:09:55 --> Session: Class initialized using 'CodeIgniter\Session\Handlers\FileHandler' driver.
INFO - 2021-12-19 21:10:02 --> Session: Class initialized using 'CodeIgniter\Session\Handlers\FileHandler' driver.
INFO - 2021-12-19 21:10:26 --> Session: Class initialized using 'CodeIgniter\Session\Handlers\FileHandler' driver.
INFO - 2021-12-19 21:10:27 --> Session: Class initialized using 'CodeIgniter\Session\Handlers\FileHandler' driver.
INFO - 2021-12-19 21:10:36 --> Session: Class initialized using 'CodeIgniter\Session\Handlers\FileHandler' driver.
INFO - 2021-12-19 21:10:36 --> Session: Class initialized using 'CodeIgniter\Session\Handlers\FileHandler' driver.
CRITICAL - 2021-12-19 21:10:36 --> rename(./mymisdiagnosis/upload/1-1000101/127/field-post_thumb_temp.jpg,./mymisdiagnosis/upload/1-1000101/127/field-post_thumb.jpg): No such file or directory
#0 [internal function]: CodeIgniter\Debug\Exceptions->errorHandler(2, 'rename(./mymisd...', '/var/www/html/m...', 305, Array)
#1 /var/www/html/mymisdiagnosis/app/Controllers/Posteditor.php(305): rename('./mymisdiagnosi...', './mymisdiagnosi...')
#2 [internal function]: App\Controllers\Posteditor->rename_temp_filenames(Object(stdClass))
#3 /var/www/html/mymisdiagnosis/app/Libraries/GroceryCrud.php(1049): call_user_func(Array, Object(stdClass))
#4 /var/www/html/mymisdiagnosis/app/Libraries/GroceryCrud.php(4570): App\Libraries\grocery_CRUD_Model_Driver->db_update(Object(stdClass))
#5 /var/www/html/mymisdiagnosis/app/Controllers/Posteditor.php(129): App\Libraries\GroceryCrud->render()
#6 /var/www/html/mymisdiagnosis/system/CodeIgniter.php(936): App\Controllers\Posteditor->posts('update', '127')
#7 /var/www/html/mymisdiagnosis/system/CodeIgniter.php(432): CodeIgniter\CodeIgniter->runController(Object(App\Controllers\Posteditor))
#8 /var/www/html/mymisdiagnosis/system/CodeIgniter.php(333): CodeIgniter\CodeIgniter->handleRequest(NULL, Object(Config\Cache), false)
#9 /var/www/html/mymisdiagnosis/index.php(44): CodeIgniter\CodeIgniter->run()
#10 {main}
INFO - 2021-12-19 21:11:16 --> Session: Class initialized using 'CodeIgniter\Session\Handlers\FileHandler' driver.
INFO - 2021-12-19 21:11:17 --> Session: Class initialized using 'CodeIgniter\Session\Handlers\FileHandler' driver.
INFO - 2021-12-19 21:11:29 --> Session: Class initialized using 'CodeIgniter\Session\Handlers\FileHandler' driver.
INFO - 2021-12-19 21:11:29 --> Session: Class initialized using 'CodeIgniter\Session\Handlers\FileHandler' driver.
INFO - 2021-12-19 21:11:29 --> Session: Class initialized using 'CodeIgniter\Session\Handlers\FileHandler' driver.
INFO - 2021-12-19 21:11:32 --> Session: Class initialized using 'CodeIgniter\Session\Handlers\FileHandler' driver.
INFO - 2021-12-19 21:11:43 --> Session: Class initialized using 'CodeIgniter\Session\Handlers\FileHandler' driver.
INFO - 2021-12-19 21:11:43 --> Session: Class initialized using 'CodeIgniter\Session\Handlers\FileHandler' driver.
INFO - 2021-12-19 21:11:54 --> Session: Class initialized using 'CodeIgniter\Session\Handlers\FileHandler' driver.
INFO - 2021-12-19 21:11:54 --> Session: Class initialized using 'CodeIgniter\Session\Handlers\FileHandler' driver.
INFO - 2021-12-19 21:11:55 --> Session: Class initialized using 'CodeIgniter\Session\Handlers\FileHandler' driver.
INFO - 2021-12-19 21:11:58 --> Session: Class initialized using 'CodeIgniter\Session\Handlers\FileHandler' driver.
INFO - 2021-12-19 21:12:11 --> Session: Class initialized using 'CodeIgniter\Session\Handlers\FileHandler' driver.
INFO - 2021-12-19 21:12:11 --> Session: Class initialized using 'CodeIgniter\Session\Handlers\FileHandler' driver.
INFO - 2021-12-19 21:12:12 --> Session: Class initialized using 'CodeIgniter\Session\Handlers\FileHandler' driver.
INFO - 2021-12-19 21:12:13 --> Session: Class initialized using 'CodeIgniter\Session\Handlers\FileHandler' driver.
INFO - 2021-12-19 21:12:13 --> Session: Class initialized using 'CodeIgniter\Session\Handlers\FileHandler' driver.
INFO - 2021-12-19 21:13:16 --> Session: Class initialized using 'CodeIgniter\Session\Handlers\FileHandler' driver.
INFO - 2021-12-19 21:13:17 --> Session: Class initialized using 'CodeIgniter\Session\Handlers\FileHandler' driver.
INFO - 2021-12-19 21:13:17 --> Session: Class initialized using 'CodeIgniter\Session\Handlers\FileHandler' driver.
INFO - 2021-12-19 21:13:33 --> Session: Class initialized using 'CodeIgniter\Session\Handlers\FileHandler' driver.
INFO - 2021-12-19 21:13:33 --> Session: Class initialized using 'CodeIgniter\Session\Handlers\FileHandler' driver.
INFO - 2021-12-19 21:13:33 --> Session: Class initialized using 'CodeIgniter\Session\Handlers\FileHandler' driver.
INFO - 2021-12-19 21:14:09 --> Session: Class initialized using 'CodeIgniter\Session\Handlers\FileHandler' driver.
INFO - 2021-12-19 21:14:10 --> Session: Class initialized using 'CodeIgniter\Session\Handlers\FileHandler' driver.
INFO - 2021-12-19 21:16:28 --> Session: Class initialized using 'CodeIgniter\Session\Handlers\FileHandler' driver.
INFO - 2021-12-19 21:16:29 --> Session: Class initialized using 'CodeIgniter\Session\Handlers\FileHandler' driver.
INFO - 2021-12-19 21:16:30 --> Session: Class initialized using 'CodeIgniter\Session\Handlers\FileHandler' driver.
INFO - 2021-12-19 21:16:31 --> Session: Class initialized using 'CodeIgniter\Session\Handlers\FileHandler' driver.
INFO - 2021-12-19 21:16:31 --> Session: Class initialized using 'CodeIgniter\Session\Handlers\FileHandler' driver.
INFO - 2021-12-19 21:16:55 --> Session: Class initialized using 'CodeIgniter\Session\Handlers\FileHandler' driver.
INFO - 2021-12-19 21:16:55 --> Session: Class initialized using 'CodeIgniter\Session\Handlers\FileHandler' driver.
INFO - 2021-12-19 21:16:55 --> Session: Class initialized using 'CodeIgniter\Session\Handlers\FileHandler' driver.
INFO - 2021-12-19 21:17:12 --> Session: Class initialized using 'CodeIgniter\Session\Handlers\FileHandler' driver.
INFO - 2021-12-19 21:17:12 --> Session: Class initialized using 'CodeIgniter\Session\Handlers\FileHandler' driver.
INFO - 2021-12-19 21:17:12 --> Session: Class initialized using 'CodeIgniter\Session\Handlers\FileHandler' driver.
INFO - 2021-12-19 21:17:55 --> Session: Class initialized using 'CodeIgniter\Session\Handlers\FileHandler' driver.
INFO - 2021-12-19 21:17:56 --> Session: Class initialized using 'CodeIgniter\Session\Handlers\FileHandler' driver.
INFO - 2021-12-19 21:17:56 --> Session: Class initialized using 'CodeIgniter\Session\Handlers\FileHandler' driver.
INFO - 2021-12-19 21:18:51 --> Session: Class initialized using 'CodeIgniter\Session\Handlers\FileHandler' driver.
INFO - 2021-12-19 21:18:52 --> Session: Class initialized using 'CodeIgniter\Session\Handlers\FileHandler' driver.
INFO - 2021-12-19 21:18:52 --> Session: Class initialized using 'CodeIgniter\Session\Handlers\FileHandler' driver.
INFO - 2021-12-19 21:19:02 --> Session: Class initialized using 'CodeIgniter\Session\Handlers\FileHandler' driver.
INFO - 2021-12-19 21:19:02 --> Session: Class initialized using 'CodeIgniter\Session\Handlers\FileHandler' driver.
INFO - 2021-12-19 21:19:02 --> Session: Class initialized using 'CodeIgniter\Session\Handlers\FileHandler' driver.
INFO - 2021-12-19 21:20:24 --> Session: Class initialized using 'CodeIgniter\Session\Handlers\FileHandler' driver.
INFO - 2021-12-19 21:20:24 --> Session: Class initialized using 'CodeIgniter\Session\Handlers\FileHandler' driver.
INFO - 2021-12-19 21:20:25 --> Session: Class initialized using 'CodeIgniter\Session\Handlers\FileHandler' driver.
INFO - 2021-12-19 21:20:51 --> Session: Class initialized using 'CodeIgniter\Session\Handlers\FileHandler' driver.
INFO - 2021-12-19 21:20:51 --> Session: Class initialized using 'CodeIgniter\Session\Handlers\FileHandler' driver.
INFO - 2021-12-19 21:20:51 --> Session: Class initialized using 'CodeIgniter\Session\Handlers\FileHandler' driver.
INFO - 2021-12-19 22:05:26 --> Session: Class initialized using 'CodeIgniter\Session\Handlers\FileHandler' driver.
INFO - 2021-12-19 22:05:27 --> Session: Class initialized using 'CodeIgniter\Session\Handlers\FileHandler' driver.
INFO - 2021-12-19 22:05:27 --> Session: Class initialized using 'CodeIgniter\Session\Handlers\FileHandler' driver.
INFO - 2021-12-19 22:05:44 --> Session: Class initialized using 'CodeIgniter\Session\Handlers\FileHandler' driver.
INFO - 2021-12-19 22:05:45 --> Session: Class initialized using 'CodeIgniter\Session\Handlers\FileHandler' driver.
INFO - 2021-12-19 22:05:45 --> Session: Class initialized using 'CodeIgniter\Session\Handlers\FileHandler' driver.
INFO - 2021-12-19 22:05:54 --> Session: Class initialized using 'CodeIgniter\Session\Handlers\FileHandler' driver.
INFO - 2021-12-19 22:05:54 --> Session: Class initialized using 'CodeIgniter\Session\Handlers\FileHandler' driver.
INFO - 2021-12-19 22:06:23 --> Session: Class initialized using 'CodeIgniter\Session\Handlers\FileHandler' driver.
INFO - 2021-12-19 22:07:21 --> Session: Class initialized using 'CodeIgniter\Session\Handlers\FileHandler' driver.
INFO - 2021-12-19 22:07:22 --> Session: Class initialized using 'CodeIgniter\Session\Handlers\FileHandler' driver.
INFO - 2021-12-19 22:07:32 --> Session: Class initialized using 'CodeIgniter\Session\Handlers\FileHandler' driver.
INFO - 2021-12-19 22:07:32 --> Session: Class initialized using 'CodeIgniter\Session\Handlers\FileHandler' driver.
INFO - 2021-12-19 22:07:32 --> Session: Class initialized using 'CodeIgniter\Session\Handlers\FileHandler' driver.
INFO - 2021-12-19 22:12:05 --> Session: Class initialized using 'CodeIgniter\Session\Handlers\FileHandler' driver.
INFO - 2021-12-19 22:12:06 --> Session: Class initialized using 'CodeIgniter\Session\Handlers\FileHandler' driver.
INFO - 2021-12-19 22:12:06 --> Session: Class initialized using 'CodeIgniter\Session\Handlers\FileHandler' driver.
INFO - 2021-12-19 22:12:13 --> Session: Class initialized using 'CodeIgniter\Session\Handlers\FileHandler' driver.
INFO - 2021-12-19 22:13:37 --> Session: Class initialized using 'CodeIgniter\Session\Handlers\FileHandler' driver.
INFO - 2021-12-19 22:13:37 --> Session: Class initialized using 'CodeIgniter\Session\Handlers\FileHandler' driver.
INFO - 2021-12-19 22:13:39 --> Session: Class initialized using 'CodeIgniter\Session\Handlers\FileHandler' driver.
INFO - 2021-12-19 22:13:39 --> Session: Class initialized using 'CodeIgniter\Session\Handlers\FileHandler' driver.
INFO - 2021-12-19 22:13:39 --> Session: Class initialized using 'CodeIgniter\Session\Handlers\FileHandler' driver.
INFO - 2021-12-19 22:14:07 --> Session: Class initialized using 'CodeIgniter\Session\Handlers\FileHandler' driver.
INFO - 2021-12-19 22:14:07 --> Session: Class initialized using 'CodeIgniter\Session\Handlers\FileHandler' driver.
CRITICAL - 2021-12-19 22:14:07 --> Undefined variable: baseURL
#0 /var/www/html/mymisdiagnosis/app/Controllers/Posteditor.php(360): CodeIgniter\Debug\Exceptions->errorHandler(8, 'Undefined varia...', '/var/www/html/m...', 360, Array)
#1 [internal function]: App\Controllers\Posteditor->rename_temp_folder(Object(stdClass))
#2 /var/www/html/mymisdiagnosis/app/Libraries/GroceryCrud.php(990): call_user_func(Array, Object(stdClass))
#3 /var/www/html/mymisdiagnosis/app/Libraries/GroceryCrud.php(4557): App\Libraries\grocery_CRUD_Model_Driver->db_insert(Object(stdClass))
#4 /var/www/html/mymisdiagnosis/app/Controllers/Posteditor.php(129): App\Libraries\GroceryCrud->render()
#5 /var/www/html/mymisdiagnosis/system/CodeIgniter.php(936): App\Controllers\Posteditor->posts('insert')
#6 /var/www/html/mymisdiagnosis/system/CodeIgniter.php(432): CodeIgniter\CodeIgniter->runController(Object(App\Controllers\Posteditor))
#7 /var/www/html/mymisdiagnosis/system/CodeIgniter.php(333): CodeIgniter\CodeIgniter->handleRequest(NULL, Object(Config\Cache), false)
#8 /var/www/html/mymisdiagnosis/index.php(44): CodeIgniter\CodeIgniter->run()
#9 {main}
INFO - 2021-12-19 22:16:40 --> Session: Class initialized using 'CodeIgniter\Session\Handlers\FileHandler' driver.
INFO - 2021-12-19 22:16:40 --> Session: Class initialized using 'CodeIgniter\Session\Handlers\FileHandler' driver.
INFO - 2021-12-19 22:16:41 --> Session: Class initialized using 'CodeIgniter\Session\Handlers\FileHandler' driver.
INFO - 2021-12-19 22:16:55 --> Session: Class initialized using 'CodeIgniter\Session\Handlers\FileHandler' driver.
INFO - 2021-12-19 22:16:55 --> Session: Class initialized using 'CodeIgniter\Session\Handlers\FileHandler' driver.
INFO - 2021-12-19 22:16:55 --> Session: Class initialized using 'CodeIgniter\Session\Handlers\FileHandler' driver.
INFO - 2021-12-19 22:17:19 --> Session: Class initialized using 'CodeIgniter\Session\Handlers\FileHandler' driver.
INFO - 2021-12-19 22:17:25 --> Session: Class initialized using 'CodeIgniter\Session\Handlers\FileHandler' driver.
INFO - 2021-12-19 22:17:25 --> Session: Class initialized using 'CodeIgniter\Session\Handlers\FileHandler' driver.
INFO - 2021-12-19 22:17:39 --> Session: Class initialized using 'CodeIgniter\Session\Handlers\FileHandler' driver.
INFO - 2021-12-19 22:17:39 --> Session: Class initialized using 'CodeIgniter\Session\Handlers\FileHandler' driver.
INFO - 2021-12-19 22:17:40 --> Session: Class initialized using 'CodeIgniter\Session\Handlers\FileHandler' driver.
INFO - 2021-12-19 22:17:40 --> Session: Class initialized using 'CodeIgniter\Session\Handlers\FileHandler' driver.
INFO - 2021-12-19 22:18:22 --> Session: Class initialized using 'CodeIgniter\Session\Handlers\FileHandler' driver.
INFO - 2021-12-19 22:18:22 --> Session: Class initialized using 'CodeIgniter\Session\Handlers\FileHandler' driver.
INFO - 2021-12-19 22:18:23 --> Session: Class initialized using 'CodeIgniter\Session\Handlers\FileHandler' driver.
INFO - 2021-12-19 22:18:42 --> Session: Class initialized using 'CodeIgniter\Session\Handlers\FileHandler' driver.
INFO - 2021-12-19 22:18:42 --> Session: Class initialized using 'CodeIgniter\Session\Handlers\FileHandler' driver.
INFO - 2021-12-19 22:18:42 --> Session: Class initialized using 'CodeIgniter\Session\Handlers\FileHandler' driver.
INFO - 2021-12-19 22:20:09 --> Session: Class initialized using 'CodeIgniter\Session\Handlers\FileHandler' driver.
INFO - 2021-12-19 22:20:10 --> Session: Class initialized using 'CodeIgniter\Session\Handlers\FileHandler' driver.
INFO - 2021-12-19 22:20:10 --> Session: Class initialized using 'CodeIgniter\Session\Handlers\FileHandler' driver.
INFO - 2021-12-19 22:20:33 --> Session: Class initialized using 'CodeIgniter\Session\Handlers\FileHandler' driver.
INFO - 2021-12-19 22:20:33 --> Session: Class initialized using 'CodeIgniter\Session\Handlers\FileHandler' driver.
INFO - 2021-12-19 22:20:33 --> Session: Class initialized using 'CodeIgniter\Session\Handlers\FileHandler' driver.
INFO - 2021-12-19 22:20:39 --> Session: Class initialized using 'CodeIgniter\Session\Handlers\FileHandler' driver.
INFO - 2021-12-19 22:20:43 --> Session: Class initialized using 'CodeIgniter\Session\Handlers\FileHandler' driver.
INFO - 2021-12-19 22:20:53 --> Session: Class initialized using 'CodeIgniter\Session\Handlers\FileHandler' driver.
INFO - 2021-12-19 22:20:53 --> Session: Class initialized using 'CodeIgniter\Session\Handlers\FileHandler' driver.
INFO - 2021-12-19 22:20:53 --> Session: Class initialized using 'CodeIgniter\Session\Handlers\FileHandler' driver.
INFO - 2021-12-19 22:20:54 --> Session: Class initialized using 'CodeIgniter\Session\Handlers\FileHandler' driver.
INFO - 2021-12-19 22:21:12 --> Session: Class initialized using 'CodeIgniter\Session\Handlers\FileHandler' driver.
INFO - 2021-12-19 22:23:18 --> Session: Class initialized using 'CodeIgniter\Session\Handlers\FileHandler' driver.
INFO - 2021-12-19 22:23:25 --> Session: Class initialized using 'CodeIgniter\Session\Handlers\FileHandler' driver.
INFO - 2021-12-19 22:23:26 --> Session: Class initialized using 'CodeIgniter\Session\Handlers\FileHandler' driver.
INFO - 2021-12-19 22:23:48 --> Session: Class initialized using 'CodeIgniter\Session\Handlers\FileHandler' driver.
INFO - 2021-12-19 22:23:55 --> Session: Class initialized using 'CodeIgniter\Session\Handlers\FileHandler' driver.
INFO - 2021-12-19 22:24:11 --> Session: Class initialized using 'CodeIgniter\Session\Handlers\FileHandler' driver.
INFO - 2021-12-19 22:24:24 --> Session: Class initialized using 'CodeIgniter\Session\Handlers\FileHandler' driver.
INFO - 2021-12-19 22:24:24 --> Session: Class initialized using 'CodeIgniter\Session\Handlers\FileHandler' driver.
INFO - 2021-12-19 22:24:24 --> Session: Class initialized using 'CodeIgniter\Session\Handlers\FileHandler' driver.
INFO - 2021-12-19 22:24:24 --> Session: Class initialized using 'CodeIgniter\Session\Handlers\FileHandler' driver.
INFO - 2021-12-19 22:24:28 --> Session: Class initialized using 'CodeIgniter\Session\Handlers\FileHandler' driver.
INFO - 2021-12-19 22:24:38 --> Session: Class initialized using 'CodeIgniter\Session\Handlers\FileHandler' driver.
INFO - 2021-12-19 22:24:38 --> Session: Class initialized using 'CodeIgniter\Session\Handlers\FileHandler' driver.
INFO - 2021-12-19 22:24:41 --> Session: Class initialized using 'CodeIgniter\Session\Handlers\FileHandler' driver.
INFO - 2021-12-19 22:24:42 --> Session: Class initialized using 'CodeIgniter\Session\Handlers\FileHandler' driver.
INFO - 2021-12-19 22:24:42 --> Session: Class initialized using 'CodeIgniter\Session\Handlers\FileHandler' driver.
INFO - 2021-12-19 22:27:21 --> Session: Class initialized using 'CodeIgniter\Session\Handlers\FileHandler' driver.
INFO - 2021-12-19 22:27:22 --> Session: Class initialized using 'CodeIgniter\Session\Handlers\FileHandler' driver.
INFO - 2021-12-19 22:27:22 --> Session: Class initialized using 'CodeIgniter\Session\Handlers\FileHandler' driver.
INFO - 2021-12-19 22:27:35 --> Session: Class initialized using 'CodeIgniter\Session\Handlers\FileHandler' driver.
INFO - 2021-12-19 22:27:35 --> Session: Class initialized using 'CodeIgniter\Session\Handlers\FileHandler' driver.
INFO - 2021-12-19 22:27:35 --> Session: Class initialized using 'CodeIgniter\Session\Handlers\FileHandler' driver.
INFO - 2021-12-19 22:28:40 --> Session: Class initialized using 'CodeIgniter\Session\Handlers\FileHandler' driver.
INFO - 2021-12-19 22:28:41 --> Session: Class initialized using 'CodeIgniter\Session\Handlers\FileHandler' driver.
INFO - 2021-12-19 22:28:41 --> Session: Class initialized using 'CodeIgniter\Session\Handlers\FileHandler' driver.
INFO - 2021-12-19 22:28:50 --> Session: Class initialized using 'CodeIgniter\Session\Handlers\FileHandler' driver.
INFO - 2021-12-19 22:28:50 --> Session: Class initialized using 'CodeIgniter\Session\Handlers\FileHandler' driver.
INFO - 2021-12-19 22:28:50 --> Session: Class initialized using 'CodeIgniter\Session\Handlers\FileHandler' driver.
INFO - 2021-12-19 22:32:20 --> Session: Class initialized using 'CodeIgniter\Session\Handlers\FileHandler' driver.
INFO - 2021-12-19 22:32:21 --> Session: Class initialized using 'CodeIgniter\Session\Handlers\FileHandler' driver.
INFO - 2021-12-19 22:32:22 --> Session: Class initialized using 'CodeIgniter\Session\Handlers\FileHandler' driver.
INFO - 2021-12-19 22:32:41 --> Session: Class initialized using 'CodeIgniter\Session\Handlers\FileHandler' driver.
INFO - 2021-12-19 22:32:42 --> Session: Class initialized using 'CodeIgniter\Session\Handlers\FileHandler' driver.
INFO - 2021-12-19 22:32:42 --> Session: Class initialized using 'CodeIgniter\Session\Handlers\FileHandler' driver.
INFO - 2021-12-19 22:32:55 --> Session: Class initialized using 'CodeIgniter\Session\Handlers\FileHandler' driver.
INFO - 2021-12-19 22:32:56 --> Session: Class initialized using 'CodeIgniter\Session\Handlers\FileHandler' driver.
INFO - 2021-12-19 22:32:56 --> Session: Class initialized using 'CodeIgniter\Session\Handlers\FileHandler' driver.
INFO - 2021-12-19 22:36:10 --> Session: Class initialized using 'CodeIgniter\Session\Handlers\FileHandler' driver.
INFO - 2021-12-19 22:36:11 --> Session: Class initialized using 'CodeIgniter\Session\Handlers\FileHandler' driver.
INFO - 2021-12-19 22:36:11 --> Session: Class initialized using 'CodeIgniter\Session\Handlers\FileHandler' driver.
INFO - 2021-12-19 22:36:38 --> Session: Class initialized using 'CodeIgniter\Session\Handlers\FileHandler' driver.
INFO - 2021-12-19 22:36:38 --> Session: Class initialized using 'CodeIgniter\Session\Handlers\FileHandler' driver.
INFO - 2021-12-19 22:36:38 --> Session: Class initialized using 'CodeIgniter\Session\Handlers\FileHandler' driver.
INFO - 2021-12-19 22:37:06 --> Session: Class initialized using 'CodeIgniter\Session\Handlers\FileHandler' driver.
INFO - 2021-12-19 22:37:06 --> Session: Class initialized using 'CodeIgniter\Session\Handlers\FileHandler' driver.
INFO - 2021-12-19 22:37:07 --> Session: Class initialized using 'CodeIgniter\Session\Handlers\FileHandler' driver.
INFO - 2021-12-19 22:38:52 --> Session: Class initialized using 'CodeIgniter\Session\Handlers\FileHandler' driver.
INFO - 2021-12-19 22:38:52 --> Session: Class initialized using 'CodeIgniter\Session\Handlers\FileHandler' driver.
INFO - 2021-12-19 22:38:53 --> Session: Class initialized using 'CodeIgniter\Session\Handlers\FileHandler' driver.
INFO - 2021-12-19 22:46:46 --> Session: Class initialized using 'CodeIgniter\Session\Handlers\FileHandler' driver.
INFO - 2021-12-19 22:46:47 --> Session: Class initialized using 'CodeIgniter\Session\Handlers\FileHandler' driver.
INFO - 2021-12-19 22:46:47 --> Session: Class initialized using 'CodeIgniter\Session\Handlers\FileHandler' driver.
INFO - 2021-12-19 22:47:01 --> Session: Class initialized using 'CodeIgniter\Session\Handlers\FileHandler' driver.
INFO - 2021-12-19 22:47:02 --> Session: Class initialized using 'CodeIgniter\Session\Handlers\FileHandler' driver.
CRITICAL - 2021-12-19 22:47:02 --> rename(/var/www/html/mymisdiagnosis//mymisdiagnosis/upload/1-1000101/temp_card_folder/field-post_thumb_temp.jpg,/var/www/html/mymisdiagnosis//mymisdiagnosis/upload/1-1000101/temp_card_folder/field-post_thumb.jpg): No such file or directory
#0 [internal function]: CodeIgniter\Debug\Exceptions->errorHandler(2, 'rename(/var/www...', '/var/www/html/m...', 305, Array)
#1 /var/www/html/mymisdiagnosis/app/Controllers/Posteditor.php(305): rename('/var/www/html/m...', '/var/www/html/m...')
#2 [internal function]: App\Controllers\Posteditor->rename_temp_filenames(Object(stdClass))
#3 /var/www/html/mymisdiagnosis/app/Libraries/GroceryCrud.php(911): call_user_func(Array, Object(stdClass))
#4 /var/www/html/mymisdiagnosis/app/Libraries/GroceryCrud.php(4557): App\Libraries\grocery_CRUD_Model_Driver->db_insert(Object(stdClass))
#5 /var/www/html/mymisdiagnosis/app/Controllers/Posteditor.php(129): App\Libraries\GroceryCrud->render()
#6 /var/www/html/mymisdiagnosis/system/CodeIgniter.php(936): App\Controllers\Posteditor->posts('insert')
#7 /var/www/html/mymisdiagnosis/system/CodeIgniter.php(432): CodeIgniter\CodeIgniter->runController(Object(App\Controllers\Posteditor))
#8 /var/www/html/mymisdiagnosis/system/CodeIgniter.php(333): CodeIgniter\CodeIgniter->handleRequest(NULL, Object(Config\Cache), false)
#9 /var/www/html/mymisdiagnosis/index.php(44): CodeIgniter\CodeIgniter->run()
#10 {main}
INFO - 2021-12-19 22:48:18 --> Session: Class initialized using 'CodeIgniter\Session\Handlers\FileHandler' driver.
INFO - 2021-12-19 22:48:19 --> Session: Class initialized using 'CodeIgniter\Session\Handlers\FileHandler' driver.
INFO - 2021-12-19 22:48:19 --> Session: Class initialized using 'CodeIgniter\Session\Handlers\FileHandler' driver.
INFO - 2021-12-19 22:48:30 --> Session: Class initialized using 'CodeIgniter\Session\Handlers\FileHandler' driver.
INFO - 2021-12-19 22:48:30 --> Session: Class initialized using 'CodeIgniter\Session\Handlers\FileHandler' driver.
CRITICAL - 2021-12-19 22:48:30 --> rename(/var/www/html/mymisdiagnosis/upload//mymisdiagnosis/upload/1-1000101/temp_card_folder/field-post_thumb_temp.gif,/var/www/html/mymisdiagnosis/upload//mymisdiagnosis/upload/1-1000101/temp_card_folder/field-post_thumb.gif): No such file or directory
#0 [internal function]: CodeIgniter\Debug\Exceptions->errorHandler(2, 'rename(/var/www...', '/var/www/html/m...', 305, Array)
#1 /var/www/html/mymisdiagnosis/app/Controllers/Posteditor.php(305): rename('/var/www/html/m...', '/var/www/html/m...')
#2 [internal function]: App\Controllers\Posteditor->rename_temp_filenames(Object(stdClass))
#3 /var/www/html/mymisdiagnosis/app/Libraries/GroceryCrud.php(911): call_user_func(Array, Object(stdClass))
#4 /var/www/html/mymisdiagnosis/app/Libraries/GroceryCrud.php(4557): App\Libraries\grocery_CRUD_Model_Driver->db_insert(Object(stdClass))
#5 /var/www/html/mymisdiagnosis/app/Controllers/Posteditor.php(129): App\Libraries\GroceryCrud->render()
#6 /var/www/html/mymisdiagnosis/system/CodeIgniter.php(936): App\Controllers\Posteditor->posts('insert')
#7 /var/www/html/mymisdiagnosis/system/CodeIgniter.php(432): CodeIgniter\CodeIgniter->runController(Object(App\Controllers\Posteditor))
#8 /var/www/html/mymisdiagnosis/system/CodeIgniter.php(333): CodeIgniter\CodeIgniter->handleRequest(NULL, Object(Config\Cache), false)
#9 /var/www/html/mymisdiagnosis/index.php(44): CodeIgniter\CodeIgniter->run()
#10 {main}
INFO - 2021-12-19 22:49:31 --> Session: Class initialized using 'CodeIgniter\Session\Handlers\FileHandler' driver.
INFO - 2021-12-19 22:49:31 --> Session: Class initialized using 'CodeIgniter\Session\Handlers\FileHandler' driver.
INFO - 2021-12-19 22:49:31 --> Session: Class initialized using 'CodeIgniter\Session\Handlers\FileHandler' driver.
INFO - 2021-12-19 22:49:39 --> Session: Class initialized using 'CodeIgniter\Session\Handlers\FileHandler' driver.
INFO - 2021-12-19 22:49:39 --> Session: Class initialized using 'CodeIgniter\Session\Handlers\FileHandler' driver.
INFO - 2021-12-19 22:49:39 --> Session: Class initialized using 'CodeIgniter\Session\Handlers\FileHandler' driver.
INFO - 2021-12-19 22:50:34 --> Session: Class initialized using 'CodeIgniter\Session\Handlers\FileHandler' driver.
INFO - 2021-12-19 22:50:35 --> Session: Class initialized using 'CodeIgniter\Session\Handlers\FileHandler' driver.
INFO - 2021-12-19 22:50:35 --> Session: Class initialized using 'CodeIgniter\Session\Handlers\FileHandler' driver.
INFO - 2021-12-19 22:52:49 --> Session: Class initialized using 'CodeIgniter\Session\Handlers\FileHandler' driver.
INFO - 2021-12-19 22:52:49 --> Session: Class initialized using 'CodeIgniter\Session\Handlers\FileHandler' driver.
INFO - 2021-12-19 22:52:50 --> Session: Class initialized using 'CodeIgniter\Session\Handlers\FileHandler' driver.
INFO - 2021-12-19 22:52:59 --> Session: Class initialized using 'CodeIgniter\Session\Handlers\FileHandler' driver.
INFO - 2021-12-19 22:52:59 --> Session: Class initialized using 'CodeIgniter\Session\Handlers\FileHandler' driver.
CRITICAL - 2021-12-19 22:52:59 --> rename(/mymisdiagnosis/upload/1-1000101/temp_card_folder/field-post_thumb_temp.gif,/mymisdiagnosis/upload/1-1000101/temp_card_folder/field-post_thumb.gif): No such file or directory
#0 [internal function]: CodeIgniter\Debug\Exceptions->errorHandler(2, 'rename(/mymisdi...', '/var/www/html/m...', 305, Array)
#1 /var/www/html/mymisdiagnosis/app/Controllers/Posteditor.php(305): rename('/mymisdiagnosis...', '/mymisdiagnosis...')
#2 [internal function]: App\Controllers\Posteditor->rename_temp_filenames(Object(stdClass))
#3 /var/www/html/mymisdiagnosis/app/Libraries/GroceryCrud.php(911): call_user_func(Array, Object(stdClass))
#4 /var/www/html/mymisdiagnosis/app/Libraries/GroceryCrud.php(4557): App\Libraries\grocery_CRUD_Model_Driver->db_insert(Object(stdClass))
#5 /var/www/html/mymisdiagnosis/app/Controllers/Posteditor.php(129): App\Libraries\GroceryCrud->render()
#6 /var/www/html/mymisdiagnosis/system/CodeIgniter.php(936): App\Controllers\Posteditor->posts('insert')
#7 /var/www/html/mymisdiagnosis/system/CodeIgniter.php(432): CodeIgniter\CodeIgniter->runController(Object(App\Controllers\Posteditor))
#8 /var/www/html/mymisdiagnosis/system/CodeIgniter.php(333): CodeIgniter\CodeIgniter->handleRequest(NULL, Object(Config\Cache), false)
#9 /var/www/html/mymisdiagnosis/index.php(44): CodeIgniter\CodeIgniter->run()
#10 {main}
INFO - 2021-12-19 22:53:15 --> Session: Class initialized using 'CodeIgniter\Session\Handlers\FileHandler' driver.
INFO - 2021-12-19 22:53:15 --> Session: Class initialized using 'CodeIgniter\Session\Handlers\FileHandler' driver.
INFO - 2021-12-19 22:53:16 --> Session: Class initialized using 'CodeIgniter\Session\Handlers\FileHandler' driver.
INFO - 2021-12-19 22:53:23 --> Session: Class initialized using 'CodeIgniter\Session\Handlers\FileHandler' driver.
INFO - 2021-12-19 22:53:23 --> Session: Class initialized using 'CodeIgniter\Session\Handlers\FileHandler' driver.
INFO - 2021-12-19 22:53:23 --> Session: Class initialized using 'CodeIgniter\Session\Handlers\FileHandler' driver.
INFO - 2021-12-19 22:56:33 --> Session: Class initialized using 'CodeIgniter\Session\Handlers\FileHandler' driver.
INFO - 2021-12-19 22:56:34 --> Session: Class initialized using 'CodeIgniter\Session\Handlers\FileHandler' driver.
INFO - 2021-12-19 22:56:34 --> Session: Class initialized using 'CodeIgniter\Session\Handlers\FileHandler' driver.
INFO - 2021-12-19 22:56:41 --> Session: Class initialized using 'CodeIgniter\Session\Handlers\FileHandler' driver.
INFO - 2021-12-19 22:56:42 --> Session: Class initialized using 'CodeIgniter\Session\Handlers\FileHandler' driver.
CRITICAL - 2021-12-19 22:56:42 --> rename(./mymisdiagnosis/upload/1-1000101/temp_card_folder/field-post_thumb_temp.jpg,./mymisdiagnosis/upload/1-1000101/temp_card_folder/field-post_thumb.jpg): No such file or directory
#0 [internal function]: CodeIgniter\Debug\Exceptions->errorHandler(2, 'rename(./mymisd...', '/var/www/html/m...', 305, Array)
#1 /var/www/html/mymisdiagnosis/app/Controllers/Posteditor.php(305): rename('./mymisdiagnosi...', './mymisdiagnosi...')
#2 [internal function]: App\Controllers\Posteditor->rename_temp_filenames(Object(stdClass))
#3 /var/www/html/mymisdiagnosis/app/Libraries/GroceryCrud.php(911): call_user_func(Array, Object(stdClass))
#4 /var/www/html/mymisdiagnosis/app/Libraries/GroceryCrud.php(4557): App\Libraries\grocery_CRUD_Model_Driver->db_insert(Object(stdClass))
#5 /var/www/html/mymisdiagnosis/app/Controllers/Posteditor.php(129): App\Libraries\GroceryCrud->render()
#6 /var/www/html/mymisdiagnosis/system/CodeIgniter.php(936): App\Controllers\Posteditor->posts('insert')
#7 /var/www/html/mymisdiagnosis/system/CodeIgniter.php(432): CodeIgniter\CodeIgniter->runController(Object(App\Controllers\Posteditor))
#8 /var/www/html/mymisdiagnosis/system/CodeIgniter.php(333): CodeIgniter\CodeIgniter->handleRequest(NULL, Object(Config\Cache), false)
#9 /var/www/html/mymisdiagnosis/index.php(44): CodeIgniter\CodeIgniter->run()
#10 {main}
CRITICAL - 2021-12-19 23:00:22 --> syntax error, unexpected '}'
#0 /var/www/html/mymisdiagnosis/system/Router/Router.php(170): CodeIgniter\Router\Router->autoRoute('posteditor/post...')
#1 /var/www/html/mymisdiagnosis/system/CodeIgniter.php(816): CodeIgniter\Router\Router->handle('posteditor/post...')
#2 /var/www/html/mymisdiagnosis/system/CodeIgniter.php(385): CodeIgniter\CodeIgniter->tryToRouteIt(Object(CodeIgniter\Router\RouteCollection))
#3 /var/www/html/mymisdiagnosis/system/CodeIgniter.php(333): CodeIgniter\CodeIgniter->handleRequest(NULL, Object(Config\Cache), false)
#4 /var/www/html/mymisdiagnosis/index.php(44): CodeIgniter\CodeIgniter->run()
#5 {main}
INFO - 2021-12-19 23:00:39 --> Session: Class initialized using 'CodeIgniter\Session\Handlers\FileHandler' driver.
INFO - 2021-12-19 23:00:39 --> Session: Class initialized using 'CodeIgniter\Session\Handlers\FileHandler' driver.
INFO - 2021-12-19 23:00:40 --> Session: Class initialized using 'CodeIgniter\Session\Handlers\FileHandler' driver.
INFO - 2021-12-19 23:01:25 --> Session: Class initialized using 'CodeIgniter\Session\Handlers\FileHandler' driver.
INFO - 2021-12-19 23:01:26 --> Session: Class initialized using 'CodeIgniter\Session\Handlers\FileHandler' driver.
INFO - 2021-12-19 23:01:26 --> Session: Class initialized using 'CodeIgniter\Session\Handlers\FileHandler' driver.
INFO - 2021-12-19 23:01:38 --> Session: Class initialized using 'CodeIgniter\Session\Handlers\FileHandler' driver.
INFO - 2021-12-19 23:01:38 --> Session: Class initialized using 'CodeIgniter\Session\Handlers\FileHandler' driver.
INFO - 2021-12-19 23:01:38 --> Session: Class initialized using 'CodeIgniter\Session\Handlers\FileHandler' driver.
INFO - 2021-12-19 23:01:46 --> Session: Class initialized using 'CodeIgniter\Session\Handlers\FileHandler' driver.
INFO - 2021-12-19 23:01:49 --> Session: Class initialized using 'CodeIgniter\Session\Handlers\FileHandler' driver.
INFO - 2021-12-19 23:01:50 --> Session: Class initialized using 'CodeIgniter\Session\Handlers\FileHandler' driver.
INFO - 2021-12-19 23:02:09 --> Session: Class initialized using 'CodeIgniter\Session\Handlers\FileHandler' driver.
INFO - 2021-12-19 23:02:09 --> Session: Class initialized using 'CodeIgniter\Session\Handlers\FileHandler' driver.
INFO - 2021-12-19 23:02:09 --> Session: Class initialized using 'CodeIgniter\Session\Handlers\FileHandler' driver.
INFO - 2021-12-19 23:02:09 --> Session: Class initialized using 'CodeIgniter\Session\Handlers\FileHandler' driver.
INFO - 2021-12-19 23:02:17 --> Session: Class initialized using 'CodeIgniter\Session\Handlers\FileHandler' driver.
INFO - 2021-12-19 23:02:36 --> Session: Class initialized using 'CodeIgniter\Session\Handlers\FileHandler' driver.
INFO - 2021-12-19 23:02:37 --> Session: Class initialized using 'CodeIgniter\Session\Handlers\FileHandler' driver.
INFO - 2021-12-19 23:02:37 --> Session: Class initialized using 'CodeIgniter\Session\Handlers\FileHandler' driver.
INFO - 2021-12-19 23:02:37 --> Session: Class initialized using 'CodeIgniter\Session\Handlers\FileHandler' driver.
INFO - 2021-12-19 23:02:41 --> Session: Class initialized using 'CodeIgniter\Session\Handlers\FileHandler' driver.
INFO - 2021-12-19 23:02:54 --> Session: Class initialized using 'CodeIgniter\Session\Handlers\FileHandler' driver.
INFO - 2021-12-19 23:02:54 --> Session: Class initialized using 'CodeIgniter\Session\Handlers\FileHandler' driver.
INFO - 2021-12-19 23:02:54 --> Session: Class initialized using 'CodeIgniter\Session\Handlers\FileHandler' driver.
INFO - 2021-12-19 23:02:54 --> Session: Class initialized using 'CodeIgniter\Session\Handlers\FileHandler' driver.
INFO - 2021-12-19 23:02:58 --> Session: Class initialized using 'CodeIgniter\Session\Handlers\FileHandler' driver.
INFO - 2021-12-19 23:17:18 --> Session: Class initialized using 'CodeIgniter\Session\Handlers\FileHandler' driver.
INFO - 2021-12-19 23:17:19 --> Session: Class initialized using 'CodeIgniter\Session\Handlers\FileHandler' driver.
INFO - 2021-12-19 23:17:23 --> Session: Class initialized using 'CodeIgniter\Session\Handlers\FileHandler' driver.
INFO - 2021-12-19 23:17:24 --> Session: Class initialized using 'CodeIgniter\Session\Handlers\FileHandler' driver.
INFO - 2021-12-19 23:17:24 --> Session: Class initialized using 'CodeIgniter\Session\Handlers\FileHandler' driver.
INFO - 2021-12-19 23:17:35 --> Session: Class initialized using 'CodeIgniter\Session\Handlers\FileHandler' driver.
INFO - 2021-12-19 23:17:35 --> Session: Class initialized using 'CodeIgniter\Session\Handlers\FileHandler' driver.
INFO - 2021-12-19 23:17:35 --> Session: Class initialized using 'CodeIgniter\Session\Handlers\FileHandler' driver.
INFO - 2021-12-19 23:27:54 --> Session: Class initialized using 'CodeIgniter\Session\Handlers\FileHandler' driver.
INFO - 2021-12-19 23:27:55 --> Session: Class initialized using 'CodeIgniter\Session\Handlers\FileHandler' driver.
INFO - 2021-12-19 23:27:55 --> Session: Class initialized using 'CodeIgniter\Session\Handlers\FileHandler' driver.
INFO - 2021-12-19 23:28:03 --> Session: Class initialized using 'CodeIgniter\Session\Handlers\FileHandler' driver.
INFO - 2021-12-19 23:28:03 --> Session: Class initialized using 'CodeIgniter\Session\Handlers\FileHandler' driver.
INFO - 2021-12-19 23:28:03 --> Session: Class initialized using 'CodeIgniter\Session\Handlers\FileHandler' driver.
