INFO - 2021-12-15 09:15:02 --> Session: Class initialized using 'CodeIgniter\Session\Handlers\FileHandler' driver.
INFO - 2021-12-15 09:15:06 --> Session: Class initialized using 'CodeIgniter\Session\Handlers\FileHandler' driver.
INFO - 2021-12-15 09:15:11 --> Session: Class initialized using 'CodeIgniter\Session\Handlers\FileHandler' driver.
INFO - 2021-12-15 09:15:50 --> Session: Class initialized using 'CodeIgniter\Session\Handlers\FileHandler' driver.
INFO - 2021-12-15 09:17:31 --> Session: Class initialized using 'CodeIgniter\Session\Handlers\FileHandler' driver.
INFO - 2021-12-15 09:18:32 --> Session: Class initialized using 'CodeIgniter\Session\Handlers\FileHandler' driver.
INFO - 2021-12-15 09:21:11 --> Session: Class initialized using 'CodeIgniter\Session\Handlers\FileHandler' driver.
INFO - 2021-12-15 09:21:12 --> Session: Class initialized using 'CodeIgniter\Session\Handlers\FileHandler' driver.
INFO - 2021-12-15 09:21:17 --> Session: Class initialized using 'CodeIgniter\Session\Handlers\FileHandler' driver.
INFO - 2021-12-15 09:22:54 --> Session: Class initialized using 'CodeIgniter\Session\Handlers\FileHandler' driver.
INFO - 2021-12-15 09:23:48 --> Session: Class initialized using 'CodeIgniter\Session\Handlers\FileHandler' driver.
INFO - 2021-12-15 09:26:00 --> Session: Class initialized using 'CodeIgniter\Session\Handlers\FileHandler' driver.
INFO - 2021-12-15 09:26:45 --> Session: Class initialized using 'CodeIgniter\Session\Handlers\FileHandler' driver.
INFO - 2021-12-15 09:26:52 --> Session: Class initialized using 'CodeIgniter\Session\Handlers\FileHandler' driver.
INFO - 2021-12-15 09:26:56 --> Session: Class initialized using 'CodeIgniter\Session\Handlers\FileHandler' driver.
INFO - 2021-12-15 09:27:06 --> Session: Class initialized using 'CodeIgniter\Session\Handlers\FileHandler' driver.
INFO - 2021-12-15 09:27:12 --> Session: Class initialized using 'CodeIgniter\Session\Handlers\FileHandler' driver.
INFO - 2021-12-15 09:27:12 --> Session: Class initialized using 'CodeIgniter\Session\Handlers\FileHandler' driver.
INFO - 2021-12-15 09:27:24 --> Session: Class initialized using 'CodeIgniter\Session\Handlers\FileHandler' driver.
INFO - 2021-12-15 09:27:24 --> Session: Class initialized using 'CodeIgniter\Session\Handlers\FileHandler' driver.
INFO - 2021-12-15 09:27:24 --> Session: Class initialized using 'CodeIgniter\Session\Handlers\FileHandler' driver.
INFO - 2021-12-15 09:27:30 --> Session: Class initialized using 'CodeIgniter\Session\Handlers\FileHandler' driver.
INFO - 2021-12-15 09:27:31 --> Session: Class initialized using 'CodeIgniter\Session\Handlers\FileHandler' driver.
INFO - 2021-12-15 09:27:48 --> Session: Class initialized using 'CodeIgniter\Session\Handlers\FileHandler' driver.
INFO - 2021-12-15 09:29:52 --> Session: Class initialized using 'CodeIgniter\Session\Handlers\FileHandler' driver.
INFO - 2021-12-15 09:32:58 --> Session: Class initialized using 'CodeIgniter\Session\Handlers\FileHandler' driver.
INFO - 2021-12-15 09:33:04 --> Session: Class initialized using 'CodeIgniter\Session\Handlers\FileHandler' driver.
INFO - 2021-12-15 09:33:08 --> Session: Class initialized using 'CodeIgniter\Session\Handlers\FileHandler' driver.
INFO - 2021-12-15 09:33:09 --> Session: Class initialized using 'CodeIgniter\Session\Handlers\FileHandler' driver.
INFO - 2021-12-15 09:33:09 --> Session: Class initialized using 'CodeIgniter\Session\Handlers\FileHandler' driver.
INFO - 2021-12-15 09:33:13 --> Session: Class initialized using 'CodeIgniter\Session\Handlers\FileHandler' driver.
INFO - 2021-12-15 09:33:19 --> Session: Class initialized using 'CodeIgniter\Session\Handlers\FileHandler' driver.
INFO - 2021-12-15 09:33:20 --> Session: Class initialized using 'CodeIgniter\Session\Handlers\FileHandler' driver.
INFO - 2021-12-15 09:33:20 --> Session: Class initialized using 'CodeIgniter\Session\Handlers\FileHandler' driver.
INFO - 2021-12-15 09:34:56 --> Session: Class initialized using 'CodeIgniter\Session\Handlers\FileHandler' driver.
INFO - 2021-12-15 09:34:57 --> Session: Class initialized using 'CodeIgniter\Session\Handlers\FileHandler' driver.
INFO - 2021-12-15 09:34:57 --> Session: Class initialized using 'CodeIgniter\Session\Handlers\FileHandler' driver.
INFO - 2021-12-15 09:36:10 --> Session: Class initialized using 'CodeIgniter\Session\Handlers\FileHandler' driver.
INFO - 2021-12-15 09:36:30 --> Session: Class initialized using 'CodeIgniter\Session\Handlers\FileHandler' driver.
INFO - 2021-12-15 09:37:48 --> Session: Class initialized using 'CodeIgniter\Session\Handlers\FileHandler' driver.
INFO - 2021-12-15 09:38:06 --> Session: Class initialized using 'CodeIgniter\Session\Handlers\FileHandler' driver.
INFO - 2021-12-15 09:38:10 --> Session: Class initialized using 'CodeIgniter\Session\Handlers\FileHandler' driver.
INFO - 2021-12-15 09:42:15 --> Session: Class initialized using 'CodeIgniter\Session\Handlers\FileHandler' driver.
INFO - 2021-12-15 09:46:02 --> Session: Class initialized using 'CodeIgniter\Session\Handlers\FileHandler' driver.
INFO - 2021-12-15 09:46:06 --> Session: Class initialized using 'CodeIgniter\Session\Handlers\FileHandler' driver.
INFO - 2021-12-15 09:46:11 --> Session: Class initialized using 'CodeIgniter\Session\Handlers\FileHandler' driver.
INFO - 2021-12-15 09:46:11 --> Session: Class initialized using 'CodeIgniter\Session\Handlers\FileHandler' driver.
INFO - 2021-12-15 09:46:17 --> Session: Class initialized using 'CodeIgniter\Session\Handlers\FileHandler' driver.
INFO - 2021-12-15 09:46:22 --> Session: Class initialized using 'CodeIgniter\Session\Handlers\FileHandler' driver.
INFO - 2021-12-15 09:46:23 --> Session: Class initialized using 'CodeIgniter\Session\Handlers\FileHandler' driver.
INFO - 2021-12-15 09:46:23 --> Session: Class initialized using 'CodeIgniter\Session\Handlers\FileHandler' driver.
INFO - 2021-12-15 09:46:33 --> Session: Class initialized using 'CodeIgniter\Session\Handlers\FileHandler' driver.
INFO - 2021-12-15 09:47:25 --> Session: Class initialized using 'CodeIgniter\Session\Handlers\FileHandler' driver.
INFO - 2021-12-15 09:47:25 --> Session: Class initialized using 'CodeIgniter\Session\Handlers\FileHandler' driver.
INFO - 2021-12-15 09:47:55 --> Session: Class initialized using 'CodeIgniter\Session\Handlers\FileHandler' driver.
INFO - 2021-12-15 09:47:55 --> Session: Class initialized using 'CodeIgniter\Session\Handlers\FileHandler' driver.
CRITICAL - 2021-12-15 09:47:55 --> rename(../../mymisdiagnosis/upload/1-1000101/pack_folder_4/field-pack_image_temp.jpg,../../mymisdiagnosis/upload/1-1000101/pack_folder_4/field-pack_image.jpg): No such file or directory
#0 [internal function]: CodeIgniter\Debug\Exceptions->errorHandler(2, 'rename(../../my...', '/var/www/html/m...', 642, Array)
#1 /var/www/html/mymisdiagnosis/app/Controllers/Product.php(642): rename('../../mymisdiag...', '../../mymisdiag...')
#2 [internal function]: App\Controllers\Product->image_temp_routines_packs(Object(stdClass))
#3 /var/www/html/mymisdiagnosis/app/Libraries/GroceryCrud.php(1049): call_user_func(Array, Object(stdClass))
#4 /var/www/html/mymisdiagnosis/app/Libraries/GroceryCrud.php(4570): App\Libraries\grocery_CRUD_Model_Driver->db_update(Object(stdClass))
#5 /var/www/html/mymisdiagnosis/app/Controllers/Product.php(155): App\Libraries\GroceryCrud->render()
#6 /var/www/html/mymisdiagnosis/system/CodeIgniter.php(936): App\Controllers\Product->packs('update', '4')
#7 /var/www/html/mymisdiagnosis/system/CodeIgniter.php(432): CodeIgniter\CodeIgniter->runController(Object(App\Controllers\Product))
#8 /var/www/html/mymisdiagnosis/system/CodeIgniter.php(333): CodeIgniter\CodeIgniter->handleRequest(NULL, Object(Config\Cache), false)
#9 /var/www/html/mymisdiagnosis/index.php(44): CodeIgniter\CodeIgniter->run()
#10 {main}
INFO - 2021-12-15 09:47:57 --> Session: Class initialized using 'CodeIgniter\Session\Handlers\FileHandler' driver.
INFO - 2021-12-15 09:47:57 --> Session: Class initialized using 'CodeIgniter\Session\Handlers\FileHandler' driver.
CRITICAL - 2021-12-15 09:47:57 --> rename(../../mymisdiagnosis/upload/1-1000101/pack_folder_4/field-pack_image_temp.jpg,../../mymisdiagnosis/upload/1-1000101/pack_folder_4/field-pack_image.jpg): No such file or directory
#0 [internal function]: CodeIgniter\Debug\Exceptions->errorHandler(2, 'rename(../../my...', '/var/www/html/m...', 642, Array)
#1 /var/www/html/mymisdiagnosis/app/Controllers/Product.php(642): rename('../../mymisdiag...', '../../mymisdiag...')
#2 [internal function]: App\Controllers\Product->image_temp_routines_packs(Object(stdClass))
#3 /var/www/html/mymisdiagnosis/app/Libraries/GroceryCrud.php(1049): call_user_func(Array, Object(stdClass))
#4 /var/www/html/mymisdiagnosis/app/Libraries/GroceryCrud.php(4570): App\Libraries\grocery_CRUD_Model_Driver->db_update(Object(stdClass))
#5 /var/www/html/mymisdiagnosis/app/Controllers/Product.php(155): App\Libraries\GroceryCrud->render()
#6 /var/www/html/mymisdiagnosis/system/CodeIgniter.php(936): App\Controllers\Product->packs('update', '4')
#7 /var/www/html/mymisdiagnosis/system/CodeIgniter.php(432): CodeIgniter\CodeIgniter->runController(Object(App\Controllers\Product))
#8 /var/www/html/mymisdiagnosis/system/CodeIgniter.php(333): CodeIgniter\CodeIgniter->handleRequest(NULL, Object(Config\Cache), false)
#9 /var/www/html/mymisdiagnosis/index.php(44): CodeIgniter\CodeIgniter->run()
#10 {main}
INFO - 2021-12-15 09:49:11 --> Session: Class initialized using 'CodeIgniter\Session\Handlers\FileHandler' driver.
INFO - 2021-12-15 09:49:12 --> Session: Class initialized using 'CodeIgniter\Session\Handlers\FileHandler' driver.
CRITICAL - 2021-12-15 09:49:12 --> rename(../../mymisdiagnosis/upload/1-1000101/pack_folder_4/field-pack_image_temp.jpg,../../mymisdiagnosis/upload/1-1000101/pack_folder_4/field-pack_image.jpg): No such file or directory
#0 [internal function]: CodeIgniter\Debug\Exceptions->errorHandler(2, 'rename(../../my...', '/var/www/html/m...', 642, Array)
#1 /var/www/html/mymisdiagnosis/app/Controllers/Product.php(642): rename('../../mymisdiag...', '../../mymisdiag...')
#2 [internal function]: App\Controllers\Product->image_temp_routines_packs(Object(stdClass))
#3 /var/www/html/mymisdiagnosis/app/Libraries/GroceryCrud.php(1049): call_user_func(Array, Object(stdClass))
#4 /var/www/html/mymisdiagnosis/app/Libraries/GroceryCrud.php(4570): App\Libraries\grocery_CRUD_Model_Driver->db_update(Object(stdClass))
#5 /var/www/html/mymisdiagnosis/app/Controllers/Product.php(155): App\Libraries\GroceryCrud->render()
#6 /var/www/html/mymisdiagnosis/system/CodeIgniter.php(936): App\Controllers\Product->packs('update', '4')
#7 /var/www/html/mymisdiagnosis/system/CodeIgniter.php(432): CodeIgniter\CodeIgniter->runController(Object(App\Controllers\Product))
#8 /var/www/html/mymisdiagnosis/system/CodeIgniter.php(333): CodeIgniter\CodeIgniter->handleRequest(NULL, Object(Config\Cache), false)
#9 /var/www/html/mymisdiagnosis/index.php(44): CodeIgniter\CodeIgniter->run()
#10 {main}
INFO - 2021-12-15 09:50:19 --> Session: Class initialized using 'CodeIgniter\Session\Handlers\FileHandler' driver.
INFO - 2021-12-15 09:50:19 --> Session: Class initialized using 'CodeIgniter\Session\Handlers\FileHandler' driver.
INFO - 2021-12-15 09:50:39 --> Session: Class initialized using 'CodeIgniter\Session\Handlers\FileHandler' driver.
INFO - 2021-12-15 09:50:39 --> Session: Class initialized using 'CodeIgniter\Session\Handlers\FileHandler' driver.
INFO - 2021-12-15 09:50:40 --> Session: Class initialized using 'CodeIgniter\Session\Handlers\FileHandler' driver.
INFO - 2021-12-15 09:50:48 --> Session: Class initialized using 'CodeIgniter\Session\Handlers\FileHandler' driver.
INFO - 2021-12-15 09:50:49 --> Session: Class initialized using 'CodeIgniter\Session\Handlers\FileHandler' driver.
INFO - 2021-12-15 09:50:57 --> Session: Class initialized using 'CodeIgniter\Session\Handlers\FileHandler' driver.
INFO - 2021-12-15 09:50:57 --> Session: Class initialized using 'CodeIgniter\Session\Handlers\FileHandler' driver.
INFO - 2021-12-15 09:51:00 --> Session: Class initialized using 'CodeIgniter\Session\Handlers\FileHandler' driver.
INFO - 2021-12-15 09:51:00 --> Session: Class initialized using 'CodeIgniter\Session\Handlers\FileHandler' driver.
INFO - 2021-12-15 09:51:01 --> Session: Class initialized using 'CodeIgniter\Session\Handlers\FileHandler' driver.
INFO - 2021-12-15 09:51:03 --> Session: Class initialized using 'CodeIgniter\Session\Handlers\FileHandler' driver.
INFO - 2021-12-15 09:51:03 --> Session: Class initialized using 'CodeIgniter\Session\Handlers\FileHandler' driver.
INFO - 2021-12-15 09:51:19 --> Session: Class initialized using 'CodeIgniter\Session\Handlers\FileHandler' driver.
INFO - 2021-12-15 09:51:19 --> Session: Class initialized using 'CodeIgniter\Session\Handlers\FileHandler' driver.
CRITICAL - 2021-12-15 09:51:19 --> rename(../../mymisdiagnosis/upload/2-9010211/pack_folder_4/field-pack_image_temp.jpg,../../mymisdiagnosis/upload/2-9010211/pack_folder_4/field-pack_image.jpg): No such file or directory
#0 [internal function]: CodeIgniter\Debug\Exceptions->errorHandler(2, 'rename(../../my...', '/var/www/html/m...', 642, Array)
#1 /var/www/html/mymisdiagnosis/app/Controllers/Product.php(642): rename('../../mymisdiag...', '../../mymisdiag...')
#2 [internal function]: App\Controllers\Product->image_temp_routines_packs(Object(stdClass))
#3 /var/www/html/mymisdiagnosis/app/Libraries/GroceryCrud.php(1049): call_user_func(Array, Object(stdClass))
#4 /var/www/html/mymisdiagnosis/app/Libraries/GroceryCrud.php(4570): App\Libraries\grocery_CRUD_Model_Driver->db_update(Object(stdClass))
#5 /var/www/html/mymisdiagnosis/app/Controllers/Product.php(155): App\Libraries\GroceryCrud->render()
#6 /var/www/html/mymisdiagnosis/system/CodeIgniter.php(936): App\Controllers\Product->packs('update', '4')
#7 /var/www/html/mymisdiagnosis/system/CodeIgniter.php(432): CodeIgniter\CodeIgniter->runController(Object(App\Controllers\Product))
#8 /var/www/html/mymisdiagnosis/system/CodeIgniter.php(333): CodeIgniter\CodeIgniter->handleRequest(NULL, Object(Config\Cache), false)
#9 /var/www/html/mymisdiagnosis/index.php(44): CodeIgniter\CodeIgniter->run()
#10 {main}
INFO - 2021-12-15 09:57:25 --> Session: Class initialized using 'CodeIgniter\Session\Handlers\FileHandler' driver.
INFO - 2021-12-15 09:57:26 --> Session: Class initialized using 'CodeIgniter\Session\Handlers\FileHandler' driver.
INFO - 2021-12-15 09:57:30 --> Session: Class initialized using 'CodeIgniter\Session\Handlers\FileHandler' driver.
INFO - 2021-12-15 09:57:32 --> Session: Class initialized using 'CodeIgniter\Session\Handlers\FileHandler' driver.
INFO - 2021-12-15 09:57:39 --> Session: Class initialized using 'CodeIgniter\Session\Handlers\FileHandler' driver.
INFO - 2021-12-15 09:57:39 --> Session: Class initialized using 'CodeIgniter\Session\Handlers\FileHandler' driver.
INFO - 2021-12-15 09:57:44 --> Session: Class initialized using 'CodeIgniter\Session\Handlers\FileHandler' driver.
INFO - 2021-12-15 09:57:45 --> Session: Class initialized using 'CodeIgniter\Session\Handlers\FileHandler' driver.
INFO - 2021-12-15 09:57:45 --> Session: Class initialized using 'CodeIgniter\Session\Handlers\FileHandler' driver.
INFO - 2021-12-15 09:57:47 --> Session: Class initialized using 'CodeIgniter\Session\Handlers\FileHandler' driver.
INFO - 2021-12-15 10:10:31 --> Session: Class initialized using 'CodeIgniter\Session\Handlers\FileHandler' driver.
INFO - 2021-12-15 10:10:34 --> Session: Class initialized using 'CodeIgniter\Session\Handlers\FileHandler' driver.
INFO - 2021-12-15 10:10:34 --> Session: Class initialized using 'CodeIgniter\Session\Handlers\FileHandler' driver.
INFO - 2021-12-15 10:10:36 --> Session: Class initialized using 'CodeIgniter\Session\Handlers\FileHandler' driver.
INFO - 2021-12-15 10:10:36 --> Session: Class initialized using 'CodeIgniter\Session\Handlers\FileHandler' driver.
INFO - 2021-12-15 10:10:41 --> Session: Class initialized using 'CodeIgniter\Session\Handlers\FileHandler' driver.
INFO - 2021-12-15 10:12:29 --> Session: Class initialized using 'CodeIgniter\Session\Handlers\FileHandler' driver.
INFO - 2021-12-15 10:12:29 --> Session: Class initialized using 'CodeIgniter\Session\Handlers\FileHandler' driver.
INFO - 2021-12-15 10:12:30 --> Session: Class initialized using 'CodeIgniter\Session\Handlers\FileHandler' driver.
INFO - 2021-12-15 10:17:12 --> Session: Class initialized using 'CodeIgniter\Session\Handlers\FileHandler' driver.
INFO - 2021-12-15 10:17:13 --> Session: Class initialized using 'CodeIgniter\Session\Handlers\FileHandler' driver.
INFO - 2021-12-15 10:17:13 --> Session: Class initialized using 'CodeIgniter\Session\Handlers\FileHandler' driver.
INFO - 2021-12-15 10:18:43 --> Session: Class initialized using 'CodeIgniter\Session\Handlers\FileHandler' driver.
INFO - 2021-12-15 10:18:43 --> Session: Class initialized using 'CodeIgniter\Session\Handlers\FileHandler' driver.
INFO - 2021-12-15 10:18:43 --> Session: Class initialized using 'CodeIgniter\Session\Handlers\FileHandler' driver.
INFO - 2021-12-15 10:19:06 --> Session: Class initialized using 'CodeIgniter\Session\Handlers\FileHandler' driver.
INFO - 2021-12-15 10:19:06 --> Session: Class initialized using 'CodeIgniter\Session\Handlers\FileHandler' driver.
INFO - 2021-12-15 10:19:07 --> Session: Class initialized using 'CodeIgniter\Session\Handlers\FileHandler' driver.
INFO - 2021-12-15 10:19:09 --> Session: Class initialized using 'CodeIgniter\Session\Handlers\FileHandler' driver.
INFO - 2021-12-15 10:19:09 --> Session: Class initialized using 'CodeIgniter\Session\Handlers\FileHandler' driver.
INFO - 2021-12-15 10:19:10 --> Session: Class initialized using 'CodeIgniter\Session\Handlers\FileHandler' driver.
INFO - 2021-12-15 10:35:05 --> Session: Class initialized using 'CodeIgniter\Session\Handlers\FileHandler' driver.
INFO - 2021-12-15 10:35:06 --> Session: Class initialized using 'CodeIgniter\Session\Handlers\FileHandler' driver.
INFO - 2021-12-15 10:35:18 --> Session: Class initialized using 'CodeIgniter\Session\Handlers\FileHandler' driver.
INFO - 2021-12-15 10:35:19 --> Session: Class initialized using 'CodeIgniter\Session\Handlers\FileHandler' driver.
INFO - 2021-12-15 10:35:19 --> Session: Class initialized using 'CodeIgniter\Session\Handlers\FileHandler' driver.
INFO - 2021-12-15 10:35:36 --> Session: Class initialized using 'CodeIgniter\Session\Handlers\FileHandler' driver.
INFO - 2021-12-15 10:36:07 --> Session: Class initialized using 'CodeIgniter\Session\Handlers\FileHandler' driver.
INFO - 2021-12-15 10:36:08 --> Session: Class initialized using 'CodeIgniter\Session\Handlers\FileHandler' driver.
INFO - 2021-12-15 10:36:08 --> Session: Class initialized using 'CodeIgniter\Session\Handlers\FileHandler' driver.
INFO - 2021-12-15 10:50:32 --> Session: Class initialized using 'CodeIgniter\Session\Handlers\FileHandler' driver.
INFO - 2021-12-15 10:50:33 --> Session: Class initialized using 'CodeIgniter\Session\Handlers\FileHandler' driver.
INFO - 2021-12-15 10:50:33 --> Session: Class initialized using 'CodeIgniter\Session\Handlers\FileHandler' driver.
INFO - 2021-12-15 10:50:33 --> Session: Class initialized using 'CodeIgniter\Session\Handlers\FileHandler' driver.
INFO - 2021-12-15 10:50:34 --> Session: Class initialized using 'CodeIgniter\Session\Handlers\FileHandler' driver.
INFO - 2021-12-15 10:50:36 --> Session: Class initialized using 'CodeIgniter\Session\Handlers\FileHandler' driver.
INFO - 2021-12-15 10:50:36 --> Session: Class initialized using 'CodeIgniter\Session\Handlers\FileHandler' driver.
INFO - 2021-12-15 10:50:36 --> Session: Class initialized using 'CodeIgniter\Session\Handlers\FileHandler' driver.
INFO - 2021-12-15 11:01:07 --> Session: Class initialized using 'CodeIgniter\Session\Handlers\FileHandler' driver.
CRITICAL - 2021-12-15 11:01:07 --> Argument 1 passed to App\Libraries\GroceryCrud::callbackBeforeUpdate() must be callable, array given, called in /var/www/html/mymisdiagnosis/app/Controllers/Articles.php on line 113
#0 /var/www/html/mymisdiagnosis/app/Controllers/Articles.php(113): App\Libraries\GroceryCrud->callbackBeforeUpdate(Array)
#1 /var/www/html/mymisdiagnosis/system/CodeIgniter.php(936): App\Controllers\Articles->posts('edit', '16')
#2 /var/www/html/mymisdiagnosis/system/CodeIgniter.php(432): CodeIgniter\CodeIgniter->runController(Object(App\Controllers\Articles))
#3 /var/www/html/mymisdiagnosis/system/CodeIgniter.php(333): CodeIgniter\CodeIgniter->handleRequest(NULL, Object(Config\Cache), false)
#4 /var/www/html/mymisdiagnosis/index.php(44): CodeIgniter\CodeIgniter->run()
#5 {main}
INFO - 2021-12-15 11:01:30 --> Session: Class initialized using 'CodeIgniter\Session\Handlers\FileHandler' driver.
INFO - 2021-12-15 11:01:31 --> Session: Class initialized using 'CodeIgniter\Session\Handlers\FileHandler' driver.
INFO - 2021-12-15 11:01:31 --> Session: Class initialized using 'CodeIgniter\Session\Handlers\FileHandler' driver.
INFO - 2021-12-15 11:02:21 --> Session: Class initialized using 'CodeIgniter\Session\Handlers\FileHandler' driver.
INFO - 2021-12-15 11:02:21 --> Session: Class initialized using 'CodeIgniter\Session\Handlers\FileHandler' driver.
INFO - 2021-12-15 11:02:21 --> Session: Class initialized using 'CodeIgniter\Session\Handlers\FileHandler' driver.
INFO - 2021-12-15 11:04:00 --> Session: Class initialized using 'CodeIgniter\Session\Handlers\FileHandler' driver.
INFO - 2021-12-15 11:04:01 --> Session: Class initialized using 'CodeIgniter\Session\Handlers\FileHandler' driver.
INFO - 2021-12-15 11:04:01 --> Session: Class initialized using 'CodeIgniter\Session\Handlers\FileHandler' driver.
INFO - 2021-12-15 11:21:21 --> Session: Class initialized using 'CodeIgniter\Session\Handlers\FileHandler' driver.
INFO - 2021-12-15 11:21:22 --> Session: Class initialized using 'CodeIgniter\Session\Handlers\FileHandler' driver.
INFO - 2021-12-15 11:21:22 --> Session: Class initialized using 'CodeIgniter\Session\Handlers\FileHandler' driver.
INFO - 2021-12-15 11:23:08 --> Session: Class initialized using 'CodeIgniter\Session\Handlers\FileHandler' driver.
INFO - 2021-12-15 11:23:09 --> Session: Class initialized using 'CodeIgniter\Session\Handlers\FileHandler' driver.
INFO - 2021-12-15 11:23:09 --> Session: Class initialized using 'CodeIgniter\Session\Handlers\FileHandler' driver.
INFO - 2021-12-15 11:31:18 --> Session: Class initialized using 'CodeIgniter\Session\Handlers\FileHandler' driver.
INFO - 2021-12-15 11:31:19 --> Session: Class initialized using 'CodeIgniter\Session\Handlers\FileHandler' driver.
INFO - 2021-12-15 11:31:19 --> Session: Class initialized using 'CodeIgniter\Session\Handlers\FileHandler' driver.
INFO - 2021-12-15 11:32:32 --> Session: Class initialized using 'CodeIgniter\Session\Handlers\FileHandler' driver.
INFO - 2021-12-15 11:32:32 --> Session: Class initialized using 'CodeIgniter\Session\Handlers\FileHandler' driver.
INFO - 2021-12-15 11:32:32 --> Session: Class initialized using 'CodeIgniter\Session\Handlers\FileHandler' driver.
INFO - 2021-12-15 11:32:46 --> Session: Class initialized using 'CodeIgniter\Session\Handlers\FileHandler' driver.
INFO - 2021-12-15 11:32:46 --> Session: Class initialized using 'CodeIgniter\Session\Handlers\FileHandler' driver.
CRITICAL - 2021-12-15 11:32:47 --> rename(../../mymisdiagnosis/upload/1-1000101/card_folder_16/field-post_image_temp.jpg,../../mymisdiagnosis/upload/1-1000101/card_folder_16/field-post_image.jpg): No such file or directory
#0 [internal function]: CodeIgniter\Debug\Exceptions->errorHandler(2, 'rename(../../my...', '/var/www/html/m...', 236, Array)
#1 /var/www/html/mymisdiagnosis/app/Controllers/Articles.php(236): rename('../../mymisdiag...', '../../mymisdiag...')
#2 [internal function]: App\Controllers\Articles->image_temp_routines_posts(Object(stdClass))
#3 /var/www/html/mymisdiagnosis/app/Libraries/GroceryCrud.php(1049): call_user_func(Array, Object(stdClass))
#4 /var/www/html/mymisdiagnosis/app/Libraries/GroceryCrud.php(4570): App\Libraries\grocery_CRUD_Model_Driver->db_update(Object(stdClass))
#5 /var/www/html/mymisdiagnosis/app/Controllers/Articles.php(125): App\Libraries\GroceryCrud->render()
#6 /var/www/html/mymisdiagnosis/system/CodeIgniter.php(936): App\Controllers\Articles->posts('update', '16')
#7 /var/www/html/mymisdiagnosis/system/CodeIgniter.php(432): CodeIgniter\CodeIgniter->runController(Object(App\Controllers\Articles))
#8 /var/www/html/mymisdiagnosis/system/CodeIgniter.php(333): CodeIgniter\CodeIgniter->handleRequest(NULL, Object(Config\Cache), false)
#9 /var/www/html/mymisdiagnosis/index.php(44): CodeIgniter\CodeIgniter->run()
#10 {main}
INFO - 2021-12-15 11:35:11 --> Session: Class initialized using 'CodeIgniter\Session\Handlers\FileHandler' driver.
INFO - 2021-12-15 11:35:11 --> Session: Class initialized using 'CodeIgniter\Session\Handlers\FileHandler' driver.
CRITICAL - 2021-12-15 11:35:11 --> rename(../../mymisdiagnosis/upload/1-1000101/card_folder_16/field-post_image_temp.jpg,../../mymisdiagnosis/upload/1-1000101/card_folder_16/field-post_image.jpg): No such file or directory
#0 [internal function]: CodeIgniter\Debug\Exceptions->errorHandler(2, 'rename(../../my...', '/var/www/html/m...', 236, Array)
#1 /var/www/html/mymisdiagnosis/app/Controllers/Articles.php(236): rename('../../mymisdiag...', '../../mymisdiag...')
#2 [internal function]: App\Controllers\Articles->image_temp_routines_posts(Object(stdClass))
#3 /var/www/html/mymisdiagnosis/app/Libraries/GroceryCrud.php(1049): call_user_func(Array, Object(stdClass))
#4 /var/www/html/mymisdiagnosis/app/Libraries/GroceryCrud.php(4570): App\Libraries\grocery_CRUD_Model_Driver->db_update(Object(stdClass))
#5 /var/www/html/mymisdiagnosis/app/Controllers/Articles.php(125): App\Libraries\GroceryCrud->render()
#6 /var/www/html/mymisdiagnosis/system/CodeIgniter.php(936): App\Controllers\Articles->posts('update', '16')
#7 /var/www/html/mymisdiagnosis/system/CodeIgniter.php(432): CodeIgniter\CodeIgniter->runController(Object(App\Controllers\Articles))
#8 /var/www/html/mymisdiagnosis/system/CodeIgniter.php(333): CodeIgniter\CodeIgniter->handleRequest(NULL, Object(Config\Cache), false)
#9 /var/www/html/mymisdiagnosis/index.php(44): CodeIgniter\CodeIgniter->run()
#10 {main}
INFO - 2021-12-15 11:35:14 --> Session: Class initialized using 'CodeIgniter\Session\Handlers\FileHandler' driver.
INFO - 2021-12-15 11:35:14 --> Session: Class initialized using 'CodeIgniter\Session\Handlers\FileHandler' driver.
INFO - 2021-12-15 11:35:15 --> Session: Class initialized using 'CodeIgniter\Session\Handlers\FileHandler' driver.
INFO - 2021-12-15 11:35:27 --> Session: Class initialized using 'CodeIgniter\Session\Handlers\FileHandler' driver.
INFO - 2021-12-15 11:35:27 --> Session: Class initialized using 'CodeIgniter\Session\Handlers\FileHandler' driver.
INFO - 2021-12-15 11:35:54 --> Session: Class initialized using 'CodeIgniter\Session\Handlers\FileHandler' driver.
INFO - 2021-12-15 11:35:54 --> Session: Class initialized using 'CodeIgniter\Session\Handlers\FileHandler' driver.
CRITICAL - 2021-12-15 11:35:54 --> rename(../../mymisdiagnosis/upload/1-1000101/card_folder_16/field-post_image_temp.png,../../mymisdiagnosis/upload/1-1000101/card_folder_16/field-post_image.png): No such file or directory
#0 [internal function]: CodeIgniter\Debug\Exceptions->errorHandler(2, 'rename(../../my...', '/var/www/html/m...', 236, Array)
#1 /var/www/html/mymisdiagnosis/app/Controllers/Articles.php(236): rename('../../mymisdiag...', '../../mymisdiag...')
#2 [internal function]: App\Controllers\Articles->image_temp_routines_posts(Object(stdClass))
#3 /var/www/html/mymisdiagnosis/app/Libraries/GroceryCrud.php(1049): call_user_func(Array, Object(stdClass))
#4 /var/www/html/mymisdiagnosis/app/Libraries/GroceryCrud.php(4570): App\Libraries\grocery_CRUD_Model_Driver->db_update(Object(stdClass))
#5 /var/www/html/mymisdiagnosis/app/Controllers/Articles.php(125): App\Libraries\GroceryCrud->render()
#6 /var/www/html/mymisdiagnosis/system/CodeIgniter.php(936): App\Controllers\Articles->posts('update', '16')
#7 /var/www/html/mymisdiagnosis/system/CodeIgniter.php(432): CodeIgniter\CodeIgniter->runController(Object(App\Controllers\Articles))
#8 /var/www/html/mymisdiagnosis/system/CodeIgniter.php(333): CodeIgniter\CodeIgniter->handleRequest(NULL, Object(Config\Cache), false)
#9 /var/www/html/mymisdiagnosis/index.php(44): CodeIgniter\CodeIgniter->run()
#10 {main}
INFO - 2021-12-15 11:41:00 --> Session: Class initialized using 'CodeIgniter\Session\Handlers\FileHandler' driver.
INFO - 2021-12-15 11:41:11 --> Session: Class initialized using 'CodeIgniter\Session\Handlers\FileHandler' driver.
INFO - 2021-12-15 11:41:11 --> Session: Class initialized using 'CodeIgniter\Session\Handlers\FileHandler' driver.
INFO - 2021-12-15 11:41:11 --> Session: Class initialized using 'CodeIgniter\Session\Handlers\FileHandler' driver.
INFO - 2021-12-15 11:41:59 --> Session: Class initialized using 'CodeIgniter\Session\Handlers\FileHandler' driver.
INFO - 2021-12-15 11:41:59 --> Session: Class initialized using 'CodeIgniter\Session\Handlers\FileHandler' driver.
CRITICAL - 2021-12-15 11:41:59 --> rename(../../mymisdiagnosis/upload/1-1000101/card_folder_16/field-post_image_temp.png,../../mymisdiagnosis/upload/1-1000101/card_folder_16/field-post_image.png): No such file or directory
#0 [internal function]: CodeIgniter\Debug\Exceptions->errorHandler(2, 'rename(../../my...', '/var/www/html/m...', 236, Array)
#1 /var/www/html/mymisdiagnosis/app/Controllers/Articles.php(236): rename('../../mymisdiag...', '../../mymisdiag...')
#2 [internal function]: App\Controllers\Articles->image_temp_routines_posts(Object(stdClass))
#3 /var/www/html/mymisdiagnosis/app/Libraries/GroceryCrud.php(1049): call_user_func(Array, Object(stdClass))
#4 /var/www/html/mymisdiagnosis/app/Libraries/GroceryCrud.php(4570): App\Libraries\grocery_CRUD_Model_Driver->db_update(Object(stdClass))
#5 /var/www/html/mymisdiagnosis/app/Controllers/Articles.php(125): App\Libraries\GroceryCrud->render()
#6 /var/www/html/mymisdiagnosis/system/CodeIgniter.php(936): App\Controllers\Articles->posts('update', '16')
#7 /var/www/html/mymisdiagnosis/system/CodeIgniter.php(432): CodeIgniter\CodeIgniter->runController(Object(App\Controllers\Articles))
#8 /var/www/html/mymisdiagnosis/system/CodeIgniter.php(333): CodeIgniter\CodeIgniter->handleRequest(NULL, Object(Config\Cache), false)
#9 /var/www/html/mymisdiagnosis/index.php(44): CodeIgniter\CodeIgniter->run()
#10 {main}
INFO - 2021-12-15 11:42:12 --> Session: Class initialized using 'CodeIgniter\Session\Handlers\FileHandler' driver.
INFO - 2021-12-15 11:42:12 --> Session: Class initialized using 'CodeIgniter\Session\Handlers\FileHandler' driver.
INFO - 2021-12-15 11:42:13 --> Session: Class initialized using 'CodeIgniter\Session\Handlers\FileHandler' driver.
INFO - 2021-12-15 11:42:21 --> Session: Class initialized using 'CodeIgniter\Session\Handlers\FileHandler' driver.
INFO - 2021-12-15 11:42:27 --> Session: Class initialized using 'CodeIgniter\Session\Handlers\FileHandler' driver.
INFO - 2021-12-15 11:42:28 --> Session: Class initialized using 'CodeIgniter\Session\Handlers\FileHandler' driver.
INFO - 2021-12-15 11:42:28 --> Session: Class initialized using 'CodeIgniter\Session\Handlers\FileHandler' driver.
INFO - 2021-12-15 11:42:34 --> Session: Class initialized using 'CodeIgniter\Session\Handlers\FileHandler' driver.
INFO - 2021-12-15 11:42:34 --> Session: Class initialized using 'CodeIgniter\Session\Handlers\FileHandler' driver.
INFO - 2021-12-15 11:42:34 --> Session: Class initialized using 'CodeIgniter\Session\Handlers\FileHandler' driver.
INFO - 2021-12-15 11:55:39 --> Session: Class initialized using 'CodeIgniter\Session\Handlers\FileHandler' driver.
INFO - 2021-12-15 11:55:39 --> Session: Class initialized using 'CodeIgniter\Session\Handlers\FileHandler' driver.
CRITICAL - 2021-12-15 11:55:39 --> rename(../../mymisdiagnosis/upload/1-1000101/card_folder_16/field-post_thumb_temp.png,../../mymisdiagnosis/upload/1-1000101/card_folder_16/field-post_thumb.png): No such file or directory
#0 [internal function]: CodeIgniter\Debug\Exceptions->errorHandler(2, 'rename(../../my...', '/var/www/html/m...', 288, Array)
#1 /var/www/html/mymisdiagnosis/app/Controllers/Articles.php(288): rename('../../mymisdiag...', '../../mymisdiag...')
#2 [internal function]: App\Controllers\Articles->image_temp_routines_posts(Object(stdClass))
#3 /var/www/html/mymisdiagnosis/app/Libraries/GroceryCrud.php(1049): call_user_func(Array, Object(stdClass))
#4 /var/www/html/mymisdiagnosis/app/Libraries/GroceryCrud.php(4570): App\Libraries\grocery_CRUD_Model_Driver->db_update(Object(stdClass))
#5 /var/www/html/mymisdiagnosis/app/Controllers/Articles.php(125): App\Libraries\GroceryCrud->render()
#6 /var/www/html/mymisdiagnosis/system/CodeIgniter.php(936): App\Controllers\Articles->posts('update', '16')
#7 /var/www/html/mymisdiagnosis/system/CodeIgniter.php(432): CodeIgniter\CodeIgniter->runController(Object(App\Controllers\Articles))
#8 /var/www/html/mymisdiagnosis/system/CodeIgniter.php(333): CodeIgniter\CodeIgniter->handleRequest(NULL, Object(Config\Cache), false)
#9 /var/www/html/mymisdiagnosis/index.php(44): CodeIgniter\CodeIgniter->run()
#10 {main}
INFO - 2021-12-15 11:56:17 --> Session: Class initialized using 'CodeIgniter\Session\Handlers\FileHandler' driver.
INFO - 2021-12-15 11:56:19 --> Session: Class initialized using 'CodeIgniter\Session\Handlers\FileHandler' driver.
INFO - 2021-12-15 11:56:19 --> Session: Class initialized using 'CodeIgniter\Session\Handlers\FileHandler' driver.
INFO - 2021-12-15 11:56:19 --> Session: Class initialized using 'CodeIgniter\Session\Handlers\FileHandler' driver.
INFO - 2021-12-15 11:56:22 --> Session: Class initialized using 'CodeIgniter\Session\Handlers\FileHandler' driver.
INFO - 2021-12-15 11:56:22 --> Session: Class initialized using 'CodeIgniter\Session\Handlers\FileHandler' driver.
INFO - 2021-12-15 11:56:28 --> Session: Class initialized using 'CodeIgniter\Session\Handlers\FileHandler' driver.
INFO - 2021-12-15 11:56:28 --> Session: Class initialized using 'CodeIgniter\Session\Handlers\FileHandler' driver.
CRITICAL - 2021-12-15 11:56:28 --> rename(../../mymisdiagnosis/upload/1-1000101/card_folder_16/field-post_thumb_temp.png,../../mymisdiagnosis/upload/1-1000101/card_folder_16/field-post_thumb.png): No such file or directory
#0 [internal function]: CodeIgniter\Debug\Exceptions->errorHandler(2, 'rename(../../my...', '/var/www/html/m...', 288, Array)
#1 /var/www/html/mymisdiagnosis/app/Controllers/Articles.php(288): rename('../../mymisdiag...', '../../mymisdiag...')
#2 [internal function]: App\Controllers\Articles->image_temp_routines_posts(Object(stdClass))
#3 /var/www/html/mymisdiagnosis/app/Libraries/GroceryCrud.php(1049): call_user_func(Array, Object(stdClass))
#4 /var/www/html/mymisdiagnosis/app/Libraries/GroceryCrud.php(4570): App\Libraries\grocery_CRUD_Model_Driver->db_update(Object(stdClass))
#5 /var/www/html/mymisdiagnosis/app/Controllers/Articles.php(125): App\Libraries\GroceryCrud->render()
#6 /var/www/html/mymisdiagnosis/system/CodeIgniter.php(936): App\Controllers\Articles->posts('update', '16')
#7 /var/www/html/mymisdiagnosis/system/CodeIgniter.php(432): CodeIgniter\CodeIgniter->runController(Object(App\Controllers\Articles))
#8 /var/www/html/mymisdiagnosis/system/CodeIgniter.php(333): CodeIgniter\CodeIgniter->handleRequest(NULL, Object(Config\Cache), false)
#9 /var/www/html/mymisdiagnosis/index.php(44): CodeIgniter\CodeIgniter->run()
#10 {main}
INFO - 2021-12-15 11:56:41 --> Session: Class initialized using 'CodeIgniter\Session\Handlers\FileHandler' driver.
INFO - 2021-12-15 11:56:41 --> Session: Class initialized using 'CodeIgniter\Session\Handlers\FileHandler' driver.
INFO - 2021-12-15 11:56:53 --> Session: Class initialized using 'CodeIgniter\Session\Handlers\FileHandler' driver.
INFO - 2021-12-15 11:56:53 --> Session: Class initialized using 'CodeIgniter\Session\Handlers\FileHandler' driver.
CRITICAL - 2021-12-15 11:56:53 --> rename(../..field-post_thumb_temp.png,../..field-post_thumb.png): No such file or directory
#0 [internal function]: CodeIgniter\Debug\Exceptions->errorHandler(2, 'rename(../..fie...', '/var/www/html/m...', 288, Array)
#1 /var/www/html/mymisdiagnosis/app/Controllers/Articles.php(288): rename('../..field-post...', '../..field-post...')
#2 [internal function]: App\Controllers\Articles->image_temp_routines_posts(Object(stdClass))
#3 /var/www/html/mymisdiagnosis/app/Libraries/GroceryCrud.php(1049): call_user_func(Array, Object(stdClass))
#4 /var/www/html/mymisdiagnosis/app/Libraries/GroceryCrud.php(4570): App\Libraries\grocery_CRUD_Model_Driver->db_update(Object(stdClass))
#5 /var/www/html/mymisdiagnosis/app/Controllers/Articles.php(125): App\Libraries\GroceryCrud->render()
#6 /var/www/html/mymisdiagnosis/system/CodeIgniter.php(936): App\Controllers\Articles->posts('update', '16')
#7 /var/www/html/mymisdiagnosis/system/CodeIgniter.php(432): CodeIgniter\CodeIgniter->runController(Object(App\Controllers\Articles))
#8 /var/www/html/mymisdiagnosis/system/CodeIgniter.php(333): CodeIgniter\CodeIgniter->handleRequest(NULL, Object(Config\Cache), false)
#9 /var/www/html/mymisdiagnosis/index.php(44): CodeIgniter\CodeIgniter->run()
#10 {main}
INFO - 2021-12-15 11:56:59 --> Session: Class initialized using 'CodeIgniter\Session\Handlers\FileHandler' driver.
INFO - 2021-12-15 11:57:00 --> Session: Class initialized using 'CodeIgniter\Session\Handlers\FileHandler' driver.
CRITICAL - 2021-12-15 11:57:00 --> rename(../..field-post_thumb_temp,../..field-post_thumb): No such file or directory
#0 [internal function]: CodeIgniter\Debug\Exceptions->errorHandler(2, 'rename(../..fie...', '/var/www/html/m...', 288, Array)
#1 /var/www/html/mymisdiagnosis/app/Controllers/Articles.php(288): rename('../..field-post...', '../..field-post...')
#2 [internal function]: App\Controllers\Articles->image_temp_routines_posts(Object(stdClass))
#3 /var/www/html/mymisdiagnosis/app/Libraries/GroceryCrud.php(1049): call_user_func(Array, Object(stdClass))
#4 /var/www/html/mymisdiagnosis/app/Libraries/GroceryCrud.php(4570): App\Libraries\grocery_CRUD_Model_Driver->db_update(Object(stdClass))
#5 /var/www/html/mymisdiagnosis/app/Controllers/Articles.php(125): App\Libraries\GroceryCrud->render()
#6 /var/www/html/mymisdiagnosis/system/CodeIgniter.php(936): App\Controllers\Articles->posts('update', '16')
#7 /var/www/html/mymisdiagnosis/system/CodeIgniter.php(432): CodeIgniter\CodeIgniter->runController(Object(App\Controllers\Articles))
#8 /var/www/html/mymisdiagnosis/system/CodeIgniter.php(333): CodeIgniter\CodeIgniter->handleRequest(NULL, Object(Config\Cache), false)
#9 /var/www/html/mymisdiagnosis/index.php(44): CodeIgniter\CodeIgniter->run()
#10 {main}
INFO - 2021-12-15 11:57:06 --> Session: Class initialized using 'CodeIgniter\Session\Handlers\FileHandler' driver.
INFO - 2021-12-15 11:57:06 --> Session: Class initialized using 'CodeIgniter\Session\Handlers\FileHandler' driver.
INFO - 2021-12-15 11:57:16 --> Session: Class initialized using 'CodeIgniter\Session\Handlers\FileHandler' driver.
INFO - 2021-12-15 11:57:16 --> Session: Class initialized using 'CodeIgniter\Session\Handlers\FileHandler' driver.
INFO - 2021-12-15 11:57:17 --> Session: Class initialized using 'CodeIgniter\Session\Handlers\FileHandler' driver.
INFO - 2021-12-15 11:57:27 --> Session: Class initialized using 'CodeIgniter\Session\Handlers\FileHandler' driver.
INFO - 2021-12-15 11:57:27 --> Session: Class initialized using 'CodeIgniter\Session\Handlers\FileHandler' driver.
INFO - 2021-12-15 11:57:39 --> Session: Class initialized using 'CodeIgniter\Session\Handlers\FileHandler' driver.
INFO - 2021-12-15 11:57:39 --> Session: Class initialized using 'CodeIgniter\Session\Handlers\FileHandler' driver.
INFO - 2021-12-15 12:01:12 --> Session: Class initialized using 'CodeIgniter\Session\Handlers\FileHandler' driver.
INFO - 2021-12-15 12:01:12 --> Session: Class initialized using 'CodeIgniter\Session\Handlers\FileHandler' driver.
INFO - 2021-12-15 12:32:07 --> Session: Class initialized using 'CodeIgniter\Session\Handlers\FileHandler' driver.
INFO - 2021-12-15 12:32:08 --> Session: Class initialized using 'CodeIgniter\Session\Handlers\FileHandler' driver.
INFO - 2021-12-15 12:32:20 --> Session: Class initialized using 'CodeIgniter\Session\Handlers\FileHandler' driver.
INFO - 2021-12-15 12:32:20 --> Session: Class initialized using 'CodeIgniter\Session\Handlers\FileHandler' driver.
CRITICAL - 2021-12-15 12:32:20 --> rename(../../mymisdiagnosis/upload/1-1000101/card_folder_16/field-post_image_temp.png,../../mymisdiagnosis/upload/1-1000101/card_folder_16/field-post_image.png): No such file or directory
#0 [internal function]: CodeIgniter\Debug\Exceptions->errorHandler(2, 'rename(../../my...', '/var/www/html/m...', 236, Array)
#1 /var/www/html/mymisdiagnosis/app/Controllers/Articles.php(236): rename('../../mymisdiag...', '../../mymisdiag...')
#2 [internal function]: App\Controllers\Articles->image_temp_routines_posts(Object(stdClass))
#3 /var/www/html/mymisdiagnosis/app/Libraries/GroceryCrud.php(1049): call_user_func(Array, Object(stdClass))
#4 /var/www/html/mymisdiagnosis/app/Libraries/GroceryCrud.php(4570): App\Libraries\grocery_CRUD_Model_Driver->db_update(Object(stdClass))
#5 /var/www/html/mymisdiagnosis/app/Controllers/Articles.php(125): App\Libraries\GroceryCrud->render()
#6 /var/www/html/mymisdiagnosis/system/CodeIgniter.php(936): App\Controllers\Articles->posts('update', '16')
#7 /var/www/html/mymisdiagnosis/system/CodeIgniter.php(432): CodeIgniter\CodeIgniter->runController(Object(App\Controllers\Articles))
#8 /var/www/html/mymisdiagnosis/system/CodeIgniter.php(333): CodeIgniter\CodeIgniter->handleRequest(NULL, Object(Config\Cache), false)
#9 /var/www/html/mymisdiagnosis/index.php(44): CodeIgniter\CodeIgniter->run()
#10 {main}
INFO - 2021-12-15 12:32:32 --> Session: Class initialized using 'CodeIgniter\Session\Handlers\FileHandler' driver.
INFO - 2021-12-15 12:32:32 --> Session: Class initialized using 'CodeIgniter\Session\Handlers\FileHandler' driver.
CRITICAL - 2021-12-15 12:32:32 --> rename(../../mymisdiagnosis/upload/1-1000101/card_folder_16/field-post_image_temp.png,../../mymisdiagnosis/upload/1-1000101/card_folder_16/field-post_image.png): No such file or directory
#0 [internal function]: CodeIgniter\Debug\Exceptions->errorHandler(2, 'rename(../../my...', '/var/www/html/m...', 236, Array)
#1 /var/www/html/mymisdiagnosis/app/Controllers/Articles.php(236): rename('../../mymisdiag...', '../../mymisdiag...')
#2 [internal function]: App\Controllers\Articles->image_temp_routines_posts(Object(stdClass))
#3 /var/www/html/mymisdiagnosis/app/Libraries/GroceryCrud.php(1049): call_user_func(Array, Object(stdClass))
#4 /var/www/html/mymisdiagnosis/app/Libraries/GroceryCrud.php(4570): App\Libraries\grocery_CRUD_Model_Driver->db_update(Object(stdClass))
#5 /var/www/html/mymisdiagnosis/app/Controllers/Articles.php(125): App\Libraries\GroceryCrud->render()
#6 /var/www/html/mymisdiagnosis/system/CodeIgniter.php(936): App\Controllers\Articles->posts('update', '16')
#7 /var/www/html/mymisdiagnosis/system/CodeIgniter.php(432): CodeIgniter\CodeIgniter->runController(Object(App\Controllers\Articles))
#8 /var/www/html/mymisdiagnosis/system/CodeIgniter.php(333): CodeIgniter\CodeIgniter->handleRequest(NULL, Object(Config\Cache), false)
#9 /var/www/html/mymisdiagnosis/index.php(44): CodeIgniter\CodeIgniter->run()
#10 {main}
INFO - 2021-12-15 12:33:23 --> Session: Class initialized using 'CodeIgniter\Session\Handlers\FileHandler' driver.
INFO - 2021-12-15 12:33:23 --> Session: Class initialized using 'CodeIgniter\Session\Handlers\FileHandler' driver.
INFO - 2021-12-15 12:33:27 --> Session: Class initialized using 'CodeIgniter\Session\Handlers\FileHandler' driver.
INFO - 2021-12-15 12:33:27 --> Session: Class initialized using 'CodeIgniter\Session\Handlers\FileHandler' driver.
INFO - 2021-12-15 12:33:28 --> Session: Class initialized using 'CodeIgniter\Session\Handlers\FileHandler' driver.
INFO - 2021-12-15 12:33:40 --> Session: Class initialized using 'CodeIgniter\Session\Handlers\FileHandler' driver.
INFO - 2021-12-15 12:33:40 --> Session: Class initialized using 'CodeIgniter\Session\Handlers\FileHandler' driver.
CRITICAL - 2021-12-15 12:33:40 --> rename(../../mymisdiagnosis/upload/1-1000101/card_folder_16/field-post_image_temp.jpg,../../mymisdiagnosis/upload/1-1000101/card_folder_16/field-post_image.jpg): No such file or directory
#0 [internal function]: CodeIgniter\Debug\Exceptions->errorHandler(2, 'rename(../../my...', '/var/www/html/m...', 236, Array)
#1 /var/www/html/mymisdiagnosis/app/Controllers/Articles.php(236): rename('../../mymisdiag...', '../../mymisdiag...')
#2 [internal function]: App\Controllers\Articles->image_temp_routines_posts(Object(stdClass))
#3 /var/www/html/mymisdiagnosis/app/Libraries/GroceryCrud.php(1049): call_user_func(Array, Object(stdClass))
#4 /var/www/html/mymisdiagnosis/app/Libraries/GroceryCrud.php(4570): App\Libraries\grocery_CRUD_Model_Driver->db_update(Object(stdClass))
#5 /var/www/html/mymisdiagnosis/app/Controllers/Articles.php(125): App\Libraries\GroceryCrud->render()
#6 /var/www/html/mymisdiagnosis/system/CodeIgniter.php(936): App\Controllers\Articles->posts('update', '16')
#7 /var/www/html/mymisdiagnosis/system/CodeIgniter.php(432): CodeIgniter\CodeIgniter->runController(Object(App\Controllers\Articles))
#8 /var/www/html/mymisdiagnosis/system/CodeIgniter.php(333): CodeIgniter\CodeIgniter->handleRequest(NULL, Object(Config\Cache), false)
#9 /var/www/html/mymisdiagnosis/index.php(44): CodeIgniter\CodeIgniter->run()
#10 {main}
INFO - 2021-12-15 12:34:15 --> Session: Class initialized using 'CodeIgniter\Session\Handlers\FileHandler' driver.
INFO - 2021-12-15 12:34:16 --> Session: Class initialized using 'CodeIgniter\Session\Handlers\FileHandler' driver.
INFO - 2021-12-15 12:34:16 --> Session: Class initialized using 'CodeIgniter\Session\Handlers\FileHandler' driver.
INFO - 2021-12-15 12:34:31 --> Session: Class initialized using 'CodeIgniter\Session\Handlers\FileHandler' driver.
INFO - 2021-12-15 12:34:31 --> Session: Class initialized using 'CodeIgniter\Session\Handlers\FileHandler' driver.
CRITICAL - 2021-12-15 12:34:31 --> rename(../../mymisdiagnosis/upload/1-1000101/card_folder_16/field-post_image_temp.png,../../mymisdiagnosis/upload/1-1000101/card_folder_16/field-post_image.png): No such file or directory
#0 [internal function]: CodeIgniter\Debug\Exceptions->errorHandler(2, 'rename(../../my...', '/var/www/html/m...', 236, Array)
#1 /var/www/html/mymisdiagnosis/app/Controllers/Articles.php(236): rename('../../mymisdiag...', '../../mymisdiag...')
#2 [internal function]: App\Controllers\Articles->image_temp_routines_posts(Object(stdClass))
#3 /var/www/html/mymisdiagnosis/app/Libraries/GroceryCrud.php(1049): call_user_func(Array, Object(stdClass))
#4 /var/www/html/mymisdiagnosis/app/Libraries/GroceryCrud.php(4570): App\Libraries\grocery_CRUD_Model_Driver->db_update(Object(stdClass))
#5 /var/www/html/mymisdiagnosis/app/Controllers/Articles.php(125): App\Libraries\GroceryCrud->render()
#6 /var/www/html/mymisdiagnosis/system/CodeIgniter.php(936): App\Controllers\Articles->posts('update', '16')
#7 /var/www/html/mymisdiagnosis/system/CodeIgniter.php(432): CodeIgniter\CodeIgniter->runController(Object(App\Controllers\Articles))
#8 /var/www/html/mymisdiagnosis/system/CodeIgniter.php(333): CodeIgniter\CodeIgniter->handleRequest(NULL, Object(Config\Cache), false)
#9 /var/www/html/mymisdiagnosis/index.php(44): CodeIgniter\CodeIgniter->run()
#10 {main}
INFO - 2021-12-15 12:34:57 --> Session: Class initialized using 'CodeIgniter\Session\Handlers\FileHandler' driver.
INFO - 2021-12-15 12:34:57 --> Session: Class initialized using 'CodeIgniter\Session\Handlers\FileHandler' driver.
INFO - 2021-12-15 12:34:57 --> Session: Class initialized using 'CodeIgniter\Session\Handlers\FileHandler' driver.
INFO - 2021-12-15 12:35:07 --> Session: Class initialized using 'CodeIgniter\Session\Handlers\FileHandler' driver.
INFO - 2021-12-15 12:35:08 --> Session: Class initialized using 'CodeIgniter\Session\Handlers\FileHandler' driver.
CRITICAL - 2021-12-15 12:35:08 --> rename(../../mymisdiagnosis/upload/1-1000101/card_folder_16/field-post_image_temp.jpg,../../mymisdiagnosis/upload/1-1000101/card_folder_16/field-post_image.jpg): No such file or directory
#0 [internal function]: CodeIgniter\Debug\Exceptions->errorHandler(2, 'rename(../../my...', '/var/www/html/m...', 236, Array)
#1 /var/www/html/mymisdiagnosis/app/Controllers/Articles.php(236): rename('../../mymisdiag...', '../../mymisdiag...')
#2 [internal function]: App\Controllers\Articles->image_temp_routines_posts(Object(stdClass))
#3 /var/www/html/mymisdiagnosis/app/Libraries/GroceryCrud.php(1049): call_user_func(Array, Object(stdClass))
#4 /var/www/html/mymisdiagnosis/app/Libraries/GroceryCrud.php(4570): App\Libraries\grocery_CRUD_Model_Driver->db_update(Object(stdClass))
#5 /var/www/html/mymisdiagnosis/app/Controllers/Articles.php(125): App\Libraries\GroceryCrud->render()
#6 /var/www/html/mymisdiagnosis/system/CodeIgniter.php(936): App\Controllers\Articles->posts('update', '16')
#7 /var/www/html/mymisdiagnosis/system/CodeIgniter.php(432): CodeIgniter\CodeIgniter->runController(Object(App\Controllers\Articles))
#8 /var/www/html/mymisdiagnosis/system/CodeIgniter.php(333): CodeIgniter\CodeIgniter->handleRequest(NULL, Object(Config\Cache), false)
#9 /var/www/html/mymisdiagnosis/index.php(44): CodeIgniter\CodeIgniter->run()
#10 {main}
INFO - 2021-12-15 12:35:47 --> Session: Class initialized using 'CodeIgniter\Session\Handlers\FileHandler' driver.
INFO - 2021-12-15 12:35:48 --> Session: Class initialized using 'CodeIgniter\Session\Handlers\FileHandler' driver.
INFO - 2021-12-15 12:35:48 --> Session: Class initialized using 'CodeIgniter\Session\Handlers\FileHandler' driver.
INFO - 2021-12-15 12:35:58 --> Session: Class initialized using 'CodeIgniter\Session\Handlers\FileHandler' driver.
INFO - 2021-12-15 12:35:58 --> Session: Class initialized using 'CodeIgniter\Session\Handlers\FileHandler' driver.
INFO - 2021-12-15 12:36:02 --> Session: Class initialized using 'CodeIgniter\Session\Handlers\FileHandler' driver.
INFO - 2021-12-15 12:36:07 --> Session: Class initialized using 'CodeIgniter\Session\Handlers\FileHandler' driver.
INFO - 2021-12-15 12:36:07 --> Session: Class initialized using 'CodeIgniter\Session\Handlers\FileHandler' driver.
INFO - 2021-12-15 12:37:21 --> Session: Class initialized using 'CodeIgniter\Session\Handlers\FileHandler' driver.
INFO - 2021-12-15 12:37:21 --> Session: Class initialized using 'CodeIgniter\Session\Handlers\FileHandler' driver.
INFO - 2021-12-15 12:37:27 --> Session: Class initialized using 'CodeIgniter\Session\Handlers\FileHandler' driver.
INFO - 2021-12-15 12:37:27 --> Session: Class initialized using 'CodeIgniter\Session\Handlers\FileHandler' driver.
CRITICAL - 2021-12-15 12:37:27 --> rename(../../mymisdiagnosis/upload/1-1000101/card_folder_16/field-post_image_temp.png,../../mymisdiagnosis/upload/1-1000101/card_folder_16/field-post_image.png): No such file or directory
#0 [internal function]: CodeIgniter\Debug\Exceptions->errorHandler(2, 'rename(../../my...', '/var/www/html/m...', 236, Array)
#1 /var/www/html/mymisdiagnosis/app/Controllers/Articles.php(236): rename('../../mymisdiag...', '../../mymisdiag...')
#2 [internal function]: App\Controllers\Articles->image_temp_routines_posts(Object(stdClass))
#3 /var/www/html/mymisdiagnosis/app/Libraries/GroceryCrud.php(1049): call_user_func(Array, Object(stdClass))
#4 /var/www/html/mymisdiagnosis/app/Libraries/GroceryCrud.php(4570): App\Libraries\grocery_CRUD_Model_Driver->db_update(Object(stdClass))
#5 /var/www/html/mymisdiagnosis/app/Controllers/Articles.php(125): App\Libraries\GroceryCrud->render()
#6 /var/www/html/mymisdiagnosis/system/CodeIgniter.php(936): App\Controllers\Articles->posts('update', '16')
#7 /var/www/html/mymisdiagnosis/system/CodeIgniter.php(432): CodeIgniter\CodeIgniter->runController(Object(App\Controllers\Articles))
#8 /var/www/html/mymisdiagnosis/system/CodeIgniter.php(333): CodeIgniter\CodeIgniter->handleRequest(NULL, Object(Config\Cache), false)
#9 /var/www/html/mymisdiagnosis/index.php(44): CodeIgniter\CodeIgniter->run()
#10 {main}
INFO - 2021-12-15 12:39:05 --> Session: Class initialized using 'CodeIgniter\Session\Handlers\FileHandler' driver.
INFO - 2021-12-15 12:39:06 --> Session: Class initialized using 'CodeIgniter\Session\Handlers\FileHandler' driver.
INFO - 2021-12-15 12:39:10 --> Session: Class initialized using 'CodeIgniter\Session\Handlers\FileHandler' driver.
INFO - 2021-12-15 12:39:10 --> Session: Class initialized using 'CodeIgniter\Session\Handlers\FileHandler' driver.
CRITICAL - 2021-12-15 12:39:10 --> rename(../../mymisdiagnosis/upload/1-1000101/card_folder_16/field-post_image_temp.png,../../mymisdiagnosis/upload/1-1000101/card_folder_16/field-post_image.png): No such file or directory
#0 [internal function]: CodeIgniter\Debug\Exceptions->errorHandler(2, 'rename(../../my...', '/var/www/html/m...', 236, Array)
#1 /var/www/html/mymisdiagnosis/app/Controllers/Articles.php(236): rename('../../mymisdiag...', '../../mymisdiag...')
#2 [internal function]: App\Controllers\Articles->image_temp_routines_posts(Object(stdClass))
#3 /var/www/html/mymisdiagnosis/app/Libraries/GroceryCrud.php(1049): call_user_func(Array, Object(stdClass))
#4 /var/www/html/mymisdiagnosis/app/Libraries/GroceryCrud.php(4570): App\Libraries\grocery_CRUD_Model_Driver->db_update(Object(stdClass))
#5 /var/www/html/mymisdiagnosis/app/Controllers/Articles.php(125): App\Libraries\GroceryCrud->render()
#6 /var/www/html/mymisdiagnosis/system/CodeIgniter.php(936): App\Controllers\Articles->posts('update', '16')
#7 /var/www/html/mymisdiagnosis/system/CodeIgniter.php(432): CodeIgniter\CodeIgniter->runController(Object(App\Controllers\Articles))
#8 /var/www/html/mymisdiagnosis/system/CodeIgniter.php(333): CodeIgniter\CodeIgniter->handleRequest(NULL, Object(Config\Cache), false)
#9 /var/www/html/mymisdiagnosis/index.php(44): CodeIgniter\CodeIgniter->run()
#10 {main}
INFO - 2021-12-15 12:39:25 --> Session: Class initialized using 'CodeIgniter\Session\Handlers\FileHandler' driver.
INFO - 2021-12-15 12:39:25 --> Session: Class initialized using 'CodeIgniter\Session\Handlers\FileHandler' driver.
INFO - 2021-12-15 12:39:45 --> Session: Class initialized using 'CodeIgniter\Session\Handlers\FileHandler' driver.
INFO - 2021-12-15 12:39:45 --> Session: Class initialized using 'CodeIgniter\Session\Handlers\FileHandler' driver.
CRITICAL - 2021-12-15 12:39:45 --> rename(../../mymisdiagnosis/upload/1-1000101/card_folder_16/field-post_image_temp.png,../../mymisdiagnosis/upload/1-1000101/card_folder_16/field-post_image.png): No such file or directory
#0 [internal function]: CodeIgniter\Debug\Exceptions->errorHandler(2, 'rename(../../my...', '/var/www/html/m...', 236, Array)
#1 /var/www/html/mymisdiagnosis/app/Controllers/Articles.php(236): rename('../../mymisdiag...', '../../mymisdiag...')
#2 [internal function]: App\Controllers\Articles->image_temp_routines_posts(Object(stdClass))
#3 /var/www/html/mymisdiagnosis/app/Libraries/GroceryCrud.php(1049): call_user_func(Array, Object(stdClass))
#4 /var/www/html/mymisdiagnosis/app/Libraries/GroceryCrud.php(4570): App\Libraries\grocery_CRUD_Model_Driver->db_update(Object(stdClass))
#5 /var/www/html/mymisdiagnosis/app/Controllers/Articles.php(125): App\Libraries\GroceryCrud->render()
#6 /var/www/html/mymisdiagnosis/system/CodeIgniter.php(936): App\Controllers\Articles->posts('update', '16')
#7 /var/www/html/mymisdiagnosis/system/CodeIgniter.php(432): CodeIgniter\CodeIgniter->runController(Object(App\Controllers\Articles))
#8 /var/www/html/mymisdiagnosis/system/CodeIgniter.php(333): CodeIgniter\CodeIgniter->handleRequest(NULL, Object(Config\Cache), false)
#9 /var/www/html/mymisdiagnosis/index.php(44): CodeIgniter\CodeIgniter->run()
#10 {main}
INFO - 2021-12-15 12:39:47 --> Session: Class initialized using 'CodeIgniter\Session\Handlers\FileHandler' driver.
INFO - 2021-12-15 12:39:47 --> Session: Class initialized using 'CodeIgniter\Session\Handlers\FileHandler' driver.
CRITICAL - 2021-12-15 12:39:47 --> rename(../../mymisdiagnosis/upload/1-1000101/card_folder_16/field-post_image_temp.png,../../mymisdiagnosis/upload/1-1000101/card_folder_16/field-post_image.png): No such file or directory
#0 [internal function]: CodeIgniter\Debug\Exceptions->errorHandler(2, 'rename(../../my...', '/var/www/html/m...', 236, Array)
#1 /var/www/html/mymisdiagnosis/app/Controllers/Articles.php(236): rename('../../mymisdiag...', '../../mymisdiag...')
#2 [internal function]: App\Controllers\Articles->image_temp_routines_posts(Object(stdClass))
#3 /var/www/html/mymisdiagnosis/app/Libraries/GroceryCrud.php(1049): call_user_func(Array, Object(stdClass))
#4 /var/www/html/mymisdiagnosis/app/Libraries/GroceryCrud.php(4570): App\Libraries\grocery_CRUD_Model_Driver->db_update(Object(stdClass))
#5 /var/www/html/mymisdiagnosis/app/Controllers/Articles.php(125): App\Libraries\GroceryCrud->render()
#6 /var/www/html/mymisdiagnosis/system/CodeIgniter.php(936): App\Controllers\Articles->posts('update', '16')
#7 /var/www/html/mymisdiagnosis/system/CodeIgniter.php(432): CodeIgniter\CodeIgniter->runController(Object(App\Controllers\Articles))
#8 /var/www/html/mymisdiagnosis/system/CodeIgniter.php(333): CodeIgniter\CodeIgniter->handleRequest(NULL, Object(Config\Cache), false)
#9 /var/www/html/mymisdiagnosis/index.php(44): CodeIgniter\CodeIgniter->run()
#10 {main}
INFO - 2021-12-15 12:43:41 --> Session: Class initialized using 'CodeIgniter\Session\Handlers\FileHandler' driver.
INFO - 2021-12-15 12:43:41 --> Session: Class initialized using 'CodeIgniter\Session\Handlers\FileHandler' driver.
INFO - 2021-12-15 12:44:05 --> Session: Class initialized using 'CodeIgniter\Session\Handlers\FileHandler' driver.
INFO - 2021-12-15 12:44:06 --> Session: Class initialized using 'CodeIgniter\Session\Handlers\FileHandler' driver.
INFO - 2021-12-15 13:20:46 --> Session: Class initialized using 'CodeIgniter\Session\Handlers\FileHandler' driver.
INFO - 2021-12-15 13:20:46 --> Session: Class initialized using 'CodeIgniter\Session\Handlers\FileHandler' driver.
INFO - 2021-12-15 13:20:58 --> Session: Class initialized using 'CodeIgniter\Session\Handlers\FileHandler' driver.
INFO - 2021-12-15 13:20:58 --> Session: Class initialized using 'CodeIgniter\Session\Handlers\FileHandler' driver.
CRITICAL - 2021-12-15 13:20:58 --> rename(../../mymisdiagnosis/upload/1-1000101/card_folder_16/field-post_image_temp.jpg,../../mymisdiagnosis/upload/1-1000101/card_folder_16/field-post_image.jpg): No such file or directory
#0 [internal function]: CodeIgniter\Debug\Exceptions->errorHandler(2, 'rename(../../my...', '/var/www/html/m...', 236, Array)
#1 /var/www/html/mymisdiagnosis/app/Controllers/Articles.php(236): rename('../../mymisdiag...', '../../mymisdiag...')
#2 [internal function]: App\Controllers\Articles->image_temp_routines_posts(Object(stdClass))
#3 /var/www/html/mymisdiagnosis/app/Libraries/GroceryCrud.php(1049): call_user_func(Array, Object(stdClass))
#4 /var/www/html/mymisdiagnosis/app/Libraries/GroceryCrud.php(4570): App\Libraries\grocery_CRUD_Model_Driver->db_update(Object(stdClass))
#5 /var/www/html/mymisdiagnosis/app/Controllers/Articles.php(125): App\Libraries\GroceryCrud->render()
#6 /var/www/html/mymisdiagnosis/system/CodeIgniter.php(936): App\Controllers\Articles->posts('update', '16')
#7 /var/www/html/mymisdiagnosis/system/CodeIgniter.php(432): CodeIgniter\CodeIgniter->runController(Object(App\Controllers\Articles))
#8 /var/www/html/mymisdiagnosis/system/CodeIgniter.php(333): CodeIgniter\CodeIgniter->handleRequest(NULL, Object(Config\Cache), false)
#9 /var/www/html/mymisdiagnosis/index.php(44): CodeIgniter\CodeIgniter->run()
#10 {main}
INFO - 2021-12-15 13:22:05 --> Session: Class initialized using 'CodeIgniter\Session\Handlers\FileHandler' driver.
INFO - 2021-12-15 13:22:05 --> Session: Class initialized using 'CodeIgniter\Session\Handlers\FileHandler' driver.
INFO - 2021-12-15 13:22:09 --> Session: Class initialized using 'CodeIgniter\Session\Handlers\FileHandler' driver.
INFO - 2021-12-15 13:22:09 --> Session: Class initialized using 'CodeIgniter\Session\Handlers\FileHandler' driver.
INFO - 2021-12-15 13:22:09 --> Session: Class initialized using 'CodeIgniter\Session\Handlers\FileHandler' driver.
INFO - 2021-12-15 13:22:20 --> Session: Class initialized using 'CodeIgniter\Session\Handlers\FileHandler' driver.
INFO - 2021-12-15 13:22:20 --> Session: Class initialized using 'CodeIgniter\Session\Handlers\FileHandler' driver.
CRITICAL - 2021-12-15 13:22:20 --> rename(../../mymisdiagnosis/upload/1-1000101/card_folder_16/field-post_image_temp.png,../../mymisdiagnosis/upload/1-1000101/card_folder_16/field-post_image.png): No such file or directory
#0 [internal function]: CodeIgniter\Debug\Exceptions->errorHandler(2, 'rename(../../my...', '/var/www/html/m...', 236, Array)
#1 /var/www/html/mymisdiagnosis/app/Controllers/Articles.php(236): rename('../../mymisdiag...', '../../mymisdiag...')
#2 [internal function]: App\Controllers\Articles->image_temp_routines_posts(Object(stdClass))
#3 /var/www/html/mymisdiagnosis/app/Libraries/GroceryCrud.php(1049): call_user_func(Array, Object(stdClass))
#4 /var/www/html/mymisdiagnosis/app/Libraries/GroceryCrud.php(4570): App\Libraries\grocery_CRUD_Model_Driver->db_update(Object(stdClass))
#5 /var/www/html/mymisdiagnosis/app/Controllers/Articles.php(125): App\Libraries\GroceryCrud->render()
#6 /var/www/html/mymisdiagnosis/system/CodeIgniter.php(936): App\Controllers\Articles->posts('update', '16')
#7 /var/www/html/mymisdiagnosis/system/CodeIgniter.php(432): CodeIgniter\CodeIgniter->runController(Object(App\Controllers\Articles))
#8 /var/www/html/mymisdiagnosis/system/CodeIgniter.php(333): CodeIgniter\CodeIgniter->handleRequest(NULL, Object(Config\Cache), false)
#9 /var/www/html/mymisdiagnosis/index.php(44): CodeIgniter\CodeIgniter->run()
#10 {main}
INFO - 2021-12-15 13:23:48 --> Session: Class initialized using 'CodeIgniter\Session\Handlers\FileHandler' driver.
INFO - 2021-12-15 13:23:48 --> Session: Class initialized using 'CodeIgniter\Session\Handlers\FileHandler' driver.
INFO - 2021-12-15 13:23:54 --> Session: Class initialized using 'CodeIgniter\Session\Handlers\FileHandler' driver.
INFO - 2021-12-15 13:23:54 --> Session: Class initialized using 'CodeIgniter\Session\Handlers\FileHandler' driver.
INFO - 2021-12-15 13:24:49 --> Session: Class initialized using 'CodeIgniter\Session\Handlers\FileHandler' driver.
INFO - 2021-12-15 13:24:50 --> Session: Class initialized using 'CodeIgniter\Session\Handlers\FileHandler' driver.
INFO - 2021-12-15 13:24:57 --> Session: Class initialized using 'CodeIgniter\Session\Handlers\FileHandler' driver.
INFO - 2021-12-15 13:24:57 --> Session: Class initialized using 'CodeIgniter\Session\Handlers\FileHandler' driver.
INFO - 2021-12-15 13:25:15 --> Session: Class initialized using 'CodeIgniter\Session\Handlers\FileHandler' driver.
INFO - 2021-12-15 13:25:16 --> Session: Class initialized using 'CodeIgniter\Session\Handlers\FileHandler' driver.
INFO - 2021-12-15 13:27:13 --> Session: Class initialized using 'CodeIgniter\Session\Handlers\FileHandler' driver.
INFO - 2021-12-15 13:27:13 --> Session: Class initialized using 'CodeIgniter\Session\Handlers\FileHandler' driver.
INFO - 2021-12-15 13:27:19 --> Session: Class initialized using 'CodeIgniter\Session\Handlers\FileHandler' driver.
INFO - 2021-12-15 13:27:19 --> Session: Class initialized using 'CodeIgniter\Session\Handlers\FileHandler' driver.
INFO - 2021-12-15 13:27:19 --> Session: Class initialized using 'CodeIgniter\Session\Handlers\FileHandler' driver.
INFO - 2021-12-15 13:27:32 --> Session: Class initialized using 'CodeIgniter\Session\Handlers\FileHandler' driver.
INFO - 2021-12-15 13:27:32 --> Session: Class initialized using 'CodeIgniter\Session\Handlers\FileHandler' driver.
CRITICAL - 2021-12-15 13:27:32 --> rename(../../mymisdiagnosis/upload/1-1000101/card_folder_16/field-post_image_temp.jpg,../..test): No such file or directory
#0 [internal function]: CodeIgniter\Debug\Exceptions->errorHandler(2, 'rename(../../my...', '/var/www/html/m...', 236, Array)
#1 /var/www/html/mymisdiagnosis/app/Controllers/Articles.php(236): rename('../../mymisdiag...', '../..test')
#2 [internal function]: App\Controllers\Articles->image_temp_routines_posts(Object(stdClass))
#3 /var/www/html/mymisdiagnosis/app/Libraries/GroceryCrud.php(1049): call_user_func(Array, Object(stdClass))
#4 /var/www/html/mymisdiagnosis/app/Libraries/GroceryCrud.php(4570): App\Libraries\grocery_CRUD_Model_Driver->db_update(Object(stdClass))
#5 /var/www/html/mymisdiagnosis/app/Controllers/Articles.php(125): App\Libraries\GroceryCrud->render()
#6 /var/www/html/mymisdiagnosis/system/CodeIgniter.php(936): App\Controllers\Articles->posts('update', '16')
#7 /var/www/html/mymisdiagnosis/system/CodeIgniter.php(432): CodeIgniter\CodeIgniter->runController(Object(App\Controllers\Articles))
#8 /var/www/html/mymisdiagnosis/system/CodeIgniter.php(333): CodeIgniter\CodeIgniter->handleRequest(NULL, Object(Config\Cache), false)
#9 /var/www/html/mymisdiagnosis/index.php(44): CodeIgniter\CodeIgniter->run()
#10 {main}
INFO - 2021-12-15 13:28:11 --> Session: Class initialized using 'CodeIgniter\Session\Handlers\FileHandler' driver.
INFO - 2021-12-15 13:28:11 --> Session: Class initialized using 'CodeIgniter\Session\Handlers\FileHandler' driver.
CRITICAL - 2021-12-15 13:28:11 --> rename(../../mymisdiagnosis/upload/1-1000101/card_folder_16/field-post_image_temp.jpg,../..str_replace('_temp', '', /mymisdiagnosis/upload/1-1000101/card_folder_16/field-post_image_temp.jpg)): No such file or directory
#0 [internal function]: CodeIgniter\Debug\Exceptions->errorHandler(2, 'rename(../../my...', '/var/www/html/m...', 236, Array)
#1 /var/www/html/mymisdiagnosis/app/Controllers/Articles.php(236): rename('../../mymisdiag...', '../..str_replac...')
#2 [internal function]: App\Controllers\Articles->image_temp_routines_posts(Object(stdClass))
#3 /var/www/html/mymisdiagnosis/app/Libraries/GroceryCrud.php(1049): call_user_func(Array, Object(stdClass))
#4 /var/www/html/mymisdiagnosis/app/Libraries/GroceryCrud.php(4570): App\Libraries\grocery_CRUD_Model_Driver->db_update(Object(stdClass))
#5 /var/www/html/mymisdiagnosis/app/Controllers/Articles.php(125): App\Libraries\GroceryCrud->render()
#6 /var/www/html/mymisdiagnosis/system/CodeIgniter.php(936): App\Controllers\Articles->posts('update', '16')
#7 /var/www/html/mymisdiagnosis/system/CodeIgniter.php(432): CodeIgniter\CodeIgniter->runController(Object(App\Controllers\Articles))
#8 /var/www/html/mymisdiagnosis/system/CodeIgniter.php(333): CodeIgniter\CodeIgniter->handleRequest(NULL, Object(Config\Cache), false)
#9 /var/www/html/mymisdiagnosis/index.php(44): CodeIgniter\CodeIgniter->run()
#10 {main}
INFO - 2021-12-15 13:30:15 --> Session: Class initialized using 'CodeIgniter\Session\Handlers\FileHandler' driver.
INFO - 2021-12-15 13:30:15 --> Session: Class initialized using 'CodeIgniter\Session\Handlers\FileHandler' driver.
INFO - 2021-12-15 13:31:17 --> Session: Class initialized using 'CodeIgniter\Session\Handlers\FileHandler' driver.
INFO - 2021-12-15 13:31:17 --> Session: Class initialized using 'CodeIgniter\Session\Handlers\FileHandler' driver.
CRITICAL - 2021-12-15 13:31:17 --> rename(../../mymisdiagnosis/upload/1-1000101/card_folder_16/field-post_image_temp.jpg,../..str_replace('_temp', '', /mymisdiagnosis/upload/1-1000101/card_folder_16/field-post_image_temp.jpg)): No such file or directory
#0 [internal function]: CodeIgniter\Debug\Exceptions->errorHandler(2, 'rename(../../my...', '/var/www/html/m...', 236, Array)
#1 /var/www/html/mymisdiagnosis/app/Controllers/Articles.php(236): rename('../../mymisdiag...', '../..str_replac...')
#2 [internal function]: App\Controllers\Articles->image_temp_routines_posts(Object(stdClass))
#3 /var/www/html/mymisdiagnosis/app/Libraries/GroceryCrud.php(1049): call_user_func(Array, Object(stdClass))
#4 /var/www/html/mymisdiagnosis/app/Libraries/GroceryCrud.php(4570): App\Libraries\grocery_CRUD_Model_Driver->db_update(Object(stdClass))
#5 /var/www/html/mymisdiagnosis/app/Controllers/Articles.php(125): App\Libraries\GroceryCrud->render()
#6 /var/www/html/mymisdiagnosis/system/CodeIgniter.php(936): App\Controllers\Articles->posts('update', '16')
#7 /var/www/html/mymisdiagnosis/system/CodeIgniter.php(432): CodeIgniter\CodeIgniter->runController(Object(App\Controllers\Articles))
#8 /var/www/html/mymisdiagnosis/system/CodeIgniter.php(333): CodeIgniter\CodeIgniter->handleRequest(NULL, Object(Config\Cache), false)
#9 /var/www/html/mymisdiagnosis/index.php(44): CodeIgniter\CodeIgniter->run()
#10 {main}
INFO - 2021-12-15 13:33:44 --> Session: Class initialized using 'CodeIgniter\Session\Handlers\FileHandler' driver.
INFO - 2021-12-15 13:33:44 --> Session: Class initialized using 'CodeIgniter\Session\Handlers\FileHandler' driver.
CRITICAL - 2021-12-15 13:33:44 --> rename(../../mymisdiagnosis/upload/1-1000101/card_folder_16/field-post_image_temp.jpg,../..str_replace('_temp', '', /mymisdiagnosis/upload/1-1000101/card_folder_16/field-post_image_temp.jpg)): No such file or directory
#0 [internal function]: CodeIgniter\Debug\Exceptions->errorHandler(2, 'rename(../../my...', '/var/www/html/m...', 240, Array)
#1 /var/www/html/mymisdiagnosis/app/Controllers/Articles.php(240): rename('../../mymisdiag...', '../..str_replac...')
#2 [internal function]: App\Controllers\Articles->image_temp_routines_posts(Object(stdClass))
#3 /var/www/html/mymisdiagnosis/app/Libraries/GroceryCrud.php(1049): call_user_func(Array, Object(stdClass))
#4 /var/www/html/mymisdiagnosis/app/Libraries/GroceryCrud.php(4570): App\Libraries\grocery_CRUD_Model_Driver->db_update(Object(stdClass))
#5 /var/www/html/mymisdiagnosis/app/Controllers/Articles.php(125): App\Libraries\GroceryCrud->render()
#6 /var/www/html/mymisdiagnosis/system/CodeIgniter.php(936): App\Controllers\Articles->posts('update', '16')
#7 /var/www/html/mymisdiagnosis/system/CodeIgniter.php(432): CodeIgniter\CodeIgniter->runController(Object(App\Controllers\Articles))
#8 /var/www/html/mymisdiagnosis/system/CodeIgniter.php(333): CodeIgniter\CodeIgniter->handleRequest(NULL, Object(Config\Cache), false)
#9 /var/www/html/mymisdiagnosis/index.php(44): CodeIgniter\CodeIgniter->run()
#10 {main}
INFO - 2021-12-15 13:33:47 --> Session: Class initialized using 'CodeIgniter\Session\Handlers\FileHandler' driver.
INFO - 2021-12-15 13:33:48 --> Session: Class initialized using 'CodeIgniter\Session\Handlers\FileHandler' driver.
CRITICAL - 2021-12-15 13:33:48 --> rename(../../mymisdiagnosis/upload/1-1000101/card_folder_16/field-post_image_temp.jpg,../..str_replace('_temp', '', /mymisdiagnosis/upload/1-1000101/card_folder_16/field-post_image_temp.jpg)): No such file or directory
#0 [internal function]: CodeIgniter\Debug\Exceptions->errorHandler(2, 'rename(../../my...', '/var/www/html/m...', 240, Array)
#1 /var/www/html/mymisdiagnosis/app/Controllers/Articles.php(240): rename('../../mymisdiag...', '../..str_replac...')
#2 [internal function]: App\Controllers\Articles->image_temp_routines_posts(Object(stdClass))
#3 /var/www/html/mymisdiagnosis/app/Libraries/GroceryCrud.php(1049): call_user_func(Array, Object(stdClass))
#4 /var/www/html/mymisdiagnosis/app/Libraries/GroceryCrud.php(4570): App\Libraries\grocery_CRUD_Model_Driver->db_update(Object(stdClass))
#5 /var/www/html/mymisdiagnosis/app/Controllers/Articles.php(125): App\Libraries\GroceryCrud->render()
#6 /var/www/html/mymisdiagnosis/system/CodeIgniter.php(936): App\Controllers\Articles->posts('update', '16')
#7 /var/www/html/mymisdiagnosis/system/CodeIgniter.php(432): CodeIgniter\CodeIgniter->runController(Object(App\Controllers\Articles))
#8 /var/www/html/mymisdiagnosis/system/CodeIgniter.php(333): CodeIgniter\CodeIgniter->handleRequest(NULL, Object(Config\Cache), false)
#9 /var/www/html/mymisdiagnosis/index.php(44): CodeIgniter\CodeIgniter->run()
#10 {main}
INFO - 2021-12-15 13:34:13 --> Session: Class initialized using 'CodeIgniter\Session\Handlers\FileHandler' driver.
INFO - 2021-12-15 13:34:13 --> Session: Class initialized using 'CodeIgniter\Session\Handlers\FileHandler' driver.
CRITICAL - 2021-12-15 13:34:13 --> rename(../../mymisdiagnosis/upload/1-1000101/card_folder_16/field-post_image_temp.jpg,../..str_replace('_temp', '', /mymisdiagnosis/upload/1-1000101/card_folder_16/field-post_image_temp.jpg)): No such file or directory
#0 [internal function]: CodeIgniter\Debug\Exceptions->errorHandler(2, 'rename(../../my...', '/var/www/html/m...', 240, Array)
#1 /var/www/html/mymisdiagnosis/app/Controllers/Articles.php(240): rename('../../mymisdiag...', '../..str_replac...')
#2 [internal function]: App\Controllers\Articles->image_temp_routines_posts(Object(stdClass))
#3 /var/www/html/mymisdiagnosis/app/Libraries/GroceryCrud.php(1049): call_user_func(Array, Object(stdClass))
#4 /var/www/html/mymisdiagnosis/app/Libraries/GroceryCrud.php(4570): App\Libraries\grocery_CRUD_Model_Driver->db_update(Object(stdClass))
#5 /var/www/html/mymisdiagnosis/app/Controllers/Articles.php(125): App\Libraries\GroceryCrud->render()
#6 /var/www/html/mymisdiagnosis/system/CodeIgniter.php(936): App\Controllers\Articles->posts('update', '16')
#7 /var/www/html/mymisdiagnosis/system/CodeIgniter.php(432): CodeIgniter\CodeIgniter->runController(Object(App\Controllers\Articles))
#8 /var/www/html/mymisdiagnosis/system/CodeIgniter.php(333): CodeIgniter\CodeIgniter->handleRequest(NULL, Object(Config\Cache), false)
#9 /var/www/html/mymisdiagnosis/index.php(44): CodeIgniter\CodeIgniter->run()
#10 {main}
INFO - 2021-12-15 13:34:34 --> Session: Class initialized using 'CodeIgniter\Session\Handlers\FileHandler' driver.
INFO - 2021-12-15 13:34:34 --> Session: Class initialized using 'CodeIgniter\Session\Handlers\FileHandler' driver.
INFO - 2021-12-15 13:35:06 --> Session: Class initialized using 'CodeIgniter\Session\Handlers\FileHandler' driver.
INFO - 2021-12-15 13:35:07 --> Session: Class initialized using 'CodeIgniter\Session\Handlers\FileHandler' driver.
INFO - 2021-12-15 13:35:10 --> Session: Class initialized using 'CodeIgniter\Session\Handlers\FileHandler' driver.
INFO - 2021-12-15 13:35:10 --> Session: Class initialized using 'CodeIgniter\Session\Handlers\FileHandler' driver.
INFO - 2021-12-15 13:35:11 --> Session: Class initialized using 'CodeIgniter\Session\Handlers\FileHandler' driver.
INFO - 2021-12-15 13:35:14 --> Session: Class initialized using 'CodeIgniter\Session\Handlers\FileHandler' driver.
INFO - 2021-12-15 13:35:14 --> Session: Class initialized using 'CodeIgniter\Session\Handlers\FileHandler' driver.
INFO - 2021-12-15 13:35:48 --> Session: Class initialized using 'CodeIgniter\Session\Handlers\FileHandler' driver.
INFO - 2021-12-15 13:35:49 --> Session: Class initialized using 'CodeIgniter\Session\Handlers\FileHandler' driver.
INFO - 2021-12-15 13:35:56 --> Session: Class initialized using 'CodeIgniter\Session\Handlers\FileHandler' driver.
INFO - 2021-12-15 13:35:56 --> Session: Class initialized using 'CodeIgniter\Session\Handlers\FileHandler' driver.
INFO - 2021-12-15 13:35:56 --> Session: Class initialized using 'CodeIgniter\Session\Handlers\FileHandler' driver.
INFO - 2021-12-15 13:35:59 --> Session: Class initialized using 'CodeIgniter\Session\Handlers\FileHandler' driver.
INFO - 2021-12-15 13:35:59 --> Session: Class initialized using 'CodeIgniter\Session\Handlers\FileHandler' driver.
INFO - 2021-12-15 13:36:44 --> Session: Class initialized using 'CodeIgniter\Session\Handlers\FileHandler' driver.
INFO - 2021-12-15 13:36:44 --> Session: Class initialized using 'CodeIgniter\Session\Handlers\FileHandler' driver.
INFO - 2021-12-15 13:36:44 --> Session: Class initialized using 'CodeIgniter\Session\Handlers\FileHandler' driver.
INFO - 2021-12-15 13:37:02 --> Session: Class initialized using 'CodeIgniter\Session\Handlers\FileHandler' driver.
INFO - 2021-12-15 13:37:03 --> Session: Class initialized using 'CodeIgniter\Session\Handlers\FileHandler' driver.
INFO - 2021-12-15 13:37:28 --> Session: Class initialized using 'CodeIgniter\Session\Handlers\FileHandler' driver.
INFO - 2021-12-15 13:37:28 --> Session: Class initialized using 'CodeIgniter\Session\Handlers\FileHandler' driver.
INFO - 2021-12-15 13:37:46 --> Session: Class initialized using 'CodeIgniter\Session\Handlers\FileHandler' driver.
INFO - 2021-12-15 13:37:46 --> Session: Class initialized using 'CodeIgniter\Session\Handlers\FileHandler' driver.
INFO - 2021-12-15 13:38:19 --> Session: Class initialized using 'CodeIgniter\Session\Handlers\FileHandler' driver.
INFO - 2021-12-15 13:38:19 --> Session: Class initialized using 'CodeIgniter\Session\Handlers\FileHandler' driver.
INFO - 2021-12-15 13:38:20 --> Session: Class initialized using 'CodeIgniter\Session\Handlers\FileHandler' driver.
INFO - 2021-12-15 13:38:34 --> Session: Class initialized using 'CodeIgniter\Session\Handlers\FileHandler' driver.
INFO - 2021-12-15 13:38:35 --> Session: Class initialized using 'CodeIgniter\Session\Handlers\FileHandler' driver.
INFO - 2021-12-15 13:38:37 --> Session: Class initialized using 'CodeIgniter\Session\Handlers\FileHandler' driver.
INFO - 2021-12-15 13:38:37 --> Session: Class initialized using 'CodeIgniter\Session\Handlers\FileHandler' driver.
INFO - 2021-12-15 13:38:38 --> Session: Class initialized using 'CodeIgniter\Session\Handlers\FileHandler' driver.
INFO - 2021-12-15 13:38:39 --> Session: Class initialized using 'CodeIgniter\Session\Handlers\FileHandler' driver.
INFO - 2021-12-15 13:38:39 --> Session: Class initialized using 'CodeIgniter\Session\Handlers\FileHandler' driver.
INFO - 2021-12-15 13:38:39 --> Session: Class initialized using 'CodeIgniter\Session\Handlers\FileHandler' driver.
INFO - 2021-12-15 13:38:53 --> Session: Class initialized using 'CodeIgniter\Session\Handlers\FileHandler' driver.
INFO - 2021-12-15 13:38:53 --> Session: Class initialized using 'CodeIgniter\Session\Handlers\FileHandler' driver.
INFO - 2021-12-15 13:38:54 --> Session: Class initialized using 'CodeIgniter\Session\Handlers\FileHandler' driver.
INFO - 2021-12-15 13:38:55 --> Session: Class initialized using 'CodeIgniter\Session\Handlers\FileHandler' driver.
INFO - 2021-12-15 13:38:55 --> Session: Class initialized using 'CodeIgniter\Session\Handlers\FileHandler' driver.
INFO - 2021-12-15 13:39:38 --> Session: Class initialized using 'CodeIgniter\Session\Handlers\FileHandler' driver.
INFO - 2021-12-15 13:39:38 --> Session: Class initialized using 'CodeIgniter\Session\Handlers\FileHandler' driver.
INFO - 2021-12-15 13:39:39 --> Session: Class initialized using 'CodeIgniter\Session\Handlers\FileHandler' driver.
INFO - 2021-12-15 13:39:44 --> Session: Class initialized using 'CodeIgniter\Session\Handlers\FileHandler' driver.
INFO - 2021-12-15 13:39:44 --> Session: Class initialized using 'CodeIgniter\Session\Handlers\FileHandler' driver.
INFO - 2021-12-15 13:39:44 --> Session: Class initialized using 'CodeIgniter\Session\Handlers\FileHandler' driver.
INFO - 2021-12-15 13:39:46 --> Session: Class initialized using 'CodeIgniter\Session\Handlers\FileHandler' driver.
INFO - 2021-12-15 13:39:47 --> Session: Class initialized using 'CodeIgniter\Session\Handlers\FileHandler' driver.
INFO - 2021-12-15 13:39:47 --> Session: Class initialized using 'CodeIgniter\Session\Handlers\FileHandler' driver.
INFO - 2021-12-15 13:39:58 --> Session: Class initialized using 'CodeIgniter\Session\Handlers\FileHandler' driver.
INFO - 2021-12-15 13:39:58 --> Session: Class initialized using 'CodeIgniter\Session\Handlers\FileHandler' driver.
INFO - 2021-12-15 13:39:58 --> Session: Class initialized using 'CodeIgniter\Session\Handlers\FileHandler' driver.
INFO - 2021-12-15 13:42:02 --> Session: Class initialized using 'CodeIgniter\Session\Handlers\FileHandler' driver.
INFO - 2021-12-15 13:42:06 --> Session: Class initialized using 'CodeIgniter\Session\Handlers\FileHandler' driver.
INFO - 2021-12-15 13:42:06 --> Session: Class initialized using 'CodeIgniter\Session\Handlers\FileHandler' driver.
INFO - 2021-12-15 13:42:06 --> Session: Class initialized using 'CodeIgniter\Session\Handlers\FileHandler' driver.
INFO - 2021-12-15 13:42:13 --> Session: Class initialized using 'CodeIgniter\Session\Handlers\FileHandler' driver.
INFO - 2021-12-15 13:42:14 --> Session: Class initialized using 'CodeIgniter\Session\Handlers\FileHandler' driver.
INFO - 2021-12-15 13:42:14 --> Session: Class initialized using 'CodeIgniter\Session\Handlers\FileHandler' driver.
INFO - 2021-12-15 13:42:15 --> Session: Class initialized using 'CodeIgniter\Session\Handlers\FileHandler' driver.
INFO - 2021-12-15 13:42:16 --> Session: Class initialized using 'CodeIgniter\Session\Handlers\FileHandler' driver.
INFO - 2021-12-15 13:42:16 --> Session: Class initialized using 'CodeIgniter\Session\Handlers\FileHandler' driver.
INFO - 2021-12-15 13:42:26 --> Session: Class initialized using 'CodeIgniter\Session\Handlers\FileHandler' driver.
INFO - 2021-12-15 13:42:26 --> Session: Class initialized using 'CodeIgniter\Session\Handlers\FileHandler' driver.
INFO - 2021-12-15 13:42:27 --> Session: Class initialized using 'CodeIgniter\Session\Handlers\FileHandler' driver.
INFO - 2021-12-15 13:43:28 --> Session: Class initialized using 'CodeIgniter\Session\Handlers\FileHandler' driver.
INFO - 2021-12-15 13:43:29 --> Session: Class initialized using 'CodeIgniter\Session\Handlers\FileHandler' driver.
INFO - 2021-12-15 13:43:41 --> Session: Class initialized using 'CodeIgniter\Session\Handlers\FileHandler' driver.
INFO - 2021-12-15 13:43:41 --> Session: Class initialized using 'CodeIgniter\Session\Handlers\FileHandler' driver.
INFO - 2021-12-15 13:43:46 --> Session: Class initialized using 'CodeIgniter\Session\Handlers\FileHandler' driver.
INFO - 2021-12-15 13:43:46 --> Session: Class initialized using 'CodeIgniter\Session\Handlers\FileHandler' driver.
INFO - 2021-12-15 13:44:24 --> Session: Class initialized using 'CodeIgniter\Session\Handlers\FileHandler' driver.
INFO - 2021-12-15 13:44:25 --> Session: Class initialized using 'CodeIgniter\Session\Handlers\FileHandler' driver.
CRITICAL - 2021-12-15 13:44:25 --> rename(../../mymisdiagnosis/upload/1-1000101/card_folder_16/field-post_image_temp.png,../../mymisdiagnosis/upload/1-1000101/card_folder_16/field-post_image.png): No such file or directory
#0 [internal function]: CodeIgniter\Debug\Exceptions->errorHandler(2, 'rename(../../my...', '/var/www/html/m...', 236, Array)
#1 /var/www/html/mymisdiagnosis/app/Controllers/Articles.php(236): rename('../../mymisdiag...', '../../mymisdiag...')
#2 [internal function]: App\Controllers\Articles->image_temp_routines_posts(Object(stdClass))
#3 /var/www/html/mymisdiagnosis/app/Libraries/GroceryCrud.php(1049): call_user_func(Array, Object(stdClass))
#4 /var/www/html/mymisdiagnosis/app/Libraries/GroceryCrud.php(4570): App\Libraries\grocery_CRUD_Model_Driver->db_update(Object(stdClass))
#5 /var/www/html/mymisdiagnosis/app/Controllers/Articles.php(125): App\Libraries\GroceryCrud->render()
#6 /var/www/html/mymisdiagnosis/system/CodeIgniter.php(936): App\Controllers\Articles->posts('update', '16')
#7 /var/www/html/mymisdiagnosis/system/CodeIgniter.php(432): CodeIgniter\CodeIgniter->runController(Object(App\Controllers\Articles))
#8 /var/www/html/mymisdiagnosis/system/CodeIgniter.php(333): CodeIgniter\CodeIgniter->handleRequest(NULL, Object(Config\Cache), false)
#9 /var/www/html/mymisdiagnosis/index.php(44): CodeIgniter\CodeIgniter->run()
#10 {main}
INFO - 2021-12-15 13:45:20 --> Session: Class initialized using 'CodeIgniter\Session\Handlers\FileHandler' driver.
INFO - 2021-12-15 13:45:21 --> Session: Class initialized using 'CodeIgniter\Session\Handlers\FileHandler' driver.
CRITICAL - 2021-12-15 13:45:21 --> rename(../../mymisdiagnosis/upload/1-1000101/card_folder_16/field-post_image_temp.png,../../mymisdiagnosis/upload/1-1000101/card_folder_16/field-post_image.png): No such file or directory
#0 [internal function]: CodeIgniter\Debug\Exceptions->errorHandler(2, 'rename(../../my...', '/var/www/html/m...', 236, Array)
#1 /var/www/html/mymisdiagnosis/app/Controllers/Articles.php(236): rename('../../mymisdiag...', '../../mymisdiag...')
#2 [internal function]: App\Controllers\Articles->image_temp_routines_posts(Object(stdClass))
#3 /var/www/html/mymisdiagnosis/app/Libraries/GroceryCrud.php(1049): call_user_func(Array, Object(stdClass))
#4 /var/www/html/mymisdiagnosis/app/Libraries/GroceryCrud.php(4570): App\Libraries\grocery_CRUD_Model_Driver->db_update(Object(stdClass))
#5 /var/www/html/mymisdiagnosis/app/Controllers/Articles.php(125): App\Libraries\GroceryCrud->render()
#6 /var/www/html/mymisdiagnosis/system/CodeIgniter.php(936): App\Controllers\Articles->posts('update', '16')
#7 /var/www/html/mymisdiagnosis/system/CodeIgniter.php(432): CodeIgniter\CodeIgniter->runController(Object(App\Controllers\Articles))
#8 /var/www/html/mymisdiagnosis/system/CodeIgniter.php(333): CodeIgniter\CodeIgniter->handleRequest(NULL, Object(Config\Cache), false)
#9 /var/www/html/mymisdiagnosis/index.php(44): CodeIgniter\CodeIgniter->run()
#10 {main}
INFO - 2021-12-15 13:46:28 --> Session: Class initialized using 'CodeIgniter\Session\Handlers\FileHandler' driver.
INFO - 2021-12-15 13:46:29 --> Session: Class initialized using 'CodeIgniter\Session\Handlers\FileHandler' driver.
CRITICAL - 2021-12-15 13:46:29 --> rename(../../mymisdiagnosis/upload/1-1000101/card_folder_16/field-post_image_temp.png,../../mymisdiagnosis/upload/1-1000101/card_folder_16/field-post_image.png): No such file or directory
#0 [internal function]: CodeIgniter\Debug\Exceptions->errorHandler(2, 'rename(../../my...', '/var/www/html/m...', 239, Array)
#1 /var/www/html/mymisdiagnosis/app/Controllers/Articles.php(239): rename('../../mymisdiag...', '../../mymisdiag...')
#2 [internal function]: App\Controllers\Articles->image_temp_routines_posts(Object(stdClass))
#3 /var/www/html/mymisdiagnosis/app/Libraries/GroceryCrud.php(1049): call_user_func(Array, Object(stdClass))
#4 /var/www/html/mymisdiagnosis/app/Libraries/GroceryCrud.php(4570): App\Libraries\grocery_CRUD_Model_Driver->db_update(Object(stdClass))
#5 /var/www/html/mymisdiagnosis/app/Controllers/Articles.php(125): App\Libraries\GroceryCrud->render()
#6 /var/www/html/mymisdiagnosis/system/CodeIgniter.php(936): App\Controllers\Articles->posts('update', '16')
#7 /var/www/html/mymisdiagnosis/system/CodeIgniter.php(432): CodeIgniter\CodeIgniter->runController(Object(App\Controllers\Articles))
#8 /var/www/html/mymisdiagnosis/system/CodeIgniter.php(333): CodeIgniter\CodeIgniter->handleRequest(NULL, Object(Config\Cache), false)
#9 /var/www/html/mymisdiagnosis/index.php(44): CodeIgniter\CodeIgniter->run()
#10 {main}
INFO - 2021-12-15 13:46:38 --> Session: Class initialized using 'CodeIgniter\Session\Handlers\FileHandler' driver.
INFO - 2021-12-15 13:46:39 --> Session: Class initialized using 'CodeIgniter\Session\Handlers\FileHandler' driver.
INFO - 2021-12-15 13:47:47 --> Session: Class initialized using 'CodeIgniter\Session\Handlers\FileHandler' driver.
INFO - 2021-12-15 13:47:47 --> Session: Class initialized using 'CodeIgniter\Session\Handlers\FileHandler' driver.
INFO - 2021-12-15 13:48:36 --> Session: Class initialized using 'CodeIgniter\Session\Handlers\FileHandler' driver.
INFO - 2021-12-15 13:48:36 --> Session: Class initialized using 'CodeIgniter\Session\Handlers\FileHandler' driver.
CRITICAL - 2021-12-15 13:48:36 --> rename(/../mymisdiagnosis/upload/1-1000101/card_folder_16/field-post_image_temp.png,/../mymisdiagnosis/upload/1-1000101/card_folder_16/field-post_image.png): No such file or directory
#0 [internal function]: CodeIgniter\Debug\Exceptions->errorHandler(2, 'rename(/../mymi...', '/var/www/html/m...', 239, Array)
#1 /var/www/html/mymisdiagnosis/app/Controllers/Articles.php(239): rename('/../mymisdiagno...', '/../mymisdiagno...')
#2 [internal function]: App\Controllers\Articles->image_temp_routines_posts(Object(stdClass))
#3 /var/www/html/mymisdiagnosis/app/Libraries/GroceryCrud.php(1049): call_user_func(Array, Object(stdClass))
#4 /var/www/html/mymisdiagnosis/app/Libraries/GroceryCrud.php(4570): App\Libraries\grocery_CRUD_Model_Driver->db_update(Object(stdClass))
#5 /var/www/html/mymisdiagnosis/app/Controllers/Articles.php(125): App\Libraries\GroceryCrud->render()
#6 /var/www/html/mymisdiagnosis/system/CodeIgniter.php(936): App\Controllers\Articles->posts('update', '16')
#7 /var/www/html/mymisdiagnosis/system/CodeIgniter.php(432): CodeIgniter\CodeIgniter->runController(Object(App\Controllers\Articles))
#8 /var/www/html/mymisdiagnosis/system/CodeIgniter.php(333): CodeIgniter\CodeIgniter->handleRequest(NULL, Object(Config\Cache), false)
#9 /var/www/html/mymisdiagnosis/index.php(44): CodeIgniter\CodeIgniter->run()
#10 {main}
INFO - 2021-12-15 13:48:57 --> Session: Class initialized using 'CodeIgniter\Session\Handlers\FileHandler' driver.
INFO - 2021-12-15 13:48:57 --> Session: Class initialized using 'CodeIgniter\Session\Handlers\FileHandler' driver.
CRITICAL - 2021-12-15 13:48:58 --> rename(/mymisdiagnosis/upload/1-1000101/card_folder_16/field-post_image_temp.png,/mymisdiagnosis/upload/1-1000101/card_folder_16/field-post_image.png): No such file or directory
#0 [internal function]: CodeIgniter\Debug\Exceptions->errorHandler(2, 'rename(/mymisdi...', '/var/www/html/m...', 239, Array)
#1 /var/www/html/mymisdiagnosis/app/Controllers/Articles.php(239): rename('/mymisdiagnosis...', '/mymisdiagnosis...')
#2 [internal function]: App\Controllers\Articles->image_temp_routines_posts(Object(stdClass))
#3 /var/www/html/mymisdiagnosis/app/Libraries/GroceryCrud.php(1049): call_user_func(Array, Object(stdClass))
#4 /var/www/html/mymisdiagnosis/app/Libraries/GroceryCrud.php(4570): App\Libraries\grocery_CRUD_Model_Driver->db_update(Object(stdClass))
#5 /var/www/html/mymisdiagnosis/app/Controllers/Articles.php(125): App\Libraries\GroceryCrud->render()
#6 /var/www/html/mymisdiagnosis/system/CodeIgniter.php(936): App\Controllers\Articles->posts('update', '16')
#7 /var/www/html/mymisdiagnosis/system/CodeIgniter.php(432): CodeIgniter\CodeIgniter->runController(Object(App\Controllers\Articles))
#8 /var/www/html/mymisdiagnosis/system/CodeIgniter.php(333): CodeIgniter\CodeIgniter->handleRequest(NULL, Object(Config\Cache), false)
#9 /var/www/html/mymisdiagnosis/index.php(44): CodeIgniter\CodeIgniter->run()
#10 {main}
INFO - 2021-12-15 13:49:39 --> Session: Class initialized using 'CodeIgniter\Session\Handlers\FileHandler' driver.
INFO - 2021-12-15 13:49:39 --> Session: Class initialized using 'CodeIgniter\Session\Handlers\FileHandler' driver.
INFO - 2021-12-15 13:49:44 --> Session: Class initialized using 'CodeIgniter\Session\Handlers\FileHandler' driver.
INFO - 2021-12-15 13:49:44 --> Session: Class initialized using 'CodeIgniter\Session\Handlers\FileHandler' driver.
INFO - 2021-12-15 13:49:44 --> Session: Class initialized using 'CodeIgniter\Session\Handlers\FileHandler' driver.
INFO - 2021-12-15 13:49:47 --> Session: Class initialized using 'CodeIgniter\Session\Handlers\FileHandler' driver.
INFO - 2021-12-15 13:49:47 --> Session: Class initialized using 'CodeIgniter\Session\Handlers\FileHandler' driver.
INFO - 2021-12-15 13:49:57 --> Session: Class initialized using 'CodeIgniter\Session\Handlers\FileHandler' driver.
INFO - 2021-12-15 13:49:57 --> Session: Class initialized using 'CodeIgniter\Session\Handlers\FileHandler' driver.
INFO - 2021-12-15 13:49:57 --> Session: Class initialized using 'CodeIgniter\Session\Handlers\FileHandler' driver.
INFO - 2021-12-15 13:50:50 --> Session: Class initialized using 'CodeIgniter\Session\Handlers\FileHandler' driver.
INFO - 2021-12-15 13:50:51 --> Session: Class initialized using 'CodeIgniter\Session\Handlers\FileHandler' driver.
INFO - 2021-12-15 13:51:04 --> Session: Class initialized using 'CodeIgniter\Session\Handlers\FileHandler' driver.
INFO - 2021-12-15 13:51:04 --> Session: Class initialized using 'CodeIgniter\Session\Handlers\FileHandler' driver.
CRITICAL - 2021-12-15 13:51:04 --> rename(../..//mymisdiagnosis/upload/1-1000101/card_folder_16/field-post_image_temp.jpg,../..//mymisdiagnosis/upload/1-1000101/card_folder_16/field-post_image.jpg): No such file or directory
#0 [internal function]: CodeIgniter\Debug\Exceptions->errorHandler(2, 'rename(../..//m...', '/var/www/html/m...', 239, Array)
#1 /var/www/html/mymisdiagnosis/app/Controllers/Articles.php(239): rename('../..//mymisdia...', '../..//mymisdia...')
#2 [internal function]: App\Controllers\Articles->image_temp_routines_posts(Object(stdClass))
#3 /var/www/html/mymisdiagnosis/app/Libraries/GroceryCrud.php(1049): call_user_func(Array, Object(stdClass))
#4 /var/www/html/mymisdiagnosis/app/Libraries/GroceryCrud.php(4570): App\Libraries\grocery_CRUD_Model_Driver->db_update(Object(stdClass))
#5 /var/www/html/mymisdiagnosis/app/Controllers/Articles.php(125): App\Libraries\GroceryCrud->render()
#6 /var/www/html/mymisdiagnosis/system/CodeIgniter.php(936): App\Controllers\Articles->posts('update', '16')
#7 /var/www/html/mymisdiagnosis/system/CodeIgniter.php(432): CodeIgniter\CodeIgniter->runController(Object(App\Controllers\Articles))
#8 /var/www/html/mymisdiagnosis/system/CodeIgniter.php(333): CodeIgniter\CodeIgniter->handleRequest(NULL, Object(Config\Cache), false)
#9 /var/www/html/mymisdiagnosis/index.php(44): CodeIgniter\CodeIgniter->run()
#10 {main}
INFO - 2021-12-15 13:51:10 --> Session: Class initialized using 'CodeIgniter\Session\Handlers\FileHandler' driver.
INFO - 2021-12-15 13:51:10 --> Session: Class initialized using 'CodeIgniter\Session\Handlers\FileHandler' driver.
CRITICAL - 2021-12-15 13:51:10 --> rename(../..//mymisdiagnosis/upload/1-1000101/card_folder_16/field-post_image_temp.jpg,../..//mymisdiagnosis/upload/1-1000101/card_folder_16/field-post_image.jpg): No such file or directory
#0 [internal function]: CodeIgniter\Debug\Exceptions->errorHandler(2, 'rename(../..//m...', '/var/www/html/m...', 239, Array)
#1 /var/www/html/mymisdiagnosis/app/Controllers/Articles.php(239): rename('../..//mymisdia...', '../..//mymisdia...')
#2 [internal function]: App\Controllers\Articles->image_temp_routines_posts(Object(stdClass))
#3 /var/www/html/mymisdiagnosis/app/Libraries/GroceryCrud.php(1049): call_user_func(Array, Object(stdClass))
#4 /var/www/html/mymisdiagnosis/app/Libraries/GroceryCrud.php(4570): App\Libraries\grocery_CRUD_Model_Driver->db_update(Object(stdClass))
#5 /var/www/html/mymisdiagnosis/app/Controllers/Articles.php(125): App\Libraries\GroceryCrud->render()
#6 /var/www/html/mymisdiagnosis/system/CodeIgniter.php(936): App\Controllers\Articles->posts('update', '16')
#7 /var/www/html/mymisdiagnosis/system/CodeIgniter.php(432): CodeIgniter\CodeIgniter->runController(Object(App\Controllers\Articles))
#8 /var/www/html/mymisdiagnosis/system/CodeIgniter.php(333): CodeIgniter\CodeIgniter->handleRequest(NULL, Object(Config\Cache), false)
#9 /var/www/html/mymisdiagnosis/index.php(44): CodeIgniter\CodeIgniter->run()
#10 {main}
INFO - 2021-12-15 13:51:15 --> Session: Class initialized using 'CodeIgniter\Session\Handlers\FileHandler' driver.
INFO - 2021-12-15 13:51:31 --> Session: Class initialized using 'CodeIgniter\Session\Handlers\FileHandler' driver.
INFO - 2021-12-15 13:51:31 --> Session: Class initialized using 'CodeIgniter\Session\Handlers\FileHandler' driver.
INFO - 2021-12-15 13:51:36 --> Session: Class initialized using 'CodeIgniter\Session\Handlers\FileHandler' driver.
INFO - 2021-12-15 13:51:36 --> Session: Class initialized using 'CodeIgniter\Session\Handlers\FileHandler' driver.
INFO - 2021-12-15 13:51:37 --> Session: Class initialized using 'CodeIgniter\Session\Handlers\FileHandler' driver.
INFO - 2021-12-15 13:51:38 --> Session: Class initialized using 'CodeIgniter\Session\Handlers\FileHandler' driver.
INFO - 2021-12-15 13:51:39 --> Session: Class initialized using 'CodeIgniter\Session\Handlers\FileHandler' driver.
INFO - 2021-12-15 13:51:39 --> Session: Class initialized using 'CodeIgniter\Session\Handlers\FileHandler' driver.
INFO - 2021-12-15 13:52:19 --> Session: Class initialized using 'CodeIgniter\Session\Handlers\FileHandler' driver.
INFO - 2021-12-15 13:52:19 --> Session: Class initialized using 'CodeIgniter\Session\Handlers\FileHandler' driver.
CRITICAL - 2021-12-15 13:52:19 --> rename(../../mymisdiagnosis/upload/1-1000101/card_folder_16/field-post_image_temp.png,../../mymisdiagnosis/upload/1-1000101/card_folder_16/field-post_image.png): No such file or directory
#0 [internal function]: CodeIgniter\Debug\Exceptions->errorHandler(2, 'rename(../../my...', '/var/www/html/m...', 239, Array)
#1 /var/www/html/mymisdiagnosis/app/Controllers/Articles.php(239): rename('../../mymisdiag...', '../../mymisdiag...')
#2 [internal function]: App\Controllers\Articles->image_temp_routines_posts(Object(stdClass))
#3 /var/www/html/mymisdiagnosis/app/Libraries/GroceryCrud.php(1049): call_user_func(Array, Object(stdClass))
#4 /var/www/html/mymisdiagnosis/app/Libraries/GroceryCrud.php(4570): App\Libraries\grocery_CRUD_Model_Driver->db_update(Object(stdClass))
#5 /var/www/html/mymisdiagnosis/app/Controllers/Articles.php(125): App\Libraries\GroceryCrud->render()
#6 /var/www/html/mymisdiagnosis/system/CodeIgniter.php(936): App\Controllers\Articles->posts('update', '16')
#7 /var/www/html/mymisdiagnosis/system/CodeIgniter.php(432): CodeIgniter\CodeIgniter->runController(Object(App\Controllers\Articles))
#8 /var/www/html/mymisdiagnosis/system/CodeIgniter.php(333): CodeIgniter\CodeIgniter->handleRequest(NULL, Object(Config\Cache), false)
#9 /var/www/html/mymisdiagnosis/index.php(44): CodeIgniter\CodeIgniter->run()
#10 {main}
INFO - 2021-12-15 13:52:24 --> Session: Class initialized using 'CodeIgniter\Session\Handlers\FileHandler' driver.
INFO - 2021-12-15 13:52:26 --> Session: Class initialized using 'CodeIgniter\Session\Handlers\FileHandler' driver.
INFO - 2021-12-15 13:52:26 --> Session: Class initialized using 'CodeIgniter\Session\Handlers\FileHandler' driver.
INFO - 2021-12-15 13:52:26 --> Session: Class initialized using 'CodeIgniter\Session\Handlers\FileHandler' driver.
INFO - 2021-12-15 13:53:37 --> Session: Class initialized using 'CodeIgniter\Session\Handlers\FileHandler' driver.
INFO - 2021-12-15 13:53:38 --> Session: Class initialized using 'CodeIgniter\Session\Handlers\FileHandler' driver.
INFO - 2021-12-15 13:53:38 --> Session: Class initialized using 'CodeIgniter\Session\Handlers\FileHandler' driver.
INFO - 2021-12-15 13:53:48 --> Session: Class initialized using 'CodeIgniter\Session\Handlers\FileHandler' driver.
INFO - 2021-12-15 13:53:49 --> Session: Class initialized using 'CodeIgniter\Session\Handlers\FileHandler' driver.
CRITICAL - 2021-12-15 13:53:49 --> rename(../..//mymisdiagnosis/upload/1-1000101/card_folder_16/field-post_image_temp.jpg,../..//mymisdiagnosis/upload/1-1000101/card_folder_16/field-post_image.jpg): No such file or directory
#0 [internal function]: CodeIgniter\Debug\Exceptions->errorHandler(2, 'rename(../..//m...', '/var/www/html/m...', 239, Array)
#1 /var/www/html/mymisdiagnosis/app/Controllers/Articles.php(239): rename('../..//mymisdia...', '../..//mymisdia...')
#2 [internal function]: App\Controllers\Articles->image_temp_routines_posts(Object(stdClass))
#3 /var/www/html/mymisdiagnosis/app/Libraries/GroceryCrud.php(1049): call_user_func(Array, Object(stdClass))
#4 /var/www/html/mymisdiagnosis/app/Libraries/GroceryCrud.php(4570): App\Libraries\grocery_CRUD_Model_Driver->db_update(Object(stdClass))
#5 /var/www/html/mymisdiagnosis/app/Controllers/Articles.php(125): App\Libraries\GroceryCrud->render()
#6 /var/www/html/mymisdiagnosis/system/CodeIgniter.php(936): App\Controllers\Articles->posts('update', '16')
#7 /var/www/html/mymisdiagnosis/system/CodeIgniter.php(432): CodeIgniter\CodeIgniter->runController(Object(App\Controllers\Articles))
#8 /var/www/html/mymisdiagnosis/system/CodeIgniter.php(333): CodeIgniter\CodeIgniter->handleRequest(NULL, Object(Config\Cache), false)
#9 /var/www/html/mymisdiagnosis/index.php(44): CodeIgniter\CodeIgniter->run()
#10 {main}
INFO - 2021-12-15 13:55:19 --> Session: Class initialized using 'CodeIgniter\Session\Handlers\FileHandler' driver.
INFO - 2021-12-15 13:55:20 --> Session: Class initialized using 'CodeIgniter\Session\Handlers\FileHandler' driver.
CRITICAL - 2021-12-15 13:55:20 --> rename(../..//mymisdiagnosis/upload/1-1000101/card_folder_16/field-post_image_temp.jpg,../..//mymisdiagnosis/upload/1-1000101/card_folder_16/field-post_image.jpg): No such file or directory
#0 [internal function]: CodeIgniter\Debug\Exceptions->errorHandler(2, 'rename(../..//m...', '/var/www/html/m...', 239, Array)
#1 /var/www/html/mymisdiagnosis/app/Controllers/Articles.php(239): rename('../..//mymisdia...', '../..//mymisdia...')
#2 [internal function]: App\Controllers\Articles->image_temp_routines_posts(Object(stdClass))
#3 /var/www/html/mymisdiagnosis/app/Libraries/GroceryCrud.php(1049): call_user_func(Array, Object(stdClass))
#4 /var/www/html/mymisdiagnosis/app/Libraries/GroceryCrud.php(4570): App\Libraries\grocery_CRUD_Model_Driver->db_update(Object(stdClass))
#5 /var/www/html/mymisdiagnosis/app/Controllers/Articles.php(125): App\Libraries\GroceryCrud->render()
#6 /var/www/html/mymisdiagnosis/system/CodeIgniter.php(936): App\Controllers\Articles->posts('update', '16')
#7 /var/www/html/mymisdiagnosis/system/CodeIgniter.php(432): CodeIgniter\CodeIgniter->runController(Object(App\Controllers\Articles))
#8 /var/www/html/mymisdiagnosis/system/CodeIgniter.php(333): CodeIgniter\CodeIgniter->handleRequest(NULL, Object(Config\Cache), false)
#9 /var/www/html/mymisdiagnosis/index.php(44): CodeIgniter\CodeIgniter->run()
#10 {main}
INFO - 2021-12-15 13:56:08 --> Session: Class initialized using 'CodeIgniter\Session\Handlers\FileHandler' driver.
INFO - 2021-12-15 13:56:09 --> Session: Class initialized using 'CodeIgniter\Session\Handlers\FileHandler' driver.
CRITICAL - 2021-12-15 13:56:09 --> rename(../../mymisdiagnosis/upload/1-1000101/card_folder_16/field-post_image_temp.jpg,../../mymisdiagnosis/upload/1-1000101/card_folder_16/field-post_image.jpg): No such file or directory
#0 [internal function]: CodeIgniter\Debug\Exceptions->errorHandler(2, 'rename(../../my...', '/var/www/html/m...', 239, Array)
#1 /var/www/html/mymisdiagnosis/app/Controllers/Articles.php(239): rename('../../mymisdiag...', '../../mymisdiag...')
#2 [internal function]: App\Controllers\Articles->image_temp_routines_posts(Object(stdClass))
#3 /var/www/html/mymisdiagnosis/app/Libraries/GroceryCrud.php(1049): call_user_func(Array, Object(stdClass))
#4 /var/www/html/mymisdiagnosis/app/Libraries/GroceryCrud.php(4570): App\Libraries\grocery_CRUD_Model_Driver->db_update(Object(stdClass))
#5 /var/www/html/mymisdiagnosis/app/Controllers/Articles.php(125): App\Libraries\GroceryCrud->render()
#6 /var/www/html/mymisdiagnosis/system/CodeIgniter.php(936): App\Controllers\Articles->posts('update', '16')
#7 /var/www/html/mymisdiagnosis/system/CodeIgniter.php(432): CodeIgniter\CodeIgniter->runController(Object(App\Controllers\Articles))
#8 /var/www/html/mymisdiagnosis/system/CodeIgniter.php(333): CodeIgniter\CodeIgniter->handleRequest(NULL, Object(Config\Cache), false)
#9 /var/www/html/mymisdiagnosis/index.php(44): CodeIgniter\CodeIgniter->run()
#10 {main}
INFO - 2021-12-15 13:56:24 --> Session: Class initialized using 'CodeIgniter\Session\Handlers\FileHandler' driver.
INFO - 2021-12-15 13:56:24 --> Session: Class initialized using 'CodeIgniter\Session\Handlers\FileHandler' driver.
CRITICAL - 2021-12-15 13:56:24 --> rename(../../mymisdiagnosis/upload/1-1000101/card_folder_16/field-post_image_temp.png,../../mymisdiagnosis/upload/1-1000101/card_folder_16/field-post_image.png): No such file or directory
#0 [internal function]: CodeIgniter\Debug\Exceptions->errorHandler(2, 'rename(../../my...', '/var/www/html/m...', 239, Array)
#1 /var/www/html/mymisdiagnosis/app/Controllers/Articles.php(239): rename('../../mymisdiag...', '../../mymisdiag...')
#2 [internal function]: App\Controllers\Articles->image_temp_routines_posts(Object(stdClass))
#3 /var/www/html/mymisdiagnosis/app/Libraries/GroceryCrud.php(1049): call_user_func(Array, Object(stdClass))
#4 /var/www/html/mymisdiagnosis/app/Libraries/GroceryCrud.php(4570): App\Libraries\grocery_CRUD_Model_Driver->db_update(Object(stdClass))
#5 /var/www/html/mymisdiagnosis/app/Controllers/Articles.php(125): App\Libraries\GroceryCrud->render()
#6 /var/www/html/mymisdiagnosis/system/CodeIgniter.php(936): App\Controllers\Articles->posts('update', '16')
#7 /var/www/html/mymisdiagnosis/system/CodeIgniter.php(432): CodeIgniter\CodeIgniter->runController(Object(App\Controllers\Articles))
#8 /var/www/html/mymisdiagnosis/system/CodeIgniter.php(333): CodeIgniter\CodeIgniter->handleRequest(NULL, Object(Config\Cache), false)
#9 /var/www/html/mymisdiagnosis/index.php(44): CodeIgniter\CodeIgniter->run()
#10 {main}
INFO - 2021-12-15 13:58:30 --> Session: Class initialized using 'CodeIgniter\Session\Handlers\FileHandler' driver.
INFO - 2021-12-15 13:58:30 --> Session: Class initialized using 'CodeIgniter\Session\Handlers\FileHandler' driver.
INFO - 2021-12-15 13:58:32 --> Session: Class initialized using 'CodeIgniter\Session\Handlers\FileHandler' driver.
INFO - 2021-12-15 13:58:32 --> Session: Class initialized using 'CodeIgniter\Session\Handlers\FileHandler' driver.
INFO - 2021-12-15 13:58:43 --> Session: Class initialized using 'CodeIgniter\Session\Handlers\FileHandler' driver.
INFO - 2021-12-15 13:58:43 --> Session: Class initialized using 'CodeIgniter\Session\Handlers\FileHandler' driver.
CRITICAL - 2021-12-15 13:58:43 --> rename(../../mymisdiagnosis/upload/1-1000101/card_folder_16/field-post_image_temp.png,../../mymisdiagnosis/upload/1-1000101/card_folder_16/field-post_image.png): No such file or directory
#0 [internal function]: CodeIgniter\Debug\Exceptions->errorHandler(2, 'rename(../../my...', '/var/www/html/m...', 240, Array)
#1 /var/www/html/mymisdiagnosis/app/Controllers/Articles.php(240): rename('../../mymisdiag...', '../../mymisdiag...')
#2 [internal function]: App\Controllers\Articles->image_temp_routines_posts(Object(stdClass))
#3 /var/www/html/mymisdiagnosis/app/Libraries/GroceryCrud.php(1049): call_user_func(Array, Object(stdClass))
#4 /var/www/html/mymisdiagnosis/app/Libraries/GroceryCrud.php(4570): App\Libraries\grocery_CRUD_Model_Driver->db_update(Object(stdClass))
#5 /var/www/html/mymisdiagnosis/app/Controllers/Articles.php(125): App\Libraries\GroceryCrud->render()
#6 /var/www/html/mymisdiagnosis/system/CodeIgniter.php(936): App\Controllers\Articles->posts('update', '16')
#7 /var/www/html/mymisdiagnosis/system/CodeIgniter.php(432): CodeIgniter\CodeIgniter->runController(Object(App\Controllers\Articles))
#8 /var/www/html/mymisdiagnosis/system/CodeIgniter.php(333): CodeIgniter\CodeIgniter->handleRequest(NULL, Object(Config\Cache), false)
#9 /var/www/html/mymisdiagnosis/index.php(44): CodeIgniter\CodeIgniter->run()
#10 {main}
INFO - 2021-12-15 13:59:16 --> Session: Class initialized using 'CodeIgniter\Session\Handlers\FileHandler' driver.
INFO - 2021-12-15 13:59:16 --> Session: Class initialized using 'CodeIgniter\Session\Handlers\FileHandler' driver.
CRITICAL - 2021-12-15 13:59:16 --> rename(/mymisdiagnosis/upload/1-1000101/card_folder_16/field-post_image_temp.png/mymisdiagnosis/upload/1-1000101/card_folder_16/field-post_image_temp.png,../../mymisdiagnosis/upload/1-1000101/card_folder_16/field-post_image.png): No such file or directory
#0 [internal function]: CodeIgniter\Debug\Exceptions->errorHandler(2, 'rename(/mymisdi...', '/var/www/html/m...', 240, Array)
#1 /var/www/html/mymisdiagnosis/app/Controllers/Articles.php(240): rename('/mymisdiagnosis...', '../../mymisdiag...')
#2 [internal function]: App\Controllers\Articles->image_temp_routines_posts(Object(stdClass))
#3 /var/www/html/mymisdiagnosis/app/Libraries/GroceryCrud.php(1049): call_user_func(Array, Object(stdClass))
#4 /var/www/html/mymisdiagnosis/app/Libraries/GroceryCrud.php(4570): App\Libraries\grocery_CRUD_Model_Driver->db_update(Object(stdClass))
#5 /var/www/html/mymisdiagnosis/app/Controllers/Articles.php(125): App\Libraries\GroceryCrud->render()
#6 /var/www/html/mymisdiagnosis/system/CodeIgniter.php(936): App\Controllers\Articles->posts('update', '16')
#7 /var/www/html/mymisdiagnosis/system/CodeIgniter.php(432): CodeIgniter\CodeIgniter->runController(Object(App\Controllers\Articles))
#8 /var/www/html/mymisdiagnosis/system/CodeIgniter.php(333): CodeIgniter\CodeIgniter->handleRequest(NULL, Object(Config\Cache), false)
#9 /var/www/html/mymisdiagnosis/index.php(44): CodeIgniter\CodeIgniter->run()
#10 {main}
INFO - 2021-12-15 13:59:28 --> Session: Class initialized using 'CodeIgniter\Session\Handlers\FileHandler' driver.
INFO - 2021-12-15 13:59:30 --> Session: Class initialized using 'CodeIgniter\Session\Handlers\FileHandler' driver.
INFO - 2021-12-15 13:59:31 --> Session: Class initialized using 'CodeIgniter\Session\Handlers\FileHandler' driver.
INFO - 2021-12-15 13:59:31 --> Session: Class initialized using 'CodeIgniter\Session\Handlers\FileHandler' driver.
INFO - 2021-12-15 13:59:51 --> Session: Class initialized using 'CodeIgniter\Session\Handlers\FileHandler' driver.
INFO - 2021-12-15 13:59:51 --> Session: Class initialized using 'CodeIgniter\Session\Handlers\FileHandler' driver.
INFO - 2021-12-15 13:59:51 --> Session: Class initialized using 'CodeIgniter\Session\Handlers\FileHandler' driver.
INFO - 2021-12-15 14:00:02 --> Session: Class initialized using 'CodeIgniter\Session\Handlers\FileHandler' driver.
INFO - 2021-12-15 14:00:02 --> Session: Class initialized using 'CodeIgniter\Session\Handlers\FileHandler' driver.
INFO - 2021-12-15 14:00:30 --> Session: Class initialized using 'CodeIgniter\Session\Handlers\FileHandler' driver.
INFO - 2021-12-15 14:00:30 --> Session: Class initialized using 'CodeIgniter\Session\Handlers\FileHandler' driver.
INFO - 2021-12-15 14:00:32 --> Session: Class initialized using 'CodeIgniter\Session\Handlers\FileHandler' driver.
INFO - 2021-12-15 14:00:32 --> Session: Class initialized using 'CodeIgniter\Session\Handlers\FileHandler' driver.
INFO - 2021-12-15 14:00:32 --> Session: Class initialized using 'CodeIgniter\Session\Handlers\FileHandler' driver.
INFO - 2021-12-15 14:01:17 --> Session: Class initialized using 'CodeIgniter\Session\Handlers\FileHandler' driver.
INFO - 2021-12-15 14:01:17 --> Session: Class initialized using 'CodeIgniter\Session\Handlers\FileHandler' driver.
INFO - 2021-12-15 14:01:20 --> Session: Class initialized using 'CodeIgniter\Session\Handlers\FileHandler' driver.
INFO - 2021-12-15 14:01:21 --> Session: Class initialized using 'CodeIgniter\Session\Handlers\FileHandler' driver.
INFO - 2021-12-15 14:01:21 --> Session: Class initialized using 'CodeIgniter\Session\Handlers\FileHandler' driver.
INFO - 2021-12-15 14:02:59 --> Session: Class initialized using 'CodeIgniter\Session\Handlers\FileHandler' driver.
INFO - 2021-12-15 14:03:00 --> Session: Class initialized using 'CodeIgniter\Session\Handlers\FileHandler' driver.
INFO - 2021-12-15 14:03:03 --> Session: Class initialized using 'CodeIgniter\Session\Handlers\FileHandler' driver.
INFO - 2021-12-15 14:03:03 --> Session: Class initialized using 'CodeIgniter\Session\Handlers\FileHandler' driver.
INFO - 2021-12-15 14:03:03 --> Session: Class initialized using 'CodeIgniter\Session\Handlers\FileHandler' driver.
INFO - 2021-12-15 14:03:13 --> Session: Class initialized using 'CodeIgniter\Session\Handlers\FileHandler' driver.
INFO - 2021-12-15 14:03:14 --> Session: Class initialized using 'CodeIgniter\Session\Handlers\FileHandler' driver.
INFO - 2021-12-15 14:03:41 --> Session: Class initialized using 'CodeIgniter\Session\Handlers\FileHandler' driver.
INFO - 2021-12-15 14:03:41 --> Session: Class initialized using 'CodeIgniter\Session\Handlers\FileHandler' driver.
INFO - 2021-12-15 14:04:06 --> Session: Class initialized using 'CodeIgniter\Session\Handlers\FileHandler' driver.
INFO - 2021-12-15 14:04:07 --> Session: Class initialized using 'CodeIgniter\Session\Handlers\FileHandler' driver.
INFO - 2021-12-15 14:04:40 --> Session: Class initialized using 'CodeIgniter\Session\Handlers\FileHandler' driver.
INFO - 2021-12-15 14:04:40 --> Session: Class initialized using 'CodeIgniter\Session\Handlers\FileHandler' driver.
INFO - 2021-12-15 14:05:12 --> Session: Class initialized using 'CodeIgniter\Session\Handlers\FileHandler' driver.
INFO - 2021-12-15 14:05:12 --> Session: Class initialized using 'CodeIgniter\Session\Handlers\FileHandler' driver.
INFO - 2021-12-15 14:05:51 --> Session: Class initialized using 'CodeIgniter\Session\Handlers\FileHandler' driver.
INFO - 2021-12-15 14:05:51 --> Session: Class initialized using 'CodeIgniter\Session\Handlers\FileHandler' driver.
INFO - 2021-12-15 14:06:14 --> Session: Class initialized using 'CodeIgniter\Session\Handlers\FileHandler' driver.
INFO - 2021-12-15 14:06:14 --> Session: Class initialized using 'CodeIgniter\Session\Handlers\FileHandler' driver.
INFO - 2021-12-15 14:06:49 --> Session: Class initialized using 'CodeIgniter\Session\Handlers\FileHandler' driver.
INFO - 2021-12-15 14:06:49 --> Session: Class initialized using 'CodeIgniter\Session\Handlers\FileHandler' driver.
INFO - 2021-12-15 14:07:31 --> Session: Class initialized using 'CodeIgniter\Session\Handlers\FileHandler' driver.
INFO - 2021-12-15 14:07:32 --> Session: Class initialized using 'CodeIgniter\Session\Handlers\FileHandler' driver.
INFO - 2021-12-15 14:11:39 --> Session: Class initialized using 'CodeIgniter\Session\Handlers\FileHandler' driver.
INFO - 2021-12-15 14:15:14 --> Session: Class initialized using 'CodeIgniter\Session\Handlers\FileHandler' driver.
INFO - 2021-12-15 14:15:15 --> Session: Class initialized using 'CodeIgniter\Session\Handlers\FileHandler' driver.
INFO - 2021-12-15 14:16:05 --> Session: Class initialized using 'CodeIgniter\Session\Handlers\FileHandler' driver.
INFO - 2021-12-15 14:16:05 --> Session: Class initialized using 'CodeIgniter\Session\Handlers\FileHandler' driver.
INFO - 2021-12-15 14:17:00 --> Session: Class initialized using 'CodeIgniter\Session\Handlers\FileHandler' driver.
INFO - 2021-12-15 14:17:00 --> Session: Class initialized using 'CodeIgniter\Session\Handlers\FileHandler' driver.
INFO - 2021-12-15 14:18:30 --> Session: Class initialized using 'CodeIgniter\Session\Handlers\FileHandler' driver.
INFO - 2021-12-15 14:18:31 --> Session: Class initialized using 'CodeIgniter\Session\Handlers\FileHandler' driver.
INFO - 2021-12-15 14:19:15 --> Session: Class initialized using 'CodeIgniter\Session\Handlers\FileHandler' driver.
INFO - 2021-12-15 14:19:15 --> Session: Class initialized using 'CodeIgniter\Session\Handlers\FileHandler' driver.
INFO - 2021-12-15 14:20:04 --> Session: Class initialized using 'CodeIgniter\Session\Handlers\FileHandler' driver.
INFO - 2021-12-15 14:20:04 --> Session: Class initialized using 'CodeIgniter\Session\Handlers\FileHandler' driver.
INFO - 2021-12-15 14:20:20 --> Session: Class initialized using 'CodeIgniter\Session\Handlers\FileHandler' driver.
INFO - 2021-12-15 14:20:20 --> Session: Class initialized using 'CodeIgniter\Session\Handlers\FileHandler' driver.
INFO - 2021-12-15 14:21:12 --> Session: Class initialized using 'CodeIgniter\Session\Handlers\FileHandler' driver.
INFO - 2021-12-15 14:21:12 --> Session: Class initialized using 'CodeIgniter\Session\Handlers\FileHandler' driver.
INFO - 2021-12-15 14:21:25 --> Session: Class initialized using 'CodeIgniter\Session\Handlers\FileHandler' driver.
INFO - 2021-12-15 14:21:26 --> Session: Class initialized using 'CodeIgniter\Session\Handlers\FileHandler' driver.
INFO - 2021-12-15 14:22:48 --> Session: Class initialized using 'CodeIgniter\Session\Handlers\FileHandler' driver.
INFO - 2021-12-15 14:22:49 --> Session: Class initialized using 'CodeIgniter\Session\Handlers\FileHandler' driver.
INFO - 2021-12-15 14:23:14 --> Session: Class initialized using 'CodeIgniter\Session\Handlers\FileHandler' driver.
INFO - 2021-12-15 14:23:15 --> Session: Class initialized using 'CodeIgniter\Session\Handlers\FileHandler' driver.
INFO - 2021-12-15 14:23:31 --> Session: Class initialized using 'CodeIgniter\Session\Handlers\FileHandler' driver.
INFO - 2021-12-15 14:23:31 --> Session: Class initialized using 'CodeIgniter\Session\Handlers\FileHandler' driver.
INFO - 2021-12-15 14:25:07 --> Session: Class initialized using 'CodeIgniter\Session\Handlers\FileHandler' driver.
INFO - 2021-12-15 14:25:07 --> Session: Class initialized using 'CodeIgniter\Session\Handlers\FileHandler' driver.
INFO - 2021-12-15 14:28:45 --> Session: Class initialized using 'CodeIgniter\Session\Handlers\FileHandler' driver.
INFO - 2021-12-15 14:28:45 --> Session: Class initialized using 'CodeIgniter\Session\Handlers\FileHandler' driver.
INFO - 2021-12-15 14:28:59 --> Session: Class initialized using 'CodeIgniter\Session\Handlers\FileHandler' driver.
INFO - 2021-12-15 14:28:59 --> Session: Class initialized using 'CodeIgniter\Session\Handlers\FileHandler' driver.
INFO - 2021-12-15 14:31:39 --> Session: Class initialized using 'CodeIgniter\Session\Handlers\FileHandler' driver.
INFO - 2021-12-15 14:31:39 --> Session: Class initialized using 'CodeIgniter\Session\Handlers\FileHandler' driver.
INFO - 2021-12-15 14:31:53 --> Session: Class initialized using 'CodeIgniter\Session\Handlers\FileHandler' driver.
INFO - 2021-12-15 14:31:54 --> Session: Class initialized using 'CodeIgniter\Session\Handlers\FileHandler' driver.
INFO - 2021-12-15 14:32:13 --> Session: Class initialized using 'CodeIgniter\Session\Handlers\FileHandler' driver.
INFO - 2021-12-15 14:32:13 --> Session: Class initialized using 'CodeIgniter\Session\Handlers\FileHandler' driver.
INFO - 2021-12-15 14:34:04 --> Session: Class initialized using 'CodeIgniter\Session\Handlers\FileHandler' driver.
INFO - 2021-12-15 14:34:04 --> Session: Class initialized using 'CodeIgniter\Session\Handlers\FileHandler' driver.
CRITICAL - 2021-12-15 14:34:04 --> rename(../upload/1-1000101/card_folder_16/field-post_image_temp.png,../upload/1-1000101/card_folder_16/dodge.png): No such file or directory
#0 [internal function]: CodeIgniter\Debug\Exceptions->errorHandler(2, 'rename(../uploa...', '/var/www/html/m...', 241, Array)
#1 /var/www/html/mymisdiagnosis/app/Controllers/Articles.php(241): rename('../upload/1-100...', '../upload/1-100...')
#2 [internal function]: App\Controllers\Articles->image_temp_routines_posts(Object(stdClass))
#3 /var/www/html/mymisdiagnosis/app/Libraries/GroceryCrud.php(1049): call_user_func(Array, Object(stdClass))
#4 /var/www/html/mymisdiagnosis/app/Libraries/GroceryCrud.php(4570): App\Libraries\grocery_CRUD_Model_Driver->db_update(Object(stdClass))
#5 /var/www/html/mymisdiagnosis/app/Controllers/Articles.php(125): App\Libraries\GroceryCrud->render()
#6 /var/www/html/mymisdiagnosis/system/CodeIgniter.php(936): App\Controllers\Articles->posts('update', '16')
#7 /var/www/html/mymisdiagnosis/system/CodeIgniter.php(432): CodeIgniter\CodeIgniter->runController(Object(App\Controllers\Articles))
#8 /var/www/html/mymisdiagnosis/system/CodeIgniter.php(333): CodeIgniter\CodeIgniter->handleRequest(NULL, Object(Config\Cache), false)
#9 /var/www/html/mymisdiagnosis/index.php(44): CodeIgniter\CodeIgniter->run()
#10 {main}
INFO - 2021-12-15 14:34:17 --> Session: Class initialized using 'CodeIgniter\Session\Handlers\FileHandler' driver.
INFO - 2021-12-15 14:34:17 --> Session: Class initialized using 'CodeIgniter\Session\Handlers\FileHandler' driver.
INFO - 2021-12-15 14:34:23 --> Session: Class initialized using 'CodeIgniter\Session\Handlers\FileHandler' driver.
INFO - 2021-12-15 14:34:23 --> Session: Class initialized using 'CodeIgniter\Session\Handlers\FileHandler' driver.
INFO - 2021-12-15 14:34:23 --> Session: Class initialized using 'CodeIgniter\Session\Handlers\FileHandler' driver.
INFO - 2021-12-15 14:34:29 --> Session: Class initialized using 'CodeIgniter\Session\Handlers\FileHandler' driver.
INFO - 2021-12-15 14:34:29 --> Session: Class initialized using 'CodeIgniter\Session\Handlers\FileHandler' driver.
INFO - 2021-12-15 14:35:16 --> Session: Class initialized using 'CodeIgniter\Session\Handlers\FileHandler' driver.
INFO - 2021-12-15 14:35:16 --> Session: Class initialized using 'CodeIgniter\Session\Handlers\FileHandler' driver.
CRITICAL - 2021-12-15 14:35:16 --> rename(../upload/1-1000101/card_folder_16/field-post_image_temp.png,../upload/1-1000101/card_folder_16/dodge.png): No such file or directory
#0 [internal function]: CodeIgniter\Debug\Exceptions->errorHandler(2, 'rename(../uploa...', '/var/www/html/m...', 241, Array)
#1 /var/www/html/mymisdiagnosis/app/Controllers/Articles.php(241): rename('../upload/1-100...', '../upload/1-100...')
#2 [internal function]: App\Controllers\Articles->image_temp_routines_posts(Object(stdClass))
#3 /var/www/html/mymisdiagnosis/app/Libraries/GroceryCrud.php(1049): call_user_func(Array, Object(stdClass))
#4 /var/www/html/mymisdiagnosis/app/Libraries/GroceryCrud.php(4570): App\Libraries\grocery_CRUD_Model_Driver->db_update(Object(stdClass))
#5 /var/www/html/mymisdiagnosis/app/Controllers/Articles.php(125): App\Libraries\GroceryCrud->render()
#6 /var/www/html/mymisdiagnosis/system/CodeIgniter.php(936): App\Controllers\Articles->posts('update', '16')
#7 /var/www/html/mymisdiagnosis/system/CodeIgniter.php(432): CodeIgniter\CodeIgniter->runController(Object(App\Controllers\Articles))
#8 /var/www/html/mymisdiagnosis/system/CodeIgniter.php(333): CodeIgniter\CodeIgniter->handleRequest(NULL, Object(Config\Cache), false)
#9 /var/www/html/mymisdiagnosis/index.php(44): CodeIgniter\CodeIgniter->run()
#10 {main}
INFO - 2021-12-15 14:35:34 --> Session: Class initialized using 'CodeIgniter\Session\Handlers\FileHandler' driver.
INFO - 2021-12-15 14:35:34 --> Session: Class initialized using 'CodeIgniter\Session\Handlers\FileHandler' driver.
CRITICAL - 2021-12-15 14:35:34 --> rename(/upload/1-1000101/card_folder_16/field-post_image_temp.png,/upload/1-1000101/card_folder_16/dodge.png): No such file or directory
#0 [internal function]: CodeIgniter\Debug\Exceptions->errorHandler(2, 'rename(/upload/...', '/var/www/html/m...', 241, Array)
#1 /var/www/html/mymisdiagnosis/app/Controllers/Articles.php(241): rename('/upload/1-10001...', '/upload/1-10001...')
#2 [internal function]: App\Controllers\Articles->image_temp_routines_posts(Object(stdClass))
#3 /var/www/html/mymisdiagnosis/app/Libraries/GroceryCrud.php(1049): call_user_func(Array, Object(stdClass))
#4 /var/www/html/mymisdiagnosis/app/Libraries/GroceryCrud.php(4570): App\Libraries\grocery_CRUD_Model_Driver->db_update(Object(stdClass))
#5 /var/www/html/mymisdiagnosis/app/Controllers/Articles.php(125): App\Libraries\GroceryCrud->render()
#6 /var/www/html/mymisdiagnosis/system/CodeIgniter.php(936): App\Controllers\Articles->posts('update', '16')
#7 /var/www/html/mymisdiagnosis/system/CodeIgniter.php(432): CodeIgniter\CodeIgniter->runController(Object(App\Controllers\Articles))
#8 /var/www/html/mymisdiagnosis/system/CodeIgniter.php(333): CodeIgniter\CodeIgniter->handleRequest(NULL, Object(Config\Cache), false)
#9 /var/www/html/mymisdiagnosis/index.php(44): CodeIgniter\CodeIgniter->run()
#10 {main}
INFO - 2021-12-15 14:36:06 --> Session: Class initialized using 'CodeIgniter\Session\Handlers\FileHandler' driver.
INFO - 2021-12-15 14:36:06 --> Session: Class initialized using 'CodeIgniter\Session\Handlers\FileHandler' driver.
CRITICAL - 2021-12-15 14:36:06 --> rename(/mymisdiagnosis/upload/1-1000101/card_folder_16/field-post_image_temp.png,/mymisdiagnosis/upload/1-1000101/card_folder_16/dodge.png): No such file or directory
#0 [internal function]: CodeIgniter\Debug\Exceptions->errorHandler(2, 'rename(/mymisdi...', '/var/www/html/m...', 241, Array)
#1 /var/www/html/mymisdiagnosis/app/Controllers/Articles.php(241): rename('/mymisdiagnosis...', '/mymisdiagnosis...')
#2 [internal function]: App\Controllers\Articles->image_temp_routines_posts(Object(stdClass))
#3 /var/www/html/mymisdiagnosis/app/Libraries/GroceryCrud.php(1049): call_user_func(Array, Object(stdClass))
#4 /var/www/html/mymisdiagnosis/app/Libraries/GroceryCrud.php(4570): App\Libraries\grocery_CRUD_Model_Driver->db_update(Object(stdClass))
#5 /var/www/html/mymisdiagnosis/app/Controllers/Articles.php(125): App\Libraries\GroceryCrud->render()
#6 /var/www/html/mymisdiagnosis/system/CodeIgniter.php(936): App\Controllers\Articles->posts('update', '16')
#7 /var/www/html/mymisdiagnosis/system/CodeIgniter.php(432): CodeIgniter\CodeIgniter->runController(Object(App\Controllers\Articles))
#8 /var/www/html/mymisdiagnosis/system/CodeIgniter.php(333): CodeIgniter\CodeIgniter->handleRequest(NULL, Object(Config\Cache), false)
#9 /var/www/html/mymisdiagnosis/index.php(44): CodeIgniter\CodeIgniter->run()
#10 {main}
INFO - 2021-12-15 14:36:32 --> Session: Class initialized using 'CodeIgniter\Session\Handlers\FileHandler' driver.
INFO - 2021-12-15 14:36:32 --> Session: Class initialized using 'CodeIgniter\Session\Handlers\FileHandler' driver.
CRITICAL - 2021-12-15 14:36:32 --> rename(mymisdiagnosis/upload/1-1000101/card_folder_16/field-post_image_temp.png,mymisdiagnosis/upload/1-1000101/card_folder_16/dodge.png): No such file or directory
#0 [internal function]: CodeIgniter\Debug\Exceptions->errorHandler(2, 'rename(mymisdia...', '/var/www/html/m...', 241, Array)
#1 /var/www/html/mymisdiagnosis/app/Controllers/Articles.php(241): rename('mymisdiagnosis/...', 'mymisdiagnosis/...')
#2 [internal function]: App\Controllers\Articles->image_temp_routines_posts(Object(stdClass))
#3 /var/www/html/mymisdiagnosis/app/Libraries/GroceryCrud.php(1049): call_user_func(Array, Object(stdClass))
#4 /var/www/html/mymisdiagnosis/app/Libraries/GroceryCrud.php(4570): App\Libraries\grocery_CRUD_Model_Driver->db_update(Object(stdClass))
#5 /var/www/html/mymisdiagnosis/app/Controllers/Articles.php(125): App\Libraries\GroceryCrud->render()
#6 /var/www/html/mymisdiagnosis/system/CodeIgniter.php(936): App\Controllers\Articles->posts('update', '16')
#7 /var/www/html/mymisdiagnosis/system/CodeIgniter.php(432): CodeIgniter\CodeIgniter->runController(Object(App\Controllers\Articles))
#8 /var/www/html/mymisdiagnosis/system/CodeIgniter.php(333): CodeIgniter\CodeIgniter->handleRequest(NULL, Object(Config\Cache), false)
#9 /var/www/html/mymisdiagnosis/index.php(44): CodeIgniter\CodeIgniter->run()
#10 {main}
INFO - 2021-12-15 14:36:42 --> Session: Class initialized using 'CodeIgniter\Session\Handlers\FileHandler' driver.
INFO - 2021-12-15 14:36:42 --> Session: Class initialized using 'CodeIgniter\Session\Handlers\FileHandler' driver.
CRITICAL - 2021-12-15 14:36:42 --> rename(mymisdiagnosis/upload/1-1000101/card_folder_16/field-post_image_temp.png,mymisdiagnosis/upload/1-1000101/card_folder_16/dodge.png): No such file or directory
#0 [internal function]: CodeIgniter\Debug\Exceptions->errorHandler(2, 'rename(mymisdia...', '/var/www/html/m...', 241, Array)
#1 /var/www/html/mymisdiagnosis/app/Controllers/Articles.php(241): rename('mymisdiagnosis/...', 'mymisdiagnosis/...')
#2 [internal function]: App\Controllers\Articles->image_temp_routines_posts(Object(stdClass))
#3 /var/www/html/mymisdiagnosis/app/Libraries/GroceryCrud.php(1049): call_user_func(Array, Object(stdClass))
#4 /var/www/html/mymisdiagnosis/app/Libraries/GroceryCrud.php(4570): App\Libraries\grocery_CRUD_Model_Driver->db_update(Object(stdClass))
#5 /var/www/html/mymisdiagnosis/app/Controllers/Articles.php(125): App\Libraries\GroceryCrud->render()
#6 /var/www/html/mymisdiagnosis/system/CodeIgniter.php(936): App\Controllers\Articles->posts('update', '16')
#7 /var/www/html/mymisdiagnosis/system/CodeIgniter.php(432): CodeIgniter\CodeIgniter->runController(Object(App\Controllers\Articles))
#8 /var/www/html/mymisdiagnosis/system/CodeIgniter.php(333): CodeIgniter\CodeIgniter->handleRequest(NULL, Object(Config\Cache), false)
#9 /var/www/html/mymisdiagnosis/index.php(44): CodeIgniter\CodeIgniter->run()
#10 {main}
INFO - 2021-12-15 14:37:13 --> Session: Class initialized using 'CodeIgniter\Session\Handlers\FileHandler' driver.
INFO - 2021-12-15 14:37:14 --> Session: Class initialized using 'CodeIgniter\Session\Handlers\FileHandler' driver.
CRITICAL - 2021-12-15 14:37:14 --> rename(../upload/1-1000101/card_folder_16/field-post_image_temp.png,../upload/1-1000101/card_folder_16/dodge.png): No such file or directory
#0 [internal function]: CodeIgniter\Debug\Exceptions->errorHandler(2, 'rename(../uploa...', '/var/www/html/m...', 241, Array)
#1 /var/www/html/mymisdiagnosis/app/Controllers/Articles.php(241): rename('../upload/1-100...', '../upload/1-100...')
#2 [internal function]: App\Controllers\Articles->image_temp_routines_posts(Object(stdClass))
#3 /var/www/html/mymisdiagnosis/app/Libraries/GroceryCrud.php(1049): call_user_func(Array, Object(stdClass))
#4 /var/www/html/mymisdiagnosis/app/Libraries/GroceryCrud.php(4570): App\Libraries\grocery_CRUD_Model_Driver->db_update(Object(stdClass))
#5 /var/www/html/mymisdiagnosis/app/Controllers/Articles.php(125): App\Libraries\GroceryCrud->render()
#6 /var/www/html/mymisdiagnosis/system/CodeIgniter.php(936): App\Controllers\Articles->posts('update', '16')
#7 /var/www/html/mymisdiagnosis/system/CodeIgniter.php(432): CodeIgniter\CodeIgniter->runController(Object(App\Controllers\Articles))
#8 /var/www/html/mymisdiagnosis/system/CodeIgniter.php(333): CodeIgniter\CodeIgniter->handleRequest(NULL, Object(Config\Cache), false)
#9 /var/www/html/mymisdiagnosis/index.php(44): CodeIgniter\CodeIgniter->run()
#10 {main}
INFO - 2021-12-15 14:37:27 --> Session: Class initialized using 'CodeIgniter\Session\Handlers\FileHandler' driver.
INFO - 2021-12-15 14:37:27 --> Session: Class initialized using 'CodeIgniter\Session\Handlers\FileHandler' driver.
INFO - 2021-12-15 14:38:35 --> Session: Class initialized using 'CodeIgniter\Session\Handlers\FileHandler' driver.
INFO - 2021-12-15 14:38:35 --> Session: Class initialized using 'CodeIgniter\Session\Handlers\FileHandler' driver.
CRITICAL - 2021-12-15 14:38:35 --> rename(.//mymisdiagnosis/upload/1-1000101/card_folder_16/field-post_image_temp.png,.//mymisdiagnosis/upload/1-1000101/card_folder_16/field-post_image.png): No such file or directory
#0 [internal function]: CodeIgniter\Debug\Exceptions->errorHandler(2, 'rename(.//mymis...', '/var/www/html/m...', 240, Array)
#1 /var/www/html/mymisdiagnosis/app/Controllers/Articles.php(240): rename('.//mymisdiagnos...', './/mymisdiagnos...')
#2 [internal function]: App\Controllers\Articles->image_temp_routines_posts(Object(stdClass))
#3 /var/www/html/mymisdiagnosis/app/Libraries/GroceryCrud.php(1049): call_user_func(Array, Object(stdClass))
#4 /var/www/html/mymisdiagnosis/app/Libraries/GroceryCrud.php(4570): App\Libraries\grocery_CRUD_Model_Driver->db_update(Object(stdClass))
#5 /var/www/html/mymisdiagnosis/app/Controllers/Articles.php(125): App\Libraries\GroceryCrud->render()
#6 /var/www/html/mymisdiagnosis/system/CodeIgniter.php(936): App\Controllers\Articles->posts('update', '16')
#7 /var/www/html/mymisdiagnosis/system/CodeIgniter.php(432): CodeIgniter\CodeIgniter->runController(Object(App\Controllers\Articles))
#8 /var/www/html/mymisdiagnosis/system/CodeIgniter.php(333): CodeIgniter\CodeIgniter->handleRequest(NULL, Object(Config\Cache), false)
#9 /var/www/html/mymisdiagnosis/index.php(44): CodeIgniter\CodeIgniter->run()
#10 {main}
INFO - 2021-12-15 14:39:06 --> Session: Class initialized using 'CodeIgniter\Session\Handlers\FileHandler' driver.
INFO - 2021-12-15 14:39:06 --> Session: Class initialized using 'CodeIgniter\Session\Handlers\FileHandler' driver.
INFO - 2021-12-15 14:39:43 --> Session: Class initialized using 'CodeIgniter\Session\Handlers\FileHandler' driver.
INFO - 2021-12-15 14:39:43 --> Session: Class initialized using 'CodeIgniter\Session\Handlers\FileHandler' driver.
CRITICAL - 2021-12-15 14:39:44 --> rename(..//mymisdiagnosis/upload/1-1000101/card_folder_16/field-post_image_temp.png,..//mymisdiagnosis/upload/1-1000101/card_folder_16/field-post_image.png): No such file or directory
#0 [internal function]: CodeIgniter\Debug\Exceptions->errorHandler(2, 'rename(..//mymi...', '/var/www/html/m...', 240, Array)
#1 /var/www/html/mymisdiagnosis/app/Controllers/Articles.php(240): rename('..//mymisdiagno...', '..//mymisdiagno...')
#2 [internal function]: App\Controllers\Articles->image_temp_routines_posts(Object(stdClass))
#3 /var/www/html/mymisdiagnosis/app/Libraries/GroceryCrud.php(1049): call_user_func(Array, Object(stdClass))
#4 /var/www/html/mymisdiagnosis/app/Libraries/GroceryCrud.php(4570): App\Libraries\grocery_CRUD_Model_Driver->db_update(Object(stdClass))
#5 /var/www/html/mymisdiagnosis/app/Controllers/Articles.php(125): App\Libraries\GroceryCrud->render()
#6 /var/www/html/mymisdiagnosis/system/CodeIgniter.php(936): App\Controllers\Articles->posts('update', '16')
#7 /var/www/html/mymisdiagnosis/system/CodeIgniter.php(432): CodeIgniter\CodeIgniter->runController(Object(App\Controllers\Articles))
#8 /var/www/html/mymisdiagnosis/system/CodeIgniter.php(333): CodeIgniter\CodeIgniter->handleRequest(NULL, Object(Config\Cache), false)
#9 /var/www/html/mymisdiagnosis/index.php(44): CodeIgniter\CodeIgniter->run()
#10 {main}
INFO - 2021-12-15 14:40:07 --> Session: Class initialized using 'CodeIgniter\Session\Handlers\FileHandler' driver.
INFO - 2021-12-15 14:40:07 --> Session: Class initialized using 'CodeIgniter\Session\Handlers\FileHandler' driver.
CRITICAL - 2021-12-15 14:40:08 --> rename(..//mymisdiagnosis/upload/1-1000101/card_folder_16/field-post_image_temp.png,..//mymisdiagnosis/upload/1-1000101/card_folder_16/field-post_image.png): No such file or directory
#0 [internal function]: CodeIgniter\Debug\Exceptions->errorHandler(2, 'rename(..//mymi...', '/var/www/html/m...', 240, Array)
#1 /var/www/html/mymisdiagnosis/app/Controllers/Articles.php(240): rename('..//mymisdiagno...', '..//mymisdiagno...')
#2 [internal function]: App\Controllers\Articles->image_temp_routines_posts(Object(stdClass))
#3 /var/www/html/mymisdiagnosis/app/Libraries/GroceryCrud.php(1049): call_user_func(Array, Object(stdClass))
#4 /var/www/html/mymisdiagnosis/app/Libraries/GroceryCrud.php(4570): App\Libraries\grocery_CRUD_Model_Driver->db_update(Object(stdClass))
#5 /var/www/html/mymisdiagnosis/app/Controllers/Articles.php(125): App\Libraries\GroceryCrud->render()
#6 /var/www/html/mymisdiagnosis/system/CodeIgniter.php(936): App\Controllers\Articles->posts('update', '16')
#7 /var/www/html/mymisdiagnosis/system/CodeIgniter.php(432): CodeIgniter\CodeIgniter->runController(Object(App\Controllers\Articles))
#8 /var/www/html/mymisdiagnosis/system/CodeIgniter.php(333): CodeIgniter\CodeIgniter->handleRequest(NULL, Object(Config\Cache), false)
#9 /var/www/html/mymisdiagnosis/index.php(44): CodeIgniter\CodeIgniter->run()
#10 {main}
INFO - 2021-12-15 14:40:37 --> Session: Class initialized using 'CodeIgniter\Session\Handlers\FileHandler' driver.
INFO - 2021-12-15 14:40:37 --> Session: Class initialized using 'CodeIgniter\Session\Handlers\FileHandler' driver.
CRITICAL - 2021-12-15 14:40:37 --> rename(..//mymisdiagnosis/upload/1-1000101/card_folder_16/field-post_image_temp.png,..//mymisdiagnosis/upload/1-1000101/card_folder_16/field-post_image.png): No such file or directory
#0 [internal function]: CodeIgniter\Debug\Exceptions->errorHandler(2, 'rename(..//mymi...', '/var/www/html/m...', 240, Array)
#1 /var/www/html/mymisdiagnosis/app/Controllers/Articles.php(240): rename('..//mymisdiagno...', '..//mymisdiagno...')
#2 [internal function]: App\Controllers\Articles->image_temp_routines_posts(Object(stdClass))
#3 /var/www/html/mymisdiagnosis/app/Libraries/GroceryCrud.php(1049): call_user_func(Array, Object(stdClass))
#4 /var/www/html/mymisdiagnosis/app/Libraries/GroceryCrud.php(4570): App\Libraries\grocery_CRUD_Model_Driver->db_update(Object(stdClass))
#5 /var/www/html/mymisdiagnosis/app/Controllers/Articles.php(125): App\Libraries\GroceryCrud->render()
#6 /var/www/html/mymisdiagnosis/system/CodeIgniter.php(936): App\Controllers\Articles->posts('update', '16')
#7 /var/www/html/mymisdiagnosis/system/CodeIgniter.php(432): CodeIgniter\CodeIgniter->runController(Object(App\Controllers\Articles))
#8 /var/www/html/mymisdiagnosis/system/CodeIgniter.php(333): CodeIgniter\CodeIgniter->handleRequest(NULL, Object(Config\Cache), false)
#9 /var/www/html/mymisdiagnosis/index.php(44): CodeIgniter\CodeIgniter->run()
#10 {main}
INFO - 2021-12-15 14:41:09 --> Session: Class initialized using 'CodeIgniter\Session\Handlers\FileHandler' driver.
INFO - 2021-12-15 14:41:10 --> Session: Class initialized using 'CodeIgniter\Session\Handlers\FileHandler' driver.
CRITICAL - 2021-12-15 14:41:10 --> rename(../..//mymisdiagnosis/upload/1-1000101/card_folder_16/field-post_image_temp.png,../..//mymisdiagnosis/upload/1-1000101/card_folder_16/field-post_image.png): No such file or directory
#0 [internal function]: CodeIgniter\Debug\Exceptions->errorHandler(2, 'rename(../..//m...', '/var/www/html/m...', 240, Array)
#1 /var/www/html/mymisdiagnosis/app/Controllers/Articles.php(240): rename('../..//mymisdia...', '../..//mymisdia...')
#2 [internal function]: App\Controllers\Articles->image_temp_routines_posts(Object(stdClass))
#3 /var/www/html/mymisdiagnosis/app/Libraries/GroceryCrud.php(1049): call_user_func(Array, Object(stdClass))
#4 /var/www/html/mymisdiagnosis/app/Libraries/GroceryCrud.php(4570): App\Libraries\grocery_CRUD_Model_Driver->db_update(Object(stdClass))
#5 /var/www/html/mymisdiagnosis/app/Controllers/Articles.php(125): App\Libraries\GroceryCrud->render()
#6 /var/www/html/mymisdiagnosis/system/CodeIgniter.php(936): App\Controllers\Articles->posts('update', '16')
#7 /var/www/html/mymisdiagnosis/system/CodeIgniter.php(432): CodeIgniter\CodeIgniter->runController(Object(App\Controllers\Articles))
#8 /var/www/html/mymisdiagnosis/system/CodeIgniter.php(333): CodeIgniter\CodeIgniter->handleRequest(NULL, Object(Config\Cache), false)
#9 /var/www/html/mymisdiagnosis/index.php(44): CodeIgniter\CodeIgniter->run()
#10 {main}
INFO - 2021-12-15 14:41:26 --> Session: Class initialized using 'CodeIgniter\Session\Handlers\FileHandler' driver.
INFO - 2021-12-15 14:41:26 --> Session: Class initialized using 'CodeIgniter\Session\Handlers\FileHandler' driver.
CRITICAL - 2021-12-15 14:41:26 --> rename(.//mymisdiagnosis/upload/1-1000101/card_folder_16/field-post_image_temp.png,.//mymisdiagnosis/upload/1-1000101/card_folder_16/field-post_image.png): No such file or directory
#0 [internal function]: CodeIgniter\Debug\Exceptions->errorHandler(2, 'rename(.//mymis...', '/var/www/html/m...', 240, Array)
#1 /var/www/html/mymisdiagnosis/app/Controllers/Articles.php(240): rename('.//mymisdiagnos...', './/mymisdiagnos...')
#2 [internal function]: App\Controllers\Articles->image_temp_routines_posts(Object(stdClass))
#3 /var/www/html/mymisdiagnosis/app/Libraries/GroceryCrud.php(1049): call_user_func(Array, Object(stdClass))
#4 /var/www/html/mymisdiagnosis/app/Libraries/GroceryCrud.php(4570): App\Libraries\grocery_CRUD_Model_Driver->db_update(Object(stdClass))
#5 /var/www/html/mymisdiagnosis/app/Controllers/Articles.php(125): App\Libraries\GroceryCrud->render()
#6 /var/www/html/mymisdiagnosis/system/CodeIgniter.php(936): App\Controllers\Articles->posts('update', '16')
#7 /var/www/html/mymisdiagnosis/system/CodeIgniter.php(432): CodeIgniter\CodeIgniter->runController(Object(App\Controllers\Articles))
#8 /var/www/html/mymisdiagnosis/system/CodeIgniter.php(333): CodeIgniter\CodeIgniter->handleRequest(NULL, Object(Config\Cache), false)
#9 /var/www/html/mymisdiagnosis/index.php(44): CodeIgniter\CodeIgniter->run()
#10 {main}
INFO - 2021-12-15 14:41:38 --> Session: Class initialized using 'CodeIgniter\Session\Handlers\FileHandler' driver.
INFO - 2021-12-15 14:41:39 --> Session: Class initialized using 'CodeIgniter\Session\Handlers\FileHandler' driver.
CRITICAL - 2021-12-15 14:41:39 --> rename(./upload/1-1000101/card_folder_16/field-post_image_temp.png,./upload/1-1000101/card_folder_16/dodge.png): No such file or directory
#0 [internal function]: CodeIgniter\Debug\Exceptions->errorHandler(2, 'rename(./upload...', '/var/www/html/m...', 241, Array)
#1 /var/www/html/mymisdiagnosis/app/Controllers/Articles.php(241): rename('./upload/1-1000...', './upload/1-1000...')
#2 [internal function]: App\Controllers\Articles->image_temp_routines_posts(Object(stdClass))
#3 /var/www/html/mymisdiagnosis/app/Libraries/GroceryCrud.php(1049): call_user_func(Array, Object(stdClass))
#4 /var/www/html/mymisdiagnosis/app/Libraries/GroceryCrud.php(4570): App\Libraries\grocery_CRUD_Model_Driver->db_update(Object(stdClass))
#5 /var/www/html/mymisdiagnosis/app/Controllers/Articles.php(125): App\Libraries\GroceryCrud->render()
#6 /var/www/html/mymisdiagnosis/system/CodeIgniter.php(936): App\Controllers\Articles->posts('update', '16')
#7 /var/www/html/mymisdiagnosis/system/CodeIgniter.php(432): CodeIgniter\CodeIgniter->runController(Object(App\Controllers\Articles))
#8 /var/www/html/mymisdiagnosis/system/CodeIgniter.php(333): CodeIgniter\CodeIgniter->handleRequest(NULL, Object(Config\Cache), false)
#9 /var/www/html/mymisdiagnosis/index.php(44): CodeIgniter\CodeIgniter->run()
#10 {main}
INFO - 2021-12-15 14:42:04 --> Session: Class initialized using 'CodeIgniter\Session\Handlers\FileHandler' driver.
INFO - 2021-12-15 14:42:04 --> Session: Class initialized using 'CodeIgniter\Session\Handlers\FileHandler' driver.
INFO - 2021-12-15 14:42:05 --> Session: Class initialized using 'CodeIgniter\Session\Handlers\FileHandler' driver.
INFO - 2021-12-15 14:42:15 --> Session: Class initialized using 'CodeIgniter\Session\Handlers\FileHandler' driver.
INFO - 2021-12-15 14:42:16 --> Session: Class initialized using 'CodeIgniter\Session\Handlers\FileHandler' driver.
INFO - 2021-12-15 14:43:09 --> Session: Class initialized using 'CodeIgniter\Session\Handlers\FileHandler' driver.
INFO - 2021-12-15 14:43:09 --> Session: Class initialized using 'CodeIgniter\Session\Handlers\FileHandler' driver.
INFO - 2021-12-15 14:43:39 --> Session: Class initialized using 'CodeIgniter\Session\Handlers\FileHandler' driver.
INFO - 2021-12-15 14:43:39 --> Session: Class initialized using 'CodeIgniter\Session\Handlers\FileHandler' driver.
CRITICAL - 2021-12-15 14:43:39 --> rename(.//mymisdiagnosis/upload/1-1000101/card_folder_16/field-post_image_temp.jpg,.//mymisdiagnosis/upload/1-1000101/card_folder_16/field-post_image.jpg): No such file or directory
#0 [internal function]: CodeIgniter\Debug\Exceptions->errorHandler(2, 'rename(.//mymis...', '/var/www/html/m...', 240, Array)
#1 /var/www/html/mymisdiagnosis/app/Controllers/Articles.php(240): rename('.//mymisdiagnos...', './/mymisdiagnos...')
#2 [internal function]: App\Controllers\Articles->image_temp_routines_posts(Object(stdClass))
#3 /var/www/html/mymisdiagnosis/app/Libraries/GroceryCrud.php(1049): call_user_func(Array, Object(stdClass))
#4 /var/www/html/mymisdiagnosis/app/Libraries/GroceryCrud.php(4570): App\Libraries\grocery_CRUD_Model_Driver->db_update(Object(stdClass))
#5 /var/www/html/mymisdiagnosis/app/Controllers/Articles.php(125): App\Libraries\GroceryCrud->render()
#6 /var/www/html/mymisdiagnosis/system/CodeIgniter.php(936): App\Controllers\Articles->posts('update', '16')
#7 /var/www/html/mymisdiagnosis/system/CodeIgniter.php(432): CodeIgniter\CodeIgniter->runController(Object(App\Controllers\Articles))
#8 /var/www/html/mymisdiagnosis/system/CodeIgniter.php(333): CodeIgniter\CodeIgniter->handleRequest(NULL, Object(Config\Cache), false)
#9 /var/www/html/mymisdiagnosis/index.php(44): CodeIgniter\CodeIgniter->run()
#10 {main}
INFO - 2021-12-15 14:44:06 --> Session: Class initialized using 'CodeIgniter\Session\Handlers\FileHandler' driver.
INFO - 2021-12-15 14:44:06 --> Session: Class initialized using 'CodeIgniter\Session\Handlers\FileHandler' driver.
INFO - 2021-12-15 14:44:28 --> Session: Class initialized using 'CodeIgniter\Session\Handlers\FileHandler' driver.
INFO - 2021-12-15 14:44:29 --> Session: Class initialized using 'CodeIgniter\Session\Handlers\FileHandler' driver.
INFO - 2021-12-15 14:44:38 --> Session: Class initialized using 'CodeIgniter\Session\Handlers\FileHandler' driver.
INFO - 2021-12-15 14:44:38 --> Session: Class initialized using 'CodeIgniter\Session\Handlers\FileHandler' driver.
INFO - 2021-12-15 14:44:38 --> Session: Class initialized using 'CodeIgniter\Session\Handlers\FileHandler' driver.
INFO - 2021-12-15 14:44:40 --> Session: Class initialized using 'CodeIgniter\Session\Handlers\FileHandler' driver.
INFO - 2021-12-15 14:44:40 --> Session: Class initialized using 'CodeIgniter\Session\Handlers\FileHandler' driver.
INFO - 2021-12-15 14:44:40 --> Session: Class initialized using 'CodeIgniter\Session\Handlers\FileHandler' driver.
INFO - 2021-12-15 14:45:00 --> Session: Class initialized using 'CodeIgniter\Session\Handlers\FileHandler' driver.
INFO - 2021-12-15 14:45:00 --> Session: Class initialized using 'CodeIgniter\Session\Handlers\FileHandler' driver.
INFO - 2021-12-15 14:45:17 --> Session: Class initialized using 'CodeIgniter\Session\Handlers\FileHandler' driver.
INFO - 2021-12-15 14:45:18 --> Session: Class initialized using 'CodeIgniter\Session\Handlers\FileHandler' driver.
CRITICAL - 2021-12-15 14:45:18 --> rename(..//mymisdiagnosis/upload/1-1000101/card_folder_16/field-post_image_temp.jpg,..//mymisdiagnosis/upload/1-1000101/card_folder_16/field-post_image.jpg): No such file or directory
#0 [internal function]: CodeIgniter\Debug\Exceptions->errorHandler(2, 'rename(..//mymi...', '/var/www/html/m...', 240, Array)
#1 /var/www/html/mymisdiagnosis/app/Controllers/Articles.php(240): rename('..//mymisdiagno...', '..//mymisdiagno...')
#2 [internal function]: App\Controllers\Articles->image_temp_routines_posts(Object(stdClass))
#3 /var/www/html/mymisdiagnosis/app/Libraries/GroceryCrud.php(1049): call_user_func(Array, Object(stdClass))
#4 /var/www/html/mymisdiagnosis/app/Libraries/GroceryCrud.php(4570): App\Libraries\grocery_CRUD_Model_Driver->db_update(Object(stdClass))
#5 /var/www/html/mymisdiagnosis/app/Controllers/Articles.php(125): App\Libraries\GroceryCrud->render()
#6 /var/www/html/mymisdiagnosis/system/CodeIgniter.php(936): App\Controllers\Articles->posts('update', '16')
#7 /var/www/html/mymisdiagnosis/system/CodeIgniter.php(432): CodeIgniter\CodeIgniter->runController(Object(App\Controllers\Articles))
#8 /var/www/html/mymisdiagnosis/system/CodeIgniter.php(333): CodeIgniter\CodeIgniter->handleRequest(NULL, Object(Config\Cache), false)
#9 /var/www/html/mymisdiagnosis/index.php(44): CodeIgniter\CodeIgniter->run()
#10 {main}
INFO - 2021-12-15 14:45:30 --> Session: Class initialized using 'CodeIgniter\Session\Handlers\FileHandler' driver.
INFO - 2021-12-15 14:45:30 --> Session: Class initialized using 'CodeIgniter\Session\Handlers\FileHandler' driver.
INFO - 2021-12-15 14:45:30 --> Session: Class initialized using 'CodeIgniter\Session\Handlers\FileHandler' driver.
INFO - 2021-12-15 14:45:32 --> Session: Class initialized using 'CodeIgniter\Session\Handlers\FileHandler' driver.
INFO - 2021-12-15 14:45:33 --> Session: Class initialized using 'CodeIgniter\Session\Handlers\FileHandler' driver.
INFO - 2021-12-15 14:45:33 --> Session: Class initialized using 'CodeIgniter\Session\Handlers\FileHandler' driver.
INFO - 2021-12-15 14:45:52 --> Session: Class initialized using 'CodeIgniter\Session\Handlers\FileHandler' driver.
INFO - 2021-12-15 14:45:52 --> Session: Class initialized using 'CodeIgniter\Session\Handlers\FileHandler' driver.
INFO - 2021-12-15 14:45:56 --> Session: Class initialized using 'CodeIgniter\Session\Handlers\FileHandler' driver.
INFO - 2021-12-15 14:45:56 --> Session: Class initialized using 'CodeIgniter\Session\Handlers\FileHandler' driver.
CRITICAL - 2021-12-15 14:45:56 --> rename(..//mymisdiagnosis/upload/1-1000101/card_folder_16/field-post_image_temp.jpg,..//mymisdiagnosis/upload/1-1000101/card_folder_16/field-post_image.jpg): No such file or directory
#0 [internal function]: CodeIgniter\Debug\Exceptions->errorHandler(2, 'rename(..//mymi...', '/var/www/html/m...', 240, Array)
#1 /var/www/html/mymisdiagnosis/app/Controllers/Articles.php(240): rename('..//mymisdiagno...', '..//mymisdiagno...')
#2 [internal function]: App\Controllers\Articles->image_temp_routines_posts(Object(stdClass))
#3 /var/www/html/mymisdiagnosis/app/Libraries/GroceryCrud.php(1049): call_user_func(Array, Object(stdClass))
#4 /var/www/html/mymisdiagnosis/app/Libraries/GroceryCrud.php(4570): App\Libraries\grocery_CRUD_Model_Driver->db_update(Object(stdClass))
#5 /var/www/html/mymisdiagnosis/app/Controllers/Articles.php(125): App\Libraries\GroceryCrud->render()
#6 /var/www/html/mymisdiagnosis/system/CodeIgniter.php(936): App\Controllers\Articles->posts('update', '16')
#7 /var/www/html/mymisdiagnosis/system/CodeIgniter.php(432): CodeIgniter\CodeIgniter->runController(Object(App\Controllers\Articles))
#8 /var/www/html/mymisdiagnosis/system/CodeIgniter.php(333): CodeIgniter\CodeIgniter->handleRequest(NULL, Object(Config\Cache), false)
#9 /var/www/html/mymisdiagnosis/index.php(44): CodeIgniter\CodeIgniter->run()
#10 {main}
INFO - 2021-12-15 14:45:59 --> Session: Class initialized using 'CodeIgniter\Session\Handlers\FileHandler' driver.
INFO - 2021-12-15 14:45:59 --> Session: Class initialized using 'CodeIgniter\Session\Handlers\FileHandler' driver.
CRITICAL - 2021-12-15 14:45:59 --> rename(..//mymisdiagnosis/upload/1-1000101/card_folder_16/field-post_image_temp.jpg,..//mymisdiagnosis/upload/1-1000101/card_folder_16/field-post_image.jpg): No such file or directory
#0 [internal function]: CodeIgniter\Debug\Exceptions->errorHandler(2, 'rename(..//mymi...', '/var/www/html/m...', 240, Array)
#1 /var/www/html/mymisdiagnosis/app/Controllers/Articles.php(240): rename('..//mymisdiagno...', '..//mymisdiagno...')
#2 [internal function]: App\Controllers\Articles->image_temp_routines_posts(Object(stdClass))
#3 /var/www/html/mymisdiagnosis/app/Libraries/GroceryCrud.php(1049): call_user_func(Array, Object(stdClass))
#4 /var/www/html/mymisdiagnosis/app/Libraries/GroceryCrud.php(4570): App\Libraries\grocery_CRUD_Model_Driver->db_update(Object(stdClass))
#5 /var/www/html/mymisdiagnosis/app/Controllers/Articles.php(125): App\Libraries\GroceryCrud->render()
#6 /var/www/html/mymisdiagnosis/system/CodeIgniter.php(936): App\Controllers\Articles->posts('update', '16')
#7 /var/www/html/mymisdiagnosis/system/CodeIgniter.php(432): CodeIgniter\CodeIgniter->runController(Object(App\Controllers\Articles))
#8 /var/www/html/mymisdiagnosis/system/CodeIgniter.php(333): CodeIgniter\CodeIgniter->handleRequest(NULL, Object(Config\Cache), false)
#9 /var/www/html/mymisdiagnosis/index.php(44): CodeIgniter\CodeIgniter->run()
#10 {main}
INFO - 2021-12-15 14:46:08 --> Session: Class initialized using 'CodeIgniter\Session\Handlers\FileHandler' driver.
INFO - 2021-12-15 14:46:09 --> Session: Class initialized using 'CodeIgniter\Session\Handlers\FileHandler' driver.
INFO - 2021-12-15 14:46:12 --> Session: Class initialized using 'CodeIgniter\Session\Handlers\FileHandler' driver.
INFO - 2021-12-15 14:46:16 --> Session: Class initialized using 'CodeIgniter\Session\Handlers\FileHandler' driver.
INFO - 2021-12-15 14:46:16 --> Session: Class initialized using 'CodeIgniter\Session\Handlers\FileHandler' driver.
INFO - 2021-12-15 14:46:18 --> Session: Class initialized using 'CodeIgniter\Session\Handlers\FileHandler' driver.
INFO - 2021-12-15 14:46:18 --> Session: Class initialized using 'CodeIgniter\Session\Handlers\FileHandler' driver.
INFO - 2021-12-15 14:46:18 --> Session: Class initialized using 'CodeIgniter\Session\Handlers\FileHandler' driver.
INFO - 2021-12-15 14:46:20 --> Session: Class initialized using 'CodeIgniter\Session\Handlers\FileHandler' driver.
INFO - 2021-12-15 14:46:21 --> Session: Class initialized using 'CodeIgniter\Session\Handlers\FileHandler' driver.
INFO - 2021-12-15 14:46:22 --> Session: Class initialized using 'CodeIgniter\Session\Handlers\FileHandler' driver.
INFO - 2021-12-15 14:46:23 --> Session: Class initialized using 'CodeIgniter\Session\Handlers\FileHandler' driver.
INFO - 2021-12-15 14:47:18 --> Session: Class initialized using 'CodeIgniter\Session\Handlers\FileHandler' driver.
INFO - 2021-12-15 14:47:18 --> Session: Class initialized using 'CodeIgniter\Session\Handlers\FileHandler' driver.
INFO - 2021-12-15 14:48:10 --> Session: Class initialized using 'CodeIgniter\Session\Handlers\FileHandler' driver.
INFO - 2021-12-15 14:48:10 --> Session: Class initialized using 'CodeIgniter\Session\Handlers\FileHandler' driver.
INFO - 2021-12-15 14:48:10 --> Session: Class initialized using 'CodeIgniter\Session\Handlers\FileHandler' driver.
INFO - 2021-12-15 14:48:19 --> Session: Class initialized using 'CodeIgniter\Session\Handlers\FileHandler' driver.
INFO - 2021-12-15 14:48:20 --> Session: Class initialized using 'CodeIgniter\Session\Handlers\FileHandler' driver.
INFO - 2021-12-15 14:48:36 --> Session: Class initialized using 'CodeIgniter\Session\Handlers\FileHandler' driver.
INFO - 2021-12-15 14:48:37 --> Session: Class initialized using 'CodeIgniter\Session\Handlers\FileHandler' driver.
INFO - 2021-12-15 14:48:37 --> Session: Class initialized using 'CodeIgniter\Session\Handlers\FileHandler' driver.
INFO - 2021-12-15 14:49:00 --> Session: Class initialized using 'CodeIgniter\Session\Handlers\FileHandler' driver.
INFO - 2021-12-15 14:49:00 --> Session: Class initialized using 'CodeIgniter\Session\Handlers\FileHandler' driver.
CRITICAL - 2021-12-15 14:49:00 --> Undefined variable: path_parts
#0 /var/www/html/mymisdiagnosis/app/Controllers/Articles.php(252): CodeIgniter\Debug\Exceptions->errorHandler(8, 'Undefined varia...', '/var/www/html/m...', 252, Array)
#1 [internal function]: App\Controllers\Articles->image_temp_routines_posts(Object(stdClass))
#2 /var/www/html/mymisdiagnosis/app/Libraries/GroceryCrud.php(911): call_user_func(Array, Object(stdClass))
#3 /var/www/html/mymisdiagnosis/app/Libraries/GroceryCrud.php(4557): App\Libraries\grocery_CRUD_Model_Driver->db_insert(Object(stdClass))
#4 /var/www/html/mymisdiagnosis/app/Controllers/Articles.php(125): App\Libraries\GroceryCrud->render()
#5 /var/www/html/mymisdiagnosis/system/CodeIgniter.php(936): App\Controllers\Articles->posts('insert')
#6 /var/www/html/mymisdiagnosis/system/CodeIgniter.php(432): CodeIgniter\CodeIgniter->runController(Object(App\Controllers\Articles))
#7 /var/www/html/mymisdiagnosis/system/CodeIgniter.php(333): CodeIgniter\CodeIgniter->handleRequest(NULL, Object(Config\Cache), false)
#8 /var/www/html/mymisdiagnosis/index.php(44): CodeIgniter\CodeIgniter->run()
#9 {main}
INFO - 2021-12-15 14:49:08 --> Session: Class initialized using 'CodeIgniter\Session\Handlers\FileHandler' driver.
INFO - 2021-12-15 14:49:08 --> Session: Class initialized using 'CodeIgniter\Session\Handlers\FileHandler' driver.
CRITICAL - 2021-12-15 14:49:09 --> rename(..//mymisdiagnosis/upload/1-1000101/temp_card_folder/field-post_image_temp.jpg,..//mymisdiagnosis/upload/1-1000101/temp_card_folder/field-post_image.jpg): No such file or directory
#0 [internal function]: CodeIgniter\Debug\Exceptions->errorHandler(2, 'rename(..//mymi...', '/var/www/html/m...', 240, Array)
#1 /var/www/html/mymisdiagnosis/app/Controllers/Articles.php(240): rename('..//mymisdiagno...', '..//mymisdiagno...')
#2 [internal function]: App\Controllers\Articles->image_temp_routines_posts(Object(stdClass))
#3 /var/www/html/mymisdiagnosis/app/Libraries/GroceryCrud.php(911): call_user_func(Array, Object(stdClass))
#4 /var/www/html/mymisdiagnosis/app/Libraries/GroceryCrud.php(4557): App\Libraries\grocery_CRUD_Model_Driver->db_insert(Object(stdClass))
#5 /var/www/html/mymisdiagnosis/app/Controllers/Articles.php(125): App\Libraries\GroceryCrud->render()
#6 /var/www/html/mymisdiagnosis/system/CodeIgniter.php(936): App\Controllers\Articles->posts('insert')
#7 /var/www/html/mymisdiagnosis/system/CodeIgniter.php(432): CodeIgniter\CodeIgniter->runController(Object(App\Controllers\Articles))
#8 /var/www/html/mymisdiagnosis/system/CodeIgniter.php(333): CodeIgniter\CodeIgniter->handleRequest(NULL, Object(Config\Cache), false)
#9 /var/www/html/mymisdiagnosis/index.php(44): CodeIgniter\CodeIgniter->run()
#10 {main}
INFO - 2021-12-15 14:50:21 --> Session: Class initialized using 'CodeIgniter\Session\Handlers\FileHandler' driver.
INFO - 2021-12-15 14:50:21 --> Session: Class initialized using 'CodeIgniter\Session\Handlers\FileHandler' driver.
CRITICAL - 2021-12-15 14:50:21 --> rename(..//mymisdiagnosis/upload/1-1000101/temp_card_folder/field-post_image_temp.jpg,..//mymisdiagnosis/upload/1-1000101/temp_card_folder/field-post_image.jpg): No such file or directory
#0 [internal function]: CodeIgniter\Debug\Exceptions->errorHandler(2, 'rename(..//mymi...', '/var/www/html/m...', 240, Array)
#1 /var/www/html/mymisdiagnosis/app/Controllers/Articles.php(240): rename('..//mymisdiagno...', '..//mymisdiagno...')
#2 [internal function]: App\Controllers\Articles->image_temp_routines_posts(Object(stdClass))
#3 /var/www/html/mymisdiagnosis/app/Libraries/GroceryCrud.php(911): call_user_func(Array, Object(stdClass))
#4 /var/www/html/mymisdiagnosis/app/Libraries/GroceryCrud.php(4557): App\Libraries\grocery_CRUD_Model_Driver->db_insert(Object(stdClass))
#5 /var/www/html/mymisdiagnosis/app/Controllers/Articles.php(125): App\Libraries\GroceryCrud->render()
#6 /var/www/html/mymisdiagnosis/system/CodeIgniter.php(936): App\Controllers\Articles->posts('insert')
#7 /var/www/html/mymisdiagnosis/system/CodeIgniter.php(432): CodeIgniter\CodeIgniter->runController(Object(App\Controllers\Articles))
#8 /var/www/html/mymisdiagnosis/system/CodeIgniter.php(333): CodeIgniter\CodeIgniter->handleRequest(NULL, Object(Config\Cache), false)
#9 /var/www/html/mymisdiagnosis/index.php(44): CodeIgniter\CodeIgniter->run()
#10 {main}
INFO - 2021-12-15 14:50:26 --> Session: Class initialized using 'CodeIgniter\Session\Handlers\FileHandler' driver.
INFO - 2021-12-15 14:50:26 --> Session: Class initialized using 'CodeIgniter\Session\Handlers\FileHandler' driver.
CRITICAL - 2021-12-15 14:50:26 --> rename(..//mymisdiagnosis/upload/1-1000101/temp_card_folder/field-post_image_temp.jpg,..//mymisdiagnosis/upload/1-1000101/temp_card_folder/field-post_image.jpg): No such file or directory
#0 [internal function]: CodeIgniter\Debug\Exceptions->errorHandler(2, 'rename(..//mymi...', '/var/www/html/m...', 240, Array)
#1 /var/www/html/mymisdiagnosis/app/Controllers/Articles.php(240): rename('..//mymisdiagno...', '..//mymisdiagno...')
#2 [internal function]: App\Controllers\Articles->image_temp_routines_posts(Object(stdClass))
#3 /var/www/html/mymisdiagnosis/app/Libraries/GroceryCrud.php(911): call_user_func(Array, Object(stdClass))
#4 /var/www/html/mymisdiagnosis/app/Libraries/GroceryCrud.php(4557): App\Libraries\grocery_CRUD_Model_Driver->db_insert(Object(stdClass))
#5 /var/www/html/mymisdiagnosis/app/Controllers/Articles.php(125): App\Libraries\GroceryCrud->render()
#6 /var/www/html/mymisdiagnosis/system/CodeIgniter.php(936): App\Controllers\Articles->posts('insert')
#7 /var/www/html/mymisdiagnosis/system/CodeIgniter.php(432): CodeIgniter\CodeIgniter->runController(Object(App\Controllers\Articles))
#8 /var/www/html/mymisdiagnosis/system/CodeIgniter.php(333): CodeIgniter\CodeIgniter->handleRequest(NULL, Object(Config\Cache), false)
#9 /var/www/html/mymisdiagnosis/index.php(44): CodeIgniter\CodeIgniter->run()
#10 {main}
INFO - 2021-12-15 14:51:08 --> Session: Class initialized using 'CodeIgniter\Session\Handlers\FileHandler' driver.
INFO - 2021-12-15 14:51:08 --> Session: Class initialized using 'CodeIgniter\Session\Handlers\FileHandler' driver.
CRITICAL - 2021-12-15 14:51:08 --> rename(..//mymisdiagnosis/upload/1-1000101/temp_card_folder/field-post_image_temp.jpg,..//mymisdiagnosis/upload/1-1000101/temp_card_folder/field-post_image.jpg): No such file or directory
#0 [internal function]: CodeIgniter\Debug\Exceptions->errorHandler(2, 'rename(..//mymi...', '/var/www/html/m...', 240, Array)
#1 /var/www/html/mymisdiagnosis/app/Controllers/Articles.php(240): rename('..//mymisdiagno...', '..//mymisdiagno...')
#2 [internal function]: App\Controllers\Articles->image_temp_routines_posts(Object(stdClass))
#3 /var/www/html/mymisdiagnosis/app/Libraries/GroceryCrud.php(911): call_user_func(Array, Object(stdClass))
#4 /var/www/html/mymisdiagnosis/app/Libraries/GroceryCrud.php(4557): App\Libraries\grocery_CRUD_Model_Driver->db_insert(Object(stdClass))
#5 /var/www/html/mymisdiagnosis/app/Controllers/Articles.php(125): App\Libraries\GroceryCrud->render()
#6 /var/www/html/mymisdiagnosis/system/CodeIgniter.php(936): App\Controllers\Articles->posts('insert')
#7 /var/www/html/mymisdiagnosis/system/CodeIgniter.php(432): CodeIgniter\CodeIgniter->runController(Object(App\Controllers\Articles))
#8 /var/www/html/mymisdiagnosis/system/CodeIgniter.php(333): CodeIgniter\CodeIgniter->handleRequest(NULL, Object(Config\Cache), false)
#9 /var/www/html/mymisdiagnosis/index.php(44): CodeIgniter\CodeIgniter->run()
#10 {main}
INFO - 2021-12-15 14:51:41 --> Session: Class initialized using 'CodeIgniter\Session\Handlers\FileHandler' driver.
INFO - 2021-12-15 14:51:41 --> Session: Class initialized using 'CodeIgniter\Session\Handlers\FileHandler' driver.
CRITICAL - 2021-12-15 14:51:41 --> rename(..//mymisdiagnosis/upload/1-1000101/temp_card_folder/field-post_image_temp.jpg,..//mymisdiagnosis/upload/1-1000101/temp_card_folder/field-post_image.jpg): No such file or directory
#0 [internal function]: CodeIgniter\Debug\Exceptions->errorHandler(2, 'rename(..//mymi...', '/var/www/html/m...', 240, Array)
#1 /var/www/html/mymisdiagnosis/app/Controllers/Articles.php(240): rename('..//mymisdiagno...', '..//mymisdiagno...')
#2 [internal function]: App\Controllers\Articles->image_temp_routines_posts(Object(stdClass))
#3 /var/www/html/mymisdiagnosis/app/Libraries/GroceryCrud.php(911): call_user_func(Array, Object(stdClass))
#4 /var/www/html/mymisdiagnosis/app/Libraries/GroceryCrud.php(4557): App\Libraries\grocery_CRUD_Model_Driver->db_insert(Object(stdClass))
#5 /var/www/html/mymisdiagnosis/app/Controllers/Articles.php(125): App\Libraries\GroceryCrud->render()
#6 /var/www/html/mymisdiagnosis/system/CodeIgniter.php(936): App\Controllers\Articles->posts('insert')
#7 /var/www/html/mymisdiagnosis/system/CodeIgniter.php(432): CodeIgniter\CodeIgniter->runController(Object(App\Controllers\Articles))
#8 /var/www/html/mymisdiagnosis/system/CodeIgniter.php(333): CodeIgniter\CodeIgniter->handleRequest(NULL, Object(Config\Cache), false)
#9 /var/www/html/mymisdiagnosis/index.php(44): CodeIgniter\CodeIgniter->run()
#10 {main}
INFO - 2021-12-15 14:52:22 --> Session: Class initialized using 'CodeIgniter\Session\Handlers\FileHandler' driver.
INFO - 2021-12-15 14:52:23 --> Session: Class initialized using 'CodeIgniter\Session\Handlers\FileHandler' driver.
CRITICAL - 2021-12-15 14:52:23 --> rename(..//mymisdiagnosis/upload/1-1000101/temp_card_folder/field-post_image_temp.jpg,..//mymisdiagnosis/upload/1-1000101/temp_card_folder/field-post_image.jpg): No such file or directory
#0 [internal function]: CodeIgniter\Debug\Exceptions->errorHandler(2, 'rename(..//mymi...', '/var/www/html/m...', 240, Array)
#1 /var/www/html/mymisdiagnosis/app/Controllers/Articles.php(240): rename('..//mymisdiagno...', '..//mymisdiagno...')
#2 [internal function]: App\Controllers\Articles->image_temp_routines_posts(Object(stdClass))
#3 /var/www/html/mymisdiagnosis/app/Libraries/GroceryCrud.php(911): call_user_func(Array, Object(stdClass))
#4 /var/www/html/mymisdiagnosis/app/Libraries/GroceryCrud.php(4557): App\Libraries\grocery_CRUD_Model_Driver->db_insert(Object(stdClass))
#5 /var/www/html/mymisdiagnosis/app/Controllers/Articles.php(125): App\Libraries\GroceryCrud->render()
#6 /var/www/html/mymisdiagnosis/system/CodeIgniter.php(936): App\Controllers\Articles->posts('insert')
#7 /var/www/html/mymisdiagnosis/system/CodeIgniter.php(432): CodeIgniter\CodeIgniter->runController(Object(App\Controllers\Articles))
#8 /var/www/html/mymisdiagnosis/system/CodeIgniter.php(333): CodeIgniter\CodeIgniter->handleRequest(NULL, Object(Config\Cache), false)
#9 /var/www/html/mymisdiagnosis/index.php(44): CodeIgniter\CodeIgniter->run()
#10 {main}
INFO - 2021-12-15 14:53:11 --> Session: Class initialized using 'CodeIgniter\Session\Handlers\FileHandler' driver.
INFO - 2021-12-15 14:53:11 --> Session: Class initialized using 'CodeIgniter\Session\Handlers\FileHandler' driver.
CRITICAL - 2021-12-15 14:53:11 --> rename(../../mymisdiagnosis/upload/1-1000101/temp_card_folder/field-post_image_temp.jpg,../../mymisdiagnosis/upload/1-1000101/temp_card_folder/field-post_image.jpg): No such file or directory
#0 [internal function]: CodeIgniter\Debug\Exceptions->errorHandler(2, 'rename(../../my...', '/var/www/html/m...', 240, Array)
#1 /var/www/html/mymisdiagnosis/app/Controllers/Articles.php(240): rename('../../mymisdiag...', '../../mymisdiag...')
#2 [internal function]: App\Controllers\Articles->image_temp_routines_posts(Object(stdClass))
#3 /var/www/html/mymisdiagnosis/app/Libraries/GroceryCrud.php(911): call_user_func(Array, Object(stdClass))
#4 /var/www/html/mymisdiagnosis/app/Libraries/GroceryCrud.php(4557): App\Libraries\grocery_CRUD_Model_Driver->db_insert(Object(stdClass))
#5 /var/www/html/mymisdiagnosis/app/Controllers/Articles.php(125): App\Libraries\GroceryCrud->render()
#6 /var/www/html/mymisdiagnosis/system/CodeIgniter.php(936): App\Controllers\Articles->posts('insert')
#7 /var/www/html/mymisdiagnosis/system/CodeIgniter.php(432): CodeIgniter\CodeIgniter->runController(Object(App\Controllers\Articles))
#8 /var/www/html/mymisdiagnosis/system/CodeIgniter.php(333): CodeIgniter\CodeIgniter->handleRequest(NULL, Object(Config\Cache), false)
#9 /var/www/html/mymisdiagnosis/index.php(44): CodeIgniter\CodeIgniter->run()
#10 {main}
INFO - 2021-12-15 14:53:43 --> Session: Class initialized using 'CodeIgniter\Session\Handlers\FileHandler' driver.
INFO - 2021-12-15 14:53:43 --> Session: Class initialized using 'CodeIgniter\Session\Handlers\FileHandler' driver.
CRITICAL - 2021-12-15 14:53:43 --> rename(../../mymisdiagnosis/upload/1-1000101/temp_card_folder/field-post_image_temp.jpg,../../mymisdiagnosis/upload/1-1000101/temp_card_folder/field-post_image.jpg): No such file or directory
#0 [internal function]: CodeIgniter\Debug\Exceptions->errorHandler(2, 'rename(../../my...', '/var/www/html/m...', 240, Array)
#1 /var/www/html/mymisdiagnosis/app/Controllers/Articles.php(240): rename('../../mymisdiag...', '../../mymisdiag...')
#2 [internal function]: App\Controllers\Articles->image_temp_routines_posts(Object(stdClass))
#3 /var/www/html/mymisdiagnosis/app/Libraries/GroceryCrud.php(911): call_user_func(Array, Object(stdClass))
#4 /var/www/html/mymisdiagnosis/app/Libraries/GroceryCrud.php(4557): App\Libraries\grocery_CRUD_Model_Driver->db_insert(Object(stdClass))
#5 /var/www/html/mymisdiagnosis/app/Controllers/Articles.php(125): App\Libraries\GroceryCrud->render()
#6 /var/www/html/mymisdiagnosis/system/CodeIgniter.php(936): App\Controllers\Articles->posts('insert')
#7 /var/www/html/mymisdiagnosis/system/CodeIgniter.php(432): CodeIgniter\CodeIgniter->runController(Object(App\Controllers\Articles))
#8 /var/www/html/mymisdiagnosis/system/CodeIgniter.php(333): CodeIgniter\CodeIgniter->handleRequest(NULL, Object(Config\Cache), false)
#9 /var/www/html/mymisdiagnosis/index.php(44): CodeIgniter\CodeIgniter->run()
#10 {main}
INFO - 2021-12-15 14:53:50 --> Session: Class initialized using 'CodeIgniter\Session\Handlers\FileHandler' driver.
INFO - 2021-12-15 14:53:50 --> Session: Class initialized using 'CodeIgniter\Session\Handlers\FileHandler' driver.
CRITICAL - 2021-12-15 14:53:50 --> rename(../../mymisdiagnosis/upload/1-1000101/temp_card_folder/field-post_image_temp.jpg,../../mymisdiagnosis/upload/1-1000101/temp_card_folder/field-post_image.jpg): No such file or directory
#0 [internal function]: CodeIgniter\Debug\Exceptions->errorHandler(2, 'rename(../../my...', '/var/www/html/m...', 240, Array)
#1 /var/www/html/mymisdiagnosis/app/Controllers/Articles.php(240): rename('../../mymisdiag...', '../../mymisdiag...')
#2 [internal function]: App\Controllers\Articles->image_temp_routines_posts(Object(stdClass))
#3 /var/www/html/mymisdiagnosis/app/Libraries/GroceryCrud.php(911): call_user_func(Array, Object(stdClass))
#4 /var/www/html/mymisdiagnosis/app/Libraries/GroceryCrud.php(4557): App\Libraries\grocery_CRUD_Model_Driver->db_insert(Object(stdClass))
#5 /var/www/html/mymisdiagnosis/app/Controllers/Articles.php(125): App\Libraries\GroceryCrud->render()
#6 /var/www/html/mymisdiagnosis/system/CodeIgniter.php(936): App\Controllers\Articles->posts('insert')
#7 /var/www/html/mymisdiagnosis/system/CodeIgniter.php(432): CodeIgniter\CodeIgniter->runController(Object(App\Controllers\Articles))
#8 /var/www/html/mymisdiagnosis/system/CodeIgniter.php(333): CodeIgniter\CodeIgniter->handleRequest(NULL, Object(Config\Cache), false)
#9 /var/www/html/mymisdiagnosis/index.php(44): CodeIgniter\CodeIgniter->run()
#10 {main}
INFO - 2021-12-15 14:55:03 --> Session: Class initialized using 'CodeIgniter\Session\Handlers\FileHandler' driver.
INFO - 2021-12-15 14:55:03 --> Session: Class initialized using 'CodeIgniter\Session\Handlers\FileHandler' driver.
CRITICAL - 2021-12-15 14:55:03 --> rename(../../mymisdiagnosis/upload/1-1000101/temp_card_folder/field-post_image_temp.jpg,../../mymisdiagnosis/upload/1-1000101/temp_card_folder/field-post_image.jpg): No such file or directory
#0 [internal function]: CodeIgniter\Debug\Exceptions->errorHandler(2, 'rename(../../my...', '/var/www/html/m...', 240, Array)
#1 /var/www/html/mymisdiagnosis/app/Controllers/Articles.php(240): rename('../../mymisdiag...', '../../mymisdiag...')
#2 [internal function]: App\Controllers\Articles->image_temp_routines_posts(Object(stdClass))
#3 /var/www/html/mymisdiagnosis/app/Libraries/GroceryCrud.php(911): call_user_func(Array, Object(stdClass))
#4 /var/www/html/mymisdiagnosis/app/Libraries/GroceryCrud.php(4557): App\Libraries\grocery_CRUD_Model_Driver->db_insert(Object(stdClass))
#5 /var/www/html/mymisdiagnosis/app/Controllers/Articles.php(125): App\Libraries\GroceryCrud->render()
#6 /var/www/html/mymisdiagnosis/system/CodeIgniter.php(936): App\Controllers\Articles->posts('insert')
#7 /var/www/html/mymisdiagnosis/system/CodeIgniter.php(432): CodeIgniter\CodeIgniter->runController(Object(App\Controllers\Articles))
#8 /var/www/html/mymisdiagnosis/system/CodeIgniter.php(333): CodeIgniter\CodeIgniter->handleRequest(NULL, Object(Config\Cache), false)
#9 /var/www/html/mymisdiagnosis/index.php(44): CodeIgniter\CodeIgniter->run()
#10 {main}
INFO - 2021-12-15 14:55:07 --> Session: Class initialized using 'CodeIgniter\Session\Handlers\FileHandler' driver.
INFO - 2021-12-15 14:55:07 --> Session: Class initialized using 'CodeIgniter\Session\Handlers\FileHandler' driver.
CRITICAL - 2021-12-15 14:55:07 --> rename(../../mymisdiagnosis/upload/1-1000101/temp_card_folder/field-post_image_temp.jpg,../../mymisdiagnosis/upload/1-1000101/temp_card_folder/field-post_image.jpg): No such file or directory
#0 [internal function]: CodeIgniter\Debug\Exceptions->errorHandler(2, 'rename(../../my...', '/var/www/html/m...', 240, Array)
#1 /var/www/html/mymisdiagnosis/app/Controllers/Articles.php(240): rename('../../mymisdiag...', '../../mymisdiag...')
#2 [internal function]: App\Controllers\Articles->image_temp_routines_posts(Object(stdClass))
#3 /var/www/html/mymisdiagnosis/app/Libraries/GroceryCrud.php(911): call_user_func(Array, Object(stdClass))
#4 /var/www/html/mymisdiagnosis/app/Libraries/GroceryCrud.php(4557): App\Libraries\grocery_CRUD_Model_Driver->db_insert(Object(stdClass))
#5 /var/www/html/mymisdiagnosis/app/Controllers/Articles.php(125): App\Libraries\GroceryCrud->render()
#6 /var/www/html/mymisdiagnosis/system/CodeIgniter.php(936): App\Controllers\Articles->posts('insert')
#7 /var/www/html/mymisdiagnosis/system/CodeIgniter.php(432): CodeIgniter\CodeIgniter->runController(Object(App\Controllers\Articles))
#8 /var/www/html/mymisdiagnosis/system/CodeIgniter.php(333): CodeIgniter\CodeIgniter->handleRequest(NULL, Object(Config\Cache), false)
#9 /var/www/html/mymisdiagnosis/index.php(44): CodeIgniter\CodeIgniter->run()
#10 {main}
INFO - 2021-12-15 14:55:10 --> Session: Class initialized using 'CodeIgniter\Session\Handlers\FileHandler' driver.
INFO - 2021-12-15 14:55:11 --> Session: Class initialized using 'CodeIgniter\Session\Handlers\FileHandler' driver.
CRITICAL - 2021-12-15 14:55:11 --> rename(../../mymisdiagnosis/upload/1-1000101/temp_card_folder/field-post_image_temp.jpg,../../mymisdiagnosis/upload/1-1000101/temp_card_folder/field-post_image.jpg): No such file or directory
#0 [internal function]: CodeIgniter\Debug\Exceptions->errorHandler(2, 'rename(../../my...', '/var/www/html/m...', 240, Array)
#1 /var/www/html/mymisdiagnosis/app/Controllers/Articles.php(240): rename('../../mymisdiag...', '../../mymisdiag...')
#2 [internal function]: App\Controllers\Articles->image_temp_routines_posts(Object(stdClass))
#3 /var/www/html/mymisdiagnosis/app/Libraries/GroceryCrud.php(911): call_user_func(Array, Object(stdClass))
#4 /var/www/html/mymisdiagnosis/app/Libraries/GroceryCrud.php(4557): App\Libraries\grocery_CRUD_Model_Driver->db_insert(Object(stdClass))
#5 /var/www/html/mymisdiagnosis/app/Controllers/Articles.php(125): App\Libraries\GroceryCrud->render()
#6 /var/www/html/mymisdiagnosis/system/CodeIgniter.php(936): App\Controllers\Articles->posts('insert')
#7 /var/www/html/mymisdiagnosis/system/CodeIgniter.php(432): CodeIgniter\CodeIgniter->runController(Object(App\Controllers\Articles))
#8 /var/www/html/mymisdiagnosis/system/CodeIgniter.php(333): CodeIgniter\CodeIgniter->handleRequest(NULL, Object(Config\Cache), false)
#9 /var/www/html/mymisdiagnosis/index.php(44): CodeIgniter\CodeIgniter->run()
#10 {main}
INFO - 2021-12-15 14:56:01 --> Session: Class initialized using 'CodeIgniter\Session\Handlers\FileHandler' driver.
INFO - 2021-12-15 14:56:01 --> Session: Class initialized using 'CodeIgniter\Session\Handlers\FileHandler' driver.
CRITICAL - 2021-12-15 14:56:01 --> rename(../../mymisdiagnosis/upload/1-1000101/temp_card_folder/field-post_image_temp.jpg,../../mymisdiagnosis/upload/1-1000101/temp_card_folder/field-post_image.jpg): No such file or directory
#0 [internal function]: CodeIgniter\Debug\Exceptions->errorHandler(2, 'rename(../../my...', '/var/www/html/m...', 240, Array)
#1 /var/www/html/mymisdiagnosis/app/Controllers/Articles.php(240): rename('../../mymisdiag...', '../../mymisdiag...')
#2 [internal function]: App\Controllers\Articles->image_temp_routines_posts(Object(stdClass))
#3 /var/www/html/mymisdiagnosis/app/Libraries/GroceryCrud.php(911): call_user_func(Array, Object(stdClass))
#4 /var/www/html/mymisdiagnosis/app/Libraries/GroceryCrud.php(4557): App\Libraries\grocery_CRUD_Model_Driver->db_insert(Object(stdClass))
#5 /var/www/html/mymisdiagnosis/app/Controllers/Articles.php(125): App\Libraries\GroceryCrud->render()
#6 /var/www/html/mymisdiagnosis/system/CodeIgniter.php(936): App\Controllers\Articles->posts('insert')
#7 /var/www/html/mymisdiagnosis/system/CodeIgniter.php(432): CodeIgniter\CodeIgniter->runController(Object(App\Controllers\Articles))
#8 /var/www/html/mymisdiagnosis/system/CodeIgniter.php(333): CodeIgniter\CodeIgniter->handleRequest(NULL, Object(Config\Cache), false)
#9 /var/www/html/mymisdiagnosis/index.php(44): CodeIgniter\CodeIgniter->run()
#10 {main}
INFO - 2021-12-15 14:56:15 --> Session: Class initialized using 'CodeIgniter\Session\Handlers\FileHandler' driver.
INFO - 2021-12-15 14:56:18 --> Session: Class initialized using 'CodeIgniter\Session\Handlers\FileHandler' driver.
INFO - 2021-12-15 14:56:18 --> Session: Class initialized using 'CodeIgniter\Session\Handlers\FileHandler' driver.
INFO - 2021-12-15 14:56:18 --> Session: Class initialized using 'CodeIgniter\Session\Handlers\FileHandler' driver.
INFO - 2021-12-15 14:56:47 --> Session: Class initialized using 'CodeIgniter\Session\Handlers\FileHandler' driver.
INFO - 2021-12-15 14:56:48 --> Session: Class initialized using 'CodeIgniter\Session\Handlers\FileHandler' driver.
CRITICAL - 2021-12-15 14:56:48 --> rename(../../mymisdiagnosis/upload/1-1000101/temp_card_folder/field-post_image_temp.jpg,../../mymisdiagnosis/upload/1-1000101/temp_card_folder/field-post_image.jpg): No such file or directory
#0 [internal function]: CodeIgniter\Debug\Exceptions->errorHandler(2, 'rename(../../my...', '/var/www/html/m...', 240, Array)
#1 /var/www/html/mymisdiagnosis/app/Controllers/Articles.php(240): rename('../../mymisdiag...', '../../mymisdiag...')
#2 [internal function]: App\Controllers\Articles->image_temp_routines_posts(Object(stdClass))
#3 /var/www/html/mymisdiagnosis/app/Libraries/GroceryCrud.php(911): call_user_func(Array, Object(stdClass))
#4 /var/www/html/mymisdiagnosis/app/Libraries/GroceryCrud.php(4557): App\Libraries\grocery_CRUD_Model_Driver->db_insert(Object(stdClass))
#5 /var/www/html/mymisdiagnosis/app/Controllers/Articles.php(125): App\Libraries\GroceryCrud->render()
#6 /var/www/html/mymisdiagnosis/system/CodeIgniter.php(936): App\Controllers\Articles->posts('insert')
#7 /var/www/html/mymisdiagnosis/system/CodeIgniter.php(432): CodeIgniter\CodeIgniter->runController(Object(App\Controllers\Articles))
#8 /var/www/html/mymisdiagnosis/system/CodeIgniter.php(333): CodeIgniter\CodeIgniter->handleRequest(NULL, Object(Config\Cache), false)
#9 /var/www/html/mymisdiagnosis/index.php(44): CodeIgniter\CodeIgniter->run()
#10 {main}
INFO - 2021-12-15 14:57:15 --> Session: Class initialized using 'CodeIgniter\Session\Handlers\FileHandler' driver.
INFO - 2021-12-15 14:57:15 --> Session: Class initialized using 'CodeIgniter\Session\Handlers\FileHandler' driver.
INFO - 2021-12-15 14:57:15 --> Session: Class initialized using 'CodeIgniter\Session\Handlers\FileHandler' driver.
INFO - 2021-12-15 14:57:29 --> Session: Class initialized using 'CodeIgniter\Session\Handlers\FileHandler' driver.
INFO - 2021-12-15 14:57:29 --> Session: Class initialized using 'CodeIgniter\Session\Handlers\FileHandler' driver.
CRITICAL - 2021-12-15 14:57:29 --> rename(../../mymisdiagnosis/upload/1-1000101/temp_card_folder/field-post_image_temp.jpg,../../mymisdiagnosis/upload/1-1000101/temp_card_folder/field-post_image.jpg): No such file or directory
#0 [internal function]: CodeIgniter\Debug\Exceptions->errorHandler(2, 'rename(../../my...', '/var/www/html/m...', 240, Array)
#1 /var/www/html/mymisdiagnosis/app/Controllers/Articles.php(240): rename('../../mymisdiag...', '../../mymisdiag...')
#2 [internal function]: App\Controllers\Articles->image_temp_routines_posts(Object(stdClass))
#3 /var/www/html/mymisdiagnosis/app/Libraries/GroceryCrud.php(911): call_user_func(Array, Object(stdClass))
#4 /var/www/html/mymisdiagnosis/app/Libraries/GroceryCrud.php(4557): App\Libraries\grocery_CRUD_Model_Driver->db_insert(Object(stdClass))
#5 /var/www/html/mymisdiagnosis/app/Controllers/Articles.php(125): App\Libraries\GroceryCrud->render()
#6 /var/www/html/mymisdiagnosis/system/CodeIgniter.php(936): App\Controllers\Articles->posts('insert')
#7 /var/www/html/mymisdiagnosis/system/CodeIgniter.php(432): CodeIgniter\CodeIgniter->runController(Object(App\Controllers\Articles))
#8 /var/www/html/mymisdiagnosis/system/CodeIgniter.php(333): CodeIgniter\CodeIgniter->handleRequest(NULL, Object(Config\Cache), false)
#9 /var/www/html/mymisdiagnosis/index.php(44): CodeIgniter\CodeIgniter->run()
#10 {main}
INFO - 2021-12-15 14:57:37 --> Session: Class initialized using 'CodeIgniter\Session\Handlers\FileHandler' driver.
INFO - 2021-12-15 14:57:37 --> Session: Class initialized using 'CodeIgniter\Session\Handlers\FileHandler' driver.
CRITICAL - 2021-12-15 14:57:37 --> rename(../../mymisdiagnosis/upload/1-1000101/temp_card_folder/field-post_image_temp.jpg,../../mymisdiagnosis/upload/1-1000101/temp_card_folder/field-post_image.jpg): No such file or directory
#0 [internal function]: CodeIgniter\Debug\Exceptions->errorHandler(2, 'rename(../../my...', '/var/www/html/m...', 240, Array)
#1 /var/www/html/mymisdiagnosis/app/Controllers/Articles.php(240): rename('../../mymisdiag...', '../../mymisdiag...')
#2 [internal function]: App\Controllers\Articles->image_temp_routines_posts(Object(stdClass))
#3 /var/www/html/mymisdiagnosis/app/Libraries/GroceryCrud.php(911): call_user_func(Array, Object(stdClass))
#4 /var/www/html/mymisdiagnosis/app/Libraries/GroceryCrud.php(4557): App\Libraries\grocery_CRUD_Model_Driver->db_insert(Object(stdClass))
#5 /var/www/html/mymisdiagnosis/app/Controllers/Articles.php(125): App\Libraries\GroceryCrud->render()
#6 /var/www/html/mymisdiagnosis/system/CodeIgniter.php(936): App\Controllers\Articles->posts('insert')
#7 /var/www/html/mymisdiagnosis/system/CodeIgniter.php(432): CodeIgniter\CodeIgniter->runController(Object(App\Controllers\Articles))
#8 /var/www/html/mymisdiagnosis/system/CodeIgniter.php(333): CodeIgniter\CodeIgniter->handleRequest(NULL, Object(Config\Cache), false)
#9 /var/www/html/mymisdiagnosis/index.php(44): CodeIgniter\CodeIgniter->run()
#10 {main}
CRITICAL - 2021-12-15 15:05:17 --> syntax error, unexpected 'return' (T_RETURN), expecting function (T_FUNCTION) or const (T_CONST)
#0 /var/www/html/mymisdiagnosis/system/Router/Router.php(170): CodeIgniter\Router\Router->autoRoute('/articles/posts...')
#1 /var/www/html/mymisdiagnosis/system/CodeIgniter.php(816): CodeIgniter\Router\Router->handle('/articles/posts...')
#2 /var/www/html/mymisdiagnosis/system/CodeIgniter.php(385): CodeIgniter\CodeIgniter->tryToRouteIt(Object(CodeIgniter\Router\RouteCollection))
#3 /var/www/html/mymisdiagnosis/system/CodeIgniter.php(333): CodeIgniter\CodeIgniter->handleRequest(NULL, Object(Config\Cache), false)
#4 /var/www/html/mymisdiagnosis/index.php(44): CodeIgniter\CodeIgniter->run()
#5 {main}
INFO - 2021-12-15 15:05:44 --> Session: Class initialized using 'CodeIgniter\Session\Handlers\FileHandler' driver.
INFO - 2021-12-15 15:05:44 --> Session: Class initialized using 'CodeIgniter\Session\Handlers\FileHandler' driver.
CRITICAL - 2021-12-15 15:05:44 --> rename(../../mymisdiagnosis/upload/1-1000101/temp_card_folder/field-post_image_temp.jpg,../../mymisdiagnosis/upload/1-1000101/temp_card_folder/field-post_image.jpg): No such file or directory
#0 [internal function]: CodeIgniter\Debug\Exceptions->errorHandler(2, 'rename(../../my...', '/var/www/html/m...', 240, Array)
#1 /var/www/html/mymisdiagnosis/app/Controllers/Articles.php(240): rename('../../mymisdiag...', '../../mymisdiag...')
#2 [internal function]: App\Controllers\Articles->image_temp_routines_posts(Object(stdClass))
#3 /var/www/html/mymisdiagnosis/app/Libraries/GroceryCrud.php(911): call_user_func(Array, Object(stdClass))
#4 /var/www/html/mymisdiagnosis/app/Libraries/GroceryCrud.php(4557): App\Libraries\grocery_CRUD_Model_Driver->db_insert(Object(stdClass))
#5 /var/www/html/mymisdiagnosis/app/Controllers/Articles.php(125): App\Libraries\GroceryCrud->render()
#6 /var/www/html/mymisdiagnosis/system/CodeIgniter.php(936): App\Controllers\Articles->posts('insert')
#7 /var/www/html/mymisdiagnosis/system/CodeIgniter.php(432): CodeIgniter\CodeIgniter->runController(Object(App\Controllers\Articles))
#8 /var/www/html/mymisdiagnosis/system/CodeIgniter.php(333): CodeIgniter\CodeIgniter->handleRequest(NULL, Object(Config\Cache), false)
#9 /var/www/html/mymisdiagnosis/index.php(44): CodeIgniter\CodeIgniter->run()
#10 {main}
INFO - 2021-12-15 15:06:04 --> Session: Class initialized using 'CodeIgniter\Session\Handlers\FileHandler' driver.
INFO - 2021-12-15 15:06:04 --> Session: Class initialized using 'CodeIgniter\Session\Handlers\FileHandler' driver.
CRITICAL - 2021-12-15 15:06:04 --> Undefined variable: path_parts
#0 /var/www/html/mymisdiagnosis/app/Controllers/Articles.php(252): CodeIgniter\Debug\Exceptions->errorHandler(8, 'Undefined varia...', '/var/www/html/m...', 252, Array)
#1 [internal function]: App\Controllers\Articles->image_temp_routines_posts(Object(stdClass))
#2 /var/www/html/mymisdiagnosis/app/Libraries/GroceryCrud.php(911): call_user_func(Array, Object(stdClass))
#3 /var/www/html/mymisdiagnosis/app/Libraries/GroceryCrud.php(4557): App\Libraries\grocery_CRUD_Model_Driver->db_insert(Object(stdClass))
#4 /var/www/html/mymisdiagnosis/app/Controllers/Articles.php(125): App\Libraries\GroceryCrud->render()
#5 /var/www/html/mymisdiagnosis/system/CodeIgniter.php(936): App\Controllers\Articles->posts('insert')
#6 /var/www/html/mymisdiagnosis/system/CodeIgniter.php(432): CodeIgniter\CodeIgniter->runController(Object(App\Controllers\Articles))
#7 /var/www/html/mymisdiagnosis/system/CodeIgniter.php(333): CodeIgniter\CodeIgniter->handleRequest(NULL, Object(Config\Cache), false)
#8 /var/www/html/mymisdiagnosis/index.php(44): CodeIgniter\CodeIgniter->run()
#9 {main}
INFO - 2021-12-15 15:06:57 --> Session: Class initialized using 'CodeIgniter\Session\Handlers\FileHandler' driver.
INFO - 2021-12-15 15:06:58 --> Session: Class initialized using 'CodeIgniter\Session\Handlers\FileHandler' driver.
CRITICAL - 2021-12-15 15:06:58 --> Undefined variable: path_parts
#0 /var/www/html/mymisdiagnosis/app/Controllers/Articles.php(252): CodeIgniter\Debug\Exceptions->errorHandler(8, 'Undefined varia...', '/var/www/html/m...', 252, Array)
#1 [internal function]: App\Controllers\Articles->image_temp_routines_posts(Object(stdClass))
#2 /var/www/html/mymisdiagnosis/app/Libraries/GroceryCrud.php(911): call_user_func(Array, Object(stdClass))
#3 /var/www/html/mymisdiagnosis/app/Libraries/GroceryCrud.php(4557): App\Libraries\grocery_CRUD_Model_Driver->db_insert(Object(stdClass))
#4 /var/www/html/mymisdiagnosis/app/Controllers/Articles.php(125): App\Libraries\GroceryCrud->render()
#5 /var/www/html/mymisdiagnosis/system/CodeIgniter.php(936): App\Controllers\Articles->posts('insert')
#6 /var/www/html/mymisdiagnosis/system/CodeIgniter.php(432): CodeIgniter\CodeIgniter->runController(Object(App\Controllers\Articles))
#7 /var/www/html/mymisdiagnosis/system/CodeIgniter.php(333): CodeIgniter\CodeIgniter->handleRequest(NULL, Object(Config\Cache), false)
#8 /var/www/html/mymisdiagnosis/index.php(44): CodeIgniter\CodeIgniter->run()
#9 {main}
INFO - 2021-12-15 15:07:01 --> Session: Class initialized using 'CodeIgniter\Session\Handlers\FileHandler' driver.
INFO - 2021-12-15 15:07:01 --> Session: Class initialized using 'CodeIgniter\Session\Handlers\FileHandler' driver.
CRITICAL - 2021-12-15 15:07:02 --> rename(..//mymisdiagnosis/upload/1-1000101/temp_card_folder/field-post_image_temp.jpg,..//mymisdiagnosis/upload/1-1000101/temp_card_folder/field-post_image.jpg): No such file or directory
#0 [internal function]: CodeIgniter\Debug\Exceptions->errorHandler(2, 'rename(..//mymi...', '/var/www/html/m...', 240, Array)
#1 /var/www/html/mymisdiagnosis/app/Controllers/Articles.php(240): rename('..//mymisdiagno...', '..//mymisdiagno...')
#2 [internal function]: App\Controllers\Articles->image_temp_routines_posts(Object(stdClass))
#3 /var/www/html/mymisdiagnosis/app/Libraries/GroceryCrud.php(911): call_user_func(Array, Object(stdClass))
#4 /var/www/html/mymisdiagnosis/app/Libraries/GroceryCrud.php(4557): App\Libraries\grocery_CRUD_Model_Driver->db_insert(Object(stdClass))
#5 /var/www/html/mymisdiagnosis/app/Controllers/Articles.php(125): App\Libraries\GroceryCrud->render()
#6 /var/www/html/mymisdiagnosis/system/CodeIgniter.php(936): App\Controllers\Articles->posts('insert')
#7 /var/www/html/mymisdiagnosis/system/CodeIgniter.php(432): CodeIgniter\CodeIgniter->runController(Object(App\Controllers\Articles))
#8 /var/www/html/mymisdiagnosis/system/CodeIgniter.php(333): CodeIgniter\CodeIgniter->handleRequest(NULL, Object(Config\Cache), false)
#9 /var/www/html/mymisdiagnosis/index.php(44): CodeIgniter\CodeIgniter->run()
#10 {main}
INFO - 2021-12-15 15:07:29 --> Session: Class initialized using 'CodeIgniter\Session\Handlers\FileHandler' driver.
INFO - 2021-12-15 15:07:29 --> Session: Class initialized using 'CodeIgniter\Session\Handlers\FileHandler' driver.
CRITICAL - 2021-12-15 15:07:29 --> Undefined variable: path_parts
#0 /var/www/html/mymisdiagnosis/app/Controllers/Articles.php(252): CodeIgniter\Debug\Exceptions->errorHandler(8, 'Undefined varia...', '/var/www/html/m...', 252, Array)
#1 [internal function]: App\Controllers\Articles->image_temp_routines_posts(Object(stdClass))
#2 /var/www/html/mymisdiagnosis/app/Libraries/GroceryCrud.php(911): call_user_func(Array, Object(stdClass))
#3 /var/www/html/mymisdiagnosis/app/Libraries/GroceryCrud.php(4557): App\Libraries\grocery_CRUD_Model_Driver->db_insert(Object(stdClass))
#4 /var/www/html/mymisdiagnosis/app/Controllers/Articles.php(125): App\Libraries\GroceryCrud->render()
#5 /var/www/html/mymisdiagnosis/system/CodeIgniter.php(936): App\Controllers\Articles->posts('insert')
#6 /var/www/html/mymisdiagnosis/system/CodeIgniter.php(432): CodeIgniter\CodeIgniter->runController(Object(App\Controllers\Articles))
#7 /var/www/html/mymisdiagnosis/system/CodeIgniter.php(333): CodeIgniter\CodeIgniter->handleRequest(NULL, Object(Config\Cache), false)
#8 /var/www/html/mymisdiagnosis/index.php(44): CodeIgniter\CodeIgniter->run()
#9 {main}
INFO - 2021-12-15 15:08:11 --> Session: Class initialized using 'CodeIgniter\Session\Handlers\FileHandler' driver.
INFO - 2021-12-15 15:08:11 --> Session: Class initialized using 'CodeIgniter\Session\Handlers\FileHandler' driver.
CRITICAL - 2021-12-15 15:08:11 --> Undefined variable: path_parts
#0 /var/www/html/mymisdiagnosis/app/Controllers/Articles.php(252): CodeIgniter\Debug\Exceptions->errorHandler(8, 'Undefined varia...', '/var/www/html/m...', 252, Array)
#1 [internal function]: App\Controllers\Articles->image_temp_routines_posts(Object(stdClass))
#2 /var/www/html/mymisdiagnosis/app/Libraries/GroceryCrud.php(911): call_user_func(Array, Object(stdClass))
#3 /var/www/html/mymisdiagnosis/app/Libraries/GroceryCrud.php(4557): App\Libraries\grocery_CRUD_Model_Driver->db_insert(Object(stdClass))
#4 /var/www/html/mymisdiagnosis/app/Controllers/Articles.php(125): App\Libraries\GroceryCrud->render()
#5 /var/www/html/mymisdiagnosis/system/CodeIgniter.php(936): App\Controllers\Articles->posts('insert')
#6 /var/www/html/mymisdiagnosis/system/CodeIgniter.php(432): CodeIgniter\CodeIgniter->runController(Object(App\Controllers\Articles))
#7 /var/www/html/mymisdiagnosis/system/CodeIgniter.php(333): CodeIgniter\CodeIgniter->handleRequest(NULL, Object(Config\Cache), false)
#8 /var/www/html/mymisdiagnosis/index.php(44): CodeIgniter\CodeIgniter->run()
#9 {main}
INFO - 2021-12-15 15:08:18 --> Session: Class initialized using 'CodeIgniter\Session\Handlers\FileHandler' driver.
INFO - 2021-12-15 15:08:35 --> Session: Class initialized using 'CodeIgniter\Session\Handlers\FileHandler' driver.
INFO - 2021-12-15 15:08:35 --> Session: Class initialized using 'CodeIgniter\Session\Handlers\FileHandler' driver.
INFO - 2021-12-15 15:08:35 --> Session: Class initialized using 'CodeIgniter\Session\Handlers\FileHandler' driver.
INFO - 2021-12-15 15:08:59 --> Session: Class initialized using 'CodeIgniter\Session\Handlers\FileHandler' driver.
INFO - 2021-12-15 15:08:59 --> Session: Class initialized using 'CodeIgniter\Session\Handlers\FileHandler' driver.
CRITICAL - 2021-12-15 15:09:00 --> Undefined variable: path_parts
#0 /var/www/html/mymisdiagnosis/app/Controllers/Articles.php(252): CodeIgniter\Debug\Exceptions->errorHandler(8, 'Undefined varia...', '/var/www/html/m...', 252, Array)
#1 [internal function]: App\Controllers\Articles->image_temp_routines_posts(Object(stdClass))
#2 /var/www/html/mymisdiagnosis/app/Libraries/GroceryCrud.php(911): call_user_func(Array, Object(stdClass))
#3 /var/www/html/mymisdiagnosis/app/Libraries/GroceryCrud.php(4557): App\Libraries\grocery_CRUD_Model_Driver->db_insert(Object(stdClass))
#4 /var/www/html/mymisdiagnosis/app/Controllers/Articles.php(125): App\Libraries\GroceryCrud->render()
#5 /var/www/html/mymisdiagnosis/system/CodeIgniter.php(936): App\Controllers\Articles->posts('insert')
#6 /var/www/html/mymisdiagnosis/system/CodeIgniter.php(432): CodeIgniter\CodeIgniter->runController(Object(App\Controllers\Articles))
#7 /var/www/html/mymisdiagnosis/system/CodeIgniter.php(333): CodeIgniter\CodeIgniter->handleRequest(NULL, Object(Config\Cache), false)
#8 /var/www/html/mymisdiagnosis/index.php(44): CodeIgniter\CodeIgniter->run()
#9 {main}
INFO - 2021-12-15 15:10:05 --> Session: Class initialized using 'CodeIgniter\Session\Handlers\FileHandler' driver.
INFO - 2021-12-15 15:10:05 --> Session: Class initialized using 'CodeIgniter\Session\Handlers\FileHandler' driver.
CRITICAL - 2021-12-15 15:10:05 --> rename(..//mymisdiagnosis/upload/1-1000101/temp_card_folder/field-post_image_temp.jpg,..//mymisdiagnosis/upload/1-1000101/temp_card_folder/field-post_image.jpg): No such file or directory
#0 [internal function]: CodeIgniter\Debug\Exceptions->errorHandler(2, 'rename(..//mymi...', '/var/www/html/m...', 240, Array)
#1 /var/www/html/mymisdiagnosis/app/Controllers/Articles.php(240): rename('..//mymisdiagno...', '..//mymisdiagno...')
#2 [internal function]: App\Controllers\Articles->image_temp_routines_posts(Object(stdClass))
#3 /var/www/html/mymisdiagnosis/app/Libraries/GroceryCrud.php(911): call_user_func(Array, Object(stdClass))
#4 /var/www/html/mymisdiagnosis/app/Libraries/GroceryCrud.php(4557): App\Libraries\grocery_CRUD_Model_Driver->db_insert(Object(stdClass))
#5 /var/www/html/mymisdiagnosis/app/Controllers/Articles.php(125): App\Libraries\GroceryCrud->render()
#6 /var/www/html/mymisdiagnosis/system/CodeIgniter.php(936): App\Controllers\Articles->posts('insert')
#7 /var/www/html/mymisdiagnosis/system/CodeIgniter.php(432): CodeIgniter\CodeIgniter->runController(Object(App\Controllers\Articles))
#8 /var/www/html/mymisdiagnosis/system/CodeIgniter.php(333): CodeIgniter\CodeIgniter->handleRequest(NULL, Object(Config\Cache), false)
#9 /var/www/html/mymisdiagnosis/index.php(44): CodeIgniter\CodeIgniter->run()
#10 {main}
INFO - 2021-12-15 15:10:31 --> Session: Class initialized using 'CodeIgniter\Session\Handlers\FileHandler' driver.
INFO - 2021-12-15 15:10:31 --> Session: Class initialized using 'CodeIgniter\Session\Handlers\FileHandler' driver.
INFO - 2021-12-15 15:10:31 --> Session: Class initialized using 'CodeIgniter\Session\Handlers\FileHandler' driver.
INFO - 2021-12-15 15:10:46 --> Session: Class initialized using 'CodeIgniter\Session\Handlers\FileHandler' driver.
INFO - 2021-12-15 15:10:47 --> Session: Class initialized using 'CodeIgniter\Session\Handlers\FileHandler' driver.
CRITICAL - 2021-12-15 15:10:47 --> Undefined variable: path_parts
#0 /var/www/html/mymisdiagnosis/app/Controllers/Articles.php(252): CodeIgniter\Debug\Exceptions->errorHandler(8, 'Undefined varia...', '/var/www/html/m...', 252, Array)
#1 [internal function]: App\Controllers\Articles->image_temp_routines_posts(Object(stdClass))
#2 /var/www/html/mymisdiagnosis/app/Libraries/GroceryCrud.php(911): call_user_func(Array, Object(stdClass))
#3 /var/www/html/mymisdiagnosis/app/Libraries/GroceryCrud.php(4557): App\Libraries\grocery_CRUD_Model_Driver->db_insert(Object(stdClass))
#4 /var/www/html/mymisdiagnosis/app/Controllers/Articles.php(125): App\Libraries\GroceryCrud->render()
#5 /var/www/html/mymisdiagnosis/system/CodeIgniter.php(936): App\Controllers\Articles->posts('insert')
#6 /var/www/html/mymisdiagnosis/system/CodeIgniter.php(432): CodeIgniter\CodeIgniter->runController(Object(App\Controllers\Articles))
#7 /var/www/html/mymisdiagnosis/system/CodeIgniter.php(333): CodeIgniter\CodeIgniter->handleRequest(NULL, Object(Config\Cache), false)
#8 /var/www/html/mymisdiagnosis/index.php(44): CodeIgniter\CodeIgniter->run()
#9 {main}
INFO - 2021-12-15 15:11:08 --> Session: Class initialized using 'CodeIgniter\Session\Handlers\FileHandler' driver.
INFO - 2021-12-15 15:11:08 --> Session: Class initialized using 'CodeIgniter\Session\Handlers\FileHandler' driver.
INFO - 2021-12-15 15:11:08 --> Session: Class initialized using 'CodeIgniter\Session\Handlers\FileHandler' driver.
INFO - 2021-12-15 15:11:11 --> Session: Class initialized using 'CodeIgniter\Session\Handlers\FileHandler' driver.
INFO - 2021-12-15 15:11:11 --> Session: Class initialized using 'CodeIgniter\Session\Handlers\FileHandler' driver.
INFO - 2021-12-15 15:11:48 --> Session: Class initialized using 'CodeIgniter\Session\Handlers\FileHandler' driver.
INFO - 2021-12-15 15:11:48 --> Session: Class initialized using 'CodeIgniter\Session\Handlers\FileHandler' driver.
CRITICAL - 2021-12-15 15:11:48 --> Undefined variable: path_parts
#0 /var/www/html/mymisdiagnosis/app/Controllers/Articles.php(252): CodeIgniter\Debug\Exceptions->errorHandler(8, 'Undefined varia...', '/var/www/html/m...', 252, Array)
#1 [internal function]: App\Controllers\Articles->image_temp_routines_posts(Object(stdClass))
#2 /var/www/html/mymisdiagnosis/app/Libraries/GroceryCrud.php(1049): call_user_func(Array, Object(stdClass))
#3 /var/www/html/mymisdiagnosis/app/Libraries/GroceryCrud.php(4570): App\Libraries\grocery_CRUD_Model_Driver->db_update(Object(stdClass))
#4 /var/www/html/mymisdiagnosis/app/Controllers/Articles.php(125): App\Libraries\GroceryCrud->render()
#5 /var/www/html/mymisdiagnosis/system/CodeIgniter.php(936): App\Controllers\Articles->posts('update', '17')
#6 /var/www/html/mymisdiagnosis/system/CodeIgniter.php(432): CodeIgniter\CodeIgniter->runController(Object(App\Controllers\Articles))
#7 /var/www/html/mymisdiagnosis/system/CodeIgniter.php(333): CodeIgniter\CodeIgniter->handleRequest(NULL, Object(Config\Cache), false)
#8 /var/www/html/mymisdiagnosis/index.php(44): CodeIgniter\CodeIgniter->run()
#9 {main}
INFO - 2021-12-15 15:12:17 --> Session: Class initialized using 'CodeIgniter\Session\Handlers\FileHandler' driver.
INFO - 2021-12-15 15:12:17 --> Session: Class initialized using 'CodeIgniter\Session\Handlers\FileHandler' driver.
CRITICAL - 2021-12-15 15:12:17 --> rename(..//mymisdiagnosis/upload/1-1000101/card_folder_17/field-post_image_temp.png,..//mymisdiagnosis/upload/1-1000101/card_folder_17/field-post_image.png): No such file or directory
#0 [internal function]: CodeIgniter\Debug\Exceptions->errorHandler(2, 'rename(..//mymi...', '/var/www/html/m...', 240, Array)
#1 /var/www/html/mymisdiagnosis/app/Controllers/Articles.php(240): rename('..//mymisdiagno...', '..//mymisdiagno...')
#2 [internal function]: App\Controllers\Articles->image_temp_routines_posts(Object(stdClass))
#3 /var/www/html/mymisdiagnosis/app/Libraries/GroceryCrud.php(1049): call_user_func(Array, Object(stdClass))
#4 /var/www/html/mymisdiagnosis/app/Libraries/GroceryCrud.php(4570): App\Libraries\grocery_CRUD_Model_Driver->db_update(Object(stdClass))
#5 /var/www/html/mymisdiagnosis/app/Controllers/Articles.php(125): App\Libraries\GroceryCrud->render()
#6 /var/www/html/mymisdiagnosis/system/CodeIgniter.php(936): App\Controllers\Articles->posts('update', '17')
#7 /var/www/html/mymisdiagnosis/system/CodeIgniter.php(432): CodeIgniter\CodeIgniter->runController(Object(App\Controllers\Articles))
#8 /var/www/html/mymisdiagnosis/system/CodeIgniter.php(333): CodeIgniter\CodeIgniter->handleRequest(NULL, Object(Config\Cache), false)
#9 /var/www/html/mymisdiagnosis/index.php(44): CodeIgniter\CodeIgniter->run()
#10 {main}
INFO - 2021-12-15 15:13:40 --> Session: Class initialized using 'CodeIgniter\Session\Handlers\FileHandler' driver.
INFO - 2021-12-15 15:13:40 --> Session: Class initialized using 'CodeIgniter\Session\Handlers\FileHandler' driver.
CRITICAL - 2021-12-15 15:13:40 --> rename(..//mymisdiagnosis/upload/1-1000101/card_folder_17/field-post_image_temp.png,..//mymisdiagnosis/upload/1-1000101/card_folder_17/field-post_image.png): No such file or directory
#0 [internal function]: CodeIgniter\Debug\Exceptions->errorHandler(2, 'rename(..//mymi...', '/var/www/html/m...', 240, Array)
#1 /var/www/html/mymisdiagnosis/app/Controllers/Articles.php(240): rename('..//mymisdiagno...', '..//mymisdiagno...')
#2 [internal function]: App\Controllers\Articles->image_temp_routines_posts(Object(stdClass))
#3 /var/www/html/mymisdiagnosis/app/Libraries/GroceryCrud.php(1049): call_user_func(Array, Object(stdClass))
#4 /var/www/html/mymisdiagnosis/app/Libraries/GroceryCrud.php(4570): App\Libraries\grocery_CRUD_Model_Driver->db_update(Object(stdClass))
#5 /var/www/html/mymisdiagnosis/app/Controllers/Articles.php(125): App\Libraries\GroceryCrud->render()
#6 /var/www/html/mymisdiagnosis/system/CodeIgniter.php(936): App\Controllers\Articles->posts('update', '17')
#7 /var/www/html/mymisdiagnosis/system/CodeIgniter.php(432): CodeIgniter\CodeIgniter->runController(Object(App\Controllers\Articles))
#8 /var/www/html/mymisdiagnosis/system/CodeIgniter.php(333): CodeIgniter\CodeIgniter->handleRequest(NULL, Object(Config\Cache), false)
#9 /var/www/html/mymisdiagnosis/index.php(44): CodeIgniter\CodeIgniter->run()
#10 {main}
INFO - 2021-12-15 15:14:27 --> Session: Class initialized using 'CodeIgniter\Session\Handlers\FileHandler' driver.
INFO - 2021-12-15 15:14:27 --> Session: Class initialized using 'CodeIgniter\Session\Handlers\FileHandler' driver.
INFO - 2021-12-15 15:14:28 --> Session: Class initialized using 'CodeIgniter\Session\Handlers\FileHandler' driver.
INFO - 2021-12-15 15:14:53 --> Session: Class initialized using 'CodeIgniter\Session\Handlers\FileHandler' driver.
INFO - 2021-12-15 15:14:53 --> Session: Class initialized using 'CodeIgniter\Session\Handlers\FileHandler' driver.
CRITICAL - 2021-12-15 15:14:53 --> Undefined variable: path_parts
#0 /var/www/html/mymisdiagnosis/app/Controllers/Articles.php(252): CodeIgniter\Debug\Exceptions->errorHandler(8, 'Undefined varia...', '/var/www/html/m...', 252, Array)
#1 [internal function]: App\Controllers\Articles->image_temp_routines_posts(Object(stdClass))
#2 /var/www/html/mymisdiagnosis/app/Libraries/GroceryCrud.php(911): call_user_func(Array, Object(stdClass))
#3 /var/www/html/mymisdiagnosis/app/Libraries/GroceryCrud.php(4557): App\Libraries\grocery_CRUD_Model_Driver->db_insert(Object(stdClass))
#4 /var/www/html/mymisdiagnosis/app/Controllers/Articles.php(125): App\Libraries\GroceryCrud->render()
#5 /var/www/html/mymisdiagnosis/system/CodeIgniter.php(936): App\Controllers\Articles->posts('insert')
#6 /var/www/html/mymisdiagnosis/system/CodeIgniter.php(432): CodeIgniter\CodeIgniter->runController(Object(App\Controllers\Articles))
#7 /var/www/html/mymisdiagnosis/system/CodeIgniter.php(333): CodeIgniter\CodeIgniter->handleRequest(NULL, Object(Config\Cache), false)
#8 /var/www/html/mymisdiagnosis/index.php(44): CodeIgniter\CodeIgniter->run()
#9 {main}
INFO - 2021-12-15 15:15:10 --> Session: Class initialized using 'CodeIgniter\Session\Handlers\FileHandler' driver.
INFO - 2021-12-15 15:15:10 --> Session: Class initialized using 'CodeIgniter\Session\Handlers\FileHandler' driver.
INFO - 2021-12-15 15:15:12 --> Session: Class initialized using 'CodeIgniter\Session\Handlers\FileHandler' driver.
INFO - 2021-12-15 15:15:13 --> Session: Class initialized using 'CodeIgniter\Session\Handlers\FileHandler' driver.
INFO - 2021-12-15 15:15:13 --> Session: Class initialized using 'CodeIgniter\Session\Handlers\FileHandler' driver.
INFO - 2021-12-15 15:15:57 --> Session: Class initialized using 'CodeIgniter\Session\Handlers\FileHandler' driver.
INFO - 2021-12-15 15:15:58 --> Session: Class initialized using 'CodeIgniter\Session\Handlers\FileHandler' driver.
INFO - 2021-12-15 15:15:58 --> Session: Class initialized using 'CodeIgniter\Session\Handlers\FileHandler' driver.
INFO - 2021-12-15 15:16:23 --> Session: Class initialized using 'CodeIgniter\Session\Handlers\FileHandler' driver.
INFO - 2021-12-15 15:16:23 --> Session: Class initialized using 'CodeIgniter\Session\Handlers\FileHandler' driver.
CRITICAL - 2021-12-15 15:16:23 --> Undefined variable: path_parts
#0 /var/www/html/mymisdiagnosis/app/Controllers/Articles.php(252): CodeIgniter\Debug\Exceptions->errorHandler(8, 'Undefined varia...', '/var/www/html/m...', 252, Array)
#1 [internal function]: App\Controllers\Articles->image_temp_routines_posts(Object(stdClass))
#2 /var/www/html/mymisdiagnosis/app/Libraries/GroceryCrud.php(911): call_user_func(Array, Object(stdClass))
#3 /var/www/html/mymisdiagnosis/app/Libraries/GroceryCrud.php(4557): App\Libraries\grocery_CRUD_Model_Driver->db_insert(Object(stdClass))
#4 /var/www/html/mymisdiagnosis/app/Controllers/Articles.php(125): App\Libraries\GroceryCrud->render()
#5 /var/www/html/mymisdiagnosis/system/CodeIgniter.php(936): App\Controllers\Articles->posts('insert')
#6 /var/www/html/mymisdiagnosis/system/CodeIgniter.php(432): CodeIgniter\CodeIgniter->runController(Object(App\Controllers\Articles))
#7 /var/www/html/mymisdiagnosis/system/CodeIgniter.php(333): CodeIgniter\CodeIgniter->handleRequest(NULL, Object(Config\Cache), false)
#8 /var/www/html/mymisdiagnosis/index.php(44): CodeIgniter\CodeIgniter->run()
#9 {main}
INFO - 2021-12-15 15:16:59 --> Session: Class initialized using 'CodeIgniter\Session\Handlers\FileHandler' driver.
INFO - 2021-12-15 15:17:00 --> Session: Class initialized using 'CodeIgniter\Session\Handlers\FileHandler' driver.
CRITICAL - 2021-12-15 15:17:00 --> rename(..//mymisdiagnosis/upload/1-1000101/temp_card_folder/field-post_image_temp.png,..//mymisdiagnosis/upload/1-1000101/temp_card_folder/field-post_image.png): No such file or directory
#0 [internal function]: CodeIgniter\Debug\Exceptions->errorHandler(2, 'rename(..//mymi...', '/var/www/html/m...', 240, Array)
#1 /var/www/html/mymisdiagnosis/app/Controllers/Articles.php(240): rename('..//mymisdiagno...', '..//mymisdiagno...')
#2 [internal function]: App\Controllers\Articles->image_temp_routines_posts(Object(stdClass))
#3 /var/www/html/mymisdiagnosis/app/Libraries/GroceryCrud.php(911): call_user_func(Array, Object(stdClass))
#4 /var/www/html/mymisdiagnosis/app/Libraries/GroceryCrud.php(4557): App\Libraries\grocery_CRUD_Model_Driver->db_insert(Object(stdClass))
#5 /var/www/html/mymisdiagnosis/app/Controllers/Articles.php(125): App\Libraries\GroceryCrud->render()
#6 /var/www/html/mymisdiagnosis/system/CodeIgniter.php(936): App\Controllers\Articles->posts('insert')
#7 /var/www/html/mymisdiagnosis/system/CodeIgniter.php(432): CodeIgniter\CodeIgniter->runController(Object(App\Controllers\Articles))
#8 /var/www/html/mymisdiagnosis/system/CodeIgniter.php(333): CodeIgniter\CodeIgniter->handleRequest(NULL, Object(Config\Cache), false)
#9 /var/www/html/mymisdiagnosis/index.php(44): CodeIgniter\CodeIgniter->run()
#10 {main}
INFO - 2021-12-15 15:17:34 --> Session: Class initialized using 'CodeIgniter\Session\Handlers\FileHandler' driver.
INFO - 2021-12-15 15:17:34 --> Session: Class initialized using 'CodeIgniter\Session\Handlers\FileHandler' driver.
CRITICAL - 2021-12-15 15:17:34 --> rename(..//mymisdiagnosis/upload/1-1000101/temp_card_folder/field-post_image_temp.png,..//mymisdiagnosis/upload/1-1000101/temp_card_folder/field-post_image.png): No such file or directory
#0 [internal function]: CodeIgniter\Debug\Exceptions->errorHandler(2, 'rename(..//mymi...', '/var/www/html/m...', 240, Array)
#1 /var/www/html/mymisdiagnosis/app/Controllers/Articles.php(240): rename('..//mymisdiagno...', '..//mymisdiagno...')
#2 [internal function]: App\Controllers\Articles->image_temp_routines_posts(Object(stdClass))
#3 /var/www/html/mymisdiagnosis/app/Libraries/GroceryCrud.php(911): call_user_func(Array, Object(stdClass))
#4 /var/www/html/mymisdiagnosis/app/Libraries/GroceryCrud.php(4557): App\Libraries\grocery_CRUD_Model_Driver->db_insert(Object(stdClass))
#5 /var/www/html/mymisdiagnosis/app/Controllers/Articles.php(125): App\Libraries\GroceryCrud->render()
#6 /var/www/html/mymisdiagnosis/system/CodeIgniter.php(936): App\Controllers\Articles->posts('insert')
#7 /var/www/html/mymisdiagnosis/system/CodeIgniter.php(432): CodeIgniter\CodeIgniter->runController(Object(App\Controllers\Articles))
#8 /var/www/html/mymisdiagnosis/system/CodeIgniter.php(333): CodeIgniter\CodeIgniter->handleRequest(NULL, Object(Config\Cache), false)
#9 /var/www/html/mymisdiagnosis/index.php(44): CodeIgniter\CodeIgniter->run()
#10 {main}
INFO - 2021-12-15 15:17:37 --> Session: Class initialized using 'CodeIgniter\Session\Handlers\FileHandler' driver.
INFO - 2021-12-15 15:17:37 --> Session: Class initialized using 'CodeIgniter\Session\Handlers\FileHandler' driver.
CRITICAL - 2021-12-15 15:17:37 --> rename(..//mymisdiagnosis/upload/1-1000101/temp_card_folder/field-post_image_temp.png,..//mymisdiagnosis/upload/1-1000101/temp_card_folder/field-post_image.png): No such file or directory
#0 [internal function]: CodeIgniter\Debug\Exceptions->errorHandler(2, 'rename(..//mymi...', '/var/www/html/m...', 240, Array)
#1 /var/www/html/mymisdiagnosis/app/Controllers/Articles.php(240): rename('..//mymisdiagno...', '..//mymisdiagno...')
#2 [internal function]: App\Controllers\Articles->image_temp_routines_posts(Object(stdClass))
#3 /var/www/html/mymisdiagnosis/app/Libraries/GroceryCrud.php(911): call_user_func(Array, Object(stdClass))
#4 /var/www/html/mymisdiagnosis/app/Libraries/GroceryCrud.php(4557): App\Libraries\grocery_CRUD_Model_Driver->db_insert(Object(stdClass))
#5 /var/www/html/mymisdiagnosis/app/Controllers/Articles.php(125): App\Libraries\GroceryCrud->render()
#6 /var/www/html/mymisdiagnosis/system/CodeIgniter.php(936): App\Controllers\Articles->posts('insert')
#7 /var/www/html/mymisdiagnosis/system/CodeIgniter.php(432): CodeIgniter\CodeIgniter->runController(Object(App\Controllers\Articles))
#8 /var/www/html/mymisdiagnosis/system/CodeIgniter.php(333): CodeIgniter\CodeIgniter->handleRequest(NULL, Object(Config\Cache), false)
#9 /var/www/html/mymisdiagnosis/index.php(44): CodeIgniter\CodeIgniter->run()
#10 {main}
INFO - 2021-12-15 15:19:10 --> Session: Class initialized using 'CodeIgniter\Session\Handlers\FileHandler' driver.
INFO - 2021-12-15 15:19:11 --> Session: Class initialized using 'CodeIgniter\Session\Handlers\FileHandler' driver.
CRITICAL - 2021-12-15 15:19:11 --> rename(..//mymisdiagnosis/upload/1-1000101/temp_card_folder/field-post_image_temp.png,..//mymisdiagnosis/upload/1-1000101/temp_card_folder/field-post_image.png): No such file or directory
#0 [internal function]: CodeIgniter\Debug\Exceptions->errorHandler(2, 'rename(..//mymi...', '/var/www/html/m...', 240, Array)
#1 /var/www/html/mymisdiagnosis/app/Controllers/Articles.php(240): rename('..//mymisdiagno...', '..//mymisdiagno...')
#2 [internal function]: App\Controllers\Articles->image_temp_routines_posts(Object(stdClass))
#3 /var/www/html/mymisdiagnosis/app/Libraries/GroceryCrud.php(911): call_user_func(Array, Object(stdClass))
#4 /var/www/html/mymisdiagnosis/app/Libraries/GroceryCrud.php(4557): App\Libraries\grocery_CRUD_Model_Driver->db_insert(Object(stdClass))
#5 /var/www/html/mymisdiagnosis/app/Controllers/Articles.php(125): App\Libraries\GroceryCrud->render()
#6 /var/www/html/mymisdiagnosis/system/CodeIgniter.php(936): App\Controllers\Articles->posts('insert')
#7 /var/www/html/mymisdiagnosis/system/CodeIgniter.php(432): CodeIgniter\CodeIgniter->runController(Object(App\Controllers\Articles))
#8 /var/www/html/mymisdiagnosis/system/CodeIgniter.php(333): CodeIgniter\CodeIgniter->handleRequest(NULL, Object(Config\Cache), false)
#9 /var/www/html/mymisdiagnosis/index.php(44): CodeIgniter\CodeIgniter->run()
#10 {main}
INFO - 2021-12-15 15:20:00 --> Session: Class initialized using 'CodeIgniter\Session\Handlers\FileHandler' driver.
INFO - 2021-12-15 15:20:02 --> Session: Class initialized using 'CodeIgniter\Session\Handlers\FileHandler' driver.
INFO - 2021-12-15 15:20:02 --> Session: Class initialized using 'CodeIgniter\Session\Handlers\FileHandler' driver.
INFO - 2021-12-15 15:20:17 --> Session: Class initialized using 'CodeIgniter\Session\Handlers\FileHandler' driver.
INFO - 2021-12-15 15:20:17 --> Session: Class initialized using 'CodeIgniter\Session\Handlers\FileHandler' driver.
CRITICAL - 2021-12-15 15:20:17 --> Undefined variable: path_parts
#0 /var/www/html/mymisdiagnosis/app/Controllers/Articles.php(252): CodeIgniter\Debug\Exceptions->errorHandler(8, 'Undefined varia...', '/var/www/html/m...', 252, Array)
#1 [internal function]: App\Controllers\Articles->image_temp_routines_posts(Object(stdClass))
#2 /var/www/html/mymisdiagnosis/app/Libraries/GroceryCrud.php(911): call_user_func(Array, Object(stdClass))
#3 /var/www/html/mymisdiagnosis/app/Libraries/GroceryCrud.php(4557): App\Libraries\grocery_CRUD_Model_Driver->db_insert(Object(stdClass))
#4 /var/www/html/mymisdiagnosis/app/Controllers/Articles.php(125): App\Libraries\GroceryCrud->render()
#5 /var/www/html/mymisdiagnosis/system/CodeIgniter.php(936): App\Controllers\Articles->posts('insert')
#6 /var/www/html/mymisdiagnosis/system/CodeIgniter.php(432): CodeIgniter\CodeIgniter->runController(Object(App\Controllers\Articles))
#7 /var/www/html/mymisdiagnosis/system/CodeIgniter.php(333): CodeIgniter\CodeIgniter->handleRequest(NULL, Object(Config\Cache), false)
#8 /var/www/html/mymisdiagnosis/index.php(44): CodeIgniter\CodeIgniter->run()
#9 {main}
INFO - 2021-12-15 15:21:47 --> Session: Class initialized using 'CodeIgniter\Session\Handlers\FileHandler' driver.
INFO - 2021-12-15 15:21:47 --> Session: Class initialized using 'CodeIgniter\Session\Handlers\FileHandler' driver.
CRITICAL - 2021-12-15 15:21:47 --> rename(..//mymisdiagnosis/upload/1-1000101/temp_card_folder/field-post_image_temp.jpg,..//mymisdiagnosis/upload/1-1000101/temp_card_folder/field-post_image.jpg): No such file or directory
#0 [internal function]: CodeIgniter\Debug\Exceptions->errorHandler(2, 'rename(..//mymi...', '/var/www/html/m...', 240, Array)
#1 /var/www/html/mymisdiagnosis/app/Controllers/Articles.php(240): rename('..//mymisdiagno...', '..//mymisdiagno...')
#2 [internal function]: App\Controllers\Articles->image_temp_routines_posts(Object(stdClass))
#3 /var/www/html/mymisdiagnosis/app/Libraries/GroceryCrud.php(911): call_user_func(Array, Object(stdClass))
#4 /var/www/html/mymisdiagnosis/app/Libraries/GroceryCrud.php(4557): App\Libraries\grocery_CRUD_Model_Driver->db_insert(Object(stdClass))
#5 /var/www/html/mymisdiagnosis/app/Controllers/Articles.php(125): App\Libraries\GroceryCrud->render()
#6 /var/www/html/mymisdiagnosis/system/CodeIgniter.php(936): App\Controllers\Articles->posts('insert')
#7 /var/www/html/mymisdiagnosis/system/CodeIgniter.php(432): CodeIgniter\CodeIgniter->runController(Object(App\Controllers\Articles))
#8 /var/www/html/mymisdiagnosis/system/CodeIgniter.php(333): CodeIgniter\CodeIgniter->handleRequest(NULL, Object(Config\Cache), false)
#9 /var/www/html/mymisdiagnosis/index.php(44): CodeIgniter\CodeIgniter->run()
#10 {main}
INFO - 2021-12-15 15:21:57 --> Session: Class initialized using 'CodeIgniter\Session\Handlers\FileHandler' driver.
INFO - 2021-12-15 15:21:57 --> Session: Class initialized using 'CodeIgniter\Session\Handlers\FileHandler' driver.
CRITICAL - 2021-12-15 15:21:57 --> rename(..//mymisdiagnosis/upload/1-1000101/temp_card_folder/field-post_image_temp.jpg,..//mymisdiagnosis/upload/1-1000101/temp_card_folder/field-post_image.jpg): No such file or directory
#0 [internal function]: CodeIgniter\Debug\Exceptions->errorHandler(2, 'rename(..//mymi...', '/var/www/html/m...', 240, Array)
#1 /var/www/html/mymisdiagnosis/app/Controllers/Articles.php(240): rename('..//mymisdiagno...', '..//mymisdiagno...')
#2 [internal function]: App\Controllers\Articles->image_temp_routines_posts(Object(stdClass))
#3 /var/www/html/mymisdiagnosis/app/Libraries/GroceryCrud.php(911): call_user_func(Array, Object(stdClass))
#4 /var/www/html/mymisdiagnosis/app/Libraries/GroceryCrud.php(4557): App\Libraries\grocery_CRUD_Model_Driver->db_insert(Object(stdClass))
#5 /var/www/html/mymisdiagnosis/app/Controllers/Articles.php(125): App\Libraries\GroceryCrud->render()
#6 /var/www/html/mymisdiagnosis/system/CodeIgniter.php(936): App\Controllers\Articles->posts('insert')
#7 /var/www/html/mymisdiagnosis/system/CodeIgniter.php(432): CodeIgniter\CodeIgniter->runController(Object(App\Controllers\Articles))
#8 /var/www/html/mymisdiagnosis/system/CodeIgniter.php(333): CodeIgniter\CodeIgniter->handleRequest(NULL, Object(Config\Cache), false)
#9 /var/www/html/mymisdiagnosis/index.php(44): CodeIgniter\CodeIgniter->run()
#10 {main}
INFO - 2021-12-15 15:22:08 --> Session: Class initialized using 'CodeIgniter\Session\Handlers\FileHandler' driver.
INFO - 2021-12-15 15:22:08 --> Session: Class initialized using 'CodeIgniter\Session\Handlers\FileHandler' driver.
CRITICAL - 2021-12-15 15:22:08 --> rename(..//mymisdiagnosis/upload/1-1000101/temp_card_folder/field-post_image_temp.jpg,..//mymisdiagnosis/upload/1-1000101/temp_card_folder/field-post_image.jpg): No such file or directory
#0 [internal function]: CodeIgniter\Debug\Exceptions->errorHandler(2, 'rename(..//mymi...', '/var/www/html/m...', 240, Array)
#1 /var/www/html/mymisdiagnosis/app/Controllers/Articles.php(240): rename('..//mymisdiagno...', '..//mymisdiagno...')
#2 [internal function]: App\Controllers\Articles->image_temp_routines_posts(Object(stdClass))
#3 /var/www/html/mymisdiagnosis/app/Libraries/GroceryCrud.php(911): call_user_func(Array, Object(stdClass))
#4 /var/www/html/mymisdiagnosis/app/Libraries/GroceryCrud.php(4557): App\Libraries\grocery_CRUD_Model_Driver->db_insert(Object(stdClass))
#5 /var/www/html/mymisdiagnosis/app/Controllers/Articles.php(125): App\Libraries\GroceryCrud->render()
#6 /var/www/html/mymisdiagnosis/system/CodeIgniter.php(936): App\Controllers\Articles->posts('insert')
#7 /var/www/html/mymisdiagnosis/system/CodeIgniter.php(432): CodeIgniter\CodeIgniter->runController(Object(App\Controllers\Articles))
#8 /var/www/html/mymisdiagnosis/system/CodeIgniter.php(333): CodeIgniter\CodeIgniter->handleRequest(NULL, Object(Config\Cache), false)
#9 /var/www/html/mymisdiagnosis/index.php(44): CodeIgniter\CodeIgniter->run()
#10 {main}
INFO - 2021-12-15 15:22:38 --> Session: Class initialized using 'CodeIgniter\Session\Handlers\FileHandler' driver.
INFO - 2021-12-15 15:22:38 --> Session: Class initialized using 'CodeIgniter\Session\Handlers\FileHandler' driver.
CRITICAL - 2021-12-15 15:22:38 --> rename(..//mymisdiagnosis/upload/1-1000101/temp_card_folder/field-post_image_temp.jpg,..//mymisdiagnosis/upload/1-1000101/temp_card_folder/field-post_image.jpg): No such file or directory
#0 [internal function]: CodeIgniter\Debug\Exceptions->errorHandler(2, 'rename(..//mymi...', '/var/www/html/m...', 240, Array)
#1 /var/www/html/mymisdiagnosis/app/Controllers/Articles.php(240): rename('..//mymisdiagno...', '..//mymisdiagno...')
#2 [internal function]: App\Controllers\Articles->image_temp_routines_posts(Object(stdClass))
#3 /var/www/html/mymisdiagnosis/app/Libraries/GroceryCrud.php(911): call_user_func(Array, Object(stdClass))
#4 /var/www/html/mymisdiagnosis/app/Libraries/GroceryCrud.php(4557): App\Libraries\grocery_CRUD_Model_Driver->db_insert(Object(stdClass))
#5 /var/www/html/mymisdiagnosis/app/Controllers/Articles.php(125): App\Libraries\GroceryCrud->render()
#6 /var/www/html/mymisdiagnosis/system/CodeIgniter.php(936): App\Controllers\Articles->posts('insert')
#7 /var/www/html/mymisdiagnosis/system/CodeIgniter.php(432): CodeIgniter\CodeIgniter->runController(Object(App\Controllers\Articles))
#8 /var/www/html/mymisdiagnosis/system/CodeIgniter.php(333): CodeIgniter\CodeIgniter->handleRequest(NULL, Object(Config\Cache), false)
#9 /var/www/html/mymisdiagnosis/index.php(44): CodeIgniter\CodeIgniter->run()
#10 {main}
INFO - 2021-12-15 15:22:52 --> Session: Class initialized using 'CodeIgniter\Session\Handlers\FileHandler' driver.
INFO - 2021-12-15 15:22:53 --> Session: Class initialized using 'CodeIgniter\Session\Handlers\FileHandler' driver.
CRITICAL - 2021-12-15 15:22:53 --> rename(..//mymisdiagnosis/upload/1-1000101/temp_card_folder/field-post_image_temp.jpg,..//mymisdiagnosis/upload/1-1000101/temp_card_folder/field-post_image.jpg): No such file or directory
#0 [internal function]: CodeIgniter\Debug\Exceptions->errorHandler(2, 'rename(..//mymi...', '/var/www/html/m...', 240, Array)
#1 /var/www/html/mymisdiagnosis/app/Controllers/Articles.php(240): rename('..//mymisdiagno...', '..//mymisdiagno...')
#2 [internal function]: App\Controllers\Articles->image_temp_routines_posts(Object(stdClass))
#3 /var/www/html/mymisdiagnosis/app/Libraries/GroceryCrud.php(911): call_user_func(Array, Object(stdClass))
#4 /var/www/html/mymisdiagnosis/app/Libraries/GroceryCrud.php(4557): App\Libraries\grocery_CRUD_Model_Driver->db_insert(Object(stdClass))
#5 /var/www/html/mymisdiagnosis/app/Controllers/Articles.php(125): App\Libraries\GroceryCrud->render()
#6 /var/www/html/mymisdiagnosis/system/CodeIgniter.php(936): App\Controllers\Articles->posts('insert')
#7 /var/www/html/mymisdiagnosis/system/CodeIgniter.php(432): CodeIgniter\CodeIgniter->runController(Object(App\Controllers\Articles))
#8 /var/www/html/mymisdiagnosis/system/CodeIgniter.php(333): CodeIgniter\CodeIgniter->handleRequest(NULL, Object(Config\Cache), false)
#9 /var/www/html/mymisdiagnosis/index.php(44): CodeIgniter\CodeIgniter->run()
#10 {main}
INFO - 2021-12-15 15:23:05 --> Session: Class initialized using 'CodeIgniter\Session\Handlers\FileHandler' driver.
INFO - 2021-12-15 15:23:05 --> Session: Class initialized using 'CodeIgniter\Session\Handlers\FileHandler' driver.
CRITICAL - 2021-12-15 15:23:05 --> rename(..//mymisdiagnosis/upload/1-1000101/temp_card_folder/field-post_image_temp.jpg,..//mymisdiagnosis/upload/1-1000101/temp_card_folder/field-post_image.jpg): No such file or directory
#0 [internal function]: CodeIgniter\Debug\Exceptions->errorHandler(2, 'rename(..//mymi...', '/var/www/html/m...', 240, Array)
#1 /var/www/html/mymisdiagnosis/app/Controllers/Articles.php(240): rename('..//mymisdiagno...', '..//mymisdiagno...')
#2 [internal function]: App\Controllers\Articles->image_temp_routines_posts(Object(stdClass))
#3 /var/www/html/mymisdiagnosis/app/Libraries/GroceryCrud.php(911): call_user_func(Array, Object(stdClass))
#4 /var/www/html/mymisdiagnosis/app/Libraries/GroceryCrud.php(4557): App\Libraries\grocery_CRUD_Model_Driver->db_insert(Object(stdClass))
#5 /var/www/html/mymisdiagnosis/app/Controllers/Articles.php(125): App\Libraries\GroceryCrud->render()
#6 /var/www/html/mymisdiagnosis/system/CodeIgniter.php(936): App\Controllers\Articles->posts('insert')
#7 /var/www/html/mymisdiagnosis/system/CodeIgniter.php(432): CodeIgniter\CodeIgniter->runController(Object(App\Controllers\Articles))
#8 /var/www/html/mymisdiagnosis/system/CodeIgniter.php(333): CodeIgniter\CodeIgniter->handleRequest(NULL, Object(Config\Cache), false)
#9 /var/www/html/mymisdiagnosis/index.php(44): CodeIgniter\CodeIgniter->run()
#10 {main}
INFO - 2021-12-15 15:24:00 --> Session: Class initialized using 'CodeIgniter\Session\Handlers\FileHandler' driver.
INFO - 2021-12-15 15:24:00 --> Session: Class initialized using 'CodeIgniter\Session\Handlers\FileHandler' driver.
CRITICAL - 2021-12-15 15:24:00 --> rename(..//mymisdiagnosis/upload/1-1000101/temp_card_folder/field-post_image_temp.jpg,..//mymisdiagnosis/upload/1-1000101/temp_card_folder/field-post_image.jpg): No such file or directory
#0 [internal function]: CodeIgniter\Debug\Exceptions->errorHandler(2, 'rename(..//mymi...', '/var/www/html/m...', 240, Array)
#1 /var/www/html/mymisdiagnosis/app/Controllers/Articles.php(240): rename('..//mymisdiagno...', '..//mymisdiagno...')
#2 [internal function]: App\Controllers\Articles->image_temp_routines_posts(Object(stdClass))
#3 /var/www/html/mymisdiagnosis/app/Libraries/GroceryCrud.php(911): call_user_func(Array, Object(stdClass))
#4 /var/www/html/mymisdiagnosis/app/Libraries/GroceryCrud.php(4557): App\Libraries\grocery_CRUD_Model_Driver->db_insert(Object(stdClass))
#5 /var/www/html/mymisdiagnosis/app/Controllers/Articles.php(125): App\Libraries\GroceryCrud->render()
#6 /var/www/html/mymisdiagnosis/system/CodeIgniter.php(936): App\Controllers\Articles->posts('insert')
#7 /var/www/html/mymisdiagnosis/system/CodeIgniter.php(432): CodeIgniter\CodeIgniter->runController(Object(App\Controllers\Articles))
#8 /var/www/html/mymisdiagnosis/system/CodeIgniter.php(333): CodeIgniter\CodeIgniter->handleRequest(NULL, Object(Config\Cache), false)
#9 /var/www/html/mymisdiagnosis/index.php(44): CodeIgniter\CodeIgniter->run()
#10 {main}
INFO - 2021-12-15 15:25:09 --> Session: Class initialized using 'CodeIgniter\Session\Handlers\FileHandler' driver.
INFO - 2021-12-15 15:25:09 --> Session: Class initialized using 'CodeIgniter\Session\Handlers\FileHandler' driver.
CRITICAL - 2021-12-15 15:25:09 --> rename(..//mymisdiagnosis/upload/1-1000101/temp_card_folder/field-post_image_temp.jpg,..//mymisdiagnosis/upload/1-1000101/temp_card_folder/field-post_image.jpg): No such file or directory
#0 [internal function]: CodeIgniter\Debug\Exceptions->errorHandler(2, 'rename(..//mymi...', '/var/www/html/m...', 240, Array)
#1 /var/www/html/mymisdiagnosis/app/Controllers/Articles.php(240): rename('..//mymisdiagno...', '..//mymisdiagno...')
#2 [internal function]: App\Controllers\Articles->image_temp_routines_posts(Object(stdClass))
#3 /var/www/html/mymisdiagnosis/app/Libraries/GroceryCrud.php(911): call_user_func(Array, Object(stdClass))
#4 /var/www/html/mymisdiagnosis/app/Libraries/GroceryCrud.php(4557): App\Libraries\grocery_CRUD_Model_Driver->db_insert(Object(stdClass))
#5 /var/www/html/mymisdiagnosis/app/Controllers/Articles.php(125): App\Libraries\GroceryCrud->render()
#6 /var/www/html/mymisdiagnosis/system/CodeIgniter.php(936): App\Controllers\Articles->posts('insert')
#7 /var/www/html/mymisdiagnosis/system/CodeIgniter.php(432): CodeIgniter\CodeIgniter->runController(Object(App\Controllers\Articles))
#8 /var/www/html/mymisdiagnosis/system/CodeIgniter.php(333): CodeIgniter\CodeIgniter->handleRequest(NULL, Object(Config\Cache), false)
#9 /var/www/html/mymisdiagnosis/index.php(44): CodeIgniter\CodeIgniter->run()
#10 {main}
INFO - 2021-12-15 15:25:17 --> Session: Class initialized using 'CodeIgniter\Session\Handlers\FileHandler' driver.
INFO - 2021-12-15 15:25:17 --> Session: Class initialized using 'CodeIgniter\Session\Handlers\FileHandler' driver.
CRITICAL - 2021-12-15 15:25:17 --> rename(..//mymisdiagnosis/upload/1-1000101/temp_card_folder/field-post_image_temp.jpg,..//mymisdiagnosis/upload/1-1000101/temp_card_folder/field-post_image.jpg): No such file or directory
#0 [internal function]: CodeIgniter\Debug\Exceptions->errorHandler(2, 'rename(..//mymi...', '/var/www/html/m...', 240, Array)
#1 /var/www/html/mymisdiagnosis/app/Controllers/Articles.php(240): rename('..//mymisdiagno...', '..//mymisdiagno...')
#2 [internal function]: App\Controllers\Articles->image_temp_routines_posts(Object(stdClass))
#3 /var/www/html/mymisdiagnosis/app/Libraries/GroceryCrud.php(911): call_user_func(Array, Object(stdClass))
#4 /var/www/html/mymisdiagnosis/app/Libraries/GroceryCrud.php(4557): App\Libraries\grocery_CRUD_Model_Driver->db_insert(Object(stdClass))
#5 /var/www/html/mymisdiagnosis/app/Controllers/Articles.php(125): App\Libraries\GroceryCrud->render()
#6 /var/www/html/mymisdiagnosis/system/CodeIgniter.php(936): App\Controllers\Articles->posts('insert')
#7 /var/www/html/mymisdiagnosis/system/CodeIgniter.php(432): CodeIgniter\CodeIgniter->runController(Object(App\Controllers\Articles))
#8 /var/www/html/mymisdiagnosis/system/CodeIgniter.php(333): CodeIgniter\CodeIgniter->handleRequest(NULL, Object(Config\Cache), false)
#9 /var/www/html/mymisdiagnosis/index.php(44): CodeIgniter\CodeIgniter->run()
#10 {main}
INFO - 2021-12-15 15:26:12 --> Session: Class initialized using 'CodeIgniter\Session\Handlers\FileHandler' driver.
INFO - 2021-12-15 15:26:12 --> Session: Class initialized using 'CodeIgniter\Session\Handlers\FileHandler' driver.
CRITICAL - 2021-12-15 15:26:12 --> rename(..//mymisdiagnosis/upload/1-1000101/temp_card_folder/field-post_image_temp.jpg,..//mymisdiagnosis/upload/1-1000101/temp_card_folder/field-post_image.jpg): No such file or directory
#0 [internal function]: CodeIgniter\Debug\Exceptions->errorHandler(2, 'rename(..//mymi...', '/var/www/html/m...', 240, Array)
#1 /var/www/html/mymisdiagnosis/app/Controllers/Articles.php(240): rename('..//mymisdiagno...', '..//mymisdiagno...')
#2 [internal function]: App\Controllers\Articles->image_temp_routines_posts(Object(stdClass))
#3 /var/www/html/mymisdiagnosis/app/Libraries/GroceryCrud.php(911): call_user_func(Array, Object(stdClass))
#4 /var/www/html/mymisdiagnosis/app/Libraries/GroceryCrud.php(4557): App\Libraries\grocery_CRUD_Model_Driver->db_insert(Object(stdClass))
#5 /var/www/html/mymisdiagnosis/app/Controllers/Articles.php(125): App\Libraries\GroceryCrud->render()
#6 /var/www/html/mymisdiagnosis/system/CodeIgniter.php(936): App\Controllers\Articles->posts('insert')
#7 /var/www/html/mymisdiagnosis/system/CodeIgniter.php(432): CodeIgniter\CodeIgniter->runController(Object(App\Controllers\Articles))
#8 /var/www/html/mymisdiagnosis/system/CodeIgniter.php(333): CodeIgniter\CodeIgniter->handleRequest(NULL, Object(Config\Cache), false)
#9 /var/www/html/mymisdiagnosis/index.php(44): CodeIgniter\CodeIgniter->run()
#10 {main}
INFO - 2021-12-15 15:26:23 --> Session: Class initialized using 'CodeIgniter\Session\Handlers\FileHandler' driver.
INFO - 2021-12-15 15:26:31 --> Session: Class initialized using 'CodeIgniter\Session\Handlers\FileHandler' driver.
INFO - 2021-12-15 15:26:32 --> Session: Class initialized using 'CodeIgniter\Session\Handlers\FileHandler' driver.
INFO - 2021-12-15 15:26:32 --> Session: Class initialized using 'CodeIgniter\Session\Handlers\FileHandler' driver.
INFO - 2021-12-15 15:27:00 --> Session: Class initialized using 'CodeIgniter\Session\Handlers\FileHandler' driver.
INFO - 2021-12-15 15:27:00 --> Session: Class initialized using 'CodeIgniter\Session\Handlers\FileHandler' driver.
CRITICAL - 2021-12-15 15:27:00 --> Undefined variable: path_parts
#0 /var/www/html/mymisdiagnosis/app/Controllers/Articles.php(252): CodeIgniter\Debug\Exceptions->errorHandler(8, 'Undefined varia...', '/var/www/html/m...', 252, Array)
#1 [internal function]: App\Controllers\Articles->image_temp_routines_posts(Object(stdClass))
#2 /var/www/html/mymisdiagnosis/app/Libraries/GroceryCrud.php(911): call_user_func(Array, Object(stdClass))
#3 /var/www/html/mymisdiagnosis/app/Libraries/GroceryCrud.php(4557): App\Libraries\grocery_CRUD_Model_Driver->db_insert(Object(stdClass))
#4 /var/www/html/mymisdiagnosis/app/Controllers/Articles.php(125): App\Libraries\GroceryCrud->render()
#5 /var/www/html/mymisdiagnosis/system/CodeIgniter.php(936): App\Controllers\Articles->posts('insert')
#6 /var/www/html/mymisdiagnosis/system/CodeIgniter.php(432): CodeIgniter\CodeIgniter->runController(Object(App\Controllers\Articles))
#7 /var/www/html/mymisdiagnosis/system/CodeIgniter.php(333): CodeIgniter\CodeIgniter->handleRequest(NULL, Object(Config\Cache), false)
#8 /var/www/html/mymisdiagnosis/index.php(44): CodeIgniter\CodeIgniter->run()
#9 {main}
INFO - 2021-12-15 15:27:27 --> Session: Class initialized using 'CodeIgniter\Session\Handlers\FileHandler' driver.
INFO - 2021-12-15 15:27:30 --> Session: Class initialized using 'CodeIgniter\Session\Handlers\FileHandler' driver.
INFO - 2021-12-15 15:27:30 --> Session: Class initialized using 'CodeIgniter\Session\Handlers\FileHandler' driver.
INFO - 2021-12-15 15:27:32 --> Session: Class initialized using 'CodeIgniter\Session\Handlers\FileHandler' driver.
INFO - 2021-12-15 15:27:32 --> Session: Class initialized using 'CodeIgniter\Session\Handlers\FileHandler' driver.
INFO - 2021-12-15 15:27:32 --> Session: Class initialized using 'CodeIgniter\Session\Handlers\FileHandler' driver.
INFO - 2021-12-15 15:27:34 --> Session: Class initialized using 'CodeIgniter\Session\Handlers\FileHandler' driver.
INFO - 2021-12-15 15:27:34 --> Session: Class initialized using 'CodeIgniter\Session\Handlers\FileHandler' driver.
INFO - 2021-12-15 15:27:54 --> Session: Class initialized using 'CodeIgniter\Session\Handlers\FileHandler' driver.
INFO - 2021-12-15 15:27:54 --> Session: Class initialized using 'CodeIgniter\Session\Handlers\FileHandler' driver.
INFO - 2021-12-15 15:27:55 --> Session: Class initialized using 'CodeIgniter\Session\Handlers\FileHandler' driver.
INFO - 2021-12-15 15:28:11 --> Session: Class initialized using 'CodeIgniter\Session\Handlers\FileHandler' driver.
INFO - 2021-12-15 15:28:11 --> Session: Class initialized using 'CodeIgniter\Session\Handlers\FileHandler' driver.
CRITICAL - 2021-12-15 15:28:11 --> Undefined variable: path_parts
#0 /var/www/html/mymisdiagnosis/app/Controllers/Articles.php(252): CodeIgniter\Debug\Exceptions->errorHandler(8, 'Undefined varia...', '/var/www/html/m...', 252, Array)
#1 [internal function]: App\Controllers\Articles->image_temp_routines_posts(Object(stdClass))
#2 /var/www/html/mymisdiagnosis/app/Libraries/GroceryCrud.php(911): call_user_func(Array, Object(stdClass))
#3 /var/www/html/mymisdiagnosis/app/Libraries/GroceryCrud.php(4557): App\Libraries\grocery_CRUD_Model_Driver->db_insert(Object(stdClass))
#4 /var/www/html/mymisdiagnosis/app/Controllers/Articles.php(125): App\Libraries\GroceryCrud->render()
#5 /var/www/html/mymisdiagnosis/system/CodeIgniter.php(936): App\Controllers\Articles->posts('insert')
#6 /var/www/html/mymisdiagnosis/system/CodeIgniter.php(432): CodeIgniter\CodeIgniter->runController(Object(App\Controllers\Articles))
#7 /var/www/html/mymisdiagnosis/system/CodeIgniter.php(333): CodeIgniter\CodeIgniter->handleRequest(NULL, Object(Config\Cache), false)
#8 /var/www/html/mymisdiagnosis/index.php(44): CodeIgniter\CodeIgniter->run()
#9 {main}
INFO - 2021-12-15 15:28:38 --> Session: Class initialized using 'CodeIgniter\Session\Handlers\FileHandler' driver.
INFO - 2021-12-15 15:28:42 --> Session: Class initialized using 'CodeIgniter\Session\Handlers\FileHandler' driver.
INFO - 2021-12-15 15:28:46 --> Session: Class initialized using 'CodeIgniter\Session\Handlers\FileHandler' driver.
INFO - 2021-12-15 15:28:46 --> Session: Class initialized using 'CodeIgniter\Session\Handlers\FileHandler' driver.
INFO - 2021-12-15 15:28:55 --> Session: Class initialized using 'CodeIgniter\Session\Handlers\FileHandler' driver.
INFO - 2021-12-15 15:28:55 --> Session: Class initialized using 'CodeIgniter\Session\Handlers\FileHandler' driver.
INFO - 2021-12-15 15:28:55 --> Session: Class initialized using 'CodeIgniter\Session\Handlers\FileHandler' driver.
INFO - 2021-12-15 15:29:15 --> Session: Class initialized using 'CodeIgniter\Session\Handlers\FileHandler' driver.
INFO - 2021-12-15 15:29:15 --> Session: Class initialized using 'CodeIgniter\Session\Handlers\FileHandler' driver.
CRITICAL - 2021-12-15 15:29:15 --> Undefined variable: path_parts
#0 /var/www/html/mymisdiagnosis/app/Controllers/Articles.php(252): CodeIgniter\Debug\Exceptions->errorHandler(8, 'Undefined varia...', '/var/www/html/m...', 252, Array)
#1 [internal function]: App\Controllers\Articles->image_temp_routines_posts(Object(stdClass))
#2 /var/www/html/mymisdiagnosis/app/Libraries/GroceryCrud.php(911): call_user_func(Array, Object(stdClass))
#3 /var/www/html/mymisdiagnosis/app/Libraries/GroceryCrud.php(4557): App\Libraries\grocery_CRUD_Model_Driver->db_insert(Object(stdClass))
#4 /var/www/html/mymisdiagnosis/app/Controllers/Articles.php(125): App\Libraries\GroceryCrud->render()
#5 /var/www/html/mymisdiagnosis/system/CodeIgniter.php(936): App\Controllers\Articles->posts('insert')
#6 /var/www/html/mymisdiagnosis/system/CodeIgniter.php(432): CodeIgniter\CodeIgniter->runController(Object(App\Controllers\Articles))
#7 /var/www/html/mymisdiagnosis/system/CodeIgniter.php(333): CodeIgniter\CodeIgniter->handleRequest(NULL, Object(Config\Cache), false)
#8 /var/www/html/mymisdiagnosis/index.php(44): CodeIgniter\CodeIgniter->run()
#9 {main}
INFO - 2021-12-15 15:29:32 --> Session: Class initialized using 'CodeIgniter\Session\Handlers\FileHandler' driver.
INFO - 2021-12-15 15:29:49 --> Session: Class initialized using 'CodeIgniter\Session\Handlers\FileHandler' driver.
INFO - 2021-12-15 15:29:49 --> Session: Class initialized using 'CodeIgniter\Session\Handlers\FileHandler' driver.
INFO - 2021-12-15 15:29:50 --> Session: Class initialized using 'CodeIgniter\Session\Handlers\FileHandler' driver.
INFO - 2021-12-15 15:30:17 --> Session: Class initialized using 'CodeIgniter\Session\Handlers\FileHandler' driver.
INFO - 2021-12-15 15:30:17 --> Session: Class initialized using 'CodeIgniter\Session\Handlers\FileHandler' driver.
CRITICAL - 2021-12-15 15:30:17 --> Undefined variable: path_parts
#0 /var/www/html/mymisdiagnosis/app/Controllers/Articles.php(252): CodeIgniter\Debug\Exceptions->errorHandler(8, 'Undefined varia...', '/var/www/html/m...', 252, Array)
#1 [internal function]: App\Controllers\Articles->image_temp_routines_posts(Object(stdClass))
#2 /var/www/html/mymisdiagnosis/app/Libraries/GroceryCrud.php(911): call_user_func(Array, Object(stdClass))
#3 /var/www/html/mymisdiagnosis/app/Libraries/GroceryCrud.php(4557): App\Libraries\grocery_CRUD_Model_Driver->db_insert(Object(stdClass))
#4 /var/www/html/mymisdiagnosis/app/Controllers/Articles.php(125): App\Libraries\GroceryCrud->render()
#5 /var/www/html/mymisdiagnosis/system/CodeIgniter.php(936): App\Controllers\Articles->posts('insert')
#6 /var/www/html/mymisdiagnosis/system/CodeIgniter.php(432): CodeIgniter\CodeIgniter->runController(Object(App\Controllers\Articles))
#7 /var/www/html/mymisdiagnosis/system/CodeIgniter.php(333): CodeIgniter\CodeIgniter->handleRequest(NULL, Object(Config\Cache), false)
#8 /var/www/html/mymisdiagnosis/index.php(44): CodeIgniter\CodeIgniter->run()
#9 {main}
INFO - 2021-12-15 15:41:22 --> Session: Class initialized using 'CodeIgniter\Session\Handlers\FileHandler' driver.
INFO - 2021-12-15 15:41:22 --> Session: Class initialized using 'CodeIgniter\Session\Handlers\FileHandler' driver.
INFO - 2021-12-15 15:41:26 --> Session: Class initialized using 'CodeIgniter\Session\Handlers\FileHandler' driver.
INFO - 2021-12-15 15:41:27 --> Session: Class initialized using 'CodeIgniter\Session\Handlers\FileHandler' driver.
INFO - 2021-12-15 15:41:27 --> Session: Class initialized using 'CodeIgniter\Session\Handlers\FileHandler' driver.
INFO - 2021-12-15 15:41:35 --> Session: Class initialized using 'CodeIgniter\Session\Handlers\FileHandler' driver.
INFO - 2021-12-15 15:41:36 --> Session: Class initialized using 'CodeIgniter\Session\Handlers\FileHandler' driver.
INFO - 2021-12-15 15:41:44 --> Session: Class initialized using 'CodeIgniter\Session\Handlers\FileHandler' driver.
INFO - 2021-12-15 15:41:46 --> Session: Class initialized using 'CodeIgniter\Session\Handlers\FileHandler' driver.
INFO - 2021-12-15 15:41:46 --> Session: Class initialized using 'CodeIgniter\Session\Handlers\FileHandler' driver.
INFO - 2021-12-15 15:41:47 --> Session: Class initialized using 'CodeIgniter\Session\Handlers\FileHandler' driver.
INFO - 2021-12-15 15:42:06 --> Session: Class initialized using 'CodeIgniter\Session\Handlers\FileHandler' driver.
INFO - 2021-12-15 15:42:06 --> Session: Class initialized using 'CodeIgniter\Session\Handlers\FileHandler' driver.
CRITICAL - 2021-12-15 15:42:06 --> Undefined variable: path_parts
#0 /var/www/html/mymisdiagnosis/app/Controllers/Articles.php(252): CodeIgniter\Debug\Exceptions->errorHandler(8, 'Undefined varia...', '/var/www/html/m...', 252, Array)
#1 [internal function]: App\Controllers\Articles->image_temp_routines_posts(Object(stdClass))
#2 /var/www/html/mymisdiagnosis/app/Libraries/GroceryCrud.php(911): call_user_func(Array, Object(stdClass))
#3 /var/www/html/mymisdiagnosis/app/Libraries/GroceryCrud.php(4557): App\Libraries\grocery_CRUD_Model_Driver->db_insert(Object(stdClass))
#4 /var/www/html/mymisdiagnosis/app/Controllers/Articles.php(125): App\Libraries\GroceryCrud->render()
#5 /var/www/html/mymisdiagnosis/system/CodeIgniter.php(936): App\Controllers\Articles->posts('insert')
#6 /var/www/html/mymisdiagnosis/system/CodeIgniter.php(432): CodeIgniter\CodeIgniter->runController(Object(App\Controllers\Articles))
#7 /var/www/html/mymisdiagnosis/system/CodeIgniter.php(333): CodeIgniter\CodeIgniter->handleRequest(NULL, Object(Config\Cache), false)
#8 /var/www/html/mymisdiagnosis/index.php(44): CodeIgniter\CodeIgniter->run()
#9 {main}
INFO - 2021-12-15 15:47:32 --> Session: Class initialized using 'CodeIgniter\Session\Handlers\FileHandler' driver.
INFO - 2021-12-15 15:47:32 --> Session: Class initialized using 'CodeIgniter\Session\Handlers\FileHandler' driver.
INFO - 2021-12-15 15:47:33 --> Session: Class initialized using 'CodeIgniter\Session\Handlers\FileHandler' driver.
INFO - 2021-12-15 15:47:44 --> Session: Class initialized using 'CodeIgniter\Session\Handlers\FileHandler' driver.
INFO - 2021-12-15 15:47:44 --> Session: Class initialized using 'CodeIgniter\Session\Handlers\FileHandler' driver.
CRITICAL - 2021-12-15 15:47:44 --> rename(../../mymisdiagnosis/upload/1-1000101/temp_card_folder/field-post_image_temp.jpg,../../mymisdiagnosis/upload/1-1000101/temp_card_folder/field-post_image.jpg): No such file or directory
#0 [internal function]: CodeIgniter\Debug\Exceptions->errorHandler(2, 'rename(../../my...', '/var/www/html/m...', 240, Array)
#1 /var/www/html/mymisdiagnosis/app/Controllers/Articles.php(240): rename('../../mymisdiag...', '../../mymisdiag...')
#2 [internal function]: App\Controllers\Articles->image_temp_routines_posts(Object(stdClass))
#3 /var/www/html/mymisdiagnosis/app/Libraries/GroceryCrud.php(911): call_user_func(Array, Object(stdClass))
#4 /var/www/html/mymisdiagnosis/app/Libraries/GroceryCrud.php(4557): App\Libraries\grocery_CRUD_Model_Driver->db_insert(Object(stdClass))
#5 /var/www/html/mymisdiagnosis/app/Controllers/Articles.php(125): App\Libraries\GroceryCrud->render()
#6 /var/www/html/mymisdiagnosis/system/CodeIgniter.php(936): App\Controllers\Articles->posts('insert')
#7 /var/www/html/mymisdiagnosis/system/CodeIgniter.php(432): CodeIgniter\CodeIgniter->runController(Object(App\Controllers\Articles))
#8 /var/www/html/mymisdiagnosis/system/CodeIgniter.php(333): CodeIgniter\CodeIgniter->handleRequest(NULL, Object(Config\Cache), false)
#9 /var/www/html/mymisdiagnosis/index.php(44): CodeIgniter\CodeIgniter->run()
#10 {main}
INFO - 2021-12-15 15:48:16 --> Session: Class initialized using 'CodeIgniter\Session\Handlers\FileHandler' driver.
INFO - 2021-12-15 15:48:17 --> Session: Class initialized using 'CodeIgniter\Session\Handlers\FileHandler' driver.
INFO - 2021-12-15 15:48:17 --> Session: Class initialized using 'CodeIgniter\Session\Handlers\FileHandler' driver.
INFO - 2021-12-15 15:48:26 --> Session: Class initialized using 'CodeIgniter\Session\Handlers\FileHandler' driver.
INFO - 2021-12-15 15:48:26 --> Session: Class initialized using 'CodeIgniter\Session\Handlers\FileHandler' driver.
CRITICAL - 2021-12-15 15:48:26 --> rename(../../mymisdiagnosis/upload/1-1000101/temp_card_folder/field-post_image_temp.jpg,../../mymisdiagnosis/upload/1-1000101/temp_card_folder/field-post_image.jpg): No such file or directory
#0 [internal function]: CodeIgniter\Debug\Exceptions->errorHandler(2, 'rename(../../my...', '/var/www/html/m...', 240, Array)
#1 /var/www/html/mymisdiagnosis/app/Controllers/Articles.php(240): rename('../../mymisdiag...', '../../mymisdiag...')
#2 [internal function]: App\Controllers\Articles->image_temp_routines_posts(Object(stdClass))
#3 /var/www/html/mymisdiagnosis/app/Libraries/GroceryCrud.php(911): call_user_func(Array, Object(stdClass))
#4 /var/www/html/mymisdiagnosis/app/Libraries/GroceryCrud.php(4557): App\Libraries\grocery_CRUD_Model_Driver->db_insert(Object(stdClass))
#5 /var/www/html/mymisdiagnosis/app/Controllers/Articles.php(125): App\Libraries\GroceryCrud->render()
#6 /var/www/html/mymisdiagnosis/system/CodeIgniter.php(936): App\Controllers\Articles->posts('insert')
#7 /var/www/html/mymisdiagnosis/system/CodeIgniter.php(432): CodeIgniter\CodeIgniter->runController(Object(App\Controllers\Articles))
#8 /var/www/html/mymisdiagnosis/system/CodeIgniter.php(333): CodeIgniter\CodeIgniter->handleRequest(NULL, Object(Config\Cache), false)
#9 /var/www/html/mymisdiagnosis/index.php(44): CodeIgniter\CodeIgniter->run()
#10 {main}
INFO - 2021-12-15 15:49:04 --> Session: Class initialized using 'CodeIgniter\Session\Handlers\FileHandler' driver.
INFO - 2021-12-15 15:49:04 --> Session: Class initialized using 'CodeIgniter\Session\Handlers\FileHandler' driver.
INFO - 2021-12-15 15:49:05 --> Session: Class initialized using 'CodeIgniter\Session\Handlers\FileHandler' driver.
INFO - 2021-12-15 15:49:28 --> Session: Class initialized using 'CodeIgniter\Session\Handlers\FileHandler' driver.
INFO - 2021-12-15 15:49:28 --> Session: Class initialized using 'CodeIgniter\Session\Handlers\FileHandler' driver.
CRITICAL - 2021-12-15 15:49:29 --> Undefined variable: path_parts
#0 /var/www/html/mymisdiagnosis/app/Controllers/Articles.php(252): CodeIgniter\Debug\Exceptions->errorHandler(8, 'Undefined varia...', '/var/www/html/m...', 252, Array)
#1 [internal function]: App\Controllers\Articles->image_temp_routines_posts(Object(stdClass))
#2 /var/www/html/mymisdiagnosis/app/Libraries/GroceryCrud.php(911): call_user_func(Array, Object(stdClass))
#3 /var/www/html/mymisdiagnosis/app/Libraries/GroceryCrud.php(4557): App\Libraries\grocery_CRUD_Model_Driver->db_insert(Object(stdClass))
#4 /var/www/html/mymisdiagnosis/app/Controllers/Articles.php(125): App\Libraries\GroceryCrud->render()
#5 /var/www/html/mymisdiagnosis/system/CodeIgniter.php(936): App\Controllers\Articles->posts('insert')
#6 /var/www/html/mymisdiagnosis/system/CodeIgniter.php(432): CodeIgniter\CodeIgniter->runController(Object(App\Controllers\Articles))
#7 /var/www/html/mymisdiagnosis/system/CodeIgniter.php(333): CodeIgniter\CodeIgniter->handleRequest(NULL, Object(Config\Cache), false)
#8 /var/www/html/mymisdiagnosis/index.php(44): CodeIgniter\CodeIgniter->run()
#9 {main}
INFO - 2021-12-15 15:52:33 --> Session: Class initialized using 'CodeIgniter\Session\Handlers\FileHandler' driver.
INFO - 2021-12-15 15:52:34 --> Session: Class initialized using 'CodeIgniter\Session\Handlers\FileHandler' driver.
INFO - 2021-12-15 15:52:46 --> Session: Class initialized using 'CodeIgniter\Session\Handlers\FileHandler' driver.
INFO - 2021-12-15 15:57:43 --> Session: Class initialized using 'CodeIgniter\Session\Handlers\FileHandler' driver.
INFO - 2021-12-15 15:57:43 --> Session: Class initialized using 'CodeIgniter\Session\Handlers\FileHandler' driver.
INFO - 2021-12-15 15:57:44 --> Session: Class initialized using 'CodeIgniter\Session\Handlers\FileHandler' driver.
INFO - 2021-12-15 15:58:07 --> Session: Class initialized using 'CodeIgniter\Session\Handlers\FileHandler' driver.
INFO - 2021-12-15 15:58:07 --> Session: Class initialized using 'CodeIgniter\Session\Handlers\FileHandler' driver.
CRITICAL - 2021-12-15 15:58:07 --> Undefined variable: path_parts
#0 /var/www/html/mymisdiagnosis/app/Controllers/Articles.php(252): CodeIgniter\Debug\Exceptions->errorHandler(8, 'Undefined varia...', '/var/www/html/m...', 252, Array)
#1 [internal function]: App\Controllers\Articles->image_temp_routines_posts(Object(stdClass))
#2 /var/www/html/mymisdiagnosis/app/Libraries/GroceryCrud.php(911): call_user_func(Array, Object(stdClass))
#3 /var/www/html/mymisdiagnosis/app/Libraries/GroceryCrud.php(4557): App\Libraries\grocery_CRUD_Model_Driver->db_insert(Object(stdClass))
#4 /var/www/html/mymisdiagnosis/app/Controllers/Articles.php(125): App\Libraries\GroceryCrud->render()
#5 /var/www/html/mymisdiagnosis/system/CodeIgniter.php(936): App\Controllers\Articles->posts('insert')
#6 /var/www/html/mymisdiagnosis/system/CodeIgniter.php(432): CodeIgniter\CodeIgniter->runController(Object(App\Controllers\Articles))
#7 /var/www/html/mymisdiagnosis/system/CodeIgniter.php(333): CodeIgniter\CodeIgniter->handleRequest(NULL, Object(Config\Cache), false)
#8 /var/www/html/mymisdiagnosis/index.php(44): CodeIgniter\CodeIgniter->run()
#9 {main}
INFO - 2021-12-15 15:58:22 --> Session: Class initialized using 'CodeIgniter\Session\Handlers\FileHandler' driver.
INFO - 2021-12-15 15:58:22 --> Session: Class initialized using 'CodeIgniter\Session\Handlers\FileHandler' driver.
INFO - 2021-12-15 15:58:22 --> Session: Class initialized using 'CodeIgniter\Session\Handlers\FileHandler' driver.
INFO - 2021-12-15 15:58:42 --> Session: Class initialized using 'CodeIgniter\Session\Handlers\FileHandler' driver.
INFO - 2021-12-15 15:58:42 --> Session: Class initialized using 'CodeIgniter\Session\Handlers\FileHandler' driver.
CRITICAL - 2021-12-15 15:58:42 --> Undefined variable: path_parts
#0 /var/www/html/mymisdiagnosis/app/Controllers/Articles.php(252): CodeIgniter\Debug\Exceptions->errorHandler(8, 'Undefined varia...', '/var/www/html/m...', 252, Array)
#1 [internal function]: App\Controllers\Articles->image_temp_routines_posts(Object(stdClass))
#2 /var/www/html/mymisdiagnosis/app/Libraries/GroceryCrud.php(911): call_user_func(Array, Object(stdClass))
#3 /var/www/html/mymisdiagnosis/app/Libraries/GroceryCrud.php(4557): App\Libraries\grocery_CRUD_Model_Driver->db_insert(Object(stdClass))
#4 /var/www/html/mymisdiagnosis/app/Controllers/Articles.php(125): App\Libraries\GroceryCrud->render()
#5 /var/www/html/mymisdiagnosis/system/CodeIgniter.php(936): App\Controllers\Articles->posts('insert')
#6 /var/www/html/mymisdiagnosis/system/CodeIgniter.php(432): CodeIgniter\CodeIgniter->runController(Object(App\Controllers\Articles))
#7 /var/www/html/mymisdiagnosis/system/CodeIgniter.php(333): CodeIgniter\CodeIgniter->handleRequest(NULL, Object(Config\Cache), false)
#8 /var/www/html/mymisdiagnosis/index.php(44): CodeIgniter\CodeIgniter->run()
#9 {main}
INFO - 2021-12-15 15:58:53 --> Session: Class initialized using 'CodeIgniter\Session\Handlers\FileHandler' driver.
INFO - 2021-12-15 15:58:54 --> Session: Class initialized using 'CodeIgniter\Session\Handlers\FileHandler' driver.
CRITICAL - 2021-12-15 15:58:54 --> rename(..//mymisdiagnosis/upload/1-1000101/temp_card_folder/field-post_image_temp.jpg,..//mymisdiagnosis/upload/1-1000101/temp_card_folder/field-post_image.jpg): No such file or directory
#0 [internal function]: CodeIgniter\Debug\Exceptions->errorHandler(2, 'rename(..//mymi...', '/var/www/html/m...', 240, Array)
#1 /var/www/html/mymisdiagnosis/app/Controllers/Articles.php(240): rename('..//mymisdiagno...', '..//mymisdiagno...')
#2 [internal function]: App\Controllers\Articles->image_temp_routines_posts(Object(stdClass))
#3 /var/www/html/mymisdiagnosis/app/Libraries/GroceryCrud.php(911): call_user_func(Array, Object(stdClass))
#4 /var/www/html/mymisdiagnosis/app/Libraries/GroceryCrud.php(4557): App\Libraries\grocery_CRUD_Model_Driver->db_insert(Object(stdClass))
#5 /var/www/html/mymisdiagnosis/app/Controllers/Articles.php(125): App\Libraries\GroceryCrud->render()
#6 /var/www/html/mymisdiagnosis/system/CodeIgniter.php(936): App\Controllers\Articles->posts('insert')
#7 /var/www/html/mymisdiagnosis/system/CodeIgniter.php(432): CodeIgniter\CodeIgniter->runController(Object(App\Controllers\Articles))
#8 /var/www/html/mymisdiagnosis/system/CodeIgniter.php(333): CodeIgniter\CodeIgniter->handleRequest(NULL, Object(Config\Cache), false)
#9 /var/www/html/mymisdiagnosis/index.php(44): CodeIgniter\CodeIgniter->run()
#10 {main}
INFO - 2021-12-15 15:58:58 --> Session: Class initialized using 'CodeIgniter\Session\Handlers\FileHandler' driver.
INFO - 2021-12-15 15:58:58 --> Session: Class initialized using 'CodeIgniter\Session\Handlers\FileHandler' driver.
CRITICAL - 2021-12-15 15:58:58 --> rename(..//mymisdiagnosis/upload/1-1000101/temp_card_folder/field-post_image_temp.jpg,..//mymisdiagnosis/upload/1-1000101/temp_card_folder/field-post_image.jpg): No such file or directory
#0 [internal function]: CodeIgniter\Debug\Exceptions->errorHandler(2, 'rename(..//mymi...', '/var/www/html/m...', 240, Array)
#1 /var/www/html/mymisdiagnosis/app/Controllers/Articles.php(240): rename('..//mymisdiagno...', '..//mymisdiagno...')
#2 [internal function]: App\Controllers\Articles->image_temp_routines_posts(Object(stdClass))
#3 /var/www/html/mymisdiagnosis/app/Libraries/GroceryCrud.php(911): call_user_func(Array, Object(stdClass))
#4 /var/www/html/mymisdiagnosis/app/Libraries/GroceryCrud.php(4557): App\Libraries\grocery_CRUD_Model_Driver->db_insert(Object(stdClass))
#5 /var/www/html/mymisdiagnosis/app/Controllers/Articles.php(125): App\Libraries\GroceryCrud->render()
#6 /var/www/html/mymisdiagnosis/system/CodeIgniter.php(936): App\Controllers\Articles->posts('insert')
#7 /var/www/html/mymisdiagnosis/system/CodeIgniter.php(432): CodeIgniter\CodeIgniter->runController(Object(App\Controllers\Articles))
#8 /var/www/html/mymisdiagnosis/system/CodeIgniter.php(333): CodeIgniter\CodeIgniter->handleRequest(NULL, Object(Config\Cache), false)
#9 /var/www/html/mymisdiagnosis/index.php(44): CodeIgniter\CodeIgniter->run()
#10 {main}
INFO - 2021-12-15 15:59:16 --> Session: Class initialized using 'CodeIgniter\Session\Handlers\FileHandler' driver.
INFO - 2021-12-15 15:59:18 --> Session: Class initialized using 'CodeIgniter\Session\Handlers\FileHandler' driver.
INFO - 2021-12-15 16:00:16 --> Session: Class initialized using 'CodeIgniter\Session\Handlers\FileHandler' driver.
INFO - 2021-12-15 16:00:16 --> Session: Class initialized using 'CodeIgniter\Session\Handlers\FileHandler' driver.
INFO - 2021-12-15 16:00:16 --> Session: Class initialized using 'CodeIgniter\Session\Handlers\FileHandler' driver.
INFO - 2021-12-15 16:00:34 --> Session: Class initialized using 'CodeIgniter\Session\Handlers\FileHandler' driver.
INFO - 2021-12-15 16:00:35 --> Session: Class initialized using 'CodeIgniter\Session\Handlers\FileHandler' driver.
CRITICAL - 2021-12-15 16:00:35 --> Undefined variable: path_parts
#0 /var/www/html/mymisdiagnosis/app/Controllers/Articles.php(252): CodeIgniter\Debug\Exceptions->errorHandler(8, 'Undefined varia...', '/var/www/html/m...', 252, Array)
#1 [internal function]: App\Controllers\Articles->image_temp_routines_posts(Object(stdClass))
#2 /var/www/html/mymisdiagnosis/app/Libraries/GroceryCrud.php(911): call_user_func(Array, Object(stdClass))
#3 /var/www/html/mymisdiagnosis/app/Libraries/GroceryCrud.php(4557): App\Libraries\grocery_CRUD_Model_Driver->db_insert(Object(stdClass))
#4 /var/www/html/mymisdiagnosis/app/Controllers/Articles.php(125): App\Libraries\GroceryCrud->render()
#5 /var/www/html/mymisdiagnosis/system/CodeIgniter.php(936): App\Controllers\Articles->posts('insert')
#6 /var/www/html/mymisdiagnosis/system/CodeIgniter.php(432): CodeIgniter\CodeIgniter->runController(Object(App\Controllers\Articles))
#7 /var/www/html/mymisdiagnosis/system/CodeIgniter.php(333): CodeIgniter\CodeIgniter->handleRequest(NULL, Object(Config\Cache), false)
#8 /var/www/html/mymisdiagnosis/index.php(44): CodeIgniter\CodeIgniter->run()
#9 {main}
INFO - 2021-12-15 16:01:51 --> Session: Class initialized using 'CodeIgniter\Session\Handlers\FileHandler' driver.
INFO - 2021-12-15 16:01:51 --> Session: Class initialized using 'CodeIgniter\Session\Handlers\FileHandler' driver.
CRITICAL - 2021-12-15 16:01:52 --> rename(..//mymisdiagnosis/upload/1-1000101/temp_card_folder/field-post_image_temp.jpg,..//mymisdiagnosis/upload/1-1000101/temp_card_folder/field-post_image.jpg): No such file or directory
#0 [internal function]: CodeIgniter\Debug\Exceptions->errorHandler(2, 'rename(..//mymi...', '/var/www/html/m...', 240, Array)
#1 /var/www/html/mymisdiagnosis/app/Controllers/Articles.php(240): rename('..//mymisdiagno...', '..//mymisdiagno...')
#2 [internal function]: App\Controllers\Articles->image_temp_routines_posts(Object(stdClass))
#3 /var/www/html/mymisdiagnosis/app/Libraries/GroceryCrud.php(911): call_user_func(Array, Object(stdClass))
#4 /var/www/html/mymisdiagnosis/app/Libraries/GroceryCrud.php(4557): App\Libraries\grocery_CRUD_Model_Driver->db_insert(Object(stdClass))
#5 /var/www/html/mymisdiagnosis/app/Controllers/Articles.php(125): App\Libraries\GroceryCrud->render()
#6 /var/www/html/mymisdiagnosis/system/CodeIgniter.php(936): App\Controllers\Articles->posts('insert')
#7 /var/www/html/mymisdiagnosis/system/CodeIgniter.php(432): CodeIgniter\CodeIgniter->runController(Object(App\Controllers\Articles))
#8 /var/www/html/mymisdiagnosis/system/CodeIgniter.php(333): CodeIgniter\CodeIgniter->handleRequest(NULL, Object(Config\Cache), false)
#9 /var/www/html/mymisdiagnosis/index.php(44): CodeIgniter\CodeIgniter->run()
#10 {main}
INFO - 2021-12-15 22:46:28 --> Session: Class initialized using 'CodeIgniter\Session\Handlers\FileHandler' driver.
INFO - 2021-12-15 22:46:29 --> Session: Class initialized using 'CodeIgniter\Session\Handlers\FileHandler' driver.
CRITICAL - 2021-12-15 22:46:29 --> rename(..//mymisdiagnosis/upload/1-1000101/temp_card_folder/field-post_image_temp.jpg,..//mymisdiagnosis/upload/1-1000101/temp_card_folder/field-post_image.jpg): No such file or directory
#0 [internal function]: CodeIgniter\Debug\Exceptions->errorHandler(2, 'rename(..//mymi...', '/var/www/html/m...', 240, Array)
#1 /var/www/html/mymisdiagnosis/app/Controllers/Articles.php(240): rename('..//mymisdiagno...', '..//mymisdiagno...')
#2 [internal function]: App\Controllers\Articles->image_temp_routines_posts(Object(stdClass))
#3 /var/www/html/mymisdiagnosis/app/Libraries/GroceryCrud.php(911): call_user_func(Array, Object(stdClass))
#4 /var/www/html/mymisdiagnosis/app/Libraries/GroceryCrud.php(4557): App\Libraries\grocery_CRUD_Model_Driver->db_insert(Object(stdClass))
#5 /var/www/html/mymisdiagnosis/app/Controllers/Articles.php(125): App\Libraries\GroceryCrud->render()
#6 /var/www/html/mymisdiagnosis/system/CodeIgniter.php(936): App\Controllers\Articles->posts('insert')
#7 /var/www/html/mymisdiagnosis/system/CodeIgniter.php(432): CodeIgniter\CodeIgniter->runController(Object(App\Controllers\Articles))
#8 /var/www/html/mymisdiagnosis/system/CodeIgniter.php(333): CodeIgniter\CodeIgniter->handleRequest(NULL, Object(Config\Cache), false)
#9 /var/www/html/mymisdiagnosis/index.php(44): CodeIgniter\CodeIgniter->run()
#10 {main}
INFO - 2021-12-15 22:46:39 --> Session: Class initialized using 'CodeIgniter\Session\Handlers\FileHandler' driver.
INFO - 2021-12-15 22:46:39 --> Session: Class initialized using 'CodeIgniter\Session\Handlers\FileHandler' driver.
INFO - 2021-12-15 22:46:39 --> Session: Class initialized using 'CodeIgniter\Session\Handlers\FileHandler' driver.
INFO - 2021-12-15 22:46:54 --> Session: Class initialized using 'CodeIgniter\Session\Handlers\FileHandler' driver.
INFO - 2021-12-15 22:46:54 --> Session: Class initialized using 'CodeIgniter\Session\Handlers\FileHandler' driver.
CRITICAL - 2021-12-15 22:46:54 --> Undefined variable: path_parts
#0 /var/www/html/mymisdiagnosis/app/Controllers/Articles.php(252): CodeIgniter\Debug\Exceptions->errorHandler(8, 'Undefined varia...', '/var/www/html/m...', 252, Array)
#1 [internal function]: App\Controllers\Articles->image_temp_routines_posts(Object(stdClass))
#2 /var/www/html/mymisdiagnosis/app/Libraries/GroceryCrud.php(911): call_user_func(Array, Object(stdClass))
#3 /var/www/html/mymisdiagnosis/app/Libraries/GroceryCrud.php(4557): App\Libraries\grocery_CRUD_Model_Driver->db_insert(Object(stdClass))
#4 /var/www/html/mymisdiagnosis/app/Controllers/Articles.php(125): App\Libraries\GroceryCrud->render()
#5 /var/www/html/mymisdiagnosis/system/CodeIgniter.php(936): App\Controllers\Articles->posts('insert')
#6 /var/www/html/mymisdiagnosis/system/CodeIgniter.php(432): CodeIgniter\CodeIgniter->runController(Object(App\Controllers\Articles))
#7 /var/www/html/mymisdiagnosis/system/CodeIgniter.php(333): CodeIgniter\CodeIgniter->handleRequest(NULL, Object(Config\Cache), false)
#8 /var/www/html/mymisdiagnosis/index.php(44): CodeIgniter\CodeIgniter->run()
#9 {main}
INFO - 2021-12-15 22:47:36 --> Session: Class initialized using 'CodeIgniter\Session\Handlers\FileHandler' driver.
INFO - 2021-12-15 22:47:37 --> Session: Class initialized using 'CodeIgniter\Session\Handlers\FileHandler' driver.
INFO - 2021-12-15 22:47:37 --> Session: Class initialized using 'CodeIgniter\Session\Handlers\FileHandler' driver.
INFO - 2021-12-15 22:47:54 --> Session: Class initialized using 'CodeIgniter\Session\Handlers\FileHandler' driver.
INFO - 2021-12-15 22:47:54 --> Session: Class initialized using 'CodeIgniter\Session\Handlers\FileHandler' driver.
CRITICAL - 2021-12-15 22:47:54 --> Undefined variable: path_parts
#0 /var/www/html/mymisdiagnosis/app/Controllers/Articles.php(252): CodeIgniter\Debug\Exceptions->errorHandler(8, 'Undefined varia...', '/var/www/html/m...', 252, Array)
#1 [internal function]: App\Controllers\Articles->image_temp_routines_posts(Object(stdClass))
#2 /var/www/html/mymisdiagnosis/app/Libraries/GroceryCrud.php(911): call_user_func(Array, Object(stdClass))
#3 /var/www/html/mymisdiagnosis/app/Libraries/GroceryCrud.php(4557): App\Libraries\grocery_CRUD_Model_Driver->db_insert(Object(stdClass))
#4 /var/www/html/mymisdiagnosis/app/Controllers/Articles.php(125): App\Libraries\GroceryCrud->render()
#5 /var/www/html/mymisdiagnosis/system/CodeIgniter.php(936): App\Controllers\Articles->posts('insert')
#6 /var/www/html/mymisdiagnosis/system/CodeIgniter.php(432): CodeIgniter\CodeIgniter->runController(Object(App\Controllers\Articles))
#7 /var/www/html/mymisdiagnosis/system/CodeIgniter.php(333): CodeIgniter\CodeIgniter->handleRequest(NULL, Object(Config\Cache), false)
#8 /var/www/html/mymisdiagnosis/index.php(44): CodeIgniter\CodeIgniter->run()
#9 {main}
INFO - 2021-12-15 22:48:13 --> Session: Class initialized using 'CodeIgniter\Session\Handlers\FileHandler' driver.
INFO - 2021-12-15 22:48:14 --> Session: Class initialized using 'CodeIgniter\Session\Handlers\FileHandler' driver.
INFO - 2021-12-15 22:48:14 --> Session: Class initialized using 'CodeIgniter\Session\Handlers\FileHandler' driver.
INFO - 2021-12-15 22:48:26 --> Session: Class initialized using 'CodeIgniter\Session\Handlers\FileHandler' driver.
INFO - 2021-12-15 22:48:27 --> Session: Class initialized using 'CodeIgniter\Session\Handlers\FileHandler' driver.
CRITICAL - 2021-12-15 22:48:27 --> Undefined variable: path_parts
#0 /var/www/html/mymisdiagnosis/app/Controllers/Articles.php(252): CodeIgniter\Debug\Exceptions->errorHandler(8, 'Undefined varia...', '/var/www/html/m...', 252, Array)
#1 [internal function]: App\Controllers\Articles->image_temp_routines_posts(Object(stdClass))
#2 /var/www/html/mymisdiagnosis/app/Libraries/GroceryCrud.php(911): call_user_func(Array, Object(stdClass))
#3 /var/www/html/mymisdiagnosis/app/Libraries/GroceryCrud.php(4557): App\Libraries\grocery_CRUD_Model_Driver->db_insert(Object(stdClass))
#4 /var/www/html/mymisdiagnosis/app/Controllers/Articles.php(125): App\Libraries\GroceryCrud->render()
#5 /var/www/html/mymisdiagnosis/system/CodeIgniter.php(936): App\Controllers\Articles->posts('insert')
#6 /var/www/html/mymisdiagnosis/system/CodeIgniter.php(432): CodeIgniter\CodeIgniter->runController(Object(App\Controllers\Articles))
#7 /var/www/html/mymisdiagnosis/system/CodeIgniter.php(333): CodeIgniter\CodeIgniter->handleRequest(NULL, Object(Config\Cache), false)
#8 /var/www/html/mymisdiagnosis/index.php(44): CodeIgniter\CodeIgniter->run()
#9 {main}
INFO - 2021-12-15 22:49:08 --> Session: Class initialized using 'CodeIgniter\Session\Handlers\FileHandler' driver.
INFO - 2021-12-15 22:49:08 --> Session: Class initialized using 'CodeIgniter\Session\Handlers\FileHandler' driver.
INFO - 2021-12-15 22:49:08 --> Session: Class initialized using 'CodeIgniter\Session\Handlers\FileHandler' driver.
INFO - 2021-12-15 22:49:29 --> Session: Class initialized using 'CodeIgniter\Session\Handlers\FileHandler' driver.
INFO - 2021-12-15 22:49:29 --> Session: Class initialized using 'CodeIgniter\Session\Handlers\FileHandler' driver.
CRITICAL - 2021-12-15 22:49:29 --> Undefined variable: path_parts
#0 /var/www/html/mymisdiagnosis/app/Controllers/Articles.php(252): CodeIgniter\Debug\Exceptions->errorHandler(8, 'Undefined varia...', '/var/www/html/m...', 252, Array)
#1 [internal function]: App\Controllers\Articles->image_temp_routines_posts(Object(stdClass))
#2 /var/www/html/mymisdiagnosis/app/Libraries/GroceryCrud.php(911): call_user_func(Array, Object(stdClass))
#3 /var/www/html/mymisdiagnosis/app/Libraries/GroceryCrud.php(4557): App\Libraries\grocery_CRUD_Model_Driver->db_insert(Object(stdClass))
#4 /var/www/html/mymisdiagnosis/app/Controllers/Articles.php(125): App\Libraries\GroceryCrud->render()
#5 /var/www/html/mymisdiagnosis/system/CodeIgniter.php(936): App\Controllers\Articles->posts('insert')
#6 /var/www/html/mymisdiagnosis/system/CodeIgniter.php(432): CodeIgniter\CodeIgniter->runController(Object(App\Controllers\Articles))
#7 /var/www/html/mymisdiagnosis/system/CodeIgniter.php(333): CodeIgniter\CodeIgniter->handleRequest(NULL, Object(Config\Cache), false)
#8 /var/www/html/mymisdiagnosis/index.php(44): CodeIgniter\CodeIgniter->run()
#9 {main}
INFO - 2021-12-15 22:49:50 --> Session: Class initialized using 'CodeIgniter\Session\Handlers\FileHandler' driver.
INFO - 2021-12-15 22:49:51 --> Session: Class initialized using 'CodeIgniter\Session\Handlers\FileHandler' driver.
INFO - 2021-12-15 22:49:51 --> Session: Class initialized using 'CodeIgniter\Session\Handlers\FileHandler' driver.
INFO - 2021-12-15 22:50:03 --> Session: Class initialized using 'CodeIgniter\Session\Handlers\FileHandler' driver.
INFO - 2021-12-15 22:50:03 --> Session: Class initialized using 'CodeIgniter\Session\Handlers\FileHandler' driver.
CRITICAL - 2021-12-15 22:50:03 --> Undefined variable: path_parts
#0 /var/www/html/mymisdiagnosis/app/Controllers/Articles.php(252): CodeIgniter\Debug\Exceptions->errorHandler(8, 'Undefined varia...', '/var/www/html/m...', 252, Array)
#1 [internal function]: App\Controllers\Articles->image_temp_routines_posts(Object(stdClass))
#2 /var/www/html/mymisdiagnosis/app/Libraries/GroceryCrud.php(911): call_user_func(Array, Object(stdClass))
#3 /var/www/html/mymisdiagnosis/app/Libraries/GroceryCrud.php(4557): App\Libraries\grocery_CRUD_Model_Driver->db_insert(Object(stdClass))
#4 /var/www/html/mymisdiagnosis/app/Controllers/Articles.php(125): App\Libraries\GroceryCrud->render()
#5 /var/www/html/mymisdiagnosis/system/CodeIgniter.php(936): App\Controllers\Articles->posts('insert')
#6 /var/www/html/mymisdiagnosis/system/CodeIgniter.php(432): CodeIgniter\CodeIgniter->runController(Object(App\Controllers\Articles))
#7 /var/www/html/mymisdiagnosis/system/CodeIgniter.php(333): CodeIgniter\CodeIgniter->handleRequest(NULL, Object(Config\Cache), false)
#8 /var/www/html/mymisdiagnosis/index.php(44): CodeIgniter\CodeIgniter->run()
#9 {main}
INFO - 2021-12-15 22:50:39 --> Session: Class initialized using 'CodeIgniter\Session\Handlers\FileHandler' driver.
INFO - 2021-12-15 22:50:40 --> Session: Class initialized using 'CodeIgniter\Session\Handlers\FileHandler' driver.
INFO - 2021-12-15 22:50:40 --> Session: Class initialized using 'CodeIgniter\Session\Handlers\FileHandler' driver.
INFO - 2021-12-15 22:50:51 --> Session: Class initialized using 'CodeIgniter\Session\Handlers\FileHandler' driver.
INFO - 2021-12-15 22:50:51 --> Session: Class initialized using 'CodeIgniter\Session\Handlers\FileHandler' driver.
CRITICAL - 2021-12-15 22:50:51 --> Undefined variable: path_parts
#0 /var/www/html/mymisdiagnosis/app/Controllers/Articles.php(252): CodeIgniter\Debug\Exceptions->errorHandler(8, 'Undefined varia...', '/var/www/html/m...', 252, Array)
#1 [internal function]: App\Controllers\Articles->image_temp_routines_posts(Object(stdClass))
#2 /var/www/html/mymisdiagnosis/app/Libraries/GroceryCrud.php(911): call_user_func(Array, Object(stdClass))
#3 /var/www/html/mymisdiagnosis/app/Libraries/GroceryCrud.php(4557): App\Libraries\grocery_CRUD_Model_Driver->db_insert(Object(stdClass))
#4 /var/www/html/mymisdiagnosis/app/Controllers/Articles.php(125): App\Libraries\GroceryCrud->render()
#5 /var/www/html/mymisdiagnosis/system/CodeIgniter.php(936): App\Controllers\Articles->posts('insert')
#6 /var/www/html/mymisdiagnosis/system/CodeIgniter.php(432): CodeIgniter\CodeIgniter->runController(Object(App\Controllers\Articles))
#7 /var/www/html/mymisdiagnosis/system/CodeIgniter.php(333): CodeIgniter\CodeIgniter->handleRequest(NULL, Object(Config\Cache), false)
#8 /var/www/html/mymisdiagnosis/index.php(44): CodeIgniter\CodeIgniter->run()
#9 {main}
INFO - 2021-12-15 22:51:10 --> Session: Class initialized using 'CodeIgniter\Session\Handlers\FileHandler' driver.
INFO - 2021-12-15 22:51:11 --> Session: Class initialized using 'CodeIgniter\Session\Handlers\FileHandler' driver.
INFO - 2021-12-15 22:51:11 --> Session: Class initialized using 'CodeIgniter\Session\Handlers\FileHandler' driver.
INFO - 2021-12-15 22:51:27 --> Session: Class initialized using 'CodeIgniter\Session\Handlers\FileHandler' driver.
INFO - 2021-12-15 22:51:27 --> Session: Class initialized using 'CodeIgniter\Session\Handlers\FileHandler' driver.
CRITICAL - 2021-12-15 22:51:27 --> Undefined variable: path_parts
#0 /var/www/html/mymisdiagnosis/app/Controllers/Articles.php(252): CodeIgniter\Debug\Exceptions->errorHandler(8, 'Undefined varia...', '/var/www/html/m...', 252, Array)
#1 [internal function]: App\Controllers\Articles->image_temp_routines_posts(Object(stdClass))
#2 /var/www/html/mymisdiagnosis/app/Libraries/GroceryCrud.php(911): call_user_func(Array, Object(stdClass))
#3 /var/www/html/mymisdiagnosis/app/Libraries/GroceryCrud.php(4557): App\Libraries\grocery_CRUD_Model_Driver->db_insert(Object(stdClass))
#4 /var/www/html/mymisdiagnosis/app/Controllers/Articles.php(125): App\Libraries\GroceryCrud->render()
#5 /var/www/html/mymisdiagnosis/system/CodeIgniter.php(936): App\Controllers\Articles->posts('insert')
#6 /var/www/html/mymisdiagnosis/system/CodeIgniter.php(432): CodeIgniter\CodeIgniter->runController(Object(App\Controllers\Articles))
#7 /var/www/html/mymisdiagnosis/system/CodeIgniter.php(333): CodeIgniter\CodeIgniter->handleRequest(NULL, Object(Config\Cache), false)
#8 /var/www/html/mymisdiagnosis/index.php(44): CodeIgniter\CodeIgniter->run()
#9 {main}
INFO - 2021-12-15 22:51:33 --> Session: Class initialized using 'CodeIgniter\Session\Handlers\FileHandler' driver.
INFO - 2021-12-15 22:51:33 --> Session: Class initialized using 'CodeIgniter\Session\Handlers\FileHandler' driver.
CRITICAL - 2021-12-15 22:51:33 --> rename(..//mymisdiagnosis/upload/1-1000101/temp_card_folder/field-post_image_temp.jpg,..//mymisdiagnosis/upload/1-1000101/temp_card_folder/field-post_image.jpg): No such file or directory
#0 [internal function]: CodeIgniter\Debug\Exceptions->errorHandler(2, 'rename(..//mymi...', '/var/www/html/m...', 240, Array)
#1 /var/www/html/mymisdiagnosis/app/Controllers/Articles.php(240): rename('..//mymisdiagno...', '..//mymisdiagno...')
#2 [internal function]: App\Controllers\Articles->image_temp_routines_posts(Object(stdClass))
#3 /var/www/html/mymisdiagnosis/app/Libraries/GroceryCrud.php(911): call_user_func(Array, Object(stdClass))
#4 /var/www/html/mymisdiagnosis/app/Libraries/GroceryCrud.php(4557): App\Libraries\grocery_CRUD_Model_Driver->db_insert(Object(stdClass))
#5 /var/www/html/mymisdiagnosis/app/Controllers/Articles.php(125): App\Libraries\GroceryCrud->render()
#6 /var/www/html/mymisdiagnosis/system/CodeIgniter.php(936): App\Controllers\Articles->posts('insert')
#7 /var/www/html/mymisdiagnosis/system/CodeIgniter.php(432): CodeIgniter\CodeIgniter->runController(Object(App\Controllers\Articles))
#8 /var/www/html/mymisdiagnosis/system/CodeIgniter.php(333): CodeIgniter\CodeIgniter->handleRequest(NULL, Object(Config\Cache), false)
#9 /var/www/html/mymisdiagnosis/index.php(44): CodeIgniter\CodeIgniter->run()
#10 {main}
INFO - 2021-12-15 22:51:55 --> Session: Class initialized using 'CodeIgniter\Session\Handlers\FileHandler' driver.
INFO - 2021-12-15 22:51:55 --> Session: Class initialized using 'CodeIgniter\Session\Handlers\FileHandler' driver.
INFO - 2021-12-15 22:51:56 --> Session: Class initialized using 'CodeIgniter\Session\Handlers\FileHandler' driver.
INFO - 2021-12-15 22:52:09 --> Session: Class initialized using 'CodeIgniter\Session\Handlers\FileHandler' driver.
INFO - 2021-12-15 22:52:09 --> Session: Class initialized using 'CodeIgniter\Session\Handlers\FileHandler' driver.
CRITICAL - 2021-12-15 22:52:09 --> Undefined variable: path_parts
#0 /var/www/html/mymisdiagnosis/app/Controllers/Articles.php(252): CodeIgniter\Debug\Exceptions->errorHandler(8, 'Undefined varia...', '/var/www/html/m...', 252, Array)
#1 [internal function]: App\Controllers\Articles->image_temp_routines_posts(Object(stdClass))
#2 /var/www/html/mymisdiagnosis/app/Libraries/GroceryCrud.php(911): call_user_func(Array, Object(stdClass))
#3 /var/www/html/mymisdiagnosis/app/Libraries/GroceryCrud.php(4557): App\Libraries\grocery_CRUD_Model_Driver->db_insert(Object(stdClass))
#4 /var/www/html/mymisdiagnosis/app/Controllers/Articles.php(125): App\Libraries\GroceryCrud->render()
#5 /var/www/html/mymisdiagnosis/system/CodeIgniter.php(936): App\Controllers\Articles->posts('insert')
#6 /var/www/html/mymisdiagnosis/system/CodeIgniter.php(432): CodeIgniter\CodeIgniter->runController(Object(App\Controllers\Articles))
#7 /var/www/html/mymisdiagnosis/system/CodeIgniter.php(333): CodeIgniter\CodeIgniter->handleRequest(NULL, Object(Config\Cache), false)
#8 /var/www/html/mymisdiagnosis/index.php(44): CodeIgniter\CodeIgniter->run()
#9 {main}
INFO - 2021-12-15 22:52:30 --> Session: Class initialized using 'CodeIgniter\Session\Handlers\FileHandler' driver.
INFO - 2021-12-15 22:52:31 --> Session: Class initialized using 'CodeIgniter\Session\Handlers\FileHandler' driver.
INFO - 2021-12-15 22:52:31 --> Session: Class initialized using 'CodeIgniter\Session\Handlers\FileHandler' driver.
INFO - 2021-12-15 22:53:02 --> Session: Class initialized using 'CodeIgniter\Session\Handlers\FileHandler' driver.
INFO - 2021-12-15 22:53:02 --> Session: Class initialized using 'CodeIgniter\Session\Handlers\FileHandler' driver.
CRITICAL - 2021-12-15 22:53:02 --> Undefined variable: path_parts
#0 /var/www/html/mymisdiagnosis/app/Controllers/Articles.php(252): CodeIgniter\Debug\Exceptions->errorHandler(8, 'Undefined varia...', '/var/www/html/m...', 252, Array)
#1 [internal function]: App\Controllers\Articles->image_temp_routines_posts(Object(stdClass))
#2 /var/www/html/mymisdiagnosis/app/Libraries/GroceryCrud.php(911): call_user_func(Array, Object(stdClass))
#3 /var/www/html/mymisdiagnosis/app/Libraries/GroceryCrud.php(4557): App\Libraries\grocery_CRUD_Model_Driver->db_insert(Object(stdClass))
#4 /var/www/html/mymisdiagnosis/app/Controllers/Articles.php(125): App\Libraries\GroceryCrud->render()
#5 /var/www/html/mymisdiagnosis/system/CodeIgniter.php(936): App\Controllers\Articles->posts('insert')
#6 /var/www/html/mymisdiagnosis/system/CodeIgniter.php(432): CodeIgniter\CodeIgniter->runController(Object(App\Controllers\Articles))
#7 /var/www/html/mymisdiagnosis/system/CodeIgniter.php(333): CodeIgniter\CodeIgniter->handleRequest(NULL, Object(Config\Cache), false)
#8 /var/www/html/mymisdiagnosis/index.php(44): CodeIgniter\CodeIgniter->run()
#9 {main}
INFO - 2021-12-15 22:54:32 --> Session: Class initialized using 'CodeIgniter\Session\Handlers\FileHandler' driver.
INFO - 2021-12-15 22:54:32 --> Session: Class initialized using 'CodeIgniter\Session\Handlers\FileHandler' driver.
INFO - 2021-12-15 22:54:32 --> Session: Class initialized using 'CodeIgniter\Session\Handlers\FileHandler' driver.
INFO - 2021-12-15 22:54:46 --> Session: Class initialized using 'CodeIgniter\Session\Handlers\FileHandler' driver.
INFO - 2021-12-15 22:54:46 --> Session: Class initialized using 'CodeIgniter\Session\Handlers\FileHandler' driver.
CRITICAL - 2021-12-15 22:54:46 --> Undefined variable: path_parts
#0 /var/www/html/mymisdiagnosis/app/Controllers/Articles.php(252): CodeIgniter\Debug\Exceptions->errorHandler(8, 'Undefined varia...', '/var/www/html/m...', 252, Array)
#1 [internal function]: App\Controllers\Articles->image_temp_routines_posts(Object(stdClass))
#2 /var/www/html/mymisdiagnosis/app/Libraries/GroceryCrud.php(911): call_user_func(Array, Object(stdClass))
#3 /var/www/html/mymisdiagnosis/app/Libraries/GroceryCrud.php(4557): App\Libraries\grocery_CRUD_Model_Driver->db_insert(Object(stdClass))
#4 /var/www/html/mymisdiagnosis/app/Controllers/Articles.php(125): App\Libraries\GroceryCrud->render()
#5 /var/www/html/mymisdiagnosis/system/CodeIgniter.php(936): App\Controllers\Articles->posts('insert')
#6 /var/www/html/mymisdiagnosis/system/CodeIgniter.php(432): CodeIgniter\CodeIgniter->runController(Object(App\Controllers\Articles))
#7 /var/www/html/mymisdiagnosis/system/CodeIgniter.php(333): CodeIgniter\CodeIgniter->handleRequest(NULL, Object(Config\Cache), false)
#8 /var/www/html/mymisdiagnosis/index.php(44): CodeIgniter\CodeIgniter->run()
#9 {main}
INFO - 2021-12-15 22:55:04 --> Session: Class initialized using 'CodeIgniter\Session\Handlers\FileHandler' driver.
INFO - 2021-12-15 22:55:04 --> Session: Class initialized using 'CodeIgniter\Session\Handlers\FileHandler' driver.
INFO - 2021-12-15 22:55:04 --> Session: Class initialized using 'CodeIgniter\Session\Handlers\FileHandler' driver.
INFO - 2021-12-15 22:55:17 --> Session: Class initialized using 'CodeIgniter\Session\Handlers\FileHandler' driver.
INFO - 2021-12-15 22:55:17 --> Session: Class initialized using 'CodeIgniter\Session\Handlers\FileHandler' driver.
CRITICAL - 2021-12-15 22:55:18 --> Undefined variable: path_parts
#0 /var/www/html/mymisdiagnosis/app/Controllers/Articles.php(252): CodeIgniter\Debug\Exceptions->errorHandler(8, 'Undefined varia...', '/var/www/html/m...', 252, Array)
#1 [internal function]: App\Controllers\Articles->image_temp_routines_posts(Object(stdClass))
#2 /var/www/html/mymisdiagnosis/app/Libraries/GroceryCrud.php(911): call_user_func(Array, Object(stdClass))
#3 /var/www/html/mymisdiagnosis/app/Libraries/GroceryCrud.php(4557): App\Libraries\grocery_CRUD_Model_Driver->db_insert(Object(stdClass))
#4 /var/www/html/mymisdiagnosis/app/Controllers/Articles.php(125): App\Libraries\GroceryCrud->render()
#5 /var/www/html/mymisdiagnosis/system/CodeIgniter.php(936): App\Controllers\Articles->posts('insert')
#6 /var/www/html/mymisdiagnosis/system/CodeIgniter.php(432): CodeIgniter\CodeIgniter->runController(Object(App\Controllers\Articles))
#7 /var/www/html/mymisdiagnosis/system/CodeIgniter.php(333): CodeIgniter\CodeIgniter->handleRequest(NULL, Object(Config\Cache), false)
#8 /var/www/html/mymisdiagnosis/index.php(44): CodeIgniter\CodeIgniter->run()
#9 {main}
INFO - 2021-12-15 22:55:45 --> Session: Class initialized using 'CodeIgniter\Session\Handlers\FileHandler' driver.
INFO - 2021-12-15 22:55:46 --> Session: Class initialized using 'CodeIgniter\Session\Handlers\FileHandler' driver.
INFO - 2021-12-15 22:55:46 --> Session: Class initialized using 'CodeIgniter\Session\Handlers\FileHandler' driver.
INFO - 2021-12-15 22:56:00 --> Session: Class initialized using 'CodeIgniter\Session\Handlers\FileHandler' driver.
INFO - 2021-12-15 22:56:00 --> Session: Class initialized using 'CodeIgniter\Session\Handlers\FileHandler' driver.
CRITICAL - 2021-12-15 22:56:00 --> Undefined variable: path_parts
#0 /var/www/html/mymisdiagnosis/app/Controllers/Articles.php(252): CodeIgniter\Debug\Exceptions->errorHandler(8, 'Undefined varia...', '/var/www/html/m...', 252, Array)
#1 [internal function]: App\Controllers\Articles->image_temp_routines_posts(Object(stdClass))
#2 /var/www/html/mymisdiagnosis/app/Libraries/GroceryCrud.php(911): call_user_func(Array, Object(stdClass))
#3 /var/www/html/mymisdiagnosis/app/Libraries/GroceryCrud.php(4557): App\Libraries\grocery_CRUD_Model_Driver->db_insert(Object(stdClass))
#4 /var/www/html/mymisdiagnosis/app/Controllers/Articles.php(125): App\Libraries\GroceryCrud->render()
#5 /var/www/html/mymisdiagnosis/system/CodeIgniter.php(936): App\Controllers\Articles->posts('insert')
#6 /var/www/html/mymisdiagnosis/system/CodeIgniter.php(432): CodeIgniter\CodeIgniter->runController(Object(App\Controllers\Articles))
#7 /var/www/html/mymisdiagnosis/system/CodeIgniter.php(333): CodeIgniter\CodeIgniter->handleRequest(NULL, Object(Config\Cache), false)
#8 /var/www/html/mymisdiagnosis/index.php(44): CodeIgniter\CodeIgniter->run()
#9 {main}
INFO - 2021-12-15 22:56:21 --> Session: Class initialized using 'CodeIgniter\Session\Handlers\FileHandler' driver.
INFO - 2021-12-15 22:56:22 --> Session: Class initialized using 'CodeIgniter\Session\Handlers\FileHandler' driver.
INFO - 2021-12-15 22:56:22 --> Session: Class initialized using 'CodeIgniter\Session\Handlers\FileHandler' driver.
INFO - 2021-12-15 22:56:37 --> Session: Class initialized using 'CodeIgniter\Session\Handlers\FileHandler' driver.
INFO - 2021-12-15 22:56:37 --> Session: Class initialized using 'CodeIgniter\Session\Handlers\FileHandler' driver.
CRITICAL - 2021-12-15 22:56:37 --> Undefined variable: path_parts
#0 /var/www/html/mymisdiagnosis/app/Controllers/Articles.php(252): CodeIgniter\Debug\Exceptions->errorHandler(8, 'Undefined varia...', '/var/www/html/m...', 252, Array)
#1 [internal function]: App\Controllers\Articles->image_temp_routines_posts(Object(stdClass))
#2 /var/www/html/mymisdiagnosis/app/Libraries/GroceryCrud.php(911): call_user_func(Array, Object(stdClass))
#3 /var/www/html/mymisdiagnosis/app/Libraries/GroceryCrud.php(4557): App\Libraries\grocery_CRUD_Model_Driver->db_insert(Object(stdClass))
#4 /var/www/html/mymisdiagnosis/app/Controllers/Articles.php(125): App\Libraries\GroceryCrud->render()
#5 /var/www/html/mymisdiagnosis/system/CodeIgniter.php(936): App\Controllers\Articles->posts('insert')
#6 /var/www/html/mymisdiagnosis/system/CodeIgniter.php(432): CodeIgniter\CodeIgniter->runController(Object(App\Controllers\Articles))
#7 /var/www/html/mymisdiagnosis/system/CodeIgniter.php(333): CodeIgniter\CodeIgniter->handleRequest(NULL, Object(Config\Cache), false)
#8 /var/www/html/mymisdiagnosis/index.php(44): CodeIgniter\CodeIgniter->run()
#9 {main}
INFO - 2021-12-15 22:58:33 --> Session: Class initialized using 'CodeIgniter\Session\Handlers\FileHandler' driver.
INFO - 2021-12-15 22:58:34 --> Session: Class initialized using 'CodeIgniter\Session\Handlers\FileHandler' driver.
INFO - 2021-12-15 22:58:34 --> Session: Class initialized using 'CodeIgniter\Session\Handlers\FileHandler' driver.
INFO - 2021-12-15 22:58:47 --> Session: Class initialized using 'CodeIgniter\Session\Handlers\FileHandler' driver.
INFO - 2021-12-15 22:58:48 --> Session: Class initialized using 'CodeIgniter\Session\Handlers\FileHandler' driver.
CRITICAL - 2021-12-15 22:58:48 --> Undefined variable: path_parts
#0 /var/www/html/mymisdiagnosis/app/Controllers/Articles.php(252): CodeIgniter\Debug\Exceptions->errorHandler(8, 'Undefined varia...', '/var/www/html/m...', 252, Array)
#1 [internal function]: App\Controllers\Articles->image_temp_routines_posts(Object(stdClass))
#2 /var/www/html/mymisdiagnosis/app/Libraries/GroceryCrud.php(911): call_user_func(Array, Object(stdClass))
#3 /var/www/html/mymisdiagnosis/app/Libraries/GroceryCrud.php(4557): App\Libraries\grocery_CRUD_Model_Driver->db_insert(Object(stdClass))
#4 /var/www/html/mymisdiagnosis/app/Controllers/Articles.php(125): App\Libraries\GroceryCrud->render()
#5 /var/www/html/mymisdiagnosis/system/CodeIgniter.php(936): App\Controllers\Articles->posts('insert')
#6 /var/www/html/mymisdiagnosis/system/CodeIgniter.php(432): CodeIgniter\CodeIgniter->runController(Object(App\Controllers\Articles))
#7 /var/www/html/mymisdiagnosis/system/CodeIgniter.php(333): CodeIgniter\CodeIgniter->handleRequest(NULL, Object(Config\Cache), false)
#8 /var/www/html/mymisdiagnosis/index.php(44): CodeIgniter\CodeIgniter->run()
#9 {main}
INFO - 2021-12-15 22:59:23 --> Session: Class initialized using 'CodeIgniter\Session\Handlers\FileHandler' driver.
INFO - 2021-12-15 22:59:23 --> Session: Class initialized using 'CodeIgniter\Session\Handlers\FileHandler' driver.
INFO - 2021-12-15 22:59:23 --> Session: Class initialized using 'CodeIgniter\Session\Handlers\FileHandler' driver.
INFO - 2021-12-15 22:59:35 --> Session: Class initialized using 'CodeIgniter\Session\Handlers\FileHandler' driver.
INFO - 2021-12-15 22:59:35 --> Session: Class initialized using 'CodeIgniter\Session\Handlers\FileHandler' driver.
CRITICAL - 2021-12-15 22:59:35 --> Undefined variable: path_parts
#0 /var/www/html/mymisdiagnosis/app/Controllers/Articles.php(252): CodeIgniter\Debug\Exceptions->errorHandler(8, 'Undefined varia...', '/var/www/html/m...', 252, Array)
#1 [internal function]: App\Controllers\Articles->image_temp_routines_posts(Object(stdClass))
#2 /var/www/html/mymisdiagnosis/app/Libraries/GroceryCrud.php(911): call_user_func(Array, Object(stdClass))
#3 /var/www/html/mymisdiagnosis/app/Libraries/GroceryCrud.php(4557): App\Libraries\grocery_CRUD_Model_Driver->db_insert(Object(stdClass))
#4 /var/www/html/mymisdiagnosis/app/Controllers/Articles.php(125): App\Libraries\GroceryCrud->render()
#5 /var/www/html/mymisdiagnosis/system/CodeIgniter.php(936): App\Controllers\Articles->posts('insert')
#6 /var/www/html/mymisdiagnosis/system/CodeIgniter.php(432): CodeIgniter\CodeIgniter->runController(Object(App\Controllers\Articles))
#7 /var/www/html/mymisdiagnosis/system/CodeIgniter.php(333): CodeIgniter\CodeIgniter->handleRequest(NULL, Object(Config\Cache), false)
#8 /var/www/html/mymisdiagnosis/index.php(44): CodeIgniter\CodeIgniter->run()
#9 {main}
INFO - 2021-12-15 23:01:31 --> Session: Class initialized using 'CodeIgniter\Session\Handlers\FileHandler' driver.
INFO - 2021-12-15 23:01:31 --> Session: Class initialized using 'CodeIgniter\Session\Handlers\FileHandler' driver.
INFO - 2021-12-15 23:01:31 --> Session: Class initialized using 'CodeIgniter\Session\Handlers\FileHandler' driver.
INFO - 2021-12-15 23:01:43 --> Session: Class initialized using 'CodeIgniter\Session\Handlers\FileHandler' driver.
INFO - 2021-12-15 23:01:44 --> Session: Class initialized using 'CodeIgniter\Session\Handlers\FileHandler' driver.
CRITICAL - 2021-12-15 23:01:44 --> Undefined variable: path_parts
#0 /var/www/html/mymisdiagnosis/app/Controllers/Articles.php(252): CodeIgniter\Debug\Exceptions->errorHandler(8, 'Undefined varia...', '/var/www/html/m...', 252, Array)
#1 [internal function]: App\Controllers\Articles->image_temp_routines_posts(Object(stdClass))
#2 /var/www/html/mymisdiagnosis/app/Libraries/GroceryCrud.php(911): call_user_func(Array, Object(stdClass))
#3 /var/www/html/mymisdiagnosis/app/Libraries/GroceryCrud.php(4557): App\Libraries\grocery_CRUD_Model_Driver->db_insert(Object(stdClass))
#4 /var/www/html/mymisdiagnosis/app/Controllers/Articles.php(125): App\Libraries\GroceryCrud->render()
#5 /var/www/html/mymisdiagnosis/system/CodeIgniter.php(936): App\Controllers\Articles->posts('insert')
#6 /var/www/html/mymisdiagnosis/system/CodeIgniter.php(432): CodeIgniter\CodeIgniter->runController(Object(App\Controllers\Articles))
#7 /var/www/html/mymisdiagnosis/system/CodeIgniter.php(333): CodeIgniter\CodeIgniter->handleRequest(NULL, Object(Config\Cache), false)
#8 /var/www/html/mymisdiagnosis/index.php(44): CodeIgniter\CodeIgniter->run()
#9 {main}
INFO - 2021-12-15 23:03:55 --> Session: Class initialized using 'CodeIgniter\Session\Handlers\FileHandler' driver.
INFO - 2021-12-15 23:03:55 --> Session: Class initialized using 'CodeIgniter\Session\Handlers\FileHandler' driver.
INFO - 2021-12-15 23:03:56 --> Session: Class initialized using 'CodeIgniter\Session\Handlers\FileHandler' driver.
INFO - 2021-12-15 23:04:07 --> Session: Class initialized using 'CodeIgniter\Session\Handlers\FileHandler' driver.
INFO - 2021-12-15 23:04:07 --> Session: Class initialized using 'CodeIgniter\Session\Handlers\FileHandler' driver.
CRITICAL - 2021-12-15 23:04:07 --> Undefined variable: path_parts
#0 /var/www/html/mymisdiagnosis/app/Controllers/Articles.php(252): CodeIgniter\Debug\Exceptions->errorHandler(8, 'Undefined varia...', '/var/www/html/m...', 252, Array)
#1 [internal function]: App\Controllers\Articles->image_temp_routines_posts(Object(stdClass))
#2 /var/www/html/mymisdiagnosis/app/Libraries/GroceryCrud.php(911): call_user_func(Array, Object(stdClass))
#3 /var/www/html/mymisdiagnosis/app/Libraries/GroceryCrud.php(4557): App\Libraries\grocery_CRUD_Model_Driver->db_insert(Object(stdClass))
#4 /var/www/html/mymisdiagnosis/app/Controllers/Articles.php(125): App\Libraries\GroceryCrud->render()
#5 /var/www/html/mymisdiagnosis/system/CodeIgniter.php(936): App\Controllers\Articles->posts('insert')
#6 /var/www/html/mymisdiagnosis/system/CodeIgniter.php(432): CodeIgniter\CodeIgniter->runController(Object(App\Controllers\Articles))
#7 /var/www/html/mymisdiagnosis/system/CodeIgniter.php(333): CodeIgniter\CodeIgniter->handleRequest(NULL, Object(Config\Cache), false)
#8 /var/www/html/mymisdiagnosis/index.php(44): CodeIgniter\CodeIgniter->run()
#9 {main}
INFO - 2021-12-15 23:04:45 --> Session: Class initialized using 'CodeIgniter\Session\Handlers\FileHandler' driver.
INFO - 2021-12-15 23:04:45 --> Session: Class initialized using 'CodeIgniter\Session\Handlers\FileHandler' driver.
INFO - 2021-12-15 23:04:46 --> Session: Class initialized using 'CodeIgniter\Session\Handlers\FileHandler' driver.
INFO - 2021-12-15 23:04:58 --> Session: Class initialized using 'CodeIgniter\Session\Handlers\FileHandler' driver.
INFO - 2021-12-15 23:04:58 --> Session: Class initialized using 'CodeIgniter\Session\Handlers\FileHandler' driver.
CRITICAL - 2021-12-15 23:04:58 --> Undefined variable: path_parts
#0 /var/www/html/mymisdiagnosis/app/Controllers/Articles.php(252): CodeIgniter\Debug\Exceptions->errorHandler(8, 'Undefined varia...', '/var/www/html/m...', 252, Array)
#1 [internal function]: App\Controllers\Articles->image_temp_routines_posts(Object(stdClass))
#2 /var/www/html/mymisdiagnosis/app/Libraries/GroceryCrud.php(911): call_user_func(Array, Object(stdClass))
#3 /var/www/html/mymisdiagnosis/app/Libraries/GroceryCrud.php(4557): App\Libraries\grocery_CRUD_Model_Driver->db_insert(Object(stdClass))
#4 /var/www/html/mymisdiagnosis/app/Controllers/Articles.php(125): App\Libraries\GroceryCrud->render()
#5 /var/www/html/mymisdiagnosis/system/CodeIgniter.php(936): App\Controllers\Articles->posts('insert')
#6 /var/www/html/mymisdiagnosis/system/CodeIgniter.php(432): CodeIgniter\CodeIgniter->runController(Object(App\Controllers\Articles))
#7 /var/www/html/mymisdiagnosis/system/CodeIgniter.php(333): CodeIgniter\CodeIgniter->handleRequest(NULL, Object(Config\Cache), false)
#8 /var/www/html/mymisdiagnosis/index.php(44): CodeIgniter\CodeIgniter->run()
#9 {main}
INFO - 2021-12-15 23:07:20 --> Session: Class initialized using 'CodeIgniter\Session\Handlers\FileHandler' driver.
INFO - 2021-12-15 23:07:20 --> Session: Class initialized using 'CodeIgniter\Session\Handlers\FileHandler' driver.
INFO - 2021-12-15 23:07:20 --> Session: Class initialized using 'CodeIgniter\Session\Handlers\FileHandler' driver.
INFO - 2021-12-15 23:07:33 --> Session: Class initialized using 'CodeIgniter\Session\Handlers\FileHandler' driver.
INFO - 2021-12-15 23:07:33 --> Session: Class initialized using 'CodeIgniter\Session\Handlers\FileHandler' driver.
CRITICAL - 2021-12-15 23:07:34 --> Undefined variable: path_parts
#0 /var/www/html/mymisdiagnosis/app/Controllers/Articles.php(252): CodeIgniter\Debug\Exceptions->errorHandler(8, 'Undefined varia...', '/var/www/html/m...', 252, Array)
#1 [internal function]: App\Controllers\Articles->image_temp_routines_posts(Object(stdClass))
#2 /var/www/html/mymisdiagnosis/app/Libraries/GroceryCrud.php(911): call_user_func(Array, Object(stdClass))
#3 /var/www/html/mymisdiagnosis/app/Libraries/GroceryCrud.php(4557): App\Libraries\grocery_CRUD_Model_Driver->db_insert(Object(stdClass))
#4 /var/www/html/mymisdiagnosis/app/Controllers/Articles.php(125): App\Libraries\GroceryCrud->render()
#5 /var/www/html/mymisdiagnosis/system/CodeIgniter.php(936): App\Controllers\Articles->posts('insert')
#6 /var/www/html/mymisdiagnosis/system/CodeIgniter.php(432): CodeIgniter\CodeIgniter->runController(Object(App\Controllers\Articles))
#7 /var/www/html/mymisdiagnosis/system/CodeIgniter.php(333): CodeIgniter\CodeIgniter->handleRequest(NULL, Object(Config\Cache), false)
#8 /var/www/html/mymisdiagnosis/index.php(44): CodeIgniter\CodeIgniter->run()
#9 {main}
INFO - 2021-12-15 23:07:44 --> Session: Class initialized using 'CodeIgniter\Session\Handlers\FileHandler' driver.
INFO - 2021-12-15 23:07:45 --> Session: Class initialized using 'CodeIgniter\Session\Handlers\FileHandler' driver.
CRITICAL - 2021-12-15 23:07:45 --> rename(..//mymisdiagnosis/upload/1-1000101/temp_card_folder/field-post_image_temp.jpg,..//mymisdiagnosis/upload/1-1000101/temp_card_folder/field-post_image.jpg): No such file or directory
#0 [internal function]: CodeIgniter\Debug\Exceptions->errorHandler(2, 'rename(..//mymi...', '/var/www/html/m...', 240, Array)
#1 /var/www/html/mymisdiagnosis/app/Controllers/Articles.php(240): rename('..//mymisdiagno...', '..//mymisdiagno...')
#2 [internal function]: App\Controllers\Articles->image_temp_routines_posts(Object(stdClass))
#3 /var/www/html/mymisdiagnosis/app/Libraries/GroceryCrud.php(911): call_user_func(Array, Object(stdClass))
#4 /var/www/html/mymisdiagnosis/app/Libraries/GroceryCrud.php(4557): App\Libraries\grocery_CRUD_Model_Driver->db_insert(Object(stdClass))
#5 /var/www/html/mymisdiagnosis/app/Controllers/Articles.php(125): App\Libraries\GroceryCrud->render()
#6 /var/www/html/mymisdiagnosis/system/CodeIgniter.php(936): App\Controllers\Articles->posts('insert')
#7 /var/www/html/mymisdiagnosis/system/CodeIgniter.php(432): CodeIgniter\CodeIgniter->runController(Object(App\Controllers\Articles))
#8 /var/www/html/mymisdiagnosis/system/CodeIgniter.php(333): CodeIgniter\CodeIgniter->handleRequest(NULL, Object(Config\Cache), false)
#9 /var/www/html/mymisdiagnosis/index.php(44): CodeIgniter\CodeIgniter->run()
#10 {main}
INFO - 2021-12-15 23:08:28 --> Session: Class initialized using 'CodeIgniter\Session\Handlers\FileHandler' driver.
INFO - 2021-12-15 23:08:28 --> Session: Class initialized using 'CodeIgniter\Session\Handlers\FileHandler' driver.
CRITICAL - 2021-12-15 23:08:28 --> rename(..//mymisdiagnosis/upload/1-1000101/temp_card_folder/field-post_image_temp.jpg,..//mymisdiagnosis/upload/1-1000101/temp_card_folder/field-post_image.jpg): No such file or directory
#0 [internal function]: CodeIgniter\Debug\Exceptions->errorHandler(2, 'rename(..//mymi...', '/var/www/html/m...', 240, Array)
#1 /var/www/html/mymisdiagnosis/app/Controllers/Articles.php(240): rename('..//mymisdiagno...', '..//mymisdiagno...')
#2 [internal function]: App\Controllers\Articles->image_temp_routines_posts(Object(stdClass))
#3 /var/www/html/mymisdiagnosis/app/Libraries/GroceryCrud.php(911): call_user_func(Array, Object(stdClass))
#4 /var/www/html/mymisdiagnosis/app/Libraries/GroceryCrud.php(4557): App\Libraries\grocery_CRUD_Model_Driver->db_insert(Object(stdClass))
#5 /var/www/html/mymisdiagnosis/app/Controllers/Articles.php(125): App\Libraries\GroceryCrud->render()
#6 /var/www/html/mymisdiagnosis/system/CodeIgniter.php(936): App\Controllers\Articles->posts('insert')
#7 /var/www/html/mymisdiagnosis/system/CodeIgniter.php(432): CodeIgniter\CodeIgniter->runController(Object(App\Controllers\Articles))
#8 /var/www/html/mymisdiagnosis/system/CodeIgniter.php(333): CodeIgniter\CodeIgniter->handleRequest(NULL, Object(Config\Cache), false)
#9 /var/www/html/mymisdiagnosis/index.php(44): CodeIgniter\CodeIgniter->run()
#10 {main}
INFO - 2021-12-15 23:08:45 --> Session: Class initialized using 'CodeIgniter\Session\Handlers\FileHandler' driver.
INFO - 2021-12-15 23:08:46 --> Session: Class initialized using 'CodeIgniter\Session\Handlers\FileHandler' driver.
INFO - 2021-12-15 23:08:46 --> Session: Class initialized using 'CodeIgniter\Session\Handlers\FileHandler' driver.
INFO - 2021-12-15 23:09:00 --> Session: Class initialized using 'CodeIgniter\Session\Handlers\FileHandler' driver.
INFO - 2021-12-15 23:09:00 --> Session: Class initialized using 'CodeIgniter\Session\Handlers\FileHandler' driver.
CRITICAL - 2021-12-15 23:09:00 --> Undefined variable: path_parts
#0 /var/www/html/mymisdiagnosis/app/Controllers/Articles.php(252): CodeIgniter\Debug\Exceptions->errorHandler(8, 'Undefined varia...', '/var/www/html/m...', 252, Array)
#1 [internal function]: App\Controllers\Articles->image_temp_routines_posts(Object(stdClass))
#2 /var/www/html/mymisdiagnosis/app/Libraries/GroceryCrud.php(911): call_user_func(Array, Object(stdClass))
#3 /var/www/html/mymisdiagnosis/app/Libraries/GroceryCrud.php(4557): App\Libraries\grocery_CRUD_Model_Driver->db_insert(Object(stdClass))
#4 /var/www/html/mymisdiagnosis/app/Controllers/Articles.php(125): App\Libraries\GroceryCrud->render()
#5 /var/www/html/mymisdiagnosis/system/CodeIgniter.php(936): App\Controllers\Articles->posts('insert')
#6 /var/www/html/mymisdiagnosis/system/CodeIgniter.php(432): CodeIgniter\CodeIgniter->runController(Object(App\Controllers\Articles))
#7 /var/www/html/mymisdiagnosis/system/CodeIgniter.php(333): CodeIgniter\CodeIgniter->handleRequest(NULL, Object(Config\Cache), false)
#8 /var/www/html/mymisdiagnosis/index.php(44): CodeIgniter\CodeIgniter->run()
#9 {main}
INFO - 2021-12-15 23:12:04 --> Session: Class initialized using 'CodeIgniter\Session\Handlers\FileHandler' driver.
INFO - 2021-12-15 23:12:05 --> Session: Class initialized using 'CodeIgniter\Session\Handlers\FileHandler' driver.
INFO - 2021-12-15 23:12:05 --> Session: Class initialized using 'CodeIgniter\Session\Handlers\FileHandler' driver.
INFO - 2021-12-15 23:12:20 --> Session: Class initialized using 'CodeIgniter\Session\Handlers\FileHandler' driver.
INFO - 2021-12-15 23:12:21 --> Session: Class initialized using 'CodeIgniter\Session\Handlers\FileHandler' driver.
CRITICAL - 2021-12-15 23:12:21 --> Undefined variable: path_parts
#0 /var/www/html/mymisdiagnosis/app/Controllers/Articles.php(252): CodeIgniter\Debug\Exceptions->errorHandler(8, 'Undefined varia...', '/var/www/html/m...', 252, Array)
#1 [internal function]: App\Controllers\Articles->image_temp_routines_posts(Object(stdClass))
#2 /var/www/html/mymisdiagnosis/app/Libraries/GroceryCrud.php(911): call_user_func(Array, Object(stdClass))
#3 /var/www/html/mymisdiagnosis/app/Libraries/GroceryCrud.php(4557): App\Libraries\grocery_CRUD_Model_Driver->db_insert(Object(stdClass))
#4 /var/www/html/mymisdiagnosis/app/Controllers/Articles.php(125): App\Libraries\GroceryCrud->render()
#5 /var/www/html/mymisdiagnosis/system/CodeIgniter.php(936): App\Controllers\Articles->posts('insert')
#6 /var/www/html/mymisdiagnosis/system/CodeIgniter.php(432): CodeIgniter\CodeIgniter->runController(Object(App\Controllers\Articles))
#7 /var/www/html/mymisdiagnosis/system/CodeIgniter.php(333): CodeIgniter\CodeIgniter->handleRequest(NULL, Object(Config\Cache), false)
#8 /var/www/html/mymisdiagnosis/index.php(44): CodeIgniter\CodeIgniter->run()
#9 {main}
INFO - 2021-12-15 23:12:58 --> Session: Class initialized using 'CodeIgniter\Session\Handlers\FileHandler' driver.
INFO - 2021-12-15 23:12:58 --> Session: Class initialized using 'CodeIgniter\Session\Handlers\FileHandler' driver.
CRITICAL - 2021-12-15 23:12:58 --> rename(..//mymisdiagnosis/upload/1-1000101/temp_card_folder/field-post_image_temp.jpg,..//mymisdiagnosis/upload/1-1000101/temp_card_folder/field-post_image.jpg): No such file or directory
#0 [internal function]: CodeIgniter\Debug\Exceptions->errorHandler(2, 'rename(..//mymi...', '/var/www/html/m...', 240, Array)
#1 /var/www/html/mymisdiagnosis/app/Controllers/Articles.php(240): rename('..//mymisdiagno...', '..//mymisdiagno...')
#2 [internal function]: App\Controllers\Articles->image_temp_routines_posts(Object(stdClass))
#3 /var/www/html/mymisdiagnosis/app/Libraries/GroceryCrud.php(911): call_user_func(Array, Object(stdClass))
#4 /var/www/html/mymisdiagnosis/app/Libraries/GroceryCrud.php(4557): App\Libraries\grocery_CRUD_Model_Driver->db_insert(Object(stdClass))
#5 /var/www/html/mymisdiagnosis/app/Controllers/Articles.php(125): App\Libraries\GroceryCrud->render()
#6 /var/www/html/mymisdiagnosis/system/CodeIgniter.php(936): App\Controllers\Articles->posts('insert')
#7 /var/www/html/mymisdiagnosis/system/CodeIgniter.php(432): CodeIgniter\CodeIgniter->runController(Object(App\Controllers\Articles))
#8 /var/www/html/mymisdiagnosis/system/CodeIgniter.php(333): CodeIgniter\CodeIgniter->handleRequest(NULL, Object(Config\Cache), false)
#9 /var/www/html/mymisdiagnosis/index.php(44): CodeIgniter\CodeIgniter->run()
#10 {main}
INFO - 2021-12-15 23:13:04 --> Session: Class initialized using 'CodeIgniter\Session\Handlers\FileHandler' driver.
INFO - 2021-12-15 23:13:04 --> Session: Class initialized using 'CodeIgniter\Session\Handlers\FileHandler' driver.
CRITICAL - 2021-12-15 23:13:04 --> rename(..//mymisdiagnosis/upload/1-1000101/temp_card_folder/field-post_image_temp.jpg,..//mymisdiagnosis/upload/1-1000101/temp_card_folder/field-post_image.jpg): No such file or directory
#0 [internal function]: CodeIgniter\Debug\Exceptions->errorHandler(2, 'rename(..//mymi...', '/var/www/html/m...', 240, Array)
#1 /var/www/html/mymisdiagnosis/app/Controllers/Articles.php(240): rename('..//mymisdiagno...', '..//mymisdiagno...')
#2 [internal function]: App\Controllers\Articles->image_temp_routines_posts(Object(stdClass))
#3 /var/www/html/mymisdiagnosis/app/Libraries/GroceryCrud.php(911): call_user_func(Array, Object(stdClass))
#4 /var/www/html/mymisdiagnosis/app/Libraries/GroceryCrud.php(4557): App\Libraries\grocery_CRUD_Model_Driver->db_insert(Object(stdClass))
#5 /var/www/html/mymisdiagnosis/app/Controllers/Articles.php(125): App\Libraries\GroceryCrud->render()
#6 /var/www/html/mymisdiagnosis/system/CodeIgniter.php(936): App\Controllers\Articles->posts('insert')
#7 /var/www/html/mymisdiagnosis/system/CodeIgniter.php(432): CodeIgniter\CodeIgniter->runController(Object(App\Controllers\Articles))
#8 /var/www/html/mymisdiagnosis/system/CodeIgniter.php(333): CodeIgniter\CodeIgniter->handleRequest(NULL, Object(Config\Cache), false)
#9 /var/www/html/mymisdiagnosis/index.php(44): CodeIgniter\CodeIgniter->run()
#10 {main}
INFO - 2021-12-15 23:13:32 --> Session: Class initialized using 'CodeIgniter\Session\Handlers\FileHandler' driver.
INFO - 2021-12-15 23:13:32 --> Session: Class initialized using 'CodeIgniter\Session\Handlers\FileHandler' driver.
CRITICAL - 2021-12-15 23:13:32 --> rename(..//mymisdiagnosis/upload/1-1000101/temp_card_folder/field-post_image_temp.jpg,..//mymisdiagnosis/upload/1-1000101/temp_card_folder/field-post_image.jpg): No such file or directory
#0 [internal function]: CodeIgniter\Debug\Exceptions->errorHandler(2, 'rename(..//mymi...', '/var/www/html/m...', 240, Array)
#1 /var/www/html/mymisdiagnosis/app/Controllers/Articles.php(240): rename('..//mymisdiagno...', '..//mymisdiagno...')
#2 [internal function]: App\Controllers\Articles->image_temp_routines_posts(Object(stdClass))
#3 /var/www/html/mymisdiagnosis/app/Libraries/GroceryCrud.php(911): call_user_func(Array, Object(stdClass))
#4 /var/www/html/mymisdiagnosis/app/Libraries/GroceryCrud.php(4557): App\Libraries\grocery_CRUD_Model_Driver->db_insert(Object(stdClass))
#5 /var/www/html/mymisdiagnosis/app/Controllers/Articles.php(125): App\Libraries\GroceryCrud->render()
#6 /var/www/html/mymisdiagnosis/system/CodeIgniter.php(936): App\Controllers\Articles->posts('insert')
#7 /var/www/html/mymisdiagnosis/system/CodeIgniter.php(432): CodeIgniter\CodeIgniter->runController(Object(App\Controllers\Articles))
#8 /var/www/html/mymisdiagnosis/system/CodeIgniter.php(333): CodeIgniter\CodeIgniter->handleRequest(NULL, Object(Config\Cache), false)
#9 /var/www/html/mymisdiagnosis/index.php(44): CodeIgniter\CodeIgniter->run()
#10 {main}
INFO - 2021-12-15 23:14:29 --> Session: Class initialized using 'CodeIgniter\Session\Handlers\FileHandler' driver.
INFO - 2021-12-15 23:14:30 --> Session: Class initialized using 'CodeIgniter\Session\Handlers\FileHandler' driver.
CRITICAL - 2021-12-15 23:14:30 --> rename(..//mymisdiagnosis/upload/1-1000101/temp_card_folder/field-post_image_temp.jpg,..//mymisdiagnosis/upload/1-1000101/temp_card_folder/field-post_image.jpg): No such file or directory
#0 [internal function]: CodeIgniter\Debug\Exceptions->errorHandler(2, 'rename(..//mymi...', '/var/www/html/m...', 240, Array)
#1 /var/www/html/mymisdiagnosis/app/Controllers/Articles.php(240): rename('..//mymisdiagno...', '..//mymisdiagno...')
#2 [internal function]: App\Controllers\Articles->image_temp_routines_posts(Object(stdClass))
#3 /var/www/html/mymisdiagnosis/app/Libraries/GroceryCrud.php(911): call_user_func(Array, Object(stdClass))
#4 /var/www/html/mymisdiagnosis/app/Libraries/GroceryCrud.php(4557): App\Libraries\grocery_CRUD_Model_Driver->db_insert(Object(stdClass))
#5 /var/www/html/mymisdiagnosis/app/Controllers/Articles.php(125): App\Libraries\GroceryCrud->render()
#6 /var/www/html/mymisdiagnosis/system/CodeIgniter.php(936): App\Controllers\Articles->posts('insert')
#7 /var/www/html/mymisdiagnosis/system/CodeIgniter.php(432): CodeIgniter\CodeIgniter->runController(Object(App\Controllers\Articles))
#8 /var/www/html/mymisdiagnosis/system/CodeIgniter.php(333): CodeIgniter\CodeIgniter->handleRequest(NULL, Object(Config\Cache), false)
#9 /var/www/html/mymisdiagnosis/index.php(44): CodeIgniter\CodeIgniter->run()
#10 {main}
INFO - 2021-12-15 23:15:22 --> Session: Class initialized using 'CodeIgniter\Session\Handlers\FileHandler' driver.
INFO - 2021-12-15 23:15:22 --> Session: Class initialized using 'CodeIgniter\Session\Handlers\FileHandler' driver.
INFO - 2021-12-15 23:15:22 --> Session: Class initialized using 'CodeIgniter\Session\Handlers\FileHandler' driver.
INFO - 2021-12-15 23:16:25 --> Session: Class initialized using 'CodeIgniter\Session\Handlers\FileHandler' driver.
INFO - 2021-12-15 23:16:25 --> Session: Class initialized using 'CodeIgniter\Session\Handlers\FileHandler' driver.
CRITICAL - 2021-12-15 23:16:25 --> Undefined variable: path_parts
#0 /var/www/html/mymisdiagnosis/app/Controllers/Articles.php(252): CodeIgniter\Debug\Exceptions->errorHandler(8, 'Undefined varia...', '/var/www/html/m...', 252, Array)
#1 [internal function]: App\Controllers\Articles->image_temp_routines_posts(Object(stdClass))
#2 /var/www/html/mymisdiagnosis/app/Libraries/GroceryCrud.php(911): call_user_func(Array, Object(stdClass))
#3 /var/www/html/mymisdiagnosis/app/Libraries/GroceryCrud.php(4557): App\Libraries\grocery_CRUD_Model_Driver->db_insert(Object(stdClass))
#4 /var/www/html/mymisdiagnosis/app/Controllers/Articles.php(125): App\Libraries\GroceryCrud->render()
#5 /var/www/html/mymisdiagnosis/system/CodeIgniter.php(936): App\Controllers\Articles->posts('insert')
#6 /var/www/html/mymisdiagnosis/system/CodeIgniter.php(432): CodeIgniter\CodeIgniter->runController(Object(App\Controllers\Articles))
#7 /var/www/html/mymisdiagnosis/system/CodeIgniter.php(333): CodeIgniter\CodeIgniter->handleRequest(NULL, Object(Config\Cache), false)
#8 /var/www/html/mymisdiagnosis/index.php(44): CodeIgniter\CodeIgniter->run()
#9 {main}
INFO - 2021-12-15 23:27:01 --> Session: Class initialized using 'CodeIgniter\Session\Handlers\FileHandler' driver.
INFO - 2021-12-15 23:27:01 --> Session: Class initialized using 'CodeIgniter\Session\Handlers\FileHandler' driver.
INFO - 2021-12-15 23:31:58 --> Session: Class initialized using 'CodeIgniter\Session\Handlers\FileHandler' driver.
INFO - 2021-12-15 23:31:58 --> Session: Class initialized using 'CodeIgniter\Session\Handlers\FileHandler' driver.
INFO - 2021-12-15 23:32:03 --> Session: Class initialized using 'CodeIgniter\Session\Handlers\FileHandler' driver.
INFO - 2021-12-15 23:32:04 --> Session: Class initialized using 'CodeIgniter\Session\Handlers\FileHandler' driver.
INFO - 2021-12-15 23:32:04 --> Session: Class initialized using 'CodeIgniter\Session\Handlers\FileHandler' driver.
INFO - 2021-12-15 23:32:14 --> Session: Class initialized using 'CodeIgniter\Session\Handlers\FileHandler' driver.
INFO - 2021-12-15 23:32:16 --> Session: Class initialized using 'CodeIgniter\Session\Handlers\FileHandler' driver.
INFO - 2021-12-15 23:32:17 --> Session: Class initialized using 'CodeIgniter\Session\Handlers\FileHandler' driver.
INFO - 2021-12-15 23:32:17 --> Session: Class initialized using 'CodeIgniter\Session\Handlers\FileHandler' driver.
INFO - 2021-12-15 23:32:32 --> Session: Class initialized using 'CodeIgniter\Session\Handlers\FileHandler' driver.
INFO - 2021-12-15 23:32:32 --> Session: Class initialized using 'CodeIgniter\Session\Handlers\FileHandler' driver.
CRITICAL - 2021-12-15 23:32:32 --> Undefined variable: path_parts
#0 /var/www/html/mymisdiagnosis/app/Controllers/Articles.php(251): CodeIgniter\Debug\Exceptions->errorHandler(8, 'Undefined varia...', '/var/www/html/m...', 251, Array)
#1 [internal function]: App\Controllers\Articles->image_temp_routines_posts(Object(stdClass))
#2 /var/www/html/mymisdiagnosis/app/Libraries/GroceryCrud.php(911): call_user_func(Array, Object(stdClass))
#3 /var/www/html/mymisdiagnosis/app/Libraries/GroceryCrud.php(4557): App\Libraries\grocery_CRUD_Model_Driver->db_insert(Object(stdClass))
#4 /var/www/html/mymisdiagnosis/app/Controllers/Articles.php(125): App\Libraries\GroceryCrud->render()
#5 /var/www/html/mymisdiagnosis/system/CodeIgniter.php(936): App\Controllers\Articles->posts('insert')
#6 /var/www/html/mymisdiagnosis/system/CodeIgniter.php(432): CodeIgniter\CodeIgniter->runController(Object(App\Controllers\Articles))
#7 /var/www/html/mymisdiagnosis/system/CodeIgniter.php(333): CodeIgniter\CodeIgniter->handleRequest(NULL, Object(Config\Cache), false)
#8 /var/www/html/mymisdiagnosis/index.php(44): CodeIgniter\CodeIgniter->run()
#9 {main}
INFO - 2021-12-15 23:35:22 --> Session: Class initialized using 'CodeIgniter\Session\Handlers\FileHandler' driver.
INFO - 2021-12-15 23:35:22 --> Session: Class initialized using 'CodeIgniter\Session\Handlers\FileHandler' driver.
CRITICAL - 2021-12-15 23:35:22 --> rename(..//mymisdiagnosis/upload/1-1000101/temp_card_folder/field-post_image_temp.jpg,..//mymisdiagnosis/upload/1-1000101/temp_card_folder/field-post_image.jpg): No such file or directory
#0 [internal function]: CodeIgniter\Debug\Exceptions->errorHandler(2, 'rename(..//mymi...', '/var/www/html/m...', 239, Array)
#1 /var/www/html/mymisdiagnosis/app/Controllers/Articles.php(239): rename('..//mymisdiagno...', '..//mymisdiagno...')
#2 [internal function]: App\Controllers\Articles->image_temp_routines_posts(Object(stdClass))
#3 /var/www/html/mymisdiagnosis/app/Libraries/GroceryCrud.php(911): call_user_func(Array, Object(stdClass))
#4 /var/www/html/mymisdiagnosis/app/Libraries/GroceryCrud.php(4557): App\Libraries\grocery_CRUD_Model_Driver->db_insert(Object(stdClass))
#5 /var/www/html/mymisdiagnosis/app/Controllers/Articles.php(125): App\Libraries\GroceryCrud->render()
#6 /var/www/html/mymisdiagnosis/system/CodeIgniter.php(936): App\Controllers\Articles->posts('insert')
#7 /var/www/html/mymisdiagnosis/system/CodeIgniter.php(432): CodeIgniter\CodeIgniter->runController(Object(App\Controllers\Articles))
#8 /var/www/html/mymisdiagnosis/system/CodeIgniter.php(333): CodeIgniter\CodeIgniter->handleRequest(NULL, Object(Config\Cache), false)
#9 /var/www/html/mymisdiagnosis/index.php(44): CodeIgniter\CodeIgniter->run()
#10 {main}
INFO - 2021-12-15 23:35:35 --> Session: Class initialized using 'CodeIgniter\Session\Handlers\FileHandler' driver.
INFO - 2021-12-15 23:35:35 --> Session: Class initialized using 'CodeIgniter\Session\Handlers\FileHandler' driver.
INFO - 2021-12-15 23:35:35 --> Session: Class initialized using 'CodeIgniter\Session\Handlers\FileHandler' driver.
INFO - 2021-12-15 23:35:50 --> Session: Class initialized using 'CodeIgniter\Session\Handlers\FileHandler' driver.
INFO - 2021-12-15 23:35:50 --> Session: Class initialized using 'CodeIgniter\Session\Handlers\FileHandler' driver.
CRITICAL - 2021-12-15 23:35:50 --> Undefined variable: path_parts
#0 /var/www/html/mymisdiagnosis/app/Controllers/Articles.php(251): CodeIgniter\Debug\Exceptions->errorHandler(8, 'Undefined varia...', '/var/www/html/m...', 251, Array)
#1 [internal function]: App\Controllers\Articles->image_temp_routines_posts(Object(stdClass))
#2 /var/www/html/mymisdiagnosis/app/Libraries/GroceryCrud.php(911): call_user_func(Array, Object(stdClass))
#3 /var/www/html/mymisdiagnosis/app/Libraries/GroceryCrud.php(4557): App\Libraries\grocery_CRUD_Model_Driver->db_insert(Object(stdClass))
#4 /var/www/html/mymisdiagnosis/app/Controllers/Articles.php(125): App\Libraries\GroceryCrud->render()
#5 /var/www/html/mymisdiagnosis/system/CodeIgniter.php(936): App\Controllers\Articles->posts('insert')
#6 /var/www/html/mymisdiagnosis/system/CodeIgniter.php(432): CodeIgniter\CodeIgniter->runController(Object(App\Controllers\Articles))
#7 /var/www/html/mymisdiagnosis/system/CodeIgniter.php(333): CodeIgniter\CodeIgniter->handleRequest(NULL, Object(Config\Cache), false)
#8 /var/www/html/mymisdiagnosis/index.php(44): CodeIgniter\CodeIgniter->run()
#9 {main}
INFO - 2021-12-15 23:35:57 --> Session: Class initialized using 'CodeIgniter\Session\Handlers\FileHandler' driver.
INFO - 2021-12-15 23:35:58 --> Session: Class initialized using 'CodeIgniter\Session\Handlers\FileHandler' driver.
INFO - 2021-12-15 23:35:58 --> Session: Class initialized using 'CodeIgniter\Session\Handlers\FileHandler' driver.
INFO - 2021-12-15 23:36:07 --> Session: Class initialized using 'CodeIgniter\Session\Handlers\FileHandler' driver.
INFO - 2021-12-15 23:36:07 --> Session: Class initialized using 'CodeIgniter\Session\Handlers\FileHandler' driver.
INFO - 2021-12-15 23:36:10 --> Session: Class initialized using 'CodeIgniter\Session\Handlers\FileHandler' driver.
INFO - 2021-12-15 23:36:13 --> Session: Class initialized using 'CodeIgniter\Session\Handlers\FileHandler' driver.
INFO - 2021-12-15 23:36:14 --> Session: Class initialized using 'CodeIgniter\Session\Handlers\FileHandler' driver.
INFO - 2021-12-15 23:36:14 --> Session: Class initialized using 'CodeIgniter\Session\Handlers\FileHandler' driver.
INFO - 2021-12-15 23:36:48 --> Session: Class initialized using 'CodeIgniter\Session\Handlers\FileHandler' driver.
INFO - 2021-12-15 23:36:48 --> Session: Class initialized using 'CodeIgniter\Session\Handlers\FileHandler' driver.
CRITICAL - 2021-12-15 23:36:48 --> Undefined variable: path_parts
#0 /var/www/html/mymisdiagnosis/app/Controllers/Articles.php(251): CodeIgniter\Debug\Exceptions->errorHandler(8, 'Undefined varia...', '/var/www/html/m...', 251, Array)
#1 [internal function]: App\Controllers\Articles->image_temp_routines_posts(Object(stdClass))
#2 /var/www/html/mymisdiagnosis/app/Libraries/GroceryCrud.php(1049): call_user_func(Array, Object(stdClass))
#3 /var/www/html/mymisdiagnosis/app/Libraries/GroceryCrud.php(4570): App\Libraries\grocery_CRUD_Model_Driver->db_update(Object(stdClass))
#4 /var/www/html/mymisdiagnosis/app/Controllers/Articles.php(125): App\Libraries\GroceryCrud->render()
#5 /var/www/html/mymisdiagnosis/system/CodeIgniter.php(936): App\Controllers\Articles->posts('update', '18')
#6 /var/www/html/mymisdiagnosis/system/CodeIgniter.php(432): CodeIgniter\CodeIgniter->runController(Object(App\Controllers\Articles))
#7 /var/www/html/mymisdiagnosis/system/CodeIgniter.php(333): CodeIgniter\CodeIgniter->handleRequest(NULL, Object(Config\Cache), false)
#8 /var/www/html/mymisdiagnosis/index.php(44): CodeIgniter\CodeIgniter->run()
#9 {main}
INFO - 2021-12-15 23:45:56 --> Session: Class initialized using 'CodeIgniter\Session\Handlers\FileHandler' driver.
INFO - 2021-12-15 23:45:56 --> Session: Class initialized using 'CodeIgniter\Session\Handlers\FileHandler' driver.
INFO - 2021-12-15 23:45:57 --> Session: Class initialized using 'CodeIgniter\Session\Handlers\FileHandler' driver.
INFO - 2021-12-15 23:46:03 --> Session: Class initialized using 'CodeIgniter\Session\Handlers\FileHandler' driver.
INFO - 2021-12-15 23:46:06 --> Session: Class initialized using 'CodeIgniter\Session\Handlers\FileHandler' driver.
INFO - 2021-12-15 23:46:07 --> Session: Class initialized using 'CodeIgniter\Session\Handlers\FileHandler' driver.
INFO - 2021-12-15 23:46:07 --> Session: Class initialized using 'CodeIgniter\Session\Handlers\FileHandler' driver.
INFO - 2021-12-15 23:46:32 --> Session: Class initialized using 'CodeIgniter\Session\Handlers\FileHandler' driver.
INFO - 2021-12-15 23:46:32 --> Session: Class initialized using 'CodeIgniter\Session\Handlers\FileHandler' driver.
CRITICAL - 2021-12-15 23:46:32 --> Undefined variable: path_parts
#0 /var/www/html/mymisdiagnosis/app/Controllers/Articles.php(251): CodeIgniter\Debug\Exceptions->errorHandler(8, 'Undefined varia...', '/var/www/html/m...', 251, Array)
#1 [internal function]: App\Controllers\Articles->image_temp_routines_posts(Object(stdClass))
#2 /var/www/html/mymisdiagnosis/app/Libraries/GroceryCrud.php(911): call_user_func(Array, Object(stdClass))
#3 /var/www/html/mymisdiagnosis/app/Libraries/GroceryCrud.php(4557): App\Libraries\grocery_CRUD_Model_Driver->db_insert(Object(stdClass))
#4 /var/www/html/mymisdiagnosis/app/Controllers/Articles.php(125): App\Libraries\GroceryCrud->render()
#5 /var/www/html/mymisdiagnosis/system/CodeIgniter.php(936): App\Controllers\Articles->posts('insert')
#6 /var/www/html/mymisdiagnosis/system/CodeIgniter.php(432): CodeIgniter\CodeIgniter->runController(Object(App\Controllers\Articles))
#7 /var/www/html/mymisdiagnosis/system/CodeIgniter.php(333): CodeIgniter\CodeIgniter->handleRequest(NULL, Object(Config\Cache), false)
#8 /var/www/html/mymisdiagnosis/index.php(44): CodeIgniter\CodeIgniter->run()
#9 {main}
INFO - 2021-12-15 23:51:57 --> Session: Class initialized using 'CodeIgniter\Session\Handlers\FileHandler' driver.
INFO - 2021-12-15 23:51:57 --> Session: Class initialized using 'CodeIgniter\Session\Handlers\FileHandler' driver.
INFO - 2021-12-15 23:52:03 --> Session: Class initialized using 'CodeIgniter\Session\Handlers\FileHandler' driver.
INFO - 2021-12-15 23:52:04 --> Session: Class initialized using 'CodeIgniter\Session\Handlers\FileHandler' driver.
INFO - 2021-12-15 23:52:04 --> Session: Class initialized using 'CodeIgniter\Session\Handlers\FileHandler' driver.
INFO - 2021-12-15 23:52:11 --> Session: Class initialized using 'CodeIgniter\Session\Handlers\FileHandler' driver.
INFO - 2021-12-15 23:52:15 --> Session: Class initialized using 'CodeIgniter\Session\Handlers\FileHandler' driver.
INFO - 2021-12-15 23:52:16 --> Session: Class initialized using 'CodeIgniter\Session\Handlers\FileHandler' driver.
INFO - 2021-12-15 23:52:16 --> Session: Class initialized using 'CodeIgniter\Session\Handlers\FileHandler' driver.
INFO - 2021-12-15 23:52:30 --> Session: Class initialized using 'CodeIgniter\Session\Handlers\FileHandler' driver.
INFO - 2021-12-15 23:52:30 --> Session: Class initialized using 'CodeIgniter\Session\Handlers\FileHandler' driver.
INFO - 2021-12-15 23:52:30 --> Session: Class initialized using 'CodeIgniter\Session\Handlers\FileHandler' driver.
INFO - 2021-12-15 23:52:48 --> Session: Class initialized using 'CodeIgniter\Session\Handlers\FileHandler' driver.
INFO - 2021-12-15 23:52:49 --> Session: Class initialized using 'CodeIgniter\Session\Handlers\FileHandler' driver.
INFO - 2021-12-15 23:52:51 --> Session: Class initialized using 'CodeIgniter\Session\Handlers\FileHandler' driver.
INFO - 2021-12-15 23:52:51 --> Session: Class initialized using 'CodeIgniter\Session\Handlers\FileHandler' driver.
INFO - 2021-12-15 23:52:51 --> Session: Class initialized using 'CodeIgniter\Session\Handlers\FileHandler' driver.
INFO - 2021-12-15 23:53:42 --> Session: Class initialized using 'CodeIgniter\Session\Handlers\FileHandler' driver.
INFO - 2021-12-15 23:53:42 --> Session: Class initialized using 'CodeIgniter\Session\Handlers\FileHandler' driver.
INFO - 2021-12-15 23:53:44 --> Session: Class initialized using 'CodeIgniter\Session\Handlers\FileHandler' driver.
INFO - 2021-12-15 23:53:44 --> Session: Class initialized using 'CodeIgniter\Session\Handlers\FileHandler' driver.
INFO - 2021-12-15 23:53:44 --> Session: Class initialized using 'CodeIgniter\Session\Handlers\FileHandler' driver.
INFO - 2021-12-15 23:53:56 --> Session: Class initialized using 'CodeIgniter\Session\Handlers\FileHandler' driver.
INFO - 2021-12-15 23:53:56 --> Session: Class initialized using 'CodeIgniter\Session\Handlers\FileHandler' driver.
INFO - 2021-12-15 23:53:57 --> Session: Class initialized using 'CodeIgniter\Session\Handlers\FileHandler' driver.
INFO - 2021-12-15 23:54:41 --> Session: Class initialized using 'CodeIgniter\Session\Handlers\FileHandler' driver.
INFO - 2021-12-15 23:54:41 --> Session: Class initialized using 'CodeIgniter\Session\Handlers\FileHandler' driver.
INFO - 2021-12-15 23:54:42 --> Session: Class initialized using 'CodeIgniter\Session\Handlers\FileHandler' driver.
INFO - 2021-12-15 23:56:16 --> Session: Class initialized using 'CodeIgniter\Session\Handlers\FileHandler' driver.
INFO - 2021-12-15 23:56:16 --> Session: Class initialized using 'CodeIgniter\Session\Handlers\FileHandler' driver.
INFO - 2021-12-15 23:56:18 --> Session: Class initialized using 'CodeIgniter\Session\Handlers\FileHandler' driver.
INFO - 2021-12-15 23:56:18 --> Session: Class initialized using 'CodeIgniter\Session\Handlers\FileHandler' driver.
INFO - 2021-12-15 23:56:18 --> Session: Class initialized using 'CodeIgniter\Session\Handlers\FileHandler' driver.
INFO - 2021-12-15 23:57:59 --> Session: Class initialized using 'CodeIgniter\Session\Handlers\FileHandler' driver.
INFO - 2021-12-15 23:58:00 --> Session: Class initialized using 'CodeIgniter\Session\Handlers\FileHandler' driver.
INFO - 2021-12-15 23:58:02 --> Session: Class initialized using 'CodeIgniter\Session\Handlers\FileHandler' driver.
INFO - 2021-12-15 23:58:02 --> Session: Class initialized using 'CodeIgniter\Session\Handlers\FileHandler' driver.
INFO - 2021-12-15 23:58:32 --> Session: Class initialized using 'CodeIgniter\Session\Handlers\FileHandler' driver.
INFO - 2021-12-15 23:58:32 --> Session: Class initialized using 'CodeIgniter\Session\Handlers\FileHandler' driver.
INFO - 2021-12-15 23:58:32 --> Session: Class initialized using 'CodeIgniter\Session\Handlers\FileHandler' driver.
INFO - 2021-12-15 23:58:49 --> Session: Class initialized using 'CodeIgniter\Session\Handlers\FileHandler' driver.
INFO - 2021-12-15 23:58:49 --> Session: Class initialized using 'CodeIgniter\Session\Handlers\FileHandler' driver.
INFO - 2021-12-15 23:59:28 --> Session: Class initialized using 'CodeIgniter\Session\Handlers\FileHandler' driver.
INFO - 2021-12-15 23:59:28 --> Session: Class initialized using 'CodeIgniter\Session\Handlers\FileHandler' driver.
INFO - 2021-12-15 23:59:28 --> Session: Class initialized using 'CodeIgniter\Session\Handlers\FileHandler' driver.
INFO - 2021-12-15 23:59:53 --> Session: Class initialized using 'CodeIgniter\Session\Handlers\FileHandler' driver.
INFO - 2021-12-15 23:59:54 --> Session: Class initialized using 'CodeIgniter\Session\Handlers\FileHandler' driver.
INFO - 2021-12-15 23:59:54 --> Session: Class initialized using 'CodeIgniter\Session\Handlers\FileHandler' driver.
