INFO - 2022-01-03 10:14:00 --> Session: Class initialized using 'CodeIgniter\Session\Handlers\FileHandler' driver.
INFO - 2022-01-03 10:14:04 --> Session: Class initialized using 'CodeIgniter\Session\Handlers\FileHandler' driver.
INFO - 2022-01-03 10:14:05 --> Session: Class initialized using 'CodeIgniter\Session\Handlers\FileHandler' driver.
INFO - 2022-01-03 10:14:24 --> Session: Class initialized using 'CodeIgniter\Session\Handlers\FileHandler' driver.
INFO - 2022-01-03 10:14:24 --> Session: Class initialized using 'CodeIgniter\Session\Handlers\FileHandler' driver.
INFO - 2022-01-03 10:14:34 --> Session: Class initialized using 'CodeIgniter\Session\Handlers\FileHandler' driver.
INFO - 2022-01-03 10:15:00 --> Session: Class initialized using 'CodeIgniter\Session\Handlers\FileHandler' driver.
INFO - 2022-01-03 10:15:00 --> Session: Class initialized using 'CodeIgniter\Session\Handlers\FileHandler' driver.
INFO - 2022-01-03 10:16:11 --> Session: Class initialized using 'CodeIgniter\Session\Handlers\FileHandler' driver.
INFO - 2022-01-03 10:16:11 --> Session: Class initialized using 'CodeIgniter\Session\Handlers\FileHandler' driver.
INFO - 2022-01-03 10:16:11 --> Session: Class initialized using 'CodeIgniter\Session\Handlers\FileHandler' driver.
INFO - 2022-01-03 10:16:16 --> Session: Class initialized using 'CodeIgniter\Session\Handlers\FileHandler' driver.
INFO - 2022-01-03 10:16:19 --> Session: Class initialized using 'CodeIgniter\Session\Handlers\FileHandler' driver.
INFO - 2022-01-03 10:16:19 --> Session: Class initialized using 'CodeIgniter\Session\Handlers\FileHandler' driver.
INFO - 2022-01-03 10:16:20 --> Session: Class initialized using 'CodeIgniter\Session\Handlers\FileHandler' driver.
INFO - 2022-01-03 10:16:22 --> Session: Class initialized using 'CodeIgniter\Session\Handlers\FileHandler' driver.
INFO - 2022-01-03 10:16:52 --> Session: Class initialized using 'CodeIgniter\Session\Handlers\FileHandler' driver.
INFO - 2022-01-03 10:16:55 --> Session: Class initialized using 'CodeIgniter\Session\Handlers\FileHandler' driver.
INFO - 2022-01-03 10:16:55 --> Session: Class initialized using 'CodeIgniter\Session\Handlers\FileHandler' driver.
INFO - 2022-01-03 10:17:21 --> Session: Class initialized using 'CodeIgniter\Session\Handlers\FileHandler' driver.
INFO - 2022-01-03 10:17:21 --> Session: Class initialized using 'CodeIgniter\Session\Handlers\FileHandler' driver.
INFO - 2022-01-03 10:17:41 --> Session: Class initialized using 'CodeIgniter\Session\Handlers\FileHandler' driver.
INFO - 2022-01-03 10:17:41 --> Session: Class initialized using 'CodeIgniter\Session\Handlers\FileHandler' driver.
INFO - 2022-01-03 10:17:41 --> Session: Class initialized using 'CodeIgniter\Session\Handlers\FileHandler' driver.
INFO - 2022-01-03 10:17:49 --> Session: Class initialized using 'CodeIgniter\Session\Handlers\FileHandler' driver.
INFO - 2022-01-03 10:17:51 --> Session: Class initialized using 'CodeIgniter\Session\Handlers\FileHandler' driver.
INFO - 2022-01-03 10:17:51 --> Session: Class initialized using 'CodeIgniter\Session\Handlers\FileHandler' driver.
INFO - 2022-01-03 10:17:52 --> Session: Class initialized using 'CodeIgniter\Session\Handlers\FileHandler' driver.
INFO - 2022-01-03 10:18:13 --> Session: Class initialized using 'CodeIgniter\Session\Handlers\FileHandler' driver.
INFO - 2022-01-03 10:19:47 --> Session: Class initialized using 'CodeIgniter\Session\Handlers\FileHandler' driver.
INFO - 2022-01-03 10:19:48 --> Session: Class initialized using 'CodeIgniter\Session\Handlers\FileHandler' driver.
INFO - 2022-01-03 10:20:11 --> Session: Class initialized using 'CodeIgniter\Session\Handlers\FileHandler' driver.
INFO - 2022-01-03 10:20:11 --> Session: Class initialized using 'CodeIgniter\Session\Handlers\FileHandler' driver.
INFO - 2022-01-03 10:20:11 --> Session: Class initialized using 'CodeIgniter\Session\Handlers\FileHandler' driver.
INFO - 2022-01-03 10:20:19 --> Session: Class initialized using 'CodeIgniter\Session\Handlers\FileHandler' driver.
INFO - 2022-01-03 10:20:48 --> Session: Class initialized using 'CodeIgniter\Session\Handlers\FileHandler' driver.
INFO - 2022-01-03 10:20:49 --> Session: Class initialized using 'CodeIgniter\Session\Handlers\FileHandler' driver.
INFO - 2022-01-03 10:21:00 --> Session: Class initialized using 'CodeIgniter\Session\Handlers\FileHandler' driver.
INFO - 2022-01-03 10:21:01 --> Session: Class initialized using 'CodeIgniter\Session\Handlers\FileHandler' driver.
INFO - 2022-01-03 10:21:01 --> Session: Class initialized using 'CodeIgniter\Session\Handlers\FileHandler' driver.
INFO - 2022-01-03 10:21:08 --> Session: Class initialized using 'CodeIgniter\Session\Handlers\FileHandler' driver.
INFO - 2022-01-03 10:25:31 --> Session: Class initialized using 'CodeIgniter\Session\Handlers\FileHandler' driver.
INFO - 2022-01-03 10:25:32 --> Session: Class initialized using 'CodeIgniter\Session\Handlers\FileHandler' driver.
INFO - 2022-01-03 10:26:01 --> Session: Class initialized using 'CodeIgniter\Session\Handlers\FileHandler' driver.
INFO - 2022-01-03 10:26:01 --> Session: Class initialized using 'CodeIgniter\Session\Handlers\FileHandler' driver.
INFO - 2022-01-03 10:26:01 --> Session: Class initialized using 'CodeIgniter\Session\Handlers\FileHandler' driver.
INFO - 2022-01-03 10:26:04 --> Session: Class initialized using 'CodeIgniter\Session\Handlers\FileHandler' driver.
INFO - 2022-01-03 10:26:21 --> Session: Class initialized using 'CodeIgniter\Session\Handlers\FileHandler' driver.
INFO - 2022-01-03 10:51:16 --> Session: Class initialized using 'CodeIgniter\Session\Handlers\FileHandler' driver.
INFO - 2022-01-03 10:51:21 --> Session: Class initialized using 'CodeIgniter\Session\Handlers\FileHandler' driver.
INFO - 2022-01-03 10:51:22 --> Session: Class initialized using 'CodeIgniter\Session\Handlers\FileHandler' driver.
INFO - 2022-01-03 10:51:23 --> Session: Class initialized using 'CodeIgniter\Session\Handlers\FileHandler' driver.
INFO - 2022-01-03 10:51:24 --> Session: Class initialized using 'CodeIgniter\Session\Handlers\FileHandler' driver.
INFO - 2022-01-03 10:51:38 --> Session: Class initialized using 'CodeIgniter\Session\Handlers\FileHandler' driver.
INFO - 2022-01-03 10:51:38 --> Session: Class initialized using 'CodeIgniter\Session\Handlers\FileHandler' driver.
INFO - 2022-01-03 10:51:38 --> Session: Class initialized using 'CodeIgniter\Session\Handlers\FileHandler' driver.
INFO - 2022-01-03 10:51:56 --> Session: Class initialized using 'CodeIgniter\Session\Handlers\FileHandler' driver.
INFO - 2022-01-03 10:52:19 --> Session: Class initialized using 'CodeIgniter\Session\Handlers\FileHandler' driver.
INFO - 2022-01-03 10:52:19 --> Session: Class initialized using 'CodeIgniter\Session\Handlers\FileHandler' driver.
INFO - 2022-01-03 10:52:19 --> Session: Class initialized using 'CodeIgniter\Session\Handlers\FileHandler' driver.
INFO - 2022-01-03 10:53:22 --> Session: Class initialized using 'CodeIgniter\Session\Handlers\FileHandler' driver.
INFO - 2022-01-03 10:53:23 --> Session: Class initialized using 'CodeIgniter\Session\Handlers\FileHandler' driver.
INFO - 2022-01-03 10:54:05 --> Session: Class initialized using 'CodeIgniter\Session\Handlers\FileHandler' driver.
INFO - 2022-01-03 10:54:05 --> Session: Class initialized using 'CodeIgniter\Session\Handlers\FileHandler' driver.
INFO - 2022-01-03 10:54:05 --> Session: Class initialized using 'CodeIgniter\Session\Handlers\FileHandler' driver.
INFO - 2022-01-03 10:54:20 --> Session: Class initialized using 'CodeIgniter\Session\Handlers\FileHandler' driver.
INFO - 2022-01-03 10:54:21 --> Session: Class initialized using 'CodeIgniter\Session\Handlers\FileHandler' driver.
INFO - 2022-01-03 10:54:23 --> Session: Class initialized using 'CodeIgniter\Session\Handlers\FileHandler' driver.
INFO - 2022-01-03 10:54:23 --> Session: Class initialized using 'CodeIgniter\Session\Handlers\FileHandler' driver.
INFO - 2022-01-03 10:54:35 --> Session: Class initialized using 'CodeIgniter\Session\Handlers\FileHandler' driver.
INFO - 2022-01-03 10:54:36 --> Session: Class initialized using 'CodeIgniter\Session\Handlers\FileHandler' driver.
INFO - 2022-01-03 10:54:53 --> Session: Class initialized using 'CodeIgniter\Session\Handlers\FileHandler' driver.
INFO - 2022-01-03 10:54:53 --> Session: Class initialized using 'CodeIgniter\Session\Handlers\FileHandler' driver.
INFO - 2022-01-03 10:54:54 --> Session: Class initialized using 'CodeIgniter\Session\Handlers\FileHandler' driver.
INFO - 2022-01-03 10:55:07 --> Session: Class initialized using 'CodeIgniter\Session\Handlers\FileHandler' driver.
INFO - 2022-01-03 10:55:35 --> Session: Class initialized using 'CodeIgniter\Session\Handlers\FileHandler' driver.
INFO - 2022-01-03 11:01:16 --> Session: Class initialized using 'CodeIgniter\Session\Handlers\FileHandler' driver.
INFO - 2022-01-03 11:01:16 --> Session: Class initialized using 'CodeIgniter\Session\Handlers\FileHandler' driver.
INFO - 2022-01-03 11:01:28 --> Session: Class initialized using 'CodeIgniter\Session\Handlers\FileHandler' driver.
INFO - 2022-01-03 11:01:29 --> Session: Class initialized using 'CodeIgniter\Session\Handlers\FileHandler' driver.
INFO - 2022-01-03 11:01:35 --> Session: Class initialized using 'CodeIgniter\Session\Handlers\FileHandler' driver.
INFO - 2022-01-03 11:02:22 --> Session: Class initialized using 'CodeIgniter\Session\Handlers\FileHandler' driver.
INFO - 2022-01-03 11:02:22 --> Session: Class initialized using 'CodeIgniter\Session\Handlers\FileHandler' driver.
INFO - 2022-01-03 11:02:22 --> Session: Class initialized using 'CodeIgniter\Session\Handlers\FileHandler' driver.
INFO - 2022-01-03 11:02:43 --> Session: Class initialized using 'CodeIgniter\Session\Handlers\FileHandler' driver.
INFO - 2022-01-03 11:04:18 --> Session: Class initialized using 'CodeIgniter\Session\Handlers\FileHandler' driver.
INFO - 2022-01-03 11:04:18 --> Session: Class initialized using 'CodeIgniter\Session\Handlers\FileHandler' driver.
INFO - 2022-01-03 11:06:04 --> Session: Class initialized using 'CodeIgniter\Session\Handlers\FileHandler' driver.
INFO - 2022-01-03 11:06:05 --> Session: Class initialized using 'CodeIgniter\Session\Handlers\FileHandler' driver.
INFO - 2022-01-03 11:06:15 --> Session: Class initialized using 'CodeIgniter\Session\Handlers\FileHandler' driver.
INFO - 2022-01-03 11:06:15 --> Session: Class initialized using 'CodeIgniter\Session\Handlers\FileHandler' driver.
INFO - 2022-01-03 11:06:15 --> Session: Class initialized using 'CodeIgniter\Session\Handlers\FileHandler' driver.
INFO - 2022-01-03 11:06:17 --> Session: Class initialized using 'CodeIgniter\Session\Handlers\FileHandler' driver.
INFO - 2022-01-03 11:08:10 --> Session: Class initialized using 'CodeIgniter\Session\Handlers\FileHandler' driver.
INFO - 2022-01-03 11:08:10 --> Session: Class initialized using 'CodeIgniter\Session\Handlers\FileHandler' driver.
INFO - 2022-01-03 11:08:24 --> Session: Class initialized using 'CodeIgniter\Session\Handlers\FileHandler' driver.
INFO - 2022-01-03 11:08:24 --> Session: Class initialized using 'CodeIgniter\Session\Handlers\FileHandler' driver.
INFO - 2022-01-03 11:08:24 --> Session: Class initialized using 'CodeIgniter\Session\Handlers\FileHandler' driver.
INFO - 2022-01-03 11:08:27 --> Session: Class initialized using 'CodeIgniter\Session\Handlers\FileHandler' driver.
INFO - 2022-01-03 11:11:07 --> Session: Class initialized using 'CodeIgniter\Session\Handlers\FileHandler' driver.
INFO - 2022-01-03 11:11:29 --> Session: Class initialized using 'CodeIgniter\Session\Handlers\FileHandler' driver.
INFO - 2022-01-03 11:11:29 --> Session: Class initialized using 'CodeIgniter\Session\Handlers\FileHandler' driver.
CRITICAL - 2022-01-03 11:11:29 --> Call to undefined function App\Controllers\console_log()
#0 [internal function]: App\Controllers\Misdiagnosisdata->rename_temp_filenames(Object(stdClass))
#1 /var/www/html/mymisdiagnosis/app/Libraries/GroceryCrud.php(1049): call_user_func(Array, Object(stdClass))
#2 /var/www/html/mymisdiagnosis/app/Libraries/GroceryCrud.php(4570): App\Libraries\grocery_CRUD_Model_Driver->db_update(Object(stdClass))
#3 /var/www/html/mymisdiagnosis/app/Controllers/Misdiagnosisdata.php(139): App\Libraries\GroceryCrud->render()
#4 /var/www/html/mymisdiagnosis/system/CodeIgniter.php(936): App\Controllers\Misdiagnosisdata->misdiagnosis('update', '198')
#5 /var/www/html/mymisdiagnosis/system/CodeIgniter.php(432): CodeIgniter\CodeIgniter->runController(Object(App\Controllers\Misdiagnosisdata))
#6 /var/www/html/mymisdiagnosis/system/CodeIgniter.php(333): CodeIgniter\CodeIgniter->handleRequest(NULL, Object(Config\Cache), false)
#7 /var/www/html/mymisdiagnosis/index.php(44): CodeIgniter\CodeIgniter->run()
#8 {main}
INFO - 2022-01-03 11:12:06 --> Session: Class initialized using 'CodeIgniter\Session\Handlers\FileHandler' driver.
INFO - 2022-01-03 11:12:06 --> Session: Class initialized using 'CodeIgniter\Session\Handlers\FileHandler' driver.
CRITICAL - 2022-01-03 11:12:06 --> Call to undefined function App\Controllers\console_log()
#0 [internal function]: App\Controllers\Misdiagnosisdata->rename_temp_filenames(Object(stdClass))
#1 /var/www/html/mymisdiagnosis/app/Libraries/GroceryCrud.php(1049): call_user_func(Array, Object(stdClass))
#2 /var/www/html/mymisdiagnosis/app/Libraries/GroceryCrud.php(4570): App\Libraries\grocery_CRUD_Model_Driver->db_update(Object(stdClass))
#3 /var/www/html/mymisdiagnosis/app/Controllers/Misdiagnosisdata.php(139): App\Libraries\GroceryCrud->render()
#4 /var/www/html/mymisdiagnosis/system/CodeIgniter.php(936): App\Controllers\Misdiagnosisdata->misdiagnosis('update', '198')
#5 /var/www/html/mymisdiagnosis/system/CodeIgniter.php(432): CodeIgniter\CodeIgniter->runController(Object(App\Controllers\Misdiagnosisdata))
#6 /var/www/html/mymisdiagnosis/system/CodeIgniter.php(333): CodeIgniter\CodeIgniter->handleRequest(NULL, Object(Config\Cache), false)
#7 /var/www/html/mymisdiagnosis/index.php(44): CodeIgniter\CodeIgniter->run()
#8 {main}
INFO - 2022-01-03 11:12:10 --> Session: Class initialized using 'CodeIgniter\Session\Handlers\FileHandler' driver.
INFO - 2022-01-03 11:12:21 --> Session: Class initialized using 'CodeIgniter\Session\Handlers\FileHandler' driver.
INFO - 2022-01-03 11:12:21 --> Session: Class initialized using 'CodeIgniter\Session\Handlers\FileHandler' driver.
CRITICAL - 2022-01-03 11:12:21 --> Call to undefined function App\Controllers\console_log()
#0 [internal function]: App\Controllers\Misdiagnosisdata->rename_temp_filenames(Object(stdClass))
#1 /var/www/html/mymisdiagnosis/app/Libraries/GroceryCrud.php(1049): call_user_func(Array, Object(stdClass))
#2 /var/www/html/mymisdiagnosis/app/Libraries/GroceryCrud.php(4570): App\Libraries\grocery_CRUD_Model_Driver->db_update(Object(stdClass))
#3 /var/www/html/mymisdiagnosis/app/Controllers/Misdiagnosisdata.php(139): App\Libraries\GroceryCrud->render()
#4 /var/www/html/mymisdiagnosis/system/CodeIgniter.php(936): App\Controllers\Misdiagnosisdata->misdiagnosis('update', '198')
#5 /var/www/html/mymisdiagnosis/system/CodeIgniter.php(432): CodeIgniter\CodeIgniter->runController(Object(App\Controllers\Misdiagnosisdata))
#6 /var/www/html/mymisdiagnosis/system/CodeIgniter.php(333): CodeIgniter\CodeIgniter->handleRequest(NULL, Object(Config\Cache), false)
#7 /var/www/html/mymisdiagnosis/index.php(44): CodeIgniter\CodeIgniter->run()
#8 {main}
INFO - 2022-01-03 11:13:50 --> Session: Class initialized using 'CodeIgniter\Session\Handlers\FileHandler' driver.
INFO - 2022-01-03 11:13:50 --> Session: Class initialized using 'CodeIgniter\Session\Handlers\FileHandler' driver.
INFO - 2022-01-03 11:13:50 --> Session: Class initialized using 'CodeIgniter\Session\Handlers\FileHandler' driver.
INFO - 2022-01-03 11:13:54 --> Session: Class initialized using 'CodeIgniter\Session\Handlers\FileHandler' driver.
INFO - 2022-01-03 11:15:06 --> Session: Class initialized using 'CodeIgniter\Session\Handlers\FileHandler' driver.
INFO - 2022-01-03 11:15:06 --> Session: Class initialized using 'CodeIgniter\Session\Handlers\FileHandler' driver.
INFO - 2022-01-03 11:15:06 --> Session: Class initialized using 'CodeIgniter\Session\Handlers\FileHandler' driver.
INFO - 2022-01-03 11:15:13 --> Session: Class initialized using 'CodeIgniter\Session\Handlers\FileHandler' driver.
INFO - 2022-01-03 11:15:13 --> Session: Class initialized using 'CodeIgniter\Session\Handlers\FileHandler' driver.
INFO - 2022-01-03 11:15:16 --> Session: Class initialized using 'CodeIgniter\Session\Handlers\FileHandler' driver.
INFO - 2022-01-03 11:15:16 --> Session: Class initialized using 'CodeIgniter\Session\Handlers\FileHandler' driver.
INFO - 2022-01-03 11:15:27 --> Session: Class initialized using 'CodeIgniter\Session\Handlers\FileHandler' driver.
INFO - 2022-01-03 11:15:27 --> Session: Class initialized using 'CodeIgniter\Session\Handlers\FileHandler' driver.
INFO - 2022-01-03 11:15:27 --> Session: Class initialized using 'CodeIgniter\Session\Handlers\FileHandler' driver.
INFO - 2022-01-03 11:15:37 --> Session: Class initialized using 'CodeIgniter\Session\Handlers\FileHandler' driver.
INFO - 2022-01-03 11:19:23 --> Session: Class initialized using 'CodeIgniter\Session\Handlers\FileHandler' driver.
INFO - 2022-01-03 11:19:23 --> Session: Class initialized using 'CodeIgniter\Session\Handlers\FileHandler' driver.
INFO - 2022-01-03 11:19:32 --> Session: Class initialized using 'CodeIgniter\Session\Handlers\FileHandler' driver.
INFO - 2022-01-03 11:19:32 --> Session: Class initialized using 'CodeIgniter\Session\Handlers\FileHandler' driver.
INFO - 2022-01-03 11:19:32 --> Session: Class initialized using 'CodeIgniter\Session\Handlers\FileHandler' driver.
INFO - 2022-01-03 11:19:34 --> Session: Class initialized using 'CodeIgniter\Session\Handlers\FileHandler' driver.
INFO - 2022-01-03 11:19:59 --> Session: Class initialized using 'CodeIgniter\Session\Handlers\FileHandler' driver.
INFO - 2022-01-03 11:20:00 --> Session: Class initialized using 'CodeIgniter\Session\Handlers\FileHandler' driver.
INFO - 2022-01-03 11:20:10 --> Session: Class initialized using 'CodeIgniter\Session\Handlers\FileHandler' driver.
INFO - 2022-01-03 11:20:10 --> Session: Class initialized using 'CodeIgniter\Session\Handlers\FileHandler' driver.
INFO - 2022-01-03 11:20:11 --> Session: Class initialized using 'CodeIgniter\Session\Handlers\FileHandler' driver.
INFO - 2022-01-03 11:20:12 --> Session: Class initialized using 'CodeIgniter\Session\Handlers\FileHandler' driver.
INFO - 2022-01-03 11:21:47 --> Session: Class initialized using 'CodeIgniter\Session\Handlers\FileHandler' driver.
INFO - 2022-01-03 11:21:47 --> Session: Class initialized using 'CodeIgniter\Session\Handlers\FileHandler' driver.
INFO - 2022-01-03 11:21:49 --> Session: Class initialized using 'CodeIgniter\Session\Handlers\FileHandler' driver.
INFO - 2022-01-03 11:21:49 --> Session: Class initialized using 'CodeIgniter\Session\Handlers\FileHandler' driver.
INFO - 2022-01-03 11:21:59 --> Session: Class initialized using 'CodeIgniter\Session\Handlers\FileHandler' driver.
INFO - 2022-01-03 11:21:59 --> Session: Class initialized using 'CodeIgniter\Session\Handlers\FileHandler' driver.
INFO - 2022-01-03 11:22:00 --> Session: Class initialized using 'CodeIgniter\Session\Handlers\FileHandler' driver.
INFO - 2022-01-03 11:22:05 --> Session: Class initialized using 'CodeIgniter\Session\Handlers\FileHandler' driver.
INFO - 2022-01-03 11:23:30 --> Session: Class initialized using 'CodeIgniter\Session\Handlers\FileHandler' driver.
INFO - 2022-01-03 11:23:30 --> Session: Class initialized using 'CodeIgniter\Session\Handlers\FileHandler' driver.
INFO - 2022-01-03 11:23:39 --> Session: Class initialized using 'CodeIgniter\Session\Handlers\FileHandler' driver.
INFO - 2022-01-03 11:23:39 --> Session: Class initialized using 'CodeIgniter\Session\Handlers\FileHandler' driver.
INFO - 2022-01-03 11:23:39 --> Session: Class initialized using 'CodeIgniter\Session\Handlers\FileHandler' driver.
INFO - 2022-01-03 11:23:55 --> Session: Class initialized using 'CodeIgniter\Session\Handlers\FileHandler' driver.
INFO - 2022-01-03 11:24:12 --> Session: Class initialized using 'CodeIgniter\Session\Handlers\FileHandler' driver.
INFO - 2022-01-03 11:24:12 --> Session: Class initialized using 'CodeIgniter\Session\Handlers\FileHandler' driver.
INFO - 2022-01-03 11:24:12 --> Session: Class initialized using 'CodeIgniter\Session\Handlers\FileHandler' driver.
INFO - 2022-01-03 11:24:24 --> Session: Class initialized using 'CodeIgniter\Session\Handlers\FileHandler' driver.
INFO - 2022-01-03 11:24:24 --> Session: Class initialized using 'CodeIgniter\Session\Handlers\FileHandler' driver.
INFO - 2022-01-03 11:24:59 --> Session: Class initialized using 'CodeIgniter\Session\Handlers\FileHandler' driver.
INFO - 2022-01-03 11:24:59 --> Session: Class initialized using 'CodeIgniter\Session\Handlers\FileHandler' driver.
INFO - 2022-01-03 11:24:59 --> Session: Class initialized using 'CodeIgniter\Session\Handlers\FileHandler' driver.
INFO - 2022-01-03 11:25:05 --> Session: Class initialized using 'CodeIgniter\Session\Handlers\FileHandler' driver.
INFO - 2022-01-03 11:25:17 --> Session: Class initialized using 'CodeIgniter\Session\Handlers\FileHandler' driver.
INFO - 2022-01-03 11:25:30 --> Session: Class initialized using 'CodeIgniter\Session\Handlers\FileHandler' driver.
INFO - 2022-01-03 11:25:30 --> Session: Class initialized using 'CodeIgniter\Session\Handlers\FileHandler' driver.
INFO - 2022-01-03 11:25:31 --> Session: Class initialized using 'CodeIgniter\Session\Handlers\FileHandler' driver.
INFO - 2022-01-03 11:36:02 --> Session: Class initialized using 'CodeIgniter\Session\Handlers\FileHandler' driver.
INFO - 2022-01-03 11:36:03 --> Session: Class initialized using 'CodeIgniter\Session\Handlers\FileHandler' driver.
INFO - 2022-01-03 11:37:57 --> Session: Class initialized using 'CodeIgniter\Session\Handlers\FileHandler' driver.
INFO - 2022-01-03 11:37:57 --> Session: Class initialized using 'CodeIgniter\Session\Handlers\FileHandler' driver.
INFO - 2022-01-03 12:22:08 --> Session: Class initialized using 'CodeIgniter\Session\Handlers\FileHandler' driver.
INFO - 2022-01-03 12:22:20 --> Session: Class initialized using 'CodeIgniter\Session\Handlers\FileHandler' driver.
WARNING - 2022-01-03 12:22:20 --> Session: Sessions is enabled, and one exists.Please don't $session->start();
INFO - 2022-01-03 12:22:22 --> Session: Class initialized using 'CodeIgniter\Session\Handlers\FileHandler' driver.
WARNING - 2022-01-03 12:22:22 --> Session: Sessions is enabled, and one exists.Please don't $session->start();
INFO - 2022-01-03 12:22:23 --> Session: Class initialized using 'CodeIgniter\Session\Handlers\FileHandler' driver.
INFO - 2022-01-03 12:22:24 --> Session: Class initialized using 'CodeIgniter\Session\Handlers\FileHandler' driver.
INFO - 2022-01-03 12:22:26 --> Session: Class initialized using 'CodeIgniter\Session\Handlers\FileHandler' driver.
INFO - 2022-01-03 12:22:27 --> Session: Class initialized using 'CodeIgniter\Session\Handlers\FileHandler' driver.
INFO - 2022-01-03 12:22:27 --> Session: Class initialized using 'CodeIgniter\Session\Handlers\FileHandler' driver.
INFO - 2022-01-03 12:22:29 --> Session: Class initialized using 'CodeIgniter\Session\Handlers\FileHandler' driver.
INFO - 2022-01-03 12:22:33 --> Session: Class initialized using 'CodeIgniter\Session\Handlers\FileHandler' driver.
INFO - 2022-01-03 12:22:46 --> Session: Class initialized using 'CodeIgniter\Session\Handlers\FileHandler' driver.
INFO - 2022-01-03 12:22:48 --> Session: Class initialized using 'CodeIgniter\Session\Handlers\FileHandler' driver.
INFO - 2022-01-03 12:27:40 --> Session: Class initialized using 'CodeIgniter\Session\Handlers\FileHandler' driver.
INFO - 2022-01-03 12:27:42 --> Session: Class initialized using 'CodeIgniter\Session\Handlers\FileHandler' driver.
INFO - 2022-01-03 12:27:43 --> Session: Class initialized using 'CodeIgniter\Session\Handlers\FileHandler' driver.
INFO - 2022-01-03 12:29:02 --> Session: Class initialized using 'CodeIgniter\Session\Handlers\FileHandler' driver.
INFO - 2022-01-03 12:29:02 --> Session: Class initialized using 'CodeIgniter\Session\Handlers\FileHandler' driver.
INFO - 2022-01-03 12:29:19 --> Session: Class initialized using 'CodeIgniter\Session\Handlers\FileHandler' driver.
INFO - 2022-01-03 12:29:19 --> Session: Class initialized using 'CodeIgniter\Session\Handlers\FileHandler' driver.
INFO - 2022-01-03 12:29:37 --> Session: Class initialized using 'CodeIgniter\Session\Handlers\FileHandler' driver.
INFO - 2022-01-03 12:29:37 --> Session: Class initialized using 'CodeIgniter\Session\Handlers\FileHandler' driver.
INFO - 2022-01-03 12:32:11 --> Session: Class initialized using 'CodeIgniter\Session\Handlers\FileHandler' driver.
INFO - 2022-01-03 12:32:11 --> Session: Class initialized using 'CodeIgniter\Session\Handlers\FileHandler' driver.
INFO - 2022-01-03 12:32:53 --> Session: Class initialized using 'CodeIgniter\Session\Handlers\FileHandler' driver.
INFO - 2022-01-03 12:32:54 --> Session: Class initialized using 'CodeIgniter\Session\Handlers\FileHandler' driver.
INFO - 2022-01-03 12:39:05 --> Session: Class initialized using 'CodeIgniter\Session\Handlers\FileHandler' driver.
INFO - 2022-01-03 12:39:05 --> Session: Class initialized using 'CodeIgniter\Session\Handlers\FileHandler' driver.
INFO - 2022-01-03 12:39:11 --> Session: Class initialized using 'CodeIgniter\Session\Handlers\FileHandler' driver.
INFO - 2022-01-03 12:40:38 --> Session: Class initialized using 'CodeIgniter\Session\Handlers\FileHandler' driver.
INFO - 2022-01-03 12:40:44 --> Session: Class initialized using 'CodeIgniter\Session\Handlers\FileHandler' driver.
INFO - 2022-01-03 12:40:44 --> Session: Class initialized using 'CodeIgniter\Session\Handlers\FileHandler' driver.
INFO - 2022-01-03 12:41:04 --> Session: Class initialized using 'CodeIgniter\Session\Handlers\FileHandler' driver.
INFO - 2022-01-03 12:41:04 --> Session: Class initialized using 'CodeIgniter\Session\Handlers\FileHandler' driver.
INFO - 2022-01-03 12:41:09 --> Session: Class initialized using 'CodeIgniter\Session\Handlers\FileHandler' driver.
INFO - 2022-01-03 12:44:03 --> Session: Class initialized using 'CodeIgniter\Session\Handlers\FileHandler' driver.
INFO - 2022-01-03 12:44:08 --> Session: Class initialized using 'CodeIgniter\Session\Handlers\FileHandler' driver.
INFO - 2022-01-03 12:44:08 --> Session: Class initialized using 'CodeIgniter\Session\Handlers\FileHandler' driver.
INFO - 2022-01-03 12:44:09 --> Session: Class initialized using 'CodeIgniter\Session\Handlers\FileHandler' driver.
INFO - 2022-01-03 12:45:31 --> Session: Class initialized using 'CodeIgniter\Session\Handlers\FileHandler' driver.
CRITICAL - 2022-01-03 12:45:31 --> Undefined variable: data_approved
#0 /var/www/html/mymisdiagnosis/app/Controllers/Misdiagnosisdata.php(114): CodeIgniter\Debug\Exceptions->errorHandler(8, 'Undefined varia...', '/var/www/html/m...', 114, Array)
#1 /var/www/html/mymisdiagnosis/system/CodeIgniter.php(936): App\Controllers\Misdiagnosisdata->misdiagnosis('add')
#2 /var/www/html/mymisdiagnosis/system/CodeIgniter.php(432): CodeIgniter\CodeIgniter->runController(Object(App\Controllers\Misdiagnosisdata))
#3 /var/www/html/mymisdiagnosis/system/CodeIgniter.php(333): CodeIgniter\CodeIgniter->handleRequest(NULL, Object(Config\Cache), false)
#4 /var/www/html/mymisdiagnosis/index.php(44): CodeIgniter\CodeIgniter->run()
#5 {main}
INFO - 2022-01-03 12:45:59 --> Session: Class initialized using 'CodeIgniter\Session\Handlers\FileHandler' driver.
CRITICAL - 2022-01-03 12:45:59 --> Undefined variable: data
#0 /var/www/html/mymisdiagnosis/app/Controllers/Misdiagnosisdata.php(114): CodeIgniter\Debug\Exceptions->errorHandler(8, 'Undefined varia...', '/var/www/html/m...', 114, Array)
#1 /var/www/html/mymisdiagnosis/system/CodeIgniter.php(936): App\Controllers\Misdiagnosisdata->misdiagnosis('add')
#2 /var/www/html/mymisdiagnosis/system/CodeIgniter.php(432): CodeIgniter\CodeIgniter->runController(Object(App\Controllers\Misdiagnosisdata))
#3 /var/www/html/mymisdiagnosis/system/CodeIgniter.php(333): CodeIgniter\CodeIgniter->handleRequest(NULL, Object(Config\Cache), false)
#4 /var/www/html/mymisdiagnosis/index.php(44): CodeIgniter\CodeIgniter->run()
#5 {main}
INFO - 2022-01-03 12:47:17 --> Session: Class initialized using 'CodeIgniter\Session\Handlers\FileHandler' driver.
INFO - 2022-01-03 12:47:17 --> Session: Class initialized using 'CodeIgniter\Session\Handlers\FileHandler' driver.
INFO - 2022-01-03 12:51:24 --> Session: Class initialized using 'CodeIgniter\Session\Handlers\FileHandler' driver.
INFO - 2022-01-03 12:51:24 --> Session: Class initialized using 'CodeIgniter\Session\Handlers\FileHandler' driver.
INFO - 2022-01-03 12:53:04 --> Session: Class initialized using 'CodeIgniter\Session\Handlers\FileHandler' driver.
INFO - 2022-01-03 12:53:05 --> Session: Class initialized using 'CodeIgniter\Session\Handlers\FileHandler' driver.
INFO - 2022-01-03 12:53:13 --> Session: Class initialized using 'CodeIgniter\Session\Handlers\FileHandler' driver.
INFO - 2022-01-03 12:53:13 --> Session: Class initialized using 'CodeIgniter\Session\Handlers\FileHandler' driver.
INFO - 2022-01-03 12:53:14 --> Session: Class initialized using 'CodeIgniter\Session\Handlers\FileHandler' driver.
INFO - 2022-01-03 12:53:30 --> Session: Class initialized using 'CodeIgniter\Session\Handlers\FileHandler' driver.
INFO - 2022-01-03 12:53:30 --> Session: Class initialized using 'CodeIgniter\Session\Handlers\FileHandler' driver.
INFO - 2022-01-03 12:54:03 --> Session: Class initialized using 'CodeIgniter\Session\Handlers\FileHandler' driver.
INFO - 2022-01-03 12:54:04 --> Session: Class initialized using 'CodeIgniter\Session\Handlers\FileHandler' driver.
INFO - 2022-01-03 12:54:04 --> Session: Class initialized using 'CodeIgniter\Session\Handlers\FileHandler' driver.
INFO - 2022-01-03 12:54:15 --> Session: Class initialized using 'CodeIgniter\Session\Handlers\FileHandler' driver.
INFO - 2022-01-03 12:54:16 --> Session: Class initialized using 'CodeIgniter\Session\Handlers\FileHandler' driver.
INFO - 2022-01-03 14:06:32 --> Session: Class initialized using 'CodeIgniter\Session\Handlers\FileHandler' driver.
INFO - 2022-01-03 14:06:32 --> Session: Class initialized using 'CodeIgniter\Session\Handlers\FileHandler' driver.
INFO - 2022-01-03 14:06:33 --> Session: Class initialized using 'CodeIgniter\Session\Handlers\FileHandler' driver.
INFO - 2022-01-03 14:06:42 --> Session: Class initialized using 'CodeIgniter\Session\Handlers\FileHandler' driver.
INFO - 2022-01-03 14:06:42 --> Session: Class initialized using 'CodeIgniter\Session\Handlers\FileHandler' driver.
INFO - 2022-01-03 14:06:47 --> Session: Class initialized using 'CodeIgniter\Session\Handlers\FileHandler' driver.
INFO - 2022-01-03 14:06:47 --> Session: Class initialized using 'CodeIgniter\Session\Handlers\FileHandler' driver.
INFO - 2022-01-03 14:10:05 --> Session: Class initialized using 'CodeIgniter\Session\Handlers\FileHandler' driver.
INFO - 2022-01-03 14:10:06 --> Session: Class initialized using 'CodeIgniter\Session\Handlers\FileHandler' driver.
INFO - 2022-01-03 14:10:07 --> Session: Class initialized using 'CodeIgniter\Session\Handlers\FileHandler' driver.
INFO - 2022-01-03 14:10:07 --> Session: Class initialized using 'CodeIgniter\Session\Handlers\FileHandler' driver.
CRITICAL - 2022-01-03 14:10:07 --> Undefined index: email
#0 /var/www/html/mymisdiagnosis/app/Controllers/Misdiagnosisdata.php(413): CodeIgniter\Debug\Exceptions->errorHandler(8, 'Undefined index...', '/var/www/html/m...', 413, Array)
#1 /var/www/html/mymisdiagnosis/app/Controllers/Misdiagnosisdata.php(397): App\Controllers\Misdiagnosisdata->sendit(Array)
#2 [internal function]: App\Controllers\Misdiagnosisdata->rename_temp_folder(Object(stdClass))
#3 /var/www/html/mymisdiagnosis/app/Libraries/GroceryCrud.php(990): call_user_func(Array, Object(stdClass))
#4 /var/www/html/mymisdiagnosis/app/Libraries/GroceryCrud.php(4557): App\Libraries\grocery_CRUD_Model_Driver->db_insert(Object(stdClass))
#5 /var/www/html/mymisdiagnosis/app/Controllers/Misdiagnosisdata.php(167): App\Libraries\GroceryCrud->render()
#6 /var/www/html/mymisdiagnosis/system/CodeIgniter.php(936): App\Controllers\Misdiagnosisdata->misdiagnosis('insert')
#7 /var/www/html/mymisdiagnosis/system/CodeIgniter.php(432): CodeIgniter\CodeIgniter->runController(Object(App\Controllers\Misdiagnosisdata))
#8 /var/www/html/mymisdiagnosis/system/CodeIgniter.php(333): CodeIgniter\CodeIgniter->handleRequest(NULL, Object(Config\Cache), false)
#9 /var/www/html/mymisdiagnosis/index.php(44): CodeIgniter\CodeIgniter->run()
#10 {main}
CRITICAL - 2022-01-03 14:10:22 --> syntax error, unexpected ';', expecting ']'
#0 /var/www/html/mymisdiagnosis/system/Router/Router.php(170): CodeIgniter\Router\Router->autoRoute('misdiagnosisdat...')
#1 /var/www/html/mymisdiagnosis/system/CodeIgniter.php(816): CodeIgniter\Router\Router->handle('misdiagnosisdat...')
#2 /var/www/html/mymisdiagnosis/system/CodeIgniter.php(385): CodeIgniter\CodeIgniter->tryToRouteIt(Object(CodeIgniter\Router\RouteCollection))
#3 /var/www/html/mymisdiagnosis/system/CodeIgniter.php(333): CodeIgniter\CodeIgniter->handleRequest(NULL, Object(Config\Cache), false)
#4 /var/www/html/mymisdiagnosis/index.php(44): CodeIgniter\CodeIgniter->run()
#5 {main}
INFO - 2022-01-03 14:10:40 --> Session: Class initialized using 'CodeIgniter\Session\Handlers\FileHandler' driver.
INFO - 2022-01-03 14:10:41 --> Session: Class initialized using 'CodeIgniter\Session\Handlers\FileHandler' driver.
INFO - 2022-01-03 14:10:42 --> Session: Class initialized using 'CodeIgniter\Session\Handlers\FileHandler' driver.
INFO - 2022-01-03 14:10:43 --> Session: Class initialized using 'CodeIgniter\Session\Handlers\FileHandler' driver.
CRITICAL - 2022-01-03 14:10:43 --> Undefined index: email
#0 /var/www/html/mymisdiagnosis/app/Controllers/Misdiagnosisdata.php(413): CodeIgniter\Debug\Exceptions->errorHandler(8, 'Undefined index...', '/var/www/html/m...', 413, Array)
#1 /var/www/html/mymisdiagnosis/app/Controllers/Misdiagnosisdata.php(397): App\Controllers\Misdiagnosisdata->sendit(Array)
#2 [internal function]: App\Controllers\Misdiagnosisdata->rename_temp_folder(Object(stdClass))
#3 /var/www/html/mymisdiagnosis/app/Libraries/GroceryCrud.php(990): call_user_func(Array, Object(stdClass))
#4 /var/www/html/mymisdiagnosis/app/Libraries/GroceryCrud.php(4557): App\Libraries\grocery_CRUD_Model_Driver->db_insert(Object(stdClass))
#5 /var/www/html/mymisdiagnosis/app/Controllers/Misdiagnosisdata.php(167): App\Libraries\GroceryCrud->render()
#6 /var/www/html/mymisdiagnosis/system/CodeIgniter.php(936): App\Controllers\Misdiagnosisdata->misdiagnosis('insert')
#7 /var/www/html/mymisdiagnosis/system/CodeIgniter.php(432): CodeIgniter\CodeIgniter->runController(Object(App\Controllers\Misdiagnosisdata))
#8 /var/www/html/mymisdiagnosis/system/CodeIgniter.php(333): CodeIgniter\CodeIgniter->handleRequest(NULL, Object(Config\Cache), false)
#9 /var/www/html/mymisdiagnosis/index.php(44): CodeIgniter\CodeIgniter->run()
#10 {main}
INFO - 2022-01-03 14:11:38 --> Session: Class initialized using 'CodeIgniter\Session\Handlers\FileHandler' driver.
INFO - 2022-01-03 14:11:38 --> Session: Class initialized using 'CodeIgniter\Session\Handlers\FileHandler' driver.
INFO - 2022-01-03 14:11:40 --> Session: Class initialized using 'CodeIgniter\Session\Handlers\FileHandler' driver.
INFO - 2022-01-03 14:11:40 --> Session: Class initialized using 'CodeIgniter\Session\Handlers\FileHandler' driver.
INFO - 2022-01-03 14:11:43 --> Session: Class initialized using 'CodeIgniter\Session\Handlers\FileHandler' driver.
INFO - 2022-01-03 14:14:45 --> Session: Class initialized using 'CodeIgniter\Session\Handlers\FileHandler' driver.
INFO - 2022-01-03 14:14:45 --> Session: Class initialized using 'CodeIgniter\Session\Handlers\FileHandler' driver.
INFO - 2022-01-03 14:14:48 --> Session: Class initialized using 'CodeIgniter\Session\Handlers\FileHandler' driver.
INFO - 2022-01-03 14:14:49 --> Session: Class initialized using 'CodeIgniter\Session\Handlers\FileHandler' driver.
INFO - 2022-01-03 14:14:52 --> Session: Class initialized using 'CodeIgniter\Session\Handlers\FileHandler' driver.
INFO - 2022-01-03 15:12:35 --> Session: Class initialized using 'CodeIgniter\Session\Handlers\FileHandler' driver.
INFO - 2022-01-03 15:12:36 --> Session: Class initialized using 'CodeIgniter\Session\Handlers\FileHandler' driver.
INFO - 2022-01-03 15:13:16 --> Session: Class initialized using 'CodeIgniter\Session\Handlers\FileHandler' driver.
INFO - 2022-01-03 15:13:18 --> Session: Class initialized using 'CodeIgniter\Session\Handlers\FileHandler' driver.
INFO - 2022-01-03 15:13:18 --> Session: Class initialized using 'CodeIgniter\Session\Handlers\FileHandler' driver.
INFO - 2022-01-03 15:13:19 --> Session: Class initialized using 'CodeIgniter\Session\Handlers\FileHandler' driver.
INFO - 2022-01-03 15:13:20 --> Session: Class initialized using 'CodeIgniter\Session\Handlers\FileHandler' driver.
INFO - 2022-01-03 15:13:23 --> Session: Class initialized using 'CodeIgniter\Session\Handlers\FileHandler' driver.
CRITICAL - 2022-01-03 15:15:02 --> syntax error, unexpected ';', expecting ']'
#0 /var/www/html/mymisdiagnosis/system/Router/Router.php(170): CodeIgniter\Router\Router->autoRoute('misdiagnosisdat...')
#1 /var/www/html/mymisdiagnosis/system/CodeIgniter.php(816): CodeIgniter\Router\Router->handle('misdiagnosisdat...')
#2 /var/www/html/mymisdiagnosis/system/CodeIgniter.php(385): CodeIgniter\CodeIgniter->tryToRouteIt(Object(CodeIgniter\Router\RouteCollection))
#3 /var/www/html/mymisdiagnosis/system/CodeIgniter.php(333): CodeIgniter\CodeIgniter->handleRequest(NULL, Object(Config\Cache), false)
#4 /var/www/html/mymisdiagnosis/index.php(44): CodeIgniter\CodeIgniter->run()
#5 {main}
CRITICAL - 2022-01-03 15:15:36 --> syntax error, unexpected 'comms' (T_STRING), expecting ']'
#0 /var/www/html/mymisdiagnosis/system/Router/Router.php(170): CodeIgniter\Router\Router->autoRoute('misdiagnosisdat...')
#1 /var/www/html/mymisdiagnosis/system/CodeIgniter.php(816): CodeIgniter\Router\Router->handle('misdiagnosisdat...')
#2 /var/www/html/mymisdiagnosis/system/CodeIgniter.php(385): CodeIgniter\CodeIgniter->tryToRouteIt(Object(CodeIgniter\Router\RouteCollection))
#3 /var/www/html/mymisdiagnosis/system/CodeIgniter.php(333): CodeIgniter\CodeIgniter->handleRequest(NULL, Object(Config\Cache), false)
#4 /var/www/html/mymisdiagnosis/index.php(44): CodeIgniter\CodeIgniter->run()
#5 {main}
INFO - 2022-01-03 15:16:37 --> Session: Class initialized using 'CodeIgniter\Session\Handlers\FileHandler' driver.
INFO - 2022-01-03 15:16:37 --> Session: Class initialized using 'CodeIgniter\Session\Handlers\FileHandler' driver.
INFO - 2022-01-03 15:16:39 --> Session: Class initialized using 'CodeIgniter\Session\Handlers\FileHandler' driver.
INFO - 2022-01-03 15:16:39 --> Session: Class initialized using 'CodeIgniter\Session\Handlers\FileHandler' driver.
INFO - 2022-01-03 15:16:43 --> Session: Class initialized using 'CodeIgniter\Session\Handlers\FileHandler' driver.
INFO - 2022-01-03 15:16:55 --> Session: Class initialized using 'CodeIgniter\Session\Handlers\FileHandler' driver.
INFO - 2022-01-03 15:16:55 --> Session: Class initialized using 'CodeIgniter\Session\Handlers\FileHandler' driver.
CRITICAL - 2022-01-03 15:19:50 --> syntax error, unexpected ''link'' (T_CONSTANT_ENCAPSED_STRING), expecting ']'
#0 /var/www/html/mymisdiagnosis/system/Router/Router.php(170): CodeIgniter\Router\Router->autoRoute('misdiagnosisdat...')
#1 /var/www/html/mymisdiagnosis/system/CodeIgniter.php(816): CodeIgniter\Router\Router->handle('misdiagnosisdat...')
#2 /var/www/html/mymisdiagnosis/system/CodeIgniter.php(385): CodeIgniter\CodeIgniter->tryToRouteIt(Object(CodeIgniter\Router\RouteCollection))
#3 /var/www/html/mymisdiagnosis/system/CodeIgniter.php(333): CodeIgniter\CodeIgniter->handleRequest(NULL, Object(Config\Cache), false)
#4 /var/www/html/mymisdiagnosis/index.php(44): CodeIgniter\CodeIgniter->run()
#5 {main}
INFO - 2022-01-03 15:20:07 --> Session: Class initialized using 'CodeIgniter\Session\Handlers\FileHandler' driver.
INFO - 2022-01-03 15:20:07 --> Session: Class initialized using 'CodeIgniter\Session\Handlers\FileHandler' driver.
INFO - 2022-01-03 15:20:12 --> Session: Class initialized using 'CodeIgniter\Session\Handlers\FileHandler' driver.
INFO - 2022-01-03 15:20:12 --> Session: Class initialized using 'CodeIgniter\Session\Handlers\FileHandler' driver.
INFO - 2022-01-03 15:20:15 --> Session: Class initialized using 'CodeIgniter\Session\Handlers\FileHandler' driver.
INFO - 2022-01-03 15:20:53 --> Session: Class initialized using 'CodeIgniter\Session\Handlers\FileHandler' driver.
INFO - 2022-01-03 15:20:54 --> Session: Class initialized using 'CodeIgniter\Session\Handlers\FileHandler' driver.
INFO - 2022-01-03 15:20:59 --> Session: Class initialized using 'CodeIgniter\Session\Handlers\FileHandler' driver.
INFO - 2022-01-03 15:20:59 --> Session: Class initialized using 'CodeIgniter\Session\Handlers\FileHandler' driver.
INFO - 2022-01-03 15:21:02 --> Session: Class initialized using 'CodeIgniter\Session\Handlers\FileHandler' driver.
INFO - 2022-01-03 15:22:04 --> Session: Class initialized using 'CodeIgniter\Session\Handlers\FileHandler' driver.
INFO - 2022-01-03 15:22:05 --> Session: Class initialized using 'CodeIgniter\Session\Handlers\FileHandler' driver.
INFO - 2022-01-03 15:22:07 --> Session: Class initialized using 'CodeIgniter\Session\Handlers\FileHandler' driver.
INFO - 2022-01-03 15:22:07 --> Session: Class initialized using 'CodeIgniter\Session\Handlers\FileHandler' driver.
INFO - 2022-01-03 15:22:11 --> Session: Class initialized using 'CodeIgniter\Session\Handlers\FileHandler' driver.
INFO - 2022-01-03 15:22:57 --> Session: Class initialized using 'CodeIgniter\Session\Handlers\FileHandler' driver.
INFO - 2022-01-03 15:22:58 --> Session: Class initialized using 'CodeIgniter\Session\Handlers\FileHandler' driver.
INFO - 2022-01-03 15:23:00 --> Session: Class initialized using 'CodeIgniter\Session\Handlers\FileHandler' driver.
INFO - 2022-01-03 15:23:00 --> Session: Class initialized using 'CodeIgniter\Session\Handlers\FileHandler' driver.
INFO - 2022-01-03 15:23:04 --> Session: Class initialized using 'CodeIgniter\Session\Handlers\FileHandler' driver.
INFO - 2022-01-03 15:23:28 --> Session: Class initialized using 'CodeIgniter\Session\Handlers\FileHandler' driver.
INFO - 2022-01-03 15:23:29 --> Session: Class initialized using 'CodeIgniter\Session\Handlers\FileHandler' driver.
INFO - 2022-01-03 15:23:32 --> Session: Class initialized using 'CodeIgniter\Session\Handlers\FileHandler' driver.
INFO - 2022-01-03 15:23:32 --> Session: Class initialized using 'CodeIgniter\Session\Handlers\FileHandler' driver.
INFO - 2022-01-03 15:23:35 --> Session: Class initialized using 'CodeIgniter\Session\Handlers\FileHandler' driver.
INFO - 2022-01-03 15:24:20 --> Session: Class initialized using 'CodeIgniter\Session\Handlers\FileHandler' driver.
INFO - 2022-01-03 15:24:20 --> Session: Class initialized using 'CodeIgniter\Session\Handlers\FileHandler' driver.
INFO - 2022-01-03 15:24:26 --> Session: Class initialized using 'CodeIgniter\Session\Handlers\FileHandler' driver.
INFO - 2022-01-03 15:24:26 --> Session: Class initialized using 'CodeIgniter\Session\Handlers\FileHandler' driver.
INFO - 2022-01-03 15:24:29 --> Session: Class initialized using 'CodeIgniter\Session\Handlers\FileHandler' driver.
INFO - 2022-01-03 15:28:23 --> Session: Class initialized using 'CodeIgniter\Session\Handlers\FileHandler' driver.
INFO - 2022-01-03 15:28:24 --> Session: Class initialized using 'CodeIgniter\Session\Handlers\FileHandler' driver.
INFO - 2022-01-03 15:28:26 --> Session: Class initialized using 'CodeIgniter\Session\Handlers\FileHandler' driver.
INFO - 2022-01-03 15:28:26 --> Session: Class initialized using 'CodeIgniter\Session\Handlers\FileHandler' driver.
CRITICAL - 2022-01-03 15:28:26 --> Undefined index: data_correct_diagnosis
#0 /var/www/html/mymisdiagnosis/app/Controllers/Misdiagnosisdata.php(425): CodeIgniter\Debug\Exceptions->errorHandler(8, 'Undefined index...', '/var/www/html/m...', 425, Array)
#1 /var/www/html/mymisdiagnosis/app/Controllers/Misdiagnosisdata.php(402): App\Controllers\Misdiagnosisdata->sendit(Array)
#2 [internal function]: App\Controllers\Misdiagnosisdata->rename_temp_folder(Object(stdClass))
#3 /var/www/html/mymisdiagnosis/app/Libraries/GroceryCrud.php(990): call_user_func(Array, Object(stdClass))
#4 /var/www/html/mymisdiagnosis/app/Libraries/GroceryCrud.php(4557): App\Libraries\grocery_CRUD_Model_Driver->db_insert(Object(stdClass))
#5 /var/www/html/mymisdiagnosis/app/Controllers/Misdiagnosisdata.php(167): App\Libraries\GroceryCrud->render()
#6 /var/www/html/mymisdiagnosis/system/CodeIgniter.php(936): App\Controllers\Misdiagnosisdata->misdiagnosis('insert')
#7 /var/www/html/mymisdiagnosis/system/CodeIgniter.php(432): CodeIgniter\CodeIgniter->runController(Object(App\Controllers\Misdiagnosisdata))
#8 /var/www/html/mymisdiagnosis/system/CodeIgniter.php(333): CodeIgniter\CodeIgniter->handleRequest(NULL, Object(Config\Cache), false)
#9 /var/www/html/mymisdiagnosis/index.php(44): CodeIgniter\CodeIgniter->run()
#10 {main}
CRITICAL - 2022-01-03 15:30:36 --> syntax error, unexpected '=>' (T_DOUBLE_ARROW)
#0 /var/www/html/mymisdiagnosis/system/Router/Router.php(170): CodeIgniter\Router\Router->autoRoute('misdiagnosisdat...')
#1 /var/www/html/mymisdiagnosis/system/CodeIgniter.php(816): CodeIgniter\Router\Router->handle('misdiagnosisdat...')
#2 /var/www/html/mymisdiagnosis/system/CodeIgniter.php(385): CodeIgniter\CodeIgniter->tryToRouteIt(Object(CodeIgniter\Router\RouteCollection))
#3 /var/www/html/mymisdiagnosis/system/CodeIgniter.php(333): CodeIgniter\CodeIgniter->handleRequest(NULL, Object(Config\Cache), false)
#4 /var/www/html/mymisdiagnosis/index.php(44): CodeIgniter\CodeIgniter->run()
#5 {main}
CRITICAL - 2022-01-03 15:30:38 --> syntax error, unexpected '=>' (T_DOUBLE_ARROW)
#0 /var/www/html/mymisdiagnosis/system/Router/Router.php(170): CodeIgniter\Router\Router->autoRoute('misdiagnosisdat...')
#1 /var/www/html/mymisdiagnosis/system/CodeIgniter.php(816): CodeIgniter\Router\Router->handle('misdiagnosisdat...')
#2 /var/www/html/mymisdiagnosis/system/CodeIgniter.php(385): CodeIgniter\CodeIgniter->tryToRouteIt(Object(CodeIgniter\Router\RouteCollection))
#3 /var/www/html/mymisdiagnosis/system/CodeIgniter.php(333): CodeIgniter\CodeIgniter->handleRequest(NULL, Object(Config\Cache), false)
#4 /var/www/html/mymisdiagnosis/index.php(44): CodeIgniter\CodeIgniter->run()
#5 {main}
INFO - 2022-01-03 15:31:11 --> Session: Class initialized using 'CodeIgniter\Session\Handlers\FileHandler' driver.
INFO - 2022-01-03 15:31:12 --> Session: Class initialized using 'CodeIgniter\Session\Handlers\FileHandler' driver.
INFO - 2022-01-03 15:31:15 --> Session: Class initialized using 'CodeIgniter\Session\Handlers\FileHandler' driver.
INFO - 2022-01-03 15:31:15 --> Session: Class initialized using 'CodeIgniter\Session\Handlers\FileHandler' driver.
CRITICAL - 2022-01-03 15:31:15 --> Object of class CodeIgniter\Email\Email could not be converted to string
#0 /var/www/html/mymisdiagnosis/app/Controllers/Misdiagnosisdata.php(407): App\Controllers\Misdiagnosisdata->sendit(Array)
#1 [internal function]: App\Controllers\Misdiagnosisdata->rename_temp_folder(Object(stdClass))
#2 /var/www/html/mymisdiagnosis/app/Libraries/GroceryCrud.php(990): call_user_func(Array, Object(stdClass))
#3 /var/www/html/mymisdiagnosis/app/Libraries/GroceryCrud.php(4557): App\Libraries\grocery_CRUD_Model_Driver->db_insert(Object(stdClass))
#4 /var/www/html/mymisdiagnosis/app/Controllers/Misdiagnosisdata.php(167): App\Libraries\GroceryCrud->render()
#5 /var/www/html/mymisdiagnosis/system/CodeIgniter.php(936): App\Controllers\Misdiagnosisdata->misdiagnosis('insert')
#6 /var/www/html/mymisdiagnosis/system/CodeIgniter.php(432): CodeIgniter\CodeIgniter->runController(Object(App\Controllers\Misdiagnosisdata))
#7 /var/www/html/mymisdiagnosis/system/CodeIgniter.php(333): CodeIgniter\CodeIgniter->handleRequest(NULL, Object(Config\Cache), false)
#8 /var/www/html/mymisdiagnosis/index.php(44): CodeIgniter\CodeIgniter->run()
#9 {main}
INFO - 2022-01-03 15:31:54 --> Session: Class initialized using 'CodeIgniter\Session\Handlers\FileHandler' driver.
INFO - 2022-01-03 15:31:55 --> Session: Class initialized using 'CodeIgniter\Session\Handlers\FileHandler' driver.
INFO - 2022-01-03 15:31:56 --> Session: Class initialized using 'CodeIgniter\Session\Handlers\FileHandler' driver.
INFO - 2022-01-03 15:31:56 --> Session: Class initialized using 'CodeIgniter\Session\Handlers\FileHandler' driver.
CRITICAL - 2022-01-03 15:31:56 --> Object of class CodeIgniter\Email\Email could not be converted to string
#0 /var/www/html/mymisdiagnosis/app/Controllers/Misdiagnosisdata.php(406): App\Controllers\Misdiagnosisdata->sendit(Array)
#1 [internal function]: App\Controllers\Misdiagnosisdata->rename_temp_folder(Object(stdClass))
#2 /var/www/html/mymisdiagnosis/app/Libraries/GroceryCrud.php(990): call_user_func(Array, Object(stdClass))
#3 /var/www/html/mymisdiagnosis/app/Libraries/GroceryCrud.php(4557): App\Libraries\grocery_CRUD_Model_Driver->db_insert(Object(stdClass))
#4 /var/www/html/mymisdiagnosis/app/Controllers/Misdiagnosisdata.php(167): App\Libraries\GroceryCrud->render()
#5 /var/www/html/mymisdiagnosis/system/CodeIgniter.php(936): App\Controllers\Misdiagnosisdata->misdiagnosis('insert')
#6 /var/www/html/mymisdiagnosis/system/CodeIgniter.php(432): CodeIgniter\CodeIgniter->runController(Object(App\Controllers\Misdiagnosisdata))
#7 /var/www/html/mymisdiagnosis/system/CodeIgniter.php(333): CodeIgniter\CodeIgniter->handleRequest(NULL, Object(Config\Cache), false)
#8 /var/www/html/mymisdiagnosis/index.php(44): CodeIgniter\CodeIgniter->run()
#9 {main}
INFO - 2022-01-03 15:32:14 --> Session: Class initialized using 'CodeIgniter\Session\Handlers\FileHandler' driver.
INFO - 2022-01-03 15:32:14 --> Session: Class initialized using 'CodeIgniter\Session\Handlers\FileHandler' driver.
INFO - 2022-01-03 15:32:17 --> Session: Class initialized using 'CodeIgniter\Session\Handlers\FileHandler' driver.
INFO - 2022-01-03 15:32:17 --> Session: Class initialized using 'CodeIgniter\Session\Handlers\FileHandler' driver.
CRITICAL - 2022-01-03 15:32:17 --> Object of class CodeIgniter\Email\Email could not be converted to string
#0 /var/www/html/mymisdiagnosis/app/Controllers/Misdiagnosisdata.php(406): App\Controllers\Misdiagnosisdata->sendit(Array)
#1 [internal function]: App\Controllers\Misdiagnosisdata->rename_temp_folder(Object(stdClass))
#2 /var/www/html/mymisdiagnosis/app/Libraries/GroceryCrud.php(990): call_user_func(Array, Object(stdClass))
#3 /var/www/html/mymisdiagnosis/app/Libraries/GroceryCrud.php(4557): App\Libraries\grocery_CRUD_Model_Driver->db_insert(Object(stdClass))
#4 /var/www/html/mymisdiagnosis/app/Controllers/Misdiagnosisdata.php(167): App\Libraries\GroceryCrud->render()
#5 /var/www/html/mymisdiagnosis/system/CodeIgniter.php(936): App\Controllers\Misdiagnosisdata->misdiagnosis('insert')
#6 /var/www/html/mymisdiagnosis/system/CodeIgniter.php(432): CodeIgniter\CodeIgniter->runController(Object(App\Controllers\Misdiagnosisdata))
#7 /var/www/html/mymisdiagnosis/system/CodeIgniter.php(333): CodeIgniter\CodeIgniter->handleRequest(NULL, Object(Config\Cache), false)
#8 /var/www/html/mymisdiagnosis/index.php(44): CodeIgniter\CodeIgniter->run()
#9 {main}
INFO - 2022-01-03 15:32:45 --> Session: Class initialized using 'CodeIgniter\Session\Handlers\FileHandler' driver.
INFO - 2022-01-03 15:32:45 --> Session: Class initialized using 'CodeIgniter\Session\Handlers\FileHandler' driver.
INFO - 2022-01-03 15:32:47 --> Session: Class initialized using 'CodeIgniter\Session\Handlers\FileHandler' driver.
INFO - 2022-01-03 15:32:47 --> Session: Class initialized using 'CodeIgniter\Session\Handlers\FileHandler' driver.
CRITICAL - 2022-01-03 15:32:47 --> Object of class CodeIgniter\Email\Email could not be converted to string
#0 /var/www/html/mymisdiagnosis/app/Controllers/Misdiagnosisdata.php(406): App\Controllers\Misdiagnosisdata->sendit(Array)
#1 [internal function]: App\Controllers\Misdiagnosisdata->rename_temp_folder(Object(stdClass))
#2 /var/www/html/mymisdiagnosis/app/Libraries/GroceryCrud.php(990): call_user_func(Array, Object(stdClass))
#3 /var/www/html/mymisdiagnosis/app/Libraries/GroceryCrud.php(4557): App\Libraries\grocery_CRUD_Model_Driver->db_insert(Object(stdClass))
#4 /var/www/html/mymisdiagnosis/app/Controllers/Misdiagnosisdata.php(167): App\Libraries\GroceryCrud->render()
#5 /var/www/html/mymisdiagnosis/system/CodeIgniter.php(936): App\Controllers\Misdiagnosisdata->misdiagnosis('insert')
#6 /var/www/html/mymisdiagnosis/system/CodeIgniter.php(432): CodeIgniter\CodeIgniter->runController(Object(App\Controllers\Misdiagnosisdata))
#7 /var/www/html/mymisdiagnosis/system/CodeIgniter.php(333): CodeIgniter\CodeIgniter->handleRequest(NULL, Object(Config\Cache), false)
#8 /var/www/html/mymisdiagnosis/index.php(44): CodeIgniter\CodeIgniter->run()
#9 {main}
CRITICAL - 2022-01-03 15:33:09 --> syntax error, unexpected ';', expecting ')'
#0 /var/www/html/mymisdiagnosis/system/Router/Router.php(170): CodeIgniter\Router\Router->autoRoute('misdiagnosisdat...')
#1 /var/www/html/mymisdiagnosis/system/CodeIgniter.php(816): CodeIgniter\Router\Router->handle('misdiagnosisdat...')
#2 /var/www/html/mymisdiagnosis/system/CodeIgniter.php(385): CodeIgniter\CodeIgniter->tryToRouteIt(Object(CodeIgniter\Router\RouteCollection))
#3 /var/www/html/mymisdiagnosis/system/CodeIgniter.php(333): CodeIgniter\CodeIgniter->handleRequest(NULL, Object(Config\Cache), false)
#4 /var/www/html/mymisdiagnosis/index.php(44): CodeIgniter\CodeIgniter->run()
#5 {main}
CRITICAL - 2022-01-03 15:33:20 --> syntax error, unexpected '';' (T_CONSTANT_ENCAPSED_STRING), expecting ')'
#0 /var/www/html/mymisdiagnosis/system/Router/Router.php(170): CodeIgniter\Router\Router->autoRoute('misdiagnosisdat...')
#1 /var/www/html/mymisdiagnosis/system/CodeIgniter.php(816): CodeIgniter\Router\Router->handle('misdiagnosisdat...')
#2 /var/www/html/mymisdiagnosis/system/CodeIgniter.php(385): CodeIgniter\CodeIgniter->tryToRouteIt(Object(CodeIgniter\Router\RouteCollection))
#3 /var/www/html/mymisdiagnosis/system/CodeIgniter.php(333): CodeIgniter\CodeIgniter->handleRequest(NULL, Object(Config\Cache), false)
#4 /var/www/html/mymisdiagnosis/index.php(44): CodeIgniter\CodeIgniter->run()
#5 {main}
CRITICAL - 2022-01-03 15:34:29 --> syntax error, unexpected ')'
#0 /var/www/html/mymisdiagnosis/system/Router/Router.php(170): CodeIgniter\Router\Router->autoRoute('misdiagnosisdat...')
#1 /var/www/html/mymisdiagnosis/system/CodeIgniter.php(816): CodeIgniter\Router\Router->handle('misdiagnosisdat...')
#2 /var/www/html/mymisdiagnosis/system/CodeIgniter.php(385): CodeIgniter\CodeIgniter->tryToRouteIt(Object(CodeIgniter\Router\RouteCollection))
#3 /var/www/html/mymisdiagnosis/system/CodeIgniter.php(333): CodeIgniter\CodeIgniter->handleRequest(NULL, Object(Config\Cache), false)
#4 /var/www/html/mymisdiagnosis/index.php(44): CodeIgniter\CodeIgniter->run()
#5 {main}
INFO - 2022-01-03 15:34:44 --> Session: Class initialized using 'CodeIgniter\Session\Handlers\FileHandler' driver.
INFO - 2022-01-03 15:34:44 --> Session: Class initialized using 'CodeIgniter\Session\Handlers\FileHandler' driver.
INFO - 2022-01-03 15:34:46 --> Session: Class initialized using 'CodeIgniter\Session\Handlers\FileHandler' driver.
INFO - 2022-01-03 15:34:46 --> Session: Class initialized using 'CodeIgniter\Session\Handlers\FileHandler' driver.
CRITICAL - 2022-01-03 15:34:46 --> Array to string conversion
#0 /var/www/html/mymisdiagnosis/app/Controllers/Misdiagnosisdata.php(429): CodeIgniter\Debug\Exceptions->errorHandler(8, 'Array to string...', '/var/www/html/m...', 429, Array)
#1 /var/www/html/mymisdiagnosis/app/Controllers/Misdiagnosisdata.php(406): App\Controllers\Misdiagnosisdata->sendit(Array)
#2 [internal function]: App\Controllers\Misdiagnosisdata->rename_temp_folder(Object(stdClass))
#3 /var/www/html/mymisdiagnosis/app/Libraries/GroceryCrud.php(990): call_user_func(Array, Object(stdClass))
#4 /var/www/html/mymisdiagnosis/app/Libraries/GroceryCrud.php(4557): App\Libraries\grocery_CRUD_Model_Driver->db_insert(Object(stdClass))
#5 /var/www/html/mymisdiagnosis/app/Controllers/Misdiagnosisdata.php(167): App\Libraries\GroceryCrud->render()
#6 /var/www/html/mymisdiagnosis/system/CodeIgniter.php(936): App\Controllers\Misdiagnosisdata->misdiagnosis('insert')
#7 /var/www/html/mymisdiagnosis/system/CodeIgniter.php(432): CodeIgniter\CodeIgniter->runController(Object(App\Controllers\Misdiagnosisdata))
#8 /var/www/html/mymisdiagnosis/system/CodeIgniter.php(333): CodeIgniter\CodeIgniter->handleRequest(NULL, Object(Config\Cache), false)
#9 /var/www/html/mymisdiagnosis/index.php(44): CodeIgniter\CodeIgniter->run()
#10 {main}
INFO - 2022-01-03 15:35:01 --> Session: Class initialized using 'CodeIgniter\Session\Handlers\FileHandler' driver.
INFO - 2022-01-03 15:35:01 --> Session: Class initialized using 'CodeIgniter\Session\Handlers\FileHandler' driver.
INFO - 2022-01-03 15:35:03 --> Session: Class initialized using 'CodeIgniter\Session\Handlers\FileHandler' driver.
INFO - 2022-01-03 15:35:03 --> Session: Class initialized using 'CodeIgniter\Session\Handlers\FileHandler' driver.
INFO - 2022-01-03 15:35:06 --> Session: Class initialized using 'CodeIgniter\Session\Handlers\FileHandler' driver.
INFO - 2022-01-03 15:36:00 --> Session: Class initialized using 'CodeIgniter\Session\Handlers\FileHandler' driver.
INFO - 2022-01-03 15:36:00 --> Session: Class initialized using 'CodeIgniter\Session\Handlers\FileHandler' driver.
INFO - 2022-01-03 15:36:02 --> Session: Class initialized using 'CodeIgniter\Session\Handlers\FileHandler' driver.
INFO - 2022-01-03 15:36:02 --> Session: Class initialized using 'CodeIgniter\Session\Handlers\FileHandler' driver.
INFO - 2022-01-03 15:36:04 --> Session: Class initialized using 'CodeIgniter\Session\Handlers\FileHandler' driver.
INFO - 2022-01-03 15:36:28 --> Session: Class initialized using 'CodeIgniter\Session\Handlers\FileHandler' driver.
INFO - 2022-01-03 15:36:28 --> Session: Class initialized using 'CodeIgniter\Session\Handlers\FileHandler' driver.
INFO - 2022-01-03 15:36:30 --> Session: Class initialized using 'CodeIgniter\Session\Handlers\FileHandler' driver.
INFO - 2022-01-03 15:36:31 --> Session: Class initialized using 'CodeIgniter\Session\Handlers\FileHandler' driver.
CRITICAL - 2022-01-03 15:36:31 --> Array to string conversion
#0 /var/www/html/mymisdiagnosis/app/Controllers/Misdiagnosisdata.php(429): CodeIgniter\Debug\Exceptions->errorHandler(8, 'Array to string...', '/var/www/html/m...', 429, Array)
#1 /var/www/html/mymisdiagnosis/app/Controllers/Misdiagnosisdata.php(406): App\Controllers\Misdiagnosisdata->sendit(Array)
#2 [internal function]: App\Controllers\Misdiagnosisdata->rename_temp_folder(Object(stdClass))
#3 /var/www/html/mymisdiagnosis/app/Libraries/GroceryCrud.php(990): call_user_func(Array, Object(stdClass))
#4 /var/www/html/mymisdiagnosis/app/Libraries/GroceryCrud.php(4557): App\Libraries\grocery_CRUD_Model_Driver->db_insert(Object(stdClass))
#5 /var/www/html/mymisdiagnosis/app/Controllers/Misdiagnosisdata.php(167): App\Libraries\GroceryCrud->render()
#6 /var/www/html/mymisdiagnosis/system/CodeIgniter.php(936): App\Controllers\Misdiagnosisdata->misdiagnosis('insert')
#7 /var/www/html/mymisdiagnosis/system/CodeIgniter.php(432): CodeIgniter\CodeIgniter->runController(Object(App\Controllers\Misdiagnosisdata))
#8 /var/www/html/mymisdiagnosis/system/CodeIgniter.php(333): CodeIgniter\CodeIgniter->handleRequest(NULL, Object(Config\Cache), false)
#9 /var/www/html/mymisdiagnosis/index.php(44): CodeIgniter\CodeIgniter->run()
#10 {main}
INFO - 2022-01-03 15:37:43 --> Session: Class initialized using 'CodeIgniter\Session\Handlers\FileHandler' driver.
INFO - 2022-01-03 15:37:44 --> Session: Class initialized using 'CodeIgniter\Session\Handlers\FileHandler' driver.
INFO - 2022-01-03 15:37:45 --> Session: Class initialized using 'CodeIgniter\Session\Handlers\FileHandler' driver.
INFO - 2022-01-03 15:37:45 --> Session: Class initialized using 'CodeIgniter\Session\Handlers\FileHandler' driver.
CRITICAL - 2022-01-03 15:37:46 --> Undefined index: data_symptpms
#0 /var/www/html/mymisdiagnosis/app/Controllers/Misdiagnosisdata.php(429): CodeIgniter\Debug\Exceptions->errorHandler(8, 'Undefined index...', '/var/www/html/m...', 429, Array)
#1 /var/www/html/mymisdiagnosis/app/Controllers/Misdiagnosisdata.php(406): App\Controllers\Misdiagnosisdata->sendit(Array)
#2 [internal function]: App\Controllers\Misdiagnosisdata->rename_temp_folder(Object(stdClass))
#3 /var/www/html/mymisdiagnosis/app/Libraries/GroceryCrud.php(990): call_user_func(Array, Object(stdClass))
#4 /var/www/html/mymisdiagnosis/app/Libraries/GroceryCrud.php(4557): App\Libraries\grocery_CRUD_Model_Driver->db_insert(Object(stdClass))
#5 /var/www/html/mymisdiagnosis/app/Controllers/Misdiagnosisdata.php(167): App\Libraries\GroceryCrud->render()
#6 /var/www/html/mymisdiagnosis/system/CodeIgniter.php(936): App\Controllers\Misdiagnosisdata->misdiagnosis('insert')
#7 /var/www/html/mymisdiagnosis/system/CodeIgniter.php(432): CodeIgniter\CodeIgniter->runController(Object(App\Controllers\Misdiagnosisdata))
#8 /var/www/html/mymisdiagnosis/system/CodeIgniter.php(333): CodeIgniter\CodeIgniter->handleRequest(NULL, Object(Config\Cache), false)
#9 /var/www/html/mymisdiagnosis/index.php(44): CodeIgniter\CodeIgniter->run()
#10 {main}
INFO - 2022-01-03 15:37:59 --> Session: Class initialized using 'CodeIgniter\Session\Handlers\FileHandler' driver.
INFO - 2022-01-03 15:37:59 --> Session: Class initialized using 'CodeIgniter\Session\Handlers\FileHandler' driver.
INFO - 2022-01-03 15:38:01 --> Session: Class initialized using 'CodeIgniter\Session\Handlers\FileHandler' driver.
INFO - 2022-01-03 15:38:01 --> Session: Class initialized using 'CodeIgniter\Session\Handlers\FileHandler' driver.
INFO - 2022-01-03 15:38:05 --> Session: Class initialized using 'CodeIgniter\Session\Handlers\FileHandler' driver.
INFO - 2022-01-03 15:39:14 --> Session: Class initialized using 'CodeIgniter\Session\Handlers\FileHandler' driver.
INFO - 2022-01-03 15:39:15 --> Session: Class initialized using 'CodeIgniter\Session\Handlers\FileHandler' driver.
INFO - 2022-01-03 15:39:17 --> Session: Class initialized using 'CodeIgniter\Session\Handlers\FileHandler' driver.
INFO - 2022-01-03 15:39:17 --> Session: Class initialized using 'CodeIgniter\Session\Handlers\FileHandler' driver.
INFO - 2022-01-03 15:39:20 --> Session: Class initialized using 'CodeIgniter\Session\Handlers\FileHandler' driver.
CRITICAL - 2022-01-03 15:39:58 --> syntax error, unexpected end of file
#0 /var/www/html/mymisdiagnosis/system/Router/Router.php(170): CodeIgniter\Router\Router->autoRoute('misdiagnosisdat...')
#1 /var/www/html/mymisdiagnosis/system/CodeIgniter.php(816): CodeIgniter\Router\Router->handle('misdiagnosisdat...')
#2 /var/www/html/mymisdiagnosis/system/CodeIgniter.php(385): CodeIgniter\CodeIgniter->tryToRouteIt(Object(CodeIgniter\Router\RouteCollection))
#3 /var/www/html/mymisdiagnosis/system/CodeIgniter.php(333): CodeIgniter\CodeIgniter->handleRequest(NULL, Object(Config\Cache), false)
#4 /var/www/html/mymisdiagnosis/index.php(44): CodeIgniter\CodeIgniter->run()
#5 {main}
CRITICAL - 2022-01-03 15:40:28 --> syntax error, unexpected end of file
#0 /var/www/html/mymisdiagnosis/system/Router/Router.php(170): CodeIgniter\Router\Router->autoRoute('misdiagnosisdat...')
#1 /var/www/html/mymisdiagnosis/system/CodeIgniter.php(816): CodeIgniter\Router\Router->handle('misdiagnosisdat...')
#2 /var/www/html/mymisdiagnosis/system/CodeIgniter.php(385): CodeIgniter\CodeIgniter->tryToRouteIt(Object(CodeIgniter\Router\RouteCollection))
#3 /var/www/html/mymisdiagnosis/system/CodeIgniter.php(333): CodeIgniter\CodeIgniter->handleRequest(NULL, Object(Config\Cache), false)
#4 /var/www/html/mymisdiagnosis/index.php(44): CodeIgniter\CodeIgniter->run()
#5 {main}
INFO - 2022-01-03 15:41:13 --> Session: Class initialized using 'CodeIgniter\Session\Handlers\FileHandler' driver.
INFO - 2022-01-03 15:41:13 --> Session: Class initialized using 'CodeIgniter\Session\Handlers\FileHandler' driver.
INFO - 2022-01-03 15:41:15 --> Session: Class initialized using 'CodeIgniter\Session\Handlers\FileHandler' driver.
INFO - 2022-01-03 15:41:15 --> Session: Class initialized using 'CodeIgniter\Session\Handlers\FileHandler' driver.
INFO - 2022-01-03 15:41:18 --> Session: Class initialized using 'CodeIgniter\Session\Handlers\FileHandler' driver.
INFO - 2022-01-03 15:42:49 --> Session: Class initialized using 'CodeIgniter\Session\Handlers\FileHandler' driver.
INFO - 2022-01-03 15:42:49 --> Session: Class initialized using 'CodeIgniter\Session\Handlers\FileHandler' driver.
INFO - 2022-01-03 15:43:07 --> Session: Class initialized using 'CodeIgniter\Session\Handlers\FileHandler' driver.
INFO - 2022-01-03 15:43:08 --> Session: Class initialized using 'CodeIgniter\Session\Handlers\FileHandler' driver.
INFO - 2022-01-03 15:43:11 --> Session: Class initialized using 'CodeIgniter\Session\Handlers\FileHandler' driver.
INFO - 2022-01-03 15:44:20 --> Session: Class initialized using 'CodeIgniter\Session\Handlers\FileHandler' driver.
INFO - 2022-01-03 15:44:20 --> Session: Class initialized using 'CodeIgniter\Session\Handlers\FileHandler' driver.
INFO - 2022-01-03 15:44:28 --> Session: Class initialized using 'CodeIgniter\Session\Handlers\FileHandler' driver.
INFO - 2022-01-03 15:44:28 --> Session: Class initialized using 'CodeIgniter\Session\Handlers\FileHandler' driver.
INFO - 2022-01-03 15:44:31 --> Session: Class initialized using 'CodeIgniter\Session\Handlers\FileHandler' driver.
INFO - 2022-01-03 15:45:19 --> Session: Class initialized using 'CodeIgniter\Session\Handlers\FileHandler' driver.
INFO - 2022-01-03 15:49:08 --> Session: Class initialized using 'CodeIgniter\Session\Handlers\FileHandler' driver.
INFO - 2022-01-03 15:49:09 --> Session: Class initialized using 'CodeIgniter\Session\Handlers\FileHandler' driver.
INFO - 2022-01-03 15:49:17 --> Session: Class initialized using 'CodeIgniter\Session\Handlers\FileHandler' driver.
INFO - 2022-01-03 15:49:18 --> Session: Class initialized using 'CodeIgniter\Session\Handlers\FileHandler' driver.
INFO - 2022-01-03 15:49:20 --> Session: Class initialized using 'CodeIgniter\Session\Handlers\FileHandler' driver.
INFO - 2022-01-03 15:51:01 --> Session: Class initialized using 'CodeIgniter\Session\Handlers\FileHandler' driver.
INFO - 2022-01-03 15:51:02 --> Session: Class initialized using 'CodeIgniter\Session\Handlers\FileHandler' driver.
INFO - 2022-01-03 15:51:09 --> Session: Class initialized using 'CodeIgniter\Session\Handlers\FileHandler' driver.
INFO - 2022-01-03 15:51:10 --> Session: Class initialized using 'CodeIgniter\Session\Handlers\FileHandler' driver.
INFO - 2022-01-03 15:51:12 --> Session: Class initialized using 'CodeIgniter\Session\Handlers\FileHandler' driver.
INFO - 2022-01-03 15:52:07 --> Session: Class initialized using 'CodeIgniter\Session\Handlers\FileHandler' driver.
INFO - 2022-01-03 15:52:07 --> Session: Class initialized using 'CodeIgniter\Session\Handlers\FileHandler' driver.
INFO - 2022-01-03 15:52:15 --> Session: Class initialized using 'CodeIgniter\Session\Handlers\FileHandler' driver.
INFO - 2022-01-03 15:52:15 --> Session: Class initialized using 'CodeIgniter\Session\Handlers\FileHandler' driver.
INFO - 2022-01-03 15:52:18 --> Session: Class initialized using 'CodeIgniter\Session\Handlers\FileHandler' driver.
INFO - 2022-01-03 15:52:27 --> Session: Class initialized using 'CodeIgniter\Session\Handlers\FileHandler' driver.
INFO - 2022-01-03 15:52:28 --> Session: Class initialized using 'CodeIgniter\Session\Handlers\FileHandler' driver.
INFO - 2022-01-03 15:53:34 --> Session: Class initialized using 'CodeIgniter\Session\Handlers\FileHandler' driver.
INFO - 2022-01-03 15:53:41 --> Session: Class initialized using 'CodeIgniter\Session\Handlers\FileHandler' driver.
INFO - 2022-01-03 15:55:14 --> Session: Class initialized using 'CodeIgniter\Session\Handlers\FileHandler' driver.
INFO - 2022-01-03 15:55:16 --> Session: Class initialized using 'CodeIgniter\Session\Handlers\FileHandler' driver.
INFO - 2022-01-03 15:55:16 --> Session: Class initialized using 'CodeIgniter\Session\Handlers\FileHandler' driver.
INFO - 2022-01-03 15:55:23 --> Session: Class initialized using 'CodeIgniter\Session\Handlers\FileHandler' driver.
INFO - 2022-01-03 15:55:23 --> Session: Class initialized using 'CodeIgniter\Session\Handlers\FileHandler' driver.
INFO - 2022-01-03 15:55:26 --> Session: Class initialized using 'CodeIgniter\Session\Handlers\FileHandler' driver.
INFO - 2022-01-03 15:55:43 --> Session: Class initialized using 'CodeIgniter\Session\Handlers\FileHandler' driver.
INFO - 2022-01-03 15:55:43 --> Session: Class initialized using 'CodeIgniter\Session\Handlers\FileHandler' driver.
INFO - 2022-01-03 15:55:52 --> Session: Class initialized using 'CodeIgniter\Session\Handlers\FileHandler' driver.
INFO - 2022-01-03 15:55:52 --> Session: Class initialized using 'CodeIgniter\Session\Handlers\FileHandler' driver.
INFO - 2022-01-03 15:58:19 --> Session: Class initialized using 'CodeIgniter\Session\Handlers\FileHandler' driver.
INFO - 2022-01-03 15:58:19 --> Session: Class initialized using 'CodeIgniter\Session\Handlers\FileHandler' driver.
INFO - 2022-01-03 15:58:28 --> Session: Class initialized using 'CodeIgniter\Session\Handlers\FileHandler' driver.
INFO - 2022-01-03 15:58:28 --> Session: Class initialized using 'CodeIgniter\Session\Handlers\FileHandler' driver.
INFO - 2022-01-03 15:58:31 --> Session: Class initialized using 'CodeIgniter\Session\Handlers\FileHandler' driver.
INFO - 2022-01-03 15:59:43 --> Session: Class initialized using 'CodeIgniter\Session\Handlers\FileHandler' driver.
INFO - 2022-01-03 15:59:43 --> Session: Class initialized using 'CodeIgniter\Session\Handlers\FileHandler' driver.
INFO - 2022-01-03 15:59:49 --> Session: Class initialized using 'CodeIgniter\Session\Handlers\FileHandler' driver.
INFO - 2022-01-03 15:59:49 --> Session: Class initialized using 'CodeIgniter\Session\Handlers\FileHandler' driver.
INFO - 2022-01-03 15:59:52 --> Session: Class initialized using 'CodeIgniter\Session\Handlers\FileHandler' driver.
INFO - 2022-01-03 16:01:17 --> Session: Class initialized using 'CodeIgniter\Session\Handlers\FileHandler' driver.
INFO - 2022-01-03 16:01:17 --> Session: Class initialized using 'CodeIgniter\Session\Handlers\FileHandler' driver.
INFO - 2022-01-03 16:01:24 --> Session: Class initialized using 'CodeIgniter\Session\Handlers\FileHandler' driver.
INFO - 2022-01-03 16:01:25 --> Session: Class initialized using 'CodeIgniter\Session\Handlers\FileHandler' driver.
INFO - 2022-01-03 16:01:28 --> Session: Class initialized using 'CodeIgniter\Session\Handlers\FileHandler' driver.
INFO - 2022-01-03 16:02:54 --> Session: Class initialized using 'CodeIgniter\Session\Handlers\FileHandler' driver.
INFO - 2022-01-03 16:02:54 --> Session: Class initialized using 'CodeIgniter\Session\Handlers\FileHandler' driver.
INFO - 2022-01-03 16:03:02 --> Session: Class initialized using 'CodeIgniter\Session\Handlers\FileHandler' driver.
INFO - 2022-01-03 16:03:02 --> Session: Class initialized using 'CodeIgniter\Session\Handlers\FileHandler' driver.
INFO - 2022-01-03 16:03:05 --> Session: Class initialized using 'CodeIgniter\Session\Handlers\FileHandler' driver.
INFO - 2022-01-03 16:04:29 --> Session: Class initialized using 'CodeIgniter\Session\Handlers\FileHandler' driver.
INFO - 2022-01-03 16:04:29 --> Session: Class initialized using 'CodeIgniter\Session\Handlers\FileHandler' driver.
INFO - 2022-01-03 16:05:08 --> Session: Class initialized using 'CodeIgniter\Session\Handlers\FileHandler' driver.
INFO - 2022-01-03 16:05:08 --> Session: Class initialized using 'CodeIgniter\Session\Handlers\FileHandler' driver.
INFO - 2022-01-03 16:05:15 --> Session: Class initialized using 'CodeIgniter\Session\Handlers\FileHandler' driver.
INFO - 2022-01-03 16:05:15 --> Session: Class initialized using 'CodeIgniter\Session\Handlers\FileHandler' driver.
INFO - 2022-01-03 16:05:18 --> Session: Class initialized using 'CodeIgniter\Session\Handlers\FileHandler' driver.
INFO - 2022-01-03 16:09:16 --> Session: Class initialized using 'CodeIgniter\Session\Handlers\FileHandler' driver.
INFO - 2022-01-03 16:09:17 --> Session: Class initialized using 'CodeIgniter\Session\Handlers\FileHandler' driver.
INFO - 2022-01-03 16:09:27 --> Session: Class initialized using 'CodeIgniter\Session\Handlers\FileHandler' driver.
INFO - 2022-01-03 16:09:27 --> Session: Class initialized using 'CodeIgniter\Session\Handlers\FileHandler' driver.
INFO - 2022-01-03 16:09:30 --> Session: Class initialized using 'CodeIgniter\Session\Handlers\FileHandler' driver.
INFO - 2022-01-03 16:14:06 --> Session: Class initialized using 'CodeIgniter\Session\Handlers\FileHandler' driver.
INFO - 2022-01-03 16:14:14 --> Session: Class initialized using 'CodeIgniter\Session\Handlers\FileHandler' driver.
INFO - 2022-01-03 16:14:14 --> Session: Class initialized using 'CodeIgniter\Session\Handlers\FileHandler' driver.
INFO - 2022-01-03 16:14:40 --> Session: Class initialized using 'CodeIgniter\Session\Handlers\FileHandler' driver.
INFO - 2022-01-03 16:14:42 --> Session: Class initialized using 'CodeIgniter\Session\Handlers\FileHandler' driver.
INFO - 2022-01-03 16:14:43 --> Session: Class initialized using 'CodeIgniter\Session\Handlers\FileHandler' driver.
INFO - 2022-01-03 16:14:57 --> Session: Class initialized using 'CodeIgniter\Session\Handlers\FileHandler' driver.
INFO - 2022-01-03 16:14:57 --> Session: Class initialized using 'CodeIgniter\Session\Handlers\FileHandler' driver.
INFO - 2022-01-03 16:15:01 --> Session: Class initialized using 'CodeIgniter\Session\Handlers\FileHandler' driver.
INFO - 2022-01-03 16:15:31 --> Session: Class initialized using 'CodeIgniter\Session\Handlers\FileHandler' driver.
INFO - 2022-01-03 16:15:32 --> Session: Class initialized using 'CodeIgniter\Session\Handlers\FileHandler' driver.
INFO - 2022-01-03 16:15:40 --> Session: Class initialized using 'CodeIgniter\Session\Handlers\FileHandler' driver.
INFO - 2022-01-03 16:15:40 --> Session: Class initialized using 'CodeIgniter\Session\Handlers\FileHandler' driver.
INFO - 2022-01-03 16:15:44 --> Session: Class initialized using 'CodeIgniter\Session\Handlers\FileHandler' driver.
INFO - 2022-01-03 16:17:25 --> Session: Class initialized using 'CodeIgniter\Session\Handlers\FileHandler' driver.
INFO - 2022-01-03 16:19:33 --> Session: Class initialized using 'CodeIgniter\Session\Handlers\FileHandler' driver.
INFO - 2022-01-03 16:19:33 --> Session: Class initialized using 'CodeIgniter\Session\Handlers\FileHandler' driver.
CRITICAL - 2022-01-03 16:19:33 --> Undefined property: stdClass::$insertId
#0 /var/www/html/mymisdiagnosis/app/Controllers/Misdiagnosisdata.php(426): CodeIgniter\Debug\Exceptions->errorHandler(8, 'Undefined prope...', '/var/www/html/m...', 426, Array)
#1 [internal function]: App\Controllers\Misdiagnosisdata->after_edit(Object(stdClass))
#2 /var/www/html/mymisdiagnosis/app/Libraries/GroceryCrud.php(1130): call_user_func(Array, Object(stdClass))
#3 /var/www/html/mymisdiagnosis/app/Libraries/GroceryCrud.php(4570): App\Libraries\grocery_CRUD_Model_Driver->db_update(Object(stdClass))
#4 /var/www/html/mymisdiagnosis/app/Controllers/Misdiagnosisdata.php(168): App\Libraries\GroceryCrud->render()
#5 /var/www/html/mymisdiagnosis/system/CodeIgniter.php(936): App\Controllers\Misdiagnosisdata->misdiagnosis('update', '246')
#6 /var/www/html/mymisdiagnosis/system/CodeIgniter.php(432): CodeIgniter\CodeIgniter->runController(Object(App\Controllers\Misdiagnosisdata))
#7 /var/www/html/mymisdiagnosis/system/CodeIgniter.php(333): CodeIgniter\CodeIgniter->handleRequest(NULL, Object(Config\Cache), false)
#8 /var/www/html/mymisdiagnosis/index.php(44): CodeIgniter\CodeIgniter->run()
#9 {main}
INFO - 2022-01-03 16:20:02 --> Session: Class initialized using 'CodeIgniter\Session\Handlers\FileHandler' driver.
INFO - 2022-01-03 16:22:28 --> Session: Class initialized using 'CodeIgniter\Session\Handlers\FileHandler' driver.
INFO - 2022-01-03 16:22:30 --> Session: Class initialized using 'CodeIgniter\Session\Handlers\FileHandler' driver.
INFO - 2022-01-03 16:22:31 --> Session: Class initialized using 'CodeIgniter\Session\Handlers\FileHandler' driver.
INFO - 2022-01-03 16:22:33 --> Session: Class initialized using 'CodeIgniter\Session\Handlers\FileHandler' driver.
INFO - 2022-01-03 16:23:27 --> Session: Class initialized using 'CodeIgniter\Session\Handlers\FileHandler' driver.
INFO - 2022-01-03 16:23:38 --> Session: Class initialized using 'CodeIgniter\Session\Handlers\FileHandler' driver.
INFO - 2022-01-03 16:23:48 --> Session: Class initialized using 'CodeIgniter\Session\Handlers\FileHandler' driver.
INFO - 2022-01-03 16:23:48 --> Session: Class initialized using 'CodeIgniter\Session\Handlers\FileHandler' driver.
INFO - 2022-01-03 16:23:50 --> Session: Class initialized using 'CodeIgniter\Session\Handlers\FileHandler' driver.
INFO - 2022-01-03 16:25:47 --> Session: Class initialized using 'CodeIgniter\Session\Handlers\FileHandler' driver.
INFO - 2022-01-03 16:25:50 --> Session: Class initialized using 'CodeIgniter\Session\Handlers\FileHandler' driver.
INFO - 2022-01-03 16:25:50 --> Session: Class initialized using 'CodeIgniter\Session\Handlers\FileHandler' driver.
INFO - 2022-01-03 16:25:52 --> Session: Class initialized using 'CodeIgniter\Session\Handlers\FileHandler' driver.
INFO - 2022-01-03 16:26:32 --> Session: Class initialized using 'CodeIgniter\Session\Handlers\FileHandler' driver.
INFO - 2022-01-03 16:26:32 --> Session: Class initialized using 'CodeIgniter\Session\Handlers\FileHandler' driver.
INFO - 2022-01-03 16:26:34 --> Session: Class initialized using 'CodeIgniter\Session\Handlers\FileHandler' driver.
INFO - 2022-01-03 16:26:34 --> Session: Class initialized using 'CodeIgniter\Session\Handlers\FileHandler' driver.
INFO - 2022-01-03 16:28:18 --> Session: Class initialized using 'CodeIgniter\Session\Handlers\FileHandler' driver.
INFO - 2022-01-03 16:28:19 --> Session: Class initialized using 'CodeIgniter\Session\Handlers\FileHandler' driver.
INFO - 2022-01-03 16:28:28 --> Session: Class initialized using 'CodeIgniter\Session\Handlers\FileHandler' driver.
INFO - 2022-01-03 16:28:28 --> Session: Class initialized using 'CodeIgniter\Session\Handlers\FileHandler' driver.
INFO - 2022-01-03 16:28:32 --> Session: Class initialized using 'CodeIgniter\Session\Handlers\FileHandler' driver.
INFO - 2022-01-03 16:28:41 --> Session: Class initialized using 'CodeIgniter\Session\Handlers\FileHandler' driver.
INFO - 2022-01-03 16:28:45 --> Session: Class initialized using 'CodeIgniter\Session\Handlers\FileHandler' driver.
INFO - 2022-01-03 16:28:45 --> Session: Class initialized using 'CodeIgniter\Session\Handlers\FileHandler' driver.
INFO - 2022-01-03 16:28:48 --> Session: Class initialized using 'CodeIgniter\Session\Handlers\FileHandler' driver.
INFO - 2022-01-03 16:30:19 --> Session: Class initialized using 'CodeIgniter\Session\Handlers\FileHandler' driver.
INFO - 2022-01-03 16:30:21 --> Session: Class initialized using 'CodeIgniter\Session\Handlers\FileHandler' driver.
INFO - 2022-01-03 16:30:21 --> Session: Class initialized using 'CodeIgniter\Session\Handlers\FileHandler' driver.
CRITICAL - 2022-01-03 16:30:22 --> Undefined variable: baseURL
#0 /var/www/html/mymisdiagnosis/app/Controllers/Misdiagnosisdata.php(441): CodeIgniter\Debug\Exceptions->errorHandler(8, 'Undefined varia...', '/var/www/html/m...', 441, Array)
#1 [internal function]: App\Controllers\Misdiagnosisdata->after_edit(Object(stdClass))
#2 /var/www/html/mymisdiagnosis/app/Libraries/GroceryCrud.php(1130): call_user_func(Array, Object(stdClass))
#3 /var/www/html/mymisdiagnosis/app/Libraries/GroceryCrud.php(4570): App\Libraries\grocery_CRUD_Model_Driver->db_update(Object(stdClass))
#4 /var/www/html/mymisdiagnosis/app/Controllers/Misdiagnosisdata.php(168): App\Libraries\GroceryCrud->render()
#5 /var/www/html/mymisdiagnosis/system/CodeIgniter.php(936): App\Controllers\Misdiagnosisdata->misdiagnosis('update', '247')
#6 /var/www/html/mymisdiagnosis/system/CodeIgniter.php(432): CodeIgniter\CodeIgniter->runController(Object(App\Controllers\Misdiagnosisdata))
#7 /var/www/html/mymisdiagnosis/system/CodeIgniter.php(333): CodeIgniter\CodeIgniter->handleRequest(NULL, Object(Config\Cache), false)
#8 /var/www/html/mymisdiagnosis/index.php(44): CodeIgniter\CodeIgniter->run()
#9 {main}
INFO - 2022-01-03 16:33:38 --> Session: Class initialized using 'CodeIgniter\Session\Handlers\FileHandler' driver.
INFO - 2022-01-03 16:33:38 --> Session: Class initialized using 'CodeIgniter\Session\Handlers\FileHandler' driver.
CRITICAL - 2022-01-03 16:33:38 --> Use of undefined constant BASE_URL - assumed 'BASE_URL' (this will throw an Error in a future version of PHP)
#0 /var/www/html/mymisdiagnosis/app/Controllers/Misdiagnosisdata.php(441): CodeIgniter\Debug\Exceptions->errorHandler(2, 'Use of undefine...', '/var/www/html/m...', 441, Array)
#1 [internal function]: App\Controllers\Misdiagnosisdata->after_edit(Object(stdClass))
#2 /var/www/html/mymisdiagnosis/app/Libraries/GroceryCrud.php(1130): call_user_func(Array, Object(stdClass))
#3 /var/www/html/mymisdiagnosis/app/Libraries/GroceryCrud.php(4570): App\Libraries\grocery_CRUD_Model_Driver->db_update(Object(stdClass))
#4 /var/www/html/mymisdiagnosis/app/Controllers/Misdiagnosisdata.php(168): App\Libraries\GroceryCrud->render()
#5 /var/www/html/mymisdiagnosis/system/CodeIgniter.php(936): App\Controllers\Misdiagnosisdata->misdiagnosis('update', '247')
#6 /var/www/html/mymisdiagnosis/system/CodeIgniter.php(432): CodeIgniter\CodeIgniter->runController(Object(App\Controllers\Misdiagnosisdata))
#7 /var/www/html/mymisdiagnosis/system/CodeIgniter.php(333): CodeIgniter\CodeIgniter->handleRequest(NULL, Object(Config\Cache), false)
#8 /var/www/html/mymisdiagnosis/index.php(44): CodeIgniter\CodeIgniter->run()
#9 {main}
INFO - 2022-01-03 16:33:41 --> Session: Class initialized using 'CodeIgniter\Session\Handlers\FileHandler' driver.
INFO - 2022-01-03 16:33:43 --> Session: Class initialized using 'CodeIgniter\Session\Handlers\FileHandler' driver.
INFO - 2022-01-03 16:33:43 --> Session: Class initialized using 'CodeIgniter\Session\Handlers\FileHandler' driver.
CRITICAL - 2022-01-03 16:33:43 --> Use of undefined constant BASE_URL - assumed 'BASE_URL' (this will throw an Error in a future version of PHP)
#0 /var/www/html/mymisdiagnosis/app/Controllers/Misdiagnosisdata.php(441): CodeIgniter\Debug\Exceptions->errorHandler(2, 'Use of undefine...', '/var/www/html/m...', 441, Array)
#1 [internal function]: App\Controllers\Misdiagnosisdata->after_edit(Object(stdClass))
#2 /var/www/html/mymisdiagnosis/app/Libraries/GroceryCrud.php(1130): call_user_func(Array, Object(stdClass))
#3 /var/www/html/mymisdiagnosis/app/Libraries/GroceryCrud.php(4570): App\Libraries\grocery_CRUD_Model_Driver->db_update(Object(stdClass))
#4 /var/www/html/mymisdiagnosis/app/Controllers/Misdiagnosisdata.php(168): App\Libraries\GroceryCrud->render()
#5 /var/www/html/mymisdiagnosis/system/CodeIgniter.php(936): App\Controllers\Misdiagnosisdata->misdiagnosis('update', '247')
#6 /var/www/html/mymisdiagnosis/system/CodeIgniter.php(432): CodeIgniter\CodeIgniter->runController(Object(App\Controllers\Misdiagnosisdata))
#7 /var/www/html/mymisdiagnosis/system/CodeIgniter.php(333): CodeIgniter\CodeIgniter->handleRequest(NULL, Object(Config\Cache), false)
#8 /var/www/html/mymisdiagnosis/index.php(44): CodeIgniter\CodeIgniter->run()
#9 {main}
INFO - 2022-01-03 16:37:07 --> Session: Class initialized using 'CodeIgniter\Session\Handlers\FileHandler' driver.
INFO - 2022-01-03 16:37:09 --> Session: Class initialized using 'CodeIgniter\Session\Handlers\FileHandler' driver.
INFO - 2022-01-03 16:37:09 --> Session: Class initialized using 'CodeIgniter\Session\Handlers\FileHandler' driver.
CRITICAL - 2022-01-03 16:37:09 --> Use of undefined constant base_url - assumed 'base_url' (this will throw an Error in a future version of PHP)
#0 /var/www/html/mymisdiagnosis/app/Controllers/Misdiagnosisdata.php(441): CodeIgniter\Debug\Exceptions->errorHandler(2, 'Use of undefine...', '/var/www/html/m...', 441, Array)
#1 [internal function]: App\Controllers\Misdiagnosisdata->after_edit(Object(stdClass))
#2 /var/www/html/mymisdiagnosis/app/Libraries/GroceryCrud.php(1130): call_user_func(Array, Object(stdClass))
#3 /var/www/html/mymisdiagnosis/app/Libraries/GroceryCrud.php(4570): App\Libraries\grocery_CRUD_Model_Driver->db_update(Object(stdClass))
#4 /var/www/html/mymisdiagnosis/app/Controllers/Misdiagnosisdata.php(168): App\Libraries\GroceryCrud->render()
#5 /var/www/html/mymisdiagnosis/system/CodeIgniter.php(936): App\Controllers\Misdiagnosisdata->misdiagnosis('update', '247')
#6 /var/www/html/mymisdiagnosis/system/CodeIgniter.php(432): CodeIgniter\CodeIgniter->runController(Object(App\Controllers\Misdiagnosisdata))
#7 /var/www/html/mymisdiagnosis/system/CodeIgniter.php(333): CodeIgniter\CodeIgniter->handleRequest(NULL, Object(Config\Cache), false)
#8 /var/www/html/mymisdiagnosis/index.php(44): CodeIgniter\CodeIgniter->run()
#9 {main}
INFO - 2022-01-03 16:40:56 --> Session: Class initialized using 'CodeIgniter\Session\Handlers\FileHandler' driver.
INFO - 2022-01-03 16:41:01 --> Session: Class initialized using 'CodeIgniter\Session\Handlers\FileHandler' driver.
INFO - 2022-01-03 16:41:01 --> Session: Class initialized using 'CodeIgniter\Session\Handlers\FileHandler' driver.
CRITICAL - 2022-01-03 16:41:01 --> Undefined property: App\Controllers\Misdiagnosisdata::$load
#0 /var/www/html/mymisdiagnosis/app/Controllers/Misdiagnosisdata.php(422): CodeIgniter\Debug\Exceptions->errorHandler(8, 'Undefined prope...', '/var/www/html/m...', 422, Array)
#1 [internal function]: App\Controllers\Misdiagnosisdata->after_edit(Object(stdClass))
#2 /var/www/html/mymisdiagnosis/app/Libraries/GroceryCrud.php(1130): call_user_func(Array, Object(stdClass))
#3 /var/www/html/mymisdiagnosis/app/Libraries/GroceryCrud.php(4570): App\Libraries\grocery_CRUD_Model_Driver->db_update(Object(stdClass))
#4 /var/www/html/mymisdiagnosis/app/Controllers/Misdiagnosisdata.php(168): App\Libraries\GroceryCrud->render()
#5 /var/www/html/mymisdiagnosis/system/CodeIgniter.php(936): App\Controllers\Misdiagnosisdata->misdiagnosis('update', '247')
#6 /var/www/html/mymisdiagnosis/system/CodeIgniter.php(432): CodeIgniter\CodeIgniter->runController(Object(App\Controllers\Misdiagnosisdata))
#7 /var/www/html/mymisdiagnosis/system/CodeIgniter.php(333): CodeIgniter\CodeIgniter->handleRequest(NULL, Object(Config\Cache), false)
#8 /var/www/html/mymisdiagnosis/index.php(44): CodeIgniter\CodeIgniter->run()
#9 {main}
INFO - 2022-01-03 16:41:21 --> Session: Class initialized using 'CodeIgniter\Session\Handlers\FileHandler' driver.
INFO - 2022-01-03 16:41:23 --> Session: Class initialized using 'CodeIgniter\Session\Handlers\FileHandler' driver.
INFO - 2022-01-03 16:41:23 --> Session: Class initialized using 'CodeIgniter\Session\Handlers\FileHandler' driver.
CRITICAL - 2022-01-03 16:41:23 --> Undefined property: App\Controllers\Misdiagnosisdata::$load
#0 /var/www/html/mymisdiagnosis/app/Controllers/Misdiagnosisdata.php(422): CodeIgniter\Debug\Exceptions->errorHandler(8, 'Undefined prope...', '/var/www/html/m...', 422, Array)
#1 [internal function]: App\Controllers\Misdiagnosisdata->after_edit(Object(stdClass))
#2 /var/www/html/mymisdiagnosis/app/Libraries/GroceryCrud.php(1130): call_user_func(Array, Object(stdClass))
#3 /var/www/html/mymisdiagnosis/app/Libraries/GroceryCrud.php(4570): App\Libraries\grocery_CRUD_Model_Driver->db_update(Object(stdClass))
#4 /var/www/html/mymisdiagnosis/app/Controllers/Misdiagnosisdata.php(168): App\Libraries\GroceryCrud->render()
#5 /var/www/html/mymisdiagnosis/system/CodeIgniter.php(936): App\Controllers\Misdiagnosisdata->misdiagnosis('update', '247')
#6 /var/www/html/mymisdiagnosis/system/CodeIgniter.php(432): CodeIgniter\CodeIgniter->runController(Object(App\Controllers\Misdiagnosisdata))
#7 /var/www/html/mymisdiagnosis/system/CodeIgniter.php(333): CodeIgniter\CodeIgniter->handleRequest(NULL, Object(Config\Cache), false)
#8 /var/www/html/mymisdiagnosis/index.php(44): CodeIgniter\CodeIgniter->run()
#9 {main}
INFO - 2022-01-03 16:43:17 --> Session: Class initialized using 'CodeIgniter\Session\Handlers\FileHandler' driver.
INFO - 2022-01-03 16:43:20 --> Session: Class initialized using 'CodeIgniter\Session\Handlers\FileHandler' driver.
INFO - 2022-01-03 16:43:20 --> Session: Class initialized using 'CodeIgniter\Session\Handlers\FileHandler' driver.
CRITICAL - 2022-01-03 16:43:20 --> Undefined property: App\Controllers\Misdiagnosisdata::$load
#0 /var/www/html/mymisdiagnosis/app/Controllers/Misdiagnosisdata.php(423): CodeIgniter\Debug\Exceptions->errorHandler(8, 'Undefined prope...', '/var/www/html/m...', 423, Array)
#1 [internal function]: App\Controllers\Misdiagnosisdata->after_edit(Object(stdClass))
#2 /var/www/html/mymisdiagnosis/app/Libraries/GroceryCrud.php(1130): call_user_func(Array, Object(stdClass))
#3 /var/www/html/mymisdiagnosis/app/Libraries/GroceryCrud.php(4570): App\Libraries\grocery_CRUD_Model_Driver->db_update(Object(stdClass))
#4 /var/www/html/mymisdiagnosis/app/Controllers/Misdiagnosisdata.php(169): App\Libraries\GroceryCrud->render()
#5 /var/www/html/mymisdiagnosis/system/CodeIgniter.php(936): App\Controllers\Misdiagnosisdata->misdiagnosis('update', '247')
#6 /var/www/html/mymisdiagnosis/system/CodeIgniter.php(432): CodeIgniter\CodeIgniter->runController(Object(App\Controllers\Misdiagnosisdata))
#7 /var/www/html/mymisdiagnosis/system/CodeIgniter.php(333): CodeIgniter\CodeIgniter->handleRequest(NULL, Object(Config\Cache), false)
#8 /var/www/html/mymisdiagnosis/index.php(44): CodeIgniter\CodeIgniter->run()
#9 {main}
INFO - 2022-01-03 16:44:57 --> Session: Class initialized using 'CodeIgniter\Session\Handlers\FileHandler' driver.
CRITICAL - 2022-01-03 16:44:57 --> Undefined property: App\Controllers\Misdiagnosisdata::$load
#0 /var/www/html/mymisdiagnosis/app/Controllers/Misdiagnosisdata.php(21): CodeIgniter\Debug\Exceptions->errorHandler(8, 'Undefined prope...', '/var/www/html/m...', 21, Array)
#1 /var/www/html/mymisdiagnosis/system/CodeIgniter.php(908): App\Controllers\Misdiagnosisdata->__construct()
#2 /var/www/html/mymisdiagnosis/system/CodeIgniter.php(422): CodeIgniter\CodeIgniter->createController()
#3 /var/www/html/mymisdiagnosis/system/CodeIgniter.php(333): CodeIgniter\CodeIgniter->handleRequest(NULL, Object(Config\Cache), false)
#4 /var/www/html/mymisdiagnosis/index.php(44): CodeIgniter\CodeIgniter->run()
#5 {main}
INFO - 2022-01-03 16:45:12 --> Session: Class initialized using 'CodeIgniter\Session\Handlers\FileHandler' driver.
INFO - 2022-01-03 16:46:52 --> Session: Class initialized using 'CodeIgniter\Session\Handlers\FileHandler' driver.
INFO - 2022-01-03 16:46:54 --> Session: Class initialized using 'CodeIgniter\Session\Handlers\FileHandler' driver.
INFO - 2022-01-03 16:46:55 --> Session: Class initialized using 'CodeIgniter\Session\Handlers\FileHandler' driver.
CRITICAL - 2022-01-03 16:46:55 --> Undefined variable: site_url
#0 /var/www/html/mymisdiagnosis/app/Controllers/Misdiagnosisdata.php(441): CodeIgniter\Debug\Exceptions->errorHandler(8, 'Undefined varia...', '/var/www/html/m...', 441, Array)
#1 [internal function]: App\Controllers\Misdiagnosisdata->after_edit(Object(stdClass))
#2 /var/www/html/mymisdiagnosis/app/Libraries/GroceryCrud.php(1130): call_user_func(Array, Object(stdClass))
#3 /var/www/html/mymisdiagnosis/app/Libraries/GroceryCrud.php(4570): App\Libraries\grocery_CRUD_Model_Driver->db_update(Object(stdClass))
#4 /var/www/html/mymisdiagnosis/app/Controllers/Misdiagnosisdata.php(168): App\Libraries\GroceryCrud->render()
#5 /var/www/html/mymisdiagnosis/system/CodeIgniter.php(936): App\Controllers\Misdiagnosisdata->misdiagnosis('update', '247')
#6 /var/www/html/mymisdiagnosis/system/CodeIgniter.php(432): CodeIgniter\CodeIgniter->runController(Object(App\Controllers\Misdiagnosisdata))
#7 /var/www/html/mymisdiagnosis/system/CodeIgniter.php(333): CodeIgniter\CodeIgniter->handleRequest(NULL, Object(Config\Cache), false)
#8 /var/www/html/mymisdiagnosis/index.php(44): CodeIgniter\CodeIgniter->run()
#9 {main}
INFO - 2022-01-03 16:47:10 --> Session: Class initialized using 'CodeIgniter\Session\Handlers\FileHandler' driver.
INFO - 2022-01-03 16:47:12 --> Session: Class initialized using 'CodeIgniter\Session\Handlers\FileHandler' driver.
INFO - 2022-01-03 16:47:13 --> Session: Class initialized using 'CodeIgniter\Session\Handlers\FileHandler' driver.
CRITICAL - 2022-01-03 16:47:13 --> Use of undefined constant site_url - assumed 'site_url' (this will throw an Error in a future version of PHP)
#0 /var/www/html/mymisdiagnosis/app/Controllers/Misdiagnosisdata.php(441): CodeIgniter\Debug\Exceptions->errorHandler(2, 'Use of undefine...', '/var/www/html/m...', 441, Array)
#1 [internal function]: App\Controllers\Misdiagnosisdata->after_edit(Object(stdClass))
#2 /var/www/html/mymisdiagnosis/app/Libraries/GroceryCrud.php(1130): call_user_func(Array, Object(stdClass))
#3 /var/www/html/mymisdiagnosis/app/Libraries/GroceryCrud.php(4570): App\Libraries\grocery_CRUD_Model_Driver->db_update(Object(stdClass))
#4 /var/www/html/mymisdiagnosis/app/Controllers/Misdiagnosisdata.php(168): App\Libraries\GroceryCrud->render()
#5 /var/www/html/mymisdiagnosis/system/CodeIgniter.php(936): App\Controllers\Misdiagnosisdata->misdiagnosis('update', '247')
#6 /var/www/html/mymisdiagnosis/system/CodeIgniter.php(432): CodeIgniter\CodeIgniter->runController(Object(App\Controllers\Misdiagnosisdata))
#7 /var/www/html/mymisdiagnosis/system/CodeIgniter.php(333): CodeIgniter\CodeIgniter->handleRequest(NULL, Object(Config\Cache), false)
#8 /var/www/html/mymisdiagnosis/index.php(44): CodeIgniter\CodeIgniter->run()
#9 {main}
INFO - 2022-01-03 16:49:04 --> Session: Class initialized using 'CodeIgniter\Session\Handlers\FileHandler' driver.
INFO - 2022-01-03 16:49:06 --> Session: Class initialized using 'CodeIgniter\Session\Handlers\FileHandler' driver.
INFO - 2022-01-03 16:49:07 --> Session: Class initialized using 'CodeIgniter\Session\Handlers\FileHandler' driver.
INFO - 2022-01-03 16:49:11 --> Session: Class initialized using 'CodeIgniter\Session\Handlers\FileHandler' driver.
INFO - 2022-01-03 16:49:38 --> Session: Class initialized using 'CodeIgniter\Session\Handlers\FileHandler' driver.
INFO - 2022-01-03 16:49:40 --> Session: Class initialized using 'CodeIgniter\Session\Handlers\FileHandler' driver.
INFO - 2022-01-03 16:49:40 --> Session: Class initialized using 'CodeIgniter\Session\Handlers\FileHandler' driver.
INFO - 2022-01-03 16:49:43 --> Session: Class initialized using 'CodeIgniter\Session\Handlers\FileHandler' driver.
INFO - 2022-01-03 16:55:07 --> Session: Class initialized using 'CodeIgniter\Session\Handlers\FileHandler' driver.
INFO - 2022-01-03 16:55:10 --> Session: Class initialized using 'CodeIgniter\Session\Handlers\FileHandler' driver.
INFO - 2022-01-03 16:55:10 --> Session: Class initialized using 'CodeIgniter\Session\Handlers\FileHandler' driver.
INFO - 2022-01-03 16:55:13 --> Session: Class initialized using 'CodeIgniter\Session\Handlers\FileHandler' driver.
INFO - 2022-01-03 16:57:00 --> Session: Class initialized using 'CodeIgniter\Session\Handlers\FileHandler' driver.
INFO - 2022-01-03 16:57:02 --> Session: Class initialized using 'CodeIgniter\Session\Handlers\FileHandler' driver.
INFO - 2022-01-03 16:57:02 --> Session: Class initialized using 'CodeIgniter\Session\Handlers\FileHandler' driver.
INFO - 2022-01-03 16:57:06 --> Session: Class initialized using 'CodeIgniter\Session\Handlers\FileHandler' driver.
INFO - 2022-01-03 17:02:11 --> Session: Class initialized using 'CodeIgniter\Session\Handlers\FileHandler' driver.
INFO - 2022-01-03 17:02:13 --> Session: Class initialized using 'CodeIgniter\Session\Handlers\FileHandler' driver.
INFO - 2022-01-03 17:02:14 --> Session: Class initialized using 'CodeIgniter\Session\Handlers\FileHandler' driver.
INFO - 2022-01-03 17:02:18 --> Session: Class initialized using 'CodeIgniter\Session\Handlers\FileHandler' driver.
INFO - 2022-01-03 17:03:10 --> Session: Class initialized using 'CodeIgniter\Session\Handlers\FileHandler' driver.
INFO - 2022-01-03 17:03:13 --> Session: Class initialized using 'CodeIgniter\Session\Handlers\FileHandler' driver.
INFO - 2022-01-03 17:03:13 --> Session: Class initialized using 'CodeIgniter\Session\Handlers\FileHandler' driver.
INFO - 2022-01-03 17:03:16 --> Session: Class initialized using 'CodeIgniter\Session\Handlers\FileHandler' driver.
INFO - 2022-01-03 17:03:26 --> Session: Class initialized using 'CodeIgniter\Session\Handlers\FileHandler' driver.
INFO - 2022-01-03 17:04:41 --> Session: Class initialized using 'CodeIgniter\Session\Handlers\FileHandler' driver.
INFO - 2022-01-03 17:04:43 --> Session: Class initialized using 'CodeIgniter\Session\Handlers\FileHandler' driver.
INFO - 2022-01-03 17:04:43 --> Session: Class initialized using 'CodeIgniter\Session\Handlers\FileHandler' driver.
INFO - 2022-01-03 17:04:47 --> Session: Class initialized using 'CodeIgniter\Session\Handlers\FileHandler' driver.
INFO - 2022-01-03 17:06:14 --> Session: Class initialized using 'CodeIgniter\Session\Handlers\FileHandler' driver.
INFO - 2022-01-03 17:06:16 --> Session: Class initialized using 'CodeIgniter\Session\Handlers\FileHandler' driver.
INFO - 2022-01-03 17:06:16 --> Session: Class initialized using 'CodeIgniter\Session\Handlers\FileHandler' driver.
INFO - 2022-01-03 17:06:19 --> Session: Class initialized using 'CodeIgniter\Session\Handlers\FileHandler' driver.
INFO - 2022-01-03 17:06:50 --> Session: Class initialized using 'CodeIgniter\Session\Handlers\FileHandler' driver.
INFO - 2022-01-03 17:06:52 --> Session: Class initialized using 'CodeIgniter\Session\Handlers\FileHandler' driver.
INFO - 2022-01-03 17:06:52 --> Session: Class initialized using 'CodeIgniter\Session\Handlers\FileHandler' driver.
INFO - 2022-01-03 17:06:57 --> Session: Class initialized using 'CodeIgniter\Session\Handlers\FileHandler' driver.
INFO - 2022-01-03 17:08:23 --> Session: Class initialized using 'CodeIgniter\Session\Handlers\FileHandler' driver.
INFO - 2022-01-03 17:08:24 --> Session: Class initialized using 'CodeIgniter\Session\Handlers\FileHandler' driver.
INFO - 2022-01-03 17:08:43 --> Session: Class initialized using 'CodeIgniter\Session\Handlers\FileHandler' driver.
INFO - 2022-01-03 17:08:44 --> Session: Class initialized using 'CodeIgniter\Session\Handlers\FileHandler' driver.
INFO - 2022-01-03 17:08:47 --> Session: Class initialized using 'CodeIgniter\Session\Handlers\FileHandler' driver.
INFO - 2022-01-03 17:09:09 --> Session: Class initialized using 'CodeIgniter\Session\Handlers\FileHandler' driver.
INFO - 2022-01-03 17:09:21 --> Session: Class initialized using 'CodeIgniter\Session\Handlers\FileHandler' driver.
INFO - 2022-01-03 17:09:21 --> Session: Class initialized using 'CodeIgniter\Session\Handlers\FileHandler' driver.
INFO - 2022-01-03 17:09:25 --> Session: Class initialized using 'CodeIgniter\Session\Handlers\FileHandler' driver.
INFO - 2022-01-03 17:10:48 --> Session: Class initialized using 'CodeIgniter\Session\Handlers\FileHandler' driver.
INFO - 2022-01-03 17:10:58 --> Session: Class initialized using 'CodeIgniter\Session\Handlers\FileHandler' driver.
INFO - 2022-01-03 17:10:58 --> Session: Class initialized using 'CodeIgniter\Session\Handlers\FileHandler' driver.
INFO - 2022-01-03 17:11:03 --> Session: Class initialized using 'CodeIgniter\Session\Handlers\FileHandler' driver.
INFO - 2022-01-03 17:11:54 --> Session: Class initialized using 'CodeIgniter\Session\Handlers\FileHandler' driver.
WARNING - 2022-01-03 17:11:54 --> Session: Sessions is enabled, and one exists.Please don't $session->start();
INFO - 2022-01-03 17:11:57 --> Session: Class initialized using 'CodeIgniter\Session\Handlers\FileHandler' driver.
INFO - 2022-01-03 17:24:52 --> Session: Class initialized using 'CodeIgniter\Session\Handlers\FileHandler' driver.
INFO - 2022-01-03 17:27:34 --> Session: Class initialized using 'CodeIgniter\Session\Handlers\FileHandler' driver.
INFO - 2022-01-03 17:27:41 --> Session: Class initialized using 'CodeIgniter\Session\Handlers\FileHandler' driver.
INFO - 2022-01-03 17:27:43 --> Session: Class initialized using 'CodeIgniter\Session\Handlers\FileHandler' driver.
INFO - 2022-01-03 17:27:43 --> Session: Class initialized using 'CodeIgniter\Session\Handlers\FileHandler' driver.
INFO - 2022-01-03 17:28:20 --> Session: Class initialized using 'CodeIgniter\Session\Handlers\FileHandler' driver.
INFO - 2022-01-03 17:28:35 --> Session: Class initialized using 'CodeIgniter\Session\Handlers\FileHandler' driver.
INFO - 2022-01-03 17:28:36 --> Session: Class initialized using 'CodeIgniter\Session\Handlers\FileHandler' driver.
INFO - 2022-01-03 17:28:40 --> Session: Class initialized using 'CodeIgniter\Session\Handlers\FileHandler' driver.
INFO - 2022-01-03 17:28:41 --> Session: Class initialized using 'CodeIgniter\Session\Handlers\FileHandler' driver.
INFO - 2022-01-03 17:31:20 --> Session: Class initialized using 'CodeIgniter\Session\Handlers\FileHandler' driver.
INFO - 2022-01-03 17:31:22 --> Session: Class initialized using 'CodeIgniter\Session\Handlers\FileHandler' driver.
INFO - 2022-01-03 17:32:26 --> Session: Class initialized using 'CodeIgniter\Session\Handlers\FileHandler' driver.
INFO - 2022-01-03 17:33:57 --> Session: Class initialized using 'CodeIgniter\Session\Handlers\FileHandler' driver.
INFO - 2022-01-03 17:34:07 --> Session: Class initialized using 'CodeIgniter\Session\Handlers\FileHandler' driver.
INFO - 2022-01-03 17:34:08 --> Session: Class initialized using 'CodeIgniter\Session\Handlers\FileHandler' driver.
INFO - 2022-01-03 17:34:12 --> Session: Class initialized using 'CodeIgniter\Session\Handlers\FileHandler' driver.
INFO - 2022-01-03 17:34:19 --> Session: Class initialized using 'CodeIgniter\Session\Handlers\FileHandler' driver.
INFO - 2022-01-03 17:36:02 --> Session: Class initialized using 'CodeIgniter\Session\Handlers\FileHandler' driver.
INFO - 2022-01-03 17:36:11 --> Session: Class initialized using 'CodeIgniter\Session\Handlers\FileHandler' driver.
INFO - 2022-01-03 17:36:11 --> Session: Class initialized using 'CodeIgniter\Session\Handlers\FileHandler' driver.
INFO - 2022-01-03 17:36:15 --> Session: Class initialized using 'CodeIgniter\Session\Handlers\FileHandler' driver.
INFO - 2022-01-03 17:36:21 --> Session: Class initialized using 'CodeIgniter\Session\Handlers\FileHandler' driver.
INFO - 2022-01-03 17:36:26 --> Session: Class initialized using 'CodeIgniter\Session\Handlers\FileHandler' driver.
INFO - 2022-01-03 17:36:26 --> Session: Class initialized using 'CodeIgniter\Session\Handlers\FileHandler' driver.
INFO - 2022-01-03 17:36:29 --> Session: Class initialized using 'CodeIgniter\Session\Handlers\FileHandler' driver.
INFO - 2022-01-03 17:36:33 --> Session: Class initialized using 'CodeIgniter\Session\Handlers\FileHandler' driver.
INFO - 2022-01-03 17:38:50 --> Session: Class initialized using 'CodeIgniter\Session\Handlers\FileHandler' driver.
