CRITICAL - 2021-03-25 01:12:04 --> Call to undefined method App\Libraries\GroceryCrud::set_theme()
#0 /home/wwwinte/public_html/screening/system/CodeIgniter.php(936): App\Controllers\Examples->screening_management()
#1 /home/wwwinte/public_html/screening/system/CodeIgniter.php(432): CodeIgniter\CodeIgniter->runController(Object(App\Controllers\Examples))
#2 /home/wwwinte/public_html/screening/system/CodeIgniter.php(333): CodeIgniter\CodeIgniter->handleRequest(NULL, Object(Config\Cache), false)
#3 /home/wwwinte/public_html/screening/public/index.php(44): CodeIgniter\CodeIgniter->run()
#4 {main}
CRITICAL - 2021-03-25 06:12:22 --> Undefined property: App\Controllers\Auth::$load
#0 /home/wwwinte/public_html/screening/app/ThirdParty/IonAuth/Controllers/Auth.php(927): CodeIgniter\Debug\Exceptions->errorHandler(8, 'Undefined prope...', '/home/wwwinte/p...', 927, Array)
#1 /home/wwwinte/public_html/screening/app/ThirdParty/IonAuth/Controllers/Auth.php(173): IonAuth\Controllers\Auth->renderPage('IonAuth\\Views\\a...', Array)
#2 /home/wwwinte/public_html/screening/system/CodeIgniter.php(936): IonAuth\Controllers\Auth->login()
#3 /home/wwwinte/public_html/screening/system/CodeIgniter.php(432): CodeIgniter\CodeIgniter->runController(Object(App\Controllers\Auth))
#4 /home/wwwinte/public_html/screening/system/CodeIgniter.php(333): CodeIgniter\CodeIgniter->handleRequest(NULL, Object(Config\Cache), false)
#5 /home/wwwinte/public_html/screening/public/index.php(44): CodeIgniter\CodeIgniter->run()
#6 {main}
CRITICAL - 2021-03-25 06:14:20 --> Undefined method Ion_auth::view() called
#0 /home/wwwinte/public_html/screening/app/ThirdParty/IonAuth/Controllers/Auth.php(927): IonAuth\Libraries\IonAuth->__call('view', Array)
#1 /home/wwwinte/public_html/screening/app/ThirdParty/IonAuth/Controllers/Auth.php(173): IonAuth\Controllers\Auth->renderPage('IonAuth\\Views\\a...', Array)
#2 /home/wwwinte/public_html/screening/system/CodeIgniter.php(936): IonAuth\Controllers\Auth->login()
#3 /home/wwwinte/public_html/screening/system/CodeIgniter.php(432): CodeIgniter\CodeIgniter->runController(Object(App\Controllers\Auth))
#4 /home/wwwinte/public_html/screening/system/CodeIgniter.php(333): CodeIgniter\CodeIgniter->handleRequest(NULL, Object(Config\Cache), false)
#5 /home/wwwinte/public_html/screening/public/index.php(44): CodeIgniter\CodeIgniter->run()
#6 {main}
CRITICAL - 2021-03-25 06:18:29 --> Call to undefined method App\Controllers\Auth::include()
#0 /home/wwwinte/public_html/screening/app/ThirdParty/IonAuth/Controllers/Auth.php(173): IonAuth\Controllers\Auth->renderPage('IonAuth\\Views\\a...', Array)
#1 /home/wwwinte/public_html/screening/system/CodeIgniter.php(936): IonAuth\Controllers\Auth->login()
#2 /home/wwwinte/public_html/screening/system/CodeIgniter.php(432): CodeIgniter\CodeIgniter->runController(Object(App\Controllers\Auth))
#3 /home/wwwinte/public_html/screening/system/CodeIgniter.php(333): CodeIgniter\CodeIgniter->handleRequest(NULL, Object(Config\Cache), false)
#4 /home/wwwinte/public_html/screening/public/index.php(44): CodeIgniter\CodeIgniter->run()
#5 {main}
CRITICAL - 2021-03-25 06:18:34 --> Call to undefined method App\Controllers\Auth::include()
#0 /home/wwwinte/public_html/screening/app/ThirdParty/IonAuth/Controllers/Auth.php(173): IonAuth\Controllers\Auth->renderPage('IonAuth\\Views\\a...', Array)
#1 /home/wwwinte/public_html/screening/system/CodeIgniter.php(936): IonAuth\Controllers\Auth->login()
#2 /home/wwwinte/public_html/screening/system/CodeIgniter.php(432): CodeIgniter\CodeIgniter->runController(Object(App\Controllers\Auth))
#3 /home/wwwinte/public_html/screening/system/CodeIgniter.php(333): CodeIgniter\CodeIgniter->handleRequest(NULL, Object(Config\Cache), false)
#4 /home/wwwinte/public_html/screening/public/index.php(44): CodeIgniter\CodeIgniter->run()
#5 {main}
CRITICAL - 2021-03-25 06:21:22 --> Call to undefined method App\Controllers\Auth::include()
#0 /home/wwwinte/public_html/screening/app/ThirdParty/IonAuth/Controllers/Auth.php(173): IonAuth\Controllers\Auth->renderPage('IonAuth\\Views\\a...', Array)
#1 /home/wwwinte/public_html/screening/system/CodeIgniter.php(936): IonAuth\Controllers\Auth->login()
#2 /home/wwwinte/public_html/screening/system/CodeIgniter.php(432): CodeIgniter\CodeIgniter->runController(Object(App\Controllers\Auth))
#3 /home/wwwinte/public_html/screening/system/CodeIgniter.php(333): CodeIgniter\CodeIgniter->handleRequest(NULL, Object(Config\Cache), false)
#4 /home/wwwinte/public_html/screening/public/index.php(44): CodeIgniter\CodeIgniter->run()
#5 {main}
CRITICAL - 2021-03-25 14:49:10 --> Class 'CodeIgniter\BaseController' not found
#0 /home/wwwinte/public_html/screening/system/Autoloader/Autoloader.php(294): include_once()
#1 /home/wwwinte/public_html/screening/system/Autoloader/Autoloader.php(265): CodeIgniter\Autoloader\Autoloader->includeFile('/home/wwwinte/p...')
#2 /home/wwwinte/public_html/screening/system/Autoloader/Autoloader.php(228): CodeIgniter\Autoloader\Autoloader->loadInNamespace('IonAuth\\Control...')
#3 [internal function]: CodeIgniter\Autoloader\Autoloader->loadClass('IonAuth\\Control...')
#4 /home/wwwinte/public_html/screening/app/Controllers/Auth.php(3): spl_autoload_call('IonAuth\\Control...')
#5 /home/wwwinte/public_html/screening/system/Router/Router.php(562): include_once('/home/wwwinte/p...')
#6 /home/wwwinte/public_html/screening/system/Router/Router.php(170): CodeIgniter\Router\Router->autoRoute('auth/login')
#7 /home/wwwinte/public_html/screening/system/CodeIgniter.php(816): CodeIgniter\Router\Router->handle('auth/login')
#8 /home/wwwinte/public_html/screening/system/CodeIgniter.php(385): CodeIgniter\CodeIgniter->tryToRouteIt(Object(CodeIgniter\Router\RouteCollection))
#9 /home/wwwinte/public_html/screening/system/CodeIgniter.php(333): CodeIgniter\CodeIgniter->handleRequest(NULL, Object(Config\Cache), false)
#10 /home/wwwinte/public_html/screening/public/index.php(44): CodeIgniter\CodeIgniter->run()
#11 {main}
CRITICAL - 2021-03-25 15:03:12 --> Undefined variable: output
#0 /home/wwwinte/public_html/screening/app/ThirdParty/IonAuth/Controllers/Auth.php(928): CodeIgniter\Debug\Exceptions->errorHandler(8, 'Undefined varia...', '/home/wwwinte/p...', 928, Array)
#1 /home/wwwinte/public_html/screening/app/ThirdParty/IonAuth/Controllers/Auth.php(173): IonAuth\Controllers\Auth->renderPage('IonAuth\\Views\\a...', Array)
#2 /home/wwwinte/public_html/screening/system/CodeIgniter.php(936): IonAuth\Controllers\Auth->login()
#3 /home/wwwinte/public_html/screening/system/CodeIgniter.php(432): CodeIgniter\CodeIgniter->runController(Object(App\Controllers\Auth))
#4 /home/wwwinte/public_html/screening/system/CodeIgniter.php(333): CodeIgniter\CodeIgniter->handleRequest(NULL, Object(Config\Cache), false)
#5 /home/wwwinte/public_html/screening/public/index.php(44): CodeIgniter\CodeIgniter->run()
#6 {main}
CRITICAL - 2021-03-25 15:03:43 --> Undefined variable: css_files
#0 /home/wwwinte/public_html/screening/app/Views/example.php(7): CodeIgniter\Debug\Exceptions->errorHandler(8, 'Undefined varia...', '/home/wwwinte/p...', 7, Array)
#1 /home/wwwinte/public_html/screening/system/View/View.php(220): include('/home/wwwinte/p...')
#2 /home/wwwinte/public_html/screening/system/View/View.php(222): CodeIgniter\View\View->CodeIgniter\View\{closure}()
#3 /home/wwwinte/public_html/screening/system/Common.php(1217): CodeIgniter\View\View->render('example', Array, true)
#4 /home/wwwinte/public_html/screening/app/ThirdParty/IonAuth/Controllers/Auth.php(928): view('example', Array)
#5 /home/wwwinte/public_html/screening/app/ThirdParty/IonAuth/Controllers/Auth.php(173): IonAuth\Controllers\Auth->renderPage('IonAuth\\Views\\a...', Array)
#6 /home/wwwinte/public_html/screening/system/CodeIgniter.php(936): IonAuth\Controllers\Auth->login()
#7 /home/wwwinte/public_html/screening/system/CodeIgniter.php(432): CodeIgniter\CodeIgniter->runController(Object(App\Controllers\Auth))
#8 /home/wwwinte/public_html/screening/system/CodeIgniter.php(333): CodeIgniter\CodeIgniter->handleRequest(NULL, Object(Config\Cache), false)
#9 /home/wwwinte/public_html/screening/public/index.php(44): CodeIgniter\CodeIgniter->run()
#10 {main}
CRITICAL - 2021-03-25 15:08:46 --> Invalid file: ThirdParty/IonAuth/Views/auth/templates/default.php
#0 /home/wwwinte/public_html/screening/system/View/View.php(203): CodeIgniter\Exceptions\FrameworkException::forInvalidFile('ThirdParty/IonA...')
#1 /home/wwwinte/public_html/screening/system/Common.php(1217): CodeIgniter\View\View->render('ThirdParty/IonA...', Array, true)
#2 /home/wwwinte/public_html/screening/app/ThirdParty/IonAuth/Controllers/Auth.php(928): view('ThirdParty/IonA...', Array)
#3 /home/wwwinte/public_html/screening/app/ThirdParty/IonAuth/Controllers/Auth.php(173): IonAuth\Controllers\Auth->renderPage('IonAuth\\Views\\a...', Array)
#4 /home/wwwinte/public_html/screening/system/CodeIgniter.php(936): IonAuth\Controllers\Auth->login()
#5 /home/wwwinte/public_html/screening/system/CodeIgniter.php(432): CodeIgniter\CodeIgniter->runController(Object(App\Controllers\Auth))
#6 /home/wwwinte/public_html/screening/system/CodeIgniter.php(333): CodeIgniter\CodeIgniter->handleRequest(NULL, Object(Config\Cache), false)
#7 /home/wwwinte/public_html/screening/public/index.php(44): CodeIgniter\CodeIgniter->run()
#8 {main}
CRITICAL - 2021-03-25 15:09:06 --> Invalid file: ThirdParty/IonAuth/Views/auth/templates/default/index.php
#0 /home/wwwinte/public_html/screening/system/View/View.php(203): CodeIgniter\Exceptions\FrameworkException::forInvalidFile('ThirdParty/IonA...')
#1 /home/wwwinte/public_html/screening/system/Common.php(1217): CodeIgniter\View\View->render('ThirdParty/IonA...', Array, true)
#2 /home/wwwinte/public_html/screening/app/ThirdParty/IonAuth/Controllers/Auth.php(928): view('ThirdParty/IonA...', Array)
#3 /home/wwwinte/public_html/screening/app/ThirdParty/IonAuth/Controllers/Auth.php(173): IonAuth\Controllers\Auth->renderPage('IonAuth\\Views\\a...', Array)
#4 /home/wwwinte/public_html/screening/system/CodeIgniter.php(936): IonAuth\Controllers\Auth->login()
#5 /home/wwwinte/public_html/screening/system/CodeIgniter.php(432): CodeIgniter\CodeIgniter->runController(Object(App\Controllers\Auth))
#6 /home/wwwinte/public_html/screening/system/CodeIgniter.php(333): CodeIgniter\CodeIgniter->handleRequest(NULL, Object(Config\Cache), false)
#7 /home/wwwinte/public_html/screening/public/index.php(44): CodeIgniter\CodeIgniter->run()
#8 {main}
CRITICAL - 2021-03-25 15:09:22 --> Invalid file: ThirdParty/IonAuth/Views/auth/templates/default/indexx.php
#0 /home/wwwinte/public_html/screening/system/View/View.php(203): CodeIgniter\Exceptions\FrameworkException::forInvalidFile('ThirdParty/IonA...')
#1 /home/wwwinte/public_html/screening/system/Common.php(1217): CodeIgniter\View\View->render('ThirdParty/IonA...', Array, true)
#2 /home/wwwinte/public_html/screening/app/ThirdParty/IonAuth/Controllers/Auth.php(928): view('ThirdParty/IonA...', Array)
#3 /home/wwwinte/public_html/screening/app/ThirdParty/IonAuth/Controllers/Auth.php(173): IonAuth\Controllers\Auth->renderPage('IonAuth\\Views\\a...', Array)
#4 /home/wwwinte/public_html/screening/system/CodeIgniter.php(936): IonAuth\Controllers\Auth->login()
#5 /home/wwwinte/public_html/screening/system/CodeIgniter.php(432): CodeIgniter\CodeIgniter->runController(Object(App\Controllers\Auth))
#6 /home/wwwinte/public_html/screening/system/CodeIgniter.php(333): CodeIgniter\CodeIgniter->handleRequest(NULL, Object(Config\Cache), false)
#7 /home/wwwinte/public_html/screening/public/index.php(44): CodeIgniter\CodeIgniter->run()
#8 {main}
CRITICAL - 2021-03-25 15:10:19 --> Invalid file: ThirdParty/IonAuth/Viewsx/auth/templates/default.php
#0 /home/wwwinte/public_html/screening/system/View/View.php(203): CodeIgniter\Exceptions\FrameworkException::forInvalidFile('ThirdParty/IonA...')
#1 /home/wwwinte/public_html/screening/system/Common.php(1217): CodeIgniter\View\View->render('ThirdParty/IonA...', Array, true)
#2 /home/wwwinte/public_html/screening/app/ThirdParty/IonAuth/Controllers/Auth.php(928): view('ThirdParty/IonA...', Array)
#3 /home/wwwinte/public_html/screening/app/ThirdParty/IonAuth/Controllers/Auth.php(173): IonAuth\Controllers\Auth->renderPage('IonAuth\\Views\\a...', Array)
#4 /home/wwwinte/public_html/screening/system/CodeIgniter.php(936): IonAuth\Controllers\Auth->login()
#5 /home/wwwinte/public_html/screening/system/CodeIgniter.php(432): CodeIgniter\CodeIgniter->runController(Object(App\Controllers\Auth))
#6 /home/wwwinte/public_html/screening/system/CodeIgniter.php(333): CodeIgniter\CodeIgniter->handleRequest(NULL, Object(Config\Cache), false)
#7 /home/wwwinte/public_html/screening/public/index.php(44): CodeIgniter\CodeIgniter->run()
#8 {main}
CRITICAL - 2021-03-25 15:10:39 --> Invalid file: /ThirdParty/IonAuth/Views/auth/templates/default.php
#0 /home/wwwinte/public_html/screening/system/View/View.php(203): CodeIgniter\Exceptions\FrameworkException::forInvalidFile('/ThirdParty/Ion...')
#1 /home/wwwinte/public_html/screening/system/Common.php(1217): CodeIgniter\View\View->render('/ThirdParty/Ion...', Array, true)
#2 /home/wwwinte/public_html/screening/app/ThirdParty/IonAuth/Controllers/Auth.php(928): view('/ThirdParty/Ion...', Array)
#3 /home/wwwinte/public_html/screening/app/ThirdParty/IonAuth/Controllers/Auth.php(173): IonAuth\Controllers\Auth->renderPage('IonAuth\\Views\\a...', Array)
#4 /home/wwwinte/public_html/screening/system/CodeIgniter.php(936): IonAuth\Controllers\Auth->login()
#5 /home/wwwinte/public_html/screening/system/CodeIgniter.php(432): CodeIgniter\CodeIgniter->runController(Object(App\Controllers\Auth))
#6 /home/wwwinte/public_html/screening/system/CodeIgniter.php(333): CodeIgniter\CodeIgniter->handleRequest(NULL, Object(Config\Cache), false)
#7 /home/wwwinte/public_html/screening/public/index.php(44): CodeIgniter\CodeIgniter->run()
#8 {main}
CRITICAL - 2021-03-25 15:11:26 --> Undefined variable: css_files
#0 /home/wwwinte/public_html/screening/app/Views/example.php(7): CodeIgniter\Debug\Exceptions->errorHandler(8, 'Undefined varia...', '/home/wwwinte/p...', 7, Array)
#1 /home/wwwinte/public_html/screening/system/View/View.php(220): include('/home/wwwinte/p...')
#2 /home/wwwinte/public_html/screening/system/View/View.php(222): CodeIgniter\View\View->CodeIgniter\View\{closure}()
#3 /home/wwwinte/public_html/screening/system/Common.php(1217): CodeIgniter\View\View->render('example', Array, true)
#4 /home/wwwinte/public_html/screening/app/ThirdParty/IonAuth/Controllers/Auth.php(928): view('example', Array)
#5 /home/wwwinte/public_html/screening/app/ThirdParty/IonAuth/Controllers/Auth.php(173): IonAuth\Controllers\Auth->renderPage('IonAuth\\Views\\a...', Array)
#6 /home/wwwinte/public_html/screening/system/CodeIgniter.php(936): IonAuth\Controllers\Auth->login()
#7 /home/wwwinte/public_html/screening/system/CodeIgniter.php(432): CodeIgniter\CodeIgniter->runController(Object(App\Controllers\Auth))
#8 /home/wwwinte/public_html/screening/system/CodeIgniter.php(333): CodeIgniter\CodeIgniter->handleRequest(NULL, Object(Config\Cache), false)
#9 /home/wwwinte/public_html/screening/public/index.php(44): CodeIgniter\CodeIgniter->run()
#10 {main}
CRITICAL - 2021-03-25 15:14:38 --> Undefined variable: output
#0 /home/wwwinte/public_html/screening/app/Views/example.php(20): CodeIgniter\Debug\Exceptions->errorHandler(8, 'Undefined varia...', '/home/wwwinte/p...', 20, Array)
#1 /home/wwwinte/public_html/screening/system/View/View.php(220): include('/home/wwwinte/p...')
#2 /home/wwwinte/public_html/screening/system/View/View.php(222): CodeIgniter\View\View->CodeIgniter\View\{closure}()
#3 /home/wwwinte/public_html/screening/system/Common.php(1217): CodeIgniter\View\View->render('example', Array, true)
#4 /home/wwwinte/public_html/screening/app/ThirdParty/IonAuth/Controllers/Auth.php(928): view('example', Array)
#5 /home/wwwinte/public_html/screening/app/ThirdParty/IonAuth/Controllers/Auth.php(173): IonAuth\Controllers\Auth->renderPage('IonAuth\\Views\\a...', Array)
#6 /home/wwwinte/public_html/screening/system/CodeIgniter.php(936): IonAuth\Controllers\Auth->login()
#7 /home/wwwinte/public_html/screening/system/CodeIgniter.php(432): CodeIgniter\CodeIgniter->runController(Object(App\Controllers\Auth))
#8 /home/wwwinte/public_html/screening/system/CodeIgniter.php(333): CodeIgniter\CodeIgniter->handleRequest(NULL, Object(Config\Cache), false)
#9 /home/wwwinte/public_html/screening/public/index.php(44): CodeIgniter\CodeIgniter->run()
#10 {main}
CRITICAL - 2021-03-25 15:19:07 --> Invalid file: innerpages/header.php
#0 /home/wwwinte/public_html/screening/system/View/View.php(203): CodeIgniter\Exceptions\FrameworkException::forInvalidFile('innerpages/head...')
#1 /home/wwwinte/public_html/screening/system/Common.php(1217): CodeIgniter\View\View->render('innerpages/head...', Array, true)
#2 /home/wwwinte/public_html/screening/app/Views/auth_internetics/template.php(3): view('innerpages/head...')
#3 /home/wwwinte/public_html/screening/system/View/View.php(220): include('/home/wwwinte/p...')
#4 /home/wwwinte/public_html/screening/system/View/View.php(222): CodeIgniter\View\View->CodeIgniter\View\{closure}()
#5 /home/wwwinte/public_html/screening/system/Common.php(1217): CodeIgniter\View\View->render('auth_internetic...', Array, true)
#6 /home/wwwinte/public_html/screening/app/ThirdParty/IonAuth/Controllers/Auth.php(928): view('auth_internetic...', Array)
#7 /home/wwwinte/public_html/screening/app/ThirdParty/IonAuth/Controllers/Auth.php(173): IonAuth\Controllers\Auth->renderPage('IonAuth\\Views\\a...', Array)
#8 /home/wwwinte/public_html/screening/system/CodeIgniter.php(936): IonAuth\Controllers\Auth->login()
#9 /home/wwwinte/public_html/screening/system/CodeIgniter.php(432): CodeIgniter\CodeIgniter->runController(Object(App\Controllers\Auth))
#10 /home/wwwinte/public_html/screening/system/CodeIgniter.php(333): CodeIgniter\CodeIgniter->handleRequest(NULL, Object(Config\Cache), false)
#11 /home/wwwinte/public_html/screening/public/index.php(44): CodeIgniter\CodeIgniter->run()
#12 {main}
CRITICAL - 2021-03-25 15:19:51 --> Invalid file: header.php
#0 /home/wwwinte/public_html/screening/system/View/View.php(203): CodeIgniter\Exceptions\FrameworkException::forInvalidFile('header.php')
#1 /home/wwwinte/public_html/screening/system/Common.php(1217): CodeIgniter\View\View->render('header.php', Array, true)
#2 /home/wwwinte/public_html/screening/app/Views/auth_internetics/template.php(3): view('header.php')
#3 /home/wwwinte/public_html/screening/system/View/View.php(220): include('/home/wwwinte/p...')
#4 /home/wwwinte/public_html/screening/system/View/View.php(222): CodeIgniter\View\View->CodeIgniter\View\{closure}()
#5 /home/wwwinte/public_html/screening/system/Common.php(1217): CodeIgniter\View\View->render('auth_internetic...', Array, true)
#6 /home/wwwinte/public_html/screening/app/ThirdParty/IonAuth/Controllers/Auth.php(928): view('auth_internetic...', Array)
#7 /home/wwwinte/public_html/screening/app/ThirdParty/IonAuth/Controllers/Auth.php(173): IonAuth\Controllers\Auth->renderPage('IonAuth\\Views\\a...', Array)
#8 /home/wwwinte/public_html/screening/system/CodeIgniter.php(936): IonAuth\Controllers\Auth->login()
#9 /home/wwwinte/public_html/screening/system/CodeIgniter.php(432): CodeIgniter\CodeIgniter->runController(Object(App\Controllers\Auth))
#10 /home/wwwinte/public_html/screening/system/CodeIgniter.php(333): CodeIgniter\CodeIgniter->handleRequest(NULL, Object(Config\Cache), false)
#11 /home/wwwinte/public_html/screening/public/index.php(44): CodeIgniter\CodeIgniter->run()
#12 {main}
CRITICAL - 2021-03-25 15:20:54 --> Invalid file: /header.php
#0 /home/wwwinte/public_html/screening/system/View/View.php(203): CodeIgniter\Exceptions\FrameworkException::forInvalidFile('/header.php')
#1 /home/wwwinte/public_html/screening/system/Common.php(1217): CodeIgniter\View\View->render('/header.php', Array, true)
#2 /home/wwwinte/public_html/screening/app/Views/auth_internetics/template.php(3): view('/header.php')
#3 /home/wwwinte/public_html/screening/system/View/View.php(220): include('/home/wwwinte/p...')
#4 /home/wwwinte/public_html/screening/system/View/View.php(222): CodeIgniter\View\View->CodeIgniter\View\{closure}()
#5 /home/wwwinte/public_html/screening/system/Common.php(1217): CodeIgniter\View\View->render('auth_internetic...', Array, true)
#6 /home/wwwinte/public_html/screening/app/ThirdParty/IonAuth/Controllers/Auth.php(928): view('auth_internetic...', Array)
#7 /home/wwwinte/public_html/screening/app/ThirdParty/IonAuth/Controllers/Auth.php(173): IonAuth\Controllers\Auth->renderPage('IonAuth\\Views\\a...', Array)
#8 /home/wwwinte/public_html/screening/system/CodeIgniter.php(936): IonAuth\Controllers\Auth->login()
#9 /home/wwwinte/public_html/screening/system/CodeIgniter.php(432): CodeIgniter\CodeIgniter->runController(Object(App\Controllers\Auth))
#10 /home/wwwinte/public_html/screening/system/CodeIgniter.php(333): CodeIgniter\CodeIgniter->handleRequest(NULL, Object(Config\Cache), false)
#11 /home/wwwinte/public_html/screening/public/index.php(44): CodeIgniter\CodeIgniter->run()
#12 {main}
CRITICAL - 2021-03-25 15:22:22 --> Invalid file: header.php
#0 /home/wwwinte/public_html/screening/system/View/View.php(203): CodeIgniter\Exceptions\FrameworkException::forInvalidFile('header.php')
#1 /home/wwwinte/public_html/screening/system/Common.php(1217): CodeIgniter\View\View->render('header.php', Array, true)
#2 /home/wwwinte/public_html/screening/app/Views/auth_internetics/template.php(3): view('header.php')
#3 /home/wwwinte/public_html/screening/system/View/View.php(220): include('/home/wwwinte/p...')
#4 /home/wwwinte/public_html/screening/system/View/View.php(222): CodeIgniter\View\View->CodeIgniter\View\{closure}()
#5 /home/wwwinte/public_html/screening/system/Common.php(1217): CodeIgniter\View\View->render('auth_internetic...', Array, true)
#6 /home/wwwinte/public_html/screening/app/ThirdParty/IonAuth/Controllers/Auth.php(928): view('auth_internetic...', Array)
#7 /home/wwwinte/public_html/screening/app/ThirdParty/IonAuth/Controllers/Auth.php(173): IonAuth\Controllers\Auth->renderPage('IonAuth\\Views\\a...', Array)
#8 /home/wwwinte/public_html/screening/system/CodeIgniter.php(936): IonAuth\Controllers\Auth->login()
#9 /home/wwwinte/public_html/screening/system/CodeIgniter.php(432): CodeIgniter\CodeIgniter->runController(Object(App\Controllers\Auth))
#10 /home/wwwinte/public_html/screening/system/CodeIgniter.php(333): CodeIgniter\CodeIgniter->handleRequest(NULL, Object(Config\Cache), false)
#11 /home/wwwinte/public_html/screening/public/index.php(44): CodeIgniter\CodeIgniter->run()
#12 {main}
CRITICAL - 2021-03-25 15:22:38 --> Invalid file: header.php
#0 /home/wwwinte/public_html/screening/system/View/View.php(203): CodeIgniter\Exceptions\FrameworkException::forInvalidFile('header.php')
#1 /home/wwwinte/public_html/screening/system/Common.php(1217): CodeIgniter\View\View->render('header.php', Array, true)
#2 /home/wwwinte/public_html/screening/app/Views/auth_internetics/template.php(3): view('header.php')
#3 /home/wwwinte/public_html/screening/system/View/View.php(220): include('/home/wwwinte/p...')
#4 /home/wwwinte/public_html/screening/system/View/View.php(222): CodeIgniter\View\View->CodeIgniter\View\{closure}()
#5 /home/wwwinte/public_html/screening/system/Common.php(1217): CodeIgniter\View\View->render('auth_internetic...', Array, true)
#6 /home/wwwinte/public_html/screening/app/ThirdParty/IonAuth/Controllers/Auth.php(928): view('auth_internetic...', Array)
#7 /home/wwwinte/public_html/screening/app/ThirdParty/IonAuth/Controllers/Auth.php(173): IonAuth\Controllers\Auth->renderPage('IonAuth\\Views\\a...', Array)
#8 /home/wwwinte/public_html/screening/system/CodeIgniter.php(936): IonAuth\Controllers\Auth->login()
#9 /home/wwwinte/public_html/screening/system/CodeIgniter.php(432): CodeIgniter\CodeIgniter->runController(Object(App\Controllers\Auth))
#10 /home/wwwinte/public_html/screening/system/CodeIgniter.php(333): CodeIgniter\CodeIgniter->handleRequest(NULL, Object(Config\Cache), false)
#11 /home/wwwinte/public_html/screening/public/index.php(44): CodeIgniter\CodeIgniter->run()
#12 {main}
CRITICAL - 2021-03-25 15:24:07 --> Invalid file: uth_internetics/template/header.php
#0 /home/wwwinte/public_html/screening/system/View/View.php(203): CodeIgniter\Exceptions\FrameworkException::forInvalidFile('uth_internetics...')
#1 /home/wwwinte/public_html/screening/system/Common.php(1217): CodeIgniter\View\View->render('uth_internetics...', Array, true)
#2 /home/wwwinte/public_html/screening/app/Views/auth_internetics/template.php(3): view('uth_internetics...')
#3 /home/wwwinte/public_html/screening/system/View/View.php(220): include('/home/wwwinte/p...')
#4 /home/wwwinte/public_html/screening/system/View/View.php(222): CodeIgniter\View\View->CodeIgniter\View\{closure}()
#5 /home/wwwinte/public_html/screening/system/Common.php(1217): CodeIgniter\View\View->render('auth_internetic...', Array, true)
#6 /home/wwwinte/public_html/screening/app/ThirdParty/IonAuth/Controllers/Auth.php(928): view('auth_internetic...', Array)
#7 /home/wwwinte/public_html/screening/app/ThirdParty/IonAuth/Controllers/Auth.php(173): IonAuth\Controllers\Auth->renderPage('IonAuth\\Views\\a...', Array)
#8 /home/wwwinte/public_html/screening/system/CodeIgniter.php(936): IonAuth\Controllers\Auth->login()
#9 /home/wwwinte/public_html/screening/system/CodeIgniter.php(432): CodeIgniter\CodeIgniter->runController(Object(App\Controllers\Auth))
#10 /home/wwwinte/public_html/screening/system/CodeIgniter.php(333): CodeIgniter\CodeIgniter->handleRequest(NULL, Object(Config\Cache), false)
#11 /home/wwwinte/public_html/screening/public/index.php(44): CodeIgniter\CodeIgniter->run()
#12 {main}
CRITICAL - 2021-03-25 15:24:20 --> Invalid file: auth_internetics/template/header.php
#0 /home/wwwinte/public_html/screening/system/View/View.php(203): CodeIgniter\Exceptions\FrameworkException::forInvalidFile('auth_internetic...')
#1 /home/wwwinte/public_html/screening/system/Common.php(1217): CodeIgniter\View\View->render('auth_internetic...', Array, true)
#2 /home/wwwinte/public_html/screening/app/Views/auth_internetics/template.php(3): view('auth_internetic...')
#3 /home/wwwinte/public_html/screening/system/View/View.php(220): include('/home/wwwinte/p...')
#4 /home/wwwinte/public_html/screening/system/View/View.php(222): CodeIgniter\View\View->CodeIgniter\View\{closure}()
#5 /home/wwwinte/public_html/screening/system/Common.php(1217): CodeIgniter\View\View->render('auth_internetic...', Array, true)
#6 /home/wwwinte/public_html/screening/app/ThirdParty/IonAuth/Controllers/Auth.php(928): view('auth_internetic...', Array)
#7 /home/wwwinte/public_html/screening/app/ThirdParty/IonAuth/Controllers/Auth.php(173): IonAuth\Controllers\Auth->renderPage('IonAuth\\Views\\a...', Array)
#8 /home/wwwinte/public_html/screening/system/CodeIgniter.php(936): IonAuth\Controllers\Auth->login()
#9 /home/wwwinte/public_html/screening/system/CodeIgniter.php(432): CodeIgniter\CodeIgniter->runController(Object(App\Controllers\Auth))
#10 /home/wwwinte/public_html/screening/system/CodeIgniter.php(333): CodeIgniter\CodeIgniter->handleRequest(NULL, Object(Config\Cache), false)
#11 /home/wwwinte/public_html/screening/public/index.php(44): CodeIgniter\CodeIgniter->run()
#12 {main}
CRITICAL - 2021-03-25 15:25:15 --> Invalid file: auth_internetics/template/header.php
#0 /home/wwwinte/public_html/screening/system/View/View.php(203): CodeIgniter\Exceptions\FrameworkException::forInvalidFile('auth_internetic...')
#1 /home/wwwinte/public_html/screening/system/Common.php(1217): CodeIgniter\View\View->render('auth_internetic...', Array, true)
#2 /home/wwwinte/public_html/screening/app/Views/auth_internetics/template.php(3): view('auth_internetic...')
#3 /home/wwwinte/public_html/screening/system/View/View.php(220): include('/home/wwwinte/p...')
#4 /home/wwwinte/public_html/screening/system/View/View.php(222): CodeIgniter\View\View->CodeIgniter\View\{closure}()
#5 /home/wwwinte/public_html/screening/system/Common.php(1217): CodeIgniter\View\View->render('auth_internetic...', Array, true)
#6 /home/wwwinte/public_html/screening/app/ThirdParty/IonAuth/Controllers/Auth.php(928): view('auth_internetic...', Array)
#7 /home/wwwinte/public_html/screening/app/ThirdParty/IonAuth/Controllers/Auth.php(173): IonAuth\Controllers\Auth->renderPage('IonAuth\\Views\\a...', Array)
#8 /home/wwwinte/public_html/screening/system/CodeIgniter.php(936): IonAuth\Controllers\Auth->login()
#9 /home/wwwinte/public_html/screening/system/CodeIgniter.php(432): CodeIgniter\CodeIgniter->runController(Object(App\Controllers\Auth))
#10 /home/wwwinte/public_html/screening/system/CodeIgniter.php(333): CodeIgniter\CodeIgniter->handleRequest(NULL, Object(Config\Cache), false)
#11 /home/wwwinte/public_html/screening/public/index.php(44): CodeIgniter\CodeIgniter->run()
#12 {main}
CRITICAL - 2021-03-25 15:25:22 --> Invalid file: auth_internetics/template/header.php
#0 /home/wwwinte/public_html/screening/system/View/View.php(203): CodeIgniter\Exceptions\FrameworkException::forInvalidFile('auth_internetic...')
#1 /home/wwwinte/public_html/screening/system/Common.php(1217): CodeIgniter\View\View->render('auth_internetic...', Array, true)
#2 /home/wwwinte/public_html/screening/app/Views/auth_internetics/template.php(3): view('auth_internetic...')
#3 /home/wwwinte/public_html/screening/system/View/View.php(220): include('/home/wwwinte/p...')
#4 /home/wwwinte/public_html/screening/system/View/View.php(222): CodeIgniter\View\View->CodeIgniter\View\{closure}()
#5 /home/wwwinte/public_html/screening/system/Common.php(1217): CodeIgniter\View\View->render('auth_internetic...', Array, true)
#6 /home/wwwinte/public_html/screening/app/ThirdParty/IonAuth/Controllers/Auth.php(928): view('auth_internetic...', Array)
#7 /home/wwwinte/public_html/screening/app/ThirdParty/IonAuth/Controllers/Auth.php(173): IonAuth\Controllers\Auth->renderPage('IonAuth\\Views\\a...', Array)
#8 /home/wwwinte/public_html/screening/system/CodeIgniter.php(936): IonAuth\Controllers\Auth->login()
#9 /home/wwwinte/public_html/screening/system/CodeIgniter.php(432): CodeIgniter\CodeIgniter->runController(Object(App\Controllers\Auth))
#10 /home/wwwinte/public_html/screening/system/CodeIgniter.php(333): CodeIgniter\CodeIgniter->handleRequest(NULL, Object(Config\Cache), false)
#11 /home/wwwinte/public_html/screening/public/index.php(44): CodeIgniter\CodeIgniter->run()
#12 {main}
CRITICAL - 2021-03-25 15:25:45 --> Invalid file: header.php
#0 /home/wwwinte/public_html/screening/system/View/View.php(203): CodeIgniter\Exceptions\FrameworkException::forInvalidFile('header.php')
#1 /home/wwwinte/public_html/screening/system/Common.php(1217): CodeIgniter\View\View->render('header', Array, true)
#2 /home/wwwinte/public_html/screening/app/Views/auth_internetics/template.php(3): view('header')
#3 /home/wwwinte/public_html/screening/system/View/View.php(220): include('/home/wwwinte/p...')
#4 /home/wwwinte/public_html/screening/system/View/View.php(222): CodeIgniter\View\View->CodeIgniter\View\{closure}()
#5 /home/wwwinte/public_html/screening/system/Common.php(1217): CodeIgniter\View\View->render('auth_internetic...', Array, true)
#6 /home/wwwinte/public_html/screening/app/ThirdParty/IonAuth/Controllers/Auth.php(928): view('auth_internetic...', Array)
#7 /home/wwwinte/public_html/screening/app/ThirdParty/IonAuth/Controllers/Auth.php(173): IonAuth\Controllers\Auth->renderPage('IonAuth\\Views\\a...', Array)
#8 /home/wwwinte/public_html/screening/system/CodeIgniter.php(936): IonAuth\Controllers\Auth->login()
#9 /home/wwwinte/public_html/screening/system/CodeIgniter.php(432): CodeIgniter\CodeIgniter->runController(Object(App\Controllers\Auth))
#10 /home/wwwinte/public_html/screening/system/CodeIgniter.php(333): CodeIgniter\CodeIgniter->handleRequest(NULL, Object(Config\Cache), false)
#11 /home/wwwinte/public_html/screening/public/index.php(44): CodeIgniter\CodeIgniter->run()
#12 {main}
CRITICAL - 2021-03-25 15:31:13 --> Invalid file: auth_internetics/template/.php
#0 /home/wwwinte/public_html/screening/system/View/View.php(203): CodeIgniter\Exceptions\FrameworkException::forInvalidFile('auth_internetic...')
#1 /home/wwwinte/public_html/screening/system/Common.php(1217): CodeIgniter\View\View->render('auth_internetic...', Array, true)
#2 /home/wwwinte/public_html/screening/app/ThirdParty/IonAuth/Controllers/Auth.php(928): view('auth_internetic...', Array)
#3 /home/wwwinte/public_html/screening/app/ThirdParty/IonAuth/Controllers/Auth.php(173): IonAuth\Controllers\Auth->renderPage('IonAuth\\Views\\a...', Array)
#4 /home/wwwinte/public_html/screening/system/CodeIgniter.php(936): IonAuth\Controllers\Auth->login()
#5 /home/wwwinte/public_html/screening/system/CodeIgniter.php(432): CodeIgniter\CodeIgniter->runController(Object(App\Controllers\Auth))
#6 /home/wwwinte/public_html/screening/system/CodeIgniter.php(333): CodeIgniter\CodeIgniter->handleRequest(NULL, Object(Config\Cache), false)
#7 /home/wwwinte/public_html/screening/public/index.php(44): CodeIgniter\CodeIgniter->run()
#8 {main}
CRITICAL - 2021-03-25 15:31:40 --> Invalid file: header.php
#0 /home/wwwinte/public_html/screening/system/View/View.php(203): CodeIgniter\Exceptions\FrameworkException::forInvalidFile('header.php')
#1 /home/wwwinte/public_html/screening/system/Common.php(1217): CodeIgniter\View\View->render('header', Array, true)
#2 /home/wwwinte/public_html/screening/app/Views/auth_internetics/template.php(3): view('header')
#3 /home/wwwinte/public_html/screening/system/View/View.php(220): include('/home/wwwinte/p...')
#4 /home/wwwinte/public_html/screening/system/View/View.php(222): CodeIgniter\View\View->CodeIgniter\View\{closure}()
#5 /home/wwwinte/public_html/screening/system/Common.php(1217): CodeIgniter\View\View->render('auth_internetic...', Array, true)
#6 /home/wwwinte/public_html/screening/app/ThirdParty/IonAuth/Controllers/Auth.php(928): view('auth_internetic...', Array)
#7 /home/wwwinte/public_html/screening/app/ThirdParty/IonAuth/Controllers/Auth.php(173): IonAuth\Controllers\Auth->renderPage('IonAuth\\Views\\a...', Array)
#8 /home/wwwinte/public_html/screening/system/CodeIgniter.php(936): IonAuth\Controllers\Auth->login()
#9 /home/wwwinte/public_html/screening/system/CodeIgniter.php(432): CodeIgniter\CodeIgniter->runController(Object(App\Controllers\Auth))
#10 /home/wwwinte/public_html/screening/system/CodeIgniter.php(333): CodeIgniter\CodeIgniter->handleRequest(NULL, Object(Config\Cache), false)
#11 /home/wwwinte/public_html/screening/public/index.php(44): CodeIgniter\CodeIgniter->run()
#12 {main}
CRITICAL - 2021-03-25 15:33:00 --> Invalid file: auth_internetics\template.php
#0 /home/wwwinte/public_html/screening/system/View/View.php(203): CodeIgniter\Exceptions\FrameworkException::forInvalidFile('auth_internetic...')
#1 /home/wwwinte/public_html/screening/system/Common.php(1217): CodeIgniter\View\View->render('auth_internetic...', Array, true)
#2 /home/wwwinte/public_html/screening/app/ThirdParty/IonAuth/Controllers/Auth.php(928): view('auth_internetic...', Array)
#3 /home/wwwinte/public_html/screening/app/ThirdParty/IonAuth/Controllers/Auth.php(173): IonAuth\Controllers\Auth->renderPage('IonAuth\\Views\\a...', Array)
#4 /home/wwwinte/public_html/screening/system/CodeIgniter.php(936): IonAuth\Controllers\Auth->login()
#5 /home/wwwinte/public_html/screening/system/CodeIgniter.php(432): CodeIgniter\CodeIgniter->runController(Object(App\Controllers\Auth))
#6 /home/wwwinte/public_html/screening/system/CodeIgniter.php(333): CodeIgniter\CodeIgniter->handleRequest(NULL, Object(Config\Cache), false)
#7 /home/wwwinte/public_html/screening/public/index.php(44): CodeIgniter\CodeIgniter->run()
#8 {main}
CRITICAL - 2021-03-25 15:33:20 --> Invalid file: header.php
#0 /home/wwwinte/public_html/screening/system/View/View.php(203): CodeIgniter\Exceptions\FrameworkException::forInvalidFile('header.php')
#1 /home/wwwinte/public_html/screening/system/Common.php(1217): CodeIgniter\View\View->render('header', Array, true)
#2 /home/wwwinte/public_html/screening/app/Views/auth_internetics/template.php(3): view('header')
#3 /home/wwwinte/public_html/screening/system/View/View.php(220): include('/home/wwwinte/p...')
#4 /home/wwwinte/public_html/screening/system/View/View.php(222): CodeIgniter\View\View->CodeIgniter\View\{closure}()
#5 /home/wwwinte/public_html/screening/system/Common.php(1217): CodeIgniter\View\View->render('auth_internetic...', Array, true)
#6 /home/wwwinte/public_html/screening/app/ThirdParty/IonAuth/Controllers/Auth.php(928): view('auth_internetic...', Array)
#7 /home/wwwinte/public_html/screening/app/ThirdParty/IonAuth/Controllers/Auth.php(173): IonAuth\Controllers\Auth->renderPage('IonAuth\\Views\\a...', Array)
#8 /home/wwwinte/public_html/screening/system/CodeIgniter.php(936): IonAuth\Controllers\Auth->login()
#9 /home/wwwinte/public_html/screening/system/CodeIgniter.php(432): CodeIgniter\CodeIgniter->runController(Object(App\Controllers\Auth))
#10 /home/wwwinte/public_html/screening/system/CodeIgniter.php(333): CodeIgniter\CodeIgniter->handleRequest(NULL, Object(Config\Cache), false)
#11 /home/wwwinte/public_html/screening/public/index.php(44): CodeIgniter\CodeIgniter->run()
#12 {main}
CRITICAL - 2021-03-25 15:33:39 --> Invalid file: header,php.php
#0 /home/wwwinte/public_html/screening/system/View/View.php(203): CodeIgniter\Exceptions\FrameworkException::forInvalidFile('header,php.php')
#1 /home/wwwinte/public_html/screening/system/Common.php(1217): CodeIgniter\View\View->render('header,php', Array, true)
#2 /home/wwwinte/public_html/screening/app/Views/auth_internetics/template.php(3): view('header,php')
#3 /home/wwwinte/public_html/screening/system/View/View.php(220): include('/home/wwwinte/p...')
#4 /home/wwwinte/public_html/screening/system/View/View.php(222): CodeIgniter\View\View->CodeIgniter\View\{closure}()
#5 /home/wwwinte/public_html/screening/system/Common.php(1217): CodeIgniter\View\View->render('auth_internetic...', Array, true)
#6 /home/wwwinte/public_html/screening/app/ThirdParty/IonAuth/Controllers/Auth.php(928): view('auth_internetic...', Array)
#7 /home/wwwinte/public_html/screening/app/ThirdParty/IonAuth/Controllers/Auth.php(173): IonAuth\Controllers\Auth->renderPage('IonAuth\\Views\\a...', Array)
#8 /home/wwwinte/public_html/screening/system/CodeIgniter.php(936): IonAuth\Controllers\Auth->login()
#9 /home/wwwinte/public_html/screening/system/CodeIgniter.php(432): CodeIgniter\CodeIgniter->runController(Object(App\Controllers\Auth))
#10 /home/wwwinte/public_html/screening/system/CodeIgniter.php(333): CodeIgniter\CodeIgniter->handleRequest(NULL, Object(Config\Cache), false)
#11 /home/wwwinte/public_html/screening/public/index.php(44): CodeIgniter\CodeIgniter->run()
#12 {main}
CRITICAL - 2021-03-25 15:33:54 --> Invalid file: header.php
#0 /home/wwwinte/public_html/screening/system/View/View.php(203): CodeIgniter\Exceptions\FrameworkException::forInvalidFile('header.php')
#1 /home/wwwinte/public_html/screening/system/Common.php(1217): CodeIgniter\View\View->render('header.php', Array, true)
#2 /home/wwwinte/public_html/screening/app/Views/auth_internetics/template.php(3): view('header.php')
#3 /home/wwwinte/public_html/screening/system/View/View.php(220): include('/home/wwwinte/p...')
#4 /home/wwwinte/public_html/screening/system/View/View.php(222): CodeIgniter\View\View->CodeIgniter\View\{closure}()
#5 /home/wwwinte/public_html/screening/system/Common.php(1217): CodeIgniter\View\View->render('auth_internetic...', Array, true)
#6 /home/wwwinte/public_html/screening/app/ThirdParty/IonAuth/Controllers/Auth.php(928): view('auth_internetic...', Array)
#7 /home/wwwinte/public_html/screening/app/ThirdParty/IonAuth/Controllers/Auth.php(173): IonAuth\Controllers\Auth->renderPage('IonAuth\\Views\\a...', Array)
#8 /home/wwwinte/public_html/screening/system/CodeIgniter.php(936): IonAuth\Controllers\Auth->login()
#9 /home/wwwinte/public_html/screening/system/CodeIgniter.php(432): CodeIgniter\CodeIgniter->runController(Object(App\Controllers\Auth))
#10 /home/wwwinte/public_html/screening/system/CodeIgniter.php(333): CodeIgniter\CodeIgniter->handleRequest(NULL, Object(Config\Cache), false)
#11 /home/wwwinte/public_html/screening/public/index.php(44): CodeIgniter\CodeIgniter->run()
#12 {main}
CRITICAL - 2021-03-25 15:38:05 --> syntax error, unexpected '$data' (T_VARIABLE)
#0 /home/wwwinte/public_html/screening/system/Autoloader/Autoloader.php(265): CodeIgniter\Autoloader\Autoloader->includeFile('/home/wwwinte/p...')
#1 /home/wwwinte/public_html/screening/system/Autoloader/Autoloader.php(228): CodeIgniter\Autoloader\Autoloader->loadInNamespace('IonAuth\\Control...')
#2 [internal function]: CodeIgniter\Autoloader\Autoloader->loadClass('IonAuth\\Control...')
#3 /home/wwwinte/public_html/screening/app/Controllers/Auth.php(3): spl_autoload_call('IonAuth\\Control...')
#4 /home/wwwinte/public_html/screening/system/Router/Router.php(562): include_once('/home/wwwinte/p...')
#5 /home/wwwinte/public_html/screening/system/Router/Router.php(170): CodeIgniter\Router\Router->autoRoute('auth/login')
#6 /home/wwwinte/public_html/screening/system/CodeIgniter.php(816): CodeIgniter\Router\Router->handle('auth/login')
#7 /home/wwwinte/public_html/screening/system/CodeIgniter.php(385): CodeIgniter\CodeIgniter->tryToRouteIt(Object(CodeIgniter\Router\RouteCollection))
#8 /home/wwwinte/public_html/screening/system/CodeIgniter.php(333): CodeIgniter\CodeIgniter->handleRequest(NULL, Object(Config\Cache), false)
#9 /home/wwwinte/public_html/screening/public/index.php(44): CodeIgniter\CodeIgniter->run()
#10 {main}
CRITICAL - 2021-03-25 15:39:15 --> Invalid file: header.php
#0 /home/wwwinte/public_html/screening/system/View/View.php(203): CodeIgniter\Exceptions\FrameworkException::forInvalidFile('header.php')
#1 /home/wwwinte/public_html/screening/system/Common.php(1217): CodeIgniter\View\View->render('header', Array, true)
#2 /home/wwwinte/public_html/screening/app/Views/auth_internetics/template.php(3): view('header')
#3 /home/wwwinte/public_html/screening/system/View/View.php(220): include('/home/wwwinte/p...')
#4 /home/wwwinte/public_html/screening/system/View/View.php(222): CodeIgniter\View\View->CodeIgniter\View\{closure}()
#5 /home/wwwinte/public_html/screening/system/Common.php(1217): CodeIgniter\View\View->render('auth_internetic...', Array, true)
#6 /home/wwwinte/public_html/screening/app/ThirdParty/IonAuth/Controllers/Auth.php(929): view('auth_internetic...', Array)
#7 /home/wwwinte/public_html/screening/app/ThirdParty/IonAuth/Controllers/Auth.php(173): IonAuth\Controllers\Auth->renderPage('IonAuth\\Views\\a...', Array)
#8 /home/wwwinte/public_html/screening/system/CodeIgniter.php(936): IonAuth\Controllers\Auth->login()
#9 /home/wwwinte/public_html/screening/system/CodeIgniter.php(432): CodeIgniter\CodeIgniter->runController(Object(App\Controllers\Auth))
#10 /home/wwwinte/public_html/screening/system/CodeIgniter.php(333): CodeIgniter\CodeIgniter->handleRequest(NULL, Object(Config\Cache), false)
#11 /home/wwwinte/public_html/screening/public/index.php(44): CodeIgniter\CodeIgniter->run()
#12 {main}
CRITICAL - 2021-03-25 15:39:41 --> Invalid file: header.php
#0 /home/wwwinte/public_html/screening/system/View/View.php(203): CodeIgniter\Exceptions\FrameworkException::forInvalidFile('header.php')
#1 /home/wwwinte/public_html/screening/system/Common.php(1217): CodeIgniter\View\View->render('header', Array, true)
#2 /home/wwwinte/public_html/screening/app/Views/auth_internetics/template.php(3): view('header')
#3 /home/wwwinte/public_html/screening/system/View/View.php(220): include('/home/wwwinte/p...')
#4 /home/wwwinte/public_html/screening/system/View/View.php(222): CodeIgniter\View\View->CodeIgniter\View\{closure}()
#5 /home/wwwinte/public_html/screening/system/Common.php(1217): CodeIgniter\View\View->render('auth_internetic...', Array, true)
#6 /home/wwwinte/public_html/screening/app/ThirdParty/IonAuth/Controllers/Auth.php(929): view('auth_internetic...', Array)
#7 /home/wwwinte/public_html/screening/app/ThirdParty/IonAuth/Controllers/Auth.php(173): IonAuth\Controllers\Auth->renderPage('IonAuth\\Views\\a...', Array)
#8 /home/wwwinte/public_html/screening/system/CodeIgniter.php(936): IonAuth\Controllers\Auth->login()
#9 /home/wwwinte/public_html/screening/system/CodeIgniter.php(432): CodeIgniter\CodeIgniter->runController(Object(App\Controllers\Auth))
#10 /home/wwwinte/public_html/screening/system/CodeIgniter.php(333): CodeIgniter\CodeIgniter->handleRequest(NULL, Object(Config\Cache), false)
#11 /home/wwwinte/public_html/screening/public/index.php(44): CodeIgniter\CodeIgniter->run()
#12 {main}
CRITICAL - 2021-03-25 15:40:04 --> Invalid file: header.php
#0 /home/wwwinte/public_html/screening/system/View/View.php(203): CodeIgniter\Exceptions\FrameworkException::forInvalidFile('header.php')
#1 /home/wwwinte/public_html/screening/system/Common.php(1217): CodeIgniter\View\View->render('header', Array, true)
#2 /home/wwwinte/public_html/screening/app/Views/auth_internetics/template.php(3): view('header')
#3 /home/wwwinte/public_html/screening/system/View/View.php(220): include('/home/wwwinte/p...')
#4 /home/wwwinte/public_html/screening/system/View/View.php(222): CodeIgniter\View\View->CodeIgniter\View\{closure}()
#5 /home/wwwinte/public_html/screening/system/Common.php(1217): CodeIgniter\View\View->render('auth_internetic...', Array, true)
#6 /home/wwwinte/public_html/screening/app/ThirdParty/IonAuth/Controllers/Auth.php(929): view('auth_internetic...', Array)
#7 /home/wwwinte/public_html/screening/app/ThirdParty/IonAuth/Controllers/Auth.php(173): IonAuth\Controllers\Auth->renderPage('IonAuth\\Views\\a...', Array)
#8 /home/wwwinte/public_html/screening/system/CodeIgniter.php(936): IonAuth\Controllers\Auth->login()
#9 /home/wwwinte/public_html/screening/system/CodeIgniter.php(432): CodeIgniter\CodeIgniter->runController(Object(App\Controllers\Auth))
#10 /home/wwwinte/public_html/screening/system/CodeIgniter.php(333): CodeIgniter\CodeIgniter->handleRequest(NULL, Object(Config\Cache), false)
#11 /home/wwwinte/public_html/screening/public/index.php(44): CodeIgniter\CodeIgniter->run()
#12 {main}
CRITICAL - 2021-03-25 15:40:38 --> Invalid file: header.php
#0 /home/wwwinte/public_html/screening/system/View/View.php(203): CodeIgniter\Exceptions\FrameworkException::forInvalidFile('header.php')
#1 /home/wwwinte/public_html/screening/system/Common.php(1217): CodeIgniter\View\View->render('header', Array, true)
#2 /home/wwwinte/public_html/screening/app/Views/auth_internetics/template.php(3): view('header')
#3 /home/wwwinte/public_html/screening/system/View/View.php(220): include('/home/wwwinte/p...')
#4 /home/wwwinte/public_html/screening/system/View/View.php(222): CodeIgniter\View\View->CodeIgniter\View\{closure}()
#5 /home/wwwinte/public_html/screening/system/Common.php(1217): CodeIgniter\View\View->render('auth_internetic...', Array, true)
#6 /home/wwwinte/public_html/screening/app/ThirdParty/IonAuth/Controllers/Auth.php(929): view('auth_internetic...', Array)
#7 /home/wwwinte/public_html/screening/app/ThirdParty/IonAuth/Controllers/Auth.php(173): IonAuth\Controllers\Auth->renderPage('IonAuth\\Views\\a...', Array)
#8 /home/wwwinte/public_html/screening/system/CodeIgniter.php(936): IonAuth\Controllers\Auth->login()
#9 /home/wwwinte/public_html/screening/system/CodeIgniter.php(432): CodeIgniter\CodeIgniter->runController(Object(App\Controllers\Auth))
#10 /home/wwwinte/public_html/screening/system/CodeIgniter.php(333): CodeIgniter\CodeIgniter->handleRequest(NULL, Object(Config\Cache), false)
#11 /home/wwwinte/public_html/screening/public/index.php(44): CodeIgniter\CodeIgniter->run()
#12 {main}
CRITICAL - 2021-03-25 15:41:10 --> Invalid file: header.php
#0 /home/wwwinte/public_html/screening/system/View/View.php(203): CodeIgniter\Exceptions\FrameworkException::forInvalidFile('header.php')
#1 /home/wwwinte/public_html/screening/system/Common.php(1217): CodeIgniter\View\View->render('header', Array, true)
#2 /home/wwwinte/public_html/screening/app/Views/auth_internetics/template.php(3): view('header')
#3 /home/wwwinte/public_html/screening/system/View/View.php(220): include('/home/wwwinte/p...')
#4 /home/wwwinte/public_html/screening/system/View/View.php(222): CodeIgniter\View\View->CodeIgniter\View\{closure}()
#5 /home/wwwinte/public_html/screening/system/Common.php(1217): CodeIgniter\View\View->render('auth_internetic...', Array, true)
#6 /home/wwwinte/public_html/screening/app/ThirdParty/IonAuth/Controllers/Auth.php(929): view('auth_internetic...', Array)
#7 /home/wwwinte/public_html/screening/app/ThirdParty/IonAuth/Controllers/Auth.php(173): IonAuth\Controllers\Auth->renderPage('IonAuth\\Views\\a...', Array)
#8 /home/wwwinte/public_html/screening/system/CodeIgniter.php(936): IonAuth\Controllers\Auth->login()
#9 /home/wwwinte/public_html/screening/system/CodeIgniter.php(432): CodeIgniter\CodeIgniter->runController(Object(App\Controllers\Auth))
#10 /home/wwwinte/public_html/screening/system/CodeIgniter.php(333): CodeIgniter\CodeIgniter->handleRequest(NULL, Object(Config\Cache), false)
#11 /home/wwwinte/public_html/screening/public/index.php(44): CodeIgniter\CodeIgniter->run()
#12 {main}
CRITICAL - 2021-03-25 15:44:35 --> Invalid file: header.php
#0 /home/wwwinte/public_html/screening/system/View/View.php(203): CodeIgniter\Exceptions\FrameworkException::forInvalidFile('header.php')
#1 /home/wwwinte/public_html/screening/system/Common.php(1217): CodeIgniter\View\View->render('header', Array, true)
#2 /home/wwwinte/public_html/screening/app/Views/auth_internetics/template.php(3): view('header')
#3 /home/wwwinte/public_html/screening/system/View/View.php(220): include('/home/wwwinte/p...')
#4 /home/wwwinte/public_html/screening/system/View/View.php(222): CodeIgniter\View\View->CodeIgniter\View\{closure}()
#5 /home/wwwinte/public_html/screening/system/Common.php(1217): CodeIgniter\View\View->render('auth_internetic...', Array, true)
#6 /home/wwwinte/public_html/screening/app/ThirdParty/IonAuth/Controllers/Auth.php(929): view('auth_internetic...', Array)
#7 /home/wwwinte/public_html/screening/app/ThirdParty/IonAuth/Controllers/Auth.php(173): IonAuth\Controllers\Auth->renderPage('IonAuth\\Views\\a...', Array)
#8 /home/wwwinte/public_html/screening/system/CodeIgniter.php(936): IonAuth\Controllers\Auth->login()
#9 /home/wwwinte/public_html/screening/system/CodeIgniter.php(432): CodeIgniter\CodeIgniter->runController(Object(App\Controllers\Auth))
#10 /home/wwwinte/public_html/screening/system/CodeIgniter.php(333): CodeIgniter\CodeIgniter->handleRequest(NULL, Object(Config\Cache), false)
#11 /home/wwwinte/public_html/screening/public/index.php(44): CodeIgniter\CodeIgniter->run()
#12 {main}
CRITICAL - 2021-03-25 15:50:35 --> Undefined variable: main_content
#0 /home/wwwinte/public_html/screening/app/Views/auth_internetics/template.php(9): CodeIgniter\Debug\Exceptions->errorHandler(8, 'Undefined varia...', '/home/wwwinte/p...', 9, Array)
#1 /home/wwwinte/public_html/screening/system/View/View.php(220): include('/home/wwwinte/p...')
#2 /home/wwwinte/public_html/screening/system/View/View.php(222): CodeIgniter\View\View->CodeIgniter\View\{closure}()
#3 /home/wwwinte/public_html/screening/system/Common.php(1217): CodeIgniter\View\View->render('auth_internetic...', Array, true)
#4 /home/wwwinte/public_html/screening/app/ThirdParty/IonAuth/Controllers/Auth.php(929): view('auth_internetic...', Array)
#5 /home/wwwinte/public_html/screening/app/ThirdParty/IonAuth/Controllers/Auth.php(173): IonAuth\Controllers\Auth->renderPage('IonAuth\\Views\\a...', Array)
#6 /home/wwwinte/public_html/screening/system/CodeIgniter.php(936): IonAuth\Controllers\Auth->login()
#7 /home/wwwinte/public_html/screening/system/CodeIgniter.php(432): CodeIgniter\CodeIgniter->runController(Object(App\Controllers\Auth))
#8 /home/wwwinte/public_html/screening/system/CodeIgniter.php(333): CodeIgniter\CodeIgniter->handleRequest(NULL, Object(Config\Cache), false)
#9 /home/wwwinte/public_html/screening/public/index.php(44): CodeIgniter\CodeIgniter->run()
#10 {main}
CRITICAL - 2021-03-25 15:51:23 --> syntax error, unexpected ';', expecting ')'
#0 /home/wwwinte/public_html/screening/system/View/View.php(222): CodeIgniter\View\View->CodeIgniter\View\{closure}()
#1 /home/wwwinte/public_html/screening/system/Common.php(1217): CodeIgniter\View\View->render('auth_internetic...', Array, true)
#2 /home/wwwinte/public_html/screening/app/ThirdParty/IonAuth/Controllers/Auth.php(929): view('auth_internetic...', Array)
#3 /home/wwwinte/public_html/screening/app/ThirdParty/IonAuth/Controllers/Auth.php(173): IonAuth\Controllers\Auth->renderPage('IonAuth\\Views\\a...', Array)
#4 /home/wwwinte/public_html/screening/system/CodeIgniter.php(936): IonAuth\Controllers\Auth->login()
#5 /home/wwwinte/public_html/screening/system/CodeIgniter.php(432): CodeIgniter\CodeIgniter->runController(Object(App\Controllers\Auth))
#6 /home/wwwinte/public_html/screening/system/CodeIgniter.php(333): CodeIgniter\CodeIgniter->handleRequest(NULL, Object(Config\Cache), false)
#7 /home/wwwinte/public_html/screening/public/index.php(44): CodeIgniter\CodeIgniter->run()
#8 {main}
CRITICAL - 2021-03-25 15:51:35 --> Undefined variable: output
#0 /home/wwwinte/public_html/screening/app/Views/auth_internetics/template.php(9): CodeIgniter\Debug\Exceptions->errorHandler(8, 'Undefined varia...', '/home/wwwinte/p...', 9, Array)
#1 /home/wwwinte/public_html/screening/system/View/View.php(220): include('/home/wwwinte/p...')
#2 /home/wwwinte/public_html/screening/system/View/View.php(222): CodeIgniter\View\View->CodeIgniter\View\{closure}()
#3 /home/wwwinte/public_html/screening/system/Common.php(1217): CodeIgniter\View\View->render('auth_internetic...', Array, true)
#4 /home/wwwinte/public_html/screening/app/ThirdParty/IonAuth/Controllers/Auth.php(929): view('auth_internetic...', Array)
#5 /home/wwwinte/public_html/screening/app/ThirdParty/IonAuth/Controllers/Auth.php(173): IonAuth\Controllers\Auth->renderPage('IonAuth\\Views\\a...', Array)
#6 /home/wwwinte/public_html/screening/system/CodeIgniter.php(936): IonAuth\Controllers\Auth->login()
#7 /home/wwwinte/public_html/screening/system/CodeIgniter.php(432): CodeIgniter\CodeIgniter->runController(Object(App\Controllers\Auth))
#8 /home/wwwinte/public_html/screening/system/CodeIgniter.php(333): CodeIgniter\CodeIgniter->handleRequest(NULL, Object(Config\Cache), false)
#9 /home/wwwinte/public_html/screening/public/index.php(44): CodeIgniter\CodeIgniter->run()
#10 {main}
CRITICAL - 2021-03-25 15:52:09 --> syntax error, unexpected '<', expecting end of file
#0 /home/wwwinte/public_html/screening/system/View/View.php(222): CodeIgniter\View\View->CodeIgniter\View\{closure}()
#1 /home/wwwinte/public_html/screening/system/Common.php(1217): CodeIgniter\View\View->render('auth_internetic...', Array, true)
#2 /home/wwwinte/public_html/screening/app/ThirdParty/IonAuth/Controllers/Auth.php(929): view('auth_internetic...', Array)
#3 /home/wwwinte/public_html/screening/app/ThirdParty/IonAuth/Controllers/Auth.php(173): IonAuth\Controllers\Auth->renderPage('IonAuth\\Views\\a...', Array)
#4 /home/wwwinte/public_html/screening/system/CodeIgniter.php(936): IonAuth\Controllers\Auth->login()
#5 /home/wwwinte/public_html/screening/system/CodeIgniter.php(432): CodeIgniter\CodeIgniter->runController(Object(App\Controllers\Auth))
#6 /home/wwwinte/public_html/screening/system/CodeIgniter.php(333): CodeIgniter\CodeIgniter->handleRequest(NULL, Object(Config\Cache), false)
#7 /home/wwwinte/public_html/screening/public/index.php(44): CodeIgniter\CodeIgniter->run()
#8 {main}
CRITICAL - 2021-03-25 15:52:49 --> Undefined variable: output
#0 /home/wwwinte/public_html/screening/app/Views/auth_internetics/template.php(11): CodeIgniter\Debug\Exceptions->errorHandler(8, 'Undefined varia...', '/home/wwwinte/p...', 11, Array)
#1 /home/wwwinte/public_html/screening/system/View/View.php(220): include('/home/wwwinte/p...')
#2 /home/wwwinte/public_html/screening/system/View/View.php(222): CodeIgniter\View\View->CodeIgniter\View\{closure}()
#3 /home/wwwinte/public_html/screening/system/Common.php(1217): CodeIgniter\View\View->render('auth_internetic...', Array, true)
#4 /home/wwwinte/public_html/screening/app/ThirdParty/IonAuth/Controllers/Auth.php(929): view('auth_internetic...', Array)
#5 /home/wwwinte/public_html/screening/app/ThirdParty/IonAuth/Controllers/Auth.php(173): IonAuth\Controllers\Auth->renderPage('IonAuth\\Views\\a...', Array)
#6 /home/wwwinte/public_html/screening/system/CodeIgniter.php(936): IonAuth\Controllers\Auth->login()
#7 /home/wwwinte/public_html/screening/system/CodeIgniter.php(432): CodeIgniter\CodeIgniter->runController(Object(App\Controllers\Auth))
#8 /home/wwwinte/public_html/screening/system/CodeIgniter.php(333): CodeIgniter\CodeIgniter->handleRequest(NULL, Object(Config\Cache), false)
#9 /home/wwwinte/public_html/screening/public/index.php(44): CodeIgniter\CodeIgniter->run()
#10 {main}
CRITICAL - 2021-03-25 15:54:08 --> syntax error, unexpected ')', expecting '('
#0 /home/wwwinte/public_html/screening/system/View/View.php(222): CodeIgniter\View\View->CodeIgniter\View\{closure}()
#1 /home/wwwinte/public_html/screening/system/Common.php(1217): CodeIgniter\View\View->render('auth_internetic...', Array, true)
#2 /home/wwwinte/public_html/screening/app/ThirdParty/IonAuth/Controllers/Auth.php(929): view('auth_internetic...', Array)
#3 /home/wwwinte/public_html/screening/app/ThirdParty/IonAuth/Controllers/Auth.php(173): IonAuth\Controllers\Auth->renderPage('IonAuth\\Views\\a...', Array)
#4 /home/wwwinte/public_html/screening/system/CodeIgniter.php(936): IonAuth\Controllers\Auth->login()
#5 /home/wwwinte/public_html/screening/system/CodeIgniter.php(432): CodeIgniter\CodeIgniter->runController(Object(App\Controllers\Auth))
#6 /home/wwwinte/public_html/screening/system/CodeIgniter.php(333): CodeIgniter\CodeIgniter->handleRequest(NULL, Object(Config\Cache), false)
#7 /home/wwwinte/public_html/screening/public/index.php(44): CodeIgniter\CodeIgniter->run()
#8 {main}
CRITICAL - 2021-03-25 15:54:22 --> Undefined variable: output
#0 /home/wwwinte/public_html/screening/app/Views/auth_internetics/template.php(11): CodeIgniter\Debug\Exceptions->errorHandler(8, 'Undefined varia...', '/home/wwwinte/p...', 11, Array)
#1 /home/wwwinte/public_html/screening/system/View/View.php(220): include('/home/wwwinte/p...')
#2 /home/wwwinte/public_html/screening/system/View/View.php(222): CodeIgniter\View\View->CodeIgniter\View\{closure}()
#3 /home/wwwinte/public_html/screening/system/Common.php(1217): CodeIgniter\View\View->render('auth_internetic...', Array, true)
#4 /home/wwwinte/public_html/screening/app/ThirdParty/IonAuth/Controllers/Auth.php(929): view('auth_internetic...', Array)
#5 /home/wwwinte/public_html/screening/app/ThirdParty/IonAuth/Controllers/Auth.php(173): IonAuth\Controllers\Auth->renderPage('IonAuth\\Views\\a...', Array)
#6 /home/wwwinte/public_html/screening/system/CodeIgniter.php(936): IonAuth\Controllers\Auth->login()
#7 /home/wwwinte/public_html/screening/system/CodeIgniter.php(432): CodeIgniter\CodeIgniter->runController(Object(App\Controllers\Auth))
#8 /home/wwwinte/public_html/screening/system/CodeIgniter.php(333): CodeIgniter\CodeIgniter->handleRequest(NULL, Object(Config\Cache), false)
#9 /home/wwwinte/public_html/screening/public/index.php(44): CodeIgniter\CodeIgniter->run()
#10 {main}
CRITICAL - 2021-03-25 15:55:03 --> Undefined variable: data
#0 /home/wwwinte/public_html/screening/app/Views/auth_internetics/template.php(11): CodeIgniter\Debug\Exceptions->errorHandler(8, 'Undefined varia...', '/home/wwwinte/p...', 11, Array)
#1 /home/wwwinte/public_html/screening/system/View/View.php(220): include('/home/wwwinte/p...')
#2 /home/wwwinte/public_html/screening/system/View/View.php(222): CodeIgniter\View\View->CodeIgniter\View\{closure}()
#3 /home/wwwinte/public_html/screening/system/Common.php(1217): CodeIgniter\View\View->render('auth_internetic...', Array, true)
#4 /home/wwwinte/public_html/screening/app/ThirdParty/IonAuth/Controllers/Auth.php(929): view('auth_internetic...', Array)
#5 /home/wwwinte/public_html/screening/app/ThirdParty/IonAuth/Controllers/Auth.php(173): IonAuth\Controllers\Auth->renderPage('IonAuth\\Views\\a...', Array)
#6 /home/wwwinte/public_html/screening/system/CodeIgniter.php(936): IonAuth\Controllers\Auth->login()
#7 /home/wwwinte/public_html/screening/system/CodeIgniter.php(432): CodeIgniter\CodeIgniter->runController(Object(App\Controllers\Auth))
#8 /home/wwwinte/public_html/screening/system/CodeIgniter.php(333): CodeIgniter\CodeIgniter->handleRequest(NULL, Object(Config\Cache), false)
#9 /home/wwwinte/public_html/screening/public/index.php(44): CodeIgniter\CodeIgniter->run()
#10 {main}
CRITICAL - 2021-03-25 15:56:19 --> Undefined variable: main_content
#0 /home/wwwinte/public_html/screening/app/Views/auth_internetics/template.php(10): CodeIgniter\Debug\Exceptions->errorHandler(8, 'Undefined varia...', '/home/wwwinte/p...', 10, Array)
#1 /home/wwwinte/public_html/screening/system/View/View.php(220): include('/home/wwwinte/p...')
#2 /home/wwwinte/public_html/screening/system/View/View.php(222): CodeIgniter\View\View->CodeIgniter\View\{closure}()
#3 /home/wwwinte/public_html/screening/system/Common.php(1217): CodeIgniter\View\View->render('auth_internetic...', Array, true)
#4 /home/wwwinte/public_html/screening/app/ThirdParty/IonAuth/Controllers/Auth.php(929): view('auth_internetic...', Array)
#5 /home/wwwinte/public_html/screening/app/ThirdParty/IonAuth/Controllers/Auth.php(173): IonAuth\Controllers\Auth->renderPage('IonAuth\\Views\\a...', Array)
#6 /home/wwwinte/public_html/screening/system/CodeIgniter.php(936): IonAuth\Controllers\Auth->login()
#7 /home/wwwinte/public_html/screening/system/CodeIgniter.php(432): CodeIgniter\CodeIgniter->runController(Object(App\Controllers\Auth))
#8 /home/wwwinte/public_html/screening/system/CodeIgniter.php(333): CodeIgniter\CodeIgniter->handleRequest(NULL, Object(Config\Cache), false)
#9 /home/wwwinte/public_html/screening/public/index.php(44): CodeIgniter\CodeIgniter->run()
#10 {main}
CRITICAL - 2021-03-25 15:57:58 --> syntax error, unexpected '<', expecting end of file
#0 /home/wwwinte/public_html/screening/system/View/View.php(222): CodeIgniter\View\View->CodeIgniter\View\{closure}()
#1 /home/wwwinte/public_html/screening/system/Common.php(1217): CodeIgniter\View\View->render('auth_internetic...', Array, true)
#2 /home/wwwinte/public_html/screening/app/ThirdParty/IonAuth/Controllers/Auth.php(929): view('auth_internetic...', Array)
#3 /home/wwwinte/public_html/screening/app/ThirdParty/IonAuth/Controllers/Auth.php(173): IonAuth\Controllers\Auth->renderPage('IonAuth\\Views\\a...', Array)
#4 /home/wwwinte/public_html/screening/system/CodeIgniter.php(936): IonAuth\Controllers\Auth->login()
#5 /home/wwwinte/public_html/screening/system/CodeIgniter.php(432): CodeIgniter\CodeIgniter->runController(Object(App\Controllers\Auth))
#6 /home/wwwinte/public_html/screening/system/CodeIgniter.php(333): CodeIgniter\CodeIgniter->handleRequest(NULL, Object(Config\Cache), false)
#7 /home/wwwinte/public_html/screening/public/index.php(44): CodeIgniter\CodeIgniter->run()
#8 {main}
CRITICAL - 2021-03-25 15:58:14 --> Undefined property: CodeIgniter\View\View::$load
#0 /home/wwwinte/public_html/screening/app/Views/auth_internetics/template.php(10): CodeIgniter\Debug\Exceptions->errorHandler(8, 'Undefined prope...', '/home/wwwinte/p...', 10, Array)
#1 /home/wwwinte/public_html/screening/system/View/View.php(220): include('/home/wwwinte/p...')
#2 /home/wwwinte/public_html/screening/system/View/View.php(222): CodeIgniter\View\View->CodeIgniter\View\{closure}()
#3 /home/wwwinte/public_html/screening/system/Common.php(1217): CodeIgniter\View\View->render('auth_internetic...', Array, true)
#4 /home/wwwinte/public_html/screening/app/ThirdParty/IonAuth/Controllers/Auth.php(929): view('auth_internetic...', Array)
#5 /home/wwwinte/public_html/screening/app/ThirdParty/IonAuth/Controllers/Auth.php(173): IonAuth\Controllers\Auth->renderPage('IonAuth\\Views\\a...', Array)
#6 /home/wwwinte/public_html/screening/system/CodeIgniter.php(936): IonAuth\Controllers\Auth->login()
#7 /home/wwwinte/public_html/screening/system/CodeIgniter.php(432): CodeIgniter\CodeIgniter->runController(Object(App\Controllers\Auth))
#8 /home/wwwinte/public_html/screening/system/CodeIgniter.php(333): CodeIgniter\CodeIgniter->handleRequest(NULL, Object(Config\Cache), false)
#9 /home/wwwinte/public_html/screening/public/index.php(44): CodeIgniter\CodeIgniter->run()
#10 {main}
CRITICAL - 2021-03-25 16:00:28 --> Undefined variable: main_content
#0 /home/wwwinte/public_html/screening/app/Views/auth_internetics/template.php(11): CodeIgniter\Debug\Exceptions->errorHandler(8, 'Undefined varia...', '/home/wwwinte/p...', 11, Array)
#1 /home/wwwinte/public_html/screening/system/View/View.php(220): include('/home/wwwinte/p...')
#2 /home/wwwinte/public_html/screening/system/View/View.php(222): CodeIgniter\View\View->CodeIgniter\View\{closure}()
#3 /home/wwwinte/public_html/screening/system/Common.php(1217): CodeIgniter\View\View->render('auth_internetic...', Array, true)
#4 /home/wwwinte/public_html/screening/app/ThirdParty/IonAuth/Controllers/Auth.php(929): view('auth_internetic...', Array)
#5 /home/wwwinte/public_html/screening/app/ThirdParty/IonAuth/Controllers/Auth.php(173): IonAuth\Controllers\Auth->renderPage('IonAuth\\Views\\a...', Array)
#6 /home/wwwinte/public_html/screening/system/CodeIgniter.php(936): IonAuth\Controllers\Auth->login()
#7 /home/wwwinte/public_html/screening/system/CodeIgniter.php(432): CodeIgniter\CodeIgniter->runController(Object(App\Controllers\Auth))
#8 /home/wwwinte/public_html/screening/system/CodeIgniter.php(333): CodeIgniter\CodeIgniter->handleRequest(NULL, Object(Config\Cache), false)
#9 /home/wwwinte/public_html/screening/public/index.php(44): CodeIgniter\CodeIgniter->run()
#10 {main}
CRITICAL - 2021-03-25 16:01:03 --> Undefined variable: viewdata
#0 /home/wwwinte/public_html/screening/app/Views/auth_internetics/template.php(11): CodeIgniter\Debug\Exceptions->errorHandler(8, 'Undefined varia...', '/home/wwwinte/p...', 11, Array)
#1 /home/wwwinte/public_html/screening/system/View/View.php(220): include('/home/wwwinte/p...')
#2 /home/wwwinte/public_html/screening/system/View/View.php(222): CodeIgniter\View\View->CodeIgniter\View\{closure}()
#3 /home/wwwinte/public_html/screening/system/Common.php(1217): CodeIgniter\View\View->render('auth_internetic...', Array, true)
#4 /home/wwwinte/public_html/screening/app/ThirdParty/IonAuth/Controllers/Auth.php(929): view('auth_internetic...', Array)
#5 /home/wwwinte/public_html/screening/app/ThirdParty/IonAuth/Controllers/Auth.php(173): IonAuth\Controllers\Auth->renderPage('IonAuth\\Views\\a...', Array)
#6 /home/wwwinte/public_html/screening/system/CodeIgniter.php(936): IonAuth\Controllers\Auth->login()
#7 /home/wwwinte/public_html/screening/system/CodeIgniter.php(432): CodeIgniter\CodeIgniter->runController(Object(App\Controllers\Auth))
#8 /home/wwwinte/public_html/screening/system/CodeIgniter.php(333): CodeIgniter\CodeIgniter->handleRequest(NULL, Object(Config\Cache), false)
#9 /home/wwwinte/public_html/screening/public/index.php(44): CodeIgniter\CodeIgniter->run()
#10 {main}
CRITICAL - 2021-03-25 16:01:41 --> Argument 1 passed to view() must be of the type string, array given, called in /home/wwwinte/public_html/screening/app/Views/auth_internetics/template.php on line 11
#0 /home/wwwinte/public_html/screening/app/Views/auth_internetics/template.php(11): view(Array)
#1 /home/wwwinte/public_html/screening/system/View/View.php(220): include('/home/wwwinte/p...')
#2 /home/wwwinte/public_html/screening/system/View/View.php(222): CodeIgniter\View\View->CodeIgniter\View\{closure}()
#3 /home/wwwinte/public_html/screening/system/Common.php(1217): CodeIgniter\View\View->render('auth_internetic...', Array, true)
#4 /home/wwwinte/public_html/screening/app/ThirdParty/IonAuth/Controllers/Auth.php(929): view('auth_internetic...', Array)
#5 /home/wwwinte/public_html/screening/app/ThirdParty/IonAuth/Controllers/Auth.php(173): IonAuth\Controllers\Auth->renderPage('IonAuth\\Views\\a...', Array)
#6 /home/wwwinte/public_html/screening/system/CodeIgniter.php(936): IonAuth\Controllers\Auth->login()
#7 /home/wwwinte/public_html/screening/system/CodeIgniter.php(432): CodeIgniter\CodeIgniter->runController(Object(App\Controllers\Auth))
#8 /home/wwwinte/public_html/screening/system/CodeIgniter.php(333): CodeIgniter\CodeIgniter->handleRequest(NULL, Object(Config\Cache), false)
#9 /home/wwwinte/public_html/screening/public/index.php(44): CodeIgniter\CodeIgniter->run()
#10 {main}
CRITICAL - 2021-03-25 16:02:05 --> Undefined variable: data
#0 /home/wwwinte/public_html/screening/app/Views/auth_internetics/template.php(11): CodeIgniter\Debug\Exceptions->errorHandler(8, 'Undefined varia...', '/home/wwwinte/p...', 11, Array)
#1 /home/wwwinte/public_html/screening/system/View/View.php(220): include('/home/wwwinte/p...')
#2 /home/wwwinte/public_html/screening/system/View/View.php(222): CodeIgniter\View\View->CodeIgniter\View\{closure}()
#3 /home/wwwinte/public_html/screening/system/Common.php(1217): CodeIgniter\View\View->render('auth_internetic...', Array, true)
#4 /home/wwwinte/public_html/screening/app/ThirdParty/IonAuth/Controllers/Auth.php(929): view('auth_internetic...', Array)
#5 /home/wwwinte/public_html/screening/app/ThirdParty/IonAuth/Controllers/Auth.php(173): IonAuth\Controllers\Auth->renderPage('IonAuth\\Views\\a...', Array)
#6 /home/wwwinte/public_html/screening/system/CodeIgniter.php(936): IonAuth\Controllers\Auth->login()
#7 /home/wwwinte/public_html/screening/system/CodeIgniter.php(432): CodeIgniter\CodeIgniter->runController(Object(App\Controllers\Auth))
#8 /home/wwwinte/public_html/screening/system/CodeIgniter.php(333): CodeIgniter\CodeIgniter->handleRequest(NULL, Object(Config\Cache), false)
#9 /home/wwwinte/public_html/screening/public/index.php(44): CodeIgniter\CodeIgniter->run()
#10 {main}
CRITICAL - 2021-03-25 16:03:38 --> Argument 2 passed to view() must be of the type array, string given, called in /home/wwwinte/public_html/screening/app/ThirdParty/IonAuth/Controllers/Auth.php on line 929
#0 /home/wwwinte/public_html/screening/app/ThirdParty/IonAuth/Controllers/Auth.php(929): view('auth_internetic...', '<!-- DEBUG-VIEW...')
#1 /home/wwwinte/public_html/screening/app/ThirdParty/IonAuth/Controllers/Auth.php(173): IonAuth\Controllers\Auth->renderPage('IonAuth\\Views\\a...', Array)
#2 /home/wwwinte/public_html/screening/system/CodeIgniter.php(936): IonAuth\Controllers\Auth->login()
#3 /home/wwwinte/public_html/screening/system/CodeIgniter.php(432): CodeIgniter\CodeIgniter->runController(Object(App\Controllers\Auth))
#4 /home/wwwinte/public_html/screening/system/CodeIgniter.php(333): CodeIgniter\CodeIgniter->handleRequest(NULL, Object(Config\Cache), false)
#5 /home/wwwinte/public_html/screening/public/index.php(44): CodeIgniter\CodeIgniter->run()
#6 {main}
CRITICAL - 2021-03-25 16:03:59 --> Argument 2 passed to view() must be of the type array, string given, called in /home/wwwinte/public_html/screening/app/ThirdParty/IonAuth/Controllers/Auth.php on line 929
#0 /home/wwwinte/public_html/screening/app/ThirdParty/IonAuth/Controllers/Auth.php(929): view('auth_internetic...', '<!-- DEBUG-VIEW...')
#1 /home/wwwinte/public_html/screening/app/ThirdParty/IonAuth/Controllers/Auth.php(173): IonAuth\Controllers\Auth->renderPage('IonAuth\\Views\\a...', Array)
#2 /home/wwwinte/public_html/screening/system/CodeIgniter.php(936): IonAuth\Controllers\Auth->login()
#3 /home/wwwinte/public_html/screening/system/CodeIgniter.php(432): CodeIgniter\CodeIgniter->runController(Object(App\Controllers\Auth))
#4 /home/wwwinte/public_html/screening/system/CodeIgniter.php(333): CodeIgniter\CodeIgniter->handleRequest(NULL, Object(Config\Cache), false)
#5 /home/wwwinte/public_html/screening/public/index.php(44): CodeIgniter\CodeIgniter->run()
#6 {main}
CRITICAL - 2021-03-25 16:04:52 --> Argument 2 passed to view() must be of the type array, string given, called in /home/wwwinte/public_html/screening/app/ThirdParty/IonAuth/Controllers/Auth.php on line 929
#0 /home/wwwinte/public_html/screening/app/ThirdParty/IonAuth/Controllers/Auth.php(929): view('auth_internetic...', '<!-- DEBUG-VIEW...')
#1 /home/wwwinte/public_html/screening/app/ThirdParty/IonAuth/Controllers/Auth.php(173): IonAuth\Controllers\Auth->renderPage('IonAuth\\Views\\a...', Array)
#2 /home/wwwinte/public_html/screening/system/CodeIgniter.php(936): IonAuth\Controllers\Auth->login()
#3 /home/wwwinte/public_html/screening/system/CodeIgniter.php(432): CodeIgniter\CodeIgniter->runController(Object(App\Controllers\Auth))
#4 /home/wwwinte/public_html/screening/system/CodeIgniter.php(333): CodeIgniter\CodeIgniter->handleRequest(NULL, Object(Config\Cache), false)
#5 /home/wwwinte/public_html/screening/public/index.php(44): CodeIgniter\CodeIgniter->run()
#6 {main}
CRITICAL - 2021-03-25 16:05:18 --> Undefined variable: viewHtml
#0 /home/wwwinte/public_html/screening/app/Views/auth_internetics/template.php(11): CodeIgniter\Debug\Exceptions->errorHandler(8, 'Undefined varia...', '/home/wwwinte/p...', 11, Array)
#1 /home/wwwinte/public_html/screening/system/View/View.php(220): include('/home/wwwinte/p...')
#2 /home/wwwinte/public_html/screening/system/View/View.php(222): CodeIgniter\View\View->CodeIgniter\View\{closure}()
#3 /home/wwwinte/public_html/screening/system/Common.php(1217): CodeIgniter\View\View->render('auth_internetic...', Array, true)
#4 /home/wwwinte/public_html/screening/app/ThirdParty/IonAuth/Controllers/Auth.php(929): view('auth_internetic...', Array)
#5 /home/wwwinte/public_html/screening/app/ThirdParty/IonAuth/Controllers/Auth.php(173): IonAuth\Controllers\Auth->renderPage('IonAuth\\Views\\a...', Array)
#6 /home/wwwinte/public_html/screening/system/CodeIgniter.php(936): IonAuth\Controllers\Auth->login()
#7 /home/wwwinte/public_html/screening/system/CodeIgniter.php(432): CodeIgniter\CodeIgniter->runController(Object(App\Controllers\Auth))
#8 /home/wwwinte/public_html/screening/system/CodeIgniter.php(333): CodeIgniter\CodeIgniter->handleRequest(NULL, Object(Config\Cache), false)
#9 /home/wwwinte/public_html/screening/public/index.php(44): CodeIgniter\CodeIgniter->run()
#10 {main}
CRITICAL - 2021-03-25 16:06:22 --> Undefined variable: viewHtml
#0 /home/wwwinte/public_html/screening/app/Views/auth_internetics/template.php(11): CodeIgniter\Debug\Exceptions->errorHandler(8, 'Undefined varia...', '/home/wwwinte/p...', 11, Array)
#1 /home/wwwinte/public_html/screening/system/View/View.php(220): include('/home/wwwinte/p...')
#2 /home/wwwinte/public_html/screening/system/View/View.php(222): CodeIgniter\View\View->CodeIgniter\View\{closure}()
#3 /home/wwwinte/public_html/screening/system/Common.php(1217): CodeIgniter\View\View->render('auth_internetic...', Array, true)
#4 /home/wwwinte/public_html/screening/app/ThirdParty/IonAuth/Controllers/Auth.php(929): view('auth_internetic...', Array)
#5 /home/wwwinte/public_html/screening/app/ThirdParty/IonAuth/Controllers/Auth.php(173): IonAuth\Controllers\Auth->renderPage('IonAuth\\Views\\a...', Array)
#6 /home/wwwinte/public_html/screening/system/CodeIgniter.php(936): IonAuth\Controllers\Auth->login()
#7 /home/wwwinte/public_html/screening/system/CodeIgniter.php(432): CodeIgniter\CodeIgniter->runController(Object(App\Controllers\Auth))
#8 /home/wwwinte/public_html/screening/system/CodeIgniter.php(333): CodeIgniter\CodeIgniter->handleRequest(NULL, Object(Config\Cache), false)
#9 /home/wwwinte/public_html/screening/public/index.php(44): CodeIgniter\CodeIgniter->run()
#10 {main}
CRITICAL - 2021-03-25 16:07:09 --> Undefined variable: view
#0 /home/wwwinte/public_html/screening/app/Views/auth_internetics/template.php(11): CodeIgniter\Debug\Exceptions->errorHandler(8, 'Undefined varia...', '/home/wwwinte/p...', 11, Array)
#1 /home/wwwinte/public_html/screening/system/View/View.php(220): include('/home/wwwinte/p...')
#2 /home/wwwinte/public_html/screening/system/View/View.php(222): CodeIgniter\View\View->CodeIgniter\View\{closure}()
#3 /home/wwwinte/public_html/screening/system/Common.php(1217): CodeIgniter\View\View->render('auth_internetic...', Array, true)
#4 /home/wwwinte/public_html/screening/app/ThirdParty/IonAuth/Controllers/Auth.php(929): view('auth_internetic...', Array)
#5 /home/wwwinte/public_html/screening/app/ThirdParty/IonAuth/Controllers/Auth.php(173): IonAuth\Controllers\Auth->renderPage('IonAuth\\Views\\a...', Array)
#6 /home/wwwinte/public_html/screening/system/CodeIgniter.php(936): IonAuth\Controllers\Auth->login()
#7 /home/wwwinte/public_html/screening/system/CodeIgniter.php(432): CodeIgniter\CodeIgniter->runController(Object(App\Controllers\Auth))
#8 /home/wwwinte/public_html/screening/system/CodeIgniter.php(333): CodeIgniter\CodeIgniter->handleRequest(NULL, Object(Config\Cache), false)
#9 /home/wwwinte/public_html/screening/public/index.php(44): CodeIgniter\CodeIgniter->run()
#10 {main}
CRITICAL - 2021-03-25 16:07:56 --> Undefined variable: data
#0 /home/wwwinte/public_html/screening/app/Views/auth_internetics/template.php(11): CodeIgniter\Debug\Exceptions->errorHandler(8, 'Undefined varia...', '/home/wwwinte/p...', 11, Array)
#1 /home/wwwinte/public_html/screening/system/View/View.php(220): include('/home/wwwinte/p...')
#2 /home/wwwinte/public_html/screening/system/View/View.php(222): CodeIgniter\View\View->CodeIgniter\View\{closure}()
#3 /home/wwwinte/public_html/screening/system/Common.php(1217): CodeIgniter\View\View->render('auth_internetic...', Array, true)
#4 /home/wwwinte/public_html/screening/app/ThirdParty/IonAuth/Controllers/Auth.php(929): view('auth_internetic...', Array)
#5 /home/wwwinte/public_html/screening/app/ThirdParty/IonAuth/Controllers/Auth.php(173): IonAuth\Controllers\Auth->renderPage('IonAuth\\Views\\a...', Array)
#6 /home/wwwinte/public_html/screening/system/CodeIgniter.php(936): IonAuth\Controllers\Auth->login()
#7 /home/wwwinte/public_html/screening/system/CodeIgniter.php(432): CodeIgniter\CodeIgniter->runController(Object(App\Controllers\Auth))
#8 /home/wwwinte/public_html/screening/system/CodeIgniter.php(333): CodeIgniter\CodeIgniter->handleRequest(NULL, Object(Config\Cache), false)
#9 /home/wwwinte/public_html/screening/public/index.php(44): CodeIgniter\CodeIgniter->run()
#10 {main}
CRITICAL - 2021-03-25 16:11:30 --> syntax error, unexpected ')', expecting ';'
#0 /home/wwwinte/public_html/screening/system/Autoloader/Autoloader.php(265): CodeIgniter\Autoloader\Autoloader->includeFile('/home/wwwinte/p...')
#1 /home/wwwinte/public_html/screening/system/Autoloader/Autoloader.php(228): CodeIgniter\Autoloader\Autoloader->loadInNamespace('IonAuth\\Control...')
#2 [internal function]: CodeIgniter\Autoloader\Autoloader->loadClass('IonAuth\\Control...')
#3 /home/wwwinte/public_html/screening/app/Controllers/Auth.php(3): spl_autoload_call('IonAuth\\Control...')
#4 /home/wwwinte/public_html/screening/system/Router/Router.php(562): include_once('/home/wwwinte/p...')
#5 /home/wwwinte/public_html/screening/system/Router/Router.php(170): CodeIgniter\Router\Router->autoRoute('auth/login')
#6 /home/wwwinte/public_html/screening/system/CodeIgniter.php(816): CodeIgniter\Router\Router->handle('auth/login')
#7 /home/wwwinte/public_html/screening/system/CodeIgniter.php(385): CodeIgniter\CodeIgniter->tryToRouteIt(Object(CodeIgniter\Router\RouteCollection))
#8 /home/wwwinte/public_html/screening/system/CodeIgniter.php(333): CodeIgniter\CodeIgniter->handleRequest(NULL, Object(Config\Cache), false)
#9 /home/wwwinte/public_html/screening/public/index.php(44): CodeIgniter\CodeIgniter->run()
#10 {main}
CRITICAL - 2021-03-25 16:12:09 --> syntax error, unexpected ')'
#0 /home/wwwinte/public_html/screening/system/Autoloader/Autoloader.php(265): CodeIgniter\Autoloader\Autoloader->includeFile('/home/wwwinte/p...')
#1 /home/wwwinte/public_html/screening/system/Autoloader/Autoloader.php(228): CodeIgniter\Autoloader\Autoloader->loadInNamespace('IonAuth\\Control...')
#2 [internal function]: CodeIgniter\Autoloader\Autoloader->loadClass('IonAuth\\Control...')
#3 /home/wwwinte/public_html/screening/app/Controllers/Auth.php(3): spl_autoload_call('IonAuth\\Control...')
#4 /home/wwwinte/public_html/screening/system/Router/Router.php(562): include_once('/home/wwwinte/p...')
#5 /home/wwwinte/public_html/screening/system/Router/Router.php(170): CodeIgniter\Router\Router->autoRoute('auth/login')
#6 /home/wwwinte/public_html/screening/system/CodeIgniter.php(816): CodeIgniter\Router\Router->handle('auth/login')
#7 /home/wwwinte/public_html/screening/system/CodeIgniter.php(385): CodeIgniter\CodeIgniter->tryToRouteIt(Object(CodeIgniter\Router\RouteCollection))
#8 /home/wwwinte/public_html/screening/system/CodeIgniter.php(333): CodeIgniter\CodeIgniter->handleRequest(NULL, Object(Config\Cache), false)
#9 /home/wwwinte/public_html/screening/public/index.php(44): CodeIgniter\CodeIgniter->run()
#10 {main}
CRITICAL - 2021-03-25 16:13:23 --> syntax error, unexpected ';', expecting ')'
#0 /home/wwwinte/public_html/screening/system/Autoloader/Autoloader.php(265): CodeIgniter\Autoloader\Autoloader->includeFile('/home/wwwinte/p...')
#1 /home/wwwinte/public_html/screening/system/Autoloader/Autoloader.php(228): CodeIgniter\Autoloader\Autoloader->loadInNamespace('IonAuth\\Control...')
#2 [internal function]: CodeIgniter\Autoloader\Autoloader->loadClass('IonAuth\\Control...')
#3 /home/wwwinte/public_html/screening/app/Controllers/Auth.php(3): spl_autoload_call('IonAuth\\Control...')
#4 /home/wwwinte/public_html/screening/system/Router/Router.php(562): include_once('/home/wwwinte/p...')
#5 /home/wwwinte/public_html/screening/system/Router/Router.php(170): CodeIgniter\Router\Router->autoRoute('auth/login')
#6 /home/wwwinte/public_html/screening/system/CodeIgniter.php(816): CodeIgniter\Router\Router->handle('auth/login')
#7 /home/wwwinte/public_html/screening/system/CodeIgniter.php(385): CodeIgniter\CodeIgniter->tryToRouteIt(Object(CodeIgniter\Router\RouteCollection))
#8 /home/wwwinte/public_html/screening/system/CodeIgniter.php(333): CodeIgniter\CodeIgniter->handleRequest(NULL, Object(Config\Cache), false)
#9 /home/wwwinte/public_html/screening/public/index.php(44): CodeIgniter\CodeIgniter->run()
#10 {main}
CRITICAL - 2021-03-25 16:13:54 --> syntax error, unexpected ';', expecting ')'
#0 /home/wwwinte/public_html/screening/system/Autoloader/Autoloader.php(265): CodeIgniter\Autoloader\Autoloader->includeFile('/home/wwwinte/p...')
#1 /home/wwwinte/public_html/screening/system/Autoloader/Autoloader.php(228): CodeIgniter\Autoloader\Autoloader->loadInNamespace('IonAuth\\Control...')
#2 [internal function]: CodeIgniter\Autoloader\Autoloader->loadClass('IonAuth\\Control...')
#3 /home/wwwinte/public_html/screening/app/Controllers/Auth.php(3): spl_autoload_call('IonAuth\\Control...')
#4 /home/wwwinte/public_html/screening/system/Router/Router.php(562): include_once('/home/wwwinte/p...')
#5 /home/wwwinte/public_html/screening/system/Router/Router.php(170): CodeIgniter\Router\Router->autoRoute('auth/login')
#6 /home/wwwinte/public_html/screening/system/CodeIgniter.php(816): CodeIgniter\Router\Router->handle('auth/login')
#7 /home/wwwinte/public_html/screening/system/CodeIgniter.php(385): CodeIgniter\CodeIgniter->tryToRouteIt(Object(CodeIgniter\Router\RouteCollection))
#8 /home/wwwinte/public_html/screening/system/CodeIgniter.php(333): CodeIgniter\CodeIgniter->handleRequest(NULL, Object(Config\Cache), false)
#9 /home/wwwinte/public_html/screening/public/index.php(44): CodeIgniter\CodeIgniter->run()
#10 {main}
CRITICAL - 2021-03-25 16:14:24 --> Use of undefined constant data - assumed 'data' (this will throw an Error in a future version of PHP)
#0 /home/wwwinte/public_html/screening/app/ThirdParty/IonAuth/Controllers/Auth.php(929): CodeIgniter\Debug\Exceptions->errorHandler(2, 'Use of undefine...', '/home/wwwinte/p...', 929, Array)
#1 /home/wwwinte/public_html/screening/app/ThirdParty/IonAuth/Controllers/Auth.php(173): IonAuth\Controllers\Auth->renderPage('IonAuth\\Views\\a...', Array)
#2 /home/wwwinte/public_html/screening/system/CodeIgniter.php(936): IonAuth\Controllers\Auth->login()
#3 /home/wwwinte/public_html/screening/system/CodeIgniter.php(432): CodeIgniter\CodeIgniter->runController(Object(App\Controllers\Auth))
#4 /home/wwwinte/public_html/screening/system/CodeIgniter.php(333): CodeIgniter\CodeIgniter->handleRequest(NULL, Object(Config\Cache), false)
#5 /home/wwwinte/public_html/screening/public/index.php(44): CodeIgniter\CodeIgniter->run()
#6 {main}
CRITICAL - 2021-03-25 16:14:52 --> Use of undefined constant viewHtml - assumed 'viewHtml' (this will throw an Error in a future version of PHP)
#0 /home/wwwinte/public_html/screening/app/ThirdParty/IonAuth/Controllers/Auth.php(929): CodeIgniter\Debug\Exceptions->errorHandler(2, 'Use of undefine...', '/home/wwwinte/p...', 929, Array)
#1 /home/wwwinte/public_html/screening/app/ThirdParty/IonAuth/Controllers/Auth.php(173): IonAuth\Controllers\Auth->renderPage('IonAuth\\Views\\a...', Array)
#2 /home/wwwinte/public_html/screening/system/CodeIgniter.php(936): IonAuth\Controllers\Auth->login()
#3 /home/wwwinte/public_html/screening/system/CodeIgniter.php(432): CodeIgniter\CodeIgniter->runController(Object(App\Controllers\Auth))
#4 /home/wwwinte/public_html/screening/system/CodeIgniter.php(333): CodeIgniter\CodeIgniter->handleRequest(NULL, Object(Config\Cache), false)
#5 /home/wwwinte/public_html/screening/public/index.php(44): CodeIgniter\CodeIgniter->run()
#6 {main}
CRITICAL - 2021-03-25 16:15:08 --> Undefined variable: data
#0 /home/wwwinte/public_html/screening/app/Views/auth_internetics/template.php(11): CodeIgniter\Debug\Exceptions->errorHandler(8, 'Undefined varia...', '/home/wwwinte/p...', 11, Array)
#1 /home/wwwinte/public_html/screening/system/View/View.php(220): include('/home/wwwinte/p...')
#2 /home/wwwinte/public_html/screening/system/View/View.php(222): CodeIgniter\View\View->CodeIgniter\View\{closure}()
#3 /home/wwwinte/public_html/screening/system/Common.php(1217): CodeIgniter\View\View->render('auth_internetic...', Array, true)
#4 /home/wwwinte/public_html/screening/app/ThirdParty/IonAuth/Controllers/Auth.php(929): view('auth_internetic...', Array)
#5 /home/wwwinte/public_html/screening/app/ThirdParty/IonAuth/Controllers/Auth.php(173): IonAuth\Controllers\Auth->renderPage('IonAuth\\Views\\a...', Array)
#6 /home/wwwinte/public_html/screening/system/CodeIgniter.php(936): IonAuth\Controllers\Auth->login()
#7 /home/wwwinte/public_html/screening/system/CodeIgniter.php(432): CodeIgniter\CodeIgniter->runController(Object(App\Controllers\Auth))
#8 /home/wwwinte/public_html/screening/system/CodeIgniter.php(333): CodeIgniter\CodeIgniter->handleRequest(NULL, Object(Config\Cache), false)
#9 /home/wwwinte/public_html/screening/public/index.php(44): CodeIgniter\CodeIgniter->run()
#10 {main}
CRITICAL - 2021-03-25 16:15:32 --> Undefined variable: viewHtml
#0 /home/wwwinte/public_html/screening/app/Views/auth_internetics/template.php(11): CodeIgniter\Debug\Exceptions->errorHandler(8, 'Undefined varia...', '/home/wwwinte/p...', 11, Array)
#1 /home/wwwinte/public_html/screening/system/View/View.php(220): include('/home/wwwinte/p...')
#2 /home/wwwinte/public_html/screening/system/View/View.php(222): CodeIgniter\View\View->CodeIgniter\View\{closure}()
#3 /home/wwwinte/public_html/screening/system/Common.php(1217): CodeIgniter\View\View->render('auth_internetic...', Array, true)
#4 /home/wwwinte/public_html/screening/app/ThirdParty/IonAuth/Controllers/Auth.php(929): view('auth_internetic...', Array)
#5 /home/wwwinte/public_html/screening/app/ThirdParty/IonAuth/Controllers/Auth.php(173): IonAuth\Controllers\Auth->renderPage('IonAuth\\Views\\a...', Array)
#6 /home/wwwinte/public_html/screening/system/CodeIgniter.php(936): IonAuth\Controllers\Auth->login()
#7 /home/wwwinte/public_html/screening/system/CodeIgniter.php(432): CodeIgniter\CodeIgniter->runController(Object(App\Controllers\Auth))
#8 /home/wwwinte/public_html/screening/system/CodeIgniter.php(333): CodeIgniter\CodeIgniter->handleRequest(NULL, Object(Config\Cache), false)
#9 /home/wwwinte/public_html/screening/public/index.php(44): CodeIgniter\CodeIgniter->run()
#10 {main}
CRITICAL - 2021-03-25 16:20:00 --> syntax error, unexpected ';', expecting ')'
#0 /home/wwwinte/public_html/screening/system/Autoloader/Autoloader.php(265): CodeIgniter\Autoloader\Autoloader->includeFile('/home/wwwinte/p...')
#1 /home/wwwinte/public_html/screening/system/Autoloader/Autoloader.php(228): CodeIgniter\Autoloader\Autoloader->loadInNamespace('IonAuth\\Control...')
#2 [internal function]: CodeIgniter\Autoloader\Autoloader->loadClass('IonAuth\\Control...')
#3 /home/wwwinte/public_html/screening/app/Controllers/Auth.php(3): spl_autoload_call('IonAuth\\Control...')
#4 /home/wwwinte/public_html/screening/system/Router/Router.php(562): include_once('/home/wwwinte/p...')
#5 /home/wwwinte/public_html/screening/system/Router/Router.php(170): CodeIgniter\Router\Router->autoRoute('auth/login')
#6 /home/wwwinte/public_html/screening/system/CodeIgniter.php(816): CodeIgniter\Router\Router->handle('auth/login')
#7 /home/wwwinte/public_html/screening/system/CodeIgniter.php(385): CodeIgniter\CodeIgniter->tryToRouteIt(Object(CodeIgniter\Router\RouteCollection))
#8 /home/wwwinte/public_html/screening/system/CodeIgniter.php(333): CodeIgniter\CodeIgniter->handleRequest(NULL, Object(Config\Cache), false)
#9 /home/wwwinte/public_html/screening/public/index.php(44): CodeIgniter\CodeIgniter->run()
#10 {main}
CRITICAL - 2021-03-25 16:20:16 --> Undefined variable: viewHtml
#0 /home/wwwinte/public_html/screening/app/Views/auth_internetics/template.php(11): CodeIgniter\Debug\Exceptions->errorHandler(8, 'Undefined varia...', '/home/wwwinte/p...', 11, Array)
#1 /home/wwwinte/public_html/screening/system/View/View.php(220): include('/home/wwwinte/p...')
#2 /home/wwwinte/public_html/screening/system/View/View.php(222): CodeIgniter\View\View->CodeIgniter\View\{closure}()
#3 /home/wwwinte/public_html/screening/system/Common.php(1217): CodeIgniter\View\View->render('auth_internetic...', Array, true)
#4 /home/wwwinte/public_html/screening/app/ThirdParty/IonAuth/Controllers/Auth.php(929): view('auth_internetic...')
#5 /home/wwwinte/public_html/screening/app/ThirdParty/IonAuth/Controllers/Auth.php(173): IonAuth\Controllers\Auth->renderPage('IonAuth\\Views\\a...', Array)
#6 /home/wwwinte/public_html/screening/system/CodeIgniter.php(936): IonAuth\Controllers\Auth->login()
#7 /home/wwwinte/public_html/screening/system/CodeIgniter.php(432): CodeIgniter\CodeIgniter->runController(Object(App\Controllers\Auth))
#8 /home/wwwinte/public_html/screening/system/CodeIgniter.php(333): CodeIgniter\CodeIgniter->handleRequest(NULL, Object(Config\Cache), false)
#9 /home/wwwinte/public_html/screening/public/index.php(44): CodeIgniter\CodeIgniter->run()
#10 {main}
CRITICAL - 2021-03-25 16:20:37 --> Undefined variable: viewHtml
#0 /home/wwwinte/public_html/screening/app/Views/auth_internetics/template.php(11): CodeIgniter\Debug\Exceptions->errorHandler(8, 'Undefined varia...', '/home/wwwinte/p...', 11, Array)
#1 /home/wwwinte/public_html/screening/system/View/View.php(220): include('/home/wwwinte/p...')
#2 /home/wwwinte/public_html/screening/system/View/View.php(222): CodeIgniter\View\View->CodeIgniter\View\{closure}()
#3 /home/wwwinte/public_html/screening/system/Common.php(1217): CodeIgniter\View\View->render('auth_internetic...', Array, true)
#4 /home/wwwinte/public_html/screening/app/ThirdParty/IonAuth/Controllers/Auth.php(929): view('auth_internetic...')
#5 /home/wwwinte/public_html/screening/app/ThirdParty/IonAuth/Controllers/Auth.php(173): IonAuth\Controllers\Auth->renderPage('IonAuth\\Views\\a...', Array)
#6 /home/wwwinte/public_html/screening/system/CodeIgniter.php(936): IonAuth\Controllers\Auth->login()
#7 /home/wwwinte/public_html/screening/system/CodeIgniter.php(432): CodeIgniter\CodeIgniter->runController(Object(App\Controllers\Auth))
#8 /home/wwwinte/public_html/screening/system/CodeIgniter.php(333): CodeIgniter\CodeIgniter->handleRequest(NULL, Object(Config\Cache), false)
#9 /home/wwwinte/public_html/screening/public/index.php(44): CodeIgniter\CodeIgniter->run()
#10 {main}
CRITICAL - 2021-03-25 16:20:40 --> Undefined variable: main_content
#0 /home/wwwinte/public_html/screening/app/Views/auth_internetics/template.php(11): CodeIgniter\Debug\Exceptions->errorHandler(8, 'Undefined varia...', '/home/wwwinte/p...', 11, Array)
#1 /home/wwwinte/public_html/screening/system/View/View.php(220): include('/home/wwwinte/p...')
#2 /home/wwwinte/public_html/screening/system/View/View.php(222): CodeIgniter\View\View->CodeIgniter\View\{closure}()
#3 /home/wwwinte/public_html/screening/system/Common.php(1217): CodeIgniter\View\View->render('auth_internetic...', Array, true)
#4 /home/wwwinte/public_html/screening/app/ThirdParty/IonAuth/Controllers/Auth.php(929): view('auth_internetic...')
#5 /home/wwwinte/public_html/screening/app/ThirdParty/IonAuth/Controllers/Auth.php(173): IonAuth\Controllers\Auth->renderPage('IonAuth\\Views\\a...', Array)
#6 /home/wwwinte/public_html/screening/system/CodeIgniter.php(936): IonAuth\Controllers\Auth->login()
#7 /home/wwwinte/public_html/screening/system/CodeIgniter.php(432): CodeIgniter\CodeIgniter->runController(Object(App\Controllers\Auth))
#8 /home/wwwinte/public_html/screening/system/CodeIgniter.php(333): CodeIgniter\CodeIgniter->handleRequest(NULL, Object(Config\Cache), false)
#9 /home/wwwinte/public_html/screening/public/index.php(44): CodeIgniter\CodeIgniter->run()
#10 {main}
CRITICAL - 2021-03-25 16:21:08 --> syntax error, unexpected '$data' (T_VARIABLE)
#0 /home/wwwinte/public_html/screening/system/Autoloader/Autoloader.php(265): CodeIgniter\Autoloader\Autoloader->includeFile('/home/wwwinte/p...')
#1 /home/wwwinte/public_html/screening/system/Autoloader/Autoloader.php(228): CodeIgniter\Autoloader\Autoloader->loadInNamespace('IonAuth\\Control...')
#2 [internal function]: CodeIgniter\Autoloader\Autoloader->loadClass('IonAuth\\Control...')
#3 /home/wwwinte/public_html/screening/app/Controllers/Auth.php(3): spl_autoload_call('IonAuth\\Control...')
#4 /home/wwwinte/public_html/screening/system/Router/Router.php(562): include_once('/home/wwwinte/p...')
#5 /home/wwwinte/public_html/screening/system/Router/Router.php(170): CodeIgniter\Router\Router->autoRoute('auth/login')
#6 /home/wwwinte/public_html/screening/system/CodeIgniter.php(816): CodeIgniter\Router\Router->handle('auth/login')
#7 /home/wwwinte/public_html/screening/system/CodeIgniter.php(385): CodeIgniter\CodeIgniter->tryToRouteIt(Object(CodeIgniter\Router\RouteCollection))
#8 /home/wwwinte/public_html/screening/system/CodeIgniter.php(333): CodeIgniter\CodeIgniter->handleRequest(NULL, Object(Config\Cache), false)
#9 /home/wwwinte/public_html/screening/public/index.php(44): CodeIgniter\CodeIgniter->run()
#10 {main}
CRITICAL - 2021-03-25 16:22:00 --> Undefined property: App\Controllers\Auth::$viewdata
#0 /home/wwwinte/public_html/screening/app/ThirdParty/IonAuth/Controllers/Auth.php(929): CodeIgniter\Debug\Exceptions->errorHandler(8, 'Undefined prope...', '/home/wwwinte/p...', 929, Array)
#1 /home/wwwinte/public_html/screening/app/ThirdParty/IonAuth/Controllers/Auth.php(173): IonAuth\Controllers\Auth->renderPage('IonAuth\\Views\\a...', Array)
#2 /home/wwwinte/public_html/screening/system/CodeIgniter.php(936): IonAuth\Controllers\Auth->login()
#3 /home/wwwinte/public_html/screening/system/CodeIgniter.php(432): CodeIgniter\CodeIgniter->runController(Object(App\Controllers\Auth))
#4 /home/wwwinte/public_html/screening/system/CodeIgniter.php(333): CodeIgniter\CodeIgniter->handleRequest(NULL, Object(Config\Cache), false)
#5 /home/wwwinte/public_html/screening/public/index.php(44): CodeIgniter\CodeIgniter->run()
#6 {main}
CRITICAL - 2021-03-25 16:22:38 --> Undefined variable: main_content
#0 /home/wwwinte/public_html/screening/app/Views/auth_internetics/template.php(11): CodeIgniter\Debug\Exceptions->errorHandler(8, 'Undefined varia...', '/home/wwwinte/p...', 11, Array)
#1 /home/wwwinte/public_html/screening/system/View/View.php(220): include('/home/wwwinte/p...')
#2 /home/wwwinte/public_html/screening/system/View/View.php(222): CodeIgniter\View\View->CodeIgniter\View\{closure}()
#3 /home/wwwinte/public_html/screening/system/Common.php(1217): CodeIgniter\View\View->render('auth_internetic...', Array, true)
#4 /home/wwwinte/public_html/screening/app/ThirdParty/IonAuth/Controllers/Auth.php(929): view('auth_internetic...', Array)
#5 /home/wwwinte/public_html/screening/app/ThirdParty/IonAuth/Controllers/Auth.php(173): IonAuth\Controllers\Auth->renderPage('IonAuth\\Views\\a...', Array)
#6 /home/wwwinte/public_html/screening/system/CodeIgniter.php(936): IonAuth\Controllers\Auth->login()
#7 /home/wwwinte/public_html/screening/system/CodeIgniter.php(432): CodeIgniter\CodeIgniter->runController(Object(App\Controllers\Auth))
#8 /home/wwwinte/public_html/screening/system/CodeIgniter.php(333): CodeIgniter\CodeIgniter->handleRequest(NULL, Object(Config\Cache), false)
#9 /home/wwwinte/public_html/screening/public/index.php(44): CodeIgniter\CodeIgniter->run()
#10 {main}
CRITICAL - 2021-03-25 16:23:10 --> Undefined variable: main_content
#0 /home/wwwinte/public_html/screening/app/Views/auth_internetics/template.php(11): CodeIgniter\Debug\Exceptions->errorHandler(8, 'Undefined varia...', '/home/wwwinte/p...', 11, Array)
#1 /home/wwwinte/public_html/screening/system/View/View.php(220): include('/home/wwwinte/p...')
#2 /home/wwwinte/public_html/screening/system/View/View.php(222): CodeIgniter\View\View->CodeIgniter\View\{closure}()
#3 /home/wwwinte/public_html/screening/system/Common.php(1217): CodeIgniter\View\View->render('auth_internetic...', Array, true)
#4 /home/wwwinte/public_html/screening/app/ThirdParty/IonAuth/Controllers/Auth.php(929): view('auth_internetic...', Array)
#5 /home/wwwinte/public_html/screening/app/ThirdParty/IonAuth/Controllers/Auth.php(173): IonAuth\Controllers\Auth->renderPage('IonAuth\\Views\\a...', Array)
#6 /home/wwwinte/public_html/screening/system/CodeIgniter.php(936): IonAuth\Controllers\Auth->login()
#7 /home/wwwinte/public_html/screening/system/CodeIgniter.php(432): CodeIgniter\CodeIgniter->runController(Object(App\Controllers\Auth))
#8 /home/wwwinte/public_html/screening/system/CodeIgniter.php(333): CodeIgniter\CodeIgniter->handleRequest(NULL, Object(Config\Cache), false)
#9 /home/wwwinte/public_html/screening/public/index.php(44): CodeIgniter\CodeIgniter->run()
#10 {main}
CRITICAL - 2021-03-25 16:24:08 --> Undefined variable: main_content
#0 /home/wwwinte/public_html/screening/app/Views/auth_internetics/template.php(11): CodeIgniter\Debug\Exceptions->errorHandler(8, 'Undefined varia...', '/home/wwwinte/p...', 11, Array)
#1 /home/wwwinte/public_html/screening/system/View/View.php(220): include('/home/wwwinte/p...')
#2 /home/wwwinte/public_html/screening/system/View/View.php(222): CodeIgniter\View\View->CodeIgniter\View\{closure}()
#3 /home/wwwinte/public_html/screening/system/Common.php(1217): CodeIgniter\View\View->render('auth_internetic...', Array, true)
#4 /home/wwwinte/public_html/screening/app/ThirdParty/IonAuth/Controllers/Auth.php(929): view('auth_internetic...', Array)
#5 /home/wwwinte/public_html/screening/app/ThirdParty/IonAuth/Controllers/Auth.php(173): IonAuth\Controllers\Auth->renderPage('IonAuth\\Views\\a...', Array)
#6 /home/wwwinte/public_html/screening/system/CodeIgniter.php(936): IonAuth\Controllers\Auth->login()
#7 /home/wwwinte/public_html/screening/system/CodeIgniter.php(432): CodeIgniter\CodeIgniter->runController(Object(App\Controllers\Auth))
#8 /home/wwwinte/public_html/screening/system/CodeIgniter.php(333): CodeIgniter\CodeIgniter->handleRequest(NULL, Object(Config\Cache), false)
#9 /home/wwwinte/public_html/screening/public/index.php(44): CodeIgniter\CodeIgniter->run()
#10 {main}
CRITICAL - 2021-03-25 16:29:18 --> Undefined variable: main_content
#0 /home/wwwinte/public_html/screening/app/Views/auth_internetics/template.php(11): CodeIgniter\Debug\Exceptions->errorHandler(8, 'Undefined varia...', '/home/wwwinte/p...', 11, Array)
#1 /home/wwwinte/public_html/screening/system/View/View.php(220): include('/home/wwwinte/p...')
#2 /home/wwwinte/public_html/screening/system/View/View.php(222): CodeIgniter\View\View->CodeIgniter\View\{closure}()
#3 /home/wwwinte/public_html/screening/system/Common.php(1217): CodeIgniter\View\View->render('auth_internetic...', Array, true)
#4 /home/wwwinte/public_html/screening/app/ThirdParty/IonAuth/Controllers/Auth.php(929): view('auth_internetic...', Array)
#5 /home/wwwinte/public_html/screening/app/ThirdParty/IonAuth/Controllers/Auth.php(173): IonAuth\Controllers\Auth->renderPage('IonAuth\\Views\\a...', Array)
#6 /home/wwwinte/public_html/screening/system/CodeIgniter.php(936): IonAuth\Controllers\Auth->login()
#7 /home/wwwinte/public_html/screening/system/CodeIgniter.php(432): CodeIgniter\CodeIgniter->runController(Object(App\Controllers\Auth))
#8 /home/wwwinte/public_html/screening/system/CodeIgniter.php(333): CodeIgniter\CodeIgniter->handleRequest(NULL, Object(Config\Cache), false)
#9 /home/wwwinte/public_html/screening/public/index.php(44): CodeIgniter\CodeIgniter->run()
#10 {main}
CRITICAL - 2021-03-25 16:30:42 --> Undefined variable: main_content
#0 /home/wwwinte/public_html/screening/app/Views/auth_internetics/template.php(11): CodeIgniter\Debug\Exceptions->errorHandler(8, 'Undefined varia...', '/home/wwwinte/p...', 11, Array)
#1 /home/wwwinte/public_html/screening/system/View/View.php(220): include('/home/wwwinte/p...')
#2 /home/wwwinte/public_html/screening/system/View/View.php(222): CodeIgniter\View\View->CodeIgniter\View\{closure}()
#3 /home/wwwinte/public_html/screening/system/Common.php(1217): CodeIgniter\View\View->render('auth_internetic...', Array, true)
#4 /home/wwwinte/public_html/screening/app/ThirdParty/IonAuth/Controllers/Auth.php(931): view('auth_internetic...', Array)
#5 /home/wwwinte/public_html/screening/app/ThirdParty/IonAuth/Controllers/Auth.php(173): IonAuth\Controllers\Auth->renderPage('IonAuth\\Views\\a...', Array)
#6 /home/wwwinte/public_html/screening/system/CodeIgniter.php(936): IonAuth\Controllers\Auth->login()
#7 /home/wwwinte/public_html/screening/system/CodeIgniter.php(432): CodeIgniter\CodeIgniter->runController(Object(App\Controllers\Auth))
#8 /home/wwwinte/public_html/screening/system/CodeIgniter.php(333): CodeIgniter\CodeIgniter->handleRequest(NULL, Object(Config\Cache), false)
#9 /home/wwwinte/public_html/screening/public/index.php(44): CodeIgniter\CodeIgniter->run()
#10 {main}
CRITICAL - 2021-03-25 16:33:08 --> Undefined variable: viewHTML
#0 /home/wwwinte/public_html/screening/app/ThirdParty/IonAuth/Controllers/Auth.php(931): CodeIgniter\Debug\Exceptions->errorHandler(8, 'Undefined varia...', '/home/wwwinte/p...', 931, Array)
#1 /home/wwwinte/public_html/screening/app/ThirdParty/IonAuth/Controllers/Auth.php(173): IonAuth\Controllers\Auth->renderPage('IonAuth\\Views\\a...', Array)
#2 /home/wwwinte/public_html/screening/system/CodeIgniter.php(936): IonAuth\Controllers\Auth->login()
#3 /home/wwwinte/public_html/screening/system/CodeIgniter.php(432): CodeIgniter\CodeIgniter->runController(Object(App\Controllers\Auth))
#4 /home/wwwinte/public_html/screening/system/CodeIgniter.php(333): CodeIgniter\CodeIgniter->handleRequest(NULL, Object(Config\Cache), false)
#5 /home/wwwinte/public_html/screening/public/index.php(44): CodeIgniter\CodeIgniter->run()
#6 {main}
CRITICAL - 2021-03-25 16:33:33 --> Argument 2 passed to view() must be of the type array, string given, called in /home/wwwinte/public_html/screening/app/ThirdParty/IonAuth/Controllers/Auth.php on line 931
#0 /home/wwwinte/public_html/screening/app/ThirdParty/IonAuth/Controllers/Auth.php(931): view('auth_internetic...', '<!-- DEBUG-VIEW...')
#1 /home/wwwinte/public_html/screening/app/ThirdParty/IonAuth/Controllers/Auth.php(173): IonAuth\Controllers\Auth->renderPage('IonAuth\\Views\\a...', Array)
#2 /home/wwwinte/public_html/screening/system/CodeIgniter.php(936): IonAuth\Controllers\Auth->login()
#3 /home/wwwinte/public_html/screening/system/CodeIgniter.php(432): CodeIgniter\CodeIgniter->runController(Object(App\Controllers\Auth))
#4 /home/wwwinte/public_html/screening/system/CodeIgniter.php(333): CodeIgniter\CodeIgniter->handleRequest(NULL, Object(Config\Cache), false)
#5 /home/wwwinte/public_html/screening/public/index.php(44): CodeIgniter\CodeIgniter->run()
#6 {main}
CRITICAL - 2021-03-25 16:34:16 --> Undefined property: App\Controllers\Auth::$viewHtml
#0 /home/wwwinte/public_html/screening/app/ThirdParty/IonAuth/Controllers/Auth.php(931): CodeIgniter\Debug\Exceptions->errorHandler(8, 'Undefined prope...', '/home/wwwinte/p...', 931, Array)
#1 /home/wwwinte/public_html/screening/app/ThirdParty/IonAuth/Controllers/Auth.php(173): IonAuth\Controllers\Auth->renderPage('IonAuth\\Views\\a...', Array)
#2 /home/wwwinte/public_html/screening/system/CodeIgniter.php(936): IonAuth\Controllers\Auth->login()
#3 /home/wwwinte/public_html/screening/system/CodeIgniter.php(432): CodeIgniter\CodeIgniter->runController(Object(App\Controllers\Auth))
#4 /home/wwwinte/public_html/screening/system/CodeIgniter.php(333): CodeIgniter\CodeIgniter->handleRequest(NULL, Object(Config\Cache), false)
#5 /home/wwwinte/public_html/screening/public/index.php(44): CodeIgniter\CodeIgniter->run()
#6 {main}
CRITICAL - 2021-03-25 16:34:50 --> Undefined property: App\Controllers\Auth::$viewdata
#0 /home/wwwinte/public_html/screening/app/ThirdParty/IonAuth/Controllers/Auth.php(931): CodeIgniter\Debug\Exceptions->errorHandler(8, 'Undefined prope...', '/home/wwwinte/p...', 931, Array)
#1 /home/wwwinte/public_html/screening/app/ThirdParty/IonAuth/Controllers/Auth.php(173): IonAuth\Controllers\Auth->renderPage('IonAuth\\Views\\a...', Array)
#2 /home/wwwinte/public_html/screening/system/CodeIgniter.php(936): IonAuth\Controllers\Auth->login()
#3 /home/wwwinte/public_html/screening/system/CodeIgniter.php(432): CodeIgniter\CodeIgniter->runController(Object(App\Controllers\Auth))
#4 /home/wwwinte/public_html/screening/system/CodeIgniter.php(333): CodeIgniter\CodeIgniter->handleRequest(NULL, Object(Config\Cache), false)
#5 /home/wwwinte/public_html/screening/public/index.php(44): CodeIgniter\CodeIgniter->run()
#6 {main}
CRITICAL - 2021-03-25 16:35:47 --> Argument 2 passed to view() must be of the type array, string given, called in /home/wwwinte/public_html/screening/app/ThirdParty/IonAuth/Controllers/Auth.php on line 931
#0 /home/wwwinte/public_html/screening/app/ThirdParty/IonAuth/Controllers/Auth.php(931): view('auth_internetic...', 'IonAuth\\Views\\a...')
#1 /home/wwwinte/public_html/screening/app/ThirdParty/IonAuth/Controllers/Auth.php(173): IonAuth\Controllers\Auth->renderPage('IonAuth\\Views\\a...', Array)
#2 /home/wwwinte/public_html/screening/system/CodeIgniter.php(936): IonAuth\Controllers\Auth->login()
#3 /home/wwwinte/public_html/screening/system/CodeIgniter.php(432): CodeIgniter\CodeIgniter->runController(Object(App\Controllers\Auth))
#4 /home/wwwinte/public_html/screening/system/CodeIgniter.php(333): CodeIgniter\CodeIgniter->handleRequest(NULL, Object(Config\Cache), false)
#5 /home/wwwinte/public_html/screening/public/index.php(44): CodeIgniter\CodeIgniter->run()
#6 {main}
CRITICAL - 2021-03-25 16:36:51 --> Undefined property: App\Controllers\Auth::$viewdata
#0 /home/wwwinte/public_html/screening/app/ThirdParty/IonAuth/Controllers/Auth.php(931): CodeIgniter\Debug\Exceptions->errorHandler(8, 'Undefined prope...', '/home/wwwinte/p...', 931, Array)
#1 /home/wwwinte/public_html/screening/app/ThirdParty/IonAuth/Controllers/Auth.php(173): IonAuth\Controllers\Auth->renderPage('IonAuth\\Views\\a...', Array)
#2 /home/wwwinte/public_html/screening/system/CodeIgniter.php(936): IonAuth\Controllers\Auth->login()
#3 /home/wwwinte/public_html/screening/system/CodeIgniter.php(432): CodeIgniter\CodeIgniter->runController(Object(App\Controllers\Auth))
#4 /home/wwwinte/public_html/screening/system/CodeIgniter.php(333): CodeIgniter\CodeIgniter->handleRequest(NULL, Object(Config\Cache), false)
#5 /home/wwwinte/public_html/screening/public/index.php(44): CodeIgniter\CodeIgniter->run()
#6 {main}
CRITICAL - 2021-03-25 16:37:22 --> Undefined variable: main_content
#0 /home/wwwinte/public_html/screening/app/Views/auth_internetics/template.php(11): CodeIgniter\Debug\Exceptions->errorHandler(8, 'Undefined varia...', '/home/wwwinte/p...', 11, Array)
#1 /home/wwwinte/public_html/screening/system/View/View.php(220): include('/home/wwwinte/p...')
#2 /home/wwwinte/public_html/screening/system/View/View.php(222): CodeIgniter\View\View->CodeIgniter\View\{closure}()
#3 /home/wwwinte/public_html/screening/system/Common.php(1217): CodeIgniter\View\View->render('auth_internetic...', Array, true)
#4 /home/wwwinte/public_html/screening/app/ThirdParty/IonAuth/Controllers/Auth.php(929): view('auth_internetic...', Array)
#5 /home/wwwinte/public_html/screening/app/ThirdParty/IonAuth/Controllers/Auth.php(173): IonAuth\Controllers\Auth->renderPage('IonAuth\\Views\\a...', Array)
#6 /home/wwwinte/public_html/screening/system/CodeIgniter.php(936): IonAuth\Controllers\Auth->login()
#7 /home/wwwinte/public_html/screening/system/CodeIgniter.php(432): CodeIgniter\CodeIgniter->runController(Object(App\Controllers\Auth))
#8 /home/wwwinte/public_html/screening/system/CodeIgniter.php(333): CodeIgniter\CodeIgniter->handleRequest(NULL, Object(Config\Cache), false)
#9 /home/wwwinte/public_html/screening/public/index.php(44): CodeIgniter\CodeIgniter->run()
#10 {main}
CRITICAL - 2021-03-25 16:37:42 --> Undefined property: App\Controllers\Auth::$viewdata
#0 /home/wwwinte/public_html/screening/app/ThirdParty/IonAuth/Controllers/Auth.php(929): CodeIgniter\Debug\Exceptions->errorHandler(8, 'Undefined prope...', '/home/wwwinte/p...', 929, Array)
#1 /home/wwwinte/public_html/screening/app/ThirdParty/IonAuth/Controllers/Auth.php(173): IonAuth\Controllers\Auth->renderPage('IonAuth\\Views\\a...', Array)
#2 /home/wwwinte/public_html/screening/system/CodeIgniter.php(936): IonAuth\Controllers\Auth->login()
#3 /home/wwwinte/public_html/screening/system/CodeIgniter.php(432): CodeIgniter\CodeIgniter->runController(Object(App\Controllers\Auth))
#4 /home/wwwinte/public_html/screening/system/CodeIgniter.php(333): CodeIgniter\CodeIgniter->handleRequest(NULL, Object(Config\Cache), false)
#5 /home/wwwinte/public_html/screening/public/index.php(44): CodeIgniter\CodeIgniter->run()
#6 {main}
CRITICAL - 2021-03-25 16:38:41 --> Use of undefined constant data - assumed 'data' (this will throw an Error in a future version of PHP)
#0 /home/wwwinte/public_html/screening/app/Views/auth_internetics/template.php(11): CodeIgniter\Debug\Exceptions->errorHandler(2, 'Use of undefine...', '/home/wwwinte/p...', 11, Array)
#1 /home/wwwinte/public_html/screening/system/View/View.php(220): include('/home/wwwinte/p...')
#2 /home/wwwinte/public_html/screening/system/View/View.php(222): CodeIgniter\View\View->CodeIgniter\View\{closure}()
#3 /home/wwwinte/public_html/screening/system/Common.php(1217): CodeIgniter\View\View->render('auth_internetic...', Array, true)
#4 /home/wwwinte/public_html/screening/app/ThirdParty/IonAuth/Controllers/Auth.php(929): view('auth_internetic...', Array)
#5 /home/wwwinte/public_html/screening/app/ThirdParty/IonAuth/Controllers/Auth.php(173): IonAuth\Controllers\Auth->renderPage('IonAuth\\Views\\a...', Array)
#6 /home/wwwinte/public_html/screening/system/CodeIgniter.php(936): IonAuth\Controllers\Auth->login()
#7 /home/wwwinte/public_html/screening/system/CodeIgniter.php(432): CodeIgniter\CodeIgniter->runController(Object(App\Controllers\Auth))
#8 /home/wwwinte/public_html/screening/system/CodeIgniter.php(333): CodeIgniter\CodeIgniter->handleRequest(NULL, Object(Config\Cache), false)
#9 /home/wwwinte/public_html/screening/public/index.php(44): CodeIgniter\CodeIgniter->run()
#10 {main}
CRITICAL - 2021-03-25 16:39:13 --> Invalid file: Login.php
#0 /home/wwwinte/public_html/screening/system/View/View.php(203): CodeIgniter\Exceptions\FrameworkException::forInvalidFile('Login.php')
#1 /home/wwwinte/public_html/screening/system/Common.php(1217): CodeIgniter\View\View->render('Login', Array, true)
#2 /home/wwwinte/public_html/screening/app/Views/auth_internetics/template.php(11): view('Login')
#3 /home/wwwinte/public_html/screening/system/View/View.php(220): include('/home/wwwinte/p...')
#4 /home/wwwinte/public_html/screening/system/View/View.php(222): CodeIgniter\View\View->CodeIgniter\View\{closure}()
#5 /home/wwwinte/public_html/screening/system/Common.php(1217): CodeIgniter\View\View->render('auth_internetic...', Array, true)
#6 /home/wwwinte/public_html/screening/app/ThirdParty/IonAuth/Controllers/Auth.php(929): view('auth_internetic...', Array)
#7 /home/wwwinte/public_html/screening/app/ThirdParty/IonAuth/Controllers/Auth.php(173): IonAuth\Controllers\Auth->renderPage('IonAuth\\Views\\a...', Array)
#8 /home/wwwinte/public_html/screening/system/CodeIgniter.php(936): IonAuth\Controllers\Auth->login()
#9 /home/wwwinte/public_html/screening/system/CodeIgniter.php(432): CodeIgniter\CodeIgniter->runController(Object(App\Controllers\Auth))
#10 /home/wwwinte/public_html/screening/system/CodeIgniter.php(333): CodeIgniter\CodeIgniter->handleRequest(NULL, Object(Config\Cache), false)
#11 /home/wwwinte/public_html/screening/public/index.php(44): CodeIgniter\CodeIgniter->run()
#12 {main}
CRITICAL - 2021-03-25 16:41:55 --> Undefined variable: data
#0 /home/wwwinte/public_html/screening/app/Views/auth_internetics/template.php(14): CodeIgniter\Debug\Exceptions->errorHandler(8, 'Undefined varia...', '/home/wwwinte/p...', 14, Array)
#1 /home/wwwinte/public_html/screening/system/View/View.php(220): include('/home/wwwinte/p...')
#2 /home/wwwinte/public_html/screening/system/View/View.php(222): CodeIgniter\View\View->CodeIgniter\View\{closure}()
#3 /home/wwwinte/public_html/screening/system/Common.php(1217): CodeIgniter\View\View->render('auth_internetic...', Array, true)
#4 /home/wwwinte/public_html/screening/app/ThirdParty/IonAuth/Controllers/Auth.php(929): view('auth_internetic...', Array)
#5 /home/wwwinte/public_html/screening/app/ThirdParty/IonAuth/Controllers/Auth.php(173): IonAuth\Controllers\Auth->renderPage('IonAuth\\Views\\a...', Array)
#6 /home/wwwinte/public_html/screening/system/CodeIgniter.php(936): IonAuth\Controllers\Auth->login()
#7 /home/wwwinte/public_html/screening/system/CodeIgniter.php(432): CodeIgniter\CodeIgniter->runController(Object(App\Controllers\Auth))
#8 /home/wwwinte/public_html/screening/system/CodeIgniter.php(333): CodeIgniter\CodeIgniter->handleRequest(NULL, Object(Config\Cache), false)
#9 /home/wwwinte/public_html/screening/public/index.php(44): CodeIgniter\CodeIgniter->run()
#10 {main}
CRITICAL - 2021-03-25 16:42:25 --> syntax error, unexpected 'return' (T_RETURN)
#0 /home/wwwinte/public_html/screening/system/Autoloader/Autoloader.php(265): CodeIgniter\Autoloader\Autoloader->includeFile('/home/wwwinte/p...')
#1 /home/wwwinte/public_html/screening/system/Autoloader/Autoloader.php(228): CodeIgniter\Autoloader\Autoloader->loadInNamespace('IonAuth\\Control...')
#2 [internal function]: CodeIgniter\Autoloader\Autoloader->loadClass('IonAuth\\Control...')
#3 /home/wwwinte/public_html/screening/app/Controllers/Auth.php(3): spl_autoload_call('IonAuth\\Control...')
#4 /home/wwwinte/public_html/screening/system/Router/Router.php(562): include_once('/home/wwwinte/p...')
#5 /home/wwwinte/public_html/screening/system/Router/Router.php(170): CodeIgniter\Router\Router->autoRoute('auth/login')
#6 /home/wwwinte/public_html/screening/system/CodeIgniter.php(816): CodeIgniter\Router\Router->handle('auth/login')
#7 /home/wwwinte/public_html/screening/system/CodeIgniter.php(385): CodeIgniter\CodeIgniter->tryToRouteIt(Object(CodeIgniter\Router\RouteCollection))
#8 /home/wwwinte/public_html/screening/system/CodeIgniter.php(333): CodeIgniter\CodeIgniter->handleRequest(NULL, Object(Config\Cache), false)
#9 /home/wwwinte/public_html/screening/public/index.php(44): CodeIgniter\CodeIgniter->run()
#10 {main}
CRITICAL - 2021-03-25 16:49:15 --> syntax error, unexpected ';', expecting ')'
#0 /home/wwwinte/public_html/screening/system/Autoloader/Autoloader.php(265): CodeIgniter\Autoloader\Autoloader->includeFile('/home/wwwinte/p...')
#1 /home/wwwinte/public_html/screening/system/Autoloader/Autoloader.php(228): CodeIgniter\Autoloader\Autoloader->loadInNamespace('IonAuth\\Control...')
#2 [internal function]: CodeIgniter\Autoloader\Autoloader->loadClass('IonAuth\\Control...')
#3 /home/wwwinte/public_html/screening/app/Controllers/Auth.php(3): spl_autoload_call('IonAuth\\Control...')
#4 /home/wwwinte/public_html/screening/system/Router/Router.php(562): include_once('/home/wwwinte/p...')
#5 /home/wwwinte/public_html/screening/system/Router/Router.php(170): CodeIgniter\Router\Router->autoRoute('auth/login')
#6 /home/wwwinte/public_html/screening/system/CodeIgniter.php(816): CodeIgniter\Router\Router->handle('auth/login')
#7 /home/wwwinte/public_html/screening/system/CodeIgniter.php(385): CodeIgniter\CodeIgniter->tryToRouteIt(Object(CodeIgniter\Router\RouteCollection))
#8 /home/wwwinte/public_html/screening/system/CodeIgniter.php(333): CodeIgniter\CodeIgniter->handleRequest(NULL, Object(Config\Cache), false)
#9 /home/wwwinte/public_html/screening/public/index.php(44): CodeIgniter\CodeIgniter->run()
#10 {main}
CRITICAL - 2021-03-25 16:49:32 --> Undefined variable: main_content
#0 /home/wwwinte/public_html/screening/app/ThirdParty/IonAuth/Controllers/Auth.php(929): CodeIgniter\Debug\Exceptions->errorHandler(8, 'Undefined varia...', '/home/wwwinte/p...', 929, Array)
#1 /home/wwwinte/public_html/screening/app/ThirdParty/IonAuth/Controllers/Auth.php(173): IonAuth\Controllers\Auth->renderPage('IonAuth\\Views\\a...', Array)
#2 /home/wwwinte/public_html/screening/system/CodeIgniter.php(936): IonAuth\Controllers\Auth->login()
#3 /home/wwwinte/public_html/screening/system/CodeIgniter.php(432): CodeIgniter\CodeIgniter->runController(Object(App\Controllers\Auth))
#4 /home/wwwinte/public_html/screening/system/CodeIgniter.php(333): CodeIgniter\CodeIgniter->handleRequest(NULL, Object(Config\Cache), false)
#5 /home/wwwinte/public_html/screening/public/index.php(44): CodeIgniter\CodeIgniter->run()
#6 {main}
CRITICAL - 2021-03-25 16:56:07 --> Undefined variable: viewHtml
#0 /home/wwwinte/public_html/screening/app/ThirdParty/IonAuth/Controllers/Auth.php(923): CodeIgniter\Debug\Exceptions->errorHandler(8, 'Undefined varia...', '/home/wwwinte/p...', 923, Array)
#1 /home/wwwinte/public_html/screening/app/ThirdParty/IonAuth/Controllers/Auth.php(173): IonAuth\Controllers\Auth->renderPage('IonAuth\\Views\\a...', Array)
#2 /home/wwwinte/public_html/screening/system/CodeIgniter.php(936): IonAuth\Controllers\Auth->login()
#3 /home/wwwinte/public_html/screening/system/CodeIgniter.php(432): CodeIgniter\CodeIgniter->runController(Object(App\Controllers\Auth))
#4 /home/wwwinte/public_html/screening/system/CodeIgniter.php(333): CodeIgniter\CodeIgniter->handleRequest(NULL, Object(Config\Cache), false)
#5 /home/wwwinte/public_html/screening/public/index.php(44): CodeIgniter\CodeIgniter->run()
#6 {main}
CRITICAL - 2021-03-25 16:57:01 --> Argument 3 passed to view() must be of the type array, string given, called in /home/wwwinte/public_html/screening/app/ThirdParty/IonAuth/Controllers/Auth.php on line 931
#0 /home/wwwinte/public_html/screening/app/ThirdParty/IonAuth/Controllers/Auth.php(931): view('auth_internetic...', Array, '<!-- DEBUG-VIEW...')
#1 /home/wwwinte/public_html/screening/app/ThirdParty/IonAuth/Controllers/Auth.php(173): IonAuth\Controllers\Auth->renderPage('IonAuth\\Views\\a...', Array)
#2 /home/wwwinte/public_html/screening/system/CodeIgniter.php(936): IonAuth\Controllers\Auth->login()
#3 /home/wwwinte/public_html/screening/system/CodeIgniter.php(432): CodeIgniter\CodeIgniter->runController(Object(App\Controllers\Auth))
#4 /home/wwwinte/public_html/screening/system/CodeIgniter.php(333): CodeIgniter\CodeIgniter->handleRequest(NULL, Object(Config\Cache), false)
#5 /home/wwwinte/public_html/screening/public/index.php(44): CodeIgniter\CodeIgniter->run()
#6 {main}
CRITICAL - 2021-03-25 16:57:53 --> Argument 3 passed to view() must be of the type array, string given, called in /home/wwwinte/public_html/screening/app/ThirdParty/IonAuth/Controllers/Auth.php on line 931
#0 /home/wwwinte/public_html/screening/app/ThirdParty/IonAuth/Controllers/Auth.php(931): view('auth_internetic...', Array, 'IonAuth\\Views\\a...')
#1 /home/wwwinte/public_html/screening/app/ThirdParty/IonAuth/Controllers/Auth.php(173): IonAuth\Controllers\Auth->renderPage('IonAuth\\Views\\a...', Array)
#2 /home/wwwinte/public_html/screening/system/CodeIgniter.php(936): IonAuth\Controllers\Auth->login()
#3 /home/wwwinte/public_html/screening/system/CodeIgniter.php(432): CodeIgniter\CodeIgniter->runController(Object(App\Controllers\Auth))
#4 /home/wwwinte/public_html/screening/system/CodeIgniter.php(333): CodeIgniter\CodeIgniter->handleRequest(NULL, Object(Config\Cache), false)
#5 /home/wwwinte/public_html/screening/public/index.php(44): CodeIgniter\CodeIgniter->run()
#6 {main}
CRITICAL - 2021-03-25 16:58:49 --> Undefined property: App\Controllers\Auth::$view
#0 /home/wwwinte/public_html/screening/app/ThirdParty/IonAuth/Controllers/Auth.php(931): CodeIgniter\Debug\Exceptions->errorHandler(8, 'Undefined prope...', '/home/wwwinte/p...', 931, Array)
#1 /home/wwwinte/public_html/screening/app/ThirdParty/IonAuth/Controllers/Auth.php(173): IonAuth\Controllers\Auth->renderPage('IonAuth\\Views\\a...', Array)
#2 /home/wwwinte/public_html/screening/system/CodeIgniter.php(936): IonAuth\Controllers\Auth->login()
#3 /home/wwwinte/public_html/screening/system/CodeIgniter.php(432): CodeIgniter\CodeIgniter->runController(Object(App\Controllers\Auth))
#4 /home/wwwinte/public_html/screening/system/CodeIgniter.php(333): CodeIgniter\CodeIgniter->handleRequest(NULL, Object(Config\Cache), false)
#5 /home/wwwinte/public_html/screening/public/index.php(44): CodeIgniter\CodeIgniter->run()
#6 {main}
CRITICAL - 2021-03-25 16:59:26 --> Undefined property: App\Controllers\Auth::$viewHTML
#0 /home/wwwinte/public_html/screening/app/ThirdParty/IonAuth/Controllers/Auth.php(931): CodeIgniter\Debug\Exceptions->errorHandler(8, 'Undefined prope...', '/home/wwwinte/p...', 931, Array)
#1 /home/wwwinte/public_html/screening/app/ThirdParty/IonAuth/Controllers/Auth.php(173): IonAuth\Controllers\Auth->renderPage('IonAuth\\Views\\a...', Array)
#2 /home/wwwinte/public_html/screening/system/CodeIgniter.php(936): IonAuth\Controllers\Auth->login()
#3 /home/wwwinte/public_html/screening/system/CodeIgniter.php(432): CodeIgniter\CodeIgniter->runController(Object(App\Controllers\Auth))
#4 /home/wwwinte/public_html/screening/system/CodeIgniter.php(333): CodeIgniter\CodeIgniter->handleRequest(NULL, Object(Config\Cache), false)
#5 /home/wwwinte/public_html/screening/public/index.php(44): CodeIgniter\CodeIgniter->run()
#6 {main}
CRITICAL - 2021-03-25 16:59:43 --> Undefined property: App\Controllers\Auth::$viewHtml
#0 /home/wwwinte/public_html/screening/app/ThirdParty/IonAuth/Controllers/Auth.php(931): CodeIgniter\Debug\Exceptions->errorHandler(8, 'Undefined prope...', '/home/wwwinte/p...', 931, Array)
#1 /home/wwwinte/public_html/screening/app/ThirdParty/IonAuth/Controllers/Auth.php(173): IonAuth\Controllers\Auth->renderPage('IonAuth\\Views\\a...', Array)
#2 /home/wwwinte/public_html/screening/system/CodeIgniter.php(936): IonAuth\Controllers\Auth->login()
#3 /home/wwwinte/public_html/screening/system/CodeIgniter.php(432): CodeIgniter\CodeIgniter->runController(Object(App\Controllers\Auth))
#4 /home/wwwinte/public_html/screening/system/CodeIgniter.php(333): CodeIgniter\CodeIgniter->handleRequest(NULL, Object(Config\Cache), false)
#5 /home/wwwinte/public_html/screening/public/index.php(44): CodeIgniter\CodeIgniter->run()
#6 {main}
CRITICAL - 2021-03-25 17:00:48 --> Undefined property: App\Controllers\Auth::$<!-- DEBUG-VIEW START 1 APPPATH/ThirdParty/IonAuth/Views/auth/login.php -->
<h1>Login</h1>
<p>Please login with your email/username and password below.</p>

<div id="infoMessage"></div>

<form action="https://www.internetics.co.uk/screening/public/index.php/auth/login" method="post" accept-charset="utf-8">

  <p>
    <label for="identity">Email/Username:</label>    <input type="text" name="identity"value="" id="identity" />
  </p>

  <p>
    <label for="password">Password:</label>    <input type="password"name="password"value="" id="password" />
  </p>

  <p>
    <label for="remember">Remember Me:</label>    <input type="checkbox" name="remember" value="1" id="remember" />
  </p>


  <p><input type="submit" name="submit" value="Login" />
</p>

</form>
<p><a href="forgot_password">Forgot your password?</a></p>

<!-- DEBUG-VIEW ENDED 1 APPPATH/ThirdParty/IonAuth/Views/auth/login.php -->

#0 /home/wwwinte/public_html/screening/app/ThirdParty/IonAuth/Controllers/Auth.php(931): CodeIgniter\Debug\Exceptions->errorHandler(8, 'Undefined prope...', '/home/wwwinte/p...', 931, Array)
#1 /home/wwwinte/public_html/screening/app/ThirdParty/IonAuth/Controllers/Auth.php(173): IonAuth\Controllers\Auth->renderPage('IonAuth\\Views\\a...', Array)
#2 /home/wwwinte/public_html/screening/system/CodeIgniter.php(936): IonAuth\Controllers\Auth->login()
#3 /home/wwwinte/public_html/screening/system/CodeIgniter.php(432): CodeIgniter\CodeIgniter->runController(Object(App\Controllers\Auth))
#4 /home/wwwinte/public_html/screening/system/CodeIgniter.php(333): CodeIgniter\CodeIgniter->handleRequest(NULL, Object(Config\Cache), false)
#5 /home/wwwinte/public_html/screening/public/index.php(44): CodeIgniter\CodeIgniter->run()
#6 {main}
CRITICAL - 2021-03-25 17:01:44 --> Undefined property: App\Controllers\Auth::$viewHtml
#0 /home/wwwinte/public_html/screening/app/ThirdParty/IonAuth/Controllers/Auth.php(931): CodeIgniter\Debug\Exceptions->errorHandler(8, 'Undefined prope...', '/home/wwwinte/p...', 931, Array)
#1 /home/wwwinte/public_html/screening/app/ThirdParty/IonAuth/Controllers/Auth.php(173): IonAuth\Controllers\Auth->renderPage('IonAuth\\Views\\a...', Array)
#2 /home/wwwinte/public_html/screening/system/CodeIgniter.php(936): IonAuth\Controllers\Auth->login()
#3 /home/wwwinte/public_html/screening/system/CodeIgniter.php(432): CodeIgniter\CodeIgniter->runController(Object(App\Controllers\Auth))
#4 /home/wwwinte/public_html/screening/system/CodeIgniter.php(333): CodeIgniter\CodeIgniter->handleRequest(NULL, Object(Config\Cache), false)
#5 /home/wwwinte/public_html/screening/public/index.php(44): CodeIgniter\CodeIgniter->run()
#6 {main}
CRITICAL - 2021-03-25 17:01:58 --> Undefined property: App\Controllers\Auth::$<!-- DEBUG-VIEW START 1 APPPATH/ThirdParty/IonAuth/Views/auth/login.php -->
<h1>Login</h1>
<p>Please login with your email/username and password below.</p>

<div id="infoMessage"></div>

<form action="https://www.internetics.co.uk/screening/public/index.php/auth/login" method="post" accept-charset="utf-8">

  <p>
    <label for="identity">Email/Username:</label>    <input type="text" name="identity"value="" id="identity" />
  </p>

  <p>
    <label for="password">Password:</label>    <input type="password"name="password"value="" id="password" />
  </p>

  <p>
    <label for="remember">Remember Me:</label>    <input type="checkbox" name="remember" value="1" id="remember" />
  </p>


  <p><input type="submit" name="submit" value="Login" />
</p>

</form>
<p><a href="forgot_password">Forgot your password?</a></p>

<!-- DEBUG-VIEW ENDED 1 APPPATH/ThirdParty/IonAuth/Views/auth/login.php -->

#0 /home/wwwinte/public_html/screening/app/ThirdParty/IonAuth/Controllers/Auth.php(931): CodeIgniter\Debug\Exceptions->errorHandler(8, 'Undefined prope...', '/home/wwwinte/p...', 931, Array)
#1 /home/wwwinte/public_html/screening/app/ThirdParty/IonAuth/Controllers/Auth.php(173): IonAuth\Controllers\Auth->renderPage('IonAuth\\Views\\a...', Array)
#2 /home/wwwinte/public_html/screening/system/CodeIgniter.php(936): IonAuth\Controllers\Auth->login()
#3 /home/wwwinte/public_html/screening/system/CodeIgniter.php(432): CodeIgniter\CodeIgniter->runController(Object(App\Controllers\Auth))
#4 /home/wwwinte/public_html/screening/system/CodeIgniter.php(333): CodeIgniter\CodeIgniter->handleRequest(NULL, Object(Config\Cache), false)
#5 /home/wwwinte/public_html/screening/public/index.php(44): CodeIgniter\CodeIgniter->run()
#6 {main}
CRITICAL - 2021-03-25 17:02:12 --> Argument 3 passed to view() must be of the type array, string given, called in /home/wwwinte/public_html/screening/app/ThirdParty/IonAuth/Controllers/Auth.php on line 931
#0 /home/wwwinte/public_html/screening/app/ThirdParty/IonAuth/Controllers/Auth.php(931): view('auth_internetic...', Array, '<!-- DEBUG-VIEW...')
#1 /home/wwwinte/public_html/screening/app/ThirdParty/IonAuth/Controllers/Auth.php(173): IonAuth\Controllers\Auth->renderPage('IonAuth\\Views\\a...', Array)
#2 /home/wwwinte/public_html/screening/system/CodeIgniter.php(936): IonAuth\Controllers\Auth->login()
#3 /home/wwwinte/public_html/screening/system/CodeIgniter.php(432): CodeIgniter\CodeIgniter->runController(Object(App\Controllers\Auth))
#4 /home/wwwinte/public_html/screening/system/CodeIgniter.php(333): CodeIgniter\CodeIgniter->handleRequest(NULL, Object(Config\Cache), false)
#5 /home/wwwinte/public_html/screening/public/index.php(44): CodeIgniter\CodeIgniter->run()
#6 {main}
CRITICAL - 2021-03-25 17:03:05 --> Object of class App\Controllers\Auth could not be converted to number
#0 /home/wwwinte/public_html/screening/app/ThirdParty/IonAuth/Controllers/Auth.php(931): CodeIgniter\Debug\Exceptions->errorHandler(8, 'Object of class...', '/home/wwwinte/p...', 931, Array)
#1 /home/wwwinte/public_html/screening/app/ThirdParty/IonAuth/Controllers/Auth.php(173): IonAuth\Controllers\Auth->renderPage('IonAuth\\Views\\a...', Array)
#2 /home/wwwinte/public_html/screening/system/CodeIgniter.php(936): IonAuth\Controllers\Auth->login()
#3 /home/wwwinte/public_html/screening/system/CodeIgniter.php(432): CodeIgniter\CodeIgniter->runController(Object(App\Controllers\Auth))
#4 /home/wwwinte/public_html/screening/system/CodeIgniter.php(333): CodeIgniter\CodeIgniter->handleRequest(NULL, Object(Config\Cache), false)
#5 /home/wwwinte/public_html/screening/public/index.php(44): CodeIgniter\CodeIgniter->run()
#6 {main}
CRITICAL - 2021-03-25 17:03:22 --> Undefined property: App\Controllers\Auth::$<!-- DEBUG-VIEW START 1 APPPATH/ThirdParty/IonAuth/Views/auth/login.php -->
<h1>Login</h1>
<p>Please login with your email/username and password below.</p>

<div id="infoMessage"></div>

<form action="https://www.internetics.co.uk/screening/public/index.php/auth/login" method="post" accept-charset="utf-8">

  <p>
    <label for="identity">Email/Username:</label>    <input type="text" name="identity"value="" id="identity" />
  </p>

  <p>
    <label for="password">Password:</label>    <input type="password"name="password"value="" id="password" />
  </p>

  <p>
    <label for="remember">Remember Me:</label>    <input type="checkbox" name="remember" value="1" id="remember" />
  </p>


  <p><input type="submit" name="submit" value="Login" />
</p>

</form>
<p><a href="forgot_password">Forgot your password?</a></p>

<!-- DEBUG-VIEW ENDED 1 APPPATH/ThirdParty/IonAuth/Views/auth/login.php -->

#0 /home/wwwinte/public_html/screening/app/ThirdParty/IonAuth/Controllers/Auth.php(931): CodeIgniter\Debug\Exceptions->errorHandler(8, 'Undefined prope...', '/home/wwwinte/p...', 931, Array)
#1 /home/wwwinte/public_html/screening/app/ThirdParty/IonAuth/Controllers/Auth.php(173): IonAuth\Controllers\Auth->renderPage('IonAuth\\Views\\a...', Array)
#2 /home/wwwinte/public_html/screening/system/CodeIgniter.php(936): IonAuth\Controllers\Auth->login()
#3 /home/wwwinte/public_html/screening/system/CodeIgniter.php(432): CodeIgniter\CodeIgniter->runController(Object(App\Controllers\Auth))
#4 /home/wwwinte/public_html/screening/system/CodeIgniter.php(333): CodeIgniter\CodeIgniter->handleRequest(NULL, Object(Config\Cache), false)
#5 /home/wwwinte/public_html/screening/public/index.php(44): CodeIgniter\CodeIgniter->run()
#6 {main}
CRITICAL - 2021-03-25 17:03:54 --> Array to string conversion
#0 /home/wwwinte/public_html/screening/app/ThirdParty/IonAuth/Controllers/Auth.php(931): CodeIgniter\Debug\Exceptions->errorHandler(8, 'Array to string...', '/home/wwwinte/p...', 931, Array)
#1 /home/wwwinte/public_html/screening/app/ThirdParty/IonAuth/Controllers/Auth.php(173): IonAuth\Controllers\Auth->renderPage('IonAuth\\Views\\a...', Array)
#2 /home/wwwinte/public_html/screening/system/CodeIgniter.php(936): IonAuth\Controllers\Auth->login()
#3 /home/wwwinte/public_html/screening/system/CodeIgniter.php(432): CodeIgniter\CodeIgniter->runController(Object(App\Controllers\Auth))
#4 /home/wwwinte/public_html/screening/system/CodeIgniter.php(333): CodeIgniter\CodeIgniter->handleRequest(NULL, Object(Config\Cache), false)
#5 /home/wwwinte/public_html/screening/public/index.php(44): CodeIgniter\CodeIgniter->run()
#6 {main}
CRITICAL - 2021-03-25 17:04:10 --> Undefined property: App\Controllers\Auth::$IonAuth\Views\auth/login
#0 /home/wwwinte/public_html/screening/app/ThirdParty/IonAuth/Controllers/Auth.php(931): CodeIgniter\Debug\Exceptions->errorHandler(8, 'Undefined prope...', '/home/wwwinte/p...', 931, Array)
#1 /home/wwwinte/public_html/screening/app/ThirdParty/IonAuth/Controllers/Auth.php(173): IonAuth\Controllers\Auth->renderPage('IonAuth\\Views\\a...', Array)
#2 /home/wwwinte/public_html/screening/system/CodeIgniter.php(936): IonAuth\Controllers\Auth->login()
#3 /home/wwwinte/public_html/screening/system/CodeIgniter.php(432): CodeIgniter\CodeIgniter->runController(Object(App\Controllers\Auth))
#4 /home/wwwinte/public_html/screening/system/CodeIgniter.php(333): CodeIgniter\CodeIgniter->handleRequest(NULL, Object(Config\Cache), false)
#5 /home/wwwinte/public_html/screening/public/index.php(44): CodeIgniter\CodeIgniter->run()
#6 {main}
CRITICAL - 2021-03-25 17:04:25 --> Undefined property: App\Controllers\Auth::$<!-- DEBUG-VIEW START 1 APPPATH/ThirdParty/IonAuth/Views/auth/login.php -->
<h1>Login</h1>
<p>Please login with your email/username and password below.</p>

<div id="infoMessage"></div>

<form action="https://www.internetics.co.uk/screening/public/index.php/auth/login" method="post" accept-charset="utf-8">

  <p>
    <label for="identity">Email/Username:</label>    <input type="text" name="identity"value="" id="identity" />
  </p>

  <p>
    <label for="password">Password:</label>    <input type="password"name="password"value="" id="password" />
  </p>

  <p>
    <label for="remember">Remember Me:</label>    <input type="checkbox" name="remember" value="1" id="remember" />
  </p>


  <p><input type="submit" name="submit" value="Login" />
</p>

</form>
<p><a href="forgot_password">Forgot your password?</a></p>

<!-- DEBUG-VIEW ENDED 1 APPPATH/ThirdParty/IonAuth/Views/auth/login.php -->

#0 /home/wwwinte/public_html/screening/app/ThirdParty/IonAuth/Controllers/Auth.php(931): CodeIgniter\Debug\Exceptions->errorHandler(8, 'Undefined prope...', '/home/wwwinte/p...', 931, Array)
#1 /home/wwwinte/public_html/screening/app/ThirdParty/IonAuth/Controllers/Auth.php(173): IonAuth\Controllers\Auth->renderPage('IonAuth\\Views\\a...', Array)
#2 /home/wwwinte/public_html/screening/system/CodeIgniter.php(936): IonAuth\Controllers\Auth->login()
#3 /home/wwwinte/public_html/screening/system/CodeIgniter.php(432): CodeIgniter\CodeIgniter->runController(Object(App\Controllers\Auth))
#4 /home/wwwinte/public_html/screening/system/CodeIgniter.php(333): CodeIgniter\CodeIgniter->handleRequest(NULL, Object(Config\Cache), false)
#5 /home/wwwinte/public_html/screening/public/index.php(44): CodeIgniter\CodeIgniter->run()
#6 {main}
CRITICAL - 2021-03-25 17:14:15 --> Array to string conversion
#0 /home/wwwinte/public_html/screening/app/ThirdParty/IonAuth/Controllers/Auth.php(931): CodeIgniter\Debug\Exceptions->errorHandler(8, 'Array to string...', '/home/wwwinte/p...', 931, Array)
#1 /home/wwwinte/public_html/screening/app/ThirdParty/IonAuth/Controllers/Auth.php(173): IonAuth\Controllers\Auth->renderPage('IonAuth\\Views\\a...', Array)
#2 /home/wwwinte/public_html/screening/system/CodeIgniter.php(936): IonAuth\Controllers\Auth->login()
#3 /home/wwwinte/public_html/screening/system/CodeIgniter.php(432): CodeIgniter\CodeIgniter->runController(Object(App\Controllers\Auth))
#4 /home/wwwinte/public_html/screening/system/CodeIgniter.php(333): CodeIgniter\CodeIgniter->handleRequest(NULL, Object(Config\Cache), false)
#5 /home/wwwinte/public_html/screening/public/index.php(44): CodeIgniter\CodeIgniter->run()
#6 {main}
CRITICAL - 2021-03-25 17:15:21 --> Undefined variable: viewdata
#0 /home/wwwinte/public_html/screening/app/Views/auth_internetics/template.php(12): CodeIgniter\Debug\Exceptions->errorHandler(8, 'Undefined varia...', '/home/wwwinte/p...', 12, Array)
#1 /home/wwwinte/public_html/screening/system/View/View.php(220): include('/home/wwwinte/p...')
#2 /home/wwwinte/public_html/screening/system/View/View.php(222): CodeIgniter\View\View->CodeIgniter\View\{closure}()
#3 /home/wwwinte/public_html/screening/system/Common.php(1217): CodeIgniter\View\View->render('auth_internetic...', Array, true)
#4 /home/wwwinte/public_html/screening/app/ThirdParty/IonAuth/Controllers/Auth.php(931): view('auth_internetic...', Array, Array)
#5 /home/wwwinte/public_html/screening/app/ThirdParty/IonAuth/Controllers/Auth.php(173): IonAuth\Controllers\Auth->renderPage('IonAuth\\Views\\a...', Array)
#6 /home/wwwinte/public_html/screening/system/CodeIgniter.php(936): IonAuth\Controllers\Auth->login()
#7 /home/wwwinte/public_html/screening/system/CodeIgniter.php(432): CodeIgniter\CodeIgniter->runController(Object(App\Controllers\Auth))
#8 /home/wwwinte/public_html/screening/system/CodeIgniter.php(333): CodeIgniter\CodeIgniter->handleRequest(NULL, Object(Config\Cache), false)
#9 /home/wwwinte/public_html/screening/public/index.php(44): CodeIgniter\CodeIgniter->run()
#10 {main}
CRITICAL - 2021-03-25 17:16:17 --> Use of undefined constant viewdata - assumed 'viewdata' (this will throw an Error in a future version of PHP)
#0 /home/wwwinte/public_html/screening/app/ThirdParty/IonAuth/Controllers/Auth.php(931): CodeIgniter\Debug\Exceptions->errorHandler(2, 'Use of undefine...', '/home/wwwinte/p...', 931, Array)
#1 /home/wwwinte/public_html/screening/app/ThirdParty/IonAuth/Controllers/Auth.php(173): IonAuth\Controllers\Auth->renderPage('IonAuth\\Views\\a...', Array)
#2 /home/wwwinte/public_html/screening/system/CodeIgniter.php(936): IonAuth\Controllers\Auth->login()
#3 /home/wwwinte/public_html/screening/system/CodeIgniter.php(432): CodeIgniter\CodeIgniter->runController(Object(App\Controllers\Auth))
#4 /home/wwwinte/public_html/screening/system/CodeIgniter.php(333): CodeIgniter\CodeIgniter->handleRequest(NULL, Object(Config\Cache), false)
#5 /home/wwwinte/public_html/screening/public/index.php(44): CodeIgniter\CodeIgniter->run()
#6 {main}
CRITICAL - 2021-03-25 17:58:27 --> Undefined property: App\Controllers\Auth::$viewdata
#0 /home/wwwinte/public_html/screening/app/ThirdParty/IonAuth/Controllers/Auth.php(931): CodeIgniter\Debug\Exceptions->errorHandler(8, 'Undefined prope...', '/home/wwwinte/p...', 931, Array)
#1 /home/wwwinte/public_html/screening/app/ThirdParty/IonAuth/Controllers/Auth.php(173): IonAuth\Controllers\Auth->renderPage('IonAuth\\Views\\a...', Array)
#2 /home/wwwinte/public_html/screening/system/CodeIgniter.php(936): IonAuth\Controllers\Auth->login()
#3 /home/wwwinte/public_html/screening/system/CodeIgniter.php(432): CodeIgniter\CodeIgniter->runController(Object(App\Controllers\Auth))
#4 /home/wwwinte/public_html/screening/system/CodeIgniter.php(333): CodeIgniter\CodeIgniter->handleRequest(NULL, Object(Config\Cache), false)
#5 /home/wwwinte/public_html/screening/public/index.php(44): CodeIgniter\CodeIgniter->run()
#6 {main}
CRITICAL - 2021-03-25 17:58:44 --> Array to string conversion
#0 /home/wwwinte/public_html/screening/app/ThirdParty/IonAuth/Controllers/Auth.php(931): CodeIgniter\Debug\Exceptions->errorHandler(8, 'Array to string...', '/home/wwwinte/p...', 931, Array)
#1 /home/wwwinte/public_html/screening/app/ThirdParty/IonAuth/Controllers/Auth.php(173): IonAuth\Controllers\Auth->renderPage('IonAuth\\Views\\a...', Array)
#2 /home/wwwinte/public_html/screening/system/CodeIgniter.php(936): IonAuth\Controllers\Auth->login()
#3 /home/wwwinte/public_html/screening/system/CodeIgniter.php(432): CodeIgniter\CodeIgniter->runController(Object(App\Controllers\Auth))
#4 /home/wwwinte/public_html/screening/system/CodeIgniter.php(333): CodeIgniter\CodeIgniter->handleRequest(NULL, Object(Config\Cache), false)
#5 /home/wwwinte/public_html/screening/public/index.php(44): CodeIgniter\CodeIgniter->run()
#6 {main}
CRITICAL - 2021-03-25 17:59:13 --> Undefined variable: viewdata
#0 /home/wwwinte/public_html/screening/app/Views/auth_internetics/template.php(12): CodeIgniter\Debug\Exceptions->errorHandler(8, 'Undefined varia...', '/home/wwwinte/p...', 12, Array)
#1 /home/wwwinte/public_html/screening/system/View/View.php(220): include('/home/wwwinte/p...')
#2 /home/wwwinte/public_html/screening/system/View/View.php(222): CodeIgniter\View\View->CodeIgniter\View\{closure}()
#3 /home/wwwinte/public_html/screening/system/Common.php(1217): CodeIgniter\View\View->render('auth_internetic...', Array, true)
#4 /home/wwwinte/public_html/screening/app/ThirdParty/IonAuth/Controllers/Auth.php(931): view('auth_internetic...', Array, Array)
#5 /home/wwwinte/public_html/screening/app/ThirdParty/IonAuth/Controllers/Auth.php(173): IonAuth\Controllers\Auth->renderPage('IonAuth\\Views\\a...', Array)
#6 /home/wwwinte/public_html/screening/system/CodeIgniter.php(936): IonAuth\Controllers\Auth->login()
#7 /home/wwwinte/public_html/screening/system/CodeIgniter.php(432): CodeIgniter\CodeIgniter->runController(Object(App\Controllers\Auth))
#8 /home/wwwinte/public_html/screening/system/CodeIgniter.php(333): CodeIgniter\CodeIgniter->handleRequest(NULL, Object(Config\Cache), false)
#9 /home/wwwinte/public_html/screening/public/index.php(44): CodeIgniter\CodeIgniter->run()
#10 {main}
CRITICAL - 2021-03-25 17:59:56 --> Array to string conversion
#0 /home/wwwinte/public_html/screening/app/Views/auth_internetics/template.php(12): CodeIgniter\Debug\Exceptions->errorHandler(8, 'Array to string...', '/home/wwwinte/p...', 12, Array)
#1 /home/wwwinte/public_html/screening/system/View/View.php(220): include('/home/wwwinte/p...')
#2 /home/wwwinte/public_html/screening/system/View/View.php(222): CodeIgniter\View\View->CodeIgniter\View\{closure}()
#3 /home/wwwinte/public_html/screening/system/Common.php(1217): CodeIgniter\View\View->render('auth_internetic...', Array, true)
#4 /home/wwwinte/public_html/screening/app/ThirdParty/IonAuth/Controllers/Auth.php(931): view('auth_internetic...', Array, Array)
#5 /home/wwwinte/public_html/screening/app/ThirdParty/IonAuth/Controllers/Auth.php(173): IonAuth\Controllers\Auth->renderPage('IonAuth\\Views\\a...', Array)
#6 /home/wwwinte/public_html/screening/system/CodeIgniter.php(936): IonAuth\Controllers\Auth->login()
#7 /home/wwwinte/public_html/screening/system/CodeIgniter.php(432): CodeIgniter\CodeIgniter->runController(Object(App\Controllers\Auth))
#8 /home/wwwinte/public_html/screening/system/CodeIgniter.php(333): CodeIgniter\CodeIgniter->handleRequest(NULL, Object(Config\Cache), false)
#9 /home/wwwinte/public_html/screening/public/index.php(44): CodeIgniter\CodeIgniter->run()
#10 {main}
CRITICAL - 2021-03-25 18:01:30 --> Undefined variable: viewHTML
#0 /home/wwwinte/public_html/screening/app/ThirdParty/IonAuth/Controllers/Auth.php(929): CodeIgniter\Debug\Exceptions->errorHandler(8, 'Undefined varia...', '/home/wwwinte/p...', 929, Array)
#1 /home/wwwinte/public_html/screening/app/ThirdParty/IonAuth/Controllers/Auth.php(173): IonAuth\Controllers\Auth->renderPage('IonAuth\\Views\\a...', Array)
#2 /home/wwwinte/public_html/screening/system/CodeIgniter.php(936): IonAuth\Controllers\Auth->login()
#3 /home/wwwinte/public_html/screening/system/CodeIgniter.php(432): CodeIgniter\CodeIgniter->runController(Object(App\Controllers\Auth))
#4 /home/wwwinte/public_html/screening/system/CodeIgniter.php(333): CodeIgniter\CodeIgniter->handleRequest(NULL, Object(Config\Cache), false)
#5 /home/wwwinte/public_html/screening/public/index.php(44): CodeIgniter\CodeIgniter->run()
#6 {main}
CRITICAL - 2021-03-25 18:01:59 --> syntax error, unexpected ')'
#0 /home/wwwinte/public_html/screening/system/Autoloader/Autoloader.php(265): CodeIgniter\Autoloader\Autoloader->includeFile('/home/wwwinte/p...')
#1 /home/wwwinte/public_html/screening/system/Autoloader/Autoloader.php(228): CodeIgniter\Autoloader\Autoloader->loadInNamespace('IonAuth\\Control...')
#2 [internal function]: CodeIgniter\Autoloader\Autoloader->loadClass('IonAuth\\Control...')
#3 /home/wwwinte/public_html/screening/app/Controllers/Auth.php(3): spl_autoload_call('IonAuth\\Control...')
#4 /home/wwwinte/public_html/screening/system/Router/Router.php(562): include_once('/home/wwwinte/p...')
#5 /home/wwwinte/public_html/screening/system/Router/Router.php(170): CodeIgniter\Router\Router->autoRoute('auth/login')
#6 /home/wwwinte/public_html/screening/system/CodeIgniter.php(816): CodeIgniter\Router\Router->handle('auth/login')
#7 /home/wwwinte/public_html/screening/system/CodeIgniter.php(385): CodeIgniter\CodeIgniter->tryToRouteIt(Object(CodeIgniter\Router\RouteCollection))
#8 /home/wwwinte/public_html/screening/system/CodeIgniter.php(333): CodeIgniter\CodeIgniter->handleRequest(NULL, Object(Config\Cache), false)
#9 /home/wwwinte/public_html/screening/public/index.php(44): CodeIgniter\CodeIgniter->run()
#10 {main}
CRITICAL - 2021-03-25 18:02:20 --> syntax error, unexpected 'else' (T_ELSE)
#0 /home/wwwinte/public_html/screening/system/Autoloader/Autoloader.php(265): CodeIgniter\Autoloader\Autoloader->includeFile('/home/wwwinte/p...')
#1 /home/wwwinte/public_html/screening/system/Autoloader/Autoloader.php(228): CodeIgniter\Autoloader\Autoloader->loadInNamespace('IonAuth\\Control...')
#2 [internal function]: CodeIgniter\Autoloader\Autoloader->loadClass('IonAuth\\Control...')
#3 /home/wwwinte/public_html/screening/app/Controllers/Auth.php(3): spl_autoload_call('IonAuth\\Control...')
#4 /home/wwwinte/public_html/screening/system/Router/Router.php(562): include_once('/home/wwwinte/p...')
#5 /home/wwwinte/public_html/screening/system/Router/Router.php(170): CodeIgniter\Router\Router->autoRoute('auth/login')
#6 /home/wwwinte/public_html/screening/system/CodeIgniter.php(816): CodeIgniter\Router\Router->handle('auth/login')
#7 /home/wwwinte/public_html/screening/system/CodeIgniter.php(385): CodeIgniter\CodeIgniter->tryToRouteIt(Object(CodeIgniter\Router\RouteCollection))
#8 /home/wwwinte/public_html/screening/system/CodeIgniter.php(333): CodeIgniter\CodeIgniter->handleRequest(NULL, Object(Config\Cache), false)
#9 /home/wwwinte/public_html/screening/public/index.php(44): CodeIgniter\CodeIgniter->run()
#10 {main}
CRITICAL - 2021-03-25 18:02:40 --> syntax error, unexpected 'else' (T_ELSE)
#0 /home/wwwinte/public_html/screening/system/Autoloader/Autoloader.php(265): CodeIgniter\Autoloader\Autoloader->includeFile('/home/wwwinte/p...')
#1 /home/wwwinte/public_html/screening/system/Autoloader/Autoloader.php(228): CodeIgniter\Autoloader\Autoloader->loadInNamespace('IonAuth\\Control...')
#2 [internal function]: CodeIgniter\Autoloader\Autoloader->loadClass('IonAuth\\Control...')
#3 /home/wwwinte/public_html/screening/app/Controllers/Auth.php(3): spl_autoload_call('IonAuth\\Control...')
#4 /home/wwwinte/public_html/screening/system/Router/Router.php(562): include_once('/home/wwwinte/p...')
#5 /home/wwwinte/public_html/screening/system/Router/Router.php(170): CodeIgniter\Router\Router->autoRoute('auth/login')
#6 /home/wwwinte/public_html/screening/system/CodeIgniter.php(816): CodeIgniter\Router\Router->handle('auth/login')
#7 /home/wwwinte/public_html/screening/system/CodeIgniter.php(385): CodeIgniter\CodeIgniter->tryToRouteIt(Object(CodeIgniter\Router\RouteCollection))
#8 /home/wwwinte/public_html/screening/system/CodeIgniter.php(333): CodeIgniter\CodeIgniter->handleRequest(NULL, Object(Config\Cache), false)
#9 /home/wwwinte/public_html/screening/public/index.php(44): CodeIgniter\CodeIgniter->run()
#10 {main}
CRITICAL - 2021-03-25 18:02:59 --> Undefined variable: viewHTML
#0 /home/wwwinte/public_html/screening/app/ThirdParty/IonAuth/Controllers/Auth.php(930): CodeIgniter\Debug\Exceptions->errorHandler(8, 'Undefined varia...', '/home/wwwinte/p...', 930, Array)
#1 /home/wwwinte/public_html/screening/app/ThirdParty/IonAuth/Controllers/Auth.php(173): IonAuth\Controllers\Auth->renderPage('IonAuth\\Views\\a...', Array)
#2 /home/wwwinte/public_html/screening/system/CodeIgniter.php(936): IonAuth\Controllers\Auth->login()
#3 /home/wwwinte/public_html/screening/system/CodeIgniter.php(432): CodeIgniter\CodeIgniter->runController(Object(App\Controllers\Auth))
#4 /home/wwwinte/public_html/screening/system/CodeIgniter.php(333): CodeIgniter\CodeIgniter->handleRequest(NULL, Object(Config\Cache), false)
#5 /home/wwwinte/public_html/screening/public/index.php(44): CodeIgniter\CodeIgniter->run()
#6 {main}
CRITICAL - 2021-03-25 18:06:17 --> Argument 3 passed to view() must be of the type array, string given, called in /home/wwwinte/public_html/screening/app/ThirdParty/IonAuth/Controllers/Auth.php on line 932
#0 /home/wwwinte/public_html/screening/app/ThirdParty/IonAuth/Controllers/Auth.php(932): view('auth_internetic...', Array, 'viewdata')
#1 /home/wwwinte/public_html/screening/app/ThirdParty/IonAuth/Controllers/Auth.php(173): IonAuth\Controllers\Auth->renderPage('IonAuth\\Views\\a...', Array)
#2 /home/wwwinte/public_html/screening/system/CodeIgniter.php(936): IonAuth\Controllers\Auth->login()
#3 /home/wwwinte/public_html/screening/system/CodeIgniter.php(432): CodeIgniter\CodeIgniter->runController(Object(App\Controllers\Auth))
#4 /home/wwwinte/public_html/screening/system/CodeIgniter.php(333): CodeIgniter\CodeIgniter->handleRequest(NULL, Object(Config\Cache), false)
#5 /home/wwwinte/public_html/screening/public/index.php(44): CodeIgniter\CodeIgniter->run()
#6 {main}
CRITICAL - 2021-03-25 18:07:31 --> Argument 2 passed to view() must be of the type array, string given, called in /home/wwwinte/public_html/screening/app/ThirdParty/IonAuth/Controllers/Auth.php on line 932
#0 /home/wwwinte/public_html/screening/app/ThirdParty/IonAuth/Controllers/Auth.php(932): view('auth_internetic...', 'viewdata')
#1 /home/wwwinte/public_html/screening/app/ThirdParty/IonAuth/Controllers/Auth.php(173): IonAuth\Controllers\Auth->renderPage('IonAuth\\Views\\a...', Array)
#2 /home/wwwinte/public_html/screening/system/CodeIgniter.php(936): IonAuth\Controllers\Auth->login()
#3 /home/wwwinte/public_html/screening/system/CodeIgniter.php(432): CodeIgniter\CodeIgniter->runController(Object(App\Controllers\Auth))
#4 /home/wwwinte/public_html/screening/system/CodeIgniter.php(333): CodeIgniter\CodeIgniter->handleRequest(NULL, Object(Config\Cache), false)
#5 /home/wwwinte/public_html/screening/public/index.php(44): CodeIgniter\CodeIgniter->run()
#6 {main}
CRITICAL - 2021-03-25 18:10:33 --> Argument 3 passed to view() must be of the type array, string given, called in /home/wwwinte/public_html/screening/app/ThirdParty/IonAuth/Controllers/Auth.php on line 933
#0 /home/wwwinte/public_html/screening/app/ThirdParty/IonAuth/Controllers/Auth.php(933): view('auth_internetic...', Array, '$viewdata')
#1 /home/wwwinte/public_html/screening/app/ThirdParty/IonAuth/Controllers/Auth.php(173): IonAuth\Controllers\Auth->renderPage('IonAuth\\Views\\a...', Array)
#2 /home/wwwinte/public_html/screening/system/CodeIgniter.php(936): IonAuth\Controllers\Auth->login()
#3 /home/wwwinte/public_html/screening/system/CodeIgniter.php(432): CodeIgniter\CodeIgniter->runController(Object(App\Controllers\Auth))
#4 /home/wwwinte/public_html/screening/system/CodeIgniter.php(333): CodeIgniter\CodeIgniter->handleRequest(NULL, Object(Config\Cache), false)
#5 /home/wwwinte/public_html/screening/public/index.php(44): CodeIgniter\CodeIgniter->run()
#6 {main}
CRITICAL - 2021-03-25 18:13:06 --> Argument 3 passed to view() must be of the type array, string given, called in /home/wwwinte/public_html/screening/app/ThirdParty/IonAuth/Controllers/Auth.php on line 933
#0 /home/wwwinte/public_html/screening/app/ThirdParty/IonAuth/Controllers/Auth.php(933): view('auth_internetic...', Array, '$viewdata')
#1 /home/wwwinte/public_html/screening/app/ThirdParty/IonAuth/Controllers/Auth.php(173): IonAuth\Controllers\Auth->renderPage('IonAuth\\Views\\a...', Array)
#2 /home/wwwinte/public_html/screening/system/CodeIgniter.php(936): IonAuth\Controllers\Auth->login()
#3 /home/wwwinte/public_html/screening/system/CodeIgniter.php(432): CodeIgniter\CodeIgniter->runController(Object(App\Controllers\Auth))
#4 /home/wwwinte/public_html/screening/system/CodeIgniter.php(333): CodeIgniter\CodeIgniter->handleRequest(NULL, Object(Config\Cache), false)
#5 /home/wwwinte/public_html/screening/public/index.php(44): CodeIgniter\CodeIgniter->run()
#6 {main}
CRITICAL - 2021-03-25 18:17:12 --> Undefined variable: viewThis
#0 /home/wwwinte/public_html/screening/app/Views/auth_internetics/template.php(12): CodeIgniter\Debug\Exceptions->errorHandler(8, 'Undefined varia...', '/home/wwwinte/p...', 12, Array)
#1 /home/wwwinte/public_html/screening/system/View/View.php(220): include('/home/wwwinte/p...')
#2 /home/wwwinte/public_html/screening/system/View/View.php(222): CodeIgniter\View\View->CodeIgniter\View\{closure}()
#3 /home/wwwinte/public_html/screening/system/Common.php(1217): CodeIgniter\View\View->render('auth_internetic...', Array, true)
#4 /home/wwwinte/public_html/screening/app/ThirdParty/IonAuth/Controllers/Auth.php(935): view('auth_internetic...', Array)
#5 /home/wwwinte/public_html/screening/app/ThirdParty/IonAuth/Controllers/Auth.php(173): IonAuth\Controllers\Auth->renderPage('IonAuth\\Views\\a...', Array)
#6 /home/wwwinte/public_html/screening/system/CodeIgniter.php(936): IonAuth\Controllers\Auth->login()
#7 /home/wwwinte/public_html/screening/system/CodeIgniter.php(432): CodeIgniter\CodeIgniter->runController(Object(App\Controllers\Auth))
#8 /home/wwwinte/public_html/screening/system/CodeIgniter.php(333): CodeIgniter\CodeIgniter->handleRequest(NULL, Object(Config\Cache), false)
#9 /home/wwwinte/public_html/screening/public/index.php(44): CodeIgniter\CodeIgniter->run()
#10 {main}
CRITICAL - 2021-03-25 18:18:41 --> Undefined variable: viewHtml
#0 /home/wwwinte/public_html/screening/app/Views/auth_internetics/template.php(12): CodeIgniter\Debug\Exceptions->errorHandler(8, 'Undefined varia...', '/home/wwwinte/p...', 12, Array)
#1 /home/wwwinte/public_html/screening/system/View/View.php(220): include('/home/wwwinte/p...')
#2 /home/wwwinte/public_html/screening/system/View/View.php(222): CodeIgniter\View\View->CodeIgniter\View\{closure}()
#3 /home/wwwinte/public_html/screening/system/Common.php(1217): CodeIgniter\View\View->render('auth_internetic...', Array, true)
#4 /home/wwwinte/public_html/screening/app/ThirdParty/IonAuth/Controllers/Auth.php(935): view('auth_internetic...', Array)
#5 /home/wwwinte/public_html/screening/app/ThirdParty/IonAuth/Controllers/Auth.php(173): IonAuth\Controllers\Auth->renderPage('IonAuth\\Views\\a...', Array)
#6 /home/wwwinte/public_html/screening/system/CodeIgniter.php(936): IonAuth\Controllers\Auth->login()
#7 /home/wwwinte/public_html/screening/system/CodeIgniter.php(432): CodeIgniter\CodeIgniter->runController(Object(App\Controllers\Auth))
#8 /home/wwwinte/public_html/screening/system/CodeIgniter.php(333): CodeIgniter\CodeIgniter->handleRequest(NULL, Object(Config\Cache), false)
#9 /home/wwwinte/public_html/screening/public/index.php(44): CodeIgniter\CodeIgniter->run()
#10 {main}
CRITICAL - 2021-03-25 18:19:59 --> Undefined variable: viewHtml
#0 /home/wwwinte/public_html/screening/app/Views/auth_internetics/template.php(12): CodeIgniter\Debug\Exceptions->errorHandler(8, 'Undefined varia...', '/home/wwwinte/p...', 12, Array)
#1 /home/wwwinte/public_html/screening/system/View/View.php(220): include('/home/wwwinte/p...')
#2 /home/wwwinte/public_html/screening/system/View/View.php(222): CodeIgniter\View\View->CodeIgniter\View\{closure}()
#3 /home/wwwinte/public_html/screening/system/Common.php(1217): CodeIgniter\View\View->render('auth_internetic...', Array, true)
#4 /home/wwwinte/public_html/screening/app/ThirdParty/IonAuth/Controllers/Auth.php(935): view('auth_internetic...', Array)
#5 /home/wwwinte/public_html/screening/app/ThirdParty/IonAuth/Controllers/Auth.php(173): IonAuth\Controllers\Auth->renderPage('IonAuth\\Views\\a...', Array)
#6 /home/wwwinte/public_html/screening/system/CodeIgniter.php(936): IonAuth\Controllers\Auth->login()
#7 /home/wwwinte/public_html/screening/system/CodeIgniter.php(432): CodeIgniter\CodeIgniter->runController(Object(App\Controllers\Auth))
#8 /home/wwwinte/public_html/screening/system/CodeIgniter.php(333): CodeIgniter\CodeIgniter->handleRequest(NULL, Object(Config\Cache), false)
#9 /home/wwwinte/public_html/screening/public/index.php(44): CodeIgniter\CodeIgniter->run()
#10 {main}
CRITICAL - 2021-03-25 18:21:14 --> Undefined variable: viewHtml2
#0 /home/wwwinte/public_html/screening/app/Views/auth_internetics/template.php(12): CodeIgniter\Debug\Exceptions->errorHandler(8, 'Undefined varia...', '/home/wwwinte/p...', 12, Array)
#1 /home/wwwinte/public_html/screening/system/View/View.php(220): include('/home/wwwinte/p...')
#2 /home/wwwinte/public_html/screening/system/View/View.php(222): CodeIgniter\View\View->CodeIgniter\View\{closure}()
#3 /home/wwwinte/public_html/screening/system/Common.php(1217): CodeIgniter\View\View->render('auth_internetic...', Array, true)
#4 /home/wwwinte/public_html/screening/app/ThirdParty/IonAuth/Controllers/Auth.php(935): view('auth_internetic...', Array)
#5 /home/wwwinte/public_html/screening/app/ThirdParty/IonAuth/Controllers/Auth.php(173): IonAuth\Controllers\Auth->renderPage('IonAuth\\Views\\a...', Array)
#6 /home/wwwinte/public_html/screening/system/CodeIgniter.php(936): IonAuth\Controllers\Auth->login()
#7 /home/wwwinte/public_html/screening/system/CodeIgniter.php(432): CodeIgniter\CodeIgniter->runController(Object(App\Controllers\Auth))
#8 /home/wwwinte/public_html/screening/system/CodeIgniter.php(333): CodeIgniter\CodeIgniter->handleRequest(NULL, Object(Config\Cache), false)
#9 /home/wwwinte/public_html/screening/public/index.php(44): CodeIgniter\CodeIgniter->run()
#10 {main}
CRITICAL - 2021-03-25 18:21:18 --> Undefined variable: viewHtml2
#0 /home/wwwinte/public_html/screening/app/Views/auth_internetics/template.php(12): CodeIgniter\Debug\Exceptions->errorHandler(8, 'Undefined varia...', '/home/wwwinte/p...', 12, Array)
#1 /home/wwwinte/public_html/screening/system/View/View.php(220): include('/home/wwwinte/p...')
#2 /home/wwwinte/public_html/screening/system/View/View.php(222): CodeIgniter\View\View->CodeIgniter\View\{closure}()
#3 /home/wwwinte/public_html/screening/system/Common.php(1217): CodeIgniter\View\View->render('auth_internetic...', Array, true)
#4 /home/wwwinte/public_html/screening/app/ThirdParty/IonAuth/Controllers/Auth.php(935): view('auth_internetic...', Array)
#5 /home/wwwinte/public_html/screening/app/ThirdParty/IonAuth/Controllers/Auth.php(173): IonAuth\Controllers\Auth->renderPage('IonAuth\\Views\\a...', Array)
#6 /home/wwwinte/public_html/screening/system/CodeIgniter.php(936): IonAuth\Controllers\Auth->login()
#7 /home/wwwinte/public_html/screening/system/CodeIgniter.php(432): CodeIgniter\CodeIgniter->runController(Object(App\Controllers\Auth))
#8 /home/wwwinte/public_html/screening/system/CodeIgniter.php(333): CodeIgniter\CodeIgniter->handleRequest(NULL, Object(Config\Cache), false)
#9 /home/wwwinte/public_html/screening/public/index.php(44): CodeIgniter\CodeIgniter->run()
#10 {main}
CRITICAL - 2021-03-25 18:22:00 --> Undefined index: viewHTML2
#0 /home/wwwinte/public_html/screening/app/ThirdParty/IonAuth/Controllers/Auth.php(935): CodeIgniter\Debug\Exceptions->errorHandler(8, 'Undefined index...', '/home/wwwinte/p...', 935, Array)
#1 /home/wwwinte/public_html/screening/app/ThirdParty/IonAuth/Controllers/Auth.php(173): IonAuth\Controllers\Auth->renderPage('IonAuth\\Views\\a...', Array)
#2 /home/wwwinte/public_html/screening/system/CodeIgniter.php(936): IonAuth\Controllers\Auth->login()
#3 /home/wwwinte/public_html/screening/system/CodeIgniter.php(432): CodeIgniter\CodeIgniter->runController(Object(App\Controllers\Auth))
#4 /home/wwwinte/public_html/screening/system/CodeIgniter.php(333): CodeIgniter\CodeIgniter->handleRequest(NULL, Object(Config\Cache), false)
#5 /home/wwwinte/public_html/screening/public/index.php(44): CodeIgniter\CodeIgniter->run()
#6 {main}
CRITICAL - 2021-03-25 18:22:15 --> Undefined index: viewHtml2
#0 /home/wwwinte/public_html/screening/app/ThirdParty/IonAuth/Controllers/Auth.php(935): CodeIgniter\Debug\Exceptions->errorHandler(8, 'Undefined index...', '/home/wwwinte/p...', 935, Array)
#1 /home/wwwinte/public_html/screening/app/ThirdParty/IonAuth/Controllers/Auth.php(173): IonAuth\Controllers\Auth->renderPage('IonAuth\\Views\\a...', Array)
#2 /home/wwwinte/public_html/screening/system/CodeIgniter.php(936): IonAuth\Controllers\Auth->login()
#3 /home/wwwinte/public_html/screening/system/CodeIgniter.php(432): CodeIgniter\CodeIgniter->runController(Object(App\Controllers\Auth))
#4 /home/wwwinte/public_html/screening/system/CodeIgniter.php(333): CodeIgniter\CodeIgniter->handleRequest(NULL, Object(Config\Cache), false)
#5 /home/wwwinte/public_html/screening/public/index.php(44): CodeIgniter\CodeIgniter->run()
#6 {main}
CRITICAL - 2021-03-25 18:22:57 --> Undefined variable: viewHtml2
#0 /home/wwwinte/public_html/screening/app/Views/auth_internetics/template.php(12): CodeIgniter\Debug\Exceptions->errorHandler(8, 'Undefined varia...', '/home/wwwinte/p...', 12, Array)
#1 /home/wwwinte/public_html/screening/system/View/View.php(220): include('/home/wwwinte/p...')
#2 /home/wwwinte/public_html/screening/system/View/View.php(222): CodeIgniter\View\View->CodeIgniter\View\{closure}()
#3 /home/wwwinte/public_html/screening/system/Common.php(1217): CodeIgniter\View\View->render('auth_internetic...', Array, true)
#4 /home/wwwinte/public_html/screening/app/ThirdParty/IonAuth/Controllers/Auth.php(935): view('auth_internetic...', Array)
#5 /home/wwwinte/public_html/screening/app/ThirdParty/IonAuth/Controllers/Auth.php(173): IonAuth\Controllers\Auth->renderPage('IonAuth\\Views\\a...', Array)
#6 /home/wwwinte/public_html/screening/system/CodeIgniter.php(936): IonAuth\Controllers\Auth->login()
#7 /home/wwwinte/public_html/screening/system/CodeIgniter.php(432): CodeIgniter\CodeIgniter->runController(Object(App\Controllers\Auth))
#8 /home/wwwinte/public_html/screening/system/CodeIgniter.php(333): CodeIgniter\CodeIgniter->handleRequest(NULL, Object(Config\Cache), false)
#9 /home/wwwinte/public_html/screening/public/index.php(44): CodeIgniter\CodeIgniter->run()
#10 {main}
CRITICAL - 2021-03-25 18:27:22 --> Undefined variable: htmltoshow
#0 /home/wwwinte/public_html/screening/app/Views/auth_internetics/template.php(12): CodeIgniter\Debug\Exceptions->errorHandler(8, 'Undefined varia...', '/home/wwwinte/p...', 12, Array)
#1 /home/wwwinte/public_html/screening/system/View/View.php(220): include('/home/wwwinte/p...')
#2 /home/wwwinte/public_html/screening/system/View/View.php(222): CodeIgniter\View\View->CodeIgniter\View\{closure}()
#3 /home/wwwinte/public_html/screening/system/Common.php(1217): CodeIgniter\View\View->render('auth_internetic...', Array, true)
#4 /home/wwwinte/public_html/screening/app/ThirdParty/IonAuth/Controllers/Auth.php(935): view('auth_internetic...', Array)
#5 /home/wwwinte/public_html/screening/app/ThirdParty/IonAuth/Controllers/Auth.php(173): IonAuth\Controllers\Auth->renderPage('IonAuth\\Views\\a...', Array)
#6 /home/wwwinte/public_html/screening/system/CodeIgniter.php(936): IonAuth\Controllers\Auth->login()
#7 /home/wwwinte/public_html/screening/system/CodeIgniter.php(432): CodeIgniter\CodeIgniter->runController(Object(App\Controllers\Auth))
#8 /home/wwwinte/public_html/screening/system/CodeIgniter.php(333): CodeIgniter\CodeIgniter->handleRequest(NULL, Object(Config\Cache), false)
#9 /home/wwwinte/public_html/screening/public/index.php(44): CodeIgniter\CodeIgniter->run()
#10 {main}
CRITICAL - 2021-03-25 18:28:21 --> Undefined variable: htmltoshow
#0 /home/wwwinte/public_html/screening/app/Views/auth_internetics/template.php(12): CodeIgniter\Debug\Exceptions->errorHandler(8, 'Undefined varia...', '/home/wwwinte/p...', 12, Array)
#1 /home/wwwinte/public_html/screening/system/View/View.php(220): include('/home/wwwinte/p...')
#2 /home/wwwinte/public_html/screening/system/View/View.php(222): CodeIgniter\View\View->CodeIgniter\View\{closure}()
#3 /home/wwwinte/public_html/screening/system/Common.php(1217): CodeIgniter\View\View->render('auth_internetic...', Array, true)
#4 /home/wwwinte/public_html/screening/app/ThirdParty/IonAuth/Controllers/Auth.php(936): view('auth_internetic...', Array)
#5 /home/wwwinte/public_html/screening/app/ThirdParty/IonAuth/Controllers/Auth.php(173): IonAuth\Controllers\Auth->renderPage('IonAuth\\Views\\a...', Array)
#6 /home/wwwinte/public_html/screening/system/CodeIgniter.php(936): IonAuth\Controllers\Auth->login()
#7 /home/wwwinte/public_html/screening/system/CodeIgniter.php(432): CodeIgniter\CodeIgniter->runController(Object(App\Controllers\Auth))
#8 /home/wwwinte/public_html/screening/system/CodeIgniter.php(333): CodeIgniter\CodeIgniter->handleRequest(NULL, Object(Config\Cache), false)
#9 /home/wwwinte/public_html/screening/public/index.php(44): CodeIgniter\CodeIgniter->run()
#10 {main}
CRITICAL - 2021-03-25 18:29:46 --> Undefined variable: htmltoshow
#0 /home/wwwinte/public_html/screening/app/Views/auth_internetics/template.php(12): CodeIgniter\Debug\Exceptions->errorHandler(8, 'Undefined varia...', '/home/wwwinte/p...', 12, Array)
#1 /home/wwwinte/public_html/screening/system/View/View.php(220): include('/home/wwwinte/p...')
#2 /home/wwwinte/public_html/screening/system/View/View.php(222): CodeIgniter\View\View->CodeIgniter\View\{closure}()
#3 /home/wwwinte/public_html/screening/system/Common.php(1217): CodeIgniter\View\View->render('auth_internetic...', Array, true)
#4 /home/wwwinte/public_html/screening/app/ThirdParty/IonAuth/Controllers/Auth.php(939): view('auth_internetic...', Array)
#5 /home/wwwinte/public_html/screening/app/ThirdParty/IonAuth/Controllers/Auth.php(173): IonAuth\Controllers\Auth->renderPage('IonAuth\\Views\\a...', Array)
#6 /home/wwwinte/public_html/screening/system/CodeIgniter.php(936): IonAuth\Controllers\Auth->login()
#7 /home/wwwinte/public_html/screening/system/CodeIgniter.php(432): CodeIgniter\CodeIgniter->runController(Object(App\Controllers\Auth))
#8 /home/wwwinte/public_html/screening/system/CodeIgniter.php(333): CodeIgniter\CodeIgniter->handleRequest(NULL, Object(Config\Cache), false)
#9 /home/wwwinte/public_html/screening/public/index.php(44): CodeIgniter\CodeIgniter->run()
#10 {main}
CRITICAL - 2021-03-25 18:30:08 --> Undefined index: htmltoshow
#0 /home/wwwinte/public_html/screening/app/ThirdParty/IonAuth/Controllers/Auth.php(934): CodeIgniter\Debug\Exceptions->errorHandler(8, 'Undefined index...', '/home/wwwinte/p...', 934, Array)
#1 /home/wwwinte/public_html/screening/app/ThirdParty/IonAuth/Controllers/Auth.php(173): IonAuth\Controllers\Auth->renderPage('IonAuth\\Views\\a...', Array)
#2 /home/wwwinte/public_html/screening/system/CodeIgniter.php(936): IonAuth\Controllers\Auth->login()
#3 /home/wwwinte/public_html/screening/system/CodeIgniter.php(432): CodeIgniter\CodeIgniter->runController(Object(App\Controllers\Auth))
#4 /home/wwwinte/public_html/screening/system/CodeIgniter.php(333): CodeIgniter\CodeIgniter->handleRequest(NULL, Object(Config\Cache), false)
#5 /home/wwwinte/public_html/screening/public/index.php(44): CodeIgniter\CodeIgniter->run()
#6 {main}
CRITICAL - 2021-03-25 18:30:38 --> Undefined variable: htmltoshow
#0 /home/wwwinte/public_html/screening/app/Views/auth_internetics/template.php(12): CodeIgniter\Debug\Exceptions->errorHandler(8, 'Undefined varia...', '/home/wwwinte/p...', 12, Array)
#1 /home/wwwinte/public_html/screening/system/View/View.php(220): include('/home/wwwinte/p...')
#2 /home/wwwinte/public_html/screening/system/View/View.php(222): CodeIgniter\View\View->CodeIgniter\View\{closure}()
#3 /home/wwwinte/public_html/screening/system/Common.php(1217): CodeIgniter\View\View->render('auth_internetic...', Array, true)
#4 /home/wwwinte/public_html/screening/app/ThirdParty/IonAuth/Controllers/Auth.php(938): view('auth_internetic...', Array)
#5 /home/wwwinte/public_html/screening/app/ThirdParty/IonAuth/Controllers/Auth.php(173): IonAuth\Controllers\Auth->renderPage('IonAuth\\Views\\a...', Array)
#6 /home/wwwinte/public_html/screening/system/CodeIgniter.php(936): IonAuth\Controllers\Auth->login()
#7 /home/wwwinte/public_html/screening/system/CodeIgniter.php(432): CodeIgniter\CodeIgniter->runController(Object(App\Controllers\Auth))
#8 /home/wwwinte/public_html/screening/system/CodeIgniter.php(333): CodeIgniter\CodeIgniter->handleRequest(NULL, Object(Config\Cache), false)
#9 /home/wwwinte/public_html/screening/public/index.php(44): CodeIgniter\CodeIgniter->run()
#10 {main}
CRITICAL - 2021-03-25 18:30:56 --> Undefined variable: htmltoshow
#0 /home/wwwinte/public_html/screening/app/Views/auth_internetics/template.php(12): CodeIgniter\Debug\Exceptions->errorHandler(8, 'Undefined varia...', '/home/wwwinte/p...', 12, Array)
#1 /home/wwwinte/public_html/screening/system/View/View.php(220): include('/home/wwwinte/p...')
#2 /home/wwwinte/public_html/screening/system/View/View.php(222): CodeIgniter\View\View->CodeIgniter\View\{closure}()
#3 /home/wwwinte/public_html/screening/system/Common.php(1217): CodeIgniter\View\View->render('auth_internetic...', Array, true)
#4 /home/wwwinte/public_html/screening/app/ThirdParty/IonAuth/Controllers/Auth.php(938): view('auth_internetic...', Array)
#5 /home/wwwinte/public_html/screening/app/ThirdParty/IonAuth/Controllers/Auth.php(173): IonAuth\Controllers\Auth->renderPage('IonAuth\\Views\\a...', Array)
#6 /home/wwwinte/public_html/screening/system/CodeIgniter.php(936): IonAuth\Controllers\Auth->login()
#7 /home/wwwinte/public_html/screening/system/CodeIgniter.php(432): CodeIgniter\CodeIgniter->runController(Object(App\Controllers\Auth))
#8 /home/wwwinte/public_html/screening/system/CodeIgniter.php(333): CodeIgniter\CodeIgniter->handleRequest(NULL, Object(Config\Cache), false)
#9 /home/wwwinte/public_html/screening/public/index.php(44): CodeIgniter\CodeIgniter->run()
#10 {main}
CRITICAL - 2021-03-25 18:31:15 --> Undefined variable: htmltoshow
#0 /home/wwwinte/public_html/screening/app/Views/auth_internetics/template.php(12): CodeIgniter\Debug\Exceptions->errorHandler(8, 'Undefined varia...', '/home/wwwinte/p...', 12, Array)
#1 /home/wwwinte/public_html/screening/system/View/View.php(220): include('/home/wwwinte/p...')
#2 /home/wwwinte/public_html/screening/system/View/View.php(222): CodeIgniter\View\View->CodeIgniter\View\{closure}()
#3 /home/wwwinte/public_html/screening/system/Common.php(1217): CodeIgniter\View\View->render('auth_internetic...', Array, true)
#4 /home/wwwinte/public_html/screening/app/ThirdParty/IonAuth/Controllers/Auth.php(938): view('auth_internetic...', Array)
#5 /home/wwwinte/public_html/screening/app/ThirdParty/IonAuth/Controllers/Auth.php(173): IonAuth\Controllers\Auth->renderPage('IonAuth\\Views\\a...', Array)
#6 /home/wwwinte/public_html/screening/system/CodeIgniter.php(936): IonAuth\Controllers\Auth->login()
#7 /home/wwwinte/public_html/screening/system/CodeIgniter.php(432): CodeIgniter\CodeIgniter->runController(Object(App\Controllers\Auth))
#8 /home/wwwinte/public_html/screening/system/CodeIgniter.php(333): CodeIgniter\CodeIgniter->handleRequest(NULL, Object(Config\Cache), false)
#9 /home/wwwinte/public_html/screening/public/index.php(44): CodeIgniter\CodeIgniter->run()
#10 {main}
CRITICAL - 2021-03-25 18:32:22 --> Undefined index: htmltoshow
#0 /home/wwwinte/public_html/screening/app/ThirdParty/IonAuth/Controllers/Auth.php(935): CodeIgniter\Debug\Exceptions->errorHandler(8, 'Undefined index...', '/home/wwwinte/p...', 935, Array)
#1 /home/wwwinte/public_html/screening/app/ThirdParty/IonAuth/Controllers/Auth.php(173): IonAuth\Controllers\Auth->renderPage('IonAuth\\Views\\a...', Array)
#2 /home/wwwinte/public_html/screening/system/CodeIgniter.php(936): IonAuth\Controllers\Auth->login()
#3 /home/wwwinte/public_html/screening/system/CodeIgniter.php(432): CodeIgniter\CodeIgniter->runController(Object(App\Controllers\Auth))
#4 /home/wwwinte/public_html/screening/system/CodeIgniter.php(333): CodeIgniter\CodeIgniter->handleRequest(NULL, Object(Config\Cache), false)
#5 /home/wwwinte/public_html/screening/public/index.php(44): CodeIgniter\CodeIgniter->run()
#6 {main}
CRITICAL - 2021-03-25 18:36:32 --> Invalid file: auth_internetics/template/header.php
#0 /home/wwwinte/public_html/screening/system/View/View.php(203): CodeIgniter\Exceptions\FrameworkException::forInvalidFile('auth_internetic...')
#1 /home/wwwinte/public_html/screening/system/Common.php(1217): CodeIgniter\View\View->render('auth_internetic...', Array, true)
#2 /home/wwwinte/public_html/screening/app/Views/auth_internetics/template.php(3): view('auth_internetic...')
#3 /home/wwwinte/public_html/screening/system/View/View.php(220): include('/home/wwwinte/p...')
#4 /home/wwwinte/public_html/screening/system/View/View.php(222): CodeIgniter\View\View->CodeIgniter\View\{closure}()
#5 /home/wwwinte/public_html/screening/system/Common.php(1217): CodeIgniter\View\View->render('auth_internetic...', Array, true)
#6 /home/wwwinte/public_html/screening/app/ThirdParty/IonAuth/Controllers/Auth.php(939): view('auth_internetic...', Array)
#7 /home/wwwinte/public_html/screening/app/ThirdParty/IonAuth/Controllers/Auth.php(305): IonAuth\Controllers\Auth->renderPage('IonAuth\\Views\\a...', Array)
#8 /home/wwwinte/public_html/screening/system/CodeIgniter.php(936): IonAuth\Controllers\Auth->forgot_password()
#9 /home/wwwinte/public_html/screening/system/CodeIgniter.php(432): CodeIgniter\CodeIgniter->runController(Object(App\Controllers\Auth))
#10 /home/wwwinte/public_html/screening/system/CodeIgniter.php(333): CodeIgniter\CodeIgniter->handleRequest(NULL, Object(Config\Cache), false)
#11 /home/wwwinte/public_html/screening/public/index.php(44): CodeIgniter\CodeIgniter->run()
#12 {main}
CRITICAL - 2021-03-25 18:37:28 --> Invalid file: header.php
#0 /home/wwwinte/public_html/screening/system/View/View.php(203): CodeIgniter\Exceptions\FrameworkException::forInvalidFile('header.php')
#1 /home/wwwinte/public_html/screening/system/Common.php(1217): CodeIgniter\View\View->render('header', Array, true)
#2 /home/wwwinte/public_html/screening/app/Views/auth_internetics/template.php(3): view('header')
#3 /home/wwwinte/public_html/screening/system/View/View.php(220): include('/home/wwwinte/p...')
#4 /home/wwwinte/public_html/screening/system/View/View.php(222): CodeIgniter\View\View->CodeIgniter\View\{closure}()
#5 /home/wwwinte/public_html/screening/system/Common.php(1217): CodeIgniter\View\View->render('auth_internetic...', Array, true)
#6 /home/wwwinte/public_html/screening/app/ThirdParty/IonAuth/Controllers/Auth.php(939): view('auth_internetic...', Array)
#7 /home/wwwinte/public_html/screening/app/ThirdParty/IonAuth/Controllers/Auth.php(305): IonAuth\Controllers\Auth->renderPage('IonAuth\\Views\\a...', Array)
#8 /home/wwwinte/public_html/screening/system/CodeIgniter.php(936): IonAuth\Controllers\Auth->forgot_password()
#9 /home/wwwinte/public_html/screening/system/CodeIgniter.php(432): CodeIgniter\CodeIgniter->runController(Object(App\Controllers\Auth))
#10 /home/wwwinte/public_html/screening/system/CodeIgniter.php(333): CodeIgniter\CodeIgniter->handleRequest(NULL, Object(Config\Cache), false)
#11 /home/wwwinte/public_html/screening/public/index.php(44): CodeIgniter\CodeIgniter->run()
#12 {main}
CRITICAL - 2021-03-25 18:38:08 --> Invalid file: template/header.php
#0 /home/wwwinte/public_html/screening/system/View/View.php(203): CodeIgniter\Exceptions\FrameworkException::forInvalidFile('template/header...')
#1 /home/wwwinte/public_html/screening/system/Common.php(1217): CodeIgniter\View\View->render('template/header', Array, true)
#2 /home/wwwinte/public_html/screening/app/Views/auth_internetics/template.php(3): view('template/header')
#3 /home/wwwinte/public_html/screening/system/View/View.php(220): include('/home/wwwinte/p...')
#4 /home/wwwinte/public_html/screening/system/View/View.php(222): CodeIgniter\View\View->CodeIgniter\View\{closure}()
#5 /home/wwwinte/public_html/screening/system/Common.php(1217): CodeIgniter\View\View->render('auth_internetic...', Array, true)
#6 /home/wwwinte/public_html/screening/app/ThirdParty/IonAuth/Controllers/Auth.php(939): view('auth_internetic...', Array)
#7 /home/wwwinte/public_html/screening/app/ThirdParty/IonAuth/Controllers/Auth.php(305): IonAuth\Controllers\Auth->renderPage('IonAuth\\Views\\a...', Array)
#8 /home/wwwinte/public_html/screening/system/CodeIgniter.php(936): IonAuth\Controllers\Auth->forgot_password()
#9 /home/wwwinte/public_html/screening/system/CodeIgniter.php(432): CodeIgniter\CodeIgniter->runController(Object(App\Controllers\Auth))
#10 /home/wwwinte/public_html/screening/system/CodeIgniter.php(333): CodeIgniter\CodeIgniter->handleRequest(NULL, Object(Config\Cache), false)
#11 /home/wwwinte/public_html/screening/public/index.php(44): CodeIgniter\CodeIgniter->run()
#12 {main}
CRITICAL - 2021-03-25 18:38:25 --> Invalid file: /template/header.php
#0 /home/wwwinte/public_html/screening/system/View/View.php(203): CodeIgniter\Exceptions\FrameworkException::forInvalidFile('/template/heade...')
#1 /home/wwwinte/public_html/screening/system/Common.php(1217): CodeIgniter\View\View->render('/template/heade...', Array, true)
#2 /home/wwwinte/public_html/screening/app/Views/auth_internetics/template.php(3): view('/template/heade...')
#3 /home/wwwinte/public_html/screening/system/View/View.php(220): include('/home/wwwinte/p...')
#4 /home/wwwinte/public_html/screening/system/View/View.php(222): CodeIgniter\View\View->CodeIgniter\View\{closure}()
#5 /home/wwwinte/public_html/screening/system/Common.php(1217): CodeIgniter\View\View->render('auth_internetic...', Array, true)
#6 /home/wwwinte/public_html/screening/app/ThirdParty/IonAuth/Controllers/Auth.php(939): view('auth_internetic...', Array)
#7 /home/wwwinte/public_html/screening/app/ThirdParty/IonAuth/Controllers/Auth.php(305): IonAuth\Controllers\Auth->renderPage('IonAuth\\Views\\a...', Array)
#8 /home/wwwinte/public_html/screening/system/CodeIgniter.php(936): IonAuth\Controllers\Auth->forgot_password()
#9 /home/wwwinte/public_html/screening/system/CodeIgniter.php(432): CodeIgniter\CodeIgniter->runController(Object(App\Controllers\Auth))
#10 /home/wwwinte/public_html/screening/system/CodeIgniter.php(333): CodeIgniter\CodeIgniter->handleRequest(NULL, Object(Config\Cache), false)
#11 /home/wwwinte/public_html/screening/public/index.php(44): CodeIgniter\CodeIgniter->run()
#12 {main}
CRITICAL - 2021-03-25 18:38:41 --> Invalid file: ./header.php
#0 /home/wwwinte/public_html/screening/system/View/View.php(203): CodeIgniter\Exceptions\FrameworkException::forInvalidFile('./header.php')
#1 /home/wwwinte/public_html/screening/system/Common.php(1217): CodeIgniter\View\View->render('./header', Array, true)
#2 /home/wwwinte/public_html/screening/app/Views/auth_internetics/template.php(3): view('./header')
#3 /home/wwwinte/public_html/screening/system/View/View.php(220): include('/home/wwwinte/p...')
#4 /home/wwwinte/public_html/screening/system/View/View.php(222): CodeIgniter\View\View->CodeIgniter\View\{closure}()
#5 /home/wwwinte/public_html/screening/system/Common.php(1217): CodeIgniter\View\View->render('auth_internetic...', Array, true)
#6 /home/wwwinte/public_html/screening/app/ThirdParty/IonAuth/Controllers/Auth.php(939): view('auth_internetic...', Array)
#7 /home/wwwinte/public_html/screening/app/ThirdParty/IonAuth/Controllers/Auth.php(305): IonAuth\Controllers\Auth->renderPage('IonAuth\\Views\\a...', Array)
#8 /home/wwwinte/public_html/screening/system/CodeIgniter.php(936): IonAuth\Controllers\Auth->forgot_password()
#9 /home/wwwinte/public_html/screening/system/CodeIgniter.php(432): CodeIgniter\CodeIgniter->runController(Object(App\Controllers\Auth))
#10 /home/wwwinte/public_html/screening/system/CodeIgniter.php(333): CodeIgniter\CodeIgniter->handleRequest(NULL, Object(Config\Cache), false)
#11 /home/wwwinte/public_html/screening/public/index.php(44): CodeIgniter\CodeIgniter->run()
#12 {main}
CRITICAL - 2021-03-25 18:41:54 --> Invalid file: /Views/auth_internetics/template/header.php
#0 /home/wwwinte/public_html/screening/system/View/View.php(203): CodeIgniter\Exceptions\FrameworkException::forInvalidFile('/Views/auth_int...')
#1 /home/wwwinte/public_html/screening/system/Common.php(1217): CodeIgniter\View\View->render('/Views/auth_int...', Array, true)
#2 /home/wwwinte/public_html/screening/app/Views/auth_internetics/template.php(3): view('/Views/auth_int...')
#3 /home/wwwinte/public_html/screening/system/View/View.php(220): include('/home/wwwinte/p...')
#4 /home/wwwinte/public_html/screening/system/View/View.php(222): CodeIgniter\View\View->CodeIgniter\View\{closure}()
#5 /home/wwwinte/public_html/screening/system/Common.php(1217): CodeIgniter\View\View->render('auth_internetic...', Array, true)
#6 /home/wwwinte/public_html/screening/app/ThirdParty/IonAuth/Controllers/Auth.php(939): view('auth_internetic...', Array)
#7 /home/wwwinte/public_html/screening/app/ThirdParty/IonAuth/Controllers/Auth.php(305): IonAuth\Controllers\Auth->renderPage('IonAuth\\Views\\a...', Array)
#8 /home/wwwinte/public_html/screening/system/CodeIgniter.php(936): IonAuth\Controllers\Auth->forgot_password()
#9 /home/wwwinte/public_html/screening/system/CodeIgniter.php(432): CodeIgniter\CodeIgniter->runController(Object(App\Controllers\Auth))
#10 /home/wwwinte/public_html/screening/system/CodeIgniter.php(333): CodeIgniter\CodeIgniter->handleRequest(NULL, Object(Config\Cache), false)
#11 /home/wwwinte/public_html/screening/public/index.php(44): CodeIgniter\CodeIgniter->run()
#12 {main}
CRITICAL - 2021-03-25 18:42:22 --> Invalid file: Views/auth_internetics/template/header.php
#0 /home/wwwinte/public_html/screening/system/View/View.php(203): CodeIgniter\Exceptions\FrameworkException::forInvalidFile('Views/auth_inte...')
#1 /home/wwwinte/public_html/screening/system/Common.php(1217): CodeIgniter\View\View->render('Views/auth_inte...', Array, true)
#2 /home/wwwinte/public_html/screening/app/Views/auth_internetics/template.php(3): view('Views/auth_inte...')
#3 /home/wwwinte/public_html/screening/system/View/View.php(220): include('/home/wwwinte/p...')
#4 /home/wwwinte/public_html/screening/system/View/View.php(222): CodeIgniter\View\View->CodeIgniter\View\{closure}()
#5 /home/wwwinte/public_html/screening/system/Common.php(1217): CodeIgniter\View\View->render('auth_internetic...', Array, true)
#6 /home/wwwinte/public_html/screening/app/ThirdParty/IonAuth/Controllers/Auth.php(939): view('auth_internetic...', Array)
#7 /home/wwwinte/public_html/screening/app/ThirdParty/IonAuth/Controllers/Auth.php(305): IonAuth\Controllers\Auth->renderPage('IonAuth\\Views\\a...', Array)
#8 /home/wwwinte/public_html/screening/system/CodeIgniter.php(936): IonAuth\Controllers\Auth->forgot_password()
#9 /home/wwwinte/public_html/screening/system/CodeIgniter.php(432): CodeIgniter\CodeIgniter->runController(Object(App\Controllers\Auth))
#10 /home/wwwinte/public_html/screening/system/CodeIgniter.php(333): CodeIgniter\CodeIgniter->handleRequest(NULL, Object(Config\Cache), false)
#11 /home/wwwinte/public_html/screening/public/index.php(44): CodeIgniter\CodeIgniter->run()
#12 {main}
CRITICAL - 2021-03-25 18:42:38 --> Invalid file: app/Views/auth_internetics/template/header.php
#0 /home/wwwinte/public_html/screening/system/View/View.php(203): CodeIgniter\Exceptions\FrameworkException::forInvalidFile('app/Views/auth_...')
#1 /home/wwwinte/public_html/screening/system/Common.php(1217): CodeIgniter\View\View->render('app/Views/auth_...', Array, true)
#2 /home/wwwinte/public_html/screening/app/Views/auth_internetics/template.php(3): view('app/Views/auth_...')
#3 /home/wwwinte/public_html/screening/system/View/View.php(220): include('/home/wwwinte/p...')
#4 /home/wwwinte/public_html/screening/system/View/View.php(222): CodeIgniter\View\View->CodeIgniter\View\{closure}()
#5 /home/wwwinte/public_html/screening/system/Common.php(1217): CodeIgniter\View\View->render('auth_internetic...', Array, true)
#6 /home/wwwinte/public_html/screening/app/ThirdParty/IonAuth/Controllers/Auth.php(939): view('auth_internetic...', Array)
#7 /home/wwwinte/public_html/screening/app/ThirdParty/IonAuth/Controllers/Auth.php(305): IonAuth\Controllers\Auth->renderPage('IonAuth\\Views\\a...', Array)
#8 /home/wwwinte/public_html/screening/system/CodeIgniter.php(936): IonAuth\Controllers\Auth->forgot_password()
#9 /home/wwwinte/public_html/screening/system/CodeIgniter.php(432): CodeIgniter\CodeIgniter->runController(Object(App\Controllers\Auth))
#10 /home/wwwinte/public_html/screening/system/CodeIgniter.php(333): CodeIgniter\CodeIgniter->handleRequest(NULL, Object(Config\Cache), false)
#11 /home/wwwinte/public_html/screening/public/index.php(44): CodeIgniter\CodeIgniter->run()
#12 {main}
CRITICAL - 2021-03-25 18:42:56 --> Invalid file: screening/app/Views/auth_internetics/template/header.php
#0 /home/wwwinte/public_html/screening/system/View/View.php(203): CodeIgniter\Exceptions\FrameworkException::forInvalidFile('screening/app/V...')
#1 /home/wwwinte/public_html/screening/system/Common.php(1217): CodeIgniter\View\View->render('screening/app/V...', Array, true)
#2 /home/wwwinte/public_html/screening/app/Views/auth_internetics/template.php(3): view('screening/app/V...')
#3 /home/wwwinte/public_html/screening/system/View/View.php(220): include('/home/wwwinte/p...')
#4 /home/wwwinte/public_html/screening/system/View/View.php(222): CodeIgniter\View\View->CodeIgniter\View\{closure}()
#5 /home/wwwinte/public_html/screening/system/Common.php(1217): CodeIgniter\View\View->render('auth_internetic...', Array, true)
#6 /home/wwwinte/public_html/screening/app/ThirdParty/IonAuth/Controllers/Auth.php(939): view('auth_internetic...', Array)
#7 /home/wwwinte/public_html/screening/app/ThirdParty/IonAuth/Controllers/Auth.php(305): IonAuth\Controllers\Auth->renderPage('IonAuth\\Views\\a...', Array)
#8 /home/wwwinte/public_html/screening/system/CodeIgniter.php(936): IonAuth\Controllers\Auth->forgot_password()
#9 /home/wwwinte/public_html/screening/system/CodeIgniter.php(432): CodeIgniter\CodeIgniter->runController(Object(App\Controllers\Auth))
#10 /home/wwwinte/public_html/screening/system/CodeIgniter.php(333): CodeIgniter\CodeIgniter->handleRequest(NULL, Object(Config\Cache), false)
#11 /home/wwwinte/public_html/screening/public/index.php(44): CodeIgniter\CodeIgniter->run()
#12 {main}
CRITICAL - 2021-03-25 18:43:12 --> Invalid file: /screening/app/Views/auth_internetics/template/header.php
#0 /home/wwwinte/public_html/screening/system/View/View.php(203): CodeIgniter\Exceptions\FrameworkException::forInvalidFile('/screening/app/...')
#1 /home/wwwinte/public_html/screening/system/Common.php(1217): CodeIgniter\View\View->render('/screening/app/...', Array, true)
#2 /home/wwwinte/public_html/screening/app/Views/auth_internetics/template.php(3): view('/screening/app/...')
#3 /home/wwwinte/public_html/screening/system/View/View.php(220): include('/home/wwwinte/p...')
#4 /home/wwwinte/public_html/screening/system/View/View.php(222): CodeIgniter\View\View->CodeIgniter\View\{closure}()
#5 /home/wwwinte/public_html/screening/system/Common.php(1217): CodeIgniter\View\View->render('auth_internetic...', Array, true)
#6 /home/wwwinte/public_html/screening/app/ThirdParty/IonAuth/Controllers/Auth.php(939): view('auth_internetic...', Array)
#7 /home/wwwinte/public_html/screening/app/ThirdParty/IonAuth/Controllers/Auth.php(305): IonAuth\Controllers\Auth->renderPage('IonAuth\\Views\\a...', Array)
#8 /home/wwwinte/public_html/screening/system/CodeIgniter.php(936): IonAuth\Controllers\Auth->forgot_password()
#9 /home/wwwinte/public_html/screening/system/CodeIgniter.php(432): CodeIgniter\CodeIgniter->runController(Object(App\Controllers\Auth))
#10 /home/wwwinte/public_html/screening/system/CodeIgniter.php(333): CodeIgniter\CodeIgniter->handleRequest(NULL, Object(Config\Cache), false)
#11 /home/wwwinte/public_html/screening/public/index.php(44): CodeIgniter\CodeIgniter->run()
#12 {main}
CRITICAL - 2021-03-25 18:43:41 --> Invalid file: /screening/app/Views/auth_internetics/header.php
#0 /home/wwwinte/public_html/screening/system/View/View.php(203): CodeIgniter\Exceptions\FrameworkException::forInvalidFile('/screening/app/...')
#1 /home/wwwinte/public_html/screening/system/Common.php(1217): CodeIgniter\View\View->render('/screening/app/...', Array, true)
#2 /home/wwwinte/public_html/screening/app/Views/auth_internetics/template.php(3): view('/screening/app/...')
#3 /home/wwwinte/public_html/screening/system/View/View.php(220): include('/home/wwwinte/p...')
#4 /home/wwwinte/public_html/screening/system/View/View.php(222): CodeIgniter\View\View->CodeIgniter\View\{closure}()
#5 /home/wwwinte/public_html/screening/system/Common.php(1217): CodeIgniter\View\View->render('auth_internetic...', Array, true)
#6 /home/wwwinte/public_html/screening/app/ThirdParty/IonAuth/Controllers/Auth.php(939): view('auth_internetic...', Array)
#7 /home/wwwinte/public_html/screening/app/ThirdParty/IonAuth/Controllers/Auth.php(305): IonAuth\Controllers\Auth->renderPage('IonAuth\\Views\\a...', Array)
#8 /home/wwwinte/public_html/screening/system/CodeIgniter.php(936): IonAuth\Controllers\Auth->forgot_password()
#9 /home/wwwinte/public_html/screening/system/CodeIgniter.php(432): CodeIgniter\CodeIgniter->runController(Object(App\Controllers\Auth))
#10 /home/wwwinte/public_html/screening/system/CodeIgniter.php(333): CodeIgniter\CodeIgniter->handleRequest(NULL, Object(Config\Cache), false)
#11 /home/wwwinte/public_html/screening/public/index.php(44): CodeIgniter\CodeIgniter->run()
#12 {main}
CRITICAL - 2021-03-25 18:43:56 --> Invalid file: screening/app/Views/auth_internetics/header.php
#0 /home/wwwinte/public_html/screening/system/View/View.php(203): CodeIgniter\Exceptions\FrameworkException::forInvalidFile('screening/app/V...')
#1 /home/wwwinte/public_html/screening/system/Common.php(1217): CodeIgniter\View\View->render('screening/app/V...', Array, true)
#2 /home/wwwinte/public_html/screening/app/Views/auth_internetics/template.php(3): view('screening/app/V...')
#3 /home/wwwinte/public_html/screening/system/View/View.php(220): include('/home/wwwinte/p...')
#4 /home/wwwinte/public_html/screening/system/View/View.php(222): CodeIgniter\View\View->CodeIgniter\View\{closure}()
#5 /home/wwwinte/public_html/screening/system/Common.php(1217): CodeIgniter\View\View->render('auth_internetic...', Array, true)
#6 /home/wwwinte/public_html/screening/app/ThirdParty/IonAuth/Controllers/Auth.php(939): view('auth_internetic...', Array)
#7 /home/wwwinte/public_html/screening/app/ThirdParty/IonAuth/Controllers/Auth.php(305): IonAuth\Controllers\Auth->renderPage('IonAuth\\Views\\a...', Array)
#8 /home/wwwinte/public_html/screening/system/CodeIgniter.php(936): IonAuth\Controllers\Auth->forgot_password()
#9 /home/wwwinte/public_html/screening/system/CodeIgniter.php(432): CodeIgniter\CodeIgniter->runController(Object(App\Controllers\Auth))
#10 /home/wwwinte/public_html/screening/system/CodeIgniter.php(333): CodeIgniter\CodeIgniter->handleRequest(NULL, Object(Config\Cache), false)
#11 /home/wwwinte/public_html/screening/public/index.php(44): CodeIgniter\CodeIgniter->run()
#12 {main}
CRITICAL - 2021-03-25 18:44:11 --> Invalid file: auth_internetics/template/footer.php
#0 /home/wwwinte/public_html/screening/system/View/View.php(203): CodeIgniter\Exceptions\FrameworkException::forInvalidFile('auth_internetic...')
#1 /home/wwwinte/public_html/screening/system/Common.php(1217): CodeIgniter\View\View->render('auth_internetic...', Array, true)
#2 /home/wwwinte/public_html/screening/app/Views/auth_internetics/template.php(5): view('auth_internetic...')
#3 /home/wwwinte/public_html/screening/system/View/View.php(220): include('/home/wwwinte/p...')
#4 /home/wwwinte/public_html/screening/system/View/View.php(222): CodeIgniter\View\View->CodeIgniter\View\{closure}()
#5 /home/wwwinte/public_html/screening/system/Common.php(1217): CodeIgniter\View\View->render('auth_internetic...', Array, true)
#6 /home/wwwinte/public_html/screening/app/ThirdParty/IonAuth/Controllers/Auth.php(939): view('auth_internetic...', Array)
#7 /home/wwwinte/public_html/screening/app/ThirdParty/IonAuth/Controllers/Auth.php(305): IonAuth\Controllers\Auth->renderPage('IonAuth\\Views\\a...', Array)
#8 /home/wwwinte/public_html/screening/system/CodeIgniter.php(936): IonAuth\Controllers\Auth->forgot_password()
#9 /home/wwwinte/public_html/screening/system/CodeIgniter.php(432): CodeIgniter\CodeIgniter->runController(Object(App\Controllers\Auth))
#10 /home/wwwinte/public_html/screening/system/CodeIgniter.php(333): CodeIgniter\CodeIgniter->handleRequest(NULL, Object(Config\Cache), false)
#11 /home/wwwinte/public_html/screening/public/index.php(44): CodeIgniter\CodeIgniter->run()
#12 {main}
CRITICAL - 2021-03-25 22:14:31 --> Class declarations may not be nested
#0 [internal function]: CodeIgniter\Debug\Exceptions->shutdownHandler()
#1 {main}
CRITICAL - 2021-03-25 22:24:48 --> syntax error, unexpected 'echo' (T_ECHO), expecting function (T_FUNCTION) or const (T_CONST)
#0 /home/wwwinte/public_html/screening/system/Router/Router.php(170): CodeIgniter\Router\Router->autoRoute('auth/login')
#1 /home/wwwinte/public_html/screening/system/CodeIgniter.php(816): CodeIgniter\Router\Router->handle('auth/login')
#2 /home/wwwinte/public_html/screening/system/CodeIgniter.php(385): CodeIgniter\CodeIgniter->tryToRouteIt(Object(CodeIgniter\Router\RouteCollection))
#3 /home/wwwinte/public_html/screening/system/CodeIgniter.php(333): CodeIgniter\CodeIgniter->handleRequest(NULL, Object(Config\Cache), false)
#4 /home/wwwinte/public_html/screening/public/index.php(44): CodeIgniter\CodeIgniter->run()
#5 {main}
CRITICAL - 2021-03-25 22:45:59 --> syntax error, unexpected '?>', expecting function (T_FUNCTION) or const (T_CONST)
#0 /home/wwwinte/public_html/screening/system/Router/Router.php(170): CodeIgniter\Router\Router->autoRoute('auth/login')
#1 /home/wwwinte/public_html/screening/system/CodeIgniter.php(816): CodeIgniter\Router\Router->handle('auth/login')
#2 /home/wwwinte/public_html/screening/system/CodeIgniter.php(385): CodeIgniter\CodeIgniter->tryToRouteIt(Object(CodeIgniter\Router\RouteCollection))
#3 /home/wwwinte/public_html/screening/system/CodeIgniter.php(333): CodeIgniter\CodeIgniter->handleRequest(NULL, Object(Config\Cache), false)
#4 /home/wwwinte/public_html/screening/public/index.php(44): CodeIgniter\CodeIgniter->run()
#5 {main}
CRITICAL - 2021-03-25 22:46:24 --> syntax error, unexpected end of file, expecting function (T_FUNCTION) or const (T_CONST)
#0 /home/wwwinte/public_html/screening/system/Router/Router.php(170): CodeIgniter\Router\Router->autoRoute('auth/login')
#1 /home/wwwinte/public_html/screening/system/CodeIgniter.php(816): CodeIgniter\Router\Router->handle('auth/login')
#2 /home/wwwinte/public_html/screening/system/CodeIgniter.php(385): CodeIgniter\CodeIgniter->tryToRouteIt(Object(CodeIgniter\Router\RouteCollection))
#3 /home/wwwinte/public_html/screening/system/CodeIgniter.php(333): CodeIgniter\CodeIgniter->handleRequest(NULL, Object(Config\Cache), false)
#4 /home/wwwinte/public_html/screening/public/index.php(44): CodeIgniter\CodeIgniter->run()
#5 {main}
CRITICAL - 2021-03-25 22:46:48 --> syntax error, unexpected '$this' (T_VARIABLE), expecting function (T_FUNCTION) or const (T_CONST)
#0 /home/wwwinte/public_html/screening/system/Router/Router.php(170): CodeIgniter\Router\Router->autoRoute('auth/login')
#1 /home/wwwinte/public_html/screening/system/CodeIgniter.php(816): CodeIgniter\Router\Router->handle('auth/login')
#2 /home/wwwinte/public_html/screening/system/CodeIgniter.php(385): CodeIgniter\CodeIgniter->tryToRouteIt(Object(CodeIgniter\Router\RouteCollection))
#3 /home/wwwinte/public_html/screening/system/CodeIgniter.php(333): CodeIgniter\CodeIgniter->handleRequest(NULL, Object(Config\Cache), false)
#4 /home/wwwinte/public_html/screening/public/index.php(44): CodeIgniter\CodeIgniter->run()
#5 {main}
CRITICAL - 2021-03-25 22:52:44 --> Undefined variable: output
#0 /home/wwwinte/public_html/screening/app/Controllers/Auth.php(38): CodeIgniter\Debug\Exceptions->errorHandler(8, 'Undefined varia...', '/home/wwwinte/p...', 38, Array)
#1 /home/wwwinte/public_html/screening/app/ThirdParty/IonAuth/Controllers/Auth.php(634): App\Controllers\Auth->renderPage('IonAuth\\Views\\a...', Array)
#2 /home/wwwinte/public_html/screening/system/CodeIgniter.php(936): IonAuth\Controllers\Auth->create_user()
#3 /home/wwwinte/public_html/screening/system/CodeIgniter.php(432): CodeIgniter\CodeIgniter->runController(Object(App\Controllers\Auth))
#4 /home/wwwinte/public_html/screening/system/CodeIgniter.php(333): CodeIgniter\CodeIgniter->handleRequest(NULL, Object(Config\Cache), false)
#5 /home/wwwinte/public_html/screening/public/index.php(44): CodeIgniter\CodeIgniter->run()
#6 {main}
CRITICAL - 2021-03-25 23:19:59 --> Class 'App\Models\grocery_CRUD_Model_Driver' not found
#0 /home/wwwinte/public_html/screening/system/Autoloader/Autoloader.php(294): include_once()
#1 /home/wwwinte/public_html/screening/system/Autoloader/Autoloader.php(265): CodeIgniter\Autoloader\Autoloader->includeFile('/home/wwwinte/p...')
#2 /home/wwwinte/public_html/screening/system/Autoloader/Autoloader.php(228): CodeIgniter\Autoloader\Autoloader->loadInNamespace('App\\Models\\Inte...')
#3 [internal function]: CodeIgniter\Autoloader\Autoloader->loadClass('App\\Models\\Inte...')
#4 [internal function]: spl_autoload_call('App\\Models\\Inte...')
#5 /home/wwwinte/public_html/screening/system/Config/Factories.php(144): class_exists('App\\Models\\Inte...')
#6 /home/wwwinte/public_html/screening/system/Config/Factories.php(109): CodeIgniter\Config\Factories::locateClass(Array, 'App\\Models\\Inte...')
#7 /home/wwwinte/public_html/screening/system/Common.php(847): CodeIgniter\Config\Factories::__callStatic('models', Array)
#8 /home/wwwinte/public_html/screening/app/Controllers/Examples.php(132): model('App\\Models\\Inte...')
#9 /home/wwwinte/public_html/screening/system/CodeIgniter.php(936): App\Controllers\Examples->screening_management('edit', '1001')
#10 /home/wwwinte/public_html/screening/system/CodeIgniter.php(432): CodeIgniter\CodeIgniter->runController(Object(App\Controllers\Examples))
#11 /home/wwwinte/public_html/screening/system/CodeIgniter.php(333): CodeIgniter\CodeIgniter->handleRequest(NULL, Object(Config\Cache), false)
#12 /home/wwwinte/public_html/screening/public/index.php(44): CodeIgniter\CodeIgniter->run()
#13 {main}
CRITICAL - 2021-03-25 23:21:30 --> Class 'App\Models\GroceryCrud' not found
#0 /home/wwwinte/public_html/screening/system/Autoloader/Autoloader.php(294): include_once()
#1 /home/wwwinte/public_html/screening/system/Autoloader/Autoloader.php(265): CodeIgniter\Autoloader\Autoloader->includeFile('/home/wwwinte/p...')
#2 /home/wwwinte/public_html/screening/system/Autoloader/Autoloader.php(228): CodeIgniter\Autoloader\Autoloader->loadInNamespace('App\\Models\\Inte...')
#3 [internal function]: CodeIgniter\Autoloader\Autoloader->loadClass('App\\Models\\Inte...')
#4 [internal function]: spl_autoload_call('App\\Models\\Inte...')
#5 /home/wwwinte/public_html/screening/system/Config/Factories.php(144): class_exists('App\\Models\\Inte...')
#6 /home/wwwinte/public_html/screening/system/Config/Factories.php(109): CodeIgniter\Config\Factories::locateClass(Array, 'App\\Models\\Inte...')
#7 /home/wwwinte/public_html/screening/system/Common.php(847): CodeIgniter\Config\Factories::__callStatic('models', Array)
#8 /home/wwwinte/public_html/screening/app/Controllers/Examples.php(132): model('App\\Models\\Inte...')
#9 /home/wwwinte/public_html/screening/system/CodeIgniter.php(936): App\Controllers\Examples->screening_management('edit', '1001')
#10 /home/wwwinte/public_html/screening/system/CodeIgniter.php(432): CodeIgniter\CodeIgniter->runController(Object(App\Controllers\Examples))
#11 /home/wwwinte/public_html/screening/system/CodeIgniter.php(333): CodeIgniter\CodeIgniter->handleRequest(NULL, Object(Config\Cache), false)
#12 /home/wwwinte/public_html/screening/public/index.php(44): CodeIgniter\CodeIgniter->run()
#13 {main}
CRITICAL - 2021-03-25 23:26:09 --> Class 'App\Models\grocery_CRUD_Model_Driver' not found
#0 /home/wwwinte/public_html/screening/system/Autoloader/Autoloader.php(294): include_once()
#1 /home/wwwinte/public_html/screening/system/Autoloader/Autoloader.php(265): CodeIgniter\Autoloader\Autoloader->includeFile('/home/wwwinte/p...')
#2 /home/wwwinte/public_html/screening/system/Autoloader/Autoloader.php(228): CodeIgniter\Autoloader\Autoloader->loadInNamespace('App\\Models\\Inte...')
#3 [internal function]: CodeIgniter\Autoloader\Autoloader->loadClass('App\\Models\\Inte...')
#4 [internal function]: spl_autoload_call('App\\Models\\Inte...')
#5 /home/wwwinte/public_html/screening/system/Config/Factories.php(144): class_exists('App\\Models\\Inte...')
#6 /home/wwwinte/public_html/screening/system/Config/Factories.php(109): CodeIgniter\Config\Factories::locateClass(Array, 'App\\Models\\Inte...')
#7 /home/wwwinte/public_html/screening/system/Common.php(847): CodeIgniter\Config\Factories::__callStatic('models', Array)
#8 /home/wwwinte/public_html/screening/app/Controllers/Examples.php(132): model('App\\Models\\Inte...')
#9 /home/wwwinte/public_html/screening/system/CodeIgniter.php(936): App\Controllers\Examples->screening_management('edit', '1001')
#10 /home/wwwinte/public_html/screening/system/CodeIgniter.php(432): CodeIgniter\CodeIgniter->runController(Object(App\Controllers\Examples))
#11 /home/wwwinte/public_html/screening/system/CodeIgniter.php(333): CodeIgniter\CodeIgniter->handleRequest(NULL, Object(Config\Cache), false)
#12 /home/wwwinte/public_html/screening/public/index.php(44): CodeIgniter\CodeIgniter->run()
#13 {main}
CRITICAL - 2021-03-25 23:27:36 --> Call to undefined method App\Models\grocery_CRUD_Layout::db_table_exists()
#0 /home/wwwinte/public_html/screening/app/Libraries/GroceryCrud.php(4970): App\Libraries\grocery_CRUD_Model_Driver->table_exists('screenings')
#1 /home/wwwinte/public_html/screening/app/Libraries/GroceryCrud.php(4450): App\Libraries\GroceryCrud->get_table()
#2 /home/wwwinte/public_html/screening/app/Libraries/GroceryCrud.php(4467): App\Libraries\GroceryCrud->pre_render()
#3 /home/wwwinte/public_html/screening/app/Controllers/Examples.php(161): App\Libraries\GroceryCrud->render()
#4 /home/wwwinte/public_html/screening/system/CodeIgniter.php(936): App\Controllers\Examples->screening_management('edit', '1001')
#5 /home/wwwinte/public_html/screening/system/CodeIgniter.php(432): CodeIgniter\CodeIgniter->runController(Object(App\Controllers\Examples))
#6 /home/wwwinte/public_html/screening/system/CodeIgniter.php(333): CodeIgniter\CodeIgniter->handleRequest(NULL, Object(Config\Cache), false)
#7 /home/wwwinte/public_html/screening/public/index.php(44): CodeIgniter\CodeIgniter->run()
#8 {main}
CRITICAL - 2021-03-25 23:34:16 --> Class 'App\Models\grocery_CRUD_Layout' not found
#0 /home/wwwinte/public_html/screening/system/Autoloader/Autoloader.php(294): include_once()
#1 /home/wwwinte/public_html/screening/system/Autoloader/Autoloader.php(265): CodeIgniter\Autoloader\Autoloader->includeFile('/home/wwwinte/p...')
#2 /home/wwwinte/public_html/screening/system/Autoloader/Autoloader.php(228): CodeIgniter\Autoloader\Autoloader->loadInNamespace('App\\Models\\Inte...')
#3 [internal function]: CodeIgniter\Autoloader\Autoloader->loadClass('App\\Models\\Inte...')
#4 [internal function]: spl_autoload_call('App\\Models\\Inte...')
#5 /home/wwwinte/public_html/screening/system/Config/Factories.php(144): class_exists('App\\Models\\Inte...')
#6 /home/wwwinte/public_html/screening/system/Config/Factories.php(109): CodeIgniter\Config\Factories::locateClass(Array, 'App\\Models\\Inte...')
#7 /home/wwwinte/public_html/screening/system/Common.php(847): CodeIgniter\Config\Factories::__callStatic('models', Array)
#8 /home/wwwinte/public_html/screening/app/Controllers/Examples.php(132): model('App\\Models\\Inte...')
#9 /home/wwwinte/public_html/screening/system/CodeIgniter.php(936): App\Controllers\Examples->screening_management('edit', '1001')
#10 /home/wwwinte/public_html/screening/system/CodeIgniter.php(432): CodeIgniter\CodeIgniter->runController(Object(App\Controllers\Examples))
#11 /home/wwwinte/public_html/screening/system/CodeIgniter.php(333): CodeIgniter\CodeIgniter->handleRequest(NULL, Object(Config\Cache), false)
#12 /home/wwwinte/public_html/screening/public/index.php(44): CodeIgniter\CodeIgniter->run()
#13 {main}
CRITICAL - 2021-03-25 23:34:47 --> Class 'App\Libaries\grocery_CRUD_Layout' not found
#0 /home/wwwinte/public_html/screening/system/Autoloader/Autoloader.php(294): include_once()
#1 /home/wwwinte/public_html/screening/system/Autoloader/Autoloader.php(265): CodeIgniter\Autoloader\Autoloader->includeFile('/home/wwwinte/p...')
#2 /home/wwwinte/public_html/screening/system/Autoloader/Autoloader.php(228): CodeIgniter\Autoloader\Autoloader->loadInNamespace('App\\Models\\Inte...')
#3 [internal function]: CodeIgniter\Autoloader\Autoloader->loadClass('App\\Models\\Inte...')
#4 [internal function]: spl_autoload_call('App\\Models\\Inte...')
#5 /home/wwwinte/public_html/screening/system/Config/Factories.php(144): class_exists('App\\Models\\Inte...')
#6 /home/wwwinte/public_html/screening/system/Config/Factories.php(109): CodeIgniter\Config\Factories::locateClass(Array, 'App\\Models\\Inte...')
#7 /home/wwwinte/public_html/screening/system/Common.php(847): CodeIgniter\Config\Factories::__callStatic('models', Array)
#8 /home/wwwinte/public_html/screening/app/Controllers/Examples.php(132): model('App\\Models\\Inte...')
#9 /home/wwwinte/public_html/screening/system/CodeIgniter.php(936): App\Controllers\Examples->screening_management('edit', '1001')
#10 /home/wwwinte/public_html/screening/system/CodeIgniter.php(432): CodeIgniter\CodeIgniter->runController(Object(App\Controllers\Examples))
#11 /home/wwwinte/public_html/screening/system/CodeIgniter.php(333): CodeIgniter\CodeIgniter->handleRequest(NULL, Object(Config\Cache), false)
#12 /home/wwwinte/public_html/screening/public/index.php(44): CodeIgniter\CodeIgniter->run()
#13 {main}
CRITICAL - 2021-03-25 23:35:09 --> Call to undefined method App\Libraries\InterneticsModel::db_table_exists()
#0 /home/wwwinte/public_html/screening/app/Libraries/GroceryCrud.php(4970): App\Libraries\grocery_CRUD_Model_Driver->table_exists('screenings')
#1 /home/wwwinte/public_html/screening/app/Libraries/GroceryCrud.php(4450): App\Libraries\GroceryCrud->get_table()
#2 /home/wwwinte/public_html/screening/app/Libraries/GroceryCrud.php(4467): App\Libraries\GroceryCrud->pre_render()
#3 /home/wwwinte/public_html/screening/app/Controllers/Examples.php(161): App\Libraries\GroceryCrud->render()
#4 /home/wwwinte/public_html/screening/system/CodeIgniter.php(936): App\Controllers\Examples->screening_management('edit', '1001')
#5 /home/wwwinte/public_html/screening/system/CodeIgniter.php(432): CodeIgniter\CodeIgniter->runController(Object(App\Controllers\Examples))
#6 /home/wwwinte/public_html/screening/system/CodeIgniter.php(333): CodeIgniter\CodeIgniter->handleRequest(NULL, Object(Config\Cache), false)
#7 /home/wwwinte/public_html/screening/public/index.php(44): CodeIgniter\CodeIgniter->run()
#8 {main}
CRITICAL - 2021-03-25 23:35:33 --> Call to undefined method App\Libraries\InterneticsModel::db_table_exists()
#0 /home/wwwinte/public_html/screening/app/Libraries/GroceryCrud.php(4970): App\Libraries\grocery_CRUD_Model_Driver->table_exists('screenings')
#1 /home/wwwinte/public_html/screening/app/Libraries/GroceryCrud.php(4450): App\Libraries\GroceryCrud->get_table()
#2 /home/wwwinte/public_html/screening/app/Libraries/GroceryCrud.php(4467): App\Libraries\GroceryCrud->pre_render()
#3 /home/wwwinte/public_html/screening/app/Controllers/Examples.php(161): App\Libraries\GroceryCrud->render()
#4 /home/wwwinte/public_html/screening/system/CodeIgniter.php(936): App\Controllers\Examples->screening_management('edit', '1001')
#5 /home/wwwinte/public_html/screening/system/CodeIgniter.php(432): CodeIgniter\CodeIgniter->runController(Object(App\Controllers\Examples))
#6 /home/wwwinte/public_html/screening/system/CodeIgniter.php(333): CodeIgniter\CodeIgniter->handleRequest(NULL, Object(Config\Cache), false)
#7 /home/wwwinte/public_html/screening/public/index.php(44): CodeIgniter\CodeIgniter->run()
#8 {main}
CRITICAL - 2021-03-25 23:36:20 --> Call to undefined method App\Libraries\InterneticsModel::db_table_exists()
#0 /home/wwwinte/public_html/screening/app/Libraries/GroceryCrud.php(4970): App\Libraries\grocery_CRUD_Model_Driver->table_exists('screenings')
#1 /home/wwwinte/public_html/screening/app/Libraries/GroceryCrud.php(4450): App\Libraries\GroceryCrud->get_table()
#2 /home/wwwinte/public_html/screening/app/Libraries/GroceryCrud.php(4467): App\Libraries\GroceryCrud->pre_render()
#3 /home/wwwinte/public_html/screening/app/Controllers/Examples.php(161): App\Libraries\GroceryCrud->render()
#4 /home/wwwinte/public_html/screening/system/CodeIgniter.php(936): App\Controllers\Examples->screening_management('edit', '1001')
#5 /home/wwwinte/public_html/screening/system/CodeIgniter.php(432): CodeIgniter\CodeIgniter->runController(Object(App\Controllers\Examples))
#6 /home/wwwinte/public_html/screening/system/CodeIgniter.php(333): CodeIgniter\CodeIgniter->handleRequest(NULL, Object(Config\Cache), false)
#7 /home/wwwinte/public_html/screening/public/index.php(44): CodeIgniter\CodeIgniter->run()
#8 {main}
CRITICAL - 2021-03-25 23:44:04 --> Class 'App\Controllers\grocery_CRUD_Layout' not found
#0 /home/wwwinte/public_html/screening/system/Router/Router.php(562): include_once()
#1 /home/wwwinte/public_html/screening/system/Router/Router.php(170): CodeIgniter\Router\Router->autoRoute('examples/screen...')
#2 /home/wwwinte/public_html/screening/system/CodeIgniter.php(816): CodeIgniter\Router\Router->handle('examples/screen...')
#3 /home/wwwinte/public_html/screening/system/CodeIgniter.php(385): CodeIgniter\CodeIgniter->tryToRouteIt(Object(CodeIgniter\Router\RouteCollection))
#4 /home/wwwinte/public_html/screening/system/CodeIgniter.php(333): CodeIgniter\CodeIgniter->handleRequest(NULL, Object(Config\Cache), false)
#5 /home/wwwinte/public_html/screening/public/index.php(44): CodeIgniter\CodeIgniter->run()
#6 {main}
CRITICAL - 2021-03-25 23:44:32 --> Class 'App\Controllers\grocery_CRUD_Model' not found
#0 /home/wwwinte/public_html/screening/system/Router/Router.php(562): include_once()
#1 /home/wwwinte/public_html/screening/system/Router/Router.php(170): CodeIgniter\Router\Router->autoRoute('examples/screen...')
#2 /home/wwwinte/public_html/screening/system/CodeIgniter.php(816): CodeIgniter\Router\Router->handle('examples/screen...')
#3 /home/wwwinte/public_html/screening/system/CodeIgniter.php(385): CodeIgniter\CodeIgniter->tryToRouteIt(Object(CodeIgniter\Router\RouteCollection))
#4 /home/wwwinte/public_html/screening/system/CodeIgniter.php(333): CodeIgniter\CodeIgniter->handleRequest(NULL, Object(Config\Cache), false)
#5 /home/wwwinte/public_html/screening/public/index.php(44): CodeIgniter\CodeIgniter->run()
#6 {main}
CRITICAL - 2021-03-25 23:58:54 --> Class 'App\Librariesz\grocery_CRUD_Model_Driver' not found
#0 /home/wwwinte/public_html/screening/system/Autoloader/Autoloader.php(294): include_once()
#1 /home/wwwinte/public_html/screening/system/Autoloader/Autoloader.php(265): CodeIgniter\Autoloader\Autoloader->includeFile('/home/wwwinte/p...')
#2 /home/wwwinte/public_html/screening/system/Autoloader/Autoloader.php(228): CodeIgniter\Autoloader\Autoloader->loadInNamespace('App\\Models\\Inte...')
#3 [internal function]: CodeIgniter\Autoloader\Autoloader->loadClass('App\\Models\\Inte...')
#4 [internal function]: spl_autoload_call('App\\Models\\Inte...')
#5 /home/wwwinte/public_html/screening/system/Config/Factories.php(144): class_exists('App\\Models\\Inte...')
#6 /home/wwwinte/public_html/screening/system/Config/Factories.php(109): CodeIgniter\Config\Factories::locateClass(Array, 'App\\Models\\Inte...')
#7 /home/wwwinte/public_html/screening/system/Common.php(847): CodeIgniter\Config\Factories::__callStatic('models', Array)
#8 /home/wwwinte/public_html/screening/app/Controllers/Examples.php(133): model('App\\Models\\Inte...')
#9 /home/wwwinte/public_html/screening/system/CodeIgniter.php(936): App\Controllers\Examples->screening_management('edit', '1001')
#10 /home/wwwinte/public_html/screening/system/CodeIgniter.php(432): CodeIgniter\CodeIgniter->runController(Object(App\Controllers\Examples))
#11 /home/wwwinte/public_html/screening/system/CodeIgniter.php(333): CodeIgniter\CodeIgniter->handleRequest(NULL, Object(Config\Cache), false)
#12 /home/wwwinte/public_html/screening/public/index.php(44): CodeIgniter\CodeIgniter->run()
#13 {main}
CRITICAL - 2021-03-25 23:59:06 --> Cannot declare class App\Libraries\grocery_CRUD_Layout, because the name is already in use
#0 [internal function]: CodeIgniter\Debug\Exceptions->shutdownHandler()
#1 {main}
CRITICAL - 2021-03-25 23:59:33 --> syntax error, unexpected 'protected' (T_PROTECTED), expecting end of file
#0 /home/wwwinte/public_html/screening/system/Autoloader/Autoloader.php(265): CodeIgniter\Autoloader\Autoloader->includeFile('/home/wwwinte/p...')
#1 /home/wwwinte/public_html/screening/system/Autoloader/Autoloader.php(228): CodeIgniter\Autoloader\Autoloader->loadInNamespace('App\\Models\\Inte...')
#2 [internal function]: CodeIgniter\Autoloader\Autoloader->loadClass('App\\Models\\Inte...')
#3 [internal function]: spl_autoload_call('App\\Models\\Inte...')
#4 /home/wwwinte/public_html/screening/system/Config/Factories.php(144): class_exists('App\\Models\\Inte...')
#5 /home/wwwinte/public_html/screening/system/Config/Factories.php(109): CodeIgniter\Config\Factories::locateClass(Array, 'App\\Models\\Inte...')
#6 /home/wwwinte/public_html/screening/system/Common.php(847): CodeIgniter\Config\Factories::__callStatic('models', Array)
#7 /home/wwwinte/public_html/screening/app/Controllers/Examples.php(133): model('App\\Models\\Inte...')
#8 /home/wwwinte/public_html/screening/system/CodeIgniter.php(936): App\Controllers\Examples->screening_management('edit', '1001')
#9 /home/wwwinte/public_html/screening/system/CodeIgniter.php(432): CodeIgniter\CodeIgniter->runController(Object(App\Controllers\Examples))
#10 /home/wwwinte/public_html/screening/system/CodeIgniter.php(333): CodeIgniter\CodeIgniter->handleRequest(NULL, Object(Config\Cache), false)
#11 /home/wwwinte/public_html/screening/public/index.php(44): CodeIgniter\CodeIgniter->run()
#12 {main}
CRITICAL - 2021-03-25 23:59:55 --> Cannot declare class App\Libraries\grocery_CRUD_Layout, because the name is already in use
#0 [internal function]: CodeIgniter\Debug\Exceptions->shutdownHandler()
#1 {main}
