ERROR - 2021-04-05 01:06:25 --> mysqli_sql_exception: You have an error in your SQL syntax; check the manual that corresponds to your MariaDB server version for the right syntax to use near 'IS NULL' at line 3 in /home/wwwinte/public_html/screening/system/Database/MySQLi/Connection.php:314
Stack trace:
#0 /home/wwwinte/public_html/screening/system/Database/MySQLi/Connection.php(314): mysqli->query('SELECT *, CONCA...')
#1 /home/wwwinte/public_html/screening/system/Database/BaseConnection.php(713): CodeIgniter\Database\MySQLi\Connection->execute('SELECT *, CONCA...')
#2 /home/wwwinte/public_html/screening/system/Database/BaseConnection.php(641): CodeIgniter\Database\BaseConnection->simpleQuery('SELECT *, CONCA...')
#3 /home/wwwinte/public_html/screening/system/Database/BaseBuilder.php(1866): CodeIgniter\Database\BaseConnection->query('SELECT *, CONCA...', Array, false)
#4 /home/wwwinte/public_html/screening/app/Models/InterneticsModel.php(81): CodeIgniter\Database\BaseBuilder->get()
#5 /home/wwwinte/public_html/screening/app/Libraries/GroceryCrud.php(1426): App\Models\InterneticsModel->get_relation_n_n_unselected_array(Object(stdClass), Array)
#6 /home/wwwinte/public_html/screening/app/Libraries/InterneticsLibrary.php(71): App\Libraries\grocery_CRUD_Model_Driver->get_relation_n_n_unselected_array(Object(stdClass), Array)
#7 /home/wwwinte/public_html/screening/app/Libraries/GroceryCrud.php(231): App\Libraries\InterneticsLibrary->get_relation_n_n_input(Object(stdClass), Array)
#8 /home/wwwinte/public_html/screening/app/Libraries/GroceryCrud.php(2591): App\Libraries\grocery_CRUD_Field_Types->get_field_input(Object(stdClass), Array)
#9 /home/wwwinte/public_html/screening/app/Libraries/GroceryCrud.php(1832): App\Libraries\grocery_CRUD_Layout->get_edit_input_fields(Object(stdClass))
#10 /home/wwwinte/public_html/screening/app/Libraries/GroceryCrud.php(4532): App\Libraries\grocery_CRUD_Layout->showEditForm(Object(stdClass))
#11 /home/wwwinte/public_html/screening/app/Controllers/Product.php(198): App\Libraries\GroceryCrud->render()
#12 /home/wwwinte/public_html/screening/system/CodeIgniter.php(936): App\Controllers\Product->screening_management('edit', '1008')
#13 /home/wwwinte/public_html/screening/system/CodeIgniter.php(432): CodeIgniter\CodeIgniter->runController(Object(App\Controllers\Product))
#14 /home/wwwinte/public_html/screening/system/CodeIgniter.php(333): CodeIgniter\CodeIgniter->handleRequest(NULL, Object(Config\Cache), false)
#15 /home/wwwinte/public_html/screening/public/index.php(44): CodeIgniter\CodeIgniter->run()
#16 {main}
CRITICAL - 2021-04-05 01:06:25 --> You have an error in your SQL syntax; check the manual that corresponds to your MariaDB server version for the right syntax to use near 'IS NULL' at line 3
#0 /home/wwwinte/public_html/screening/system/Database/MySQLi/Connection.php(314): mysqli->query('SELECT *, CONCA...')
#1 /home/wwwinte/public_html/screening/system/Database/BaseConnection.php(713): CodeIgniter\Database\MySQLi\Connection->execute('SELECT *, CONCA...')
#2 /home/wwwinte/public_html/screening/system/Database/BaseConnection.php(641): CodeIgniter\Database\BaseConnection->simpleQuery('SELECT *, CONCA...')
#3 /home/wwwinte/public_html/screening/system/Database/BaseBuilder.php(1866): CodeIgniter\Database\BaseConnection->query('SELECT *, CONCA...', Array, false)
#4 /home/wwwinte/public_html/screening/app/Models/InterneticsModel.php(81): CodeIgniter\Database\BaseBuilder->get()
#5 /home/wwwinte/public_html/screening/app/Libraries/GroceryCrud.php(1426): App\Models\InterneticsModel->get_relation_n_n_unselected_array(Object(stdClass), Array)
#6 /home/wwwinte/public_html/screening/app/Libraries/InterneticsLibrary.php(71): App\Libraries\grocery_CRUD_Model_Driver->get_relation_n_n_unselected_array(Object(stdClass), Array)
#7 /home/wwwinte/public_html/screening/app/Libraries/GroceryCrud.php(231): App\Libraries\InterneticsLibrary->get_relation_n_n_input(Object(stdClass), Array)
#8 /home/wwwinte/public_html/screening/app/Libraries/GroceryCrud.php(2591): App\Libraries\grocery_CRUD_Field_Types->get_field_input(Object(stdClass), Array)
#9 /home/wwwinte/public_html/screening/app/Libraries/GroceryCrud.php(1832): App\Libraries\grocery_CRUD_Layout->get_edit_input_fields(Object(stdClass))
#10 /home/wwwinte/public_html/screening/app/Libraries/GroceryCrud.php(4532): App\Libraries\grocery_CRUD_Layout->showEditForm(Object(stdClass))
#11 /home/wwwinte/public_html/screening/app/Controllers/Product.php(198): App\Libraries\GroceryCrud->render()
#12 /home/wwwinte/public_html/screening/system/CodeIgniter.php(936): App\Controllers\Product->screening_management('edit', '1008')
#13 /home/wwwinte/public_html/screening/system/CodeIgniter.php(432): CodeIgniter\CodeIgniter->runController(Object(App\Controllers\Product))
#14 /home/wwwinte/public_html/screening/system/CodeIgniter.php(333): CodeIgniter\CodeIgniter->handleRequest(NULL, Object(Config\Cache), false)
#15 /home/wwwinte/public_html/screening/public/index.php(44): CodeIgniter\CodeIgniter->run()
#16 {main}
CRITICAL - 2021-04-05 01:41:44 --> syntax error, unexpected '*', expecting identifier (T_STRING) or variable (T_VARIABLE) or '{' or '$'
#0 /home/wwwinte/public_html/screening/system/Autoloader/Autoloader.php(265): CodeIgniter\Autoloader\Autoloader->includeFile('/home/wwwinte/p...')
#1 /home/wwwinte/public_html/screening/system/Autoloader/Autoloader.php(228): CodeIgniter\Autoloader\Autoloader->loadInNamespace('App\\Models\\Inte...')
#2 [internal function]: CodeIgniter\Autoloader\Autoloader->loadClass('App\\Models\\Inte...')
#3 /home/wwwinte/public_html/screening/app/Controllers/Product.php(149): spl_autoload_call('App\\Models\\Inte...')
#4 /home/wwwinte/public_html/screening/system/CodeIgniter.php(936): App\Controllers\Product->screening_management('edit', '1008')
#5 /home/wwwinte/public_html/screening/system/CodeIgniter.php(432): CodeIgniter\CodeIgniter->runController(Object(App\Controllers\Product))
#6 /home/wwwinte/public_html/screening/system/CodeIgniter.php(333): CodeIgniter\CodeIgniter->handleRequest(NULL, Object(Config\Cache), false)
#7 /home/wwwinte/public_html/screening/public/index.php(44): CodeIgniter\CodeIgniter->run()
#8 {main}
CRITICAL - 2021-04-05 02:05:29 --> syntax error, unexpected '$this' (T_VARIABLE)
#0 /home/wwwinte/public_html/screening/system/Autoloader/Autoloader.php(265): CodeIgniter\Autoloader\Autoloader->includeFile('/home/wwwinte/p...')
#1 /home/wwwinte/public_html/screening/system/Autoloader/Autoloader.php(228): CodeIgniter\Autoloader\Autoloader->loadInNamespace('App\\Libraries\\I...')
#2 [internal function]: CodeIgniter\Autoloader\Autoloader->loadClass('App\\Libraries\\I...')
#3 /home/wwwinte/public_html/screening/app/Controllers/Product.php(148): spl_autoload_call('App\\Libraries\\I...')
#4 /home/wwwinte/public_html/screening/system/CodeIgniter.php(936): App\Controllers\Product->screening_management('edit', '1008')
#5 /home/wwwinte/public_html/screening/system/CodeIgniter.php(432): CodeIgniter\CodeIgniter->runController(Object(App\Controllers\Product))
#6 /home/wwwinte/public_html/screening/system/CodeIgniter.php(333): CodeIgniter\CodeIgniter->handleRequest(NULL, Object(Config\Cache), false)
#7 /home/wwwinte/public_html/screening/public/index.php(44): CodeIgniter\CodeIgniter->run()
#8 {main}
CRITICAL - 2021-04-05 02:09:18 --> syntax error, unexpected '$selected' (T_VARIABLE)
#0 /home/wwwinte/public_html/screening/system/Autoloader/Autoloader.php(265): CodeIgniter\Autoloader\Autoloader->includeFile('/home/wwwinte/p...')
#1 /home/wwwinte/public_html/screening/system/Autoloader/Autoloader.php(228): CodeIgniter\Autoloader\Autoloader->loadInNamespace('App\\Libraries\\I...')
#2 [internal function]: CodeIgniter\Autoloader\Autoloader->loadClass('App\\Libraries\\I...')
#3 /home/wwwinte/public_html/screening/app/Controllers/Product.php(148): spl_autoload_call('App\\Libraries\\I...')
#4 /home/wwwinte/public_html/screening/system/CodeIgniter.php(936): App\Controllers\Product->screening_management('edit', '1008')
#5 /home/wwwinte/public_html/screening/system/CodeIgniter.php(432): CodeIgniter\CodeIgniter->runController(Object(App\Controllers\Product))
#6 /home/wwwinte/public_html/screening/system/CodeIgniter.php(333): CodeIgniter\CodeIgniter->handleRequest(NULL, Object(Config\Cache), false)
#7 /home/wwwinte/public_html/screening/public/index.php(44): CodeIgniter\CodeIgniter->run()
#8 {main}
CRITICAL - 2021-04-05 02:09:46 --> syntax error, unexpected '$this' (T_VARIABLE)
#0 /home/wwwinte/public_html/screening/system/Autoloader/Autoloader.php(265): CodeIgniter\Autoloader\Autoloader->includeFile('/home/wwwinte/p...')
#1 /home/wwwinte/public_html/screening/system/Autoloader/Autoloader.php(228): CodeIgniter\Autoloader\Autoloader->loadInNamespace('App\\Libraries\\I...')
#2 [internal function]: CodeIgniter\Autoloader\Autoloader->loadClass('App\\Libraries\\I...')
#3 /home/wwwinte/public_html/screening/app/Controllers/Product.php(148): spl_autoload_call('App\\Libraries\\I...')
#4 /home/wwwinte/public_html/screening/system/CodeIgniter.php(936): App\Controllers\Product->screening_management('edit', '1008')
#5 /home/wwwinte/public_html/screening/system/CodeIgniter.php(432): CodeIgniter\CodeIgniter->runController(Object(App\Controllers\Product))
#6 /home/wwwinte/public_html/screening/system/CodeIgniter.php(333): CodeIgniter\CodeIgniter->handleRequest(NULL, Object(Config\Cache), false)
#7 /home/wwwinte/public_html/screening/public/index.php(44): CodeIgniter\CodeIgniter->run()
#8 {main}
CRITICAL - 2021-04-05 02:12:15 --> Undefined property: stdClass::$extras
#0 /home/wwwinte/public_html/screening/app/Libraries/InterneticsLibrary.php(74): CodeIgniter\Debug\Exceptions->errorHandler(8, 'Undefined prope...', '/home/wwwinte/p...', 74, Array)
#1 /home/wwwinte/public_html/screening/app/Libraries/GroceryCrud.php(231): App\Libraries\InterneticsLibrary->get_relation_n_n_input(Object(stdClass), Array)
#2 /home/wwwinte/public_html/screening/app/Libraries/GroceryCrud.php(2591): App\Libraries\grocery_CRUD_Field_Types->get_field_input(Object(stdClass), Array)
#3 /home/wwwinte/public_html/screening/app/Libraries/GroceryCrud.php(1832): App\Libraries\grocery_CRUD_Layout->get_edit_input_fields(Object(stdClass))
#4 /home/wwwinte/public_html/screening/app/Libraries/GroceryCrud.php(4532): App\Libraries\grocery_CRUD_Layout->showEditForm(Object(stdClass))
#5 /home/wwwinte/public_html/screening/app/Controllers/Product.php(198): App\Libraries\GroceryCrud->render()
#6 /home/wwwinte/public_html/screening/system/CodeIgniter.php(936): App\Controllers\Product->screening_management('edit', '1008')
#7 /home/wwwinte/public_html/screening/system/CodeIgniter.php(432): CodeIgniter\CodeIgniter->runController(Object(App\Controllers\Product))
#8 /home/wwwinte/public_html/screening/system/CodeIgniter.php(333): CodeIgniter\CodeIgniter->handleRequest(NULL, Object(Config\Cache), false)
#9 /home/wwwinte/public_html/screening/public/index.php(44): CodeIgniter\CodeIgniter->run()
#10 {main}
CRITICAL - 2021-04-05 02:12:53 --> Undefined property: stdClass::$extras
#0 /home/wwwinte/public_html/screening/app/Libraries/InterneticsLibrary.php(74): CodeIgniter\Debug\Exceptions->errorHandler(8, 'Undefined prope...', '/home/wwwinte/p...', 74, Array)
#1 /home/wwwinte/public_html/screening/app/Libraries/GroceryCrud.php(231): App\Libraries\InterneticsLibrary->get_relation_n_n_input(Object(stdClass), Array)
#2 /home/wwwinte/public_html/screening/app/Libraries/GroceryCrud.php(2591): App\Libraries\grocery_CRUD_Field_Types->get_field_input(Object(stdClass), Array)
#3 /home/wwwinte/public_html/screening/app/Libraries/GroceryCrud.php(1832): App\Libraries\grocery_CRUD_Layout->get_edit_input_fields(Object(stdClass))
#4 /home/wwwinte/public_html/screening/app/Libraries/GroceryCrud.php(4532): App\Libraries\grocery_CRUD_Layout->showEditForm(Object(stdClass))
#5 /home/wwwinte/public_html/screening/app/Controllers/Product.php(198): App\Libraries\GroceryCrud->render()
#6 /home/wwwinte/public_html/screening/system/CodeIgniter.php(936): App\Controllers\Product->screening_management('edit', '1008')
#7 /home/wwwinte/public_html/screening/system/CodeIgniter.php(432): CodeIgniter\CodeIgniter->runController(Object(App\Controllers\Product))
#8 /home/wwwinte/public_html/screening/system/CodeIgniter.php(333): CodeIgniter\CodeIgniter->handleRequest(NULL, Object(Config\Cache), false)
#9 /home/wwwinte/public_html/screening/public/index.php(44): CodeIgniter\CodeIgniter->run()
#10 {main}
CRITICAL - 2021-04-05 02:15:00 --> Undefined variable: selected_values
#0 /home/wwwinte/public_html/screening/app/Libraries/InterneticsLibrary.php(80): CodeIgniter\Debug\Exceptions->errorHandler(8, 'Undefined varia...', '/home/wwwinte/p...', 80, Array)
#1 /home/wwwinte/public_html/screening/app/Libraries/GroceryCrud.php(231): App\Libraries\InterneticsLibrary->get_relation_n_n_input(Object(stdClass), Array)
#2 /home/wwwinte/public_html/screening/app/Libraries/GroceryCrud.php(2591): App\Libraries\grocery_CRUD_Field_Types->get_field_input(Object(stdClass), Array)
#3 /home/wwwinte/public_html/screening/app/Libraries/GroceryCrud.php(1832): App\Libraries\grocery_CRUD_Layout->get_edit_input_fields(Object(stdClass))
#4 /home/wwwinte/public_html/screening/app/Libraries/GroceryCrud.php(4532): App\Libraries\grocery_CRUD_Layout->showEditForm(Object(stdClass))
#5 /home/wwwinte/public_html/screening/app/Controllers/Product.php(198): App\Libraries\GroceryCrud->render()
#6 /home/wwwinte/public_html/screening/system/CodeIgniter.php(936): App\Controllers\Product->screening_management('edit', '1008')
#7 /home/wwwinte/public_html/screening/system/CodeIgniter.php(432): CodeIgniter\CodeIgniter->runController(Object(App\Controllers\Product))
#8 /home/wwwinte/public_html/screening/system/CodeIgniter.php(333): CodeIgniter\CodeIgniter->handleRequest(NULL, Object(Config\Cache), false)
#9 /home/wwwinte/public_html/screening/public/index.php(44): CodeIgniter\CodeIgniter->run()
#10 {main}
CRITICAL - 2021-04-05 02:15:45 --> Undefined variable: selected_values
#0 /home/wwwinte/public_html/screening/app/Libraries/InterneticsLibrary.php(80): CodeIgniter\Debug\Exceptions->errorHandler(8, 'Undefined varia...', '/home/wwwinte/p...', 80, Array)
#1 /home/wwwinte/public_html/screening/app/Libraries/GroceryCrud.php(231): App\Libraries\InterneticsLibrary->get_relation_n_n_input(Object(stdClass), Array)
#2 /home/wwwinte/public_html/screening/app/Libraries/GroceryCrud.php(2591): App\Libraries\grocery_CRUD_Field_Types->get_field_input(Object(stdClass), Array)
#3 /home/wwwinte/public_html/screening/app/Libraries/GroceryCrud.php(1832): App\Libraries\grocery_CRUD_Layout->get_edit_input_fields(Object(stdClass))
#4 /home/wwwinte/public_html/screening/app/Libraries/GroceryCrud.php(4532): App\Libraries\grocery_CRUD_Layout->showEditForm(Object(stdClass))
#5 /home/wwwinte/public_html/screening/app/Controllers/Product.php(198): App\Libraries\GroceryCrud->render()
#6 /home/wwwinte/public_html/screening/system/CodeIgniter.php(936): App\Controllers\Product->screening_management('edit', '1008')
#7 /home/wwwinte/public_html/screening/system/CodeIgniter.php(432): CodeIgniter\CodeIgniter->runController(Object(App\Controllers\Product))
#8 /home/wwwinte/public_html/screening/system/CodeIgniter.php(333): CodeIgniter\CodeIgniter->handleRequest(NULL, Object(Config\Cache), false)
#9 /home/wwwinte/public_html/screening/public/index.php(44): CodeIgniter\CodeIgniter->run()
#10 {main}
CRITICAL - 2021-04-05 02:17:39 --> Undefined variable: selected_values
#0 /home/wwwinte/public_html/screening/app/Libraries/InterneticsLibrary.php(80): CodeIgniter\Debug\Exceptions->errorHandler(8, 'Undefined varia...', '/home/wwwinte/p...', 80, Array)
#1 /home/wwwinte/public_html/screening/app/Libraries/GroceryCrud.php(231): App\Libraries\InterneticsLibrary->get_relation_n_n_input(Object(stdClass), Array)
#2 /home/wwwinte/public_html/screening/app/Libraries/GroceryCrud.php(2591): App\Libraries\grocery_CRUD_Field_Types->get_field_input(Object(stdClass), Array)
#3 /home/wwwinte/public_html/screening/app/Libraries/GroceryCrud.php(1832): App\Libraries\grocery_CRUD_Layout->get_edit_input_fields(Object(stdClass))
#4 /home/wwwinte/public_html/screening/app/Libraries/GroceryCrud.php(4532): App\Libraries\grocery_CRUD_Layout->showEditForm(Object(stdClass))
#5 /home/wwwinte/public_html/screening/app/Controllers/Product.php(198): App\Libraries\GroceryCrud->render()
#6 /home/wwwinte/public_html/screening/system/CodeIgniter.php(936): App\Controllers\Product->screening_management('edit', '1008')
#7 /home/wwwinte/public_html/screening/system/CodeIgniter.php(432): CodeIgniter\CodeIgniter->runController(Object(App\Controllers\Product))
#8 /home/wwwinte/public_html/screening/system/CodeIgniter.php(333): CodeIgniter\CodeIgniter->handleRequest(NULL, Object(Config\Cache), false)
#9 /home/wwwinte/public_html/screening/public/index.php(44): CodeIgniter\CodeIgniter->run()
#10 {main}
CRITICAL - 2021-04-05 02:26:54 --> Cannot use object of type App\Libraries\InterneticsLibrary as array
#0 /home/wwwinte/public_html/screening/app/Libraries/GroceryCrud.php(1426): App\Models\InterneticsModel->get_relation_n_n_unselected_array(Object(stdClass), Object(App\Libraries\InterneticsLibrary))
#1 /home/wwwinte/public_html/screening/app/Libraries/InterneticsLibrary.php(75): App\Libraries\grocery_CRUD_Model_Driver->get_relation_n_n_unselected_array(Object(stdClass), Object(App\Libraries\InterneticsLibrary))
#2 /home/wwwinte/public_html/screening/app/Libraries/GroceryCrud.php(231): App\Libraries\InterneticsLibrary->get_relation_n_n_input(Object(stdClass), Array)
#3 /home/wwwinte/public_html/screening/app/Libraries/GroceryCrud.php(2591): App\Libraries\grocery_CRUD_Field_Types->get_field_input(Object(stdClass), Array)
#4 /home/wwwinte/public_html/screening/app/Libraries/GroceryCrud.php(1832): App\Libraries\grocery_CRUD_Layout->get_edit_input_fields(Object(stdClass))
#5 /home/wwwinte/public_html/screening/app/Libraries/GroceryCrud.php(4532): App\Libraries\grocery_CRUD_Layout->showEditForm(Object(stdClass))
#6 /home/wwwinte/public_html/screening/app/Controllers/Product.php(198): App\Libraries\GroceryCrud->render()
#7 /home/wwwinte/public_html/screening/system/CodeIgniter.php(936): App\Controllers\Product->screening_management('edit', '1008')
#8 /home/wwwinte/public_html/screening/system/CodeIgniter.php(432): CodeIgniter\CodeIgniter->runController(Object(App\Controllers\Product))
#9 /home/wwwinte/public_html/screening/system/CodeIgniter.php(333): CodeIgniter\CodeIgniter->handleRequest(NULL, Object(Config\Cache), false)
#10 /home/wwwinte/public_html/screening/public/index.php(44): CodeIgniter\CodeIgniter->run()
#11 {main}
CRITICAL - 2021-04-05 02:28:35 --> Cannot use object of type App\Libraries\InterneticsLibrary as array
#0 /home/wwwinte/public_html/screening/app/Libraries/GroceryCrud.php(1426): App\Models\InterneticsModel->get_relation_n_n_unselected_array(Object(stdClass), Object(App\Libraries\InterneticsLibrary))
#1 /home/wwwinte/public_html/screening/app/Libraries/InterneticsLibrary.php(75): App\Libraries\grocery_CRUD_Model_Driver->get_relation_n_n_unselected_array(Object(stdClass), Object(App\Libraries\InterneticsLibrary))
#2 /home/wwwinte/public_html/screening/app/Libraries/GroceryCrud.php(231): App\Libraries\InterneticsLibrary->get_relation_n_n_input(Object(stdClass), Array)
#3 /home/wwwinte/public_html/screening/app/Libraries/GroceryCrud.php(2591): App\Libraries\grocery_CRUD_Field_Types->get_field_input(Object(stdClass), Array)
#4 /home/wwwinte/public_html/screening/app/Libraries/GroceryCrud.php(1832): App\Libraries\grocery_CRUD_Layout->get_edit_input_fields(Object(stdClass))
#5 /home/wwwinte/public_html/screening/app/Libraries/GroceryCrud.php(4532): App\Libraries\grocery_CRUD_Layout->showEditForm(Object(stdClass))
#6 /home/wwwinte/public_html/screening/app/Controllers/Product.php(198): App\Libraries\GroceryCrud->render()
#7 /home/wwwinte/public_html/screening/system/CodeIgniter.php(936): App\Controllers\Product->screening_management('edit', '1008')
#8 /home/wwwinte/public_html/screening/system/CodeIgniter.php(432): CodeIgniter\CodeIgniter->runController(Object(App\Controllers\Product))
#9 /home/wwwinte/public_html/screening/system/CodeIgniter.php(333): CodeIgniter\CodeIgniter->handleRequest(NULL, Object(Config\Cache), false)
#10 /home/wwwinte/public_html/screening/public/index.php(44): CodeIgniter\CodeIgniter->run()
#11 {main}
CRITICAL - 2021-04-05 02:32:47 --> Illegal offset type
#0 /home/wwwinte/public_html/screening/app/Models/InterneticsModel.php(94): CodeIgniter\Debug\Exceptions->errorHandler(2, 'Illegal offset ...', '/home/wwwinte/p...', 94, Array)
#1 /home/wwwinte/public_html/screening/app/Libraries/GroceryCrud.php(1426): App\Models\InterneticsModel->get_relation_n_n_unselected_array(Object(stdClass), Array)
#2 /home/wwwinte/public_html/screening/app/Libraries/InterneticsLibrary.php(75): App\Libraries\grocery_CRUD_Model_Driver->get_relation_n_n_unselected_array(Object(stdClass), Array)
#3 /home/wwwinte/public_html/screening/app/Libraries/GroceryCrud.php(231): App\Libraries\InterneticsLibrary->get_relation_n_n_input(Object(stdClass), Array)
#4 /home/wwwinte/public_html/screening/app/Libraries/GroceryCrud.php(2591): App\Libraries\grocery_CRUD_Field_Types->get_field_input(Object(stdClass), Array)
#5 /home/wwwinte/public_html/screening/app/Libraries/GroceryCrud.php(1832): App\Libraries\grocery_CRUD_Layout->get_edit_input_fields(Object(stdClass))
#6 /home/wwwinte/public_html/screening/app/Libraries/GroceryCrud.php(4532): App\Libraries\grocery_CRUD_Layout->showEditForm(Object(stdClass))
#7 /home/wwwinte/public_html/screening/app/Controllers/Product.php(198): App\Libraries\GroceryCrud->render()
#8 /home/wwwinte/public_html/screening/system/CodeIgniter.php(936): App\Controllers\Product->screening_management('edit', '1008')
#9 /home/wwwinte/public_html/screening/system/CodeIgniter.php(432): CodeIgniter\CodeIgniter->runController(Object(App\Controllers\Product))
#10 /home/wwwinte/public_html/screening/system/CodeIgniter.php(333): CodeIgniter\CodeIgniter->handleRequest(NULL, Object(Config\Cache), false)
#11 /home/wwwinte/public_html/screening/public/index.php(44): CodeIgniter\CodeIgniter->run()
#12 {main}
CRITICAL - 2021-04-05 02:41:06 --> Cannot redeclare App\Libraries\InterneticsLibrary::get_multiselect_input()
#0 [internal function]: CodeIgniter\Debug\Exceptions->shutdownHandler()
#1 {main}
CRITICAL - 2021-04-05 02:41:58 --> Undefined variable: selected_values
#0 /home/wwwinte/public_html/screening/app/Libraries/InterneticsLibrary.php(27): CodeIgniter\Debug\Exceptions->errorHandler(8, 'Undefined varia...', '/home/wwwinte/p...', 27, Array)
#1 /home/wwwinte/public_html/screening/app/Libraries/GroceryCrud.php(231): App\Libraries\InterneticsLibrary->get_multiselect_input(Object(stdClass), '1,2,4')
#2 /home/wwwinte/public_html/screening/app/Libraries/GroceryCrud.php(2591): App\Libraries\grocery_CRUD_Field_Types->get_field_input(Object(stdClass), '1,2,4')
#3 /home/wwwinte/public_html/screening/app/Libraries/GroceryCrud.php(1832): App\Libraries\grocery_CRUD_Layout->get_edit_input_fields(Object(stdClass))
#4 /home/wwwinte/public_html/screening/app/Libraries/GroceryCrud.php(4532): App\Libraries\grocery_CRUD_Layout->showEditForm(Object(stdClass))
#5 /home/wwwinte/public_html/screening/app/Controllers/Product.php(198): App\Libraries\GroceryCrud->render()
#6 /home/wwwinte/public_html/screening/system/CodeIgniter.php(936): App\Controllers\Product->screening_management('edit', '1008')
#7 /home/wwwinte/public_html/screening/system/CodeIgniter.php(432): CodeIgniter\CodeIgniter->runController(Object(App\Controllers\Product))
#8 /home/wwwinte/public_html/screening/system/CodeIgniter.php(333): CodeIgniter\CodeIgniter->handleRequest(NULL, Object(Config\Cache), false)
#9 /home/wwwinte/public_html/screening/public/index.php(44): CodeIgniter\CodeIgniter->run()
#10 {main}
CRITICAL - 2021-04-05 02:44:10 --> syntax error, unexpected ';', expecting ')'
#0 /home/wwwinte/public_html/screening/system/Autoloader/Autoloader.php(265): CodeIgniter\Autoloader\Autoloader->includeFile('/home/wwwinte/p...')
#1 /home/wwwinte/public_html/screening/system/Autoloader/Autoloader.php(228): CodeIgniter\Autoloader\Autoloader->loadInNamespace('App\\Libraries\\I...')
#2 [internal function]: CodeIgniter\Autoloader\Autoloader->loadClass('App\\Libraries\\I...')
#3 /home/wwwinte/public_html/screening/app/Controllers/Product.php(148): spl_autoload_call('App\\Libraries\\I...')
#4 /home/wwwinte/public_html/screening/system/CodeIgniter.php(936): App\Controllers\Product->screening_management('edit', '1008')
#5 /home/wwwinte/public_html/screening/system/CodeIgniter.php(432): CodeIgniter\CodeIgniter->runController(Object(App\Controllers\Product))
#6 /home/wwwinte/public_html/screening/system/CodeIgniter.php(333): CodeIgniter\CodeIgniter->handleRequest(NULL, Object(Config\Cache), false)
#7 /home/wwwinte/public_html/screening/public/index.php(44): CodeIgniter\CodeIgniter->run()
#8 {main}
ERROR - 2021-04-05 03:28:46 --> mysqli_sql_exception: Unknown column 'tester' in 'field list' in /home/wwwinte/public_html/screening/system/Database/MySQLi/Connection.php:314
Stack trace:
#0 /home/wwwinte/public_html/screening/system/Database/MySQLi/Connection.php(314): mysqli->query('UPDATE `screeni...')
#1 /home/wwwinte/public_html/screening/system/Database/BaseConnection.php(713): CodeIgniter\Database\MySQLi\Connection->execute('UPDATE `screeni...')
#2 /home/wwwinte/public_html/screening/system/Database/BaseConnection.php(641): CodeIgniter\Database\BaseConnection->simpleQuery('UPDATE `screeni...')
#3 /home/wwwinte/public_html/screening/system/Database/BaseBuilder.php(2468): CodeIgniter\Database\BaseConnection->query('UPDATE `screeni...', Array, false)
#4 /home/wwwinte/public_html/screening/app/Models/GroceryCrudModel.php(486): CodeIgniter\Database\BaseBuilder->update(Array, Array)
#5 /home/wwwinte/public_html/screening/app/Libraries/GroceryCrud.php(1102): App\Models\GroceryCrudModel->db_update(Array, '1008')
#6 /home/wwwinte/public_html/screening/app/Libraries/GroceryCrud.php(4570): App\Libraries\grocery_CRUD_Model_Driver->db_update(Object(stdClass))
#7 /home/wwwinte/public_html/screening/app/Controllers/Product.php(207): App\Libraries\GroceryCrud->render()
#8 /home/wwwinte/public_html/screening/system/CodeIgniter.php(936): App\Controllers\Product->screening_management('update', '1008')
#9 /home/wwwinte/public_html/screening/system/CodeIgniter.php(432): CodeIgniter\CodeIgniter->runController(Object(App\Controllers\Product))
#10 /home/wwwinte/public_html/screening/system/CodeIgniter.php(333): CodeIgniter\CodeIgniter->handleRequest(NULL, Object(Config\Cache), false)
#11 /home/wwwinte/public_html/screening/public/index.php(44): CodeIgniter\CodeIgniter->run()
#12 {main}
CRITICAL - 2021-04-05 03:28:46 --> Unknown column 'tester' in 'field list'
#0 /home/wwwinte/public_html/screening/system/Database/MySQLi/Connection.php(314): mysqli->query('UPDATE `screeni...')
#1 /home/wwwinte/public_html/screening/system/Database/BaseConnection.php(713): CodeIgniter\Database\MySQLi\Connection->execute('UPDATE `screeni...')
#2 /home/wwwinte/public_html/screening/system/Database/BaseConnection.php(641): CodeIgniter\Database\BaseConnection->simpleQuery('UPDATE `screeni...')
#3 /home/wwwinte/public_html/screening/system/Database/BaseBuilder.php(2468): CodeIgniter\Database\BaseConnection->query('UPDATE `screeni...', Array, false)
#4 /home/wwwinte/public_html/screening/app/Models/GroceryCrudModel.php(486): CodeIgniter\Database\BaseBuilder->update(Array, Array)
#5 /home/wwwinte/public_html/screening/app/Libraries/GroceryCrud.php(1102): App\Models\GroceryCrudModel->db_update(Array, '1008')
#6 /home/wwwinte/public_html/screening/app/Libraries/GroceryCrud.php(4570): App\Libraries\grocery_CRUD_Model_Driver->db_update(Object(stdClass))
#7 /home/wwwinte/public_html/screening/app/Controllers/Product.php(207): App\Libraries\GroceryCrud->render()
#8 /home/wwwinte/public_html/screening/system/CodeIgniter.php(936): App\Controllers\Product->screening_management('update', '1008')
#9 /home/wwwinte/public_html/screening/system/CodeIgniter.php(432): CodeIgniter\CodeIgniter->runController(Object(App\Controllers\Product))
#10 /home/wwwinte/public_html/screening/system/CodeIgniter.php(333): CodeIgniter\CodeIgniter->handleRequest(NULL, Object(Config\Cache), false)
#11 /home/wwwinte/public_html/screening/public/index.php(44): CodeIgniter\CodeIgniter->run()
#12 {main}
CRITICAL - 2021-04-05 03:38:17 --> syntax error, unexpected 'invisible' (T_STRING), expecting ')'
#0 /home/wwwinte/public_html/screening/system/Router/Router.php(170): CodeIgniter\Router\Router->autoRoute('product/screeni...')
#1 /home/wwwinte/public_html/screening/system/CodeIgniter.php(816): CodeIgniter\Router\Router->handle('product/screeni...')
#2 /home/wwwinte/public_html/screening/system/CodeIgniter.php(385): CodeIgniter\CodeIgniter->tryToRouteIt(Object(CodeIgniter\Router\RouteCollection))
#3 /home/wwwinte/public_html/screening/system/CodeIgniter.php(333): CodeIgniter\CodeIgniter->handleRequest(NULL, Object(Config\Cache), false)
#4 /home/wwwinte/public_html/screening/public/index.php(44): CodeIgniter\CodeIgniter->run()
#5 {main}
CRITICAL - 2021-04-05 03:43:54 --> syntax error, unexpected 'invisible' (T_STRING), expecting ')'
#0 /home/wwwinte/public_html/screening/system/Router/Router.php(170): CodeIgniter\Router\Router->autoRoute('product/screeni...')
#1 /home/wwwinte/public_html/screening/system/CodeIgniter.php(816): CodeIgniter\Router\Router->handle('product/screeni...')
#2 /home/wwwinte/public_html/screening/system/CodeIgniter.php(385): CodeIgniter\CodeIgniter->tryToRouteIt(Object(CodeIgniter\Router\RouteCollection))
#3 /home/wwwinte/public_html/screening/system/CodeIgniter.php(333): CodeIgniter\CodeIgniter->handleRequest(NULL, Object(Config\Cache), false)
#4 /home/wwwinte/public_html/screening/public/index.php(44): CodeIgniter\CodeIgniter->run()
#5 {main}
CRITICAL - 2021-04-05 16:14:06 --> syntax error, unexpected '$crud' (T_VARIABLE), expecting function (T_FUNCTION) or const (T_CONST)
#0 /home/wwwinte/public_html/screening/system/Router/Router.php(170): CodeIgniter\Router\Router->autoRoute('product/screeni...')
#1 /home/wwwinte/public_html/screening/system/CodeIgniter.php(816): CodeIgniter\Router\Router->handle('product/screeni...')
#2 /home/wwwinte/public_html/screening/system/CodeIgniter.php(385): CodeIgniter\CodeIgniter->tryToRouteIt(Object(CodeIgniter\Router\RouteCollection))
#3 /home/wwwinte/public_html/screening/system/CodeIgniter.php(333): CodeIgniter\CodeIgniter->handleRequest(NULL, Object(Config\Cache), false)
#4 /home/wwwinte/public_html/screening/public/index.php(44): CodeIgniter\CodeIgniter->run()
#5 {main}
CRITICAL - 2021-04-05 17:06:06 --> syntax error, unexpected '{'
#0 /home/wwwinte/public_html/screening/system/Autoloader/Autoloader.php(265): CodeIgniter\Autoloader\Autoloader->includeFile('/home/wwwinte/p...')
#1 /home/wwwinte/public_html/screening/system/Autoloader/Autoloader.php(228): CodeIgniter\Autoloader\Autoloader->loadInNamespace('App\\Libraries\\I...')
#2 [internal function]: CodeIgniter\Autoloader\Autoloader->loadClass('App\\Libraries\\I...')
#3 /home/wwwinte/public_html/screening/app/Controllers/Product.php(148): spl_autoload_call('App\\Libraries\\I...')
#4 /home/wwwinte/public_html/screening/system/CodeIgniter.php(936): App\Controllers\Product->screening_management('edit', '1008')
#5 /home/wwwinte/public_html/screening/system/CodeIgniter.php(432): CodeIgniter\CodeIgniter->runController(Object(App\Controllers\Product))
#6 /home/wwwinte/public_html/screening/system/CodeIgniter.php(333): CodeIgniter\CodeIgniter->handleRequest(NULL, Object(Config\Cache), false)
#7 /home/wwwinte/public_html/screening/public/index.php(44): CodeIgniter\CodeIgniter->run()
#8 {main}
CRITICAL - 2021-04-05 17:08:43 --> syntax error, unexpected '(', expecting variable (T_VARIABLE) or '{' or '$'
#0 /home/wwwinte/public_html/screening/system/Autoloader/Autoloader.php(265): CodeIgniter\Autoloader\Autoloader->includeFile('/home/wwwinte/p...')
#1 /home/wwwinte/public_html/screening/system/Autoloader/Autoloader.php(228): CodeIgniter\Autoloader\Autoloader->loadInNamespace('App\\Libraries\\I...')
#2 [internal function]: CodeIgniter\Autoloader\Autoloader->loadClass('App\\Libraries\\I...')
#3 /home/wwwinte/public_html/screening/app/Controllers/Product.php(148): spl_autoload_call('App\\Libraries\\I...')
#4 /home/wwwinte/public_html/screening/system/CodeIgniter.php(936): App\Controllers\Product->screening_management('edit', '1008')
#5 /home/wwwinte/public_html/screening/system/CodeIgniter.php(432): CodeIgniter\CodeIgniter->runController(Object(App\Controllers\Product))
#6 /home/wwwinte/public_html/screening/system/CodeIgniter.php(333): CodeIgniter\CodeIgniter->handleRequest(NULL, Object(Config\Cache), false)
#7 /home/wwwinte/public_html/screening/public/index.php(44): CodeIgniter\CodeIgniter->run()
#8 {main}
CRITICAL - 2021-04-05 17:09:49 --> syntax error, unexpected '(', expecting variable (T_VARIABLE) or '{' or '$'
#0 /home/wwwinte/public_html/screening/system/Autoloader/Autoloader.php(265): CodeIgniter\Autoloader\Autoloader->includeFile('/home/wwwinte/p...')
#1 /home/wwwinte/public_html/screening/system/Autoloader/Autoloader.php(228): CodeIgniter\Autoloader\Autoloader->loadInNamespace('App\\Libraries\\I...')
#2 [internal function]: CodeIgniter\Autoloader\Autoloader->loadClass('App\\Libraries\\I...')
#3 /home/wwwinte/public_html/screening/app/Controllers/Product.php(148): spl_autoload_call('App\\Libraries\\I...')
#4 /home/wwwinte/public_html/screening/system/CodeIgniter.php(936): App\Controllers\Product->screening_management('edit', '1008')
#5 /home/wwwinte/public_html/screening/system/CodeIgniter.php(432): CodeIgniter\CodeIgniter->runController(Object(App\Controllers\Product))
#6 /home/wwwinte/public_html/screening/system/CodeIgniter.php(333): CodeIgniter\CodeIgniter->handleRequest(NULL, Object(Config\Cache), false)
#7 /home/wwwinte/public_html/screening/public/index.php(44): CodeIgniter\CodeIgniter->run()
#8 {main}
CRITICAL - 2021-04-05 17:10:30 --> syntax error, unexpected '(', expecting variable (T_VARIABLE) or '{' or '$'
#0 /home/wwwinte/public_html/screening/system/Autoloader/Autoloader.php(265): CodeIgniter\Autoloader\Autoloader->includeFile('/home/wwwinte/p...')
#1 /home/wwwinte/public_html/screening/system/Autoloader/Autoloader.php(228): CodeIgniter\Autoloader\Autoloader->loadInNamespace('App\\Libraries\\I...')
#2 [internal function]: CodeIgniter\Autoloader\Autoloader->loadClass('App\\Libraries\\I...')
#3 /home/wwwinte/public_html/screening/app/Controllers/Product.php(148): spl_autoload_call('App\\Libraries\\I...')
#4 /home/wwwinte/public_html/screening/system/CodeIgniter.php(936): App\Controllers\Product->screening_management('edit', '1008')
#5 /home/wwwinte/public_html/screening/system/CodeIgniter.php(432): CodeIgniter\CodeIgniter->runController(Object(App\Controllers\Product))
#6 /home/wwwinte/public_html/screening/system/CodeIgniter.php(333): CodeIgniter\CodeIgniter->handleRequest(NULL, Object(Config\Cache), false)
#7 /home/wwwinte/public_html/screening/public/index.php(44): CodeIgniter\CodeIgniter->run()
#8 {main}
CRITICAL - 2021-04-05 17:11:34 --> syntax error, unexpected '(', expecting variable (T_VARIABLE) or '{' or '$'
#0 /home/wwwinte/public_html/screening/system/Autoloader/Autoloader.php(265): CodeIgniter\Autoloader\Autoloader->includeFile('/home/wwwinte/p...')
#1 /home/wwwinte/public_html/screening/system/Autoloader/Autoloader.php(228): CodeIgniter\Autoloader\Autoloader->loadInNamespace('App\\Libraries\\I...')
#2 [internal function]: CodeIgniter\Autoloader\Autoloader->loadClass('App\\Libraries\\I...')
#3 /home/wwwinte/public_html/screening/app/Controllers/Product.php(148): spl_autoload_call('App\\Libraries\\I...')
#4 /home/wwwinte/public_html/screening/system/CodeIgniter.php(936): App\Controllers\Product->screening_management('edit', '1008')
#5 /home/wwwinte/public_html/screening/system/CodeIgniter.php(432): CodeIgniter\CodeIgniter->runController(Object(App\Controllers\Product))
#6 /home/wwwinte/public_html/screening/system/CodeIgniter.php(333): CodeIgniter\CodeIgniter->handleRequest(NULL, Object(Config\Cache), false)
#7 /home/wwwinte/public_html/screening/public/index.php(44): CodeIgniter\CodeIgniter->run()
#8 {main}
CRITICAL - 2021-04-05 17:16:25 --> syntax error, unexpected '}', expecting ',' or ';'
#0 /home/wwwinte/public_html/screening/system/Autoloader/Autoloader.php(265): CodeIgniter\Autoloader\Autoloader->includeFile('/home/wwwinte/p...')
#1 /home/wwwinte/public_html/screening/system/Autoloader/Autoloader.php(228): CodeIgniter\Autoloader\Autoloader->loadInNamespace('App\\Libraries\\I...')
#2 [internal function]: CodeIgniter\Autoloader\Autoloader->loadClass('App\\Libraries\\I...')
#3 /home/wwwinte/public_html/screening/app/Controllers/Product.php(148): spl_autoload_call('App\\Libraries\\I...')
#4 /home/wwwinte/public_html/screening/system/CodeIgniter.php(936): App\Controllers\Product->screening_management('edit', '1008')
#5 /home/wwwinte/public_html/screening/system/CodeIgniter.php(432): CodeIgniter\CodeIgniter->runController(Object(App\Controllers\Product))
#6 /home/wwwinte/public_html/screening/system/CodeIgniter.php(333): CodeIgniter\CodeIgniter->handleRequest(NULL, Object(Config\Cache), false)
#7 /home/wwwinte/public_html/screening/public/index.php(44): CodeIgniter\CodeIgniter->run()
#8 {main}
CRITICAL - 2021-04-05 17:16:40 --> syntax error, unexpected '}', expecting ',' or ';'
#0 /home/wwwinte/public_html/screening/system/Autoloader/Autoloader.php(265): CodeIgniter\Autoloader\Autoloader->includeFile('/home/wwwinte/p...')
#1 /home/wwwinte/public_html/screening/system/Autoloader/Autoloader.php(228): CodeIgniter\Autoloader\Autoloader->loadInNamespace('App\\Libraries\\I...')
#2 [internal function]: CodeIgniter\Autoloader\Autoloader->loadClass('App\\Libraries\\I...')
#3 /home/wwwinte/public_html/screening/app/Controllers/Product.php(148): spl_autoload_call('App\\Libraries\\I...')
#4 /home/wwwinte/public_html/screening/system/CodeIgniter.php(936): App\Controllers\Product->screening_management('edit', '1008')
#5 /home/wwwinte/public_html/screening/system/CodeIgniter.php(432): CodeIgniter\CodeIgniter->runController(Object(App\Controllers\Product))
#6 /home/wwwinte/public_html/screening/system/CodeIgniter.php(333): CodeIgniter\CodeIgniter->handleRequest(NULL, Object(Config\Cache), false)
#7 /home/wwwinte/public_html/screening/public/index.php(44): CodeIgniter\CodeIgniter->run()
#8 {main}
CRITICAL - 2021-04-05 17:17:36 --> Cannot use [] for reading
#0 [internal function]: CodeIgniter\Debug\Exceptions->shutdownHandler()
#1 {main}
CRITICAL - 2021-04-05 17:20:59 --> Undefined variable: name
#0 /home/wwwinte/public_html/screening/app/Libraries/InterneticsLibrary.php(106): CodeIgniter\Debug\Exceptions->errorHandler(8, 'Undefined varia...', '/home/wwwinte/p...', 106, Array)
#1 /home/wwwinte/public_html/screening/app/Libraries/GroceryCrud.php(231): App\Libraries\InterneticsLibrary->get_relation_n_n_input(Object(stdClass), Array)
#2 /home/wwwinte/public_html/screening/app/Libraries/GroceryCrud.php(2591): App\Libraries\grocery_CRUD_Field_Types->get_field_input(Object(stdClass), Array)
#3 /home/wwwinte/public_html/screening/app/Libraries/GroceryCrud.php(1832): App\Libraries\grocery_CRUD_Layout->get_edit_input_fields(Object(stdClass))
#4 /home/wwwinte/public_html/screening/app/Libraries/GroceryCrud.php(4532): App\Libraries\grocery_CRUD_Layout->showEditForm(Object(stdClass))
#5 /home/wwwinte/public_html/screening/app/Controllers/Product.php(207): App\Libraries\GroceryCrud->render()
#6 /home/wwwinte/public_html/screening/system/CodeIgniter.php(936): App\Controllers\Product->screening_management('edit', '1008')
#7 /home/wwwinte/public_html/screening/system/CodeIgniter.php(432): CodeIgniter\CodeIgniter->runController(Object(App\Controllers\Product))
#8 /home/wwwinte/public_html/screening/system/CodeIgniter.php(333): CodeIgniter\CodeIgniter->handleRequest(NULL, Object(Config\Cache), false)
#9 /home/wwwinte/public_html/screening/public/index.php(44): CodeIgniter\CodeIgniter->run()
#10 {main}
CRITICAL - 2021-04-05 17:21:58 --> Undefined variable: name
#0 /home/wwwinte/public_html/screening/app/Libraries/InterneticsLibrary.php(106): CodeIgniter\Debug\Exceptions->errorHandler(8, 'Undefined varia...', '/home/wwwinte/p...', 106, Array)
#1 /home/wwwinte/public_html/screening/app/Libraries/GroceryCrud.php(231): App\Libraries\InterneticsLibrary->get_relation_n_n_input(Object(stdClass), Array)
#2 /home/wwwinte/public_html/screening/app/Libraries/GroceryCrud.php(2591): App\Libraries\grocery_CRUD_Field_Types->get_field_input(Object(stdClass), Array)
#3 /home/wwwinte/public_html/screening/app/Libraries/GroceryCrud.php(1832): App\Libraries\grocery_CRUD_Layout->get_edit_input_fields(Object(stdClass))
#4 /home/wwwinte/public_html/screening/app/Libraries/GroceryCrud.php(4532): App\Libraries\grocery_CRUD_Layout->showEditForm(Object(stdClass))
#5 /home/wwwinte/public_html/screening/app/Controllers/Product.php(207): App\Libraries\GroceryCrud->render()
#6 /home/wwwinte/public_html/screening/system/CodeIgniter.php(936): App\Controllers\Product->screening_management('edit', '1008')
#7 /home/wwwinte/public_html/screening/system/CodeIgniter.php(432): CodeIgniter\CodeIgniter->runController(Object(App\Controllers\Product))
#8 /home/wwwinte/public_html/screening/system/CodeIgniter.php(333): CodeIgniter\CodeIgniter->handleRequest(NULL, Object(Config\Cache), false)
#9 /home/wwwinte/public_html/screening/public/index.php(44): CodeIgniter\CodeIgniter->run()
#10 {main}
CRITICAL - 2021-04-05 17:22:02 --> Undefined variable: name
#0 /home/wwwinte/public_html/screening/app/Libraries/InterneticsLibrary.php(106): CodeIgniter\Debug\Exceptions->errorHandler(8, 'Undefined varia...', '/home/wwwinte/p...', 106, Array)
#1 /home/wwwinte/public_html/screening/app/Libraries/GroceryCrud.php(231): App\Libraries\InterneticsLibrary->get_relation_n_n_input(Object(stdClass), Array)
#2 /home/wwwinte/public_html/screening/app/Libraries/GroceryCrud.php(2591): App\Libraries\grocery_CRUD_Field_Types->get_field_input(Object(stdClass), Array)
#3 /home/wwwinte/public_html/screening/app/Libraries/GroceryCrud.php(1832): App\Libraries\grocery_CRUD_Layout->get_edit_input_fields(Object(stdClass))
#4 /home/wwwinte/public_html/screening/app/Libraries/GroceryCrud.php(4532): App\Libraries\grocery_CRUD_Layout->showEditForm(Object(stdClass))
#5 /home/wwwinte/public_html/screening/app/Controllers/Product.php(207): App\Libraries\GroceryCrud->render()
#6 /home/wwwinte/public_html/screening/system/CodeIgniter.php(936): App\Controllers\Product->screening_management('edit', '1008')
#7 /home/wwwinte/public_html/screening/system/CodeIgniter.php(432): CodeIgniter\CodeIgniter->runController(Object(App\Controllers\Product))
#8 /home/wwwinte/public_html/screening/system/CodeIgniter.php(333): CodeIgniter\CodeIgniter->handleRequest(NULL, Object(Config\Cache), false)
#9 /home/wwwinte/public_html/screening/public/index.php(44): CodeIgniter\CodeIgniter->run()
#10 {main}
CRITICAL - 2021-04-05 17:26:44 --> Undefined variable: name
#0 /home/wwwinte/public_html/screening/app/Libraries/InterneticsLibrary.php(107): CodeIgniter\Debug\Exceptions->errorHandler(8, 'Undefined varia...', '/home/wwwinte/p...', 107, Array)
#1 /home/wwwinte/public_html/screening/app/Libraries/GroceryCrud.php(231): App\Libraries\InterneticsLibrary->get_relation_n_n_input(Object(stdClass), Array)
#2 /home/wwwinte/public_html/screening/app/Libraries/GroceryCrud.php(2591): App\Libraries\grocery_CRUD_Field_Types->get_field_input(Object(stdClass), Array)
#3 /home/wwwinte/public_html/screening/app/Libraries/GroceryCrud.php(1832): App\Libraries\grocery_CRUD_Layout->get_edit_input_fields(Object(stdClass))
#4 /home/wwwinte/public_html/screening/app/Libraries/GroceryCrud.php(4532): App\Libraries\grocery_CRUD_Layout->showEditForm(Object(stdClass))
#5 /home/wwwinte/public_html/screening/app/Controllers/Product.php(207): App\Libraries\GroceryCrud->render()
#6 /home/wwwinte/public_html/screening/system/CodeIgniter.php(936): App\Controllers\Product->screening_management('edit', '1008')
#7 /home/wwwinte/public_html/screening/system/CodeIgniter.php(432): CodeIgniter\CodeIgniter->runController(Object(App\Controllers\Product))
#8 /home/wwwinte/public_html/screening/system/CodeIgniter.php(333): CodeIgniter\CodeIgniter->handleRequest(NULL, Object(Config\Cache), false)
#9 /home/wwwinte/public_html/screening/public/index.php(44): CodeIgniter\CodeIgniter->run()
#10 {main}
CRITICAL - 2021-04-05 17:29:04 --> Undefined variable: name
#0 /home/wwwinte/public_html/screening/app/Libraries/InterneticsLibrary.php(107): CodeIgniter\Debug\Exceptions->errorHandler(8, 'Undefined varia...', '/home/wwwinte/p...', 107, Array)
#1 /home/wwwinte/public_html/screening/app/Libraries/GroceryCrud.php(231): App\Libraries\InterneticsLibrary->get_relation_n_n_input(Object(stdClass), Array)
#2 /home/wwwinte/public_html/screening/app/Libraries/GroceryCrud.php(2591): App\Libraries\grocery_CRUD_Field_Types->get_field_input(Object(stdClass), Array)
#3 /home/wwwinte/public_html/screening/app/Libraries/GroceryCrud.php(1832): App\Libraries\grocery_CRUD_Layout->get_edit_input_fields(Object(stdClass))
#4 /home/wwwinte/public_html/screening/app/Libraries/GroceryCrud.php(4532): App\Libraries\grocery_CRUD_Layout->showEditForm(Object(stdClass))
#5 /home/wwwinte/public_html/screening/app/Controllers/Product.php(207): App\Libraries\GroceryCrud->render()
#6 /home/wwwinte/public_html/screening/system/CodeIgniter.php(936): App\Controllers\Product->screening_management('edit', '1008')
#7 /home/wwwinte/public_html/screening/system/CodeIgniter.php(432): CodeIgniter\CodeIgniter->runController(Object(App\Controllers\Product))
#8 /home/wwwinte/public_html/screening/system/CodeIgniter.php(333): CodeIgniter\CodeIgniter->handleRequest(NULL, Object(Config\Cache), false)
#9 /home/wwwinte/public_html/screening/public/index.php(44): CodeIgniter\CodeIgniter->run()
#10 {main}
CRITICAL - 2021-04-05 18:09:58 --> Use of undefined constant reason_for_the_screening_other - assumed 'reason_for_the_screening_other' (this will throw an Error in a future version of PHP)
#0 /home/wwwinte/public_html/screening/public/assets/grocery_crud/themes/internetics/views/edit.php(95): CodeIgniter\Debug\Exceptions->errorHandler(2, 'Use of undefine...', '/home/wwwinte/p...', 95, Array)
#1 /home/wwwinte/public_html/screening/app/Libraries/GroceryCrud.php(2801): include('/home/wwwinte/p...')
#2 /home/wwwinte/public_html/screening/app/Libraries/GroceryCrud.php(1850): App\Libraries\grocery_CRUD_Layout->_theme_view('edit.php', Array)
#3 /home/wwwinte/public_html/screening/app/Libraries/GroceryCrud.php(4532): App\Libraries\grocery_CRUD_Layout->showEditForm(Object(stdClass))
#4 /home/wwwinte/public_html/screening/app/Controllers/Product.php(207): App\Libraries\GroceryCrud->render()
#5 /home/wwwinte/public_html/screening/system/CodeIgniter.php(936): App\Controllers\Product->screening_management('edit', '1008')
#6 /home/wwwinte/public_html/screening/system/CodeIgniter.php(432): CodeIgniter\CodeIgniter->runController(Object(App\Controllers\Product))
#7 /home/wwwinte/public_html/screening/system/CodeIgniter.php(333): CodeIgniter\CodeIgniter->handleRequest(NULL, Object(Config\Cache), false)
#8 /home/wwwinte/public_html/screening/public/index.php(44): CodeIgniter\CodeIgniter->run()
#9 {main}
CRITICAL - 2021-04-05 18:10:35 --> syntax error, unexpected '->' (T_OBJECT_OPERATOR), expecting ',' or ';'
#0 /home/wwwinte/public_html/screening/app/Libraries/GroceryCrud.php(1850): App\Libraries\grocery_CRUD_Layout->_theme_view('edit.php', Array)
#1 /home/wwwinte/public_html/screening/app/Libraries/GroceryCrud.php(4532): App\Libraries\grocery_CRUD_Layout->showEditForm(Object(stdClass))
#2 /home/wwwinte/public_html/screening/app/Controllers/Product.php(207): App\Libraries\GroceryCrud->render()
#3 /home/wwwinte/public_html/screening/system/CodeIgniter.php(936): App\Controllers\Product->screening_management('edit', '1008')
#4 /home/wwwinte/public_html/screening/system/CodeIgniter.php(432): CodeIgniter\CodeIgniter->runController(Object(App\Controllers\Product))
#5 /home/wwwinte/public_html/screening/system/CodeIgniter.php(333): CodeIgniter\CodeIgniter->handleRequest(NULL, Object(Config\Cache), false)
#6 /home/wwwinte/public_html/screening/public/index.php(44): CodeIgniter\CodeIgniter->run()
#7 {main}
CRITICAL - 2021-04-05 18:11:27 --> Use of undefined constant reason_for_the_screening_other - assumed 'reason_for_the_screening_other' (this will throw an Error in a future version of PHP)
#0 /home/wwwinte/public_html/screening/public/assets/grocery_crud/themes/internetics/views/edit.php(95): CodeIgniter\Debug\Exceptions->errorHandler(2, 'Use of undefine...', '/home/wwwinte/p...', 95, Array)
#1 /home/wwwinte/public_html/screening/app/Libraries/GroceryCrud.php(2801): include('/home/wwwinte/p...')
#2 /home/wwwinte/public_html/screening/app/Libraries/GroceryCrud.php(1850): App\Libraries\grocery_CRUD_Layout->_theme_view('edit.php', Array)
#3 /home/wwwinte/public_html/screening/app/Libraries/GroceryCrud.php(4532): App\Libraries\grocery_CRUD_Layout->showEditForm(Object(stdClass))
#4 /home/wwwinte/public_html/screening/app/Controllers/Product.php(207): App\Libraries\GroceryCrud->render()
#5 /home/wwwinte/public_html/screening/system/CodeIgniter.php(936): App\Controllers\Product->screening_management('edit', '1008')
#6 /home/wwwinte/public_html/screening/system/CodeIgniter.php(432): CodeIgniter\CodeIgniter->runController(Object(App\Controllers\Product))
#7 /home/wwwinte/public_html/screening/system/CodeIgniter.php(333): CodeIgniter\CodeIgniter->handleRequest(NULL, Object(Config\Cache), false)
#8 /home/wwwinte/public_html/screening/public/index.php(44): CodeIgniter\CodeIgniter->run()
#9 {main}
CRITICAL - 2021-04-05 18:11:45 --> Undefined index: reason_for_the_screening_other
#0 /home/wwwinte/public_html/screening/public/assets/grocery_crud/themes/internetics/views/edit.php(95): CodeIgniter\Debug\Exceptions->errorHandler(8, 'Undefined index...', '/home/wwwinte/p...', 95, Array)
#1 /home/wwwinte/public_html/screening/app/Libraries/GroceryCrud.php(2801): include('/home/wwwinte/p...')
#2 /home/wwwinte/public_html/screening/app/Libraries/GroceryCrud.php(1850): App\Libraries\grocery_CRUD_Layout->_theme_view('edit.php', Array)
#3 /home/wwwinte/public_html/screening/app/Libraries/GroceryCrud.php(4532): App\Libraries\grocery_CRUD_Layout->showEditForm(Object(stdClass))
#4 /home/wwwinte/public_html/screening/app/Controllers/Product.php(207): App\Libraries\GroceryCrud->render()
#5 /home/wwwinte/public_html/screening/system/CodeIgniter.php(936): App\Controllers\Product->screening_management('edit', '1008')
#6 /home/wwwinte/public_html/screening/system/CodeIgniter.php(432): CodeIgniter\CodeIgniter->runController(Object(App\Controllers\Product))
#7 /home/wwwinte/public_html/screening/system/CodeIgniter.php(333): CodeIgniter\CodeIgniter->handleRequest(NULL, Object(Config\Cache), false)
#8 /home/wwwinte/public_html/screening/public/index.php(44): CodeIgniter\CodeIgniter->run()
#9 {main}
CRITICAL - 2021-04-05 18:12:17 --> syntax error, unexpected ''reason_for_the_screening_othe' (T_CONSTANT_ENCAPSED_STRING), expecting identifier (T_STRING) or variable (T_VARIABLE) or '{' or '$'
#0 /home/wwwinte/public_html/screening/app/Libraries/GroceryCrud.php(1850): App\Libraries\grocery_CRUD_Layout->_theme_view('edit.php', Array)
#1 /home/wwwinte/public_html/screening/app/Libraries/GroceryCrud.php(4532): App\Libraries\grocery_CRUD_Layout->showEditForm(Object(stdClass))
#2 /home/wwwinte/public_html/screening/app/Controllers/Product.php(207): App\Libraries\GroceryCrud->render()
#3 /home/wwwinte/public_html/screening/system/CodeIgniter.php(936): App\Controllers\Product->screening_management('edit', '1008')
#4 /home/wwwinte/public_html/screening/system/CodeIgniter.php(432): CodeIgniter\CodeIgniter->runController(Object(App\Controllers\Product))
#5 /home/wwwinte/public_html/screening/system/CodeIgniter.php(333): CodeIgniter\CodeIgniter->handleRequest(NULL, Object(Config\Cache), false)
#6 /home/wwwinte/public_html/screening/public/index.php(44): CodeIgniter\CodeIgniter->run()
#7 {main}
CRITICAL - 2021-04-05 18:12:39 --> syntax error, unexpected '"reason_for_the_screening_othe' (T_CONSTANT_ENCAPSED_STRING), expecting identifier (T_STRING) or variable (T_VARIABLE) or '{' or '$'
#0 /home/wwwinte/public_html/screening/app/Libraries/GroceryCrud.php(1850): App\Libraries\grocery_CRUD_Layout->_theme_view('edit.php', Array)
#1 /home/wwwinte/public_html/screening/app/Libraries/GroceryCrud.php(4532): App\Libraries\grocery_CRUD_Layout->showEditForm(Object(stdClass))
#2 /home/wwwinte/public_html/screening/app/Controllers/Product.php(207): App\Libraries\GroceryCrud->render()
#3 /home/wwwinte/public_html/screening/system/CodeIgniter.php(936): App\Controllers\Product->screening_management('edit', '1008')
#4 /home/wwwinte/public_html/screening/system/CodeIgniter.php(432): CodeIgniter\CodeIgniter->runController(Object(App\Controllers\Product))
#5 /home/wwwinte/public_html/screening/system/CodeIgniter.php(333): CodeIgniter\CodeIgniter->handleRequest(NULL, Object(Config\Cache), false)
#6 /home/wwwinte/public_html/screening/public/index.php(44): CodeIgniter\CodeIgniter->run()
#7 {main}
CRITICAL - 2021-04-05 18:26:14 --> Undefined property: stdClass::$reason_for_the_screening_other
#0 /home/wwwinte/public_html/screening/public/assets/grocery_crud/themes/internetics/views/edit.php(95): CodeIgniter\Debug\Exceptions->errorHandler(8, 'Undefined prope...', '/home/wwwinte/p...', 95, Array)
#1 /home/wwwinte/public_html/screening/app/Libraries/GroceryCrud.php(2801): include('/home/wwwinte/p...')
#2 /home/wwwinte/public_html/screening/app/Libraries/GroceryCrud.php(1850): App\Libraries\grocery_CRUD_Layout->_theme_view('edit.php', Array)
#3 /home/wwwinte/public_html/screening/app/Libraries/GroceryCrud.php(4532): App\Libraries\grocery_CRUD_Layout->showEditForm(Object(stdClass))
#4 /home/wwwinte/public_html/screening/app/Controllers/Product.php(207): App\Libraries\GroceryCrud->render()
#5 /home/wwwinte/public_html/screening/system/CodeIgniter.php(936): App\Controllers\Product->screening_management('edit', '1008')
#6 /home/wwwinte/public_html/screening/system/CodeIgniter.php(432): CodeIgniter\CodeIgniter->runController(Object(App\Controllers\Product))
#7 /home/wwwinte/public_html/screening/system/CodeIgniter.php(333): CodeIgniter\CodeIgniter->handleRequest(NULL, Object(Config\Cache), false)
#8 /home/wwwinte/public_html/screening/public/index.php(44): CodeIgniter\CodeIgniter->run()
#9 {main}
CRITICAL - 2021-04-05 18:26:49 --> Undefined property: stdClass::$yep
#0 /home/wwwinte/public_html/screening/public/assets/grocery_crud/themes/internetics/views/edit.php(95): CodeIgniter\Debug\Exceptions->errorHandler(8, 'Undefined prope...', '/home/wwwinte/p...', 95, Array)
#1 /home/wwwinte/public_html/screening/app/Libraries/GroceryCrud.php(2801): include('/home/wwwinte/p...')
#2 /home/wwwinte/public_html/screening/app/Libraries/GroceryCrud.php(1850): App\Libraries\grocery_CRUD_Layout->_theme_view('edit.php', Array)
#3 /home/wwwinte/public_html/screening/app/Libraries/GroceryCrud.php(4532): App\Libraries\grocery_CRUD_Layout->showEditForm(Object(stdClass))
#4 /home/wwwinte/public_html/screening/app/Controllers/Product.php(207): App\Libraries\GroceryCrud->render()
#5 /home/wwwinte/public_html/screening/system/CodeIgniter.php(936): App\Controllers\Product->screening_management('edit', '1008')
#6 /home/wwwinte/public_html/screening/system/CodeIgniter.php(432): CodeIgniter\CodeIgniter->runController(Object(App\Controllers\Product))
#7 /home/wwwinte/public_html/screening/system/CodeIgniter.php(333): CodeIgniter\CodeIgniter->handleRequest(NULL, Object(Config\Cache), false)
#8 /home/wwwinte/public_html/screening/public/index.php(44): CodeIgniter\CodeIgniter->run()
#9 {main}
CRITICAL - 2021-04-05 18:27:32 --> Undefined index: reason_for_the_screening_other
#0 /home/wwwinte/public_html/screening/public/assets/grocery_crud/themes/internetics/views/edit.php(95): CodeIgniter\Debug\Exceptions->errorHandler(8, 'Undefined index...', '/home/wwwinte/p...', 95, Array)
#1 /home/wwwinte/public_html/screening/app/Libraries/GroceryCrud.php(2801): include('/home/wwwinte/p...')
#2 /home/wwwinte/public_html/screening/app/Libraries/GroceryCrud.php(1850): App\Libraries\grocery_CRUD_Layout->_theme_view('edit.php', Array)
#3 /home/wwwinte/public_html/screening/app/Libraries/GroceryCrud.php(4532): App\Libraries\grocery_CRUD_Layout->showEditForm(Object(stdClass))
#4 /home/wwwinte/public_html/screening/app/Controllers/Product.php(207): App\Libraries\GroceryCrud->render()
#5 /home/wwwinte/public_html/screening/system/CodeIgniter.php(936): App\Controllers\Product->screening_management('edit', '1008')
#6 /home/wwwinte/public_html/screening/system/CodeIgniter.php(432): CodeIgniter\CodeIgniter->runController(Object(App\Controllers\Product))
#7 /home/wwwinte/public_html/screening/system/CodeIgniter.php(333): CodeIgniter\CodeIgniter->handleRequest(NULL, Object(Config\Cache), false)
#8 /home/wwwinte/public_html/screening/public/index.php(44): CodeIgniter\CodeIgniter->run()
#9 {main}
CRITICAL - 2021-04-05 18:28:25 --> Undefined variable: yep
#0 /home/wwwinte/public_html/screening/public/assets/grocery_crud/themes/internetics/views/edit.php(92): CodeIgniter\Debug\Exceptions->errorHandler(8, 'Undefined varia...', '/home/wwwinte/p...', 92, Array)
#1 /home/wwwinte/public_html/screening/app/Libraries/GroceryCrud.php(2801): include('/home/wwwinte/p...')
#2 /home/wwwinte/public_html/screening/app/Libraries/GroceryCrud.php(1850): App\Libraries\grocery_CRUD_Layout->_theme_view('edit.php', Array)
#3 /home/wwwinte/public_html/screening/app/Libraries/GroceryCrud.php(4532): App\Libraries\grocery_CRUD_Layout->showEditForm(Object(stdClass))
#4 /home/wwwinte/public_html/screening/app/Controllers/Product.php(207): App\Libraries\GroceryCrud->render()
#5 /home/wwwinte/public_html/screening/system/CodeIgniter.php(936): App\Controllers\Product->screening_management('edit', '1008')
#6 /home/wwwinte/public_html/screening/system/CodeIgniter.php(432): CodeIgniter\CodeIgniter->runController(Object(App\Controllers\Product))
#7 /home/wwwinte/public_html/screening/system/CodeIgniter.php(333): CodeIgniter\CodeIgniter->handleRequest(NULL, Object(Config\Cache), false)
#8 /home/wwwinte/public_html/screening/public/index.php(44): CodeIgniter\CodeIgniter->run()
#9 {main}
CRITICAL - 2021-04-05 18:29:03 --> Undefined variable: yep
#0 /home/wwwinte/public_html/screening/public/assets/grocery_crud/themes/internetics/views/edit.php(92): CodeIgniter\Debug\Exceptions->errorHandler(8, 'Undefined varia...', '/home/wwwinte/p...', 92, Array)
#1 /home/wwwinte/public_html/screening/app/Libraries/GroceryCrud.php(2801): include('/home/wwwinte/p...')
#2 /home/wwwinte/public_html/screening/app/Libraries/GroceryCrud.php(1850): App\Libraries\grocery_CRUD_Layout->_theme_view('edit.php', Array)
#3 /home/wwwinte/public_html/screening/app/Libraries/GroceryCrud.php(4532): App\Libraries\grocery_CRUD_Layout->showEditForm(Object(stdClass))
#4 /home/wwwinte/public_html/screening/app/Controllers/Product.php(207): App\Libraries\GroceryCrud->render()
#5 /home/wwwinte/public_html/screening/system/CodeIgniter.php(936): App\Controllers\Product->screening_management('edit', '1008')
#6 /home/wwwinte/public_html/screening/system/CodeIgniter.php(432): CodeIgniter\CodeIgniter->runController(Object(App\Controllers\Product))
#7 /home/wwwinte/public_html/screening/system/CodeIgniter.php(333): CodeIgniter\CodeIgniter->handleRequest(NULL, Object(Config\Cache), false)
#8 /home/wwwinte/public_html/screening/public/index.php(44): CodeIgniter\CodeIgniter->run()
#9 {main}
CRITICAL - 2021-04-05 18:29:26 --> Undefined variable: yep
#0 /home/wwwinte/public_html/screening/public/assets/grocery_crud/themes/internetics/views/edit.php(92): CodeIgniter\Debug\Exceptions->errorHandler(8, 'Undefined varia...', '/home/wwwinte/p...', 92, Array)
#1 /home/wwwinte/public_html/screening/app/Libraries/GroceryCrud.php(2801): include('/home/wwwinte/p...')
#2 /home/wwwinte/public_html/screening/app/Libraries/GroceryCrud.php(1850): App\Libraries\grocery_CRUD_Layout->_theme_view('edit.php', Array)
#3 /home/wwwinte/public_html/screening/app/Libraries/GroceryCrud.php(4532): App\Libraries\grocery_CRUD_Layout->showEditForm(Object(stdClass))
#4 /home/wwwinte/public_html/screening/app/Controllers/Product.php(207): App\Libraries\GroceryCrud->render()
#5 /home/wwwinte/public_html/screening/system/CodeIgniter.php(936): App\Controllers\Product->screening_management('edit', '1008')
#6 /home/wwwinte/public_html/screening/system/CodeIgniter.php(432): CodeIgniter\CodeIgniter->runController(Object(App\Controllers\Product))
#7 /home/wwwinte/public_html/screening/system/CodeIgniter.php(333): CodeIgniter\CodeIgniter->handleRequest(NULL, Object(Config\Cache), false)
#8 /home/wwwinte/public_html/screening/public/index.php(44): CodeIgniter\CodeIgniter->run()
#9 {main}
CRITICAL - 2021-04-05 18:30:59 --> Use of undefined constant reason_for_the_screening_other - assumed 'reason_for_the_screening_other' (this will throw an Error in a future version of PHP)
#0 /home/wwwinte/public_html/screening/public/assets/grocery_crud/themes/internetics/views/edit.php(85): CodeIgniter\Debug\Exceptions->errorHandler(2, 'Use of undefine...', '/home/wwwinte/p...', 85, Array)
#1 /home/wwwinte/public_html/screening/app/Libraries/GroceryCrud.php(2801): include('/home/wwwinte/p...')
#2 /home/wwwinte/public_html/screening/app/Libraries/GroceryCrud.php(1850): App\Libraries\grocery_CRUD_Layout->_theme_view('edit.php', Array)
#3 /home/wwwinte/public_html/screening/app/Libraries/GroceryCrud.php(4532): App\Libraries\grocery_CRUD_Layout->showEditForm(Object(stdClass))
#4 /home/wwwinte/public_html/screening/app/Controllers/Product.php(207): App\Libraries\GroceryCrud->render()
#5 /home/wwwinte/public_html/screening/system/CodeIgniter.php(936): App\Controllers\Product->screening_management('edit', '1008')
#6 /home/wwwinte/public_html/screening/system/CodeIgniter.php(432): CodeIgniter\CodeIgniter->runController(Object(App\Controllers\Product))
#7 /home/wwwinte/public_html/screening/system/CodeIgniter.php(333): CodeIgniter\CodeIgniter->handleRequest(NULL, Object(Config\Cache), false)
#8 /home/wwwinte/public_html/screening/public/index.php(44): CodeIgniter\CodeIgniter->run()
#9 {main}
CRITICAL - 2021-04-05 18:31:25 --> Undefined index: reason_for_the_screening_other
#0 /home/wwwinte/public_html/screening/public/assets/grocery_crud/themes/internetics/views/edit.php(85): CodeIgniter\Debug\Exceptions->errorHandler(8, 'Undefined index...', '/home/wwwinte/p...', 85, Array)
#1 /home/wwwinte/public_html/screening/app/Libraries/GroceryCrud.php(2801): include('/home/wwwinte/p...')
#2 /home/wwwinte/public_html/screening/app/Libraries/GroceryCrud.php(1850): App\Libraries\grocery_CRUD_Layout->_theme_view('edit.php', Array)
#3 /home/wwwinte/public_html/screening/app/Libraries/GroceryCrud.php(4532): App\Libraries\grocery_CRUD_Layout->showEditForm(Object(stdClass))
#4 /home/wwwinte/public_html/screening/app/Controllers/Product.php(207): App\Libraries\GroceryCrud->render()
#5 /home/wwwinte/public_html/screening/system/CodeIgniter.php(936): App\Controllers\Product->screening_management('edit', '1008')
#6 /home/wwwinte/public_html/screening/system/CodeIgniter.php(432): CodeIgniter\CodeIgniter->runController(Object(App\Controllers\Product))
#7 /home/wwwinte/public_html/screening/system/CodeIgniter.php(333): CodeIgniter\CodeIgniter->handleRequest(NULL, Object(Config\Cache), false)
#8 /home/wwwinte/public_html/screening/public/index.php(44): CodeIgniter\CodeIgniter->run()
#9 {main}
CRITICAL - 2021-04-05 18:31:55 --> syntax error, unexpected ''reason_for_the_screening_othe' (T_CONSTANT_ENCAPSED_STRING), expecting identifier (T_STRING) or variable (T_VARIABLE) or '{' or '$'
#0 /home/wwwinte/public_html/screening/app/Libraries/GroceryCrud.php(1850): App\Libraries\grocery_CRUD_Layout->_theme_view('edit.php', Array)
#1 /home/wwwinte/public_html/screening/app/Libraries/GroceryCrud.php(4532): App\Libraries\grocery_CRUD_Layout->showEditForm(Object(stdClass))
#2 /home/wwwinte/public_html/screening/app/Controllers/Product.php(207): App\Libraries\GroceryCrud->render()
#3 /home/wwwinte/public_html/screening/system/CodeIgniter.php(936): App\Controllers\Product->screening_management('edit', '1008')
#4 /home/wwwinte/public_html/screening/system/CodeIgniter.php(432): CodeIgniter\CodeIgniter->runController(Object(App\Controllers\Product))
#5 /home/wwwinte/public_html/screening/system/CodeIgniter.php(333): CodeIgniter\CodeIgniter->handleRequest(NULL, Object(Config\Cache), false)
#6 /home/wwwinte/public_html/screening/public/index.php(44): CodeIgniter\CodeIgniter->run()
#7 {main}
CRITICAL - 2021-04-05 18:32:54 --> syntax error, unexpected ')', expecting function (T_FUNCTION) or const (T_CONST)
#0 /home/wwwinte/public_html/screening/system/Router/Router.php(170): CodeIgniter\Router\Router->autoRoute('product/screeni...')
#1 /home/wwwinte/public_html/screening/system/CodeIgniter.php(816): CodeIgniter\Router\Router->handle('product/screeni...')
#2 /home/wwwinte/public_html/screening/system/CodeIgniter.php(385): CodeIgniter\CodeIgniter->tryToRouteIt(Object(CodeIgniter\Router\RouteCollection))
#3 /home/wwwinte/public_html/screening/system/CodeIgniter.php(333): CodeIgniter\CodeIgniter->handleRequest(NULL, Object(Config\Cache), false)
#4 /home/wwwinte/public_html/screening/public/index.php(44): CodeIgniter\CodeIgniter->run()
#5 {main}
CRITICAL - 2021-04-05 18:33:21 --> syntax error, unexpected ''reason_for_the_screening_othe' (T_CONSTANT_ENCAPSED_STRING), expecting identifier (T_STRING) or variable (T_VARIABLE) or '{' or '$'
#0 /home/wwwinte/public_html/screening/app/Libraries/GroceryCrud.php(1850): App\Libraries\grocery_CRUD_Layout->_theme_view('edit.php', Array)
#1 /home/wwwinte/public_html/screening/app/Libraries/GroceryCrud.php(4532): App\Libraries\grocery_CRUD_Layout->showEditForm(Object(stdClass))
#2 /home/wwwinte/public_html/screening/app/Controllers/Product.php(204): App\Libraries\GroceryCrud->render()
#3 /home/wwwinte/public_html/screening/system/CodeIgniter.php(936): App\Controllers\Product->screening_management('edit', '1008')
#4 /home/wwwinte/public_html/screening/system/CodeIgniter.php(432): CodeIgniter\CodeIgniter->runController(Object(App\Controllers\Product))
#5 /home/wwwinte/public_html/screening/system/CodeIgniter.php(333): CodeIgniter\CodeIgniter->handleRequest(NULL, Object(Config\Cache), false)
#6 /home/wwwinte/public_html/screening/public/index.php(44): CodeIgniter\CodeIgniter->run()
#7 {main}
CRITICAL - 2021-04-05 18:34:07 --> syntax error, unexpected ''reason_for_the_screening'' (T_CONSTANT_ENCAPSED_STRING), expecting identifier (T_STRING) or variable (T_VARIABLE) or '{' or '$'
#0 /home/wwwinte/public_html/screening/app/Libraries/GroceryCrud.php(1850): App\Libraries\grocery_CRUD_Layout->_theme_view('edit.php', Array)
#1 /home/wwwinte/public_html/screening/app/Libraries/GroceryCrud.php(4532): App\Libraries\grocery_CRUD_Layout->showEditForm(Object(stdClass))
#2 /home/wwwinte/public_html/screening/app/Controllers/Product.php(204): App\Libraries\GroceryCrud->render()
#3 /home/wwwinte/public_html/screening/system/CodeIgniter.php(936): App\Controllers\Product->screening_management('edit', '1008')
#4 /home/wwwinte/public_html/screening/system/CodeIgniter.php(432): CodeIgniter\CodeIgniter->runController(Object(App\Controllers\Product))
#5 /home/wwwinte/public_html/screening/system/CodeIgniter.php(333): CodeIgniter\CodeIgniter->handleRequest(NULL, Object(Config\Cache), false)
#6 /home/wwwinte/public_html/screening/public/index.php(44): CodeIgniter\CodeIgniter->run()
#7 {main}
CRITICAL - 2021-04-05 18:34:27 --> Undefined property: stdClass::$reason_for_the_screening
#0 /home/wwwinte/public_html/screening/public/assets/grocery_crud/themes/internetics/views/edit.php(85): CodeIgniter\Debug\Exceptions->errorHandler(8, 'Undefined prope...', '/home/wwwinte/p...', 85, Array)
#1 /home/wwwinte/public_html/screening/app/Libraries/GroceryCrud.php(2801): include('/home/wwwinte/p...')
#2 /home/wwwinte/public_html/screening/app/Libraries/GroceryCrud.php(1850): App\Libraries\grocery_CRUD_Layout->_theme_view('edit.php', Array)
#3 /home/wwwinte/public_html/screening/app/Libraries/GroceryCrud.php(4532): App\Libraries\grocery_CRUD_Layout->showEditForm(Object(stdClass))
#4 /home/wwwinte/public_html/screening/app/Controllers/Product.php(204): App\Libraries\GroceryCrud->render()
#5 /home/wwwinte/public_html/screening/system/CodeIgniter.php(936): App\Controllers\Product->screening_management('edit', '1008')
#6 /home/wwwinte/public_html/screening/system/CodeIgniter.php(432): CodeIgniter\CodeIgniter->runController(Object(App\Controllers\Product))
#7 /home/wwwinte/public_html/screening/system/CodeIgniter.php(333): CodeIgniter\CodeIgniter->handleRequest(NULL, Object(Config\Cache), false)
#8 /home/wwwinte/public_html/screening/public/index.php(44): CodeIgniter\CodeIgniter->run()
#9 {main}
CRITICAL - 2021-04-05 18:35:07 --> Undefined index: reason_for_the_screening_other
#0 /home/wwwinte/public_html/screening/public/assets/grocery_crud/themes/internetics/views/edit.php(85): CodeIgniter\Debug\Exceptions->errorHandler(8, 'Undefined index...', '/home/wwwinte/p...', 85, Array)
#1 /home/wwwinte/public_html/screening/app/Libraries/GroceryCrud.php(2801): include('/home/wwwinte/p...')
#2 /home/wwwinte/public_html/screening/app/Libraries/GroceryCrud.php(1850): App\Libraries\grocery_CRUD_Layout->_theme_view('edit.php', Array)
#3 /home/wwwinte/public_html/screening/app/Libraries/GroceryCrud.php(4532): App\Libraries\grocery_CRUD_Layout->showEditForm(Object(stdClass))
#4 /home/wwwinte/public_html/screening/app/Controllers/Product.php(204): App\Libraries\GroceryCrud->render()
#5 /home/wwwinte/public_html/screening/system/CodeIgniter.php(936): App\Controllers\Product->screening_management('edit', '1008')
#6 /home/wwwinte/public_html/screening/system/CodeIgniter.php(432): CodeIgniter\CodeIgniter->runController(Object(App\Controllers\Product))
#7 /home/wwwinte/public_html/screening/system/CodeIgniter.php(333): CodeIgniter\CodeIgniter->handleRequest(NULL, Object(Config\Cache), false)
#8 /home/wwwinte/public_html/screening/public/index.php(44): CodeIgniter\CodeIgniter->run()
#9 {main}
CRITICAL - 2021-04-05 18:36:59 --> Undefined index: reason_for_the_screening_other
#0 /home/wwwinte/public_html/screening/public/assets/grocery_crud/themes/internetics/views/edit.php(85): CodeIgniter\Debug\Exceptions->errorHandler(8, 'Undefined index...', '/home/wwwinte/p...', 85, Array)
#1 /home/wwwinte/public_html/screening/app/Libraries/GroceryCrud.php(2801): include('/home/wwwinte/p...')
#2 /home/wwwinte/public_html/screening/app/Libraries/GroceryCrud.php(1850): App\Libraries\grocery_CRUD_Layout->_theme_view('edit.php', Array)
#3 /home/wwwinte/public_html/screening/app/Libraries/GroceryCrud.php(4532): App\Libraries\grocery_CRUD_Layout->showEditForm(Object(stdClass))
#4 /home/wwwinte/public_html/screening/app/Controllers/Product.php(204): App\Libraries\GroceryCrud->render()
#5 /home/wwwinte/public_html/screening/system/CodeIgniter.php(936): App\Controllers\Product->screening_management('edit', '1008')
#6 /home/wwwinte/public_html/screening/system/CodeIgniter.php(432): CodeIgniter\CodeIgniter->runController(Object(App\Controllers\Product))
#7 /home/wwwinte/public_html/screening/system/CodeIgniter.php(333): CodeIgniter\CodeIgniter->handleRequest(NULL, Object(Config\Cache), false)
#8 /home/wwwinte/public_html/screening/public/index.php(44): CodeIgniter\CodeIgniter->run()
#9 {main}
CRITICAL - 2021-04-05 18:44:14 --> Undefined index: reason_for_the_screening_other
#0 /home/wwwinte/public_html/screening/public/assets/grocery_crud/themes/internetics/views/edit.php(85): CodeIgniter\Debug\Exceptions->errorHandler(8, 'Undefined index...', '/home/wwwinte/p...', 85, Array)
#1 /home/wwwinte/public_html/screening/app/Libraries/GroceryCrud.php(2801): include('/home/wwwinte/p...')
#2 /home/wwwinte/public_html/screening/app/Libraries/GroceryCrud.php(1850): App\Libraries\grocery_CRUD_Layout->_theme_view('edit.php', Array)
#3 /home/wwwinte/public_html/screening/app/Libraries/GroceryCrud.php(4532): App\Libraries\grocery_CRUD_Layout->showEditForm(Object(stdClass))
#4 /home/wwwinte/public_html/screening/app/Controllers/Product.php(204): App\Libraries\GroceryCrud->render()
#5 /home/wwwinte/public_html/screening/system/CodeIgniter.php(936): App\Controllers\Product->screening_management('edit', '1010')
#6 /home/wwwinte/public_html/screening/system/CodeIgniter.php(432): CodeIgniter\CodeIgniter->runController(Object(App\Controllers\Product))
#7 /home/wwwinte/public_html/screening/system/CodeIgniter.php(333): CodeIgniter\CodeIgniter->handleRequest(NULL, Object(Config\Cache), false)
#8 /home/wwwinte/public_html/screening/public/index.php(44): CodeIgniter\CodeIgniter->run()
#9 {main}
CRITICAL - 2021-04-05 18:45:03 --> Undefined index: reason_for_the_screening_other
#0 /home/wwwinte/public_html/screening/public/assets/grocery_crud/themes/internetics/views/edit.php(85): CodeIgniter\Debug\Exceptions->errorHandler(8, 'Undefined index...', '/home/wwwinte/p...', 85, Array)
#1 /home/wwwinte/public_html/screening/app/Libraries/GroceryCrud.php(2801): include('/home/wwwinte/p...')
#2 /home/wwwinte/public_html/screening/app/Libraries/GroceryCrud.php(1850): App\Libraries\grocery_CRUD_Layout->_theme_view('edit.php', Array)
#3 /home/wwwinte/public_html/screening/app/Libraries/GroceryCrud.php(4532): App\Libraries\grocery_CRUD_Layout->showEditForm(Object(stdClass))
#4 /home/wwwinte/public_html/screening/app/Controllers/Product.php(204): App\Libraries\GroceryCrud->render()
#5 /home/wwwinte/public_html/screening/system/CodeIgniter.php(936): App\Controllers\Product->screening_management('edit', '1010')
#6 /home/wwwinte/public_html/screening/system/CodeIgniter.php(432): CodeIgniter\CodeIgniter->runController(Object(App\Controllers\Product))
#7 /home/wwwinte/public_html/screening/system/CodeIgniter.php(333): CodeIgniter\CodeIgniter->handleRequest(NULL, Object(Config\Cache), false)
#8 /home/wwwinte/public_html/screening/public/index.php(44): CodeIgniter\CodeIgniter->run()
#9 {main}
CRITICAL - 2021-04-05 18:46:01 --> Undefined index: reason_for_the_screening_other
#0 /home/wwwinte/public_html/screening/public/assets/grocery_crud/themes/internetics/views/edit.php(85): CodeIgniter\Debug\Exceptions->errorHandler(8, 'Undefined index...', '/home/wwwinte/p...', 85, Array)
#1 /home/wwwinte/public_html/screening/app/Libraries/GroceryCrud.php(2801): include('/home/wwwinte/p...')
#2 /home/wwwinte/public_html/screening/app/Libraries/GroceryCrud.php(1850): App\Libraries\grocery_CRUD_Layout->_theme_view('edit.php', Array)
#3 /home/wwwinte/public_html/screening/app/Libraries/GroceryCrud.php(4532): App\Libraries\grocery_CRUD_Layout->showEditForm(Object(stdClass))
#4 /home/wwwinte/public_html/screening/app/Controllers/Product.php(204): App\Libraries\GroceryCrud->render()
#5 /home/wwwinte/public_html/screening/system/CodeIgniter.php(936): App\Controllers\Product->screening_management('edit', '1010')
#6 /home/wwwinte/public_html/screening/system/CodeIgniter.php(432): CodeIgniter\CodeIgniter->runController(Object(App\Controllers\Product))
#7 /home/wwwinte/public_html/screening/system/CodeIgniter.php(333): CodeIgniter\CodeIgniter->handleRequest(NULL, Object(Config\Cache), false)
#8 /home/wwwinte/public_html/screening/public/index.php(44): CodeIgniter\CodeIgniter->run()
#9 {main}
CRITICAL - 2021-04-05 18:47:14 --> Undefined index: reason_for_the_screening_other
#0 /home/wwwinte/public_html/screening/public/assets/grocery_crud/themes/internetics/views/edit.php(85): CodeIgniter\Debug\Exceptions->errorHandler(8, 'Undefined index...', '/home/wwwinte/p...', 85, Array)
#1 /home/wwwinte/public_html/screening/app/Libraries/GroceryCrud.php(2801): include('/home/wwwinte/p...')
#2 /home/wwwinte/public_html/screening/app/Libraries/GroceryCrud.php(1850): App\Libraries\grocery_CRUD_Layout->_theme_view('edit.php', Array)
#3 /home/wwwinte/public_html/screening/app/Libraries/GroceryCrud.php(4532): App\Libraries\grocery_CRUD_Layout->showEditForm(Object(stdClass))
#4 /home/wwwinte/public_html/screening/app/Controllers/Product.php(204): App\Libraries\GroceryCrud->render()
#5 /home/wwwinte/public_html/screening/system/CodeIgniter.php(936): App\Controllers\Product->screening_management('edit', '1010')
#6 /home/wwwinte/public_html/screening/system/CodeIgniter.php(432): CodeIgniter\CodeIgniter->runController(Object(App\Controllers\Product))
#7 /home/wwwinte/public_html/screening/system/CodeIgniter.php(333): CodeIgniter\CodeIgniter->handleRequest(NULL, Object(Config\Cache), false)
#8 /home/wwwinte/public_html/screening/public/index.php(44): CodeIgniter\CodeIgniter->run()
#9 {main}
CRITICAL - 2021-04-05 18:51:28 --> syntax error, unexpected '/'
#0 /home/wwwinte/public_html/screening/system/Router/Router.php(170): CodeIgniter\Router\Router->autoRoute('product/screeni...')
#1 /home/wwwinte/public_html/screening/system/CodeIgniter.php(816): CodeIgniter\Router\Router->handle('product/screeni...')
#2 /home/wwwinte/public_html/screening/system/CodeIgniter.php(385): CodeIgniter\CodeIgniter->tryToRouteIt(Object(CodeIgniter\Router\RouteCollection))
#3 /home/wwwinte/public_html/screening/system/CodeIgniter.php(333): CodeIgniter\CodeIgniter->handleRequest(NULL, Object(Config\Cache), false)
#4 /home/wwwinte/public_html/screening/public/index.php(44): CodeIgniter\CodeIgniter->run()
#5 {main}
CRITICAL - 2021-04-05 18:51:47 --> Undefined index: reason_for_the_screening_other
#0 /home/wwwinte/public_html/screening/public/assets/grocery_crud/themes/internetics/views/edit.php(85): CodeIgniter\Debug\Exceptions->errorHandler(8, 'Undefined index...', '/home/wwwinte/p...', 85, Array)
#1 /home/wwwinte/public_html/screening/app/Libraries/GroceryCrud.php(2801): include('/home/wwwinte/p...')
#2 /home/wwwinte/public_html/screening/app/Libraries/GroceryCrud.php(1850): App\Libraries\grocery_CRUD_Layout->_theme_view('edit.php', Array)
#3 /home/wwwinte/public_html/screening/app/Libraries/GroceryCrud.php(4532): App\Libraries\grocery_CRUD_Layout->showEditForm(Object(stdClass))
#4 /home/wwwinte/public_html/screening/app/Controllers/Product.php(204): App\Libraries\GroceryCrud->render()
#5 /home/wwwinte/public_html/screening/system/CodeIgniter.php(936): App\Controllers\Product->screening_management('edit', '1010')
#6 /home/wwwinte/public_html/screening/system/CodeIgniter.php(432): CodeIgniter\CodeIgniter->runController(Object(App\Controllers\Product))
#7 /home/wwwinte/public_html/screening/system/CodeIgniter.php(333): CodeIgniter\CodeIgniter->handleRequest(NULL, Object(Config\Cache), false)
#8 /home/wwwinte/public_html/screening/public/index.php(44): CodeIgniter\CodeIgniter->run()
#9 {main}
CRITICAL - 2021-04-05 18:52:13 --> Undefined index: reason_for_the_screening_other
#0 /home/wwwinte/public_html/screening/public/assets/grocery_crud/themes/internetics/views/edit.php(85): CodeIgniter\Debug\Exceptions->errorHandler(8, 'Undefined index...', '/home/wwwinte/p...', 85, Array)
#1 /home/wwwinte/public_html/screening/app/Libraries/GroceryCrud.php(2801): include('/home/wwwinte/p...')
#2 /home/wwwinte/public_html/screening/app/Libraries/GroceryCrud.php(1850): App\Libraries\grocery_CRUD_Layout->_theme_view('edit.php', Array)
#3 /home/wwwinte/public_html/screening/app/Libraries/GroceryCrud.php(4532): App\Libraries\grocery_CRUD_Layout->showEditForm(Object(stdClass))
#4 /home/wwwinte/public_html/screening/app/Controllers/Product.php(204): App\Libraries\GroceryCrud->render()
#5 /home/wwwinte/public_html/screening/system/CodeIgniter.php(936): App\Controllers\Product->screening_management('edit', '1010')
#6 /home/wwwinte/public_html/screening/system/CodeIgniter.php(432): CodeIgniter\CodeIgniter->runController(Object(App\Controllers\Product))
#7 /home/wwwinte/public_html/screening/system/CodeIgniter.php(333): CodeIgniter\CodeIgniter->handleRequest(NULL, Object(Config\Cache), false)
#8 /home/wwwinte/public_html/screening/public/index.php(44): CodeIgniter\CodeIgniter->run()
#9 {main}
CRITICAL - 2021-04-05 18:52:35 --> Undefined index: reason_for_the_screening_other
#0 /home/wwwinte/public_html/screening/public/assets/grocery_crud/themes/internetics/views/edit.php(85): CodeIgniter\Debug\Exceptions->errorHandler(8, 'Undefined index...', '/home/wwwinte/p...', 85, Array)
#1 /home/wwwinte/public_html/screening/app/Libraries/GroceryCrud.php(2801): include('/home/wwwinte/p...')
#2 /home/wwwinte/public_html/screening/app/Libraries/GroceryCrud.php(1850): App\Libraries\grocery_CRUD_Layout->_theme_view('edit.php', Array)
#3 /home/wwwinte/public_html/screening/app/Libraries/GroceryCrud.php(4532): App\Libraries\grocery_CRUD_Layout->showEditForm(Object(stdClass))
#4 /home/wwwinte/public_html/screening/app/Controllers/Product.php(204): App\Libraries\GroceryCrud->render()
#5 /home/wwwinte/public_html/screening/system/CodeIgniter.php(936): App\Controllers\Product->screening_management('edit', '1010')
#6 /home/wwwinte/public_html/screening/system/CodeIgniter.php(432): CodeIgniter\CodeIgniter->runController(Object(App\Controllers\Product))
#7 /home/wwwinte/public_html/screening/system/CodeIgniter.php(333): CodeIgniter\CodeIgniter->handleRequest(NULL, Object(Config\Cache), false)
#8 /home/wwwinte/public_html/screening/public/index.php(44): CodeIgniter\CodeIgniter->run()
#9 {main}
CRITICAL - 2021-04-05 18:53:22 --> Undefined index: reason_for_the_screening_other
#0 /home/wwwinte/public_html/screening/public/assets/grocery_crud/themes/internetics/views/edit.php(85): CodeIgniter\Debug\Exceptions->errorHandler(8, 'Undefined index...', '/home/wwwinte/p...', 85, Array)
#1 /home/wwwinte/public_html/screening/app/Libraries/GroceryCrud.php(2801): include('/home/wwwinte/p...')
#2 /home/wwwinte/public_html/screening/app/Libraries/GroceryCrud.php(1850): App\Libraries\grocery_CRUD_Layout->_theme_view('edit.php', Array)
#3 /home/wwwinte/public_html/screening/app/Libraries/GroceryCrud.php(4532): App\Libraries\grocery_CRUD_Layout->showEditForm(Object(stdClass))
#4 /home/wwwinte/public_html/screening/app/Controllers/Product.php(204): App\Libraries\GroceryCrud->render()
#5 /home/wwwinte/public_html/screening/system/CodeIgniter.php(936): App\Controllers\Product->screening_management('edit', '1010')
#6 /home/wwwinte/public_html/screening/system/CodeIgniter.php(432): CodeIgniter\CodeIgniter->runController(Object(App\Controllers\Product))
#7 /home/wwwinte/public_html/screening/system/CodeIgniter.php(333): CodeIgniter\CodeIgniter->handleRequest(NULL, Object(Config\Cache), false)
#8 /home/wwwinte/public_html/screening/public/index.php(44): CodeIgniter\CodeIgniter->run()
#9 {main}
CRITICAL - 2021-04-05 18:54:21 --> Undefined index: reason_for_the_screening_other
#0 /home/wwwinte/public_html/screening/public/assets/grocery_crud/themes/internetics/views/edit.php(85): CodeIgniter\Debug\Exceptions->errorHandler(8, 'Undefined index...', '/home/wwwinte/p...', 85, Array)
#1 /home/wwwinte/public_html/screening/app/Libraries/GroceryCrud.php(2801): include('/home/wwwinte/p...')
#2 /home/wwwinte/public_html/screening/app/Libraries/GroceryCrud.php(1850): App\Libraries\grocery_CRUD_Layout->_theme_view('edit.php', Array)
#3 /home/wwwinte/public_html/screening/app/Libraries/GroceryCrud.php(4532): App\Libraries\grocery_CRUD_Layout->showEditForm(Object(stdClass))
#4 /home/wwwinte/public_html/screening/app/Controllers/Product.php(204): App\Libraries\GroceryCrud->render()
#5 /home/wwwinte/public_html/screening/system/CodeIgniter.php(936): App\Controllers\Product->screening_management('edit', '1010')
#6 /home/wwwinte/public_html/screening/system/CodeIgniter.php(432): CodeIgniter\CodeIgniter->runController(Object(App\Controllers\Product))
#7 /home/wwwinte/public_html/screening/system/CodeIgniter.php(333): CodeIgniter\CodeIgniter->handleRequest(NULL, Object(Config\Cache), false)
#8 /home/wwwinte/public_html/screening/public/index.php(44): CodeIgniter\CodeIgniter->run()
#9 {main}
CRITICAL - 2021-04-05 18:54:36 --> Undefined index: reason_for_the_screening_other
#0 /home/wwwinte/public_html/screening/public/assets/grocery_crud/themes/internetics/views/edit.php(85): CodeIgniter\Debug\Exceptions->errorHandler(8, 'Undefined index...', '/home/wwwinte/p...', 85, Array)
#1 /home/wwwinte/public_html/screening/app/Libraries/GroceryCrud.php(2801): include('/home/wwwinte/p...')
#2 /home/wwwinte/public_html/screening/app/Libraries/GroceryCrud.php(1850): App\Libraries\grocery_CRUD_Layout->_theme_view('edit.php', Array)
#3 /home/wwwinte/public_html/screening/app/Libraries/GroceryCrud.php(4532): App\Libraries\grocery_CRUD_Layout->showEditForm(Object(stdClass))
#4 /home/wwwinte/public_html/screening/app/Controllers/Product.php(204): App\Libraries\GroceryCrud->render()
#5 /home/wwwinte/public_html/screening/system/CodeIgniter.php(936): App\Controllers\Product->screening_management('edit', '1010')
#6 /home/wwwinte/public_html/screening/system/CodeIgniter.php(432): CodeIgniter\CodeIgniter->runController(Object(App\Controllers\Product))
#7 /home/wwwinte/public_html/screening/system/CodeIgniter.php(333): CodeIgniter\CodeIgniter->handleRequest(NULL, Object(Config\Cache), false)
#8 /home/wwwinte/public_html/screening/public/index.php(44): CodeIgniter\CodeIgniter->run()
#9 {main}
CRITICAL - 2021-04-05 18:54:57 --> Undefined index: reason_for_the_screening_other
#0 /home/wwwinte/public_html/screening/public/assets/grocery_crud/themes/internetics/views/edit.php(85): CodeIgniter\Debug\Exceptions->errorHandler(8, 'Undefined index...', '/home/wwwinte/p...', 85, Array)
#1 /home/wwwinte/public_html/screening/app/Libraries/GroceryCrud.php(2801): include('/home/wwwinte/p...')
#2 /home/wwwinte/public_html/screening/app/Libraries/GroceryCrud.php(1850): App\Libraries\grocery_CRUD_Layout->_theme_view('edit.php', Array)
#3 /home/wwwinte/public_html/screening/app/Libraries/GroceryCrud.php(4532): App\Libraries\grocery_CRUD_Layout->showEditForm(Object(stdClass))
#4 /home/wwwinte/public_html/screening/app/Controllers/Product.php(204): App\Libraries\GroceryCrud->render()
#5 /home/wwwinte/public_html/screening/system/CodeIgniter.php(936): App\Controllers\Product->screening_management('edit', '1010')
#6 /home/wwwinte/public_html/screening/system/CodeIgniter.php(432): CodeIgniter\CodeIgniter->runController(Object(App\Controllers\Product))
#7 /home/wwwinte/public_html/screening/system/CodeIgniter.php(333): CodeIgniter\CodeIgniter->handleRequest(NULL, Object(Config\Cache), false)
#8 /home/wwwinte/public_html/screening/public/index.php(44): CodeIgniter\CodeIgniter->run()
#9 {main}
CRITICAL - 2021-04-05 18:55:09 --> Undefined index: reason_for_the_screening_other
#0 /home/wwwinte/public_html/screening/public/assets/grocery_crud/themes/internetics/views/edit.php(85): CodeIgniter\Debug\Exceptions->errorHandler(8, 'Undefined index...', '/home/wwwinte/p...', 85, Array)
#1 /home/wwwinte/public_html/screening/app/Libraries/GroceryCrud.php(2801): include('/home/wwwinte/p...')
#2 /home/wwwinte/public_html/screening/app/Libraries/GroceryCrud.php(1850): App\Libraries\grocery_CRUD_Layout->_theme_view('edit.php', Array)
#3 /home/wwwinte/public_html/screening/app/Libraries/GroceryCrud.php(4532): App\Libraries\grocery_CRUD_Layout->showEditForm(Object(stdClass))
#4 /home/wwwinte/public_html/screening/app/Controllers/Product.php(204): App\Libraries\GroceryCrud->render()
#5 /home/wwwinte/public_html/screening/system/CodeIgniter.php(936): App\Controllers\Product->screening_management('edit', '1010')
#6 /home/wwwinte/public_html/screening/system/CodeIgniter.php(432): CodeIgniter\CodeIgniter->runController(Object(App\Controllers\Product))
#7 /home/wwwinte/public_html/screening/system/CodeIgniter.php(333): CodeIgniter\CodeIgniter->handleRequest(NULL, Object(Config\Cache), false)
#8 /home/wwwinte/public_html/screening/public/index.php(44): CodeIgniter\CodeIgniter->run()
#9 {main}
CRITICAL - 2021-04-05 18:55:24 --> Undefined index: reason_for_the_screening_other
#0 /home/wwwinte/public_html/screening/public/assets/grocery_crud/themes/internetics/views/edit.php(85): CodeIgniter\Debug\Exceptions->errorHandler(8, 'Undefined index...', '/home/wwwinte/p...', 85, Array)
#1 /home/wwwinte/public_html/screening/app/Libraries/GroceryCrud.php(2801): include('/home/wwwinte/p...')
#2 /home/wwwinte/public_html/screening/app/Libraries/GroceryCrud.php(1850): App\Libraries\grocery_CRUD_Layout->_theme_view('edit.php', Array)
#3 /home/wwwinte/public_html/screening/app/Libraries/GroceryCrud.php(4532): App\Libraries\grocery_CRUD_Layout->showEditForm(Object(stdClass))
#4 /home/wwwinte/public_html/screening/app/Controllers/Product.php(204): App\Libraries\GroceryCrud->render()
#5 /home/wwwinte/public_html/screening/system/CodeIgniter.php(936): App\Controllers\Product->screening_management('edit', '1010')
#6 /home/wwwinte/public_html/screening/system/CodeIgniter.php(432): CodeIgniter\CodeIgniter->runController(Object(App\Controllers\Product))
#7 /home/wwwinte/public_html/screening/system/CodeIgniter.php(333): CodeIgniter\CodeIgniter->handleRequest(NULL, Object(Config\Cache), false)
#8 /home/wwwinte/public_html/screening/public/index.php(44): CodeIgniter\CodeIgniter->run()
#9 {main}
CRITICAL - 2021-04-05 19:00:14 --> Undefined index: reason_for_the_screening_other[]
#0 /home/wwwinte/public_html/screening/public/assets/grocery_crud/themes/internetics/views/edit.php(85): CodeIgniter\Debug\Exceptions->errorHandler(8, 'Undefined index...', '/home/wwwinte/p...', 85, Array)
#1 /home/wwwinte/public_html/screening/app/Libraries/GroceryCrud.php(2801): include('/home/wwwinte/p...')
#2 /home/wwwinte/public_html/screening/app/Libraries/GroceryCrud.php(1850): App\Libraries\grocery_CRUD_Layout->_theme_view('edit.php', Array)
#3 /home/wwwinte/public_html/screening/app/Libraries/GroceryCrud.php(4532): App\Libraries\grocery_CRUD_Layout->showEditForm(Object(stdClass))
#4 /home/wwwinte/public_html/screening/app/Controllers/Product.php(204): App\Libraries\GroceryCrud->render()
#5 /home/wwwinte/public_html/screening/system/CodeIgniter.php(936): App\Controllers\Product->screening_management('edit', '1008')
#6 /home/wwwinte/public_html/screening/system/CodeIgniter.php(432): CodeIgniter\CodeIgniter->runController(Object(App\Controllers\Product))
#7 /home/wwwinte/public_html/screening/system/CodeIgniter.php(333): CodeIgniter\CodeIgniter->handleRequest(NULL, Object(Config\Cache), false)
#8 /home/wwwinte/public_html/screening/public/index.php(44): CodeIgniter\CodeIgniter->run()
#9 {main}
CRITICAL - 2021-04-05 19:02:47 --> syntax error, unexpected 'if' (T_IF)
#0 /home/wwwinte/public_html/screening/app/Libraries/GroceryCrud.php(1850): App\Libraries\grocery_CRUD_Layout->_theme_view('edit.php', Array)
#1 /home/wwwinte/public_html/screening/app/Libraries/GroceryCrud.php(4532): App\Libraries\grocery_CRUD_Layout->showEditForm(Object(stdClass))
#2 /home/wwwinte/public_html/screening/app/Controllers/Product.php(204): App\Libraries\GroceryCrud->render()
#3 /home/wwwinte/public_html/screening/system/CodeIgniter.php(936): App\Controllers\Product->screening_management('edit', '1008')
#4 /home/wwwinte/public_html/screening/system/CodeIgniter.php(432): CodeIgniter\CodeIgniter->runController(Object(App\Controllers\Product))
#5 /home/wwwinte/public_html/screening/system/CodeIgniter.php(333): CodeIgniter\CodeIgniter->handleRequest(NULL, Object(Config\Cache), false)
#6 /home/wwwinte/public_html/screening/public/index.php(44): CodeIgniter\CodeIgniter->run()
#7 {main}
CRITICAL - 2021-04-05 19:03:18 --> syntax error, unexpected ']'
#0 /home/wwwinte/public_html/screening/app/Libraries/GroceryCrud.php(1850): App\Libraries\grocery_CRUD_Layout->_theme_view('edit.php', Array)
#1 /home/wwwinte/public_html/screening/app/Libraries/GroceryCrud.php(4532): App\Libraries\grocery_CRUD_Layout->showEditForm(Object(stdClass))
#2 /home/wwwinte/public_html/screening/app/Controllers/Product.php(204): App\Libraries\GroceryCrud->render()
#3 /home/wwwinte/public_html/screening/system/CodeIgniter.php(936): App\Controllers\Product->screening_management('edit', '1008')
#4 /home/wwwinte/public_html/screening/system/CodeIgniter.php(432): CodeIgniter\CodeIgniter->runController(Object(App\Controllers\Product))
#5 /home/wwwinte/public_html/screening/system/CodeIgniter.php(333): CodeIgniter\CodeIgniter->handleRequest(NULL, Object(Config\Cache), false)
#6 /home/wwwinte/public_html/screening/public/index.php(44): CodeIgniter\CodeIgniter->run()
#7 {main}
CRITICAL - 2021-04-05 19:39:50 --> Undefined index: environmental_risk_factors_other
#0 /home/wwwinte/public_html/screening/public/assets/grocery_crud/themes/internetics/views/edit.php(89): CodeIgniter\Debug\Exceptions->errorHandler(8, 'Undefined index...', '/home/wwwinte/p...', 89, Array)
#1 /home/wwwinte/public_html/screening/app/Libraries/GroceryCrud.php(2801): include('/home/wwwinte/p...')
#2 /home/wwwinte/public_html/screening/app/Libraries/GroceryCrud.php(1850): App\Libraries\grocery_CRUD_Layout->_theme_view('edit.php', Array)
#3 /home/wwwinte/public_html/screening/app/Libraries/GroceryCrud.php(4532): App\Libraries\grocery_CRUD_Layout->showEditForm(Object(stdClass))
#4 /home/wwwinte/public_html/screening/app/Controllers/Product.php(211): App\Libraries\GroceryCrud->render()
#5 /home/wwwinte/public_html/screening/system/CodeIgniter.php(936): App\Controllers\Product->screening_management('edit', '1008')
#6 /home/wwwinte/public_html/screening/system/CodeIgniter.php(432): CodeIgniter\CodeIgniter->runController(Object(App\Controllers\Product))
#7 /home/wwwinte/public_html/screening/system/CodeIgniter.php(333): CodeIgniter\CodeIgniter->handleRequest(NULL, Object(Config\Cache), false)
#8 /home/wwwinte/public_html/screening/public/index.php(44): CodeIgniter\CodeIgniter->run()
#9 {main}
CRITICAL - 2021-04-05 19:41:20 --> On the state "insert" you must have post data
#0 /home/wwwinte/public_html/screening/app/Libraries/GroceryCrud.php(4471): App\Libraries\grocery_CRUD_States->getStateInfo()
#1 /home/wwwinte/public_html/screening/app/Controllers/Product.php(211): App\Libraries\GroceryCrud->render()
#2 /home/wwwinte/public_html/screening/system/CodeIgniter.php(936): App\Controllers\Product->screening_management('insert')
#3 /home/wwwinte/public_html/screening/system/CodeIgniter.php(432): CodeIgniter\CodeIgniter->runController(Object(App\Controllers\Product))
#4 /home/wwwinte/public_html/screening/system/CodeIgniter.php(333): CodeIgniter\CodeIgniter->handleRequest(NULL, Object(Config\Cache), false)
#5 /home/wwwinte/public_html/screening/public/index.php(44): CodeIgniter\CodeIgniter->run()
#6 {main}
CRITICAL - 2021-04-05 19:56:17 --> Undefined property: stdClass::$image
#0 /home/wwwinte/public_html/screening/app/Libraries/InterneticsLibrary.php(109): CodeIgniter\Debug\Exceptions->errorHandler(8, 'Undefined prope...', '/home/wwwinte/p...', 109, Array)
#1 /home/wwwinte/public_html/screening/app/Libraries/GroceryCrud.php(231): App\Libraries\InterneticsLibrary->get_relation_n_n_input(Object(stdClass), Array)
#2 /home/wwwinte/public_html/screening/app/Libraries/InterneticsLibrary.php(237): App\Libraries\grocery_CRUD_Field_Types->get_field_input(Object(stdClass), Array)
#3 /home/wwwinte/public_html/screening/app/Libraries/GroceryCrud.php(1832): App\Libraries\InterneticsLibrary->get_edit_input_fields(Object(stdClass))
#4 /home/wwwinte/public_html/screening/app/Libraries/GroceryCrud.php(4532): App\Libraries\grocery_CRUD_Layout->showEditForm(Object(stdClass))
#5 /home/wwwinte/public_html/screening/app/Controllers/Product.php(211): App\Libraries\GroceryCrud->render()
#6 /home/wwwinte/public_html/screening/system/CodeIgniter.php(936): App\Controllers\Product->screening_management('edit', '1008')
#7 /home/wwwinte/public_html/screening/system/CodeIgniter.php(432): CodeIgniter\CodeIgniter->runController(Object(App\Controllers\Product))
#8 /home/wwwinte/public_html/screening/system/CodeIgniter.php(333): CodeIgniter\CodeIgniter->handleRequest(NULL, Object(Config\Cache), false)
#9 /home/wwwinte/public_html/screening/public/index.php(44): CodeIgniter\CodeIgniter->run()
#10 {main}
CRITICAL - 2021-04-05 20:10:17 --> Undefined property: stdClass::$image
#0 /home/wwwinte/public_html/screening/app/Libraries/InterneticsLibrary.php(109): CodeIgniter\Debug\Exceptions->errorHandler(8, 'Undefined prope...', '/home/wwwinte/p...', 109, Array)
#1 /home/wwwinte/public_html/screening/app/Libraries/GroceryCrud.php(231): App\Libraries\InterneticsLibrary->get_relation_n_n_input(Object(stdClass), Array)
#2 /home/wwwinte/public_html/screening/app/Libraries/InterneticsLibrary.php(237): App\Libraries\grocery_CRUD_Field_Types->get_field_input(Object(stdClass), Array)
#3 /home/wwwinte/public_html/screening/app/Libraries/GroceryCrud.php(1832): App\Libraries\InterneticsLibrary->get_edit_input_fields(Object(stdClass))
#4 /home/wwwinte/public_html/screening/app/Libraries/GroceryCrud.php(4532): App\Libraries\grocery_CRUD_Layout->showEditForm(Object(stdClass))
#5 /home/wwwinte/public_html/screening/app/Controllers/Product.php(211): App\Libraries\GroceryCrud->render()
#6 /home/wwwinte/public_html/screening/system/CodeIgniter.php(936): App\Controllers\Product->screening_management('edit', '1008')
#7 /home/wwwinte/public_html/screening/system/CodeIgniter.php(432): CodeIgniter\CodeIgniter->runController(Object(App\Controllers\Product))
#8 /home/wwwinte/public_html/screening/system/CodeIgniter.php(333): CodeIgniter\CodeIgniter->handleRequest(NULL, Object(Config\Cache), false)
#9 /home/wwwinte/public_html/screening/public/index.php(44): CodeIgniter\CodeIgniter->run()
#10 {main}
CRITICAL - 2021-04-05 20:11:17 --> Undefined property: stdClass::$image
#0 /home/wwwinte/public_html/screening/app/Libraries/InterneticsLibrary.php(109): CodeIgniter\Debug\Exceptions->errorHandler(8, 'Undefined prope...', '/home/wwwinte/p...', 109, Array)
#1 /home/wwwinte/public_html/screening/app/Libraries/GroceryCrud.php(231): App\Libraries\InterneticsLibrary->get_relation_n_n_input(Object(stdClass), Array)
#2 /home/wwwinte/public_html/screening/app/Libraries/InterneticsLibrary.php(245): App\Libraries\grocery_CRUD_Field_Types->get_field_input(Object(stdClass), Array)
#3 /home/wwwinte/public_html/screening/app/Libraries/GroceryCrud.php(1832): App\Libraries\InterneticsLibrary->get_edit_input_fields(Object(stdClass))
#4 /home/wwwinte/public_html/screening/app/Libraries/GroceryCrud.php(4532): App\Libraries\grocery_CRUD_Layout->showEditForm(Object(stdClass))
#5 /home/wwwinte/public_html/screening/app/Controllers/Product.php(211): App\Libraries\GroceryCrud->render()
#6 /home/wwwinte/public_html/screening/system/CodeIgniter.php(936): App\Controllers\Product->screening_management('edit', '1008')
#7 /home/wwwinte/public_html/screening/system/CodeIgniter.php(432): CodeIgniter\CodeIgniter->runController(Object(App\Controllers\Product))
#8 /home/wwwinte/public_html/screening/system/CodeIgniter.php(333): CodeIgniter\CodeIgniter->handleRequest(NULL, Object(Config\Cache), false)
#9 /home/wwwinte/public_html/screening/public/index.php(44): CodeIgniter\CodeIgniter->run()
#10 {main}
CRITICAL - 2021-04-05 20:11:36 --> Undefined property: App\Libraries\InterneticsLibrary::$db
#0 /home/wwwinte/public_html/screening/app/Libraries/InterneticsLibrary.php(111): CodeIgniter\Debug\Exceptions->errorHandler(8, 'Undefined prope...', '/home/wwwinte/p...', 111, Array)
#1 /home/wwwinte/public_html/screening/app/Libraries/GroceryCrud.php(231): App\Libraries\InterneticsLibrary->get_relation_n_n_input(Object(stdClass), Array)
#2 /home/wwwinte/public_html/screening/app/Libraries/InterneticsLibrary.php(245): App\Libraries\grocery_CRUD_Field_Types->get_field_input(Object(stdClass), Array)
#3 /home/wwwinte/public_html/screening/app/Libraries/GroceryCrud.php(1832): App\Libraries\InterneticsLibrary->get_edit_input_fields(Object(stdClass))
#4 /home/wwwinte/public_html/screening/app/Libraries/GroceryCrud.php(4532): App\Libraries\grocery_CRUD_Layout->showEditForm(Object(stdClass))
#5 /home/wwwinte/public_html/screening/app/Controllers/Product.php(211): App\Libraries\GroceryCrud->render()
#6 /home/wwwinte/public_html/screening/system/CodeIgniter.php(936): App\Controllers\Product->screening_management('edit', '1008')
#7 /home/wwwinte/public_html/screening/system/CodeIgniter.php(432): CodeIgniter\CodeIgniter->runController(Object(App\Controllers\Product))
#8 /home/wwwinte/public_html/screening/system/CodeIgniter.php(333): CodeIgniter\CodeIgniter->handleRequest(NULL, Object(Config\Cache), false)
#9 /home/wwwinte/public_html/screening/public/index.php(44): CodeIgniter\CodeIgniter->run()
#10 {main}
CRITICAL - 2021-04-05 20:12:04 --> Undefined property: App\Libraries\InterneticsLibrary::$db
#0 /home/wwwinte/public_html/screening/app/Libraries/InterneticsLibrary.php(111): CodeIgniter\Debug\Exceptions->errorHandler(8, 'Undefined prope...', '/home/wwwinte/p...', 111, Array)
#1 /home/wwwinte/public_html/screening/app/Libraries/GroceryCrud.php(231): App\Libraries\InterneticsLibrary->get_relation_n_n_input(Object(stdClass), Array)
#2 /home/wwwinte/public_html/screening/app/Libraries/InterneticsLibrary.php(245): App\Libraries\grocery_CRUD_Field_Types->get_field_input(Object(stdClass), Array)
#3 /home/wwwinte/public_html/screening/app/Libraries/GroceryCrud.php(1832): App\Libraries\InterneticsLibrary->get_edit_input_fields(Object(stdClass))
#4 /home/wwwinte/public_html/screening/app/Libraries/GroceryCrud.php(4532): App\Libraries\grocery_CRUD_Layout->showEditForm(Object(stdClass))
#5 /home/wwwinte/public_html/screening/app/Controllers/Product.php(211): App\Libraries\GroceryCrud->render()
#6 /home/wwwinte/public_html/screening/system/CodeIgniter.php(936): App\Controllers\Product->screening_management('edit', '1008')
#7 /home/wwwinte/public_html/screening/system/CodeIgniter.php(432): CodeIgniter\CodeIgniter->runController(Object(App\Controllers\Product))
#8 /home/wwwinte/public_html/screening/system/CodeIgniter.php(333): CodeIgniter\CodeIgniter->handleRequest(NULL, Object(Config\Cache), false)
#9 /home/wwwinte/public_html/screening/public/index.php(44): CodeIgniter\CodeIgniter->run()
#10 {main}
CRITICAL - 2021-04-05 20:13:18 --> Undefined property: App\Libraries\InterneticsLibrary::$db
#0 /home/wwwinte/public_html/screening/app/Libraries/InterneticsLibrary.php(111): CodeIgniter\Debug\Exceptions->errorHandler(8, 'Undefined prope...', '/home/wwwinte/p...', 111, Array)
#1 /home/wwwinte/public_html/screening/app/Libraries/GroceryCrud.php(231): App\Libraries\InterneticsLibrary->get_relation_n_n_input(Object(stdClass), Array)
#2 /home/wwwinte/public_html/screening/app/Libraries/InterneticsLibrary.php(245): App\Libraries\grocery_CRUD_Field_Types->get_field_input(Object(stdClass), Array)
#3 /home/wwwinte/public_html/screening/app/Libraries/GroceryCrud.php(1832): App\Libraries\InterneticsLibrary->get_edit_input_fields(Object(stdClass))
#4 /home/wwwinte/public_html/screening/app/Libraries/GroceryCrud.php(4532): App\Libraries\grocery_CRUD_Layout->showEditForm(Object(stdClass))
#5 /home/wwwinte/public_html/screening/app/Controllers/Product.php(211): App\Libraries\GroceryCrud->render()
#6 /home/wwwinte/public_html/screening/system/CodeIgniter.php(936): App\Controllers\Product->screening_management('edit', '1008')
#7 /home/wwwinte/public_html/screening/system/CodeIgniter.php(432): CodeIgniter\CodeIgniter->runController(Object(App\Controllers\Product))
#8 /home/wwwinte/public_html/screening/system/CodeIgniter.php(333): CodeIgniter\CodeIgniter->handleRequest(NULL, Object(Config\Cache), false)
#9 /home/wwwinte/public_html/screening/public/index.php(44): CodeIgniter\CodeIgniter->run()
#10 {main}
CRITICAL - 2021-04-05 20:18:35 --> Undefined property: App\Libraries\InterneticsLibrary::$db
#0 /home/wwwinte/public_html/screening/app/Libraries/InterneticsLibrary.php(111): CodeIgniter\Debug\Exceptions->errorHandler(8, 'Undefined prope...', '/home/wwwinte/p...', 111, Array)
#1 /home/wwwinte/public_html/screening/app/Libraries/GroceryCrud.php(231): App\Libraries\InterneticsLibrary->get_relation_n_n_input(Object(stdClass), Array)
#2 /home/wwwinte/public_html/screening/app/Libraries/InterneticsLibrary.php(253): App\Libraries\grocery_CRUD_Field_Types->get_field_input(Object(stdClass), Array)
#3 /home/wwwinte/public_html/screening/app/Libraries/GroceryCrud.php(1832): App\Libraries\InterneticsLibrary->get_edit_input_fields(Object(stdClass))
#4 /home/wwwinte/public_html/screening/app/Libraries/GroceryCrud.php(4532): App\Libraries\grocery_CRUD_Layout->showEditForm(Object(stdClass))
#5 /home/wwwinte/public_html/screening/app/Controllers/Product.php(211): App\Libraries\GroceryCrud->render()
#6 /home/wwwinte/public_html/screening/system/CodeIgniter.php(936): App\Controllers\Product->screening_management('edit', '1008')
#7 /home/wwwinte/public_html/screening/system/CodeIgniter.php(432): CodeIgniter\CodeIgniter->runController(Object(App\Controllers\Product))
#8 /home/wwwinte/public_html/screening/system/CodeIgniter.php(333): CodeIgniter\CodeIgniter->handleRequest(NULL, Object(Config\Cache), false)
#9 /home/wwwinte/public_html/screening/public/index.php(44): CodeIgniter\CodeIgniter->run()
#10 {main}
CRITICAL - 2021-04-05 20:18:52 --> syntax error, unexpected 'protected' (T_PROTECTED)
#0 /home/wwwinte/public_html/screening/system/Autoloader/Autoloader.php(265): CodeIgniter\Autoloader\Autoloader->includeFile('/home/wwwinte/p...')
#1 /home/wwwinte/public_html/screening/system/Autoloader/Autoloader.php(228): CodeIgniter\Autoloader\Autoloader->loadInNamespace('App\\Libraries\\I...')
#2 [internal function]: CodeIgniter\Autoloader\Autoloader->loadClass('App\\Libraries\\I...')
#3 /home/wwwinte/public_html/screening/app/Controllers/Product.php(148): spl_autoload_call('App\\Libraries\\I...')
#4 /home/wwwinte/public_html/screening/system/CodeIgniter.php(936): App\Controllers\Product->screening_management('edit', '1008')
#5 /home/wwwinte/public_html/screening/system/CodeIgniter.php(432): CodeIgniter\CodeIgniter->runController(Object(App\Controllers\Product))
#6 /home/wwwinte/public_html/screening/system/CodeIgniter.php(333): CodeIgniter\CodeIgniter->handleRequest(NULL, Object(Config\Cache), false)
#7 /home/wwwinte/public_html/screening/public/index.php(44): CodeIgniter\CodeIgniter->run()
#8 {main}
CRITICAL - 2021-04-05 20:19:17 --> syntax error, unexpected 'protected' (T_PROTECTED)
#0 /home/wwwinte/public_html/screening/system/Autoloader/Autoloader.php(265): CodeIgniter\Autoloader\Autoloader->includeFile('/home/wwwinte/p...')
#1 /home/wwwinte/public_html/screening/system/Autoloader/Autoloader.php(228): CodeIgniter\Autoloader\Autoloader->loadInNamespace('App\\Libraries\\I...')
#2 [internal function]: CodeIgniter\Autoloader\Autoloader->loadClass('App\\Libraries\\I...')
#3 /home/wwwinte/public_html/screening/app/Controllers/Product.php(148): spl_autoload_call('App\\Libraries\\I...')
#4 /home/wwwinte/public_html/screening/system/CodeIgniter.php(936): App\Controllers\Product->screening_management('edit', '1008')
#5 /home/wwwinte/public_html/screening/system/CodeIgniter.php(432): CodeIgniter\CodeIgniter->runController(Object(App\Controllers\Product))
#6 /home/wwwinte/public_html/screening/system/CodeIgniter.php(333): CodeIgniter\CodeIgniter->handleRequest(NULL, Object(Config\Cache), false)
#7 /home/wwwinte/public_html/screening/public/index.php(44): CodeIgniter\CodeIgniter->run()
#8 {main}
CRITICAL - 2021-04-05 20:21:33 --> Undefined variable: db
#0 /home/wwwinte/public_html/screening/app/Libraries/InterneticsLibrary.php(109): CodeIgniter\Debug\Exceptions->errorHandler(8, 'Undefined varia...', '/home/wwwinte/p...', 109, Array)
#1 /home/wwwinte/public_html/screening/app/Libraries/GroceryCrud.php(231): App\Libraries\InterneticsLibrary->get_relation_n_n_input(Object(stdClass), Array)
#2 /home/wwwinte/public_html/screening/app/Libraries/InterneticsLibrary.php(240): App\Libraries\grocery_CRUD_Field_Types->get_field_input(Object(stdClass), Array)
#3 /home/wwwinte/public_html/screening/app/Libraries/GroceryCrud.php(1832): App\Libraries\InterneticsLibrary->get_edit_input_fields(Object(stdClass))
#4 /home/wwwinte/public_html/screening/app/Libraries/GroceryCrud.php(4532): App\Libraries\grocery_CRUD_Layout->showEditForm(Object(stdClass))
#5 /home/wwwinte/public_html/screening/app/Controllers/Product.php(211): App\Libraries\GroceryCrud->render()
#6 /home/wwwinte/public_html/screening/system/CodeIgniter.php(936): App\Controllers\Product->screening_management('edit', '1008')
#7 /home/wwwinte/public_html/screening/system/CodeIgniter.php(432): CodeIgniter\CodeIgniter->runController(Object(App\Controllers\Product))
#8 /home/wwwinte/public_html/screening/system/CodeIgniter.php(333): CodeIgniter\CodeIgniter->handleRequest(NULL, Object(Config\Cache), false)
#9 /home/wwwinte/public_html/screening/public/index.php(44): CodeIgniter\CodeIgniter->run()
#10 {main}
CRITICAL - 2021-04-05 20:23:24 --> syntax error, unexpected '->' (T_OBJECT_OPERATOR)
#0 /home/wwwinte/public_html/screening/system/Autoloader/Autoloader.php(265): CodeIgniter\Autoloader\Autoloader->includeFile('/home/wwwinte/p...')
#1 /home/wwwinte/public_html/screening/system/Autoloader/Autoloader.php(228): CodeIgniter\Autoloader\Autoloader->loadInNamespace('App\\Libraries\\I...')
#2 [internal function]: CodeIgniter\Autoloader\Autoloader->loadClass('App\\Libraries\\I...')
#3 /home/wwwinte/public_html/screening/app/Controllers/Product.php(148): spl_autoload_call('App\\Libraries\\I...')
#4 /home/wwwinte/public_html/screening/system/CodeIgniter.php(936): App\Controllers\Product->screening_management('edit', '1008')
#5 /home/wwwinte/public_html/screening/system/CodeIgniter.php(432): CodeIgniter\CodeIgniter->runController(Object(App\Controllers\Product))
#6 /home/wwwinte/public_html/screening/system/CodeIgniter.php(333): CodeIgniter\CodeIgniter->handleRequest(NULL, Object(Config\Cache), false)
#7 /home/wwwinte/public_html/screening/public/index.php(44): CodeIgniter\CodeIgniter->run()
#8 {main}
CRITICAL - 2021-04-05 20:24:28 --> Undefined property: App\Libraries\InterneticsLibrary::$db
#0 /home/wwwinte/public_html/screening/app/Libraries/InterneticsLibrary.php(109): CodeIgniter\Debug\Exceptions->errorHandler(8, 'Undefined prope...', '/home/wwwinte/p...', 109, Array)
#1 /home/wwwinte/public_html/screening/app/Libraries/GroceryCrud.php(231): App\Libraries\InterneticsLibrary->get_relation_n_n_input(Object(stdClass), Array)
#2 /home/wwwinte/public_html/screening/app/Libraries/InterneticsLibrary.php(240): App\Libraries\grocery_CRUD_Field_Types->get_field_input(Object(stdClass), Array)
#3 /home/wwwinte/public_html/screening/app/Libraries/GroceryCrud.php(1832): App\Libraries\InterneticsLibrary->get_edit_input_fields(Object(stdClass))
#4 /home/wwwinte/public_html/screening/app/Libraries/GroceryCrud.php(4532): App\Libraries\grocery_CRUD_Layout->showEditForm(Object(stdClass))
#5 /home/wwwinte/public_html/screening/app/Controllers/Product.php(211): App\Libraries\GroceryCrud->render()
#6 /home/wwwinte/public_html/screening/system/CodeIgniter.php(936): App\Controllers\Product->screening_management('edit', '1008')
#7 /home/wwwinte/public_html/screening/system/CodeIgniter.php(432): CodeIgniter\CodeIgniter->runController(Object(App\Controllers\Product))
#8 /home/wwwinte/public_html/screening/system/CodeIgniter.php(333): CodeIgniter\CodeIgniter->handleRequest(NULL, Object(Config\Cache), false)
#9 /home/wwwinte/public_html/screening/public/index.php(44): CodeIgniter\CodeIgniter->run()
#10 {main}
CRITICAL - 2021-04-05 20:27:16 --> Undefined property: App\Libraries\InterneticsLibrary::$db
#0 /home/wwwinte/public_html/screening/app/Libraries/InterneticsLibrary.php(109): CodeIgniter\Debug\Exceptions->errorHandler(8, 'Undefined prope...', '/home/wwwinte/p...', 109, Array)
#1 /home/wwwinte/public_html/screening/app/Libraries/GroceryCrud.php(231): App\Libraries\InterneticsLibrary->get_relation_n_n_input(Object(stdClass), Array)
#2 /home/wwwinte/public_html/screening/app/Libraries/InterneticsLibrary.php(242): App\Libraries\grocery_CRUD_Field_Types->get_field_input(Object(stdClass), Array)
#3 /home/wwwinte/public_html/screening/app/Libraries/GroceryCrud.php(1832): App\Libraries\InterneticsLibrary->get_edit_input_fields(Object(stdClass))
#4 /home/wwwinte/public_html/screening/app/Libraries/GroceryCrud.php(4532): App\Libraries\grocery_CRUD_Layout->showEditForm(Object(stdClass))
#5 /home/wwwinte/public_html/screening/app/Controllers/Product.php(211): App\Libraries\GroceryCrud->render()
#6 /home/wwwinte/public_html/screening/system/CodeIgniter.php(936): App\Controllers\Product->screening_management('edit', '1008')
#7 /home/wwwinte/public_html/screening/system/CodeIgniter.php(432): CodeIgniter\CodeIgniter->runController(Object(App\Controllers\Product))
#8 /home/wwwinte/public_html/screening/system/CodeIgniter.php(333): CodeIgniter\CodeIgniter->handleRequest(NULL, Object(Config\Cache), false)
#9 /home/wwwinte/public_html/screening/public/index.php(44): CodeIgniter\CodeIgniter->run()
#10 {main}
CRITICAL - 2021-04-05 20:42:31 --> Undefined property: App\Libraries\InterneticsLibrary::$db
#0 /home/wwwinte/public_html/screening/app/Libraries/InterneticsLibrary.php(43): CodeIgniter\Debug\Exceptions->errorHandler(8, 'Undefined prope...', '/home/wwwinte/p...', 43, Array)
#1 /home/wwwinte/public_html/screening/app/Libraries/GroceryCrud.php(231): App\Libraries\InterneticsLibrary->get_multiselect_input(Object(stdClass), '1,2,4')
#2 /home/wwwinte/public_html/screening/app/Libraries/InterneticsLibrary.php(246): App\Libraries\grocery_CRUD_Field_Types->get_field_input(Object(stdClass), '1,2,4')
#3 /home/wwwinte/public_html/screening/app/Libraries/GroceryCrud.php(1832): App\Libraries\InterneticsLibrary->get_edit_input_fields(Object(stdClass))
#4 /home/wwwinte/public_html/screening/app/Libraries/GroceryCrud.php(4532): App\Libraries\grocery_CRUD_Layout->showEditForm(Object(stdClass))
#5 /home/wwwinte/public_html/screening/app/Controllers/Product.php(211): App\Libraries\GroceryCrud->render()
#6 /home/wwwinte/public_html/screening/system/CodeIgniter.php(936): App\Controllers\Product->screening_management('edit', '1008')
#7 /home/wwwinte/public_html/screening/system/CodeIgniter.php(432): CodeIgniter\CodeIgniter->runController(Object(App\Controllers\Product))
#8 /home/wwwinte/public_html/screening/system/CodeIgniter.php(333): CodeIgniter\CodeIgniter->handleRequest(NULL, Object(Config\Cache), false)
#9 /home/wwwinte/public_html/screening/public/index.php(44): CodeIgniter\CodeIgniter->run()
#10 {main}
CRITICAL - 2021-04-05 20:47:27 --> syntax error, unexpected '$input' (T_VARIABLE)
#0 /home/wwwinte/public_html/screening/system/Autoloader/Autoloader.php(265): CodeIgniter\Autoloader\Autoloader->includeFile('/home/wwwinte/p...')
#1 /home/wwwinte/public_html/screening/system/Autoloader/Autoloader.php(228): CodeIgniter\Autoloader\Autoloader->loadInNamespace('App\\Libraries\\I...')
#2 [internal function]: CodeIgniter\Autoloader\Autoloader->loadClass('App\\Libraries\\I...')
#3 /home/wwwinte/public_html/screening/app/Controllers/Product.php(148): spl_autoload_call('App\\Libraries\\I...')
#4 /home/wwwinte/public_html/screening/system/CodeIgniter.php(936): App\Controllers\Product->screening_management('edit', '1008')
#5 /home/wwwinte/public_html/screening/system/CodeIgniter.php(432): CodeIgniter\CodeIgniter->runController(Object(App\Controllers\Product))
#6 /home/wwwinte/public_html/screening/system/CodeIgniter.php(333): CodeIgniter\CodeIgniter->handleRequest(NULL, Object(Config\Cache), false)
#7 /home/wwwinte/public_html/screening/public/index.php(44): CodeIgniter\CodeIgniter->run()
#8 {main}
CRITICAL - 2021-04-05 20:48:09 --> syntax error, unexpected 'protected' (T_PROTECTED)
#0 /home/wwwinte/public_html/screening/system/Autoloader/Autoloader.php(265): CodeIgniter\Autoloader\Autoloader->includeFile('/home/wwwinte/p...')
#1 /home/wwwinte/public_html/screening/system/Autoloader/Autoloader.php(228): CodeIgniter\Autoloader\Autoloader->loadInNamespace('App\\Libraries\\I...')
#2 [internal function]: CodeIgniter\Autoloader\Autoloader->loadClass('App\\Libraries\\I...')
#3 /home/wwwinte/public_html/screening/app/Controllers/Product.php(148): spl_autoload_call('App\\Libraries\\I...')
#4 /home/wwwinte/public_html/screening/system/CodeIgniter.php(936): App\Controllers\Product->screening_management('edit', '1008')
#5 /home/wwwinte/public_html/screening/system/CodeIgniter.php(432): CodeIgniter\CodeIgniter->runController(Object(App\Controllers\Product))
#6 /home/wwwinte/public_html/screening/system/CodeIgniter.php(333): CodeIgniter\CodeIgniter->handleRequest(NULL, Object(Config\Cache), false)
#7 /home/wwwinte/public_html/screening/public/index.php(44): CodeIgniter\CodeIgniter->run()
#8 {main}
CRITICAL - 2021-04-05 21:10:03 --> syntax error, unexpected 'protected' (T_PROTECTED)
#0 /home/wwwinte/public_html/screening/system/Autoloader/Autoloader.php(265): CodeIgniter\Autoloader\Autoloader->includeFile('/home/wwwinte/p...')
#1 /home/wwwinte/public_html/screening/system/Autoloader/Autoloader.php(228): CodeIgniter\Autoloader\Autoloader->loadInNamespace('App\\Libraries\\I...')
#2 [internal function]: CodeIgniter\Autoloader\Autoloader->loadClass('App\\Libraries\\I...')
#3 /home/wwwinte/public_html/screening/app/Controllers/Product.php(148): spl_autoload_call('App\\Libraries\\I...')
#4 /home/wwwinte/public_html/screening/system/CodeIgniter.php(936): App\Controllers\Product->screening_management('edit', '1008')
#5 /home/wwwinte/public_html/screening/system/CodeIgniter.php(432): CodeIgniter\CodeIgniter->runController(Object(App\Controllers\Product))
#6 /home/wwwinte/public_html/screening/system/CodeIgniter.php(333): CodeIgniter\CodeIgniter->handleRequest(NULL, Object(Config\Cache), false)
#7 /home/wwwinte/public_html/screening/public/index.php(44): CodeIgniter\CodeIgniter->run()
#8 {main}
CRITICAL - 2021-04-05 21:10:31 --> syntax error, unexpected 'protected' (T_PROTECTED)
#0 /home/wwwinte/public_html/screening/system/Autoloader/Autoloader.php(265): CodeIgniter\Autoloader\Autoloader->includeFile('/home/wwwinte/p...')
#1 /home/wwwinte/public_html/screening/system/Autoloader/Autoloader.php(228): CodeIgniter\Autoloader\Autoloader->loadInNamespace('App\\Libraries\\I...')
#2 [internal function]: CodeIgniter\Autoloader\Autoloader->loadClass('App\\Libraries\\I...')
#3 /home/wwwinte/public_html/screening/app/Controllers/Product.php(148): spl_autoload_call('App\\Libraries\\I...')
#4 /home/wwwinte/public_html/screening/system/CodeIgniter.php(936): App\Controllers\Product->screening_management('edit', '1008')
#5 /home/wwwinte/public_html/screening/system/CodeIgniter.php(432): CodeIgniter\CodeIgniter->runController(Object(App\Controllers\Product))
#6 /home/wwwinte/public_html/screening/system/CodeIgniter.php(333): CodeIgniter\CodeIgniter->handleRequest(NULL, Object(Config\Cache), false)
#7 /home/wwwinte/public_html/screening/public/index.php(44): CodeIgniter\CodeIgniter->run()
#8 {main}
CRITICAL - 2021-04-05 21:11:28 --> syntax error, unexpected ',', expecting :: (T_PAAMAYIM_NEKUDOTAYIM)
#0 /home/wwwinte/public_html/screening/system/Autoloader/Autoloader.php(265): CodeIgniter\Autoloader\Autoloader->includeFile('/home/wwwinte/p...')
#1 /home/wwwinte/public_html/screening/system/Autoloader/Autoloader.php(228): CodeIgniter\Autoloader\Autoloader->loadInNamespace('App\\Libraries\\I...')
#2 [internal function]: CodeIgniter\Autoloader\Autoloader->loadClass('App\\Libraries\\I...')
#3 /home/wwwinte/public_html/screening/app/Controllers/Product.php(148): spl_autoload_call('App\\Libraries\\I...')
#4 /home/wwwinte/public_html/screening/system/CodeIgniter.php(936): App\Controllers\Product->screening_management('edit', '1008')
#5 /home/wwwinte/public_html/screening/system/CodeIgniter.php(432): CodeIgniter\CodeIgniter->runController(Object(App\Controllers\Product))
#6 /home/wwwinte/public_html/screening/system/CodeIgniter.php(333): CodeIgniter\CodeIgniter->handleRequest(NULL, Object(Config\Cache), false)
#7 /home/wwwinte/public_html/screening/public/index.php(44): CodeIgniter\CodeIgniter->run()
#8 {main}
CRITICAL - 2021-04-05 21:11:44 --> Undefined variable: name
#0 /home/wwwinte/public_html/screening/app/Libraries/InterneticsLibrary.php(103): CodeIgniter\Debug\Exceptions->errorHandler(8, 'Undefined varia...', '/home/wwwinte/p...', 103, Array)
#1 /home/wwwinte/public_html/screening/app/Libraries/GroceryCrud.php(231): App\Libraries\InterneticsLibrary->get_relation_n_n_input(Object(stdClass), Array)
#2 /home/wwwinte/public_html/screening/app/Libraries/InterneticsLibrary.php(238): App\Libraries\grocery_CRUD_Field_Types->get_field_input(Object(stdClass), Array)
#3 /home/wwwinte/public_html/screening/app/Libraries/GroceryCrud.php(1832): App\Libraries\InterneticsLibrary->get_edit_input_fields(Object(stdClass))
#4 /home/wwwinte/public_html/screening/app/Libraries/GroceryCrud.php(4532): App\Libraries\grocery_CRUD_Layout->showEditForm(Object(stdClass))
#5 /home/wwwinte/public_html/screening/app/Controllers/Product.php(211): App\Libraries\GroceryCrud->render()
#6 /home/wwwinte/public_html/screening/system/CodeIgniter.php(936): App\Controllers\Product->screening_management('edit', '1008')
#7 /home/wwwinte/public_html/screening/system/CodeIgniter.php(432): CodeIgniter\CodeIgniter->runController(Object(App\Controllers\Product))
#8 /home/wwwinte/public_html/screening/system/CodeIgniter.php(333): CodeIgniter\CodeIgniter->handleRequest(NULL, Object(Config\Cache), false)
#9 /home/wwwinte/public_html/screening/public/index.php(44): CodeIgniter\CodeIgniter->run()
#10 {main}
CRITICAL - 2021-04-05 21:18:04 --> Undefined variable: db
#0 /home/wwwinte/public_html/screening/app/Libraries/InterneticsLibrary.php(112): CodeIgniter\Debug\Exceptions->errorHandler(8, 'Undefined varia...', '/home/wwwinte/p...', 112, Array)
#1 /home/wwwinte/public_html/screening/app/Libraries/GroceryCrud.php(231): App\Libraries\InterneticsLibrary->get_relation_n_n_input(Object(stdClass), Array)
#2 /home/wwwinte/public_html/screening/app/Libraries/InterneticsLibrary.php(248): App\Libraries\grocery_CRUD_Field_Types->get_field_input(Object(stdClass), Array)
#3 /home/wwwinte/public_html/screening/app/Libraries/GroceryCrud.php(1832): App\Libraries\InterneticsLibrary->get_edit_input_fields(Object(stdClass))
#4 /home/wwwinte/public_html/screening/app/Libraries/GroceryCrud.php(4532): App\Libraries\grocery_CRUD_Layout->showEditForm(Object(stdClass))
#5 /home/wwwinte/public_html/screening/app/Controllers/Product.php(211): App\Libraries\GroceryCrud->render()
#6 /home/wwwinte/public_html/screening/system/CodeIgniter.php(936): App\Controllers\Product->screening_management('edit', '1008')
#7 /home/wwwinte/public_html/screening/system/CodeIgniter.php(432): CodeIgniter\CodeIgniter->runController(Object(App\Controllers\Product))
#8 /home/wwwinte/public_html/screening/system/CodeIgniter.php(333): CodeIgniter\CodeIgniter->handleRequest(NULL, Object(Config\Cache), false)
#9 /home/wwwinte/public_html/screening/public/index.php(44): CodeIgniter\CodeIgniter->run()
#10 {main}
CRITICAL - 2021-04-05 21:18:04 --> Undefined variable: db
#0 /home/wwwinte/public_html/screening/app/Libraries/InterneticsLibrary.php(112): CodeIgniter\Debug\Exceptions->errorHandler(8, 'Undefined varia...', '/home/wwwinte/p...', 112, Array)
#1 /home/wwwinte/public_html/screening/app/Libraries/GroceryCrud.php(231): App\Libraries\InterneticsLibrary->get_relation_n_n_input(Object(stdClass), Array)
#2 /home/wwwinte/public_html/screening/app/Libraries/InterneticsLibrary.php(248): App\Libraries\grocery_CRUD_Field_Types->get_field_input(Object(stdClass), Array)
#3 /home/wwwinte/public_html/screening/app/Libraries/GroceryCrud.php(1832): App\Libraries\InterneticsLibrary->get_edit_input_fields(Object(stdClass))
#4 /home/wwwinte/public_html/screening/app/Libraries/GroceryCrud.php(4532): App\Libraries\grocery_CRUD_Layout->showEditForm(Object(stdClass))
#5 /home/wwwinte/public_html/screening/app/Controllers/Product.php(211): App\Libraries\GroceryCrud->render()
#6 /home/wwwinte/public_html/screening/system/CodeIgniter.php(936): App\Controllers\Product->screening_management('edit', '1008')
#7 /home/wwwinte/public_html/screening/system/CodeIgniter.php(432): CodeIgniter\CodeIgniter->runController(Object(App\Controllers\Product))
#8 /home/wwwinte/public_html/screening/system/CodeIgniter.php(333): CodeIgniter\CodeIgniter->handleRequest(NULL, Object(Config\Cache), false)
#9 /home/wwwinte/public_html/screening/public/index.php(44): CodeIgniter\CodeIgniter->run()
#10 {main}
CRITICAL - 2021-04-05 21:19:42 --> Undefined variable: db
#0 /home/wwwinte/public_html/screening/app/Libraries/InterneticsLibrary.php(111): CodeIgniter\Debug\Exceptions->errorHandler(8, 'Undefined varia...', '/home/wwwinte/p...', 111, Array)
#1 /home/wwwinte/public_html/screening/app/Libraries/GroceryCrud.php(231): App\Libraries\InterneticsLibrary->get_relation_n_n_input(Object(stdClass), Array)
#2 /home/wwwinte/public_html/screening/app/Libraries/InterneticsLibrary.php(248): App\Libraries\grocery_CRUD_Field_Types->get_field_input(Object(stdClass), Array)
#3 /home/wwwinte/public_html/screening/app/Libraries/GroceryCrud.php(1832): App\Libraries\InterneticsLibrary->get_edit_input_fields(Object(stdClass))
#4 /home/wwwinte/public_html/screening/app/Libraries/GroceryCrud.php(4532): App\Libraries\grocery_CRUD_Layout->showEditForm(Object(stdClass))
#5 /home/wwwinte/public_html/screening/app/Controllers/Product.php(211): App\Libraries\GroceryCrud->render()
#6 /home/wwwinte/public_html/screening/system/CodeIgniter.php(936): App\Controllers\Product->screening_management('edit', '1008')
#7 /home/wwwinte/public_html/screening/system/CodeIgniter.php(432): CodeIgniter\CodeIgniter->runController(Object(App\Controllers\Product))
#8 /home/wwwinte/public_html/screening/system/CodeIgniter.php(333): CodeIgniter\CodeIgniter->handleRequest(NULL, Object(Config\Cache), false)
#9 /home/wwwinte/public_html/screening/public/index.php(44): CodeIgniter\CodeIgniter->run()
#10 {main}
CRITICAL - 2021-04-05 21:27:37 --> syntax error, unexpected '<'
#0 /home/wwwinte/public_html/screening/system/Autoloader/Autoloader.php(265): CodeIgniter\Autoloader\Autoloader->includeFile('/home/wwwinte/p...')
#1 /home/wwwinte/public_html/screening/system/Autoloader/Autoloader.php(228): CodeIgniter\Autoloader\Autoloader->loadInNamespace('App\\Libraries\\I...')
#2 [internal function]: CodeIgniter\Autoloader\Autoloader->loadClass('App\\Libraries\\I...')
#3 /home/wwwinte/public_html/screening/app/Controllers/Product.php(148): spl_autoload_call('App\\Libraries\\I...')
#4 /home/wwwinte/public_html/screening/system/CodeIgniter.php(936): App\Controllers\Product->screening_management('edit', '1008')
#5 /home/wwwinte/public_html/screening/system/CodeIgniter.php(432): CodeIgniter\CodeIgniter->runController(Object(App\Controllers\Product))
#6 /home/wwwinte/public_html/screening/system/CodeIgniter.php(333): CodeIgniter\CodeIgniter->handleRequest(NULL, Object(Config\Cache), false)
#7 /home/wwwinte/public_html/screening/public/index.php(44): CodeIgniter\CodeIgniter->run()
#8 {main}
CRITICAL - 2021-04-05 21:28:10 --> Class 'App\Libraries\mysqli' not found
#0 /home/wwwinte/public_html/screening/app/Libraries/GroceryCrud.php(231): App\Libraries\InterneticsLibrary->get_relation_n_n_input(Object(stdClass), Array)
#1 /home/wwwinte/public_html/screening/app/Libraries/InterneticsLibrary.php(270): App\Libraries\grocery_CRUD_Field_Types->get_field_input(Object(stdClass), Array)
#2 /home/wwwinte/public_html/screening/app/Libraries/GroceryCrud.php(1832): App\Libraries\InterneticsLibrary->get_edit_input_fields(Object(stdClass))
#3 /home/wwwinte/public_html/screening/app/Libraries/GroceryCrud.php(4532): App\Libraries\grocery_CRUD_Layout->showEditForm(Object(stdClass))
#4 /home/wwwinte/public_html/screening/app/Controllers/Product.php(211): App\Libraries\GroceryCrud->render()
#5 /home/wwwinte/public_html/screening/system/CodeIgniter.php(936): App\Controllers\Product->screening_management('edit', '1008')
#6 /home/wwwinte/public_html/screening/system/CodeIgniter.php(432): CodeIgniter\CodeIgniter->runController(Object(App\Controllers\Product))
#7 /home/wwwinte/public_html/screening/system/CodeIgniter.php(333): CodeIgniter\CodeIgniter->handleRequest(NULL, Object(Config\Cache), false)
#8 /home/wwwinte/public_html/screening/public/index.php(44): CodeIgniter\CodeIgniter->run()
#9 {main}
CRITICAL - 2021-04-05 21:31:57 --> Class 'App\Libraries\mysqli' not found
#0 /home/wwwinte/public_html/screening/app/Libraries/GroceryCrud.php(231): App\Libraries\InterneticsLibrary->get_relation_n_n_input(Object(stdClass), Array)
#1 /home/wwwinte/public_html/screening/app/Libraries/InterneticsLibrary.php(270): App\Libraries\grocery_CRUD_Field_Types->get_field_input(Object(stdClass), Array)
#2 /home/wwwinte/public_html/screening/app/Libraries/GroceryCrud.php(1832): App\Libraries\InterneticsLibrary->get_edit_input_fields(Object(stdClass))
#3 /home/wwwinte/public_html/screening/app/Libraries/GroceryCrud.php(4532): App\Libraries\grocery_CRUD_Layout->showEditForm(Object(stdClass))
#4 /home/wwwinte/public_html/screening/app/Controllers/Product.php(211): App\Libraries\GroceryCrud->render()
#5 /home/wwwinte/public_html/screening/system/CodeIgniter.php(936): App\Controllers\Product->screening_management('edit', '1008')
#6 /home/wwwinte/public_html/screening/system/CodeIgniter.php(432): CodeIgniter\CodeIgniter->runController(Object(App\Controllers\Product))
#7 /home/wwwinte/public_html/screening/system/CodeIgniter.php(333): CodeIgniter\CodeIgniter->handleRequest(NULL, Object(Config\Cache), false)
#8 /home/wwwinte/public_html/screening/public/index.php(44): CodeIgniter\CodeIgniter->run()
#9 {main}
CRITICAL - 2021-04-05 22:03:38 --> Use of undefined constant items_conduct_physical_screen - assumed 'items_conduct_physical_screen' (this will throw an Error in a future version of PHP)
#0 /home/wwwinte/public_html/screening/app/Libraries/InterneticsLibrary.php(113): CodeIgniter\Debug\Exceptions->errorHandler(2, 'Use of undefine...', '/home/wwwinte/p...', 113, Array)
#1 /home/wwwinte/public_html/screening/app/Libraries/GroceryCrud.php(231): App\Libraries\InterneticsLibrary->get_relation_n_n_input(Object(stdClass), Array)
#2 /home/wwwinte/public_html/screening/app/Libraries/InterneticsLibrary.php(246): App\Libraries\grocery_CRUD_Field_Types->get_field_input(Object(stdClass), Array)
#3 /home/wwwinte/public_html/screening/app/Libraries/GroceryCrud.php(1832): App\Libraries\InterneticsLibrary->get_edit_input_fields(Object(stdClass))
#4 /home/wwwinte/public_html/screening/app/Libraries/GroceryCrud.php(4532): App\Libraries\grocery_CRUD_Layout->showEditForm(Object(stdClass))
#5 /home/wwwinte/public_html/screening/app/Controllers/Product.php(211): App\Libraries\GroceryCrud->render()
#6 /home/wwwinte/public_html/screening/system/CodeIgniter.php(936): App\Controllers\Product->screening_management('edit', '1008')
#7 /home/wwwinte/public_html/screening/system/CodeIgniter.php(432): CodeIgniter\CodeIgniter->runController(Object(App\Controllers\Product))
#8 /home/wwwinte/public_html/screening/system/CodeIgniter.php(333): CodeIgniter\CodeIgniter->handleRequest(NULL, Object(Config\Cache), false)
#9 /home/wwwinte/public_html/screening/public/index.php(44): CodeIgniter\CodeIgniter->run()
#10 {main}
CRITICAL - 2021-04-05 22:04:02 --> Undefined variable: table_name
#0 /home/wwwinte/public_html/screening/app/Libraries/InterneticsLibrary.php(113): CodeIgniter\Debug\Exceptions->errorHandler(8, 'Undefined varia...', '/home/wwwinte/p...', 113, Array)
#1 /home/wwwinte/public_html/screening/app/Libraries/GroceryCrud.php(231): App\Libraries\InterneticsLibrary->get_relation_n_n_input(Object(stdClass), Array)
#2 /home/wwwinte/public_html/screening/app/Libraries/InterneticsLibrary.php(246): App\Libraries\grocery_CRUD_Field_Types->get_field_input(Object(stdClass), Array)
#3 /home/wwwinte/public_html/screening/app/Libraries/GroceryCrud.php(1832): App\Libraries\InterneticsLibrary->get_edit_input_fields(Object(stdClass))
#4 /home/wwwinte/public_html/screening/app/Libraries/GroceryCrud.php(4532): App\Libraries\grocery_CRUD_Layout->showEditForm(Object(stdClass))
#5 /home/wwwinte/public_html/screening/app/Controllers/Product.php(211): App\Libraries\GroceryCrud->render()
#6 /home/wwwinte/public_html/screening/system/CodeIgniter.php(936): App\Controllers\Product->screening_management('edit', '1008')
#7 /home/wwwinte/public_html/screening/system/CodeIgniter.php(432): CodeIgniter\CodeIgniter->runController(Object(App\Controllers\Product))
#8 /home/wwwinte/public_html/screening/system/CodeIgniter.php(333): CodeIgniter\CodeIgniter->handleRequest(NULL, Object(Config\Cache), false)
#9 /home/wwwinte/public_html/screening/public/index.php(44): CodeIgniter\CodeIgniter->run()
#10 {main}
CRITICAL - 2021-04-05 22:04:58 --> Use of undefined constant items_conduct_physical_screen - assumed 'items_conduct_physical_screen' (this will throw an Error in a future version of PHP)
#0 /home/wwwinte/public_html/screening/app/Libraries/InterneticsLibrary.php(113): CodeIgniter\Debug\Exceptions->errorHandler(2, 'Use of undefine...', '/home/wwwinte/p...', 113, Array)
#1 /home/wwwinte/public_html/screening/app/Libraries/GroceryCrud.php(231): App\Libraries\InterneticsLibrary->get_relation_n_n_input(Object(stdClass), Array)
#2 /home/wwwinte/public_html/screening/app/Libraries/InterneticsLibrary.php(246): App\Libraries\grocery_CRUD_Field_Types->get_field_input(Object(stdClass), Array)
#3 /home/wwwinte/public_html/screening/app/Libraries/GroceryCrud.php(1832): App\Libraries\InterneticsLibrary->get_edit_input_fields(Object(stdClass))
#4 /home/wwwinte/public_html/screening/app/Libraries/GroceryCrud.php(4532): App\Libraries\grocery_CRUD_Layout->showEditForm(Object(stdClass))
#5 /home/wwwinte/public_html/screening/app/Controllers/Product.php(211): App\Libraries\GroceryCrud->render()
#6 /home/wwwinte/public_html/screening/system/CodeIgniter.php(936): App\Controllers\Product->screening_management('edit', '1008')
#7 /home/wwwinte/public_html/screening/system/CodeIgniter.php(432): CodeIgniter\CodeIgniter->runController(Object(App\Controllers\Product))
#8 /home/wwwinte/public_html/screening/system/CodeIgniter.php(333): CodeIgniter\CodeIgniter->handleRequest(NULL, Object(Config\Cache), false)
#9 /home/wwwinte/public_html/screening/public/index.php(44): CodeIgniter\CodeIgniter->run()
#10 {main}
CRITICAL - 2021-04-05 22:07:04 --> Undefined property: App\Libraries\InterneticsLibrary::$get_list
#0 /home/wwwinte/public_html/screening/app/Libraries/InterneticsLibrary.php(113): CodeIgniter\Debug\Exceptions->errorHandler(8, 'Undefined prope...', '/home/wwwinte/p...', 113, Array)
#1 /home/wwwinte/public_html/screening/app/Libraries/GroceryCrud.php(231): App\Libraries\InterneticsLibrary->get_relation_n_n_input(Object(stdClass), Array)
#2 /home/wwwinte/public_html/screening/app/Libraries/InterneticsLibrary.php(246): App\Libraries\grocery_CRUD_Field_Types->get_field_input(Object(stdClass), Array)
#3 /home/wwwinte/public_html/screening/app/Libraries/GroceryCrud.php(1832): App\Libraries\InterneticsLibrary->get_edit_input_fields(Object(stdClass))
#4 /home/wwwinte/public_html/screening/app/Libraries/GroceryCrud.php(4532): App\Libraries\grocery_CRUD_Layout->showEditForm(Object(stdClass))
#5 /home/wwwinte/public_html/screening/app/Controllers/Product.php(211): App\Libraries\GroceryCrud->render()
#6 /home/wwwinte/public_html/screening/system/CodeIgniter.php(936): App\Controllers\Product->screening_management('edit', '1008')
#7 /home/wwwinte/public_html/screening/system/CodeIgniter.php(432): CodeIgniter\CodeIgniter->runController(Object(App\Controllers\Product))
#8 /home/wwwinte/public_html/screening/system/CodeIgniter.php(333): CodeIgniter\CodeIgniter->handleRequest(NULL, Object(Config\Cache), false)
#9 /home/wwwinte/public_html/screening/public/index.php(44): CodeIgniter\CodeIgniter->run()
#10 {main}
CRITICAL - 2021-04-05 22:09:55 --> Undefined property: App\Libraries\InterneticsLibrary::$get_list
#0 /home/wwwinte/public_html/screening/app/Libraries/InterneticsLibrary.php(73): CodeIgniter\Debug\Exceptions->errorHandler(8, 'Undefined prope...', '/home/wwwinte/p...', 73, Array)
#1 /home/wwwinte/public_html/screening/app/Libraries/GroceryCrud.php(231): App\Libraries\InterneticsLibrary->get_relation_n_n_input(Object(stdClass), Array)
#2 /home/wwwinte/public_html/screening/app/Libraries/InterneticsLibrary.php(249): App\Libraries\grocery_CRUD_Field_Types->get_field_input(Object(stdClass), Array)
#3 /home/wwwinte/public_html/screening/app/Libraries/GroceryCrud.php(1832): App\Libraries\InterneticsLibrary->get_edit_input_fields(Object(stdClass))
#4 /home/wwwinte/public_html/screening/app/Libraries/GroceryCrud.php(4532): App\Libraries\grocery_CRUD_Layout->showEditForm(Object(stdClass))
#5 /home/wwwinte/public_html/screening/app/Controllers/Product.php(211): App\Libraries\GroceryCrud->render()
#6 /home/wwwinte/public_html/screening/system/CodeIgniter.php(936): App\Controllers\Product->screening_management('edit', '1008')
#7 /home/wwwinte/public_html/screening/system/CodeIgniter.php(432): CodeIgniter\CodeIgniter->runController(Object(App\Controllers\Product))
#8 /home/wwwinte/public_html/screening/system/CodeIgniter.php(333): CodeIgniter\CodeIgniter->handleRequest(NULL, Object(Config\Cache), false)
#9 /home/wwwinte/public_html/screening/public/index.php(44): CodeIgniter\CodeIgniter->run()
#10 {main}
CRITICAL - 2021-04-05 22:25:22 --> Undefined property: App\Libraries\InterneticsLibrary::$db
#0 /home/wwwinte/public_html/screening/app/Libraries/InterneticsLibrary.php(73): CodeIgniter\Debug\Exceptions->errorHandler(8, 'Undefined prope...', '/home/wwwinte/p...', 73, Array)
#1 /home/wwwinte/public_html/screening/app/Libraries/GroceryCrud.php(231): App\Libraries\InterneticsLibrary->get_relation_n_n_input(Object(stdClass), Array)
#2 /home/wwwinte/public_html/screening/app/Libraries/InterneticsLibrary.php(258): App\Libraries\grocery_CRUD_Field_Types->get_field_input(Object(stdClass), Array)
#3 /home/wwwinte/public_html/screening/app/Libraries/GroceryCrud.php(1832): App\Libraries\InterneticsLibrary->get_edit_input_fields(Object(stdClass))
#4 /home/wwwinte/public_html/screening/app/Libraries/GroceryCrud.php(4532): App\Libraries\grocery_CRUD_Layout->showEditForm(Object(stdClass))
#5 /home/wwwinte/public_html/screening/app/Controllers/Product.php(211): App\Libraries\GroceryCrud->render()
#6 /home/wwwinte/public_html/screening/system/CodeIgniter.php(936): App\Controllers\Product->screening_management('edit', '1008')
#7 /home/wwwinte/public_html/screening/system/CodeIgniter.php(432): CodeIgniter\CodeIgniter->runController(Object(App\Controllers\Product))
#8 /home/wwwinte/public_html/screening/system/CodeIgniter.php(333): CodeIgniter\CodeIgniter->handleRequest(NULL, Object(Config\Cache), false)
#9 /home/wwwinte/public_html/screening/public/index.php(44): CodeIgniter\CodeIgniter->run()
#10 {main}
CRITICAL - 2021-04-05 22:33:16 --> Undefined property: App\Libraries\InterneticsLibrary::$db
#0 /home/wwwinte/public_html/screening/app/Libraries/InterneticsLibrary.php(73): CodeIgniter\Debug\Exceptions->errorHandler(8, 'Undefined prope...', '/home/wwwinte/p...', 73, Array)
#1 /home/wwwinte/public_html/screening/app/Libraries/GroceryCrud.php(231): App\Libraries\InterneticsLibrary->get_relation_n_n_input(Object(stdClass), Array)
#2 /home/wwwinte/public_html/screening/app/Libraries/InterneticsLibrary.php(258): App\Libraries\grocery_CRUD_Field_Types->get_field_input(Object(stdClass), Array)
#3 /home/wwwinte/public_html/screening/app/Libraries/GroceryCrud.php(1832): App\Libraries\InterneticsLibrary->get_edit_input_fields(Object(stdClass))
#4 /home/wwwinte/public_html/screening/app/Libraries/GroceryCrud.php(4532): App\Libraries\grocery_CRUD_Layout->showEditForm(Object(stdClass))
#5 /home/wwwinte/public_html/screening/app/Controllers/Product.php(211): App\Libraries\GroceryCrud->render()
#6 /home/wwwinte/public_html/screening/system/CodeIgniter.php(936): App\Controllers\Product->screening_management('edit', '1008')
#7 /home/wwwinte/public_html/screening/system/CodeIgniter.php(432): CodeIgniter\CodeIgniter->runController(Object(App\Controllers\Product))
#8 /home/wwwinte/public_html/screening/system/CodeIgniter.php(333): CodeIgniter\CodeIgniter->handleRequest(NULL, Object(Config\Cache), false)
#9 /home/wwwinte/public_html/screening/public/index.php(44): CodeIgniter\CodeIgniter->run()
#10 {main}
CRITICAL - 2021-04-05 22:34:55 --> Undefined property: App\Libraries\InterneticsLibrary::$db
#0 /home/wwwinte/public_html/screening/app/Libraries/InterneticsLibrary.php(74): CodeIgniter\Debug\Exceptions->errorHandler(8, 'Undefined prope...', '/home/wwwinte/p...', 74, Array)
#1 /home/wwwinte/public_html/screening/app/Libraries/GroceryCrud.php(231): App\Libraries\InterneticsLibrary->get_relation_n_n_input(Object(stdClass), Array)
#2 /home/wwwinte/public_html/screening/app/Libraries/InterneticsLibrary.php(255): App\Libraries\grocery_CRUD_Field_Types->get_field_input(Object(stdClass), Array)
#3 /home/wwwinte/public_html/screening/app/Libraries/GroceryCrud.php(1832): App\Libraries\InterneticsLibrary->get_edit_input_fields(Object(stdClass))
#4 /home/wwwinte/public_html/screening/app/Libraries/GroceryCrud.php(4532): App\Libraries\grocery_CRUD_Layout->showEditForm(Object(stdClass))
#5 /home/wwwinte/public_html/screening/app/Controllers/Product.php(211): App\Libraries\GroceryCrud->render()
#6 /home/wwwinte/public_html/screening/system/CodeIgniter.php(936): App\Controllers\Product->screening_management('edit', '1008')
#7 /home/wwwinte/public_html/screening/system/CodeIgniter.php(432): CodeIgniter\CodeIgniter->runController(Object(App\Controllers\Product))
#8 /home/wwwinte/public_html/screening/system/CodeIgniter.php(333): CodeIgniter\CodeIgniter->handleRequest(NULL, Object(Config\Cache), false)
#9 /home/wwwinte/public_html/screening/public/index.php(44): CodeIgniter\CodeIgniter->run()
#10 {main}
CRITICAL - 2021-04-05 22:35:40 --> You must set the database table to be used with your query.
#0 /home/wwwinte/public_html/screening/system/Model.php(615): CodeIgniter\Database\BaseConnection->table(NULL)
#1 /home/wwwinte/public_html/screening/system/Model.php(834): CodeIgniter\Model->builder()
#2 /home/wwwinte/public_html/screening/app/Libraries/InterneticsLibrary.php(74): CodeIgniter\Model->__call('select', Array)
#3 /home/wwwinte/public_html/screening/app/Libraries/GroceryCrud.php(231): App\Libraries\InterneticsLibrary->get_relation_n_n_input(Object(stdClass), Array)
#4 /home/wwwinte/public_html/screening/app/Libraries/InterneticsLibrary.php(255): App\Libraries\grocery_CRUD_Field_Types->get_field_input(Object(stdClass), Array)
#5 /home/wwwinte/public_html/screening/app/Libraries/GroceryCrud.php(1832): App\Libraries\InterneticsLibrary->get_edit_input_fields(Object(stdClass))
#6 /home/wwwinte/public_html/screening/app/Libraries/GroceryCrud.php(4532): App\Libraries\grocery_CRUD_Layout->showEditForm(Object(stdClass))
#7 /home/wwwinte/public_html/screening/app/Controllers/Product.php(211): App\Libraries\GroceryCrud->render()
#8 /home/wwwinte/public_html/screening/system/CodeIgniter.php(936): App\Controllers\Product->screening_management('edit', '1008')
#9 /home/wwwinte/public_html/screening/system/CodeIgniter.php(432): CodeIgniter\CodeIgniter->runController(Object(App\Controllers\Product))
#10 /home/wwwinte/public_html/screening/system/CodeIgniter.php(333): CodeIgniter\CodeIgniter->handleRequest(NULL, Object(Config\Cache), false)
#11 /home/wwwinte/public_html/screening/public/index.php(44): CodeIgniter\CodeIgniter->run()
#12 {main}
CRITICAL - 2021-04-05 22:39:50 --> You must set the database table to be used with your query.
#0 /home/wwwinte/public_html/screening/system/Model.php(615): CodeIgniter\Database\BaseConnection->table(NULL)
#1 /home/wwwinte/public_html/screening/system/Model.php(834): CodeIgniter\Model->builder()
#2 /home/wwwinte/public_html/screening/app/Libraries/InterneticsLibrary.php(74): CodeIgniter\Model->__call('select', Array)
#3 /home/wwwinte/public_html/screening/app/Libraries/GroceryCrud.php(231): App\Libraries\InterneticsLibrary->get_relation_n_n_input(Object(stdClass), Array)
#4 /home/wwwinte/public_html/screening/app/Libraries/InterneticsLibrary.php(255): App\Libraries\grocery_CRUD_Field_Types->get_field_input(Object(stdClass), Array)
#5 /home/wwwinte/public_html/screening/app/Libraries/GroceryCrud.php(1832): App\Libraries\InterneticsLibrary->get_edit_input_fields(Object(stdClass))
#6 /home/wwwinte/public_html/screening/app/Libraries/GroceryCrud.php(4532): App\Libraries\grocery_CRUD_Layout->showEditForm(Object(stdClass))
#7 /home/wwwinte/public_html/screening/app/Controllers/Product.php(211): App\Libraries\GroceryCrud->render()
#8 /home/wwwinte/public_html/screening/system/CodeIgniter.php(936): App\Controllers\Product->screening_management('edit', '1008')
#9 /home/wwwinte/public_html/screening/system/CodeIgniter.php(432): CodeIgniter\CodeIgniter->runController(Object(App\Controllers\Product))
#10 /home/wwwinte/public_html/screening/system/CodeIgniter.php(333): CodeIgniter\CodeIgniter->handleRequest(NULL, Object(Config\Cache), false)
#11 /home/wwwinte/public_html/screening/public/index.php(44): CodeIgniter\CodeIgniter->run()
#12 {main}
CRITICAL - 2021-04-05 22:41:48 --> Undefined property: stdClass::$namex
#0 /home/wwwinte/public_html/screening/app/Libraries/InterneticsLibrary.php(70): CodeIgniter\Debug\Exceptions->errorHandler(8, 'Undefined prope...', '/home/wwwinte/p...', 70, Array)
#1 /home/wwwinte/public_html/screening/app/Libraries/GroceryCrud.php(231): App\Libraries\InterneticsLibrary->get_relation_n_n_input(Object(stdClass), Array)
#2 /home/wwwinte/public_html/screening/app/Libraries/InterneticsLibrary.php(254): App\Libraries\grocery_CRUD_Field_Types->get_field_input(Object(stdClass), Array)
#3 /home/wwwinte/public_html/screening/app/Libraries/GroceryCrud.php(1832): App\Libraries\InterneticsLibrary->get_edit_input_fields(Object(stdClass))
#4 /home/wwwinte/public_html/screening/app/Libraries/GroceryCrud.php(4532): App\Libraries\grocery_CRUD_Layout->showEditForm(Object(stdClass))
#5 /home/wwwinte/public_html/screening/app/Controllers/Product.php(211): App\Libraries\GroceryCrud->render()
#6 /home/wwwinte/public_html/screening/system/CodeIgniter.php(936): App\Controllers\Product->screening_management('edit', '1008')
#7 /home/wwwinte/public_html/screening/system/CodeIgniter.php(432): CodeIgniter\CodeIgniter->runController(Object(App\Controllers\Product))
#8 /home/wwwinte/public_html/screening/system/CodeIgniter.php(333): CodeIgniter\CodeIgniter->handleRequest(NULL, Object(Config\Cache), false)
#9 /home/wwwinte/public_html/screening/public/index.php(44): CodeIgniter\CodeIgniter->run()
#10 {main}
ERROR - 2021-04-05 22:42:26 --> mysqli_sql_exception: Unknown column 'name' in 'field list' in /home/wwwinte/public_html/screening/system/Database/MySQLi/Connection.php:314
Stack trace:
#0 /home/wwwinte/public_html/screening/system/Database/MySQLi/Connection.php(314): mysqli->query('SELECT *, CONCA...')
#1 /home/wwwinte/public_html/screening/system/Database/BaseConnection.php(713): CodeIgniter\Database\MySQLi\Connection->execute('SELECT *, CONCA...')
#2 /home/wwwinte/public_html/screening/system/Database/BaseConnection.php(641): CodeIgniter\Database\BaseConnection->simpleQuery('SELECT *, CONCA...')
#3 /home/wwwinte/public_html/screening/system/Database/BaseBuilder.php(1866): CodeIgniter\Database\BaseConnection->query('SELECT *, CONCA...', Array, false)
#4 /home/wwwinte/public_html/screening/app/Models/InterneticsModel.php(38): CodeIgniter\Database\BaseBuilder->get()
#5 /home/wwwinte/public_html/screening/app/Libraries/GroceryCrud.php(1421): App\Models\InterneticsModel->get_relation_n_n_selection_array('1008', Object(stdClass))
#6 /home/wwwinte/public_html/screening/app/Libraries/GroceryCrud.php(1397): App\Libraries\grocery_CRUD_Model_Driver->get_relation_n_n_selection_array('1008', Object(stdClass))
#7 /home/wwwinte/public_html/screening/app/Libraries/GroceryCrud.php(1825): App\Libraries\grocery_CRUD_Model_Driver->get_edit_values('1008')
#8 /home/wwwinte/public_html/screening/app/Libraries/GroceryCrud.php(4532): App\Libraries\grocery_CRUD_Layout->showEditForm(Object(stdClass))
#9 /home/wwwinte/public_html/screening/app/Controllers/Product.php(211): App\Libraries\GroceryCrud->render()
#10 /home/wwwinte/public_html/screening/system/CodeIgniter.php(936): App\Controllers\Product->screening_management('edit', '1008')
#11 /home/wwwinte/public_html/screening/system/CodeIgniter.php(432): CodeIgniter\CodeIgniter->runController(Object(App\Controllers\Product))
#12 /home/wwwinte/public_html/screening/system/CodeIgniter.php(333): CodeIgniter\CodeIgniter->handleRequest(NULL, Object(Config\Cache), false)
#13 /home/wwwinte/public_html/screening/public/index.php(44): CodeIgniter\CodeIgniter->run()
#14 {main}
CRITICAL - 2021-04-05 22:42:26 --> Unknown column 'name' in 'field list'
#0 /home/wwwinte/public_html/screening/system/Database/MySQLi/Connection.php(314): mysqli->query('SELECT *, CONCA...')
#1 /home/wwwinte/public_html/screening/system/Database/BaseConnection.php(713): CodeIgniter\Database\MySQLi\Connection->execute('SELECT *, CONCA...')
#2 /home/wwwinte/public_html/screening/system/Database/BaseConnection.php(641): CodeIgniter\Database\BaseConnection->simpleQuery('SELECT *, CONCA...')
#3 /home/wwwinte/public_html/screening/system/Database/BaseBuilder.php(1866): CodeIgniter\Database\BaseConnection->query('SELECT *, CONCA...', Array, false)
#4 /home/wwwinte/public_html/screening/app/Models/InterneticsModel.php(38): CodeIgniter\Database\BaseBuilder->get()
#5 /home/wwwinte/public_html/screening/app/Libraries/GroceryCrud.php(1421): App\Models\InterneticsModel->get_relation_n_n_selection_array('1008', Object(stdClass))
#6 /home/wwwinte/public_html/screening/app/Libraries/GroceryCrud.php(1397): App\Libraries\grocery_CRUD_Model_Driver->get_relation_n_n_selection_array('1008', Object(stdClass))
#7 /home/wwwinte/public_html/screening/app/Libraries/GroceryCrud.php(1825): App\Libraries\grocery_CRUD_Model_Driver->get_edit_values('1008')
#8 /home/wwwinte/public_html/screening/app/Libraries/GroceryCrud.php(4532): App\Libraries\grocery_CRUD_Layout->showEditForm(Object(stdClass))
#9 /home/wwwinte/public_html/screening/app/Controllers/Product.php(211): App\Libraries\GroceryCrud->render()
#10 /home/wwwinte/public_html/screening/system/CodeIgniter.php(936): App\Controllers\Product->screening_management('edit', '1008')
#11 /home/wwwinte/public_html/screening/system/CodeIgniter.php(432): CodeIgniter\CodeIgniter->runController(Object(App\Controllers\Product))
#12 /home/wwwinte/public_html/screening/system/CodeIgniter.php(333): CodeIgniter\CodeIgniter->handleRequest(NULL, Object(Config\Cache), false)
#13 /home/wwwinte/public_html/screening/public/index.php(44): CodeIgniter\CodeIgniter->run()
#14 {main}
ERROR - 2021-04-05 22:43:53 --> mysqli_sql_exception: Unknown column 'name' in 'field list' in /home/wwwinte/public_html/screening/system/Database/MySQLi/Connection.php:314
Stack trace:
#0 /home/wwwinte/public_html/screening/system/Database/MySQLi/Connection.php(314): mysqli->query('SELECT *, CONCA...')
#1 /home/wwwinte/public_html/screening/system/Database/BaseConnection.php(713): CodeIgniter\Database\MySQLi\Connection->execute('SELECT *, CONCA...')
#2 /home/wwwinte/public_html/screening/system/Database/BaseConnection.php(641): CodeIgniter\Database\BaseConnection->simpleQuery('SELECT *, CONCA...')
#3 /home/wwwinte/public_html/screening/system/Database/BaseBuilder.php(1866): CodeIgniter\Database\BaseConnection->query('SELECT *, CONCA...', Array, false)
#4 /home/wwwinte/public_html/screening/app/Models/InterneticsModel.php(38): CodeIgniter\Database\BaseBuilder->get()
#5 /home/wwwinte/public_html/screening/app/Libraries/GroceryCrud.php(1421): App\Models\InterneticsModel->get_relation_n_n_selection_array('1008', Object(stdClass))
#6 /home/wwwinte/public_html/screening/app/Libraries/GroceryCrud.php(1397): App\Libraries\grocery_CRUD_Model_Driver->get_relation_n_n_selection_array('1008', Object(stdClass))
#7 /home/wwwinte/public_html/screening/app/Libraries/GroceryCrud.php(1825): App\Libraries\grocery_CRUD_Model_Driver->get_edit_values('1008')
#8 /home/wwwinte/public_html/screening/app/Libraries/GroceryCrud.php(4532): App\Libraries\grocery_CRUD_Layout->showEditForm(Object(stdClass))
#9 /home/wwwinte/public_html/screening/app/Controllers/Product.php(211): App\Libraries\GroceryCrud->render()
#10 /home/wwwinte/public_html/screening/system/CodeIgniter.php(936): App\Controllers\Product->screening_management('edit', '1008')
#11 /home/wwwinte/public_html/screening/system/CodeIgniter.php(432): CodeIgniter\CodeIgniter->runController(Object(App\Controllers\Product))
#12 /home/wwwinte/public_html/screening/system/CodeIgniter.php(333): CodeIgniter\CodeIgniter->handleRequest(NULL, Object(Config\Cache), false)
#13 /home/wwwinte/public_html/screening/public/index.php(44): CodeIgniter\CodeIgniter->run()
#14 {main}
CRITICAL - 2021-04-05 22:43:53 --> Unknown column 'name' in 'field list'
#0 /home/wwwinte/public_html/screening/system/Database/MySQLi/Connection.php(314): mysqli->query('SELECT *, CONCA...')
#1 /home/wwwinte/public_html/screening/system/Database/BaseConnection.php(713): CodeIgniter\Database\MySQLi\Connection->execute('SELECT *, CONCA...')
#2 /home/wwwinte/public_html/screening/system/Database/BaseConnection.php(641): CodeIgniter\Database\BaseConnection->simpleQuery('SELECT *, CONCA...')
#3 /home/wwwinte/public_html/screening/system/Database/BaseBuilder.php(1866): CodeIgniter\Database\BaseConnection->query('SELECT *, CONCA...', Array, false)
#4 /home/wwwinte/public_html/screening/app/Models/InterneticsModel.php(38): CodeIgniter\Database\BaseBuilder->get()
#5 /home/wwwinte/public_html/screening/app/Libraries/GroceryCrud.php(1421): App\Models\InterneticsModel->get_relation_n_n_selection_array('1008', Object(stdClass))
#6 /home/wwwinte/public_html/screening/app/Libraries/GroceryCrud.php(1397): App\Libraries\grocery_CRUD_Model_Driver->get_relation_n_n_selection_array('1008', Object(stdClass))
#7 /home/wwwinte/public_html/screening/app/Libraries/GroceryCrud.php(1825): App\Libraries\grocery_CRUD_Model_Driver->get_edit_values('1008')
#8 /home/wwwinte/public_html/screening/app/Libraries/GroceryCrud.php(4532): App\Libraries\grocery_CRUD_Layout->showEditForm(Object(stdClass))
#9 /home/wwwinte/public_html/screening/app/Controllers/Product.php(211): App\Libraries\GroceryCrud->render()
#10 /home/wwwinte/public_html/screening/system/CodeIgniter.php(936): App\Controllers\Product->screening_management('edit', '1008')
#11 /home/wwwinte/public_html/screening/system/CodeIgniter.php(432): CodeIgniter\CodeIgniter->runController(Object(App\Controllers\Product))
#12 /home/wwwinte/public_html/screening/system/CodeIgniter.php(333): CodeIgniter\CodeIgniter->handleRequest(NULL, Object(Config\Cache), false)
#13 /home/wwwinte/public_html/screening/public/index.php(44): CodeIgniter\CodeIgniter->run()
#14 {main}
ERROR - 2021-04-05 22:45:23 --> mysqli_sql_exception: Unknown column 'name' in 'field list' in /home/wwwinte/public_html/screening/system/Database/MySQLi/Connection.php:314
Stack trace:
#0 /home/wwwinte/public_html/screening/system/Database/MySQLi/Connection.php(314): mysqli->query('SELECT *, CONCA...')
#1 /home/wwwinte/public_html/screening/system/Database/BaseConnection.php(713): CodeIgniter\Database\MySQLi\Connection->execute('SELECT *, CONCA...')
#2 /home/wwwinte/public_html/screening/system/Database/BaseConnection.php(641): CodeIgniter\Database\BaseConnection->simpleQuery('SELECT *, CONCA...')
#3 /home/wwwinte/public_html/screening/system/Database/BaseBuilder.php(1866): CodeIgniter\Database\BaseConnection->query('SELECT *, CONCA...', Array, false)
#4 /home/wwwinte/public_html/screening/app/Models/InterneticsModel.php(38): CodeIgniter\Database\BaseBuilder->get()
#5 /home/wwwinte/public_html/screening/app/Libraries/GroceryCrud.php(1421): App\Models\InterneticsModel->get_relation_n_n_selection_array('1008', Object(stdClass))
#6 /home/wwwinte/public_html/screening/app/Libraries/GroceryCrud.php(1397): App\Libraries\grocery_CRUD_Model_Driver->get_relation_n_n_selection_array('1008', Object(stdClass))
#7 /home/wwwinte/public_html/screening/app/Libraries/GroceryCrud.php(1825): App\Libraries\grocery_CRUD_Model_Driver->get_edit_values('1008')
#8 /home/wwwinte/public_html/screening/app/Libraries/GroceryCrud.php(4532): App\Libraries\grocery_CRUD_Layout->showEditForm(Object(stdClass))
#9 /home/wwwinte/public_html/screening/app/Controllers/Product.php(211): App\Libraries\GroceryCrud->render()
#10 /home/wwwinte/public_html/screening/system/CodeIgniter.php(936): App\Controllers\Product->screening_management('edit', '1008')
#11 /home/wwwinte/public_html/screening/system/CodeIgniter.php(432): CodeIgniter\CodeIgniter->runController(Object(App\Controllers\Product))
#12 /home/wwwinte/public_html/screening/system/CodeIgniter.php(333): CodeIgniter\CodeIgniter->handleRequest(NULL, Object(Config\Cache), false)
#13 /home/wwwinte/public_html/screening/public/index.php(44): CodeIgniter\CodeIgniter->run()
#14 {main}
CRITICAL - 2021-04-05 22:45:23 --> Unknown column 'name' in 'field list'
#0 /home/wwwinte/public_html/screening/system/Database/MySQLi/Connection.php(314): mysqli->query('SELECT *, CONCA...')
#1 /home/wwwinte/public_html/screening/system/Database/BaseConnection.php(713): CodeIgniter\Database\MySQLi\Connection->execute('SELECT *, CONCA...')
#2 /home/wwwinte/public_html/screening/system/Database/BaseConnection.php(641): CodeIgniter\Database\BaseConnection->simpleQuery('SELECT *, CONCA...')
#3 /home/wwwinte/public_html/screening/system/Database/BaseBuilder.php(1866): CodeIgniter\Database\BaseConnection->query('SELECT *, CONCA...', Array, false)
#4 /home/wwwinte/public_html/screening/app/Models/InterneticsModel.php(38): CodeIgniter\Database\BaseBuilder->get()
#5 /home/wwwinte/public_html/screening/app/Libraries/GroceryCrud.php(1421): App\Models\InterneticsModel->get_relation_n_n_selection_array('1008', Object(stdClass))
#6 /home/wwwinte/public_html/screening/app/Libraries/GroceryCrud.php(1397): App\Libraries\grocery_CRUD_Model_Driver->get_relation_n_n_selection_array('1008', Object(stdClass))
#7 /home/wwwinte/public_html/screening/app/Libraries/GroceryCrud.php(1825): App\Libraries\grocery_CRUD_Model_Driver->get_edit_values('1008')
#8 /home/wwwinte/public_html/screening/app/Libraries/GroceryCrud.php(4532): App\Libraries\grocery_CRUD_Layout->showEditForm(Object(stdClass))
#9 /home/wwwinte/public_html/screening/app/Controllers/Product.php(211): App\Libraries\GroceryCrud->render()
#10 /home/wwwinte/public_html/screening/system/CodeIgniter.php(936): App\Controllers\Product->screening_management('edit', '1008')
#11 /home/wwwinte/public_html/screening/system/CodeIgniter.php(432): CodeIgniter\CodeIgniter->runController(Object(App\Controllers\Product))
#12 /home/wwwinte/public_html/screening/system/CodeIgniter.php(333): CodeIgniter\CodeIgniter->handleRequest(NULL, Object(Config\Cache), false)
#13 /home/wwwinte/public_html/screening/public/index.php(44): CodeIgniter\CodeIgniter->run()
#14 {main}
CRITICAL - 2021-04-05 22:45:59 --> Undefined property: stdClass::$namex
#0 /home/wwwinte/public_html/screening/app/Libraries/InterneticsLibrary.php(70): CodeIgniter\Debug\Exceptions->errorHandler(8, 'Undefined prope...', '/home/wwwinte/p...', 70, Array)
#1 /home/wwwinte/public_html/screening/app/Libraries/GroceryCrud.php(231): App\Libraries\InterneticsLibrary->get_relation_n_n_input(Object(stdClass), Array)
#2 /home/wwwinte/public_html/screening/app/Libraries/InterneticsLibrary.php(254): App\Libraries\grocery_CRUD_Field_Types->get_field_input(Object(stdClass), Array)
#3 /home/wwwinte/public_html/screening/app/Libraries/GroceryCrud.php(1832): App\Libraries\InterneticsLibrary->get_edit_input_fields(Object(stdClass))
#4 /home/wwwinte/public_html/screening/app/Libraries/GroceryCrud.php(4532): App\Libraries\grocery_CRUD_Layout->showEditForm(Object(stdClass))
#5 /home/wwwinte/public_html/screening/app/Controllers/Product.php(211): App\Libraries\GroceryCrud->render()
#6 /home/wwwinte/public_html/screening/system/CodeIgniter.php(936): App\Controllers\Product->screening_management('edit', '1008')
#7 /home/wwwinte/public_html/screening/system/CodeIgniter.php(432): CodeIgniter\CodeIgniter->runController(Object(App\Controllers\Product))
#8 /home/wwwinte/public_html/screening/system/CodeIgniter.php(333): CodeIgniter\CodeIgniter->handleRequest(NULL, Object(Config\Cache), false)
#9 /home/wwwinte/public_html/screening/public/index.php(44): CodeIgniter\CodeIgniter->run()
#10 {main}
CRITICAL - 2021-04-05 22:47:08 --> Undefined variable: name
#0 /home/wwwinte/public_html/screening/app/Libraries/InterneticsLibrary.php(112): CodeIgniter\Debug\Exceptions->errorHandler(8, 'Undefined varia...', '/home/wwwinte/p...', 112, Array)
#1 /home/wwwinte/public_html/screening/app/Libraries/GroceryCrud.php(231): App\Libraries\InterneticsLibrary->get_relation_n_n_input(Object(stdClass), Array)
#2 /home/wwwinte/public_html/screening/app/Libraries/InterneticsLibrary.php(254): App\Libraries\grocery_CRUD_Field_Types->get_field_input(Object(stdClass), Array)
#3 /home/wwwinte/public_html/screening/app/Libraries/GroceryCrud.php(1832): App\Libraries\InterneticsLibrary->get_edit_input_fields(Object(stdClass))
#4 /home/wwwinte/public_html/screening/app/Libraries/GroceryCrud.php(4532): App\Libraries\grocery_CRUD_Layout->showEditForm(Object(stdClass))
#5 /home/wwwinte/public_html/screening/app/Controllers/Product.php(211): App\Libraries\GroceryCrud->render()
#6 /home/wwwinte/public_html/screening/system/CodeIgniter.php(936): App\Controllers\Product->screening_management('edit', '1008')
#7 /home/wwwinte/public_html/screening/system/CodeIgniter.php(432): CodeIgniter\CodeIgniter->runController(Object(App\Controllers\Product))
#8 /home/wwwinte/public_html/screening/system/CodeIgniter.php(333): CodeIgniter\CodeIgniter->handleRequest(NULL, Object(Config\Cache), false)
#9 /home/wwwinte/public_html/screening/public/index.php(44): CodeIgniter\CodeIgniter->run()
#10 {main}
CRITICAL - 2021-04-05 22:55:57 --> Undefined property: stdClass::$name
#0 /home/wwwinte/public_html/screening/app/Models/InterneticsModel.php(80): CodeIgniter\Debug\Exceptions->errorHandler(8, 'Undefined prope...', '/home/wwwinte/p...', 80, Array)
#1 /home/wwwinte/public_html/screening/app/Libraries/GroceryCrud.php(1426): App\Models\InterneticsModel->get_relation_n_n_unselected_array(Object(stdClass), Array)
#2 /home/wwwinte/public_html/screening/app/Libraries/InterneticsLibrary.php(82): App\Libraries\grocery_CRUD_Model_Driver->get_relation_n_n_unselected_array(Object(stdClass), Array)
#3 /home/wwwinte/public_html/screening/app/Libraries/GroceryCrud.php(231): App\Libraries\InterneticsLibrary->get_relation_n_n_input(Object(stdClass), Array)
#4 /home/wwwinte/public_html/screening/app/Libraries/InterneticsLibrary.php(254): App\Libraries\grocery_CRUD_Field_Types->get_field_input(Object(stdClass), Array)
#5 /home/wwwinte/public_html/screening/app/Libraries/GroceryCrud.php(1832): App\Libraries\InterneticsLibrary->get_edit_input_fields(Object(stdClass))
#6 /home/wwwinte/public_html/screening/app/Libraries/GroceryCrud.php(4532): App\Libraries\grocery_CRUD_Layout->showEditForm(Object(stdClass))
#7 /home/wwwinte/public_html/screening/app/Controllers/Product.php(211): App\Libraries\GroceryCrud->render()
#8 /home/wwwinte/public_html/screening/system/CodeIgniter.php(936): App\Controllers\Product->screening_management('edit', '1008')
#9 /home/wwwinte/public_html/screening/system/CodeIgniter.php(432): CodeIgniter\CodeIgniter->runController(Object(App\Controllers\Product))
#10 /home/wwwinte/public_html/screening/system/CodeIgniter.php(333): CodeIgniter\CodeIgniter->handleRequest(NULL, Object(Config\Cache), false)
#11 /home/wwwinte/public_html/screening/public/index.php(44): CodeIgniter\CodeIgniter->run()
#12 {main}
CRITICAL - 2021-04-05 22:56:51 --> Object of class stdClass could not be converted to string
#0 /home/wwwinte/public_html/screening/app/Models/InterneticsModel.php(80): CodeIgniter\Debug\Exceptions->errorHandler(4096, 'Object of class...', '/home/wwwinte/p...', 80, Array)
#1 /home/wwwinte/public_html/screening/app/Libraries/GroceryCrud.php(1426): App\Models\InterneticsModel->get_relation_n_n_unselected_array(Object(stdClass), Array)
#2 /home/wwwinte/public_html/screening/app/Libraries/InterneticsLibrary.php(82): App\Libraries\grocery_CRUD_Model_Driver->get_relation_n_n_unselected_array(Object(stdClass), Array)
#3 /home/wwwinte/public_html/screening/app/Libraries/GroceryCrud.php(231): App\Libraries\InterneticsLibrary->get_relation_n_n_input(Object(stdClass), Array)
#4 /home/wwwinte/public_html/screening/app/Libraries/InterneticsLibrary.php(254): App\Libraries\grocery_CRUD_Field_Types->get_field_input(Object(stdClass), Array)
#5 /home/wwwinte/public_html/screening/app/Libraries/GroceryCrud.php(1832): App\Libraries\InterneticsLibrary->get_edit_input_fields(Object(stdClass))
#6 /home/wwwinte/public_html/screening/app/Libraries/GroceryCrud.php(4532): App\Libraries\grocery_CRUD_Layout->showEditForm(Object(stdClass))
#7 /home/wwwinte/public_html/screening/app/Controllers/Product.php(211): App\Libraries\GroceryCrud->render()
#8 /home/wwwinte/public_html/screening/system/CodeIgniter.php(936): App\Controllers\Product->screening_management('edit', '1008')
#9 /home/wwwinte/public_html/screening/system/CodeIgniter.php(432): CodeIgniter\CodeIgniter->runController(Object(App\Controllers\Product))
#10 /home/wwwinte/public_html/screening/system/CodeIgniter.php(333): CodeIgniter\CodeIgniter->handleRequest(NULL, Object(Config\Cache), false)
#11 /home/wwwinte/public_html/screening/public/index.php(44): CodeIgniter\CodeIgniter->run()
#12 {main}
CRITICAL - 2021-04-05 22:57:42 --> Call to undefined function App\Models\printr()
#0 /home/wwwinte/public_html/screening/app/Libraries/GroceryCrud.php(1426): App\Models\InterneticsModel->get_relation_n_n_unselected_array(Object(stdClass), Array)
#1 /home/wwwinte/public_html/screening/app/Libraries/InterneticsLibrary.php(82): App\Libraries\grocery_CRUD_Model_Driver->get_relation_n_n_unselected_array(Object(stdClass), Array)
#2 /home/wwwinte/public_html/screening/app/Libraries/GroceryCrud.php(231): App\Libraries\InterneticsLibrary->get_relation_n_n_input(Object(stdClass), Array)
#3 /home/wwwinte/public_html/screening/app/Libraries/InterneticsLibrary.php(254): App\Libraries\grocery_CRUD_Field_Types->get_field_input(Object(stdClass), Array)
#4 /home/wwwinte/public_html/screening/app/Libraries/GroceryCrud.php(1832): App\Libraries\InterneticsLibrary->get_edit_input_fields(Object(stdClass))
#5 /home/wwwinte/public_html/screening/app/Libraries/GroceryCrud.php(4532): App\Libraries\grocery_CRUD_Layout->showEditForm(Object(stdClass))
#6 /home/wwwinte/public_html/screening/app/Controllers/Product.php(211): App\Libraries\GroceryCrud->render()
#7 /home/wwwinte/public_html/screening/system/CodeIgniter.php(936): App\Controllers\Product->screening_management('edit', '1008')
#8 /home/wwwinte/public_html/screening/system/CodeIgniter.php(432): CodeIgniter\CodeIgniter->runController(Object(App\Controllers\Product))
#9 /home/wwwinte/public_html/screening/system/CodeIgniter.php(333): CodeIgniter\CodeIgniter->handleRequest(NULL, Object(Config\Cache), false)
#10 /home/wwwinte/public_html/screening/public/index.php(44): CodeIgniter\CodeIgniter->run()
#11 {main}
CRITICAL - 2021-04-05 22:58:18 --> Call to undefined function App\Models\printr()
#0 /home/wwwinte/public_html/screening/app/Libraries/GroceryCrud.php(1426): App\Models\InterneticsModel->get_relation_n_n_unselected_array(Object(stdClass), Array)
#1 /home/wwwinte/public_html/screening/app/Libraries/InterneticsLibrary.php(82): App\Libraries\grocery_CRUD_Model_Driver->get_relation_n_n_unselected_array(Object(stdClass), Array)
#2 /home/wwwinte/public_html/screening/app/Libraries/GroceryCrud.php(231): App\Libraries\InterneticsLibrary->get_relation_n_n_input(Object(stdClass), Array)
#3 /home/wwwinte/public_html/screening/app/Libraries/InterneticsLibrary.php(254): App\Libraries\grocery_CRUD_Field_Types->get_field_input(Object(stdClass), Array)
#4 /home/wwwinte/public_html/screening/app/Libraries/GroceryCrud.php(1832): App\Libraries\InterneticsLibrary->get_edit_input_fields(Object(stdClass))
#5 /home/wwwinte/public_html/screening/app/Libraries/GroceryCrud.php(4532): App\Libraries\grocery_CRUD_Layout->showEditForm(Object(stdClass))
#6 /home/wwwinte/public_html/screening/app/Controllers/Product.php(211): App\Libraries\GroceryCrud->render()
#7 /home/wwwinte/public_html/screening/system/CodeIgniter.php(936): App\Controllers\Product->screening_management('edit', '1008')
#8 /home/wwwinte/public_html/screening/system/CodeIgniter.php(432): CodeIgniter\CodeIgniter->runController(Object(App\Controllers\Product))
#9 /home/wwwinte/public_html/screening/system/CodeIgniter.php(333): CodeIgniter\CodeIgniter->handleRequest(NULL, Object(Config\Cache), false)
#10 /home/wwwinte/public_html/screening/public/index.php(44): CodeIgniter\CodeIgniter->run()
#11 {main}
CRITICAL - 2021-04-05 23:04:27 --> Undefined property: App\Libraries\InterneticsLibrary::$db
#0 /home/wwwinte/public_html/screening/app/Libraries/InterneticsLibrary.php(74): CodeIgniter\Debug\Exceptions->errorHandler(8, 'Undefined prope...', '/home/wwwinte/p...', 74, Array)
#1 /home/wwwinte/public_html/screening/app/Libraries/GroceryCrud.php(231): App\Libraries\InterneticsLibrary->get_relation_n_n_input(Object(stdClass), Array)
#2 /home/wwwinte/public_html/screening/app/Libraries/InterneticsLibrary.php(254): App\Libraries\grocery_CRUD_Field_Types->get_field_input(Object(stdClass), Array)
#3 /home/wwwinte/public_html/screening/app/Libraries/GroceryCrud.php(1832): App\Libraries\InterneticsLibrary->get_edit_input_fields(Object(stdClass))
#4 /home/wwwinte/public_html/screening/app/Libraries/GroceryCrud.php(4532): App\Libraries\grocery_CRUD_Layout->showEditForm(Object(stdClass))
#5 /home/wwwinte/public_html/screening/app/Controllers/Product.php(211): App\Libraries\GroceryCrud->render()
#6 /home/wwwinte/public_html/screening/system/CodeIgniter.php(936): App\Controllers\Product->screening_management('edit', '1008')
#7 /home/wwwinte/public_html/screening/system/CodeIgniter.php(432): CodeIgniter\CodeIgniter->runController(Object(App\Controllers\Product))
#8 /home/wwwinte/public_html/screening/system/CodeIgniter.php(333): CodeIgniter\CodeIgniter->handleRequest(NULL, Object(Config\Cache), false)
#9 /home/wwwinte/public_html/screening/public/index.php(44): CodeIgniter\CodeIgniter->run()
#10 {main}
CRITICAL - 2021-04-05 23:11:47 --> Undefined property: stdClass::$item_id
#0 /home/wwwinte/public_html/screening/app/Models/InterneticsModel.php(90): CodeIgniter\Debug\Exceptions->errorHandler(8, 'Undefined prope...', '/home/wwwinte/p...', 90, Array)
#1 /home/wwwinte/public_html/screening/app/Libraries/GroceryCrud.php(1426): App\Models\InterneticsModel->get_relation_n_n_unselected_array(Object(stdClass), Array)
#2 /home/wwwinte/public_html/screening/app/Libraries/InterneticsLibrary.php(81): App\Libraries\grocery_CRUD_Model_Driver->get_relation_n_n_unselected_array(Object(stdClass), Array)
#3 /home/wwwinte/public_html/screening/app/Libraries/GroceryCrud.php(231): App\Libraries\InterneticsLibrary->get_relation_n_n_input(Object(stdClass), Array)
#4 /home/wwwinte/public_html/screening/app/Libraries/InterneticsLibrary.php(253): App\Libraries\grocery_CRUD_Field_Types->get_field_input(Object(stdClass), Array)
#5 /home/wwwinte/public_html/screening/app/Libraries/GroceryCrud.php(1832): App\Libraries\InterneticsLibrary->get_edit_input_fields(Object(stdClass))
#6 /home/wwwinte/public_html/screening/app/Libraries/GroceryCrud.php(4532): App\Libraries\grocery_CRUD_Layout->showEditForm(Object(stdClass))
#7 /home/wwwinte/public_html/screening/app/Controllers/Product.php(211): App\Libraries\GroceryCrud->render()
#8 /home/wwwinte/public_html/screening/system/CodeIgniter.php(936): App\Controllers\Product->screening_management('edit', '1008')
#9 /home/wwwinte/public_html/screening/system/CodeIgniter.php(432): CodeIgniter\CodeIgniter->runController(Object(App\Controllers\Product))
#10 /home/wwwinte/public_html/screening/system/CodeIgniter.php(333): CodeIgniter\CodeIgniter->handleRequest(NULL, Object(Config\Cache), false)
#11 /home/wwwinte/public_html/screening/public/index.php(44): CodeIgniter\CodeIgniter->run()
#12 {main}
CRITICAL - 2021-04-05 23:35:27 --> Undefined property: stdClass::$image
#0 /home/wwwinte/public_html/screening/app/Libraries/InterneticsLibrary.php(70): CodeIgniter\Debug\Exceptions->errorHandler(8, 'Undefined prope...', '/home/wwwinte/p...', 70, Array)
#1 /home/wwwinte/public_html/screening/app/Libraries/GroceryCrud.php(231): App\Libraries\InterneticsLibrary->get_relation_n_n_input(Object(stdClass), Array)
#2 /home/wwwinte/public_html/screening/app/Libraries/InterneticsLibrary.php(255): App\Libraries\grocery_CRUD_Field_Types->get_field_input(Object(stdClass), Array)
#3 /home/wwwinte/public_html/screening/app/Libraries/GroceryCrud.php(1832): App\Libraries\InterneticsLibrary->get_edit_input_fields(Object(stdClass))
#4 /home/wwwinte/public_html/screening/app/Libraries/GroceryCrud.php(4532): App\Libraries\grocery_CRUD_Layout->showEditForm(Object(stdClass))
#5 /home/wwwinte/public_html/screening/app/Controllers/Product.php(211): App\Libraries\GroceryCrud->render()
#6 /home/wwwinte/public_html/screening/system/CodeIgniter.php(936): App\Controllers\Product->screening_management('edit', '1008')
#7 /home/wwwinte/public_html/screening/system/CodeIgniter.php(432): CodeIgniter\CodeIgniter->runController(Object(App\Controllers\Product))
#8 /home/wwwinte/public_html/screening/system/CodeIgniter.php(333): CodeIgniter\CodeIgniter->handleRequest(NULL, Object(Config\Cache), false)
#9 /home/wwwinte/public_html/screening/public/index.php(44): CodeIgniter\CodeIgniter->run()
#10 {main}
CRITICAL - 2021-04-05 23:54:21 --> Undefined variable: db
#0 /home/wwwinte/public_html/screening/app/Libraries/InterneticsLibrary.php(124): CodeIgniter\Debug\Exceptions->errorHandler(8, 'Undefined varia...', '/home/wwwinte/p...', 124, Array)
#1 /home/wwwinte/public_html/screening/app/Libraries/GroceryCrud.php(231): App\Libraries\InterneticsLibrary->get_relation_n_n_input(Object(stdClass), Array)
#2 /home/wwwinte/public_html/screening/app/Libraries/InterneticsLibrary.php(263): App\Libraries\grocery_CRUD_Field_Types->get_field_input(Object(stdClass), Array)
#3 /home/wwwinte/public_html/screening/app/Libraries/GroceryCrud.php(1832): App\Libraries\InterneticsLibrary->get_edit_input_fields(Object(stdClass))
#4 /home/wwwinte/public_html/screening/app/Libraries/GroceryCrud.php(4532): App\Libraries\grocery_CRUD_Layout->showEditForm(Object(stdClass))
#5 /home/wwwinte/public_html/screening/app/Controllers/Product.php(211): App\Libraries\GroceryCrud->render()
#6 /home/wwwinte/public_html/screening/system/CodeIgniter.php(936): App\Controllers\Product->screening_management('edit', '1008')
#7 /home/wwwinte/public_html/screening/system/CodeIgniter.php(432): CodeIgniter\CodeIgniter->runController(Object(App\Controllers\Product))
#8 /home/wwwinte/public_html/screening/system/CodeIgniter.php(333): CodeIgniter\CodeIgniter->handleRequest(NULL, Object(Config\Cache), false)
#9 /home/wwwinte/public_html/screening/public/index.php(44): CodeIgniter\CodeIgniter->run()
#10 {main}
