CRITICAL - 2021-04-06 00:01:32 --> Undefined property: App\Libraries\InterneticsLibrary::$get_total_results
#0 /home/wwwinte/public_html/screening/app/Libraries/InterneticsLibrary.php(75): CodeIgniter\Debug\Exceptions->errorHandler(8, 'Undefined prope...', '/home/wwwinte/p...', 75, Array)
#1 /home/wwwinte/public_html/screening/app/Libraries/GroceryCrud.php(231): App\Libraries\InterneticsLibrary->get_relation_n_n_input(Object(stdClass), Array)
#2 /home/wwwinte/public_html/screening/app/Libraries/InterneticsLibrary.php(265): App\Libraries\grocery_CRUD_Field_Types->get_field_input(Object(stdClass), Array)
#3 /home/wwwinte/public_html/screening/app/Libraries/GroceryCrud.php(1832): App\Libraries\InterneticsLibrary->get_edit_input_fields(Object(stdClass))
#4 /home/wwwinte/public_html/screening/app/Libraries/GroceryCrud.php(4532): App\Libraries\grocery_CRUD_Layout->showEditForm(Object(stdClass))
#5 /home/wwwinte/public_html/screening/app/Controllers/Product.php(211): App\Libraries\GroceryCrud->render()
#6 /home/wwwinte/public_html/screening/system/CodeIgniter.php(936): App\Controllers\Product->screening_management('edit', '1008')
#7 /home/wwwinte/public_html/screening/system/CodeIgniter.php(432): CodeIgniter\CodeIgniter->runController(Object(App\Controllers\Product))
#8 /home/wwwinte/public_html/screening/system/CodeIgniter.php(333): CodeIgniter\CodeIgniter->handleRequest(NULL, Object(Config\Cache), false)
#9 /home/wwwinte/public_html/screening/public/index.php(44): CodeIgniter\CodeIgniter->run()
#10 {main}
CRITICAL - 2021-04-06 00:03:30 --> Call to undefined method App\Libraries\InterneticsLibrary::get_row()
#0 /home/wwwinte/public_html/screening/app/Libraries/GroceryCrud.php(231): App\Libraries\InterneticsLibrary->get_relation_n_n_input(Object(stdClass), Array)
#1 /home/wwwinte/public_html/screening/app/Libraries/InterneticsLibrary.php(265): App\Libraries\grocery_CRUD_Field_Types->get_field_input(Object(stdClass), Array)
#2 /home/wwwinte/public_html/screening/app/Libraries/GroceryCrud.php(1832): App\Libraries\InterneticsLibrary->get_edit_input_fields(Object(stdClass))
#3 /home/wwwinte/public_html/screening/app/Libraries/GroceryCrud.php(4532): App\Libraries\grocery_CRUD_Layout->showEditForm(Object(stdClass))
#4 /home/wwwinte/public_html/screening/app/Controllers/Product.php(211): App\Libraries\GroceryCrud->render()
#5 /home/wwwinte/public_html/screening/system/CodeIgniter.php(936): App\Controllers\Product->screening_management('edit', '1008')
#6 /home/wwwinte/public_html/screening/system/CodeIgniter.php(432): CodeIgniter\CodeIgniter->runController(Object(App\Controllers\Product))
#7 /home/wwwinte/public_html/screening/system/CodeIgniter.php(333): CodeIgniter\CodeIgniter->handleRequest(NULL, Object(Config\Cache), false)
#8 /home/wwwinte/public_html/screening/public/index.php(44): CodeIgniter\CodeIgniter->run()
#9 {main}
CRITICAL - 2021-04-06 00:04:10 --> Call to undefined function App\Libraries\get_row()
#0 /home/wwwinte/public_html/screening/app/Libraries/GroceryCrud.php(231): App\Libraries\InterneticsLibrary->get_relation_n_n_input(Object(stdClass), Array)
#1 /home/wwwinte/public_html/screening/app/Libraries/InterneticsLibrary.php(265): App\Libraries\grocery_CRUD_Field_Types->get_field_input(Object(stdClass), Array)
#2 /home/wwwinte/public_html/screening/app/Libraries/GroceryCrud.php(1832): App\Libraries\InterneticsLibrary->get_edit_input_fields(Object(stdClass))
#3 /home/wwwinte/public_html/screening/app/Libraries/GroceryCrud.php(4532): App\Libraries\grocery_CRUD_Layout->showEditForm(Object(stdClass))
#4 /home/wwwinte/public_html/screening/app/Controllers/Product.php(211): App\Libraries\GroceryCrud->render()
#5 /home/wwwinte/public_html/screening/system/CodeIgniter.php(936): App\Controllers\Product->screening_management('edit', '1008')
#6 /home/wwwinte/public_html/screening/system/CodeIgniter.php(432): CodeIgniter\CodeIgniter->runController(Object(App\Controllers\Product))
#7 /home/wwwinte/public_html/screening/system/CodeIgniter.php(333): CodeIgniter\CodeIgniter->handleRequest(NULL, Object(Config\Cache), false)
#8 /home/wwwinte/public_html/screening/public/index.php(44): CodeIgniter\CodeIgniter->run()
#9 {main}
CRITICAL - 2021-04-06 00:06:00 --> Undefined variable: db
#0 /home/wwwinte/public_html/screening/app/Libraries/InterneticsLibrary.php(116): CodeIgniter\Debug\Exceptions->errorHandler(8, 'Undefined varia...', '/home/wwwinte/p...', 116, Array)
#1 /home/wwwinte/public_html/screening/app/Libraries/GroceryCrud.php(231): App\Libraries\InterneticsLibrary->get_relation_n_n_input(Object(stdClass), Array)
#2 /home/wwwinte/public_html/screening/app/Libraries/InterneticsLibrary.php(255): App\Libraries\grocery_CRUD_Field_Types->get_field_input(Object(stdClass), Array)
#3 /home/wwwinte/public_html/screening/app/Libraries/GroceryCrud.php(1832): App\Libraries\InterneticsLibrary->get_edit_input_fields(Object(stdClass))
#4 /home/wwwinte/public_html/screening/app/Libraries/GroceryCrud.php(4532): App\Libraries\grocery_CRUD_Layout->showEditForm(Object(stdClass))
#5 /home/wwwinte/public_html/screening/app/Controllers/Product.php(211): App\Libraries\GroceryCrud->render()
#6 /home/wwwinte/public_html/screening/system/CodeIgniter.php(936): App\Controllers\Product->screening_management('edit', '1008')
#7 /home/wwwinte/public_html/screening/system/CodeIgniter.php(432): CodeIgniter\CodeIgniter->runController(Object(App\Controllers\Product))
#8 /home/wwwinte/public_html/screening/system/CodeIgniter.php(333): CodeIgniter\CodeIgniter->handleRequest(NULL, Object(Config\Cache), false)
#9 /home/wwwinte/public_html/screening/public/index.php(44): CodeIgniter\CodeIgniter->run()
#10 {main}
CRITICAL - 2021-04-06 00:08:39 --> Undefined variable: db
#0 /home/wwwinte/public_html/screening/app/Libraries/InterneticsLibrary.php(116): CodeIgniter\Debug\Exceptions->errorHandler(8, 'Undefined varia...', '/home/wwwinte/p...', 116, Array)
#1 /home/wwwinte/public_html/screening/app/Libraries/GroceryCrud.php(231): App\Libraries\InterneticsLibrary->get_relation_n_n_input(Object(stdClass), Array)
#2 /home/wwwinte/public_html/screening/app/Libraries/InterneticsLibrary.php(255): App\Libraries\grocery_CRUD_Field_Types->get_field_input(Object(stdClass), Array)
#3 /home/wwwinte/public_html/screening/app/Libraries/GroceryCrud.php(1832): App\Libraries\InterneticsLibrary->get_edit_input_fields(Object(stdClass))
#4 /home/wwwinte/public_html/screening/app/Libraries/GroceryCrud.php(4532): App\Libraries\grocery_CRUD_Layout->showEditForm(Object(stdClass))
#5 /home/wwwinte/public_html/screening/app/Controllers/Product.php(211): App\Libraries\GroceryCrud->render()
#6 /home/wwwinte/public_html/screening/system/CodeIgniter.php(936): App\Controllers\Product->screening_management('edit', '1008')
#7 /home/wwwinte/public_html/screening/system/CodeIgniter.php(432): CodeIgniter\CodeIgniter->runController(Object(App\Controllers\Product))
#8 /home/wwwinte/public_html/screening/system/CodeIgniter.php(333): CodeIgniter\CodeIgniter->handleRequest(NULL, Object(Config\Cache), false)
#9 /home/wwwinte/public_html/screening/public/index.php(44): CodeIgniter\CodeIgniter->run()
#10 {main}
CRITICAL - 2021-04-06 00:15:46 --> syntax error, unexpected '<'
#0 /home/wwwinte/public_html/screening/system/Autoloader/Autoloader.php(265): CodeIgniter\Autoloader\Autoloader->includeFile('/home/wwwinte/p...')
#1 /home/wwwinte/public_html/screening/system/Autoloader/Autoloader.php(228): CodeIgniter\Autoloader\Autoloader->loadInNamespace('App\\Libraries\\I...')
#2 [internal function]: CodeIgniter\Autoloader\Autoloader->loadClass('App\\Libraries\\I...')
#3 /home/wwwinte/public_html/screening/app/Controllers/Product.php(148): spl_autoload_call('App\\Libraries\\I...')
#4 /home/wwwinte/public_html/screening/system/CodeIgniter.php(936): App\Controllers\Product->screening_management('edit', '1008')
#5 /home/wwwinte/public_html/screening/system/CodeIgniter.php(432): CodeIgniter\CodeIgniter->runController(Object(App\Controllers\Product))
#6 /home/wwwinte/public_html/screening/system/CodeIgniter.php(333): CodeIgniter\CodeIgniter->handleRequest(NULL, Object(Config\Cache), false)
#7 /home/wwwinte/public_html/screening/public/index.php(44): CodeIgniter\CodeIgniter->run()
#8 {main}
CRITICAL - 2021-04-06 00:16:14 --> Class 'App\Libraries\mysqli' not found
#0 /home/wwwinte/public_html/screening/app/Libraries/GroceryCrud.php(231): App\Libraries\InterneticsLibrary->get_relation_n_n_input(Object(stdClass), Array)
#1 /home/wwwinte/public_html/screening/app/Libraries/InterneticsLibrary.php(293): App\Libraries\grocery_CRUD_Field_Types->get_field_input(Object(stdClass), Array)
#2 /home/wwwinte/public_html/screening/app/Libraries/GroceryCrud.php(1832): App\Libraries\InterneticsLibrary->get_edit_input_fields(Object(stdClass))
#3 /home/wwwinte/public_html/screening/app/Libraries/GroceryCrud.php(4532): App\Libraries\grocery_CRUD_Layout->showEditForm(Object(stdClass))
#4 /home/wwwinte/public_html/screening/app/Controllers/Product.php(211): App\Libraries\GroceryCrud->render()
#5 /home/wwwinte/public_html/screening/system/CodeIgniter.php(936): App\Controllers\Product->screening_management('edit', '1008')
#6 /home/wwwinte/public_html/screening/system/CodeIgniter.php(432): CodeIgniter\CodeIgniter->runController(Object(App\Controllers\Product))
#7 /home/wwwinte/public_html/screening/system/CodeIgniter.php(333): CodeIgniter\CodeIgniter->handleRequest(NULL, Object(Config\Cache), false)
#8 /home/wwwinte/public_html/screening/public/index.php(44): CodeIgniter\CodeIgniter->run()
#9 {main}
CRITICAL - 2021-04-06 00:18:29 --> Undefined variable: db
#0 /home/wwwinte/public_html/screening/app/Libraries/InterneticsLibrary.php(154): CodeIgniter\Debug\Exceptions->errorHandler(8, 'Undefined varia...', '/home/wwwinte/p...', 154, Array)
#1 /home/wwwinte/public_html/screening/app/Libraries/GroceryCrud.php(231): App\Libraries\InterneticsLibrary->get_relation_n_n_input(Object(stdClass), Array)
#2 /home/wwwinte/public_html/screening/app/Libraries/InterneticsLibrary.php(293): App\Libraries\grocery_CRUD_Field_Types->get_field_input(Object(stdClass), Array)
#3 /home/wwwinte/public_html/screening/app/Libraries/GroceryCrud.php(1832): App\Libraries\InterneticsLibrary->get_edit_input_fields(Object(stdClass))
#4 /home/wwwinte/public_html/screening/app/Libraries/GroceryCrud.php(4532): App\Libraries\grocery_CRUD_Layout->showEditForm(Object(stdClass))
#5 /home/wwwinte/public_html/screening/app/Controllers/Product.php(211): App\Libraries\GroceryCrud->render()
#6 /home/wwwinte/public_html/screening/system/CodeIgniter.php(936): App\Controllers\Product->screening_management('edit', '1008')
#7 /home/wwwinte/public_html/screening/system/CodeIgniter.php(432): CodeIgniter\CodeIgniter->runController(Object(App\Controllers\Product))
#8 /home/wwwinte/public_html/screening/system/CodeIgniter.php(333): CodeIgniter\CodeIgniter->handleRequest(NULL, Object(Config\Cache), false)
#9 /home/wwwinte/public_html/screening/public/index.php(44): CodeIgniter\CodeIgniter->run()
#10 {main}
CRITICAL - 2021-04-06 00:18:29 --> Uncaught ErrorException: print_r(): Property access is not allowed yet in /home/wwwinte/public_html/screening/app/Views/errors/html/error_exception.php:100
Stack trace:
#0 [internal function]: CodeIgniter\Debug\Exceptions->errorHandler(2, 'print_r(): Prop...', '/home/wwwinte/p...', 100, Array)
#1 /home/wwwinte/public_html/screening/app/Views/errors/html/error_exception.php(100): print_r(Array, true)
#2 /home/wwwinte/public_html/screening/system/Debug/Exceptions.php(281): include('/home/wwwinte/p...')
#3 /home/wwwinte/public_html/screening/system/Debug/Exceptions.php(147): CodeIgniter\Debug\Exceptions->render(Object(ErrorException), 500)
#4 [internal function]: CodeIgniter\Debug\Exceptions->exceptionHandler(Object(ErrorException))
#5 {main}
  thrown
#0 [internal function]: CodeIgniter\Debug\Exceptions->shutdownHandler()
#1 {main}
CRITICAL - 2021-04-06 00:22:12 --> Table 'wwwinte_screening.tutorials_inf' doesn't exist
#0 /home/wwwinte/public_html/screening/app/Libraries/InterneticsLibrary.php(101): mysqli_query(Object(mysqli), 'SELECT name FRO...')
#1 /home/wwwinte/public_html/screening/app/Libraries/GroceryCrud.php(231): App\Libraries\InterneticsLibrary->get_relation_n_n_input(Object(stdClass), Array)
#2 /home/wwwinte/public_html/screening/app/Libraries/InterneticsLibrary.php(295): App\Libraries\grocery_CRUD_Field_Types->get_field_input(Object(stdClass), Array)
#3 /home/wwwinte/public_html/screening/app/Libraries/GroceryCrud.php(1832): App\Libraries\InterneticsLibrary->get_edit_input_fields(Object(stdClass))
#4 /home/wwwinte/public_html/screening/app/Libraries/GroceryCrud.php(4532): App\Libraries\grocery_CRUD_Layout->showEditForm(Object(stdClass))
#5 /home/wwwinte/public_html/screening/app/Controllers/Product.php(211): App\Libraries\GroceryCrud->render()
#6 /home/wwwinte/public_html/screening/system/CodeIgniter.php(936): App\Controllers\Product->screening_management('edit', '1008')
#7 /home/wwwinte/public_html/screening/system/CodeIgniter.php(432): CodeIgniter\CodeIgniter->runController(Object(App\Controllers\Product))
#8 /home/wwwinte/public_html/screening/system/CodeIgniter.php(333): CodeIgniter\CodeIgniter->handleRequest(NULL, Object(Config\Cache), false)
#9 /home/wwwinte/public_html/screening/public/index.php(44): CodeIgniter\CodeIgniter->run()
#10 {main}
CRITICAL - 2021-04-06 00:23:00 --> Undefined index: image
#0 /home/wwwinte/public_html/screening/app/Libraries/InterneticsLibrary.php(105): CodeIgniter\Debug\Exceptions->errorHandler(8, 'Undefined index...', '/home/wwwinte/p...', 105, Array)
#1 /home/wwwinte/public_html/screening/app/Libraries/GroceryCrud.php(231): App\Libraries\InterneticsLibrary->get_relation_n_n_input(Object(stdClass), Array)
#2 /home/wwwinte/public_html/screening/app/Libraries/InterneticsLibrary.php(295): App\Libraries\grocery_CRUD_Field_Types->get_field_input(Object(stdClass), Array)
#3 /home/wwwinte/public_html/screening/app/Libraries/GroceryCrud.php(1832): App\Libraries\InterneticsLibrary->get_edit_input_fields(Object(stdClass))
#4 /home/wwwinte/public_html/screening/app/Libraries/GroceryCrud.php(4532): App\Libraries\grocery_CRUD_Layout->showEditForm(Object(stdClass))
#5 /home/wwwinte/public_html/screening/app/Controllers/Product.php(211): App\Libraries\GroceryCrud->render()
#6 /home/wwwinte/public_html/screening/system/CodeIgniter.php(936): App\Controllers\Product->screening_management('edit', '1008')
#7 /home/wwwinte/public_html/screening/system/CodeIgniter.php(432): CodeIgniter\CodeIgniter->runController(Object(App\Controllers\Product))
#8 /home/wwwinte/public_html/screening/system/CodeIgniter.php(333): CodeIgniter\CodeIgniter->handleRequest(NULL, Object(Config\Cache), false)
#9 /home/wwwinte/public_html/screening/public/index.php(44): CodeIgniter\CodeIgniter->run()
#10 {main}
CRITICAL - 2021-04-06 00:24:32 --> Undefined index: image
#0 /home/wwwinte/public_html/screening/app/Libraries/InterneticsLibrary.php(102): CodeIgniter\Debug\Exceptions->errorHandler(8, 'Undefined index...', '/home/wwwinte/p...', 102, Array)
#1 /home/wwwinte/public_html/screening/app/Libraries/GroceryCrud.php(231): App\Libraries\InterneticsLibrary->get_relation_n_n_input(Object(stdClass), Array)
#2 /home/wwwinte/public_html/screening/app/Libraries/InterneticsLibrary.php(292): App\Libraries\grocery_CRUD_Field_Types->get_field_input(Object(stdClass), Array)
#3 /home/wwwinte/public_html/screening/app/Libraries/GroceryCrud.php(1832): App\Libraries\InterneticsLibrary->get_edit_input_fields(Object(stdClass))
#4 /home/wwwinte/public_html/screening/app/Libraries/GroceryCrud.php(4532): App\Libraries\grocery_CRUD_Layout->showEditForm(Object(stdClass))
#5 /home/wwwinte/public_html/screening/app/Controllers/Product.php(211): App\Libraries\GroceryCrud->render()
#6 /home/wwwinte/public_html/screening/system/CodeIgniter.php(936): App\Controllers\Product->screening_management('edit', '1008')
#7 /home/wwwinte/public_html/screening/system/CodeIgniter.php(432): CodeIgniter\CodeIgniter->runController(Object(App\Controllers\Product))
#8 /home/wwwinte/public_html/screening/system/CodeIgniter.php(333): CodeIgniter\CodeIgniter->handleRequest(NULL, Object(Config\Cache), false)
#9 /home/wwwinte/public_html/screening/public/index.php(44): CodeIgniter\CodeIgniter->run()
#10 {main}
CRITICAL - 2021-04-06 00:24:57 --> Undefined variable: db
#0 /home/wwwinte/public_html/screening/app/Libraries/InterneticsLibrary.php(153): CodeIgniter\Debug\Exceptions->errorHandler(8, 'Undefined varia...', '/home/wwwinte/p...', 153, Array)
#1 /home/wwwinte/public_html/screening/app/Libraries/GroceryCrud.php(231): App\Libraries\InterneticsLibrary->get_relation_n_n_input(Object(stdClass), Array)
#2 /home/wwwinte/public_html/screening/app/Libraries/InterneticsLibrary.php(292): App\Libraries\grocery_CRUD_Field_Types->get_field_input(Object(stdClass), Array)
#3 /home/wwwinte/public_html/screening/app/Libraries/GroceryCrud.php(1832): App\Libraries\InterneticsLibrary->get_edit_input_fields(Object(stdClass))
#4 /home/wwwinte/public_html/screening/app/Libraries/GroceryCrud.php(4532): App\Libraries\grocery_CRUD_Layout->showEditForm(Object(stdClass))
#5 /home/wwwinte/public_html/screening/app/Controllers/Product.php(211): App\Libraries\GroceryCrud->render()
#6 /home/wwwinte/public_html/screening/system/CodeIgniter.php(936): App\Controllers\Product->screening_management('edit', '1008')
#7 /home/wwwinte/public_html/screening/system/CodeIgniter.php(432): CodeIgniter\CodeIgniter->runController(Object(App\Controllers\Product))
#8 /home/wwwinte/public_html/screening/system/CodeIgniter.php(333): CodeIgniter\CodeIgniter->handleRequest(NULL, Object(Config\Cache), false)
#9 /home/wwwinte/public_html/screening/public/index.php(44): CodeIgniter\CodeIgniter->run()
#10 {main}
CRITICAL - 2021-04-06 00:24:57 --> Uncaught ErrorException: print_r(): Property access is not allowed yet in /home/wwwinte/public_html/screening/app/Views/errors/html/error_exception.php:100
Stack trace:
#0 [internal function]: CodeIgniter\Debug\Exceptions->errorHandler(2, 'print_r(): Prop...', '/home/wwwinte/p...', 100, Array)
#1 /home/wwwinte/public_html/screening/app/Views/errors/html/error_exception.php(100): print_r(Array, true)
#2 /home/wwwinte/public_html/screening/system/Debug/Exceptions.php(281): include('/home/wwwinte/p...')
#3 /home/wwwinte/public_html/screening/system/Debug/Exceptions.php(147): CodeIgniter\Debug\Exceptions->render(Object(ErrorException), 500)
#4 [internal function]: CodeIgniter\Debug\Exceptions->exceptionHandler(Object(ErrorException))
#5 {main}
  thrown
#0 [internal function]: CodeIgniter\Debug\Exceptions->shutdownHandler()
#1 {main}
CRITICAL - 2021-04-06 00:26:47 --> Undefined variable: mysqli
#0 /home/wwwinte/public_html/screening/app/Libraries/InterneticsLibrary.php(93): CodeIgniter\Debug\Exceptions->errorHandler(8, 'Undefined varia...', '/home/wwwinte/p...', 93, Array)
#1 /home/wwwinte/public_html/screening/app/Libraries/GroceryCrud.php(231): App\Libraries\InterneticsLibrary->get_relation_n_n_input(Object(stdClass), Array)
#2 /home/wwwinte/public_html/screening/app/Libraries/InterneticsLibrary.php(293): App\Libraries\grocery_CRUD_Field_Types->get_field_input(Object(stdClass), Array)
#3 /home/wwwinte/public_html/screening/app/Libraries/GroceryCrud.php(1832): App\Libraries\InterneticsLibrary->get_edit_input_fields(Object(stdClass))
#4 /home/wwwinte/public_html/screening/app/Libraries/GroceryCrud.php(4532): App\Libraries\grocery_CRUD_Layout->showEditForm(Object(stdClass))
#5 /home/wwwinte/public_html/screening/app/Controllers/Product.php(211): App\Libraries\GroceryCrud->render()
#6 /home/wwwinte/public_html/screening/system/CodeIgniter.php(936): App\Controllers\Product->screening_management('edit', '1008')
#7 /home/wwwinte/public_html/screening/system/CodeIgniter.php(432): CodeIgniter\CodeIgniter->runController(Object(App\Controllers\Product))
#8 /home/wwwinte/public_html/screening/system/CodeIgniter.php(333): CodeIgniter\CodeIgniter->handleRequest(NULL, Object(Config\Cache), false)
#9 /home/wwwinte/public_html/screening/public/index.php(44): CodeIgniter\CodeIgniter->run()
#10 {main}
CRITICAL - 2021-04-06 00:27:08 --> Undefined variable: mysqli_connect
#0 /home/wwwinte/public_html/screening/app/Libraries/InterneticsLibrary.php(93): CodeIgniter\Debug\Exceptions->errorHandler(8, 'Undefined varia...', '/home/wwwinte/p...', 93, Array)
#1 /home/wwwinte/public_html/screening/app/Libraries/GroceryCrud.php(231): App\Libraries\InterneticsLibrary->get_relation_n_n_input(Object(stdClass), Array)
#2 /home/wwwinte/public_html/screening/app/Libraries/InterneticsLibrary.php(293): App\Libraries\grocery_CRUD_Field_Types->get_field_input(Object(stdClass), Array)
#3 /home/wwwinte/public_html/screening/app/Libraries/GroceryCrud.php(1832): App\Libraries\InterneticsLibrary->get_edit_input_fields(Object(stdClass))
#4 /home/wwwinte/public_html/screening/app/Libraries/GroceryCrud.php(4532): App\Libraries\grocery_CRUD_Layout->showEditForm(Object(stdClass))
#5 /home/wwwinte/public_html/screening/app/Controllers/Product.php(211): App\Libraries\GroceryCrud->render()
#6 /home/wwwinte/public_html/screening/system/CodeIgniter.php(936): App\Controllers\Product->screening_management('edit', '1008')
#7 /home/wwwinte/public_html/screening/system/CodeIgniter.php(432): CodeIgniter\CodeIgniter->runController(Object(App\Controllers\Product))
#8 /home/wwwinte/public_html/screening/system/CodeIgniter.php(333): CodeIgniter\CodeIgniter->handleRequest(NULL, Object(Config\Cache), false)
#9 /home/wwwinte/public_html/screening/public/index.php(44): CodeIgniter\CodeIgniter->run()
#10 {main}
CRITICAL - 2021-04-06 00:27:32 --> Undefined variable: db
#0 /home/wwwinte/public_html/screening/app/Libraries/InterneticsLibrary.php(154): CodeIgniter\Debug\Exceptions->errorHandler(8, 'Undefined varia...', '/home/wwwinte/p...', 154, Array)
#1 /home/wwwinte/public_html/screening/app/Libraries/GroceryCrud.php(231): App\Libraries\InterneticsLibrary->get_relation_n_n_input(Object(stdClass), Array)
#2 /home/wwwinte/public_html/screening/app/Libraries/InterneticsLibrary.php(293): App\Libraries\grocery_CRUD_Field_Types->get_field_input(Object(stdClass), Array)
#3 /home/wwwinte/public_html/screening/app/Libraries/GroceryCrud.php(1832): App\Libraries\InterneticsLibrary->get_edit_input_fields(Object(stdClass))
#4 /home/wwwinte/public_html/screening/app/Libraries/GroceryCrud.php(4532): App\Libraries\grocery_CRUD_Layout->showEditForm(Object(stdClass))
#5 /home/wwwinte/public_html/screening/app/Controllers/Product.php(211): App\Libraries\GroceryCrud->render()
#6 /home/wwwinte/public_html/screening/system/CodeIgniter.php(936): App\Controllers\Product->screening_management('edit', '1008')
#7 /home/wwwinte/public_html/screening/system/CodeIgniter.php(432): CodeIgniter\CodeIgniter->runController(Object(App\Controllers\Product))
#8 /home/wwwinte/public_html/screening/system/CodeIgniter.php(333): CodeIgniter\CodeIgniter->handleRequest(NULL, Object(Config\Cache), false)
#9 /home/wwwinte/public_html/screening/public/index.php(44): CodeIgniter\CodeIgniter->run()
#10 {main}
CRITICAL - 2021-04-06 00:27:32 --> Uncaught ErrorException: print_r(): Property access is not allowed yet in /home/wwwinte/public_html/screening/app/Views/errors/html/error_exception.php:100
Stack trace:
#0 [internal function]: CodeIgniter\Debug\Exceptions->errorHandler(2, 'print_r(): Prop...', '/home/wwwinte/p...', 100, Array)
#1 /home/wwwinte/public_html/screening/app/Views/errors/html/error_exception.php(100): print_r(Array, true)
#2 /home/wwwinte/public_html/screening/system/Debug/Exceptions.php(281): include('/home/wwwinte/p...')
#3 /home/wwwinte/public_html/screening/system/Debug/Exceptions.php(147): CodeIgniter\Debug\Exceptions->render(Object(ErrorException), 500)
#4 [internal function]: CodeIgniter\Debug\Exceptions->exceptionHandler(Object(ErrorException))
#5 {main}
  thrown
#0 [internal function]: CodeIgniter\Debug\Exceptions->shutdownHandler()
#1 {main}
CRITICAL - 2021-04-06 00:28:05 --> Undefined variable: db
#0 /home/wwwinte/public_html/screening/app/Libraries/InterneticsLibrary.php(151): CodeIgniter\Debug\Exceptions->errorHandler(8, 'Undefined varia...', '/home/wwwinte/p...', 151, Array)
#1 /home/wwwinte/public_html/screening/app/Libraries/GroceryCrud.php(231): App\Libraries\InterneticsLibrary->get_relation_n_n_input(Object(stdClass), Array)
#2 /home/wwwinte/public_html/screening/app/Libraries/InterneticsLibrary.php(290): App\Libraries\grocery_CRUD_Field_Types->get_field_input(Object(stdClass), Array)
#3 /home/wwwinte/public_html/screening/app/Libraries/GroceryCrud.php(1832): App\Libraries\InterneticsLibrary->get_edit_input_fields(Object(stdClass))
#4 /home/wwwinte/public_html/screening/app/Libraries/GroceryCrud.php(4532): App\Libraries\grocery_CRUD_Layout->showEditForm(Object(stdClass))
#5 /home/wwwinte/public_html/screening/app/Controllers/Product.php(211): App\Libraries\GroceryCrud->render()
#6 /home/wwwinte/public_html/screening/system/CodeIgniter.php(936): App\Controllers\Product->screening_management('edit', '1008')
#7 /home/wwwinte/public_html/screening/system/CodeIgniter.php(432): CodeIgniter\CodeIgniter->runController(Object(App\Controllers\Product))
#8 /home/wwwinte/public_html/screening/system/CodeIgniter.php(333): CodeIgniter\CodeIgniter->handleRequest(NULL, Object(Config\Cache), false)
#9 /home/wwwinte/public_html/screening/public/index.php(44): CodeIgniter\CodeIgniter->run()
#10 {main}
CRITICAL - 2021-04-06 00:28:05 --> Uncaught ErrorException: print_r(): Property access is not allowed yet in /home/wwwinte/public_html/screening/app/Views/errors/html/error_exception.php:100
Stack trace:
#0 [internal function]: CodeIgniter\Debug\Exceptions->errorHandler(2, 'print_r(): Prop...', '/home/wwwinte/p...', 100, Array)
#1 /home/wwwinte/public_html/screening/app/Views/errors/html/error_exception.php(100): print_r(Array, true)
#2 /home/wwwinte/public_html/screening/system/Debug/Exceptions.php(281): include('/home/wwwinte/p...')
#3 /home/wwwinte/public_html/screening/system/Debug/Exceptions.php(147): CodeIgniter\Debug\Exceptions->render(Object(ErrorException), 500)
#4 [internal function]: CodeIgniter\Debug\Exceptions->exceptionHandler(Object(ErrorException))
#5 {main}
  thrown
#0 [internal function]: CodeIgniter\Debug\Exceptions->shutdownHandler()
#1 {main}
CRITICAL - 2021-04-06 00:29:42 --> Undefined index: image
#0 /home/wwwinte/public_html/screening/app/Libraries/InterneticsLibrary.php(103): CodeIgniter\Debug\Exceptions->errorHandler(8, 'Undefined index...', '/home/wwwinte/p...', 103, Array)
#1 /home/wwwinte/public_html/screening/app/Libraries/GroceryCrud.php(231): App\Libraries\InterneticsLibrary->get_relation_n_n_input(Object(stdClass), Array)
#2 /home/wwwinte/public_html/screening/app/Libraries/InterneticsLibrary.php(293): App\Libraries\grocery_CRUD_Field_Types->get_field_input(Object(stdClass), Array)
#3 /home/wwwinte/public_html/screening/app/Libraries/GroceryCrud.php(1832): App\Libraries\InterneticsLibrary->get_edit_input_fields(Object(stdClass))
#4 /home/wwwinte/public_html/screening/app/Libraries/GroceryCrud.php(4532): App\Libraries\grocery_CRUD_Layout->showEditForm(Object(stdClass))
#5 /home/wwwinte/public_html/screening/app/Controllers/Product.php(211): App\Libraries\GroceryCrud->render()
#6 /home/wwwinte/public_html/screening/system/CodeIgniter.php(936): App\Controllers\Product->screening_management('edit', '1008')
#7 /home/wwwinte/public_html/screening/system/CodeIgniter.php(432): CodeIgniter\CodeIgniter->runController(Object(App\Controllers\Product))
#8 /home/wwwinte/public_html/screening/system/CodeIgniter.php(333): CodeIgniter\CodeIgniter->handleRequest(NULL, Object(Config\Cache), false)
#9 /home/wwwinte/public_html/screening/public/index.php(44): CodeIgniter\CodeIgniter->run()
#10 {main}
CRITICAL - 2021-04-06 00:30:09 --> Undefined variable: db
#0 /home/wwwinte/public_html/screening/app/Libraries/InterneticsLibrary.php(154): CodeIgniter\Debug\Exceptions->errorHandler(8, 'Undefined varia...', '/home/wwwinte/p...', 154, Array)
#1 /home/wwwinte/public_html/screening/app/Libraries/GroceryCrud.php(231): App\Libraries\InterneticsLibrary->get_relation_n_n_input(Object(stdClass), Array)
#2 /home/wwwinte/public_html/screening/app/Libraries/InterneticsLibrary.php(293): App\Libraries\grocery_CRUD_Field_Types->get_field_input(Object(stdClass), Array)
#3 /home/wwwinte/public_html/screening/app/Libraries/GroceryCrud.php(1832): App\Libraries\InterneticsLibrary->get_edit_input_fields(Object(stdClass))
#4 /home/wwwinte/public_html/screening/app/Libraries/GroceryCrud.php(4532): App\Libraries\grocery_CRUD_Layout->showEditForm(Object(stdClass))
#5 /home/wwwinte/public_html/screening/app/Controllers/Product.php(211): App\Libraries\GroceryCrud->render()
#6 /home/wwwinte/public_html/screening/system/CodeIgniter.php(936): App\Controllers\Product->screening_management('edit', '1008')
#7 /home/wwwinte/public_html/screening/system/CodeIgniter.php(432): CodeIgniter\CodeIgniter->runController(Object(App\Controllers\Product))
#8 /home/wwwinte/public_html/screening/system/CodeIgniter.php(333): CodeIgniter\CodeIgniter->handleRequest(NULL, Object(Config\Cache), false)
#9 /home/wwwinte/public_html/screening/public/index.php(44): CodeIgniter\CodeIgniter->run()
#10 {main}
CRITICAL - 2021-04-06 00:30:09 --> Uncaught ErrorException: print_r(): Property access is not allowed yet in /home/wwwinte/public_html/screening/app/Views/errors/html/error_exception.php:100
Stack trace:
#0 [internal function]: CodeIgniter\Debug\Exceptions->errorHandler(2, 'print_r(): Prop...', '/home/wwwinte/p...', 100, Array)
#1 /home/wwwinte/public_html/screening/app/Views/errors/html/error_exception.php(100): print_r(Array, true)
#2 /home/wwwinte/public_html/screening/system/Debug/Exceptions.php(281): include('/home/wwwinte/p...')
#3 /home/wwwinte/public_html/screening/system/Debug/Exceptions.php(147): CodeIgniter\Debug\Exceptions->render(Object(ErrorException), 500)
#4 [internal function]: CodeIgniter\Debug\Exceptions->exceptionHandler(Object(ErrorException))
#5 {main}
  thrown
#0 [internal function]: CodeIgniter\Debug\Exceptions->shutdownHandler()
#1 {main}
CRITICAL - 2021-04-06 00:39:45 --> Undefined variable: db
#0 /home/wwwinte/public_html/screening/app/Libraries/InterneticsLibrary.php(153): CodeIgniter\Debug\Exceptions->errorHandler(8, 'Undefined varia...', '/home/wwwinte/p...', 153, Array)
#1 /home/wwwinte/public_html/screening/app/Libraries/GroceryCrud.php(231): App\Libraries\InterneticsLibrary->get_relation_n_n_input(Object(stdClass), Array)
#2 /home/wwwinte/public_html/screening/app/Libraries/InterneticsLibrary.php(292): App\Libraries\grocery_CRUD_Field_Types->get_field_input(Object(stdClass), Array)
#3 /home/wwwinte/public_html/screening/app/Libraries/GroceryCrud.php(1832): App\Libraries\InterneticsLibrary->get_edit_input_fields(Object(stdClass))
#4 /home/wwwinte/public_html/screening/app/Libraries/GroceryCrud.php(4532): App\Libraries\grocery_CRUD_Layout->showEditForm(Object(stdClass))
#5 /home/wwwinte/public_html/screening/app/Controllers/Product.php(211): App\Libraries\GroceryCrud->render()
#6 /home/wwwinte/public_html/screening/system/CodeIgniter.php(936): App\Controllers\Product->screening_management('edit', '1008')
#7 /home/wwwinte/public_html/screening/system/CodeIgniter.php(432): CodeIgniter\CodeIgniter->runController(Object(App\Controllers\Product))
#8 /home/wwwinte/public_html/screening/system/CodeIgniter.php(333): CodeIgniter\CodeIgniter->handleRequest(NULL, Object(Config\Cache), false)
#9 /home/wwwinte/public_html/screening/public/index.php(44): CodeIgniter\CodeIgniter->run()
#10 {main}
CRITICAL - 2021-04-06 00:39:45 --> Uncaught ErrorException: print_r(): Property access is not allowed yet in /home/wwwinte/public_html/screening/app/Views/errors/html/error_exception.php:100
Stack trace:
#0 [internal function]: CodeIgniter\Debug\Exceptions->errorHandler(2, 'print_r(): Prop...', '/home/wwwinte/p...', 100, Array)
#1 /home/wwwinte/public_html/screening/app/Views/errors/html/error_exception.php(100): print_r(Array, true)
#2 /home/wwwinte/public_html/screening/system/Debug/Exceptions.php(281): include('/home/wwwinte/p...')
#3 /home/wwwinte/public_html/screening/system/Debug/Exceptions.php(147): CodeIgniter\Debug\Exceptions->render(Object(ErrorException), 500)
#4 [internal function]: CodeIgniter\Debug\Exceptions->exceptionHandler(Object(ErrorException))
#5 {main}
  thrown
#0 [internal function]: CodeIgniter\Debug\Exceptions->shutdownHandler()
#1 {main}
CRITICAL - 2021-04-06 00:40:07 --> Undefined variable: db
#0 /home/wwwinte/public_html/screening/app/Libraries/InterneticsLibrary.php(131): CodeIgniter\Debug\Exceptions->errorHandler(8, 'Undefined varia...', '/home/wwwinte/p...', 131, Array)
#1 /home/wwwinte/public_html/screening/app/Libraries/GroceryCrud.php(231): App\Libraries\InterneticsLibrary->get_relation_n_n_input(Object(stdClass), Array)
#2 /home/wwwinte/public_html/screening/app/Libraries/InterneticsLibrary.php(270): App\Libraries\grocery_CRUD_Field_Types->get_field_input(Object(stdClass), Array)
#3 /home/wwwinte/public_html/screening/app/Libraries/GroceryCrud.php(1832): App\Libraries\InterneticsLibrary->get_edit_input_fields(Object(stdClass))
#4 /home/wwwinte/public_html/screening/app/Libraries/GroceryCrud.php(4532): App\Libraries\grocery_CRUD_Layout->showEditForm(Object(stdClass))
#5 /home/wwwinte/public_html/screening/app/Controllers/Product.php(211): App\Libraries\GroceryCrud->render()
#6 /home/wwwinte/public_html/screening/system/CodeIgniter.php(936): App\Controllers\Product->screening_management('edit', '1008')
#7 /home/wwwinte/public_html/screening/system/CodeIgniter.php(432): CodeIgniter\CodeIgniter->runController(Object(App\Controllers\Product))
#8 /home/wwwinte/public_html/screening/system/CodeIgniter.php(333): CodeIgniter\CodeIgniter->handleRequest(NULL, Object(Config\Cache), false)
#9 /home/wwwinte/public_html/screening/public/index.php(44): CodeIgniter\CodeIgniter->run()
#10 {main}
CRITICAL - 2021-04-06 01:04:15 --> syntax error, unexpected '<'
#0 /home/wwwinte/public_html/screening/system/Autoloader/Autoloader.php(265): CodeIgniter\Autoloader\Autoloader->includeFile('/home/wwwinte/p...')
#1 /home/wwwinte/public_html/screening/system/Autoloader/Autoloader.php(228): CodeIgniter\Autoloader\Autoloader->loadInNamespace('App\\Libraries\\I...')
#2 [internal function]: CodeIgniter\Autoloader\Autoloader->loadClass('App\\Libraries\\I...')
#3 /home/wwwinte/public_html/screening/app/Controllers/Product.php(148): spl_autoload_call('App\\Libraries\\I...')
#4 /home/wwwinte/public_html/screening/system/CodeIgniter.php(936): App\Controllers\Product->screening_management()
#5 /home/wwwinte/public_html/screening/system/CodeIgniter.php(432): CodeIgniter\CodeIgniter->runController(Object(App\Controllers\Product))
#6 /home/wwwinte/public_html/screening/system/CodeIgniter.php(333): CodeIgniter\CodeIgniter->handleRequest(NULL, Object(Config\Cache), false)
#7 /home/wwwinte/public_html/screening/public/index.php(44): CodeIgniter\CodeIgniter->run()
#8 {main}
CRITICAL - 2021-04-06 01:07:06 --> Undefined property: App\Libraries\InterneticsLibrary::$hostname
#0 /home/wwwinte/public_html/screening/app/Libraries/InterneticsLibrary.php(86): CodeIgniter\Debug\Exceptions->errorHandler(8, 'Undefined prope...', '/home/wwwinte/p...', 86, Array)
#1 /home/wwwinte/public_html/screening/app/Libraries/GroceryCrud.php(231): App\Libraries\InterneticsLibrary->get_relation_n_n_input(Object(stdClass), Array)
#2 /home/wwwinte/public_html/screening/app/Libraries/InterneticsLibrary.php(265): App\Libraries\grocery_CRUD_Field_Types->get_field_input(Object(stdClass), Array)
#3 /home/wwwinte/public_html/screening/app/Libraries/GroceryCrud.php(1832): App\Libraries\InterneticsLibrary->get_edit_input_fields(Object(stdClass))
#4 /home/wwwinte/public_html/screening/app/Libraries/GroceryCrud.php(4532): App\Libraries\grocery_CRUD_Layout->showEditForm(Object(stdClass))
#5 /home/wwwinte/public_html/screening/app/Controllers/Product.php(211): App\Libraries\GroceryCrud->render()
#6 /home/wwwinte/public_html/screening/system/CodeIgniter.php(936): App\Controllers\Product->screening_management('edit', '1011')
#7 /home/wwwinte/public_html/screening/system/CodeIgniter.php(432): CodeIgniter\CodeIgniter->runController(Object(App\Controllers\Product))
#8 /home/wwwinte/public_html/screening/system/CodeIgniter.php(333): CodeIgniter\CodeIgniter->handleRequest(NULL, Object(Config\Cache), false)
#9 /home/wwwinte/public_html/screening/public/index.php(44): CodeIgniter\CodeIgniter->run()
#10 {main}
CRITICAL - 2021-04-06 01:17:57 --> Undefined property: App\Libraries\InterneticsLibrary::$load
#0 /home/wwwinte/public_html/screening/app/Libraries/InterneticsLibrary.php(89): CodeIgniter\Debug\Exceptions->errorHandler(8, 'Undefined prope...', '/home/wwwinte/p...', 89, Array)
#1 /home/wwwinte/public_html/screening/app/Libraries/GroceryCrud.php(231): App\Libraries\InterneticsLibrary->get_relation_n_n_input(Object(stdClass), Array)
#2 /home/wwwinte/public_html/screening/app/Libraries/InterneticsLibrary.php(251): App\Libraries\grocery_CRUD_Field_Types->get_field_input(Object(stdClass), Array)
#3 /home/wwwinte/public_html/screening/app/Libraries/GroceryCrud.php(1832): App\Libraries\InterneticsLibrary->get_edit_input_fields(Object(stdClass))
#4 /home/wwwinte/public_html/screening/app/Libraries/GroceryCrud.php(4532): App\Libraries\grocery_CRUD_Layout->showEditForm(Object(stdClass))
#5 /home/wwwinte/public_html/screening/app/Controllers/Product.php(211): App\Libraries\GroceryCrud->render()
#6 /home/wwwinte/public_html/screening/system/CodeIgniter.php(936): App\Controllers\Product->screening_management('edit', '1008')
#7 /home/wwwinte/public_html/screening/system/CodeIgniter.php(432): CodeIgniter\CodeIgniter->runController(Object(App\Controllers\Product))
#8 /home/wwwinte/public_html/screening/system/CodeIgniter.php(333): CodeIgniter\CodeIgniter->handleRequest(NULL, Object(Config\Cache), false)
#9 /home/wwwinte/public_html/screening/public/index.php(44): CodeIgniter\CodeIgniter->run()
#10 {main}
CRITICAL - 2021-04-06 01:19:02 --> Undefined property: App\Libraries\InterneticsLibrary::$load
#0 /home/wwwinte/public_html/screening/app/Libraries/InterneticsLibrary.php(84): CodeIgniter\Debug\Exceptions->errorHandler(8, 'Undefined prope...', '/home/wwwinte/p...', 84, Array)
#1 /home/wwwinte/public_html/screening/app/Libraries/GroceryCrud.php(231): App\Libraries\InterneticsLibrary->get_relation_n_n_input(Object(stdClass), Array)
#2 /home/wwwinte/public_html/screening/app/Libraries/InterneticsLibrary.php(245): App\Libraries\grocery_CRUD_Field_Types->get_field_input(Object(stdClass), Array)
#3 /home/wwwinte/public_html/screening/app/Libraries/GroceryCrud.php(1832): App\Libraries\InterneticsLibrary->get_edit_input_fields(Object(stdClass))
#4 /home/wwwinte/public_html/screening/app/Libraries/GroceryCrud.php(4532): App\Libraries\grocery_CRUD_Layout->showEditForm(Object(stdClass))
#5 /home/wwwinte/public_html/screening/app/Controllers/Product.php(211): App\Libraries\GroceryCrud->render()
#6 /home/wwwinte/public_html/screening/system/CodeIgniter.php(936): App\Controllers\Product->screening_management('edit', '1008')
#7 /home/wwwinte/public_html/screening/system/CodeIgniter.php(432): CodeIgniter\CodeIgniter->runController(Object(App\Controllers\Product))
#8 /home/wwwinte/public_html/screening/system/CodeIgniter.php(333): CodeIgniter\CodeIgniter->handleRequest(NULL, Object(Config\Cache), false)
#9 /home/wwwinte/public_html/screening/public/index.php(44): CodeIgniter\CodeIgniter->run()
#10 {main}
CRITICAL - 2021-04-06 01:20:46 --> Call to undefined method stdClass::item()
#0 /home/wwwinte/public_html/screening/app/Libraries/GroceryCrud.php(231): App\Libraries\InterneticsLibrary->get_relation_n_n_input(Object(stdClass), Array)
#1 /home/wwwinte/public_html/screening/app/Libraries/InterneticsLibrary.php(265): App\Libraries\grocery_CRUD_Field_Types->get_field_input(Object(stdClass), Array)
#2 /home/wwwinte/public_html/screening/app/Libraries/GroceryCrud.php(1832): App\Libraries\InterneticsLibrary->get_edit_input_fields(Object(stdClass))
#3 /home/wwwinte/public_html/screening/app/Libraries/GroceryCrud.php(4532): App\Libraries\grocery_CRUD_Layout->showEditForm(Object(stdClass))
#4 /home/wwwinte/public_html/screening/app/Controllers/Product.php(211): App\Libraries\GroceryCrud->render()
#5 /home/wwwinte/public_html/screening/system/CodeIgniter.php(936): App\Controllers\Product->screening_management('edit', '1008')
#6 /home/wwwinte/public_html/screening/system/CodeIgniter.php(432): CodeIgniter\CodeIgniter->runController(Object(App\Controllers\Product))
#7 /home/wwwinte/public_html/screening/system/CodeIgniter.php(333): CodeIgniter\CodeIgniter->handleRequest(NULL, Object(Config\Cache), false)
#8 /home/wwwinte/public_html/screening/public/index.php(44): CodeIgniter\CodeIgniter->run()
#9 {main}
CRITICAL - 2021-04-06 01:21:13 --> Call to undefined method stdClass::item()
#0 /home/wwwinte/public_html/screening/app/Libraries/GroceryCrud.php(231): App\Libraries\InterneticsLibrary->get_relation_n_n_input(Object(stdClass), Array)
#1 /home/wwwinte/public_html/screening/app/Libraries/InterneticsLibrary.php(265): App\Libraries\grocery_CRUD_Field_Types->get_field_input(Object(stdClass), Array)
#2 /home/wwwinte/public_html/screening/app/Libraries/GroceryCrud.php(1832): App\Libraries\InterneticsLibrary->get_edit_input_fields(Object(stdClass))
#3 /home/wwwinte/public_html/screening/app/Libraries/GroceryCrud.php(4532): App\Libraries\grocery_CRUD_Layout->showEditForm(Object(stdClass))
#4 /home/wwwinte/public_html/screening/app/Controllers/Product.php(211): App\Libraries\GroceryCrud->render()
#5 /home/wwwinte/public_html/screening/system/CodeIgniter.php(936): App\Controllers\Product->screening_management('edit', '1011')
#6 /home/wwwinte/public_html/screening/system/CodeIgniter.php(432): CodeIgniter\CodeIgniter->runController(Object(App\Controllers\Product))
#7 /home/wwwinte/public_html/screening/system/CodeIgniter.php(333): CodeIgniter\CodeIgniter->handleRequest(NULL, Object(Config\Cache), false)
#8 /home/wwwinte/public_html/screening/public/index.php(44): CodeIgniter\CodeIgniter->run()
#9 {main}
CRITICAL - 2021-04-06 01:24:40 --> Call to undefined method stdClass::item()
#0 /home/wwwinte/public_html/screening/app/Libraries/GroceryCrud.php(231): App\Libraries\InterneticsLibrary->get_relation_n_n_input(Object(stdClass), Array)
#1 /home/wwwinte/public_html/screening/app/Libraries/InterneticsLibrary.php(257): App\Libraries\grocery_CRUD_Field_Types->get_field_input(Object(stdClass), Array)
#2 /home/wwwinte/public_html/screening/app/Libraries/GroceryCrud.php(1832): App\Libraries\InterneticsLibrary->get_edit_input_fields(Object(stdClass))
#3 /home/wwwinte/public_html/screening/app/Libraries/GroceryCrud.php(4532): App\Libraries\grocery_CRUD_Layout->showEditForm(Object(stdClass))
#4 /home/wwwinte/public_html/screening/app/Controllers/Product.php(211): App\Libraries\GroceryCrud->render()
#5 /home/wwwinte/public_html/screening/system/CodeIgniter.php(936): App\Controllers\Product->screening_management('edit', '1008')
#6 /home/wwwinte/public_html/screening/system/CodeIgniter.php(432): CodeIgniter\CodeIgniter->runController(Object(App\Controllers\Product))
#7 /home/wwwinte/public_html/screening/system/CodeIgniter.php(333): CodeIgniter\CodeIgniter->handleRequest(NULL, Object(Config\Cache), false)
#8 /home/wwwinte/public_html/screening/public/index.php(44): CodeIgniter\CodeIgniter->run()
#9 {main}
CRITICAL - 2021-04-06 01:33:26 --> Undefined variable: conn
#0 /home/wwwinte/public_html/screening/app/Libraries/InterneticsLibrary.php(121): CodeIgniter\Debug\Exceptions->errorHandler(8, 'Undefined varia...', '/home/wwwinte/p...', 121, Array)
#1 /home/wwwinte/public_html/screening/app/Libraries/GroceryCrud.php(231): App\Libraries\InterneticsLibrary->get_relation_n_n_input(Object(stdClass), Array)
#2 /home/wwwinte/public_html/screening/app/Libraries/InterneticsLibrary.php(257): App\Libraries\grocery_CRUD_Field_Types->get_field_input(Object(stdClass), Array)
#3 /home/wwwinte/public_html/screening/app/Libraries/GroceryCrud.php(1832): App\Libraries\InterneticsLibrary->get_edit_input_fields(Object(stdClass))
#4 /home/wwwinte/public_html/screening/app/Libraries/GroceryCrud.php(4532): App\Libraries\grocery_CRUD_Layout->showEditForm(Object(stdClass))
#5 /home/wwwinte/public_html/screening/app/Controllers/Product.php(211): App\Libraries\GroceryCrud->render()
#6 /home/wwwinte/public_html/screening/system/CodeIgniter.php(936): App\Controllers\Product->screening_management('edit', '1008')
#7 /home/wwwinte/public_html/screening/system/CodeIgniter.php(432): CodeIgniter\CodeIgniter->runController(Object(App\Controllers\Product))
#8 /home/wwwinte/public_html/screening/system/CodeIgniter.php(333): CodeIgniter\CodeIgniter->handleRequest(NULL, Object(Config\Cache), false)
#9 /home/wwwinte/public_html/screening/public/index.php(44): CodeIgniter\CodeIgniter->run()
#10 {main}
CRITICAL - 2021-04-06 01:34:15 --> Undefined variable: conn
#0 /home/wwwinte/public_html/screening/app/Libraries/InterneticsLibrary.php(87): CodeIgniter\Debug\Exceptions->errorHandler(8, 'Undefined varia...', '/home/wwwinte/p...', 87, Array)
#1 /home/wwwinte/public_html/screening/app/Libraries/GroceryCrud.php(231): App\Libraries\InterneticsLibrary->get_relation_n_n_input(Object(stdClass), Array)
#2 /home/wwwinte/public_html/screening/app/Libraries/InterneticsLibrary.php(255): App\Libraries\grocery_CRUD_Field_Types->get_field_input(Object(stdClass), Array)
#3 /home/wwwinte/public_html/screening/app/Libraries/GroceryCrud.php(1832): App\Libraries\InterneticsLibrary->get_edit_input_fields(Object(stdClass))
#4 /home/wwwinte/public_html/screening/app/Libraries/GroceryCrud.php(4532): App\Libraries\grocery_CRUD_Layout->showEditForm(Object(stdClass))
#5 /home/wwwinte/public_html/screening/app/Controllers/Product.php(211): App\Libraries\GroceryCrud->render()
#6 /home/wwwinte/public_html/screening/system/CodeIgniter.php(936): App\Controllers\Product->screening_management('edit', '1008')
#7 /home/wwwinte/public_html/screening/system/CodeIgniter.php(432): CodeIgniter\CodeIgniter->runController(Object(App\Controllers\Product))
#8 /home/wwwinte/public_html/screening/system/CodeIgniter.php(333): CodeIgniter\CodeIgniter->handleRequest(NULL, Object(Config\Cache), false)
#9 /home/wwwinte/public_html/screening/public/index.php(44): CodeIgniter\CodeIgniter->run()
#10 {main}
CRITICAL - 2021-04-06 01:46:00 --> Unknown column 'conduct_physical_screen' in 'where clause'
#0 /home/wwwinte/public_html/screening/app/Libraries/InterneticsLibrary.php(123): mysqli->query('SELECT image FR...')
#1 /home/wwwinte/public_html/screening/app/Libraries/GroceryCrud.php(231): App\Libraries\InterneticsLibrary->get_relation_n_n_input(Object(stdClass), Array)
#2 /home/wwwinte/public_html/screening/app/Libraries/InterneticsLibrary.php(264): App\Libraries\grocery_CRUD_Field_Types->get_field_input(Object(stdClass), Array)
#3 /home/wwwinte/public_html/screening/app/Libraries/GroceryCrud.php(1832): App\Libraries\InterneticsLibrary->get_edit_input_fields(Object(stdClass))
#4 /home/wwwinte/public_html/screening/app/Libraries/GroceryCrud.php(4532): App\Libraries\grocery_CRUD_Layout->showEditForm(Object(stdClass))
#5 /home/wwwinte/public_html/screening/app/Controllers/Product.php(211): App\Libraries\GroceryCrud->render()
#6 /home/wwwinte/public_html/screening/system/CodeIgniter.php(936): App\Controllers\Product->screening_management('edit', '1008')
#7 /home/wwwinte/public_html/screening/system/CodeIgniter.php(432): CodeIgniter\CodeIgniter->runController(Object(App\Controllers\Product))
#8 /home/wwwinte/public_html/screening/system/CodeIgniter.php(333): CodeIgniter\CodeIgniter->handleRequest(NULL, Object(Config\Cache), false)
#9 /home/wwwinte/public_html/screening/public/index.php(44): CodeIgniter\CodeIgniter->run()
#10 {main}
CRITICAL - 2021-04-06 01:47:23 --> Unknown column 'conduct_physical_screen' in 'where clause'
#0 /home/wwwinte/public_html/screening/app/Libraries/InterneticsLibrary.php(86): mysqli->query('SELECT image FR...')
#1 /home/wwwinte/public_html/screening/app/Libraries/GroceryCrud.php(231): App\Libraries\InterneticsLibrary->get_relation_n_n_input(Object(stdClass), Array)
#2 /home/wwwinte/public_html/screening/app/Libraries/InterneticsLibrary.php(264): App\Libraries\grocery_CRUD_Field_Types->get_field_input(Object(stdClass), Array)
#3 /home/wwwinte/public_html/screening/app/Libraries/GroceryCrud.php(1832): App\Libraries\InterneticsLibrary->get_edit_input_fields(Object(stdClass))
#4 /home/wwwinte/public_html/screening/app/Libraries/GroceryCrud.php(4532): App\Libraries\grocery_CRUD_Layout->showEditForm(Object(stdClass))
#5 /home/wwwinte/public_html/screening/app/Controllers/Product.php(211): App\Libraries\GroceryCrud->render()
#6 /home/wwwinte/public_html/screening/system/CodeIgniter.php(936): App\Controllers\Product->screening_management('edit', '1008')
#7 /home/wwwinte/public_html/screening/system/CodeIgniter.php(432): CodeIgniter\CodeIgniter->runController(Object(App\Controllers\Product))
#8 /home/wwwinte/public_html/screening/system/CodeIgniter.php(333): CodeIgniter\CodeIgniter->handleRequest(NULL, Object(Config\Cache), false)
#9 /home/wwwinte/public_html/screening/public/index.php(44): CodeIgniter\CodeIgniter->run()
#10 {main}
CRITICAL - 2021-04-06 01:48:46 --> Trying to get property 'image' of non-object
#0 /home/wwwinte/public_html/screening/app/Libraries/InterneticsLibrary.php(87): CodeIgniter\Debug\Exceptions->errorHandler(8, 'Trying to get p...', '/home/wwwinte/p...', 87, Array)
#1 /home/wwwinte/public_html/screening/app/Libraries/GroceryCrud.php(231): App\Libraries\InterneticsLibrary->get_relation_n_n_input(Object(stdClass), Array)
#2 /home/wwwinte/public_html/screening/app/Libraries/InterneticsLibrary.php(255): App\Libraries\grocery_CRUD_Field_Types->get_field_input(Object(stdClass), Array)
#3 /home/wwwinte/public_html/screening/app/Libraries/GroceryCrud.php(1832): App\Libraries\InterneticsLibrary->get_edit_input_fields(Object(stdClass))
#4 /home/wwwinte/public_html/screening/app/Libraries/GroceryCrud.php(4532): App\Libraries\grocery_CRUD_Layout->showEditForm(Object(stdClass))
#5 /home/wwwinte/public_html/screening/app/Controllers/Product.php(211): App\Libraries\GroceryCrud->render()
#6 /home/wwwinte/public_html/screening/system/CodeIgniter.php(936): App\Controllers\Product->screening_management('edit', '1008')
#7 /home/wwwinte/public_html/screening/system/CodeIgniter.php(432): CodeIgniter\CodeIgniter->runController(Object(App\Controllers\Product))
#8 /home/wwwinte/public_html/screening/system/CodeIgniter.php(333): CodeIgniter\CodeIgniter->handleRequest(NULL, Object(Config\Cache), false)
#9 /home/wwwinte/public_html/screening/public/index.php(44): CodeIgniter\CodeIgniter->run()
#10 {main}
CRITICAL - 2021-04-06 01:53:18 --> Trying to get property 'image' of non-object
#0 /home/wwwinte/public_html/screening/app/Libraries/InterneticsLibrary.php(126): CodeIgniter\Debug\Exceptions->errorHandler(8, 'Trying to get p...', '/home/wwwinte/p...', 126, Array)
#1 /home/wwwinte/public_html/screening/app/Libraries/GroceryCrud.php(231): App\Libraries\InterneticsLibrary->get_relation_n_n_input(Object(stdClass), Array)
#2 /home/wwwinte/public_html/screening/app/Libraries/InterneticsLibrary.php(255): App\Libraries\grocery_CRUD_Field_Types->get_field_input(Object(stdClass), Array)
#3 /home/wwwinte/public_html/screening/app/Libraries/GroceryCrud.php(1832): App\Libraries\InterneticsLibrary->get_edit_input_fields(Object(stdClass))
#4 /home/wwwinte/public_html/screening/app/Libraries/GroceryCrud.php(4532): App\Libraries\grocery_CRUD_Layout->showEditForm(Object(stdClass))
#5 /home/wwwinte/public_html/screening/app/Controllers/Product.php(211): App\Libraries\GroceryCrud->render()
#6 /home/wwwinte/public_html/screening/system/CodeIgniter.php(936): App\Controllers\Product->screening_management('edit', '1008')
#7 /home/wwwinte/public_html/screening/system/CodeIgniter.php(432): CodeIgniter\CodeIgniter->runController(Object(App\Controllers\Product))
#8 /home/wwwinte/public_html/screening/system/CodeIgniter.php(333): CodeIgniter\CodeIgniter->handleRequest(NULL, Object(Config\Cache), false)
#9 /home/wwwinte/public_html/screening/public/index.php(44): CodeIgniter\CodeIgniter->run()
#10 {main}
CRITICAL - 2021-04-06 01:54:07 --> syntax error, unexpected '='
#0 /home/wwwinte/public_html/screening/system/Autoloader/Autoloader.php(265): CodeIgniter\Autoloader\Autoloader->includeFile('/home/wwwinte/p...')
#1 /home/wwwinte/public_html/screening/system/Autoloader/Autoloader.php(228): CodeIgniter\Autoloader\Autoloader->loadInNamespace('App\\Libraries\\I...')
#2 [internal function]: CodeIgniter\Autoloader\Autoloader->loadClass('App\\Libraries\\I...')
#3 /home/wwwinte/public_html/screening/app/Controllers/Product.php(148): spl_autoload_call('App\\Libraries\\I...')
#4 /home/wwwinte/public_html/screening/system/CodeIgniter.php(936): App\Controllers\Product->screening_management('edit', '1008')
#5 /home/wwwinte/public_html/screening/system/CodeIgniter.php(432): CodeIgniter\CodeIgniter->runController(Object(App\Controllers\Product))
#6 /home/wwwinte/public_html/screening/system/CodeIgniter.php(333): CodeIgniter\CodeIgniter->handleRequest(NULL, Object(Config\Cache), false)
#7 /home/wwwinte/public_html/screening/public/index.php(44): CodeIgniter\CodeIgniter->run()
#8 {main}
CRITICAL - 2021-04-06 01:55:44 --> Trying to get property 'image' of non-object
#0 /home/wwwinte/public_html/screening/app/Libraries/InterneticsLibrary.php(129): CodeIgniter\Debug\Exceptions->errorHandler(8, 'Trying to get p...', '/home/wwwinte/p...', 129, Array)
#1 /home/wwwinte/public_html/screening/app/Libraries/GroceryCrud.php(231): App\Libraries\InterneticsLibrary->get_relation_n_n_input(Object(stdClass), Array)
#2 /home/wwwinte/public_html/screening/app/Libraries/InterneticsLibrary.php(262): App\Libraries\grocery_CRUD_Field_Types->get_field_input(Object(stdClass), Array)
#3 /home/wwwinte/public_html/screening/app/Libraries/GroceryCrud.php(1832): App\Libraries\InterneticsLibrary->get_edit_input_fields(Object(stdClass))
#4 /home/wwwinte/public_html/screening/app/Libraries/GroceryCrud.php(4532): App\Libraries\grocery_CRUD_Layout->showEditForm(Object(stdClass))
#5 /home/wwwinte/public_html/screening/app/Controllers/Product.php(211): App\Libraries\GroceryCrud->render()
#6 /home/wwwinte/public_html/screening/system/CodeIgniter.php(936): App\Controllers\Product->screening_management('edit', '1008')
#7 /home/wwwinte/public_html/screening/system/CodeIgniter.php(432): CodeIgniter\CodeIgniter->runController(Object(App\Controllers\Product))
#8 /home/wwwinte/public_html/screening/system/CodeIgniter.php(333): CodeIgniter\CodeIgniter->handleRequest(NULL, Object(Config\Cache), false)
#9 /home/wwwinte/public_html/screening/public/index.php(44): CodeIgniter\CodeIgniter->run()
#10 {main}
CRITICAL - 2021-04-06 01:57:22 --> Trying to get property 'image' of non-object
#0 /home/wwwinte/public_html/screening/app/Libraries/InterneticsLibrary.php(129): CodeIgniter\Debug\Exceptions->errorHandler(8, 'Trying to get p...', '/home/wwwinte/p...', 129, Array)
#1 /home/wwwinte/public_html/screening/app/Libraries/GroceryCrud.php(231): App\Libraries\InterneticsLibrary->get_relation_n_n_input(Object(stdClass), Array)
#2 /home/wwwinte/public_html/screening/app/Libraries/InterneticsLibrary.php(262): App\Libraries\grocery_CRUD_Field_Types->get_field_input(Object(stdClass), Array)
#3 /home/wwwinte/public_html/screening/app/Libraries/GroceryCrud.php(1832): App\Libraries\InterneticsLibrary->get_edit_input_fields(Object(stdClass))
#4 /home/wwwinte/public_html/screening/app/Libraries/GroceryCrud.php(4532): App\Libraries\grocery_CRUD_Layout->showEditForm(Object(stdClass))
#5 /home/wwwinte/public_html/screening/app/Controllers/Product.php(211): App\Libraries\GroceryCrud->render()
#6 /home/wwwinte/public_html/screening/system/CodeIgniter.php(936): App\Controllers\Product->screening_management('edit', '1008')
#7 /home/wwwinte/public_html/screening/system/CodeIgniter.php(432): CodeIgniter\CodeIgniter->runController(Object(App\Controllers\Product))
#8 /home/wwwinte/public_html/screening/system/CodeIgniter.php(333): CodeIgniter\CodeIgniter->handleRequest(NULL, Object(Config\Cache), false)
#9 /home/wwwinte/public_html/screening/public/index.php(44): CodeIgniter\CodeIgniter->run()
#10 {main}
CRITICAL - 2021-04-06 02:15:17 --> Undefined variable: mysqli_connect
#0 /home/wwwinte/public_html/screening/app/Libraries/InterneticsLibrary.php(124): CodeIgniter\Debug\Exceptions->errorHandler(8, 'Undefined varia...', '/home/wwwinte/p...', 124, Array)
#1 /home/wwwinte/public_html/screening/app/Libraries/GroceryCrud.php(231): App\Libraries\InterneticsLibrary->get_relation_n_n_input(Object(stdClass), Array)
#2 /home/wwwinte/public_html/screening/app/Libraries/InterneticsLibrary.php(277): App\Libraries\grocery_CRUD_Field_Types->get_field_input(Object(stdClass), Array)
#3 /home/wwwinte/public_html/screening/app/Libraries/GroceryCrud.php(1832): App\Libraries\InterneticsLibrary->get_edit_input_fields(Object(stdClass))
#4 /home/wwwinte/public_html/screening/app/Libraries/GroceryCrud.php(4532): App\Libraries\grocery_CRUD_Layout->showEditForm(Object(stdClass))
#5 /home/wwwinte/public_html/screening/app/Controllers/Product.php(211): App\Libraries\GroceryCrud->render()
#6 /home/wwwinte/public_html/screening/system/CodeIgniter.php(936): App\Controllers\Product->screening_management('edit', '1008')
#7 /home/wwwinte/public_html/screening/system/CodeIgniter.php(432): CodeIgniter\CodeIgniter->runController(Object(App\Controllers\Product))
#8 /home/wwwinte/public_html/screening/system/CodeIgniter.php(333): CodeIgniter\CodeIgniter->handleRequest(NULL, Object(Config\Cache), false)
#9 /home/wwwinte/public_html/screening/public/index.php(44): CodeIgniter\CodeIgniter->run()
#10 {main}
CRITICAL - 2021-04-06 02:15:37 --> Undefined variable: mysqli
#0 /home/wwwinte/public_html/screening/app/Libraries/InterneticsLibrary.php(124): CodeIgniter\Debug\Exceptions->errorHandler(8, 'Undefined varia...', '/home/wwwinte/p...', 124, Array)
#1 /home/wwwinte/public_html/screening/app/Libraries/GroceryCrud.php(231): App\Libraries\InterneticsLibrary->get_relation_n_n_input(Object(stdClass), Array)
#2 /home/wwwinte/public_html/screening/app/Libraries/InterneticsLibrary.php(277): App\Libraries\grocery_CRUD_Field_Types->get_field_input(Object(stdClass), Array)
#3 /home/wwwinte/public_html/screening/app/Libraries/GroceryCrud.php(1832): App\Libraries\InterneticsLibrary->get_edit_input_fields(Object(stdClass))
#4 /home/wwwinte/public_html/screening/app/Libraries/GroceryCrud.php(4532): App\Libraries\grocery_CRUD_Layout->showEditForm(Object(stdClass))
#5 /home/wwwinte/public_html/screening/app/Controllers/Product.php(211): App\Libraries\GroceryCrud->render()
#6 /home/wwwinte/public_html/screening/system/CodeIgniter.php(936): App\Controllers\Product->screening_management('edit', '1008')
#7 /home/wwwinte/public_html/screening/system/CodeIgniter.php(432): CodeIgniter\CodeIgniter->runController(Object(App\Controllers\Product))
#8 /home/wwwinte/public_html/screening/system/CodeIgniter.php(333): CodeIgniter\CodeIgniter->handleRequest(NULL, Object(Config\Cache), false)
#9 /home/wwwinte/public_html/screening/public/index.php(44): CodeIgniter\CodeIgniter->run()
#10 {main}
CRITICAL - 2021-04-06 03:42:11 --> Creating default object from empty value
#0 /home/wwwinte/public_html/screening/app/Libraries/GroceryCrud.php(1397): CodeIgniter\Debug\Exceptions->errorHandler(2, 'Creating defaul...', '/home/wwwinte/p...', 1397, Array)
#1 /home/wwwinte/public_html/screening/app/Libraries/GroceryCrud.php(1825): App\Libraries\grocery_CRUD_Model_Driver->get_edit_values('img_fjords.jpg')
#2 /home/wwwinte/public_html/screening/app/Libraries/GroceryCrud.php(4532): App\Libraries\grocery_CRUD_Layout->showEditForm(Object(stdClass))
#3 /home/wwwinte/public_html/screening/app/Controllers/Product.php(211): App\Libraries\GroceryCrud->render()
#4 /home/wwwinte/public_html/screening/system/CodeIgniter.php(936): App\Controllers\Product->screening_management('edit', 'img_fjords.jpg')
#5 /home/wwwinte/public_html/screening/system/CodeIgniter.php(432): CodeIgniter\CodeIgniter->runController(Object(App\Controllers\Product))
#6 /home/wwwinte/public_html/screening/system/CodeIgniter.php(333): CodeIgniter\CodeIgniter->handleRequest(NULL, Object(Config\Cache), false)
#7 /home/wwwinte/public_html/screening/public/index.php(44): CodeIgniter\CodeIgniter->run()
#8 {main}
CRITICAL - 2021-04-06 03:42:13 --> Creating default object from empty value
#0 /home/wwwinte/public_html/screening/app/Libraries/GroceryCrud.php(1397): CodeIgniter\Debug\Exceptions->errorHandler(2, 'Creating defaul...', '/home/wwwinte/p...', 1397, Array)
#1 /home/wwwinte/public_html/screening/app/Libraries/GroceryCrud.php(1825): App\Libraries\grocery_CRUD_Model_Driver->get_edit_values('img_fjords.jpg')
#2 /home/wwwinte/public_html/screening/app/Libraries/GroceryCrud.php(4532): App\Libraries\grocery_CRUD_Layout->showEditForm(Object(stdClass))
#3 /home/wwwinte/public_html/screening/app/Controllers/Product.php(211): App\Libraries\GroceryCrud->render()
#4 /home/wwwinte/public_html/screening/system/CodeIgniter.php(936): App\Controllers\Product->screening_management('edit', 'img_fjords.jpg')
#5 /home/wwwinte/public_html/screening/system/CodeIgniter.php(432): CodeIgniter\CodeIgniter->runController(Object(App\Controllers\Product))
#6 /home/wwwinte/public_html/screening/system/CodeIgniter.php(333): CodeIgniter\CodeIgniter->handleRequest(NULL, Object(Config\Cache), false)
#7 /home/wwwinte/public_html/screening/public/index.php(44): CodeIgniter\CodeIgniter->run()
#8 {main}
CRITICAL - 2021-04-06 05:23:04 --> Creating default object from empty value
#0 /home/wwwinte/public_html/screening/app/Libraries/GroceryCrud.php(1397): CodeIgniter\Debug\Exceptions->errorHandler(2, 'Creating defaul...', '/home/wwwinte/p...', 1397, Array)
#1 /home/wwwinte/public_html/screening/app/Libraries/GroceryCrud.php(1825): App\Libraries\grocery_CRUD_Model_Driver->get_edit_values('assets')
#2 /home/wwwinte/public_html/screening/app/Libraries/GroceryCrud.php(4532): App\Libraries\grocery_CRUD_Layout->showEditForm(Object(stdClass))
#3 /home/wwwinte/public_html/screening/app/Controllers/Product.php(211): App\Libraries\GroceryCrud->render()
#4 /home/wwwinte/public_html/screening/system/CodeIgniter.php(936): App\Controllers\Product->screening_management('edit', 'assets', 'uploads', 'files', 'image_1_example...')
#5 /home/wwwinte/public_html/screening/system/CodeIgniter.php(432): CodeIgniter\CodeIgniter->runController(Object(App\Controllers\Product))
#6 /home/wwwinte/public_html/screening/system/CodeIgniter.php(333): CodeIgniter\CodeIgniter->handleRequest(NULL, Object(Config\Cache), false)
#7 /home/wwwinte/public_html/screening/public/index.php(44): CodeIgniter\CodeIgniter->run()
#8 {main}
CRITICAL - 2021-04-06 05:29:09 --> syntax error, unexpected 'http' (T_STRING)
#0 /home/wwwinte/public_html/screening/system/Autoloader/Autoloader.php(265): CodeIgniter\Autoloader\Autoloader->includeFile('/home/wwwinte/p...')
#1 /home/wwwinte/public_html/screening/system/Autoloader/Autoloader.php(228): CodeIgniter\Autoloader\Autoloader->loadInNamespace('App\\Libraries\\I...')
#2 [internal function]: CodeIgniter\Autoloader\Autoloader->loadClass('App\\Libraries\\I...')
#3 /home/wwwinte/public_html/screening/app/Controllers/Product.php(148): spl_autoload_call('App\\Libraries\\I...')
#4 /home/wwwinte/public_html/screening/system/CodeIgniter.php(936): App\Controllers\Product->screening_management('edit', '1008')
#5 /home/wwwinte/public_html/screening/system/CodeIgniter.php(432): CodeIgniter\CodeIgniter->runController(Object(App\Controllers\Product))
#6 /home/wwwinte/public_html/screening/system/CodeIgniter.php(333): CodeIgniter\CodeIgniter->handleRequest(NULL, Object(Config\Cache), false)
#7 /home/wwwinte/public_html/screening/public/index.php(44): CodeIgniter\CodeIgniter->run()
#8 {main}
CRITICAL - 2021-04-06 05:31:55 --> syntax error, unexpected '<', expecting end of file
#0 /home/wwwinte/public_html/screening/app/Libraries/GroceryCrud.php(1850): App\Libraries\grocery_CRUD_Layout->_theme_view('edit.php', Array)
#1 /home/wwwinte/public_html/screening/app/Libraries/GroceryCrud.php(4532): App\Libraries\grocery_CRUD_Layout->showEditForm(Object(stdClass))
#2 /home/wwwinte/public_html/screening/app/Controllers/Product.php(211): App\Libraries\GroceryCrud->render()
#3 /home/wwwinte/public_html/screening/system/CodeIgniter.php(936): App\Controllers\Product->screening_management('edit', '1008')
#4 /home/wwwinte/public_html/screening/system/CodeIgniter.php(432): CodeIgniter\CodeIgniter->runController(Object(App\Controllers\Product))
#5 /home/wwwinte/public_html/screening/system/CodeIgniter.php(333): CodeIgniter\CodeIgniter->handleRequest(NULL, Object(Config\Cache), false)
#6 /home/wwwinte/public_html/screening/public/index.php(44): CodeIgniter\CodeIgniter->run()
#7 {main}
CRITICAL - 2021-04-06 05:56:55 --> Undefined variable: field_info_type
#0 /home/wwwinte/public_html/screening/app/Libraries/InterneticsLibrary.php(33): CodeIgniter\Debug\Exceptions->errorHandler(8, 'Undefined varia...', '/home/wwwinte/p...', 33, Array)
#1 /home/wwwinte/public_html/screening/app/Libraries/GroceryCrud.php(231): App\Libraries\InterneticsLibrary->get_multiselect_input(Object(stdClass), '1,2,4')
#2 /home/wwwinte/public_html/screening/app/Libraries/InterneticsLibrary.php(282): App\Libraries\grocery_CRUD_Field_Types->get_field_input(Object(stdClass), '1,2,4')
#3 /home/wwwinte/public_html/screening/app/Libraries/GroceryCrud.php(1832): App\Libraries\InterneticsLibrary->get_edit_input_fields(Object(stdClass))
#4 /home/wwwinte/public_html/screening/app/Libraries/GroceryCrud.php(4532): App\Libraries\grocery_CRUD_Layout->showEditForm(Object(stdClass))
#5 /home/wwwinte/public_html/screening/app/Controllers/Product.php(211): App\Libraries\GroceryCrud->render()
#6 /home/wwwinte/public_html/screening/system/CodeIgniter.php(936): App\Controllers\Product->screening_management('edit', '1008')
#7 /home/wwwinte/public_html/screening/system/CodeIgniter.php(432): CodeIgniter\CodeIgniter->runController(Object(App\Controllers\Product))
#8 /home/wwwinte/public_html/screening/system/CodeIgniter.php(333): CodeIgniter\CodeIgniter->handleRequest(NULL, Object(Config\Cache), false)
#9 /home/wwwinte/public_html/screening/public/index.php(44): CodeIgniter\CodeIgniter->run()
#10 {main}
CRITICAL - 2021-04-06 05:57:31 --> Undefined variable: id
#0 /home/wwwinte/public_html/screening/app/Libraries/InterneticsLibrary.php(33): CodeIgniter\Debug\Exceptions->errorHandler(8, 'Undefined varia...', '/home/wwwinte/p...', 33, Array)
#1 /home/wwwinte/public_html/screening/app/Libraries/GroceryCrud.php(231): App\Libraries\InterneticsLibrary->get_multiselect_input(Object(stdClass), '1,2,4')
#2 /home/wwwinte/public_html/screening/app/Libraries/InterneticsLibrary.php(282): App\Libraries\grocery_CRUD_Field_Types->get_field_input(Object(stdClass), '1,2,4')
#3 /home/wwwinte/public_html/screening/app/Libraries/GroceryCrud.php(1832): App\Libraries\InterneticsLibrary->get_edit_input_fields(Object(stdClass))
#4 /home/wwwinte/public_html/screening/app/Libraries/GroceryCrud.php(4532): App\Libraries\grocery_CRUD_Layout->showEditForm(Object(stdClass))
#5 /home/wwwinte/public_html/screening/app/Controllers/Product.php(211): App\Libraries\GroceryCrud->render()
#6 /home/wwwinte/public_html/screening/system/CodeIgniter.php(936): App\Controllers\Product->screening_management('edit', '1008')
#7 /home/wwwinte/public_html/screening/system/CodeIgniter.php(432): CodeIgniter\CodeIgniter->runController(Object(App\Controllers\Product))
#8 /home/wwwinte/public_html/screening/system/CodeIgniter.php(333): CodeIgniter\CodeIgniter->handleRequest(NULL, Object(Config\Cache), false)
#9 /home/wwwinte/public_html/screening/public/index.php(44): CodeIgniter\CodeIgniter->run()
#10 {main}
CRITICAL - 2021-04-06 06:54:28 --> Trying to get property 'image' of non-object
#0 /home/wwwinte/public_html/screening/app/Libraries/InterneticsLibrary.php(33): CodeIgniter\Debug\Exceptions->errorHandler(8, 'Trying to get p...', '/home/wwwinte/p...', 33, Array)
#1 /home/wwwinte/public_html/screening/app/Libraries/GroceryCrud.php(231): App\Libraries\InterneticsLibrary->get_multiselect_input(Object(stdClass), '1,3,4')
#2 /home/wwwinte/public_html/screening/app/Libraries/InterneticsLibrary.php(282): App\Libraries\grocery_CRUD_Field_Types->get_field_input(Object(stdClass), '1,3,4')
#3 /home/wwwinte/public_html/screening/app/Libraries/GroceryCrud.php(1832): App\Libraries\InterneticsLibrary->get_edit_input_fields(Object(stdClass))
#4 /home/wwwinte/public_html/screening/app/Libraries/GroceryCrud.php(4532): App\Libraries\grocery_CRUD_Layout->showEditForm(Object(stdClass))
#5 /home/wwwinte/public_html/screening/app/Controllers/Product.php(211): App\Libraries\GroceryCrud->render()
#6 /home/wwwinte/public_html/screening/system/CodeIgniter.php(936): App\Controllers\Product->screening_management('edit', '1008')
#7 /home/wwwinte/public_html/screening/system/CodeIgniter.php(432): CodeIgniter\CodeIgniter->runController(Object(App\Controllers\Product))
#8 /home/wwwinte/public_html/screening/system/CodeIgniter.php(333): CodeIgniter\CodeIgniter->handleRequest(NULL, Object(Config\Cache), false)
#9 /home/wwwinte/public_html/screening/public/index.php(44): CodeIgniter\CodeIgniter->run()
#10 {main}
CRITICAL - 2021-04-06 06:55:40 --> Trying to get property 'image' of non-object
#0 /home/wwwinte/public_html/screening/app/Libraries/InterneticsLibrary.php(33): CodeIgniter\Debug\Exceptions->errorHandler(8, 'Trying to get p...', '/home/wwwinte/p...', 33, Array)
#1 /home/wwwinte/public_html/screening/app/Libraries/GroceryCrud.php(231): App\Libraries\InterneticsLibrary->get_multiselect_input(Object(stdClass), '1,3,4')
#2 /home/wwwinte/public_html/screening/app/Libraries/InterneticsLibrary.php(282): App\Libraries\grocery_CRUD_Field_Types->get_field_input(Object(stdClass), '1,3,4')
#3 /home/wwwinte/public_html/screening/app/Libraries/GroceryCrud.php(1832): App\Libraries\InterneticsLibrary->get_edit_input_fields(Object(stdClass))
#4 /home/wwwinte/public_html/screening/app/Libraries/GroceryCrud.php(4532): App\Libraries\grocery_CRUD_Layout->showEditForm(Object(stdClass))
#5 /home/wwwinte/public_html/screening/app/Controllers/Product.php(211): App\Libraries\GroceryCrud->render()
#6 /home/wwwinte/public_html/screening/system/CodeIgniter.php(936): App\Controllers\Product->screening_management('edit', '1008')
#7 /home/wwwinte/public_html/screening/system/CodeIgniter.php(432): CodeIgniter\CodeIgniter->runController(Object(App\Controllers\Product))
#8 /home/wwwinte/public_html/screening/system/CodeIgniter.php(333): CodeIgniter\CodeIgniter->handleRequest(NULL, Object(Config\Cache), false)
#9 /home/wwwinte/public_html/screening/public/index.php(44): CodeIgniter\CodeIgniter->run()
#10 {main}
CRITICAL - 2021-04-06 07:00:50 --> Trying to get property 'image' of non-object
#0 /home/wwwinte/public_html/screening/app/Libraries/InterneticsLibrary.php(33): CodeIgniter\Debug\Exceptions->errorHandler(8, 'Trying to get p...', '/home/wwwinte/p...', 33, Array)
#1 /home/wwwinte/public_html/screening/app/Libraries/GroceryCrud.php(231): App\Libraries\InterneticsLibrary->get_multiselect_input(Object(stdClass), '1,3,4')
#2 /home/wwwinte/public_html/screening/app/Libraries/InterneticsLibrary.php(282): App\Libraries\grocery_CRUD_Field_Types->get_field_input(Object(stdClass), '1,3,4')
#3 /home/wwwinte/public_html/screening/app/Libraries/GroceryCrud.php(1832): App\Libraries\InterneticsLibrary->get_edit_input_fields(Object(stdClass))
#4 /home/wwwinte/public_html/screening/app/Libraries/GroceryCrud.php(4532): App\Libraries\grocery_CRUD_Layout->showEditForm(Object(stdClass))
#5 /home/wwwinte/public_html/screening/app/Controllers/Product.php(211): App\Libraries\GroceryCrud->render()
#6 /home/wwwinte/public_html/screening/system/CodeIgniter.php(936): App\Controllers\Product->screening_management('edit', '1008')
#7 /home/wwwinte/public_html/screening/system/CodeIgniter.php(432): CodeIgniter\CodeIgniter->runController(Object(App\Controllers\Product))
#8 /home/wwwinte/public_html/screening/system/CodeIgniter.php(333): CodeIgniter\CodeIgniter->handleRequest(NULL, Object(Config\Cache), false)
#9 /home/wwwinte/public_html/screening/public/index.php(44): CodeIgniter\CodeIgniter->run()
#10 {main}
CRITICAL - 2021-04-06 07:01:46 --> Table 'wwwinte_screening.reason_for_the_screening' doesn't exist
#0 /home/wwwinte/public_html/screening/app/Libraries/InterneticsLibrary.php(33): mysqli->query('SELECT image FR...')
#1 /home/wwwinte/public_html/screening/app/Libraries/GroceryCrud.php(231): App\Libraries\InterneticsLibrary->get_multiselect_input(Object(stdClass), '1,3,4')
#2 /home/wwwinte/public_html/screening/app/Libraries/InterneticsLibrary.php(282): App\Libraries\grocery_CRUD_Field_Types->get_field_input(Object(stdClass), '1,3,4')
#3 /home/wwwinte/public_html/screening/app/Libraries/GroceryCrud.php(1832): App\Libraries\InterneticsLibrary->get_edit_input_fields(Object(stdClass))
#4 /home/wwwinte/public_html/screening/app/Libraries/GroceryCrud.php(4532): App\Libraries\grocery_CRUD_Layout->showEditForm(Object(stdClass))
#5 /home/wwwinte/public_html/screening/app/Controllers/Product.php(211): App\Libraries\GroceryCrud->render()
#6 /home/wwwinte/public_html/screening/system/CodeIgniter.php(936): App\Controllers\Product->screening_management('edit', '1008')
#7 /home/wwwinte/public_html/screening/system/CodeIgniter.php(432): CodeIgniter\CodeIgniter->runController(Object(App\Controllers\Product))
#8 /home/wwwinte/public_html/screening/system/CodeIgniter.php(333): CodeIgniter\CodeIgniter->handleRequest(NULL, Object(Config\Cache), false)
#9 /home/wwwinte/public_html/screening/public/index.php(44): CodeIgniter\CodeIgniter->run()
#10 {main}
CRITICAL - 2021-04-06 07:04:05 --> Trying to get property 'image' of non-object
#0 /home/wwwinte/public_html/screening/app/Libraries/InterneticsLibrary.php(33): CodeIgniter\Debug\Exceptions->errorHandler(8, 'Trying to get p...', '/home/wwwinte/p...', 33, Array)
#1 /home/wwwinte/public_html/screening/app/Libraries/GroceryCrud.php(231): App\Libraries\InterneticsLibrary->get_multiselect_input(Object(stdClass), '1,3,4')
#2 /home/wwwinte/public_html/screening/app/Libraries/InterneticsLibrary.php(282): App\Libraries\grocery_CRUD_Field_Types->get_field_input(Object(stdClass), '1,3,4')
#3 /home/wwwinte/public_html/screening/app/Libraries/GroceryCrud.php(1832): App\Libraries\InterneticsLibrary->get_edit_input_fields(Object(stdClass))
#4 /home/wwwinte/public_html/screening/app/Libraries/GroceryCrud.php(4532): App\Libraries\grocery_CRUD_Layout->showEditForm(Object(stdClass))
#5 /home/wwwinte/public_html/screening/app/Controllers/Product.php(211): App\Libraries\GroceryCrud->render()
#6 /home/wwwinte/public_html/screening/system/CodeIgniter.php(936): App\Controllers\Product->screening_management('edit', '1008')
#7 /home/wwwinte/public_html/screening/system/CodeIgniter.php(432): CodeIgniter\CodeIgniter->runController(Object(App\Controllers\Product))
#8 /home/wwwinte/public_html/screening/system/CodeIgniter.php(333): CodeIgniter\CodeIgniter->handleRequest(NULL, Object(Config\Cache), false)
#9 /home/wwwinte/public_html/screening/public/index.php(44): CodeIgniter\CodeIgniter->run()
#10 {main}
CRITICAL - 2021-04-06 07:04:21 --> Trying to get property 'image' of non-object
#0 /home/wwwinte/public_html/screening/app/Libraries/InterneticsLibrary.php(33): CodeIgniter\Debug\Exceptions->errorHandler(8, 'Trying to get p...', '/home/wwwinte/p...', 33, Array)
#1 /home/wwwinte/public_html/screening/app/Libraries/GroceryCrud.php(231): App\Libraries\InterneticsLibrary->get_multiselect_input(Object(stdClass), '1,3,4')
#2 /home/wwwinte/public_html/screening/app/Libraries/InterneticsLibrary.php(282): App\Libraries\grocery_CRUD_Field_Types->get_field_input(Object(stdClass), '1,3,4')
#3 /home/wwwinte/public_html/screening/app/Libraries/GroceryCrud.php(1832): App\Libraries\InterneticsLibrary->get_edit_input_fields(Object(stdClass))
#4 /home/wwwinte/public_html/screening/app/Libraries/GroceryCrud.php(4532): App\Libraries\grocery_CRUD_Layout->showEditForm(Object(stdClass))
#5 /home/wwwinte/public_html/screening/app/Controllers/Product.php(211): App\Libraries\GroceryCrud->render()
#6 /home/wwwinte/public_html/screening/system/CodeIgniter.php(936): App\Controllers\Product->screening_management('edit', '1008')
#7 /home/wwwinte/public_html/screening/system/CodeIgniter.php(432): CodeIgniter\CodeIgniter->runController(Object(App\Controllers\Product))
#8 /home/wwwinte/public_html/screening/system/CodeIgniter.php(333): CodeIgniter\CodeIgniter->handleRequest(NULL, Object(Config\Cache), false)
#9 /home/wwwinte/public_html/screening/public/index.php(44): CodeIgniter\CodeIgniter->run()
#10 {main}
CRITICAL - 2021-04-06 07:04:51 --> Trying to get property 'image' of non-object
#0 /home/wwwinte/public_html/screening/app/Libraries/InterneticsLibrary.php(33): CodeIgniter\Debug\Exceptions->errorHandler(8, 'Trying to get p...', '/home/wwwinte/p...', 33, Array)
#1 /home/wwwinte/public_html/screening/app/Libraries/GroceryCrud.php(231): App\Libraries\InterneticsLibrary->get_multiselect_input(Object(stdClass), '1,3,4')
#2 /home/wwwinte/public_html/screening/app/Libraries/InterneticsLibrary.php(282): App\Libraries\grocery_CRUD_Field_Types->get_field_input(Object(stdClass), '1,3,4')
#3 /home/wwwinte/public_html/screening/app/Libraries/GroceryCrud.php(1832): App\Libraries\InterneticsLibrary->get_edit_input_fields(Object(stdClass))
#4 /home/wwwinte/public_html/screening/app/Libraries/GroceryCrud.php(4532): App\Libraries\grocery_CRUD_Layout->showEditForm(Object(stdClass))
#5 /home/wwwinte/public_html/screening/app/Controllers/Product.php(211): App\Libraries\GroceryCrud->render()
#6 /home/wwwinte/public_html/screening/system/CodeIgniter.php(936): App\Controllers\Product->screening_management('edit', '1008')
#7 /home/wwwinte/public_html/screening/system/CodeIgniter.php(432): CodeIgniter\CodeIgniter->runController(Object(App\Controllers\Product))
#8 /home/wwwinte/public_html/screening/system/CodeIgniter.php(333): CodeIgniter\CodeIgniter->handleRequest(NULL, Object(Config\Cache), false)
#9 /home/wwwinte/public_html/screening/public/index.php(44): CodeIgniter\CodeIgniter->run()
#10 {main}
CRITICAL - 2021-04-06 07:05:12 --> Trying to get property 'image' of non-object
#0 /home/wwwinte/public_html/screening/app/Libraries/InterneticsLibrary.php(33): CodeIgniter\Debug\Exceptions->errorHandler(8, 'Trying to get p...', '/home/wwwinte/p...', 33, Array)
#1 /home/wwwinte/public_html/screening/app/Libraries/GroceryCrud.php(231): App\Libraries\InterneticsLibrary->get_multiselect_input(Object(stdClass), '1,3,4')
#2 /home/wwwinte/public_html/screening/app/Libraries/InterneticsLibrary.php(282): App\Libraries\grocery_CRUD_Field_Types->get_field_input(Object(stdClass), '1,3,4')
#3 /home/wwwinte/public_html/screening/app/Libraries/GroceryCrud.php(1832): App\Libraries\InterneticsLibrary->get_edit_input_fields(Object(stdClass))
#4 /home/wwwinte/public_html/screening/app/Libraries/GroceryCrud.php(4532): App\Libraries\grocery_CRUD_Layout->showEditForm(Object(stdClass))
#5 /home/wwwinte/public_html/screening/app/Controllers/Product.php(211): App\Libraries\GroceryCrud->render()
#6 /home/wwwinte/public_html/screening/system/CodeIgniter.php(936): App\Controllers\Product->screening_management('edit', '1008')
#7 /home/wwwinte/public_html/screening/system/CodeIgniter.php(432): CodeIgniter\CodeIgniter->runController(Object(App\Controllers\Product))
#8 /home/wwwinte/public_html/screening/system/CodeIgniter.php(333): CodeIgniter\CodeIgniter->handleRequest(NULL, Object(Config\Cache), false)
#9 /home/wwwinte/public_html/screening/public/index.php(44): CodeIgniter\CodeIgniter->run()
#10 {main}
CRITICAL - 2021-04-06 07:05:40 --> Trying to get property 'image' of non-object
#0 /home/wwwinte/public_html/screening/app/Libraries/InterneticsLibrary.php(49): CodeIgniter\Debug\Exceptions->errorHandler(8, 'Trying to get p...', '/home/wwwinte/p...', 49, Array)
#1 /home/wwwinte/public_html/screening/app/Libraries/GroceryCrud.php(231): App\Libraries\InterneticsLibrary->get_multiselect_input(Object(stdClass), '1')
#2 /home/wwwinte/public_html/screening/app/Libraries/InterneticsLibrary.php(282): App\Libraries\grocery_CRUD_Field_Types->get_field_input(Object(stdClass), '1')
#3 /home/wwwinte/public_html/screening/app/Libraries/GroceryCrud.php(1832): App\Libraries\InterneticsLibrary->get_edit_input_fields(Object(stdClass))
#4 /home/wwwinte/public_html/screening/app/Libraries/GroceryCrud.php(4532): App\Libraries\grocery_CRUD_Layout->showEditForm(Object(stdClass))
#5 /home/wwwinte/public_html/screening/app/Controllers/Product.php(211): App\Libraries\GroceryCrud->render()
#6 /home/wwwinte/public_html/screening/system/CodeIgniter.php(936): App\Controllers\Product->screening_management('edit', '1011')
#7 /home/wwwinte/public_html/screening/system/CodeIgniter.php(432): CodeIgniter\CodeIgniter->runController(Object(App\Controllers\Product))
#8 /home/wwwinte/public_html/screening/system/CodeIgniter.php(333): CodeIgniter\CodeIgniter->handleRequest(NULL, Object(Config\Cache), false)
#9 /home/wwwinte/public_html/screening/public/index.php(44): CodeIgniter\CodeIgniter->run()
#10 {main}
CRITICAL - 2021-04-06 07:06:13 --> Trying to get property 'image' of non-object
#0 /home/wwwinte/public_html/screening/app/Libraries/InterneticsLibrary.php(49): CodeIgniter\Debug\Exceptions->errorHandler(8, 'Trying to get p...', '/home/wwwinte/p...', 49, Array)
#1 /home/wwwinte/public_html/screening/app/Libraries/GroceryCrud.php(231): App\Libraries\InterneticsLibrary->get_multiselect_input(Object(stdClass), '')
#2 /home/wwwinte/public_html/screening/app/Libraries/InterneticsLibrary.php(282): App\Libraries\grocery_CRUD_Field_Types->get_field_input(Object(stdClass), '')
#3 /home/wwwinte/public_html/screening/app/Libraries/GroceryCrud.php(1832): App\Libraries\InterneticsLibrary->get_edit_input_fields(Object(stdClass))
#4 /home/wwwinte/public_html/screening/app/Libraries/GroceryCrud.php(4532): App\Libraries\grocery_CRUD_Layout->showEditForm(Object(stdClass))
#5 /home/wwwinte/public_html/screening/app/Controllers/Product.php(211): App\Libraries\GroceryCrud->render()
#6 /home/wwwinte/public_html/screening/system/CodeIgniter.php(936): App\Controllers\Product->screening_management('edit', '1009')
#7 /home/wwwinte/public_html/screening/system/CodeIgniter.php(432): CodeIgniter\CodeIgniter->runController(Object(App\Controllers\Product))
#8 /home/wwwinte/public_html/screening/system/CodeIgniter.php(333): CodeIgniter\CodeIgniter->handleRequest(NULL, Object(Config\Cache), false)
#9 /home/wwwinte/public_html/screening/public/index.php(44): CodeIgniter\CodeIgniter->run()
#10 {main}
CRITICAL - 2021-04-06 07:06:37 --> Trying to get property 'image' of non-object
#0 /home/wwwinte/public_html/screening/app/Libraries/InterneticsLibrary.php(49): CodeIgniter\Debug\Exceptions->errorHandler(8, 'Trying to get p...', '/home/wwwinte/p...', 49, Array)
#1 /home/wwwinte/public_html/screening/app/Libraries/GroceryCrud.php(231): App\Libraries\InterneticsLibrary->get_multiselect_input(Object(stdClass), '')
#2 /home/wwwinte/public_html/screening/app/Libraries/InterneticsLibrary.php(282): App\Libraries\grocery_CRUD_Field_Types->get_field_input(Object(stdClass), '')
#3 /home/wwwinte/public_html/screening/app/Libraries/GroceryCrud.php(1832): App\Libraries\InterneticsLibrary->get_edit_input_fields(Object(stdClass))
#4 /home/wwwinte/public_html/screening/app/Libraries/GroceryCrud.php(4532): App\Libraries\grocery_CRUD_Layout->showEditForm(Object(stdClass))
#5 /home/wwwinte/public_html/screening/app/Controllers/Product.php(211): App\Libraries\GroceryCrud->render()
#6 /home/wwwinte/public_html/screening/system/CodeIgniter.php(936): App\Controllers\Product->screening_management('edit', '1009')
#7 /home/wwwinte/public_html/screening/system/CodeIgniter.php(432): CodeIgniter\CodeIgniter->runController(Object(App\Controllers\Product))
#8 /home/wwwinte/public_html/screening/system/CodeIgniter.php(333): CodeIgniter\CodeIgniter->handleRequest(NULL, Object(Config\Cache), false)
#9 /home/wwwinte/public_html/screening/public/index.php(44): CodeIgniter\CodeIgniter->run()
#10 {main}
CRITICAL - 2021-04-06 07:06:37 --> Trying to get property 'image' of non-object
#0 /home/wwwinte/public_html/screening/app/Libraries/InterneticsLibrary.php(49): CodeIgniter\Debug\Exceptions->errorHandler(8, 'Trying to get p...', '/home/wwwinte/p...', 49, Array)
#1 /home/wwwinte/public_html/screening/app/Libraries/GroceryCrud.php(231): App\Libraries\InterneticsLibrary->get_multiselect_input(Object(stdClass), '')
#2 /home/wwwinte/public_html/screening/app/Libraries/InterneticsLibrary.php(282): App\Libraries\grocery_CRUD_Field_Types->get_field_input(Object(stdClass), '')
#3 /home/wwwinte/public_html/screening/app/Libraries/GroceryCrud.php(1832): App\Libraries\InterneticsLibrary->get_edit_input_fields(Object(stdClass))
#4 /home/wwwinte/public_html/screening/app/Libraries/GroceryCrud.php(4532): App\Libraries\grocery_CRUD_Layout->showEditForm(Object(stdClass))
#5 /home/wwwinte/public_html/screening/app/Controllers/Product.php(211): App\Libraries\GroceryCrud->render()
#6 /home/wwwinte/public_html/screening/system/CodeIgniter.php(936): App\Controllers\Product->screening_management('edit', '1009')
#7 /home/wwwinte/public_html/screening/system/CodeIgniter.php(432): CodeIgniter\CodeIgniter->runController(Object(App\Controllers\Product))
#8 /home/wwwinte/public_html/screening/system/CodeIgniter.php(333): CodeIgniter\CodeIgniter->handleRequest(NULL, Object(Config\Cache), false)
#9 /home/wwwinte/public_html/screening/public/index.php(44): CodeIgniter\CodeIgniter->run()
#10 {main}
CRITICAL - 2021-04-06 07:06:51 --> Trying to get property 'image' of non-object
#0 /home/wwwinte/public_html/screening/app/Libraries/InterneticsLibrary.php(49): CodeIgniter\Debug\Exceptions->errorHandler(8, 'Trying to get p...', '/home/wwwinte/p...', 49, Array)
#1 /home/wwwinte/public_html/screening/app/Libraries/GroceryCrud.php(231): App\Libraries\InterneticsLibrary->get_multiselect_input(Object(stdClass), '')
#2 /home/wwwinte/public_html/screening/app/Libraries/InterneticsLibrary.php(282): App\Libraries\grocery_CRUD_Field_Types->get_field_input(Object(stdClass), '')
#3 /home/wwwinte/public_html/screening/app/Libraries/GroceryCrud.php(1832): App\Libraries\InterneticsLibrary->get_edit_input_fields(Object(stdClass))
#4 /home/wwwinte/public_html/screening/app/Libraries/GroceryCrud.php(4532): App\Libraries\grocery_CRUD_Layout->showEditForm(Object(stdClass))
#5 /home/wwwinte/public_html/screening/app/Controllers/Product.php(211): App\Libraries\GroceryCrud->render()
#6 /home/wwwinte/public_html/screening/system/CodeIgniter.php(936): App\Controllers\Product->screening_management('edit', '1009')
#7 /home/wwwinte/public_html/screening/system/CodeIgniter.php(432): CodeIgniter\CodeIgniter->runController(Object(App\Controllers\Product))
#8 /home/wwwinte/public_html/screening/system/CodeIgniter.php(333): CodeIgniter\CodeIgniter->handleRequest(NULL, Object(Config\Cache), false)
#9 /home/wwwinte/public_html/screening/public/index.php(44): CodeIgniter\CodeIgniter->run()
#10 {main}
CRITICAL - 2021-04-06 07:06:53 --> Trying to get property 'image' of non-object
#0 /home/wwwinte/public_html/screening/app/Libraries/InterneticsLibrary.php(49): CodeIgniter\Debug\Exceptions->errorHandler(8, 'Trying to get p...', '/home/wwwinte/p...', 49, Array)
#1 /home/wwwinte/public_html/screening/app/Libraries/GroceryCrud.php(231): App\Libraries\InterneticsLibrary->get_multiselect_input(Object(stdClass), '')
#2 /home/wwwinte/public_html/screening/app/Libraries/InterneticsLibrary.php(282): App\Libraries\grocery_CRUD_Field_Types->get_field_input(Object(stdClass), '')
#3 /home/wwwinte/public_html/screening/app/Libraries/GroceryCrud.php(1832): App\Libraries\InterneticsLibrary->get_edit_input_fields(Object(stdClass))
#4 /home/wwwinte/public_html/screening/app/Libraries/GroceryCrud.php(4532): App\Libraries\grocery_CRUD_Layout->showEditForm(Object(stdClass))
#5 /home/wwwinte/public_html/screening/app/Controllers/Product.php(211): App\Libraries\GroceryCrud->render()
#6 /home/wwwinte/public_html/screening/system/CodeIgniter.php(936): App\Controllers\Product->screening_management('edit', '1009')
#7 /home/wwwinte/public_html/screening/system/CodeIgniter.php(432): CodeIgniter\CodeIgniter->runController(Object(App\Controllers\Product))
#8 /home/wwwinte/public_html/screening/system/CodeIgniter.php(333): CodeIgniter\CodeIgniter->handleRequest(NULL, Object(Config\Cache), false)
#9 /home/wwwinte/public_html/screening/public/index.php(44): CodeIgniter\CodeIgniter->run()
#10 {main}
CRITICAL - 2021-04-06 07:07:08 --> syntax error, unexpected 'if' (T_IF), expecting function (T_FUNCTION) or const (T_CONST)
#0 /home/wwwinte/public_html/screening/system/Autoloader/Autoloader.php(265): CodeIgniter\Autoloader\Autoloader->includeFile('/home/wwwinte/p...')
#1 /home/wwwinte/public_html/screening/system/Autoloader/Autoloader.php(228): CodeIgniter\Autoloader\Autoloader->loadInNamespace('App\\Libraries\\I...')
#2 [internal function]: CodeIgniter\Autoloader\Autoloader->loadClass('App\\Libraries\\I...')
#3 /home/wwwinte/public_html/screening/app/Controllers/Product.php(148): spl_autoload_call('App\\Libraries\\I...')
#4 /home/wwwinte/public_html/screening/system/CodeIgniter.php(936): App\Controllers\Product->screening_management('edit', '1009')
#5 /home/wwwinte/public_html/screening/system/CodeIgniter.php(432): CodeIgniter\CodeIgniter->runController(Object(App\Controllers\Product))
#6 /home/wwwinte/public_html/screening/system/CodeIgniter.php(333): CodeIgniter\CodeIgniter->handleRequest(NULL, Object(Config\Cache), false)
#7 /home/wwwinte/public_html/screening/public/index.php(44): CodeIgniter\CodeIgniter->run()
#8 {main}
CRITICAL - 2021-04-06 07:07:33 --> syntax error, unexpected '$dbhost' (T_VARIABLE), expecting function (T_FUNCTION) or const (T_CONST)
#0 /home/wwwinte/public_html/screening/system/Autoloader/Autoloader.php(265): CodeIgniter\Autoloader\Autoloader->includeFile('/home/wwwinte/p...')
#1 /home/wwwinte/public_html/screening/system/Autoloader/Autoloader.php(228): CodeIgniter\Autoloader\Autoloader->loadInNamespace('App\\Libraries\\I...')
#2 [internal function]: CodeIgniter\Autoloader\Autoloader->loadClass('App\\Libraries\\I...')
#3 /home/wwwinte/public_html/screening/app/Controllers/Product.php(148): spl_autoload_call('App\\Libraries\\I...')
#4 /home/wwwinte/public_html/screening/system/CodeIgniter.php(936): App\Controllers\Product->screening_management('edit', '1009')
#5 /home/wwwinte/public_html/screening/system/CodeIgniter.php(432): CodeIgniter\CodeIgniter->runController(Object(App\Controllers\Product))
#6 /home/wwwinte/public_html/screening/system/CodeIgniter.php(333): CodeIgniter\CodeIgniter->handleRequest(NULL, Object(Config\Cache), false)
#7 /home/wwwinte/public_html/screening/public/index.php(44): CodeIgniter\CodeIgniter->run()
#8 {main}
CRITICAL - 2021-04-06 07:07:54 --> syntax error, unexpected '$dbhost' (T_VARIABLE), expecting function (T_FUNCTION) or const (T_CONST)
#0 /home/wwwinte/public_html/screening/system/Autoloader/Autoloader.php(265): CodeIgniter\Autoloader\Autoloader->includeFile('/home/wwwinte/p...')
#1 /home/wwwinte/public_html/screening/system/Autoloader/Autoloader.php(228): CodeIgniter\Autoloader\Autoloader->loadInNamespace('App\\Libraries\\I...')
#2 [internal function]: CodeIgniter\Autoloader\Autoloader->loadClass('App\\Libraries\\I...')
#3 /home/wwwinte/public_html/screening/app/Controllers/Product.php(148): spl_autoload_call('App\\Libraries\\I...')
#4 /home/wwwinte/public_html/screening/system/CodeIgniter.php(936): App\Controllers\Product->screening_management('edit', '1009')
#5 /home/wwwinte/public_html/screening/system/CodeIgniter.php(432): CodeIgniter\CodeIgniter->runController(Object(App\Controllers\Product))
#6 /home/wwwinte/public_html/screening/system/CodeIgniter.php(333): CodeIgniter\CodeIgniter->handleRequest(NULL, Object(Config\Cache), false)
#7 /home/wwwinte/public_html/screening/public/index.php(44): CodeIgniter\CodeIgniter->run()
#8 {main}
CRITICAL - 2021-04-06 07:08:58 --> Trying to get property 'image' of non-object
#0 /home/wwwinte/public_html/screening/app/Libraries/InterneticsLibrary.php(49): CodeIgniter\Debug\Exceptions->errorHandler(8, 'Trying to get p...', '/home/wwwinte/p...', 49, Array)
#1 /home/wwwinte/public_html/screening/app/Libraries/GroceryCrud.php(231): App\Libraries\InterneticsLibrary->get_multiselect_input(Object(stdClass), '')
#2 /home/wwwinte/public_html/screening/app/Libraries/InterneticsLibrary.php(282): App\Libraries\grocery_CRUD_Field_Types->get_field_input(Object(stdClass), '')
#3 /home/wwwinte/public_html/screening/app/Libraries/GroceryCrud.php(1832): App\Libraries\InterneticsLibrary->get_edit_input_fields(Object(stdClass))
#4 /home/wwwinte/public_html/screening/app/Libraries/GroceryCrud.php(4532): App\Libraries\grocery_CRUD_Layout->showEditForm(Object(stdClass))
#5 /home/wwwinte/public_html/screening/app/Controllers/Product.php(211): App\Libraries\GroceryCrud->render()
#6 /home/wwwinte/public_html/screening/system/CodeIgniter.php(936): App\Controllers\Product->screening_management('edit', '1009')
#7 /home/wwwinte/public_html/screening/system/CodeIgniter.php(432): CodeIgniter\CodeIgniter->runController(Object(App\Controllers\Product))
#8 /home/wwwinte/public_html/screening/system/CodeIgniter.php(333): CodeIgniter\CodeIgniter->handleRequest(NULL, Object(Config\Cache), false)
#9 /home/wwwinte/public_html/screening/public/index.php(44): CodeIgniter\CodeIgniter->run()
#10 {main}
CRITICAL - 2021-04-06 07:20:15 --> Trying to get property 'image' of non-object
#0 /home/wwwinte/public_html/screening/app/Libraries/InterneticsLibrary.php(49): CodeIgniter\Debug\Exceptions->errorHandler(8, 'Trying to get p...', '/home/wwwinte/p...', 49, Array)
#1 /home/wwwinte/public_html/screening/app/Libraries/GroceryCrud.php(231): App\Libraries\InterneticsLibrary->get_multiselect_input(Object(stdClass), '')
#2 /home/wwwinte/public_html/screening/app/Libraries/InterneticsLibrary.php(282): App\Libraries\grocery_CRUD_Field_Types->get_field_input(Object(stdClass), '')
#3 /home/wwwinte/public_html/screening/app/Libraries/GroceryCrud.php(1832): App\Libraries\InterneticsLibrary->get_edit_input_fields(Object(stdClass))
#4 /home/wwwinte/public_html/screening/app/Libraries/GroceryCrud.php(4532): App\Libraries\grocery_CRUD_Layout->showEditForm(Object(stdClass))
#5 /home/wwwinte/public_html/screening/app/Controllers/Product.php(211): App\Libraries\GroceryCrud->render()
#6 /home/wwwinte/public_html/screening/system/CodeIgniter.php(936): App\Controllers\Product->screening_management('edit', '1009')
#7 /home/wwwinte/public_html/screening/system/CodeIgniter.php(432): CodeIgniter\CodeIgniter->runController(Object(App\Controllers\Product))
#8 /home/wwwinte/public_html/screening/system/CodeIgniter.php(333): CodeIgniter\CodeIgniter->handleRequest(NULL, Object(Config\Cache), false)
#9 /home/wwwinte/public_html/screening/public/index.php(44): CodeIgniter\CodeIgniter->run()
#10 {main}
CRITICAL - 2021-04-06 07:23:45 --> Undefined variable: image
#0 /home/wwwinte/public_html/screening/app/Libraries/InterneticsLibrary.php(56): CodeIgniter\Debug\Exceptions->errorHandler(8, 'Undefined varia...', '/home/wwwinte/p...', 56, Array)
#1 /home/wwwinte/public_html/screening/app/Libraries/GroceryCrud.php(231): App\Libraries\InterneticsLibrary->get_multiselect_input(Object(stdClass), '')
#2 /home/wwwinte/public_html/screening/app/Libraries/InterneticsLibrary.php(283): App\Libraries\grocery_CRUD_Field_Types->get_field_input(Object(stdClass), '')
#3 /home/wwwinte/public_html/screening/app/Libraries/GroceryCrud.php(1832): App\Libraries\InterneticsLibrary->get_edit_input_fields(Object(stdClass))
#4 /home/wwwinte/public_html/screening/app/Libraries/GroceryCrud.php(4532): App\Libraries\grocery_CRUD_Layout->showEditForm(Object(stdClass))
#5 /home/wwwinte/public_html/screening/app/Controllers/Product.php(211): App\Libraries\GroceryCrud->render()
#6 /home/wwwinte/public_html/screening/system/CodeIgniter.php(936): App\Controllers\Product->screening_management('edit', '1009')
#7 /home/wwwinte/public_html/screening/system/CodeIgniter.php(432): CodeIgniter\CodeIgniter->runController(Object(App\Controllers\Product))
#8 /home/wwwinte/public_html/screening/system/CodeIgniter.php(333): CodeIgniter\CodeIgniter->handleRequest(NULL, Object(Config\Cache), false)
#9 /home/wwwinte/public_html/screening/public/index.php(44): CodeIgniter\CodeIgniter->run()
#10 {main}
CRITICAL - 2021-04-06 07:23:45 --> Uncaught ErrorException: print_r(): Property access is not allowed yet in /home/wwwinte/public_html/screening/app/Views/errors/html/error_exception.php:100
Stack trace:
#0 [internal function]: CodeIgniter\Debug\Exceptions->errorHandler(2, 'print_r(): Prop...', '/home/wwwinte/p...', 100, Array)
#1 /home/wwwinte/public_html/screening/app/Views/errors/html/error_exception.php(100): print_r(Array, true)
#2 /home/wwwinte/public_html/screening/system/Debug/Exceptions.php(281): include('/home/wwwinte/p...')
#3 /home/wwwinte/public_html/screening/system/Debug/Exceptions.php(147): CodeIgniter\Debug\Exceptions->render(Object(ErrorException), 500)
#4 [internal function]: CodeIgniter\Debug\Exceptions->exceptionHandler(Object(ErrorException))
#5 {main}
  thrown
#0 [internal function]: CodeIgniter\Debug\Exceptions->shutdownHandler()
#1 {main}
CRITICAL - 2021-04-06 07:24:12 --> Undefined property: stdClass::$image2
#0 /home/wwwinte/public_html/screening/app/Libraries/InterneticsLibrary.php(50): CodeIgniter\Debug\Exceptions->errorHandler(8, 'Undefined prope...', '/home/wwwinte/p...', 50, Array)
#1 /home/wwwinte/public_html/screening/app/Libraries/GroceryCrud.php(231): App\Libraries\InterneticsLibrary->get_multiselect_input(Object(stdClass), '')
#2 /home/wwwinte/public_html/screening/app/Libraries/InterneticsLibrary.php(283): App\Libraries\grocery_CRUD_Field_Types->get_field_input(Object(stdClass), '')
#3 /home/wwwinte/public_html/screening/app/Libraries/GroceryCrud.php(1832): App\Libraries\InterneticsLibrary->get_edit_input_fields(Object(stdClass))
#4 /home/wwwinte/public_html/screening/app/Libraries/GroceryCrud.php(4532): App\Libraries\grocery_CRUD_Layout->showEditForm(Object(stdClass))
#5 /home/wwwinte/public_html/screening/app/Controllers/Product.php(211): App\Libraries\GroceryCrud->render()
#6 /home/wwwinte/public_html/screening/system/CodeIgniter.php(936): App\Controllers\Product->screening_management('edit', '1009')
#7 /home/wwwinte/public_html/screening/system/CodeIgniter.php(432): CodeIgniter\CodeIgniter->runController(Object(App\Controllers\Product))
#8 /home/wwwinte/public_html/screening/system/CodeIgniter.php(333): CodeIgniter\CodeIgniter->handleRequest(NULL, Object(Config\Cache), false)
#9 /home/wwwinte/public_html/screening/public/index.php(44): CodeIgniter\CodeIgniter->run()
#10 {main}
CRITICAL - 2021-04-06 07:24:48 --> Trying to get property 'image' of non-object
#0 /home/wwwinte/public_html/screening/app/Libraries/InterneticsLibrary.php(50): CodeIgniter\Debug\Exceptions->errorHandler(8, 'Trying to get p...', '/home/wwwinte/p...', 50, Array)
#1 /home/wwwinte/public_html/screening/app/Libraries/GroceryCrud.php(231): App\Libraries\InterneticsLibrary->get_multiselect_input(Object(stdClass), '')
#2 /home/wwwinte/public_html/screening/app/Libraries/InterneticsLibrary.php(283): App\Libraries\grocery_CRUD_Field_Types->get_field_input(Object(stdClass), '')
#3 /home/wwwinte/public_html/screening/app/Libraries/GroceryCrud.php(1832): App\Libraries\InterneticsLibrary->get_edit_input_fields(Object(stdClass))
#4 /home/wwwinte/public_html/screening/app/Libraries/GroceryCrud.php(4532): App\Libraries\grocery_CRUD_Layout->showEditForm(Object(stdClass))
#5 /home/wwwinte/public_html/screening/app/Controllers/Product.php(211): App\Libraries\GroceryCrud->render()
#6 /home/wwwinte/public_html/screening/system/CodeIgniter.php(936): App\Controllers\Product->screening_management('edit', '1009')
#7 /home/wwwinte/public_html/screening/system/CodeIgniter.php(432): CodeIgniter\CodeIgniter->runController(Object(App\Controllers\Product))
#8 /home/wwwinte/public_html/screening/system/CodeIgniter.php(333): CodeIgniter\CodeIgniter->handleRequest(NULL, Object(Config\Cache), false)
#9 /home/wwwinte/public_html/screening/public/index.php(44): CodeIgniter\CodeIgniter->run()
#10 {main}
CRITICAL - 2021-04-06 07:24:56 --> Trying to get property 'image' of non-object
#0 /home/wwwinte/public_html/screening/app/Libraries/InterneticsLibrary.php(50): CodeIgniter\Debug\Exceptions->errorHandler(8, 'Trying to get p...', '/home/wwwinte/p...', 50, Array)
#1 /home/wwwinte/public_html/screening/app/Libraries/GroceryCrud.php(231): App\Libraries\InterneticsLibrary->get_multiselect_input(Object(stdClass), '')
#2 /home/wwwinte/public_html/screening/app/Libraries/InterneticsLibrary.php(283): App\Libraries\grocery_CRUD_Field_Types->get_field_input(Object(stdClass), '')
#3 /home/wwwinte/public_html/screening/app/Libraries/GroceryCrud.php(1832): App\Libraries\InterneticsLibrary->get_edit_input_fields(Object(stdClass))
#4 /home/wwwinte/public_html/screening/app/Libraries/GroceryCrud.php(4532): App\Libraries\grocery_CRUD_Layout->showEditForm(Object(stdClass))
#5 /home/wwwinte/public_html/screening/app/Controllers/Product.php(211): App\Libraries\GroceryCrud->render()
#6 /home/wwwinte/public_html/screening/system/CodeIgniter.php(936): App\Controllers\Product->screening_management('edit', '1009')
#7 /home/wwwinte/public_html/screening/system/CodeIgniter.php(432): CodeIgniter\CodeIgniter->runController(Object(App\Controllers\Product))
#8 /home/wwwinte/public_html/screening/system/CodeIgniter.php(333): CodeIgniter\CodeIgniter->handleRequest(NULL, Object(Config\Cache), false)
#9 /home/wwwinte/public_html/screening/public/index.php(44): CodeIgniter\CodeIgniter->run()
#10 {main}
CRITICAL - 2021-04-06 07:25:03 --> Trying to get property 'image' of non-object
#0 /home/wwwinte/public_html/screening/app/Libraries/InterneticsLibrary.php(50): CodeIgniter\Debug\Exceptions->errorHandler(8, 'Trying to get p...', '/home/wwwinte/p...', 50, Array)
#1 /home/wwwinte/public_html/screening/app/Libraries/GroceryCrud.php(231): App\Libraries\InterneticsLibrary->get_multiselect_input(Object(stdClass), '1')
#2 /home/wwwinte/public_html/screening/app/Libraries/InterneticsLibrary.php(283): App\Libraries\grocery_CRUD_Field_Types->get_field_input(Object(stdClass), '1')
#3 /home/wwwinte/public_html/screening/app/Libraries/GroceryCrud.php(1832): App\Libraries\InterneticsLibrary->get_edit_input_fields(Object(stdClass))
#4 /home/wwwinte/public_html/screening/app/Libraries/GroceryCrud.php(4532): App\Libraries\grocery_CRUD_Layout->showEditForm(Object(stdClass))
#5 /home/wwwinte/public_html/screening/app/Controllers/Product.php(211): App\Libraries\GroceryCrud->render()
#6 /home/wwwinte/public_html/screening/system/CodeIgniter.php(936): App\Controllers\Product->screening_management('edit', '1011')
#7 /home/wwwinte/public_html/screening/system/CodeIgniter.php(432): CodeIgniter\CodeIgniter->runController(Object(App\Controllers\Product))
#8 /home/wwwinte/public_html/screening/system/CodeIgniter.php(333): CodeIgniter\CodeIgniter->handleRequest(NULL, Object(Config\Cache), false)
#9 /home/wwwinte/public_html/screening/public/index.php(44): CodeIgniter\CodeIgniter->run()
#10 {main}
CRITICAL - 2021-04-06 07:27:47 --> Trying to get property 'image' of non-object
#0 /home/wwwinte/public_html/screening/app/Libraries/InterneticsLibrary.php(50): CodeIgniter\Debug\Exceptions->errorHandler(8, 'Trying to get p...', '/home/wwwinte/p...', 50, Array)
#1 /home/wwwinte/public_html/screening/app/Libraries/GroceryCrud.php(231): App\Libraries\InterneticsLibrary->get_multiselect_input(Object(stdClass), '1')
#2 /home/wwwinte/public_html/screening/app/Libraries/InterneticsLibrary.php(283): App\Libraries\grocery_CRUD_Field_Types->get_field_input(Object(stdClass), '1')
#3 /home/wwwinte/public_html/screening/app/Libraries/GroceryCrud.php(1832): App\Libraries\InterneticsLibrary->get_edit_input_fields(Object(stdClass))
#4 /home/wwwinte/public_html/screening/app/Libraries/GroceryCrud.php(4532): App\Libraries\grocery_CRUD_Layout->showEditForm(Object(stdClass))
#5 /home/wwwinte/public_html/screening/app/Controllers/Product.php(211): App\Libraries\GroceryCrud->render()
#6 /home/wwwinte/public_html/screening/system/CodeIgniter.php(936): App\Controllers\Product->screening_management('edit', '1011')
#7 /home/wwwinte/public_html/screening/system/CodeIgniter.php(432): CodeIgniter\CodeIgniter->runController(Object(App\Controllers\Product))
#8 /home/wwwinte/public_html/screening/system/CodeIgniter.php(333): CodeIgniter\CodeIgniter->handleRequest(NULL, Object(Config\Cache), false)
#9 /home/wwwinte/public_html/screening/public/index.php(44): CodeIgniter\CodeIgniter->run()
#10 {main}
CRITICAL - 2021-04-06 07:30:19 --> Undefined property: stdClass::$item_id
#0 /home/wwwinte/public_html/screening/app/Libraries/InterneticsLibrary.php(33): CodeIgniter\Debug\Exceptions->errorHandler(8, 'Undefined prope...', '/home/wwwinte/p...', 33, Array)
#1 /home/wwwinte/public_html/screening/app/Libraries/GroceryCrud.php(231): App\Libraries\InterneticsLibrary->get_multiselect_input(Object(stdClass), '1')
#2 /home/wwwinte/public_html/screening/app/Libraries/InterneticsLibrary.php(283): App\Libraries\grocery_CRUD_Field_Types->get_field_input(Object(stdClass), '1')
#3 /home/wwwinte/public_html/screening/app/Libraries/GroceryCrud.php(1832): App\Libraries\InterneticsLibrary->get_edit_input_fields(Object(stdClass))
#4 /home/wwwinte/public_html/screening/app/Libraries/GroceryCrud.php(4532): App\Libraries\grocery_CRUD_Layout->showEditForm(Object(stdClass))
#5 /home/wwwinte/public_html/screening/app/Controllers/Product.php(211): App\Libraries\GroceryCrud->render()
#6 /home/wwwinte/public_html/screening/system/CodeIgniter.php(936): App\Controllers\Product->screening_management('edit', '1011')
#7 /home/wwwinte/public_html/screening/system/CodeIgniter.php(432): CodeIgniter\CodeIgniter->runController(Object(App\Controllers\Product))
#8 /home/wwwinte/public_html/screening/system/CodeIgniter.php(333): CodeIgniter\CodeIgniter->handleRequest(NULL, Object(Config\Cache), false)
#9 /home/wwwinte/public_html/screening/public/index.php(44): CodeIgniter\CodeIgniter->run()
#10 {main}
CRITICAL - 2021-04-06 07:32:52 --> syntax error, unexpected ';', expecting ')'
#0 /home/wwwinte/public_html/screening/system/Autoloader/Autoloader.php(265): CodeIgniter\Autoloader\Autoloader->includeFile('/home/wwwinte/p...')
#1 /home/wwwinte/public_html/screening/system/Autoloader/Autoloader.php(228): CodeIgniter\Autoloader\Autoloader->loadInNamespace('App\\Libraries\\I...')
#2 [internal function]: CodeIgniter\Autoloader\Autoloader->loadClass('App\\Libraries\\I...')
#3 /home/wwwinte/public_html/screening/app/Controllers/Product.php(148): spl_autoload_call('App\\Libraries\\I...')
#4 /home/wwwinte/public_html/screening/system/CodeIgniter.php(936): App\Controllers\Product->screening_management('edit', '1011')
#5 /home/wwwinte/public_html/screening/system/CodeIgniter.php(432): CodeIgniter\CodeIgniter->runController(Object(App\Controllers\Product))
#6 /home/wwwinte/public_html/screening/system/CodeIgniter.php(333): CodeIgniter\CodeIgniter->handleRequest(NULL, Object(Config\Cache), false)
#7 /home/wwwinte/public_html/screening/public/index.php(44): CodeIgniter\CodeIgniter->run()
#8 {main}
CRITICAL - 2021-04-06 07:33:41 --> You have an error in your SQL syntax; check the manual that corresponds to your MariaDB server version for the right syntax to use near 'time providing care,Location or environment change,Suspected condition change or' at line 1
#0 /home/wwwinte/public_html/screening/app/Libraries/InterneticsLibrary.php(55): mysqli->query('SELECT image FR...')
#1 /home/wwwinte/public_html/screening/app/Libraries/GroceryCrud.php(231): App\Libraries\InterneticsLibrary->get_multiselect_input(Object(stdClass), 'First time prov...')
#2 /home/wwwinte/public_html/screening/app/Libraries/InterneticsLibrary.php(288): App\Libraries\grocery_CRUD_Field_Types->get_field_input(Object(stdClass), 'First time prov...')
#3 /home/wwwinte/public_html/screening/app/Libraries/GroceryCrud.php(1832): App\Libraries\InterneticsLibrary->get_edit_input_fields(Object(stdClass))
#4 /home/wwwinte/public_html/screening/app/Libraries/GroceryCrud.php(4532): App\Libraries\grocery_CRUD_Layout->showEditForm(Object(stdClass))
#5 /home/wwwinte/public_html/screening/app/Controllers/Product.php(211): App\Libraries\GroceryCrud->render()
#6 /home/wwwinte/public_html/screening/system/CodeIgniter.php(936): App\Controllers\Product->screening_management('edit', '1010')
#7 /home/wwwinte/public_html/screening/system/CodeIgniter.php(432): CodeIgniter\CodeIgniter->runController(Object(App\Controllers\Product))
#8 /home/wwwinte/public_html/screening/system/CodeIgniter.php(333): CodeIgniter\CodeIgniter->handleRequest(NULL, Object(Config\Cache), false)
#9 /home/wwwinte/public_html/screening/public/index.php(44): CodeIgniter\CodeIgniter->run()
#10 {main}
CRITICAL - 2021-04-06 07:35:18 --> Trying to get property 'image' of non-object
#0 /home/wwwinte/public_html/screening/app/Libraries/InterneticsLibrary.php(52): CodeIgniter\Debug\Exceptions->errorHandler(8, 'Trying to get p...', '/home/wwwinte/p...', 52, Array)
#1 /home/wwwinte/public_html/screening/app/Libraries/GroceryCrud.php(231): App\Libraries\InterneticsLibrary->get_multiselect_input(Object(stdClass), 'First time prov...')
#2 /home/wwwinte/public_html/screening/app/Libraries/InterneticsLibrary.php(285): App\Libraries\grocery_CRUD_Field_Types->get_field_input(Object(stdClass), 'First time prov...')
#3 /home/wwwinte/public_html/screening/app/Libraries/GroceryCrud.php(1832): App\Libraries\InterneticsLibrary->get_edit_input_fields(Object(stdClass))
#4 /home/wwwinte/public_html/screening/app/Libraries/GroceryCrud.php(4532): App\Libraries\grocery_CRUD_Layout->showEditForm(Object(stdClass))
#5 /home/wwwinte/public_html/screening/app/Controllers/Product.php(211): App\Libraries\GroceryCrud->render()
#6 /home/wwwinte/public_html/screening/system/CodeIgniter.php(936): App\Controllers\Product->screening_management('edit', '1010')
#7 /home/wwwinte/public_html/screening/system/CodeIgniter.php(432): CodeIgniter\CodeIgniter->runController(Object(App\Controllers\Product))
#8 /home/wwwinte/public_html/screening/system/CodeIgniter.php(333): CodeIgniter\CodeIgniter->handleRequest(NULL, Object(Config\Cache), false)
#9 /home/wwwinte/public_html/screening/public/index.php(44): CodeIgniter\CodeIgniter->run()
#10 {main}
CRITICAL - 2021-04-06 07:35:51 --> Trying to get property 'image' of non-object
#0 /home/wwwinte/public_html/screening/app/Libraries/InterneticsLibrary.php(52): CodeIgniter\Debug\Exceptions->errorHandler(8, 'Trying to get p...', '/home/wwwinte/p...', 52, Array)
#1 /home/wwwinte/public_html/screening/app/Libraries/GroceryCrud.php(231): App\Libraries\InterneticsLibrary->get_multiselect_input(Object(stdClass), 'First time prov...')
#2 /home/wwwinte/public_html/screening/app/Libraries/InterneticsLibrary.php(285): App\Libraries\grocery_CRUD_Field_Types->get_field_input(Object(stdClass), 'First time prov...')
#3 /home/wwwinte/public_html/screening/app/Libraries/GroceryCrud.php(1832): App\Libraries\InterneticsLibrary->get_edit_input_fields(Object(stdClass))
#4 /home/wwwinte/public_html/screening/app/Libraries/GroceryCrud.php(4532): App\Libraries\grocery_CRUD_Layout->showEditForm(Object(stdClass))
#5 /home/wwwinte/public_html/screening/app/Controllers/Product.php(211): App\Libraries\GroceryCrud->render()
#6 /home/wwwinte/public_html/screening/system/CodeIgniter.php(936): App\Controllers\Product->screening_management('edit', '1010')
#7 /home/wwwinte/public_html/screening/system/CodeIgniter.php(432): CodeIgniter\CodeIgniter->runController(Object(App\Controllers\Product))
#8 /home/wwwinte/public_html/screening/system/CodeIgniter.php(333): CodeIgniter\CodeIgniter->handleRequest(NULL, Object(Config\Cache), false)
#9 /home/wwwinte/public_html/screening/public/index.php(44): CodeIgniter\CodeIgniter->run()
#10 {main}
CRITICAL - 2021-04-06 07:37:51 --> Trying to get property 'image' of non-object
#0 /home/wwwinte/public_html/screening/app/Libraries/InterneticsLibrary.php(52): CodeIgniter\Debug\Exceptions->errorHandler(8, 'Trying to get p...', '/home/wwwinte/p...', 52, Array)
#1 /home/wwwinte/public_html/screening/app/Libraries/GroceryCrud.php(231): App\Libraries\InterneticsLibrary->get_multiselect_input(Object(stdClass), 'First time prov...')
#2 /home/wwwinte/public_html/screening/app/Libraries/InterneticsLibrary.php(285): App\Libraries\grocery_CRUD_Field_Types->get_field_input(Object(stdClass), 'First time prov...')
#3 /home/wwwinte/public_html/screening/app/Libraries/GroceryCrud.php(1832): App\Libraries\InterneticsLibrary->get_edit_input_fields(Object(stdClass))
#4 /home/wwwinte/public_html/screening/app/Libraries/GroceryCrud.php(4532): App\Libraries\grocery_CRUD_Layout->showEditForm(Object(stdClass))
#5 /home/wwwinte/public_html/screening/app/Controllers/Product.php(211): App\Libraries\GroceryCrud->render()
#6 /home/wwwinte/public_html/screening/system/CodeIgniter.php(936): App\Controllers\Product->screening_management('edit', '1010')
#7 /home/wwwinte/public_html/screening/system/CodeIgniter.php(432): CodeIgniter\CodeIgniter->runController(Object(App\Controllers\Product))
#8 /home/wwwinte/public_html/screening/system/CodeIgniter.php(333): CodeIgniter\CodeIgniter->handleRequest(NULL, Object(Config\Cache), false)
#9 /home/wwwinte/public_html/screening/public/index.php(44): CodeIgniter\CodeIgniter->run()
#10 {main}
CRITICAL - 2021-04-06 07:38:39 --> Trying to get property 'image' of non-object
#0 /home/wwwinte/public_html/screening/app/Libraries/InterneticsLibrary.php(52): CodeIgniter\Debug\Exceptions->errorHandler(8, 'Trying to get p...', '/home/wwwinte/p...', 52, Array)
#1 /home/wwwinte/public_html/screening/app/Libraries/GroceryCrud.php(231): App\Libraries\InterneticsLibrary->get_multiselect_input(Object(stdClass), 'First time prov...')
#2 /home/wwwinte/public_html/screening/app/Libraries/InterneticsLibrary.php(285): App\Libraries\grocery_CRUD_Field_Types->get_field_input(Object(stdClass), 'First time prov...')
#3 /home/wwwinte/public_html/screening/app/Libraries/GroceryCrud.php(1832): App\Libraries\InterneticsLibrary->get_edit_input_fields(Object(stdClass))
#4 /home/wwwinte/public_html/screening/app/Libraries/GroceryCrud.php(4532): App\Libraries\grocery_CRUD_Layout->showEditForm(Object(stdClass))
#5 /home/wwwinte/public_html/screening/app/Controllers/Product.php(211): App\Libraries\GroceryCrud->render()
#6 /home/wwwinte/public_html/screening/system/CodeIgniter.php(936): App\Controllers\Product->screening_management('edit', '1010')
#7 /home/wwwinte/public_html/screening/system/CodeIgniter.php(432): CodeIgniter\CodeIgniter->runController(Object(App\Controllers\Product))
#8 /home/wwwinte/public_html/screening/system/CodeIgniter.php(333): CodeIgniter\CodeIgniter->handleRequest(NULL, Object(Config\Cache), false)
#9 /home/wwwinte/public_html/screening/public/index.php(44): CodeIgniter\CodeIgniter->run()
#10 {main}
CRITICAL - 2021-04-06 07:46:30 --> Trying to get property 'image' of non-object
#0 /home/wwwinte/public_html/screening/app/Libraries/InterneticsLibrary.php(35): CodeIgniter\Debug\Exceptions->errorHandler(8, 'Trying to get p...', '/home/wwwinte/p...', 35, Array)
#1 /home/wwwinte/public_html/screening/app/Libraries/GroceryCrud.php(231): App\Libraries\InterneticsLibrary->get_multiselect_input(Object(stdClass), '1,3,4')
#2 /home/wwwinte/public_html/screening/app/Libraries/InterneticsLibrary.php(285): App\Libraries\grocery_CRUD_Field_Types->get_field_input(Object(stdClass), '1,3,4')
#3 /home/wwwinte/public_html/screening/app/Libraries/GroceryCrud.php(1832): App\Libraries\InterneticsLibrary->get_edit_input_fields(Object(stdClass))
#4 /home/wwwinte/public_html/screening/app/Libraries/GroceryCrud.php(4532): App\Libraries\grocery_CRUD_Layout->showEditForm(Object(stdClass))
#5 /home/wwwinte/public_html/screening/app/Controllers/Product.php(211): App\Libraries\GroceryCrud->render()
#6 /home/wwwinte/public_html/screening/system/CodeIgniter.php(936): App\Controllers\Product->screening_management('edit', '1008')
#7 /home/wwwinte/public_html/screening/system/CodeIgniter.php(432): CodeIgniter\CodeIgniter->runController(Object(App\Controllers\Product))
#8 /home/wwwinte/public_html/screening/system/CodeIgniter.php(333): CodeIgniter\CodeIgniter->handleRequest(NULL, Object(Config\Cache), false)
#9 /home/wwwinte/public_html/screening/public/index.php(44): CodeIgniter\CodeIgniter->run()
#10 {main}
CRITICAL - 2021-04-06 07:47:26 --> Trying to get property 'image' of non-object
#0 /home/wwwinte/public_html/screening/app/Libraries/InterneticsLibrary.php(35): CodeIgniter\Debug\Exceptions->errorHandler(8, 'Trying to get p...', '/home/wwwinte/p...', 35, Array)
#1 /home/wwwinte/public_html/screening/app/Libraries/GroceryCrud.php(231): App\Libraries\InterneticsLibrary->get_multiselect_input(Object(stdClass), '1,3,4')
#2 /home/wwwinte/public_html/screening/app/Libraries/InterneticsLibrary.php(285): App\Libraries\grocery_CRUD_Field_Types->get_field_input(Object(stdClass), '1,3,4')
#3 /home/wwwinte/public_html/screening/app/Libraries/GroceryCrud.php(1832): App\Libraries\InterneticsLibrary->get_edit_input_fields(Object(stdClass))
#4 /home/wwwinte/public_html/screening/app/Libraries/GroceryCrud.php(4532): App\Libraries\grocery_CRUD_Layout->showEditForm(Object(stdClass))
#5 /home/wwwinte/public_html/screening/app/Controllers/Product.php(211): App\Libraries\GroceryCrud->render()
#6 /home/wwwinte/public_html/screening/system/CodeIgniter.php(936): App\Controllers\Product->screening_management('edit', '1008')
#7 /home/wwwinte/public_html/screening/system/CodeIgniter.php(432): CodeIgniter\CodeIgniter->runController(Object(App\Controllers\Product))
#8 /home/wwwinte/public_html/screening/system/CodeIgniter.php(333): CodeIgniter\CodeIgniter->handleRequest(NULL, Object(Config\Cache), false)
#9 /home/wwwinte/public_html/screening/public/index.php(44): CodeIgniter\CodeIgniter->run()
#10 {main}
CRITICAL - 2021-04-06 07:47:48 --> Trying to get property 'image' of non-object
#0 /home/wwwinte/public_html/screening/app/Libraries/InterneticsLibrary.php(35): CodeIgniter\Debug\Exceptions->errorHandler(8, 'Trying to get p...', '/home/wwwinte/p...', 35, Array)
#1 /home/wwwinte/public_html/screening/app/Libraries/GroceryCrud.php(231): App\Libraries\InterneticsLibrary->get_multiselect_input(Object(stdClass), '1,3,4')
#2 /home/wwwinte/public_html/screening/app/Libraries/InterneticsLibrary.php(285): App\Libraries\grocery_CRUD_Field_Types->get_field_input(Object(stdClass), '1,3,4')
#3 /home/wwwinte/public_html/screening/app/Libraries/GroceryCrud.php(1832): App\Libraries\InterneticsLibrary->get_edit_input_fields(Object(stdClass))
#4 /home/wwwinte/public_html/screening/app/Libraries/GroceryCrud.php(4532): App\Libraries\grocery_CRUD_Layout->showEditForm(Object(stdClass))
#5 /home/wwwinte/public_html/screening/app/Controllers/Product.php(211): App\Libraries\GroceryCrud->render()
#6 /home/wwwinte/public_html/screening/system/CodeIgniter.php(936): App\Controllers\Product->screening_management('edit', '1008')
#7 /home/wwwinte/public_html/screening/system/CodeIgniter.php(432): CodeIgniter\CodeIgniter->runController(Object(App\Controllers\Product))
#8 /home/wwwinte/public_html/screening/system/CodeIgniter.php(333): CodeIgniter\CodeIgniter->handleRequest(NULL, Object(Config\Cache), false)
#9 /home/wwwinte/public_html/screening/public/index.php(44): CodeIgniter\CodeIgniter->run()
#10 {main}
CRITICAL - 2021-04-06 07:48:01 --> Trying to get property 'image' of non-object
#0 /home/wwwinte/public_html/screening/app/Libraries/InterneticsLibrary.php(35): CodeIgniter\Debug\Exceptions->errorHandler(8, 'Trying to get p...', '/home/wwwinte/p...', 35, Array)
#1 /home/wwwinte/public_html/screening/app/Libraries/GroceryCrud.php(231): App\Libraries\InterneticsLibrary->get_multiselect_input(Object(stdClass), '1,3,4')
#2 /home/wwwinte/public_html/screening/app/Libraries/InterneticsLibrary.php(285): App\Libraries\grocery_CRUD_Field_Types->get_field_input(Object(stdClass), '1,3,4')
#3 /home/wwwinte/public_html/screening/app/Libraries/GroceryCrud.php(1832): App\Libraries\InterneticsLibrary->get_edit_input_fields(Object(stdClass))
#4 /home/wwwinte/public_html/screening/app/Libraries/GroceryCrud.php(4532): App\Libraries\grocery_CRUD_Layout->showEditForm(Object(stdClass))
#5 /home/wwwinte/public_html/screening/app/Controllers/Product.php(211): App\Libraries\GroceryCrud->render()
#6 /home/wwwinte/public_html/screening/system/CodeIgniter.php(936): App\Controllers\Product->screening_management('edit', '1008')
#7 /home/wwwinte/public_html/screening/system/CodeIgniter.php(432): CodeIgniter\CodeIgniter->runController(Object(App\Controllers\Product))
#8 /home/wwwinte/public_html/screening/system/CodeIgniter.php(333): CodeIgniter\CodeIgniter->handleRequest(NULL, Object(Config\Cache), false)
#9 /home/wwwinte/public_html/screening/public/index.php(44): CodeIgniter\CodeIgniter->run()
#10 {main}
CRITICAL - 2021-04-06 07:49:40 --> Trying to get property 'image' of non-object
#0 /home/wwwinte/public_html/screening/app/Libraries/InterneticsLibrary.php(35): CodeIgniter\Debug\Exceptions->errorHandler(8, 'Trying to get p...', '/home/wwwinte/p...', 35, Array)
#1 /home/wwwinte/public_html/screening/app/Libraries/GroceryCrud.php(231): App\Libraries\InterneticsLibrary->get_multiselect_input(Object(stdClass), '1,3,4')
#2 /home/wwwinte/public_html/screening/app/Libraries/InterneticsLibrary.php(285): App\Libraries\grocery_CRUD_Field_Types->get_field_input(Object(stdClass), '1,3,4')
#3 /home/wwwinte/public_html/screening/app/Libraries/GroceryCrud.php(1832): App\Libraries\InterneticsLibrary->get_edit_input_fields(Object(stdClass))
#4 /home/wwwinte/public_html/screening/app/Libraries/GroceryCrud.php(4532): App\Libraries\grocery_CRUD_Layout->showEditForm(Object(stdClass))
#5 /home/wwwinte/public_html/screening/app/Controllers/Product.php(211): App\Libraries\GroceryCrud->render()
#6 /home/wwwinte/public_html/screening/system/CodeIgniter.php(936): App\Controllers\Product->screening_management('edit', '1008')
#7 /home/wwwinte/public_html/screening/system/CodeIgniter.php(432): CodeIgniter\CodeIgniter->runController(Object(App\Controllers\Product))
#8 /home/wwwinte/public_html/screening/system/CodeIgniter.php(333): CodeIgniter\CodeIgniter->handleRequest(NULL, Object(Config\Cache), false)
#9 /home/wwwinte/public_html/screening/public/index.php(44): CodeIgniter\CodeIgniter->run()
#10 {main}
CRITICAL - 2021-04-06 17:16:42 --> Class 'grocery_CRUD' not found
#0 /home/wwwinte/public_html/screening/app/Libraries/GroceryCrud.php(2801): include()
#1 /home/wwwinte/public_html/screening/app/Libraries/GroceryCrud.php(1885): App\Libraries\grocery_CRUD_Layout->_theme_view('read.php', Array)
#2 /home/wwwinte/public_html/screening/app/Libraries/GroceryCrud.php(4680): App\Libraries\grocery_CRUD_Layout->showReadForm(Object(stdClass))
#3 /home/wwwinte/public_html/screening/app/Controllers/Product.php(212): App\Libraries\GroceryCrud->render()
#4 /home/wwwinte/public_html/screening/system/CodeIgniter.php(936): App\Controllers\Product->screening_management('read', '1010')
#5 /home/wwwinte/public_html/screening/system/CodeIgniter.php(432): CodeIgniter\CodeIgniter->runController(Object(App\Controllers\Product))
#6 /home/wwwinte/public_html/screening/system/CodeIgniter.php(333): CodeIgniter\CodeIgniter->handleRequest(NULL, Object(Config\Cache), false)
#7 /home/wwwinte/public_html/screening/public/index.php(44): CodeIgniter\CodeIgniter->run()
#8 {main}
CRITICAL - 2021-04-06 17:53:31 --> Object of class stdClass could not be converted to string
#0 /home/wwwinte/public_html/screening/public/assets/grocery_crud/themes/internetics/views/read.php(53): CodeIgniter\Debug\Exceptions->errorHandler(4096, 'Object of class...', '/home/wwwinte/p...', 53, Array)
#1 /home/wwwinte/public_html/screening/app/Libraries/GroceryCrud.php(2801): include('/home/wwwinte/p...')
#2 /home/wwwinte/public_html/screening/app/Libraries/GroceryCrud.php(1885): App\Libraries\grocery_CRUD_Layout->_theme_view('read.php', Array)
#3 /home/wwwinte/public_html/screening/app/Libraries/GroceryCrud.php(4680): App\Libraries\grocery_CRUD_Layout->showReadForm(Object(stdClass))
#4 /home/wwwinte/public_html/screening/app/Controllers/Product.php(212): App\Libraries\GroceryCrud->render()
#5 /home/wwwinte/public_html/screening/system/CodeIgniter.php(936): App\Controllers\Product->screening_management('read', '1010')
#6 /home/wwwinte/public_html/screening/system/CodeIgniter.php(432): CodeIgniter\CodeIgniter->runController(Object(App\Controllers\Product))
#7 /home/wwwinte/public_html/screening/system/CodeIgniter.php(333): CodeIgniter\CodeIgniter->handleRequest(NULL, Object(Config\Cache), false)
#8 /home/wwwinte/public_html/screening/public/index.php(44): CodeIgniter\CodeIgniter->run()
#9 {main}
CRITICAL - 2021-04-06 17:55:54 --> Trying to get property 'input' of non-object
#0 /home/wwwinte/public_html/screening/public/assets/grocery_crud/themes/internetics/views/read.php(51): CodeIgniter\Debug\Exceptions->errorHandler(8, 'Trying to get p...', '/home/wwwinte/p...', 51, Array)
#1 /home/wwwinte/public_html/screening/app/Libraries/GroceryCrud.php(2801): include('/home/wwwinte/p...')
#2 /home/wwwinte/public_html/screening/app/Libraries/GroceryCrud.php(1885): App\Libraries\grocery_CRUD_Layout->_theme_view('read.php', Array)
#3 /home/wwwinte/public_html/screening/app/Libraries/GroceryCrud.php(4680): App\Libraries\grocery_CRUD_Layout->showReadForm(Object(stdClass))
#4 /home/wwwinte/public_html/screening/app/Controllers/Product.php(212): App\Libraries\GroceryCrud->render()
#5 /home/wwwinte/public_html/screening/system/CodeIgniter.php(936): App\Controllers\Product->screening_management('read', '1010')
#6 /home/wwwinte/public_html/screening/system/CodeIgniter.php(432): CodeIgniter\CodeIgniter->runController(Object(App\Controllers\Product))
#7 /home/wwwinte/public_html/screening/system/CodeIgniter.php(333): CodeIgniter\CodeIgniter->handleRequest(NULL, Object(Config\Cache), false)
#8 /home/wwwinte/public_html/screening/public/index.php(44): CodeIgniter\CodeIgniter->run()
#9 {main}
CRITICAL - 2021-04-06 18:07:38 --> syntax error, unexpected '.'
#0 /home/wwwinte/public_html/screening/app/Libraries/GroceryCrud.php(1885): App\Libraries\grocery_CRUD_Layout->_theme_view('read.php', Array)
#1 /home/wwwinte/public_html/screening/app/Libraries/GroceryCrud.php(4680): App\Libraries\grocery_CRUD_Layout->showReadForm(Object(stdClass))
#2 /home/wwwinte/public_html/screening/app/Controllers/Product.php(212): App\Libraries\GroceryCrud->render()
#3 /home/wwwinte/public_html/screening/system/CodeIgniter.php(936): App\Controllers\Product->screening_management('read', '1010')
#4 /home/wwwinte/public_html/screening/system/CodeIgniter.php(432): CodeIgniter\CodeIgniter->runController(Object(App\Controllers\Product))
#5 /home/wwwinte/public_html/screening/system/CodeIgniter.php(333): CodeIgniter\CodeIgniter->handleRequest(NULL, Object(Config\Cache), false)
#6 /home/wwwinte/public_html/screening/public/index.php(44): CodeIgniter\CodeIgniter->run()
#7 {main}
CRITICAL - 2021-04-06 18:08:28 --> syntax error, unexpected ';', expecting ')'
#0 /home/wwwinte/public_html/screening/app/Libraries/GroceryCrud.php(1885): App\Libraries\grocery_CRUD_Layout->_theme_view('read.php', Array)
#1 /home/wwwinte/public_html/screening/app/Libraries/GroceryCrud.php(4680): App\Libraries\grocery_CRUD_Layout->showReadForm(Object(stdClass))
#2 /home/wwwinte/public_html/screening/app/Controllers/Product.php(212): App\Libraries\GroceryCrud->render()
#3 /home/wwwinte/public_html/screening/system/CodeIgniter.php(936): App\Controllers\Product->screening_management('read', '1010')
#4 /home/wwwinte/public_html/screening/system/CodeIgniter.php(432): CodeIgniter\CodeIgniter->runController(Object(App\Controllers\Product))
#5 /home/wwwinte/public_html/screening/system/CodeIgniter.php(333): CodeIgniter\CodeIgniter->handleRequest(NULL, Object(Config\Cache), false)
#6 /home/wwwinte/public_html/screening/public/index.php(44): CodeIgniter\CodeIgniter->run()
#7 {main}
CRITICAL - 2021-04-06 18:16:19 --> syntax error, unexpected '}'
#0 /home/wwwinte/public_html/screening/app/Libraries/GroceryCrud.php(1885): App\Libraries\grocery_CRUD_Layout->_theme_view('read.php', Array)
#1 /home/wwwinte/public_html/screening/app/Libraries/GroceryCrud.php(4680): App\Libraries\grocery_CRUD_Layout->showReadForm(Object(stdClass))
#2 /home/wwwinte/public_html/screening/app/Controllers/Product.php(212): App\Libraries\GroceryCrud->render()
#3 /home/wwwinte/public_html/screening/system/CodeIgniter.php(936): App\Controllers\Product->screening_management('read', '1010')
#4 /home/wwwinte/public_html/screening/system/CodeIgniter.php(432): CodeIgniter\CodeIgniter->runController(Object(App\Controllers\Product))
#5 /home/wwwinte/public_html/screening/system/CodeIgniter.php(333): CodeIgniter\CodeIgniter->handleRequest(NULL, Object(Config\Cache), false)
#6 /home/wwwinte/public_html/screening/public/index.php(44): CodeIgniter\CodeIgniter->run()
#7 {main}
CRITICAL - 2021-04-06 19:22:28 --> syntax error, unexpected '<'
#0 /home/wwwinte/public_html/screening/app/Libraries/GroceryCrud.php(1885): App\Libraries\grocery_CRUD_Layout->_theme_view('read.php', Array)
#1 /home/wwwinte/public_html/screening/app/Libraries/GroceryCrud.php(4680): App\Libraries\grocery_CRUD_Layout->showReadForm(Object(stdClass))
#2 /home/wwwinte/public_html/screening/app/Controllers/Product.php(234): App\Libraries\GroceryCrud->render()
#3 /home/wwwinte/public_html/screening/system/CodeIgniter.php(936): App\Controllers\Product->screening_management('read', '1012')
#4 /home/wwwinte/public_html/screening/system/CodeIgniter.php(432): CodeIgniter\CodeIgniter->runController(Object(App\Controllers\Product))
#5 /home/wwwinte/public_html/screening/system/CodeIgniter.php(333): CodeIgniter\CodeIgniter->handleRequest(NULL, Object(Config\Cache), false)
#6 /home/wwwinte/public_html/screening/public/index.php(44): CodeIgniter\CodeIgniter->run()
#7 {main}
CRITICAL - 2021-04-06 19:22:45 --> syntax error, unexpected '<'
#0 /home/wwwinte/public_html/screening/app/Libraries/GroceryCrud.php(1885): App\Libraries\grocery_CRUD_Layout->_theme_view('read.php', Array)
#1 /home/wwwinte/public_html/screening/app/Libraries/GroceryCrud.php(4680): App\Libraries\grocery_CRUD_Layout->showReadForm(Object(stdClass))
#2 /home/wwwinte/public_html/screening/app/Controllers/Product.php(234): App\Libraries\GroceryCrud->render()
#3 /home/wwwinte/public_html/screening/system/CodeIgniter.php(936): App\Controllers\Product->screening_management('read', '1012')
#4 /home/wwwinte/public_html/screening/system/CodeIgniter.php(432): CodeIgniter\CodeIgniter->runController(Object(App\Controllers\Product))
#5 /home/wwwinte/public_html/screening/system/CodeIgniter.php(333): CodeIgniter\CodeIgniter->handleRequest(NULL, Object(Config\Cache), false)
#6 /home/wwwinte/public_html/screening/public/index.php(44): CodeIgniter\CodeIgniter->run()
#7 {main}
CRITICAL - 2021-04-06 19:54:07 --> syntax error, unexpected 'echo' (T_ECHO)
#0 /home/wwwinte/public_html/screening/app/Libraries/GroceryCrud.php(1885): App\Libraries\grocery_CRUD_Layout->_theme_view('read.php', Array)
#1 /home/wwwinte/public_html/screening/app/Libraries/GroceryCrud.php(4680): App\Libraries\grocery_CRUD_Layout->showReadForm(Object(stdClass))
#2 /home/wwwinte/public_html/screening/app/Controllers/Product.php(247): App\Libraries\GroceryCrud->render()
#3 /home/wwwinte/public_html/screening/system/CodeIgniter.php(936): App\Controllers\Product->screening_management('read', '1012')
#4 /home/wwwinte/public_html/screening/system/CodeIgniter.php(432): CodeIgniter\CodeIgniter->runController(Object(App\Controllers\Product))
#5 /home/wwwinte/public_html/screening/system/CodeIgniter.php(333): CodeIgniter\CodeIgniter->handleRequest(NULL, Object(Config\Cache), false)
#6 /home/wwwinte/public_html/screening/public/index.php(44): CodeIgniter\CodeIgniter->run()
#7 {main}
CRITICAL - 2021-04-06 19:54:24 --> Object of class stdClass could not be converted to string
#0 /home/wwwinte/public_html/screening/public/assets/grocery_crud/themes/internetics/views/read.php(44): CodeIgniter\Debug\Exceptions->errorHandler(4096, 'Object of class...', '/home/wwwinte/p...', 44, Array)
#1 /home/wwwinte/public_html/screening/app/Libraries/GroceryCrud.php(2801): include('/home/wwwinte/p...')
#2 /home/wwwinte/public_html/screening/app/Libraries/GroceryCrud.php(1885): App\Libraries\grocery_CRUD_Layout->_theme_view('read.php', Array)
#3 /home/wwwinte/public_html/screening/app/Libraries/GroceryCrud.php(4680): App\Libraries\grocery_CRUD_Layout->showReadForm(Object(stdClass))
#4 /home/wwwinte/public_html/screening/app/Controllers/Product.php(247): App\Libraries\GroceryCrud->render()
#5 /home/wwwinte/public_html/screening/system/CodeIgniter.php(936): App\Controllers\Product->screening_management('read', '1012')
#6 /home/wwwinte/public_html/screening/system/CodeIgniter.php(432): CodeIgniter\CodeIgniter->runController(Object(App\Controllers\Product))
#7 /home/wwwinte/public_html/screening/system/CodeIgniter.php(333): CodeIgniter\CodeIgniter->handleRequest(NULL, Object(Config\Cache), false)
#8 /home/wwwinte/public_html/screening/public/index.php(44): CodeIgniter\CodeIgniter->run()
#9 {main}
CRITICAL - 2021-04-06 19:58:01 --> Undefined property: stdClass::$display
#0 /home/wwwinte/public_html/screening/public/assets/grocery_crud/themes/internetics/views/read.php(46): CodeIgniter\Debug\Exceptions->errorHandler(8, 'Undefined prope...', '/home/wwwinte/p...', 46, Array)
#1 /home/wwwinte/public_html/screening/app/Libraries/GroceryCrud.php(2801): include('/home/wwwinte/p...')
#2 /home/wwwinte/public_html/screening/app/Libraries/GroceryCrud.php(1885): App\Libraries\grocery_CRUD_Layout->_theme_view('read.php', Array)
#3 /home/wwwinte/public_html/screening/app/Libraries/GroceryCrud.php(4680): App\Libraries\grocery_CRUD_Layout->showReadForm(Object(stdClass))
#4 /home/wwwinte/public_html/screening/app/Controllers/Product.php(247): App\Libraries\GroceryCrud->render()
#5 /home/wwwinte/public_html/screening/system/CodeIgniter.php(936): App\Controllers\Product->screening_management('read', '1012')
#6 /home/wwwinte/public_html/screening/system/CodeIgniter.php(432): CodeIgniter\CodeIgniter->runController(Object(App\Controllers\Product))
#7 /home/wwwinte/public_html/screening/system/CodeIgniter.php(333): CodeIgniter\CodeIgniter->handleRequest(NULL, Object(Config\Cache), false)
#8 /home/wwwinte/public_html/screening/public/index.php(44): CodeIgniter\CodeIgniter->run()
#9 {main}
CRITICAL - 2021-04-06 20:00:07 --> Undefined property: stdClass::$field_extras
#0 /home/wwwinte/public_html/screening/public/assets/grocery_crud/themes/internetics/views/read.php(46): CodeIgniter\Debug\Exceptions->errorHandler(8, 'Undefined prope...', '/home/wwwinte/p...', 46, Array)
#1 /home/wwwinte/public_html/screening/app/Libraries/GroceryCrud.php(2801): include('/home/wwwinte/p...')
#2 /home/wwwinte/public_html/screening/app/Libraries/GroceryCrud.php(1885): App\Libraries\grocery_CRUD_Layout->_theme_view('read.php', Array)
#3 /home/wwwinte/public_html/screening/app/Libraries/GroceryCrud.php(4680): App\Libraries\grocery_CRUD_Layout->showReadForm(Object(stdClass))
#4 /home/wwwinte/public_html/screening/app/Controllers/Product.php(247): App\Libraries\GroceryCrud->render()
#5 /home/wwwinte/public_html/screening/system/CodeIgniter.php(936): App\Controllers\Product->screening_management('read', '1012')
#6 /home/wwwinte/public_html/screening/system/CodeIgniter.php(432): CodeIgniter\CodeIgniter->runController(Object(App\Controllers\Product))
#7 /home/wwwinte/public_html/screening/system/CodeIgniter.php(333): CodeIgniter\CodeIgniter->handleRequest(NULL, Object(Config\Cache), false)
#8 /home/wwwinte/public_html/screening/public/index.php(44): CodeIgniter\CodeIgniter->run()
#9 {main}
CRITICAL - 2021-04-06 20:01:47 --> Undefined property: stdClass::$get_multiselect_input
#0 /home/wwwinte/public_html/screening/public/assets/grocery_crud/themes/internetics/views/read.php(46): CodeIgniter\Debug\Exceptions->errorHandler(8, 'Undefined prope...', '/home/wwwinte/p...', 46, Array)
#1 /home/wwwinte/public_html/screening/app/Libraries/GroceryCrud.php(2801): include('/home/wwwinte/p...')
#2 /home/wwwinte/public_html/screening/app/Libraries/GroceryCrud.php(1885): App\Libraries\grocery_CRUD_Layout->_theme_view('read.php', Array)
#3 /home/wwwinte/public_html/screening/app/Libraries/GroceryCrud.php(4680): App\Libraries\grocery_CRUD_Layout->showReadForm(Object(stdClass))
#4 /home/wwwinte/public_html/screening/app/Controllers/Product.php(247): App\Libraries\GroceryCrud->render()
#5 /home/wwwinte/public_html/screening/system/CodeIgniter.php(936): App\Controllers\Product->screening_management('read', '1012')
#6 /home/wwwinte/public_html/screening/system/CodeIgniter.php(432): CodeIgniter\CodeIgniter->runController(Object(App\Controllers\Product))
#7 /home/wwwinte/public_html/screening/system/CodeIgniter.php(333): CodeIgniter\CodeIgniter->handleRequest(NULL, Object(Config\Cache), false)
#8 /home/wwwinte/public_html/screening/public/index.php(44): CodeIgniter\CodeIgniter->run()
#9 {main}
CRITICAL - 2021-04-06 20:05:53 --> Undefined property: stdClass::$option_value
#0 /home/wwwinte/public_html/screening/public/assets/grocery_crud/themes/internetics/views/read.php(46): CodeIgniter\Debug\Exceptions->errorHandler(8, 'Undefined prope...', '/home/wwwinte/p...', 46, Array)
#1 /home/wwwinte/public_html/screening/app/Libraries/GroceryCrud.php(2801): include('/home/wwwinte/p...')
#2 /home/wwwinte/public_html/screening/app/Libraries/GroceryCrud.php(1885): App\Libraries\grocery_CRUD_Layout->_theme_view('read.php', Array)
#3 /home/wwwinte/public_html/screening/app/Libraries/GroceryCrud.php(4680): App\Libraries\grocery_CRUD_Layout->showReadForm(Object(stdClass))
#4 /home/wwwinte/public_html/screening/app/Controllers/Product.php(247): App\Libraries\GroceryCrud->render()
#5 /home/wwwinte/public_html/screening/system/CodeIgniter.php(936): App\Controllers\Product->screening_management('read', '1012')
#6 /home/wwwinte/public_html/screening/system/CodeIgniter.php(432): CodeIgniter\CodeIgniter->runController(Object(App\Controllers\Product))
#7 /home/wwwinte/public_html/screening/system/CodeIgniter.php(333): CodeIgniter\CodeIgniter->handleRequest(NULL, Object(Config\Cache), false)
#8 /home/wwwinte/public_html/screening/public/index.php(44): CodeIgniter\CodeIgniter->run()
#9 {main}
CRITICAL - 2021-04-06 20:16:14 --> syntax error, unexpected '<'
#0 /home/wwwinte/public_html/screening/app/Libraries/GroceryCrud.php(1885): App\Libraries\grocery_CRUD_Layout->_theme_view('read.php', Array)
#1 /home/wwwinte/public_html/screening/app/Libraries/GroceryCrud.php(4680): App\Libraries\grocery_CRUD_Layout->showReadForm(Object(stdClass))
#2 /home/wwwinte/public_html/screening/app/Controllers/Product.php(247): App\Libraries\GroceryCrud->render()
#3 /home/wwwinte/public_html/screening/system/CodeIgniter.php(936): App\Controllers\Product->screening_management('read', '1012')
#4 /home/wwwinte/public_html/screening/system/CodeIgniter.php(432): CodeIgniter\CodeIgniter->runController(Object(App\Controllers\Product))
#5 /home/wwwinte/public_html/screening/system/CodeIgniter.php(333): CodeIgniter\CodeIgniter->handleRequest(NULL, Object(Config\Cache), false)
#6 /home/wwwinte/public_html/screening/public/index.php(44): CodeIgniter\CodeIgniter->run()
#7 {main}
CRITICAL - 2021-04-06 20:27:33 --> Undefined variable: mobility_level
#0 /home/wwwinte/public_html/screening/app/Controllers/Product.php(235): CodeIgniter\Debug\Exceptions->errorHandler(8, 'Undefined varia...', '/home/wwwinte/p...', 235, Array)
#1 [internal function]: App\Controllers\Product->App\Controllers\{closure}(Object(stdClass))
#2 /home/wwwinte/public_html/screening/app/Libraries/GroceryCrud.php(1049): call_user_func(Object(Closure), Object(stdClass))
#3 /home/wwwinte/public_html/screening/app/Libraries/GroceryCrud.php(4570): App\Libraries\grocery_CRUD_Model_Driver->db_update(Object(stdClass))
#4 /home/wwwinte/public_html/screening/app/Controllers/Product.php(264): App\Libraries\GroceryCrud->render()
#5 /home/wwwinte/public_html/screening/system/CodeIgniter.php(936): App\Controllers\Product->screening_management('update', '1012')
#6 /home/wwwinte/public_html/screening/system/CodeIgniter.php(432): CodeIgniter\CodeIgniter->runController(Object(App\Controllers\Product))
#7 /home/wwwinte/public_html/screening/system/CodeIgniter.php(333): CodeIgniter\CodeIgniter->handleRequest(NULL, Object(Config\Cache), false)
#8 /home/wwwinte/public_html/screening/public/index.php(44): CodeIgniter\CodeIgniter->run()
#9 {main}
CRITICAL - 2021-04-06 20:29:51 --> Undefined variable: mobility_level
#0 /home/wwwinte/public_html/screening/app/Controllers/Product.php(235): CodeIgniter\Debug\Exceptions->errorHandler(8, 'Undefined varia...', '/home/wwwinte/p...', 235, Array)
#1 [internal function]: App\Controllers\Product->App\Controllers\{closure}(Object(stdClass))
#2 /home/wwwinte/public_html/screening/app/Libraries/GroceryCrud.php(1049): call_user_func(Object(Closure), Object(stdClass))
#3 /home/wwwinte/public_html/screening/app/Libraries/GroceryCrud.php(4570): App\Libraries\grocery_CRUD_Model_Driver->db_update(Object(stdClass))
#4 /home/wwwinte/public_html/screening/app/Controllers/Product.php(264): App\Libraries\GroceryCrud->render()
#5 /home/wwwinte/public_html/screening/system/CodeIgniter.php(936): App\Controllers\Product->screening_management('update', '1012')
#6 /home/wwwinte/public_html/screening/system/CodeIgniter.php(432): CodeIgniter\CodeIgniter->runController(Object(App\Controllers\Product))
#7 /home/wwwinte/public_html/screening/system/CodeIgniter.php(333): CodeIgniter\CodeIgniter->handleRequest(NULL, Object(Config\Cache), false)
#8 /home/wwwinte/public_html/screening/public/index.php(44): CodeIgniter\CodeIgniter->run()
#9 {main}
CRITICAL - 2021-04-06 20:41:03 --> syntax error, unexpected 'name' (T_STRING), expecting ')'
#0 /home/wwwinte/public_html/screening/system/Router/Router.php(170): CodeIgniter\Router\Router->autoRoute('product/screeni...')
#1 /home/wwwinte/public_html/screening/system/CodeIgniter.php(816): CodeIgniter\Router\Router->handle('product/screeni...')
#2 /home/wwwinte/public_html/screening/system/CodeIgniter.php(385): CodeIgniter\CodeIgniter->tryToRouteIt(Object(CodeIgniter\Router\RouteCollection))
#3 /home/wwwinte/public_html/screening/system/CodeIgniter.php(333): CodeIgniter\CodeIgniter->handleRequest(NULL, Object(Config\Cache), false)
#4 /home/wwwinte/public_html/screening/public/index.php(44): CodeIgniter\CodeIgniter->run()
#5 {main}
CRITICAL - 2021-04-06 20:58:11 --> syntax error, unexpected 'mobility_level_calc' (T_STRING), expecting ';'
#0 /home/wwwinte/public_html/screening/system/Router/Router.php(170): CodeIgniter\Router\Router->autoRoute('product/screeni...')
#1 /home/wwwinte/public_html/screening/system/CodeIgniter.php(816): CodeIgniter\Router\Router->handle('product/screeni...')
#2 /home/wwwinte/public_html/screening/system/CodeIgniter.php(385): CodeIgniter\CodeIgniter->tryToRouteIt(Object(CodeIgniter\Router\RouteCollection))
#3 /home/wwwinte/public_html/screening/system/CodeIgniter.php(333): CodeIgniter\CodeIgniter->handleRequest(NULL, Object(Config\Cache), false)
#4 /home/wwwinte/public_html/screening/public/index.php(44): CodeIgniter\CodeIgniter->run()
#5 {main}
CRITICAL - 2021-04-06 20:58:51 --> Undefined variable: dochtml
#0 /home/wwwinte/public_html/screening/app/Controllers/Product.php(233): CodeIgniter\Debug\Exceptions->errorHandler(8, 'Undefined varia...', '/home/wwwinte/p...', 233, Array)
#1 /home/wwwinte/public_html/screening/system/CodeIgniter.php(936): App\Controllers\Product->screening_management('edit', '1012')
#2 /home/wwwinte/public_html/screening/system/CodeIgniter.php(432): CodeIgniter\CodeIgniter->runController(Object(App\Controllers\Product))
#3 /home/wwwinte/public_html/screening/system/CodeIgniter.php(333): CodeIgniter\CodeIgniter->handleRequest(NULL, Object(Config\Cache), false)
#4 /home/wwwinte/public_html/screening/public/index.php(44): CodeIgniter\CodeIgniter->run()
#5 {main}
CRITICAL - 2021-04-06 21:00:51 --> Undefined variable: dochtml
#0 /home/wwwinte/public_html/screening/app/Views/product_view.php(45): CodeIgniter\Debug\Exceptions->errorHandler(8, 'Undefined varia...', '/home/wwwinte/p...', 45, Array)
#1 /home/wwwinte/public_html/screening/system/View/View.php(220): include('/home/wwwinte/p...')
#2 /home/wwwinte/public_html/screening/system/View/View.php(222): CodeIgniter\View\View->CodeIgniter\View\{closure}()
#3 /home/wwwinte/public_html/screening/system/Common.php(1217): CodeIgniter\View\View->render('product_view', Array, true)
#4 /home/wwwinte/public_html/screening/app/Controllers/Product.php(314): view('product_view', Array)
#5 /home/wwwinte/public_html/screening/app/Controllers/Product.php(266): App\Controllers\Product->_productOutput(Object(stdClass))
#6 /home/wwwinte/public_html/screening/system/CodeIgniter.php(936): App\Controllers\Product->screening_management('edit', '1012')
#7 /home/wwwinte/public_html/screening/system/CodeIgniter.php(432): CodeIgniter\CodeIgniter->runController(Object(App\Controllers\Product))
#8 /home/wwwinte/public_html/screening/system/CodeIgniter.php(333): CodeIgniter\CodeIgniter->handleRequest(NULL, Object(Config\Cache), false)
#9 /home/wwwinte/public_html/screening/public/index.php(44): CodeIgniter\CodeIgniter->run()
#10 {main}
CRITICAL - 2021-04-06 21:01:27 --> Trying to get property 'nodeValue' of non-object
#0 /home/wwwinte/public_html/screening/app/Views/product_view.php(47): CodeIgniter\Debug\Exceptions->errorHandler(8, 'Trying to get p...', '/home/wwwinte/p...', 47, Array)
#1 /home/wwwinte/public_html/screening/system/View/View.php(220): include('/home/wwwinte/p...')
#2 /home/wwwinte/public_html/screening/system/View/View.php(222): CodeIgniter\View\View->CodeIgniter\View\{closure}()
#3 /home/wwwinte/public_html/screening/system/Common.php(1217): CodeIgniter\View\View->render('product_view', Array, true)
#4 /home/wwwinte/public_html/screening/app/Controllers/Product.php(314): view('product_view', Array)
#5 /home/wwwinte/public_html/screening/app/Controllers/Product.php(266): App\Controllers\Product->_productOutput(Object(stdClass))
#6 /home/wwwinte/public_html/screening/system/CodeIgniter.php(936): App\Controllers\Product->screening_management('edit', '1012')
#7 /home/wwwinte/public_html/screening/system/CodeIgniter.php(432): CodeIgniter\CodeIgniter->runController(Object(App\Controllers\Product))
#8 /home/wwwinte/public_html/screening/system/CodeIgniter.php(333): CodeIgniter\CodeIgniter->handleRequest(NULL, Object(Config\Cache), false)
#9 /home/wwwinte/public_html/screening/public/index.php(44): CodeIgniter\CodeIgniter->run()
#10 {main}
CRITICAL - 2021-04-06 21:03:07 --> Undefined variable: html
#0 /home/wwwinte/public_html/screening/app/Views/product_view.php(47): CodeIgniter\Debug\Exceptions->errorHandler(8, 'Undefined varia...', '/home/wwwinte/p...', 47, Array)
#1 /home/wwwinte/public_html/screening/system/View/View.php(220): include('/home/wwwinte/p...')
#2 /home/wwwinte/public_html/screening/system/View/View.php(222): CodeIgniter\View\View->CodeIgniter\View\{closure}()
#3 /home/wwwinte/public_html/screening/system/Common.php(1217): CodeIgniter\View\View->render('product_view', Array, true)
#4 /home/wwwinte/public_html/screening/app/Controllers/Product.php(314): view('product_view', Array)
#5 /home/wwwinte/public_html/screening/app/Controllers/Product.php(266): App\Controllers\Product->_productOutput(Object(stdClass))
#6 /home/wwwinte/public_html/screening/system/CodeIgniter.php(936): App\Controllers\Product->screening_management('edit', '1012')
#7 /home/wwwinte/public_html/screening/system/CodeIgniter.php(432): CodeIgniter\CodeIgniter->runController(Object(App\Controllers\Product))
#8 /home/wwwinte/public_html/screening/system/CodeIgniter.php(333): CodeIgniter\CodeIgniter->handleRequest(NULL, Object(Config\Cache), false)
#9 /home/wwwinte/public_html/screening/public/index.php(44): CodeIgniter\CodeIgniter->run()
#10 {main}
CRITICAL - 2021-04-06 21:31:30 --> Class 'App\Libraries\InterneticsLibrary' not found
#0 /home/wwwinte/public_html/screening/system/CodeIgniter.php(936): App\Controllers\Product->screening_management('edit', '1012')
#1 /home/wwwinte/public_html/screening/system/CodeIgniter.php(432): CodeIgniter\CodeIgniter->runController(Object(App\Controllers\Product))
#2 /home/wwwinte/public_html/screening/system/CodeIgniter.php(333): CodeIgniter\CodeIgniter->handleRequest(NULL, Object(Config\Cache), false)
#3 /home/wwwinte/public_html/screening/public/index.php(44): CodeIgniter\CodeIgniter->run()
#4 {main}
CRITICAL - 2021-04-06 22:10:13 --> Undefined variable: username
#0 /home/wwwinte/public_html/screening/app/Controllers/Product.php(234): CodeIgniter\Debug\Exceptions->errorHandler(8, 'Undefined varia...', '/home/wwwinte/p...', 234, Array)
#1 /home/wwwinte/public_html/screening/system/CodeIgniter.php(936): App\Controllers\Product->screening_management('edit', '1012')
#2 /home/wwwinte/public_html/screening/system/CodeIgniter.php(432): CodeIgniter\CodeIgniter->runController(Object(App\Controllers\Product))
#3 /home/wwwinte/public_html/screening/system/CodeIgniter.php(333): CodeIgniter\CodeIgniter->handleRequest(NULL, Object(Config\Cache), false)
#4 /home/wwwinte/public_html/screening/public/index.php(44): CodeIgniter\CodeIgniter->run()
#5 {main}
CRITICAL - 2021-04-06 22:12:22 --> syntax error, unexpected 'conduct_physical_screen_callba' (T_STRING)
#0 /home/wwwinte/public_html/screening/system/Router/Router.php(170): CodeIgniter\Router\Router->autoRoute('product/screeni...')
#1 /home/wwwinte/public_html/screening/system/CodeIgniter.php(816): CodeIgniter\Router\Router->handle('product/screeni...')
#2 /home/wwwinte/public_html/screening/system/CodeIgniter.php(385): CodeIgniter\CodeIgniter->tryToRouteIt(Object(CodeIgniter\Router\RouteCollection))
#3 /home/wwwinte/public_html/screening/system/CodeIgniter.php(333): CodeIgniter\CodeIgniter->handleRequest(NULL, Object(Config\Cache), false)
#4 /home/wwwinte/public_html/screening/public/index.php(44): CodeIgniter\CodeIgniter->run()
#5 {main}
CRITICAL - 2021-04-06 22:45:05 --> syntax error, unexpected 'conduct_physical_screen_callba' (T_STRING), expecting ';'
#0 /home/wwwinte/public_html/screening/system/Router/Router.php(170): CodeIgniter\Router\Router->autoRoute('product/screeni...')
#1 /home/wwwinte/public_html/screening/system/CodeIgniter.php(816): CodeIgniter\Router\Router->handle('product/screeni...')
#2 /home/wwwinte/public_html/screening/system/CodeIgniter.php(385): CodeIgniter\CodeIgniter->tryToRouteIt(Object(CodeIgniter\Router\RouteCollection))
#3 /home/wwwinte/public_html/screening/system/CodeIgniter.php(333): CodeIgniter\CodeIgniter->handleRequest(NULL, Object(Config\Cache), false)
#4 /home/wwwinte/public_html/screening/public/index.php(44): CodeIgniter\CodeIgniter->run()
#5 {main}
CRITICAL - 2021-04-06 22:45:55 --> syntax error, unexpected '}', expecting ';'
#0 /home/wwwinte/public_html/screening/system/Router/Router.php(170): CodeIgniter\Router\Router->autoRoute('product/screeni...')
#1 /home/wwwinte/public_html/screening/system/CodeIgniter.php(816): CodeIgniter\Router\Router->handle('product/screeni...')
#2 /home/wwwinte/public_html/screening/system/CodeIgniter.php(385): CodeIgniter\CodeIgniter->tryToRouteIt(Object(CodeIgniter\Router\RouteCollection))
#3 /home/wwwinte/public_html/screening/system/CodeIgniter.php(333): CodeIgniter\CodeIgniter->handleRequest(NULL, Object(Config\Cache), false)
#4 /home/wwwinte/public_html/screening/public/index.php(44): CodeIgniter\CodeIgniter->run()
#5 {main}
CRITICAL - 2021-04-06 22:46:18 --> syntax error, unexpected '';' (T_CONSTANT_ENCAPSED_STRING), expecting ';'
#0 /home/wwwinte/public_html/screening/system/Router/Router.php(170): CodeIgniter\Router\Router->autoRoute('product/screeni...')
#1 /home/wwwinte/public_html/screening/system/CodeIgniter.php(816): CodeIgniter\Router\Router->handle('product/screeni...')
#2 /home/wwwinte/public_html/screening/system/CodeIgniter.php(385): CodeIgniter\CodeIgniter->tryToRouteIt(Object(CodeIgniter\Router\RouteCollection))
#3 /home/wwwinte/public_html/screening/system/CodeIgniter.php(333): CodeIgniter\CodeIgniter->handleRequest(NULL, Object(Config\Cache), false)
#4 /home/wwwinte/public_html/screening/public/index.php(44): CodeIgniter\CodeIgniter->run()
#5 {main}
CRITICAL - 2021-04-06 22:46:53 --> syntax error, unexpected ''' (T_CONSTANT_ENCAPSED_STRING), expecting ';'
#0 /home/wwwinte/public_html/screening/system/Router/Router.php(170): CodeIgniter\Router\Router->autoRoute('product/screeni...')
#1 /home/wwwinte/public_html/screening/system/CodeIgniter.php(816): CodeIgniter\Router\Router->handle('product/screeni...')
#2 /home/wwwinte/public_html/screening/system/CodeIgniter.php(385): CodeIgniter\CodeIgniter->tryToRouteIt(Object(CodeIgniter\Router\RouteCollection))
#3 /home/wwwinte/public_html/screening/system/CodeIgniter.php(333): CodeIgniter\CodeIgniter->handleRequest(NULL, Object(Config\Cache), false)
#4 /home/wwwinte/public_html/screening/public/index.php(44): CodeIgniter\CodeIgniter->run()
#5 {main}
CRITICAL - 2021-04-06 22:47:27 --> syntax error, unexpected 'conduct_physical_screen_callba' (T_STRING), expecting ';'
#0 /home/wwwinte/public_html/screening/system/Router/Router.php(170): CodeIgniter\Router\Router->autoRoute('product/screeni...')
#1 /home/wwwinte/public_html/screening/system/CodeIgniter.php(816): CodeIgniter\Router\Router->handle('product/screeni...')
#2 /home/wwwinte/public_html/screening/system/CodeIgniter.php(385): CodeIgniter\CodeIgniter->tryToRouteIt(Object(CodeIgniter\Router\RouteCollection))
#3 /home/wwwinte/public_html/screening/system/CodeIgniter.php(333): CodeIgniter\CodeIgniter->handleRequest(NULL, Object(Config\Cache), false)
#4 /home/wwwinte/public_html/screening/public/index.php(44): CodeIgniter\CodeIgniter->run()
#5 {main}
CRITICAL - 2021-04-06 22:47:52 --> syntax error, unexpected '}', expecting ';'
#0 /home/wwwinte/public_html/screening/system/Router/Router.php(170): CodeIgniter\Router\Router->autoRoute('product/screeni...')
#1 /home/wwwinte/public_html/screening/system/CodeIgniter.php(816): CodeIgniter\Router\Router->handle('product/screeni...')
#2 /home/wwwinte/public_html/screening/system/CodeIgniter.php(385): CodeIgniter\CodeIgniter->tryToRouteIt(Object(CodeIgniter\Router\RouteCollection))
#3 /home/wwwinte/public_html/screening/system/CodeIgniter.php(333): CodeIgniter\CodeIgniter->handleRequest(NULL, Object(Config\Cache), false)
#4 /home/wwwinte/public_html/screening/public/index.php(44): CodeIgniter\CodeIgniter->run()
#5 {main}
CRITICAL - 2021-04-06 22:48:34 --> syntax error, unexpected ''' (T_CONSTANT_ENCAPSED_STRING), expecting ';'
#0 /home/wwwinte/public_html/screening/system/Router/Router.php(170): CodeIgniter\Router\Router->autoRoute('product/screeni...')
#1 /home/wwwinte/public_html/screening/system/CodeIgniter.php(816): CodeIgniter\Router\Router->handle('product/screeni...')
#2 /home/wwwinte/public_html/screening/system/CodeIgniter.php(385): CodeIgniter\CodeIgniter->tryToRouteIt(Object(CodeIgniter\Router\RouteCollection))
#3 /home/wwwinte/public_html/screening/system/CodeIgniter.php(333): CodeIgniter\CodeIgniter->handleRequest(NULL, Object(Config\Cache), false)
#4 /home/wwwinte/public_html/screening/public/index.php(44): CodeIgniter\CodeIgniter->run()
#5 {main}
CRITICAL - 2021-04-06 22:49:37 --> syntax error, unexpected 'conduct_physical_screen_callba' (T_STRING), expecting ';'
#0 /home/wwwinte/public_html/screening/system/Router/Router.php(170): CodeIgniter\Router\Router->autoRoute('product/screeni...')
#1 /home/wwwinte/public_html/screening/system/CodeIgniter.php(816): CodeIgniter\Router\Router->handle('product/screeni...')
#2 /home/wwwinte/public_html/screening/system/CodeIgniter.php(385): CodeIgniter\CodeIgniter->tryToRouteIt(Object(CodeIgniter\Router\RouteCollection))
#3 /home/wwwinte/public_html/screening/system/CodeIgniter.php(333): CodeIgniter\CodeIgniter->handleRequest(NULL, Object(Config\Cache), false)
#4 /home/wwwinte/public_html/screening/public/index.php(44): CodeIgniter\CodeIgniter->run()
#5 {main}
CRITICAL - 2021-04-06 22:49:54 --> syntax error, unexpected '';' (T_CONSTANT_ENCAPSED_STRING), expecting ';'
#0 /home/wwwinte/public_html/screening/system/Router/Router.php(170): CodeIgniter\Router\Router->autoRoute('product/screeni...')
#1 /home/wwwinte/public_html/screening/system/CodeIgniter.php(816): CodeIgniter\Router\Router->handle('product/screeni...')
#2 /home/wwwinte/public_html/screening/system/CodeIgniter.php(385): CodeIgniter\CodeIgniter->tryToRouteIt(Object(CodeIgniter\Router\RouteCollection))
#3 /home/wwwinte/public_html/screening/system/CodeIgniter.php(333): CodeIgniter\CodeIgniter->handleRequest(NULL, Object(Config\Cache), false)
#4 /home/wwwinte/public_html/screening/public/index.php(44): CodeIgniter\CodeIgniter->run()
#5 {main}
CRITICAL - 2021-04-06 22:50:44 --> syntax error, unexpected '';' (T_CONSTANT_ENCAPSED_STRING), expecting ';'
#0 /home/wwwinte/public_html/screening/system/Router/Router.php(170): CodeIgniter\Router\Router->autoRoute('product/screeni...')
#1 /home/wwwinte/public_html/screening/system/CodeIgniter.php(816): CodeIgniter\Router\Router->handle('product/screeni...')
#2 /home/wwwinte/public_html/screening/system/CodeIgniter.php(385): CodeIgniter\CodeIgniter->tryToRouteIt(Object(CodeIgniter\Router\RouteCollection))
#3 /home/wwwinte/public_html/screening/system/CodeIgniter.php(333): CodeIgniter\CodeIgniter->handleRequest(NULL, Object(Config\Cache), false)
#4 /home/wwwinte/public_html/screening/public/index.php(44): CodeIgniter\CodeIgniter->run()
#5 {main}
CRITICAL - 2021-04-06 22:51:20 --> syntax error, unexpected 'conduct_physical_screen_callba' (T_STRING), expecting ';'
#0 /home/wwwinte/public_html/screening/system/Router/Router.php(170): CodeIgniter\Router\Router->autoRoute('product/screeni...')
#1 /home/wwwinte/public_html/screening/system/CodeIgniter.php(816): CodeIgniter\Router\Router->handle('product/screeni...')
#2 /home/wwwinte/public_html/screening/system/CodeIgniter.php(385): CodeIgniter\CodeIgniter->tryToRouteIt(Object(CodeIgniter\Router\RouteCollection))
#3 /home/wwwinte/public_html/screening/system/CodeIgniter.php(333): CodeIgniter\CodeIgniter->handleRequest(NULL, Object(Config\Cache), false)
#4 /home/wwwinte/public_html/screening/public/index.php(44): CodeIgniter\CodeIgniter->run()
#5 {main}
CRITICAL - 2021-04-06 22:51:40 --> syntax error, unexpected '';' (T_CONSTANT_ENCAPSED_STRING), expecting ';'
#0 /home/wwwinte/public_html/screening/system/Router/Router.php(170): CodeIgniter\Router\Router->autoRoute('product/screeni...')
#1 /home/wwwinte/public_html/screening/system/CodeIgniter.php(816): CodeIgniter\Router\Router->handle('product/screeni...')
#2 /home/wwwinte/public_html/screening/system/CodeIgniter.php(385): CodeIgniter\CodeIgniter->tryToRouteIt(Object(CodeIgniter\Router\RouteCollection))
#3 /home/wwwinte/public_html/screening/system/CodeIgniter.php(333): CodeIgniter\CodeIgniter->handleRequest(NULL, Object(Config\Cache), false)
#4 /home/wwwinte/public_html/screening/public/index.php(44): CodeIgniter\CodeIgniter->run()
#5 {main}
CRITICAL - 2021-04-06 22:52:43 --> syntax error, unexpected 'conduct_physical_screen_callba' (T_STRING), expecting ';'
#0 /home/wwwinte/public_html/screening/system/Router/Router.php(170): CodeIgniter\Router\Router->autoRoute('product/screeni...')
#1 /home/wwwinte/public_html/screening/system/CodeIgniter.php(816): CodeIgniter\Router\Router->handle('product/screeni...')
#2 /home/wwwinte/public_html/screening/system/CodeIgniter.php(385): CodeIgniter\CodeIgniter->tryToRouteIt(Object(CodeIgniter\Router\RouteCollection))
#3 /home/wwwinte/public_html/screening/system/CodeIgniter.php(333): CodeIgniter\CodeIgniter->handleRequest(NULL, Object(Config\Cache), false)
#4 /home/wwwinte/public_html/screening/public/index.php(44): CodeIgniter\CodeIgniter->run()
#5 {main}
CRITICAL - 2021-04-06 22:52:59 --> syntax error, unexpected '';' (T_CONSTANT_ENCAPSED_STRING), expecting ';'
#0 /home/wwwinte/public_html/screening/system/Router/Router.php(170): CodeIgniter\Router\Router->autoRoute('product/screeni...')
#1 /home/wwwinte/public_html/screening/system/CodeIgniter.php(816): CodeIgniter\Router\Router->handle('product/screeni...')
#2 /home/wwwinte/public_html/screening/system/CodeIgniter.php(385): CodeIgniter\CodeIgniter->tryToRouteIt(Object(CodeIgniter\Router\RouteCollection))
#3 /home/wwwinte/public_html/screening/system/CodeIgniter.php(333): CodeIgniter\CodeIgniter->handleRequest(NULL, Object(Config\Cache), false)
#4 /home/wwwinte/public_html/screening/public/index.php(44): CodeIgniter\CodeIgniter->run()
#5 {main}
CRITICAL - 2021-04-06 23:30:38 --> syntax error, unexpected ''" id="mobility_result"> <p id' (T_CONSTANT_ENCAPSED_STRING), expecting ';'
#0 /home/wwwinte/public_html/screening/system/Router/Router.php(170): CodeIgniter\Router\Router->autoRoute('product/screeni...')
#1 /home/wwwinte/public_html/screening/system/CodeIgniter.php(816): CodeIgniter\Router\Router->handle('product/screeni...')
#2 /home/wwwinte/public_html/screening/system/CodeIgniter.php(385): CodeIgniter\CodeIgniter->tryToRouteIt(Object(CodeIgniter\Router\RouteCollection))
#3 /home/wwwinte/public_html/screening/system/CodeIgniter.php(333): CodeIgniter\CodeIgniter->handleRequest(NULL, Object(Config\Cache), false)
#4 /home/wwwinte/public_html/screening/public/index.php(44): CodeIgniter\CodeIgniter->run()
#5 {main}
